-- The C compiler identification is GNU 11.4.0
-- The CXX compiler identification is GNU 11.4.0
-- Detecting C compiler ABI info
-- Detecting C compiler ABI info - done
-- Check for working C compiler: /usr/bin/cc - skipped
-- Detecting C compile features
-- Detecting C compile features - done
-- Detecting CXX compiler ABI info
-- Detecting CXX compiler ABI info - done
-- Check for working CXX compiler: /usr/bin/c++ - skipped
-- Detecting CXX compile features
-- Detecting CXX compile features - done
-- Fetching wasmig ..
CMake Warning (dev) at /home/osslab/.local/lib/python3.10/site-packages/cmake/data/share/cmake-3.31/Modules/FetchContent.cmake:1953 (message):
  Calling FetchContent_Populate(wasmig) is deprecated, call
  FetchContent_MakeAvailable(wasmig) instead.  Policy CMP0169 can be set to
  OLD to allow FetchContent_Populate(wasmig) to be called directly for now,
  but the ability to call it with declared details will be removed completely
  in a future version.
Call Stack (most recent call first):
  /home/osslab/mros2-wasm-service-communication-socket-journal/third_party/wamr/core/iwasm/migration/migration.cmake:18 (FetchContent_Populate)
  /home/osslab/mros2-wasm-service-communication-socket-journal/third_party/wamr/build-scripts/runtime_lib.cmake:138 (include)
  CMakeLists.txt:123 (include)
This warning is for project developers.  Use -Wno-dev to suppress it.

CMake Error at /home/osslab/mros2-wasm-service-communication-socket-journal/third_party/wamr/core/iwasm/migration/migration.cmake:20 (add_subdirectory):
  add_subdirectory not given a binary directory but the given source
  directory "/tmp/mros2-wasm-cr-rerun-20260927/wasmig-src" is not a
  subdirectory of
  "/home/osslab/mros2-wasm-service-communication-socket-journal/third_party/wamr/product-mini/platforms/linux".
  When specifying an out-of-tree source a binary directory must be explicitly
  specified.
Call Stack (most recent call first):
  /home/osslab/mros2-wasm-service-communication-socket-journal/third_party/wamr/build-scripts/runtime_lib.cmake:138 (include)
  CMakeLists.txt:123 (include)


-- Build Configurations:
     Build as target X86_64
     CMAKE_BUILD_TYPE Release
     WAMR Interpreter enabled
     WAMR AOT disabled
     WAMR Fast JIT disabled
     WAMR LLVM ORC JIT disabled
     Libc builtin enabled
     Libc WASI enabled
     Fast interpreter disabled
     Multiple modules disabled
     Bulk memory feature enabled
     Shared memory enabled
     Thread manager enabled
     Lib wasi-threads enabled
     Wakeup of blocking operations enabled
     SIMD enabled
     Reference types enabled
     Module instance context enabled
     Quick AOT/JIT entries enabled
-- The ASM compiler identification is GNU
-- Found assembler: /usr/bin/cc
-- Configuring incomplete, errors occurred!
-- Fetching wasmig ..
CMake Warning (dev) at /home/osslab/.local/lib/python3.10/site-packages/cmake/data/share/cmake-3.31/Modules/FetchContent.cmake:1953 (message):
  Calling FetchContent_Populate(wasmig) is deprecated, call
  FetchContent_MakeAvailable(wasmig) instead.  Policy CMP0169 can be set to
  OLD to allow FetchContent_Populate(wasmig) to be called directly for now,
  but the ability to call it with declared details will be removed completely
  in a future version.
Call Stack (most recent call first):
  /home/osslab/mros2-wasm-service-communication-socket-journal/third_party/wamr/core/iwasm/migration/migration.cmake:18 (FetchContent_Populate)
  /home/osslab/mros2-wasm-service-communication-socket-journal/third_party/wamr/build-scripts/runtime_lib.cmake:138 (include)
  CMakeLists.txt:123 (include)
This warning is for project developers.  Use -Wno-dev to suppress it.

CMake Deprecation Warning at /tmp/mros2-wasm-cr-rerun-20260927/wasmig-src/third_party/msgpack-c/CMakeLists.txt:2 (CMAKE_MINIMUM_REQUIRED):
  Compatibility with CMake < 3.10 will be removed from a future version of
  CMake.

  Update the VERSION argument <min> value.  Or, use the <min>...<max> syntax
  to tell CMake that the project requires at least <min> but has been updated
  to work with policies introduced by <max> or earlier.


-- Dynamically linking with Boost
-- Could NOT find Doxygen (missing: DOXYGEN_EXECUTABLE) 
-- Build spdlog: 1.15.2
-- Performing Test CMAKE_HAVE_LIBC_PTHREAD
-- Performing Test CMAKE_HAVE_LIBC_PTHREAD - Success
-- Found Threads: TRUE
-- Build type: Release
-- Looking for fwrite_unlocked
-- Looking for fwrite_unlocked - found
-- Found GTest: /usr/lib/x86_64-linux-gnu/cmake/GTest/GTestConfig.cmake (found version "1.11.0")
-- Found ZLIB: /usr/lib/x86_64-linux-gnu/libz.so (found version "1.2.11")
-- PROTO_DIR: /tmp/mros2-wasm-cr-rerun-20260927/wasmig-src/proto
-- PROTO_OUT_DIR: /tmp/mros2-wasm-cr-rerun-20260927/wasmig-src/proto/include/proto
-- Build Configurations:
     Build as target X86_64
     CMAKE_BUILD_TYPE Release
     WAMR Interpreter enabled
     WAMR AOT disabled
     WAMR Fast JIT disabled
     WAMR LLVM ORC JIT disabled
     Libc builtin enabled
     Libc WASI enabled
     Fast interpreter disabled
     Multiple modules disabled
     Bulk memory feature enabled
     Shared memory enabled
     Thread manager enabled
     Lib wasi-threads enabled
     Wakeup of blocking operations enabled
     SIMD enabled
     Reference types enabled
     Module instance context enabled
     Quick AOT/JIT entries enabled
-- Configuring done (0.3s)
-- Generating done (0.0s)
-- Build files have been written to: /tmp/mros2-wasm-cr-rerun-20260927/wamr-build
[  1%] Building C object _deps/wasmig-build/third_party/protobuf-c/build-cmake/CMakeFiles/protobuf-c.dir/tmp/mros2-wasm-cr-rerun-20260927/wasmig-src/third_party/protobuf-c/protobuf-c/protobuf-c.c.o
[  3%] Building Rust library with Cargo
[  5%] Building CXX object _deps/wasmig-build/third_party/spdlog/CMakeFiles/spdlog.dir/src/spdlog.cpp.o
[  7%] Building C object CMakeFiles/vmlib.dir/home/osslab/mros2-wasm-service-communication-socket-journal/third_party/wamr/core/shared/platform/linux/platform_init.c.o
warning: failed to connect to jobserver from environment variable `MAKEFLAGS="s -j4 --jobserver-auth=3,4"`: cannot open file descriptor 3 from the jobserver environment variable value: Bad file descriptor (os error 9)
[  9%] Building C object CMakeFiles/vmlib.dir/home/osslab/mros2-wasm-service-communication-socket-journal/third_party/wamr/core/shared/platform/common/posix/posix_blocking_op.c.o
[  9%] Building C object CMakeFiles/vmlib.dir/home/osslab/mros2-wasm-service-communication-socket-journal/third_party/wamr/core/shared/platform/common/posix/posix_clock.c.o
[ 11%] Building C object CMakeFiles/vmlib.dir/home/osslab/mros2-wasm-service-communication-socket-journal/third_party/wamr/core/shared/platform/common/posix/posix_file.c.o
[ 11%] Building C object CMakeFiles/vmlib.dir/home/osslab/mros2-wasm-service-communication-socket-journal/third_party/wamr/core/shared/platform/common/posix/posix_malloc.c.o
[ 12%] Building C object CMakeFiles/vmlib.dir/home/osslab/mros2-wasm-service-communication-socket-journal/third_party/wamr/core/shared/platform/common/posix/posix_memmap.c.o
   Compiling proc-macro2 v1.0.95
   Compiling unicode-ident v1.0.18
   Compiling serde v1.0.219
   Compiling memchr v2.7.4
   Compiling utf8parse v0.2.2
   Compiling autocfg v1.4.0
   Compiling heck v0.5.0
   Compiling regex-syntax v0.8.5
   Compiling paste v1.0.15
   Compiling anstyle-query v1.1.2
   Compiling is_terminal_polyfill v1.70.1
   Compiling rustversion v1.0.20
[ 14%] Building C object CMakeFiles/vmlib.dir/home/osslab/mros2-wasm-service-communication-socket-journal/third_party/wamr/core/shared/platform/common/posix/posix_sleep.c.o
   Compiling anstyle v1.0.10
   Compiling colorchoice v1.0.3
   Compiling foldhash v0.1.5
   Compiling semver v1.0.26
   Compiling anyhow v1.0.98
   Compiling equivalent v1.0.2
   Compiling strsim v0.11.1
   Compiling wasmparser v0.221.2 (https://github.com/funera1/wasm-tools?branch=feature%2Fdisplay-operator#83cbd358)
   Compiling log v0.4.27
   Compiling clap_lex v0.7.4
   Compiling byteorder v1.5.0
   Compiling camino v1.1.9
[ 14%] Building C object CMakeFiles/vmlib.dir/home/osslab/mros2-wasm-service-communication-socket-journal/third_party/wamr/core/shared/platform/common/posix/posix_socket.c.o
   Compiling anstyle-parse v0.2.6
   Compiling bitflags v2.9.0
   Compiling itoa v1.0.15
   Compiling ryu v1.0.20
   Compiling strum v0.26.3
   Compiling jiff v0.2.8
[ 14%] Linking C static library libprotobuf-c.a
   Compiling cmp v0.1.1
   Compiling once_cell v1.21.3
[ 14%] Built target protobuf-c
   Compiling anstream v0.6.18
[ 14%] Building CXX object _deps/wasmig-build/third_party/spdlog/CMakeFiles/spdlog.dir/src/stdout_sinks.cpp.o
   Compiling num-traits v0.2.19
[ 16%] Building C object CMakeFiles/vmlib.dir/home/osslab/mros2-wasm-service-communication-socket-journal/third_party/wamr/core/shared/platform/common/posix/posix_thread.c.o
   Compiling clap_builder v4.5.37
   Compiling aho-corasick v1.1.3
   Compiling csv-core v0.1.12
[ 18%] Building C object CMakeFiles/vmlib.dir/home/osslab/mros2-wasm-service-communication-socket-journal/third_party/wamr/core/shared/platform/common/posix/posix_time.c.o
[ 18%] Building C object CMakeFiles/vmlib.dir/home/osslab/mros2-wasm-service-communication-socket-journal/third_party/wamr/core/shared/platform/common/libc-util/libc_errno.c.o
   Compiling quote v1.0.40
[ 20%] Building C object CMakeFiles/vmlib.dir/home/osslab/mros2-wasm-service-communication-socket-journal/third_party/wamr/core/shared/mem-alloc/ems/ems_alloc.c.o
   Compiling syn v2.0.100
[ 22%] Building C object CMakeFiles/vmlib.dir/home/osslab/mros2-wasm-service-communication-socket-journal/third_party/wamr/core/shared/mem-alloc/ems/ems_hmu.c.o
[ 22%] Building C object CMakeFiles/vmlib.dir/home/osslab/mros2-wasm-service-communication-socket-journal/third_party/wamr/core/shared/mem-alloc/ems/ems_kfc.c.o
   Compiling rmp v0.8.14
[ 24%] Building C object CMakeFiles/vmlib.dir/home/osslab/mros2-wasm-service-communication-socket-journal/third_party/wamr/core/shared/mem-alloc/mem_alloc.c.o
[ 25%] Building C object CMakeFiles/vmlib.dir/home/osslab/mros2-wasm-service-communication-socket-journal/third_party/wamr/core/shared/utils/bh_assert.c.o
[ 25%] Building C object CMakeFiles/vmlib.dir/home/osslab/mros2-wasm-service-communication-socket-journal/third_party/wamr/core/shared/utils/bh_bitmap.c.o
[ 27%] Building C object CMakeFiles/vmlib.dir/home/osslab/mros2-wasm-service-communication-socket-journal/third_party/wamr/core/shared/utils/bh_common.c.o
[ 27%] Building C object CMakeFiles/vmlib.dir/home/osslab/mros2-wasm-service-communication-socket-journal/third_party/wamr/core/shared/utils/bh_hashmap.c.o
   Compiling regex-automata v0.4.9
[ 29%] Building C object CMakeFiles/vmlib.dir/home/osslab/mros2-wasm-service-communication-socket-journal/third_party/wamr/core/shared/utils/bh_list.c.o
[ 31%] Building C object CMakeFiles/vmlib.dir/home/osslab/mros2-wasm-service-communication-socket-journal/third_party/wamr/core/shared/utils/bh_log.c.o
[ 31%] Building C object CMakeFiles/vmlib.dir/home/osslab/mros2-wasm-service-communication-socket-journal/third_party/wamr/core/shared/utils/bh_queue.c.o
[ 33%] Building CXX object _deps/wasmig-build/third_party/spdlog/CMakeFiles/spdlog.dir/src/color_sinks.cpp.o
[ 35%] Building C object CMakeFiles/vmlib.dir/home/osslab/mros2-wasm-service-communication-socket-journal/third_party/wamr/core/shared/utils/bh_vector.c.o
[ 37%] Building C object CMakeFiles/vmlib.dir/home/osslab/mros2-wasm-service-communication-socket-journal/third_party/wamr/core/shared/utils/runtime_timer.c.o
[ 37%] Building C object CMakeFiles/vmlib.dir/home/osslab/mros2-wasm-service-communication-socket-journal/third_party/wamr/core/iwasm/libraries/libc-builtin/libc_builtin_wrapper.c.o
[ 38%] Building C object CMakeFiles/vmlib.dir/home/osslab/mros2-wasm-service-communication-socket-journal/third_party/wamr/core/iwasm/libraries/libc-wasi/libc_wasi_wrapper.c.o
[ 40%] Building C object CMakeFiles/vmlib.dir/home/osslab/mros2-wasm-service-communication-socket-journal/third_party/wamr/core/iwasm/libraries/libc-wasi/sandboxed-system-primitives/src/blocking_op.c.o
[ 40%] Building C object CMakeFiles/vmlib.dir/home/osslab/mros2-wasm-service-communication-socket-journal/third_party/wamr/core/iwasm/libraries/libc-wasi/sandboxed-system-primitives/src/posix.c.o
   Compiling serde_derive v1.0.219
   Compiling clap_derive v4.5.32
   Compiling strum_macros v0.26.4
[ 42%] Building CXX object _deps/wasmig-build/third_party/spdlog/CMakeFiles/spdlog.dir/src/file_sinks.cpp.o
   Compiling regex v1.11.1
[ 44%] Building C object CMakeFiles/vmlib.dir/home/osslab/mros2-wasm-service-communication-socket-journal/third_party/wamr/core/iwasm/libraries/libc-wasi/sandboxed-system-primitives/src/random.c.o
   Compiling env_filter v0.1.3
[ 44%] Building C object CMakeFiles/vmlib.dir/home/osslab/mros2-wasm-service-communication-socket-journal/third_party/wamr/core/iwasm/libraries/libc-wasi/sandboxed-system-primitives/src/str.c.o
[ 46%] Building C object CMakeFiles/vmlib.dir/home/osslab/mros2-wasm-service-communication-socket-journal/third_party/wamr/core/iwasm/common/wasm_application.c.o
   Compiling env_logger v0.11.8
[ 48%] Building C object CMakeFiles/vmlib.dir/home/osslab/mros2-wasm-service-communication-socket-journal/third_party/wamr/core/iwasm/common/wasm_blocking_op.c.o
[ 48%] Building C object CMakeFiles/vmlib.dir/home/osslab/mros2-wasm-service-communication-socket-journal/third_party/wamr/core/iwasm/common/wasm_c_api.c.o
   Compiling clap v4.5.37
[ 48%] Building CXX object _deps/wasmig-build/third_party/spdlog/CMakeFiles/spdlog.dir/src/async.cpp.o
[ 50%] Building C object CMakeFiles/vmlib.dir/home/osslab/mros2-wasm-service-communication-socket-journal/third_party/wamr/core/iwasm/common/wasm_exec_env.c.o
[ 51%] Building C object CMakeFiles/vmlib.dir/home/osslab/mros2-wasm-service-communication-socket-journal/third_party/wamr/core/iwasm/common/wasm_memory.c.o
[ 51%] Building C object CMakeFiles/vmlib.dir/home/osslab/mros2-wasm-service-communication-socket-journal/third_party/wamr/core/iwasm/common/wasm_native.c.o
[ 53%] Building CXX object _deps/wasmig-build/third_party/spdlog/CMakeFiles/spdlog.dir/src/cfg.cpp.o
[ 55%] Building C object CMakeFiles/vmlib.dir/home/osslab/mros2-wasm-service-communication-socket-journal/third_party/wamr/core/iwasm/common/wasm_runtime_common.c.o
In file included from /home/osslab/mros2-wasm-service-communication-socket-journal/third_party/wamr/core/iwasm/common/wasm_runtime_common.c:38:
/home/osslab/mros2-wasm-service-communication-socket-journal/third_party/wamr/core/iwasm/common/../migration/wasm_restore.h: In function ‘debug_wasm_interp_frame’:
/home/osslab/mros2-wasm-service-communication-socket-journal/third_party/wamr/core/iwasm/common/../migration/wasm_restore.h:22:51: warning: format ‘%d’ expects argument of type ‘int’, but argument 3 has type ‘long int’ [-Wformat=]
   22 |             printf("frame: %d          func idx: %d\n", cnt, frame->function-base_func_addr);
      |                                                  ~^          ~~~~~~~~~~~~~~~~~~~~~~~~~~~~~~
      |                                                   |                         |
      |                                                   int                       long int
      |                                                  %ld
/home/osslab/mros2-wasm-service-communication-socket-journal/third_party/wamr/core/iwasm/common/../migration/wasm_restore.h:23:13: warning: suggest parentheses around assignment used as truth value [-Wparentheses]
   23 |     } while(frame = frame->prev_frame);
      |             ^~~~~
[ 57%] Building CXX object _deps/wasmig-build/third_party/spdlog/CMakeFiles/spdlog.dir/src/bundled_fmtlib_format.cpp.o
[ 59%] Building C object CMakeFiles/vmlib.dir/home/osslab/mros2-wasm-service-communication-socket-journal/third_party/wamr/core/iwasm/common/wasm_shared_memory.c.o
[ 59%] Building ASM object CMakeFiles/vmlib.dir/home/osslab/mros2-wasm-service-communication-socket-journal/third_party/wamr/core/iwasm/common/arch/invokeNative_em64_simd.s.o
[ 61%] Building C object CMakeFiles/vmlib.dir/home/osslab/mros2-wasm-service-communication-socket-journal/third_party/wamr/core/iwasm/interpreter/wasm_interp_classic.c.o
[ 62%] Building C object CMakeFiles/vmlib.dir/home/osslab/mros2-wasm-service-communication-socket-journal/third_party/wamr/core/iwasm/interpreter/wasm_loader.c.o
In file included from /home/osslab/mros2-wasm-service-communication-socket-journal/third_party/wamr/core/iwasm/interpreter/wasm_interp_classic.c:16:
/home/osslab/mros2-wasm-service-communication-socket-journal/third_party/wamr/core/iwasm/interpreter/../migration/wasm_restore.h: In function ‘debug_wasm_interp_frame’:
/home/osslab/mros2-wasm-service-communication-socket-journal/third_party/wamr/core/iwasm/interpreter/../migration/wasm_restore.h:22:51: warning: format ‘%d’ expects argument of type ‘int’, but argument 3 has type ‘long int’ [-Wformat=]
   22 |             printf("frame: %d          func idx: %d\n", cnt, frame->function-base_func_addr);
      |                                                  ~^          ~~~~~~~~~~~~~~~~~~~~~~~~~~~~~~
      |                                                   |                         |
      |                                                   int                       long int
      |                                                  %ld
/home/osslab/mros2-wasm-service-communication-socket-journal/third_party/wamr/core/iwasm/interpreter/../migration/wasm_restore.h:23:13: warning: suggest parentheses around assignment used as truth value [-Wparentheses]
   23 |     } while(frame = frame->prev_frame);
      |             ^~~~~
/home/osslab/mros2-wasm-service-communication-socket-journal/third_party/wamr/core/iwasm/interpreter/wasm_interp_classic.c: In function ‘wasm_interp_call_func_bytecode’:
/home/osslab/mros2-wasm-service-communication-socket-journal/third_party/wamr/core/iwasm/interpreter/wasm_interp_classic.c:1561:25: warning: declaration of ‘ts1’ shadows a previous local [-Wshadow]
 1561 |         struct timespec ts1, ts2;
      |                         ^~~
/home/osslab/mros2-wasm-service-communication-socket-journal/third_party/wamr/core/iwasm/interpreter/wasm_interp_classic.c:1553:21: note: shadowed declaration is here
 1553 |     struct timespec ts1;
      |                     ^~~
/home/osslab/mros2-wasm-service-communication-socket-journal/third_party/wamr/core/iwasm/interpreter/wasm_interp_classic.c:1651:38: warning: passing argument 11 of ‘wasm_restore’ from incompatible pointer type [-Wincompatible-pointer-types]
 1651 |                           &dummy_ip, &dummy_lp, &dummy_sp, &frame_csp,
      |                                      ^~~~~~~~~
      |                                      |
      |                                      uint8 ** {aka unsigned char **}
In file included from /home/osslab/mros2-wasm-service-communication-socket-journal/third_party/wamr/core/iwasm/interpreter/wasm_interp_classic.c:16:
/home/osslab/mros2-wasm-service-communication-socket-journal/third_party/wamr/core/iwasm/interpreter/../migration/wasm_restore.h:37:22: note: expected ‘uint32 **’ {aka ‘unsigned int **’} but argument is of type ‘uint8 **’ {aka ‘unsigned char **’}
   37 |             uint32 **frame_lp,
      |             ~~~~~~~~~^~~~~~~~
/home/osslab/mros2-wasm-service-communication-socket-journal/third_party/wamr/core/iwasm/interpreter/wasm_interp_classic.c:1651:49: warning: passing argument 12 of ‘wasm_restore’ from incompatible pointer type [-Wincompatible-pointer-types]
 1651 |                           &dummy_ip, &dummy_lp, &dummy_sp, &frame_csp,
      |                                                 ^~~~~~~~~
      |                                                 |
      |                                                 uint8 ** {aka unsigned char **}
In file included from /home/osslab/mros2-wasm-service-communication-socket-journal/third_party/wamr/core/iwasm/interpreter/wasm_interp_classic.c:16:
/home/osslab/mros2-wasm-service-communication-socket-journal/third_party/wamr/core/iwasm/interpreter/../migration/wasm_restore.h:38:22: note: expected ‘uint32 **’ {aka ‘unsigned int **’} but argument is of type ‘uint8 **’ {aka ‘unsigned char **’}
   38 |             uint32 **frame_sp,
      |             ~~~~~~~~~^~~~~~~~
/home/osslab/mros2-wasm-service-communication-socket-journal/third_party/wamr/core/iwasm/interpreter/wasm_interp_classic.c:1660:18: warning: assignment to ‘uint32 *’ {aka ‘unsigned int *’} from incompatible pointer type ‘uint8 *’ {aka ‘unsigned char *’} [-Wincompatible-pointer-types]
 1660 |         frame_lp = dummy_lp;
      |                  ^
/home/osslab/mros2-wasm-service-communication-socket-journal/third_party/wamr/core/iwasm/interpreter/wasm_interp_classic.c:1661:18: warning: assignment to ‘uint32 *’ {aka ‘unsigned int *’} from incompatible pointer type ‘uint8 *’ {aka ‘unsigned char *’} [-Wincompatible-pointer-types]
 1661 |         frame_sp = dummy_sp;
      |                  ^
/home/osslab/mros2-wasm-service-communication-socket-journal/third_party/wamr/core/iwasm/interpreter/wasm_interp_classic.c:1106:16: warning: variable ‘arg’ set but not used [-Wunused-but-set-variable]
 1106 |         uint32 arg;                                                          \
      |                ^~~
/home/osslab/mros2-wasm-service-communication-socket-journal/third_party/wamr/core/iwasm/interpreter/wasm_interp_classic.c:1149:9: note: in expansion of macro ‘INIT_THREAD_ID_CH’
 1149 |         INIT_THREAD_ID_CH();                                                \
      |         ^~~~~~~~~~~~~~~~~
/home/osslab/mros2-wasm-service-communication-socket-journal/third_party/wamr/core/iwasm/interpreter/wasm_interp_classic.c:1189:9: note: in expansion of macro ‘DO_CHECKPOINT’
 1189 |         DO_CHECKPOINT();                                                    \
      |         ^~~~~~~~~~~~~
/home/osslab/mros2-wasm-service-communication-socket-journal/third_party/wamr/core/iwasm/interpreter/wasm_interp_classic.c:1201:9: note: in expansion of macro ‘CHECK_DUMP’
 1201 |         CHECK_DUMP()                     \
      |         ^~~~~~~~~~
/home/osslab/mros2-wasm-service-communication-socket-journal/third_party/wamr/core/iwasm/interpreter/wasm_interp_classic.c:1733:9: note: in expansion of macro ‘FETCH_OPCODE_AND_DISPATCH’
 1733 |         FETCH_OPCODE_AND_DISPATCH();
      |         ^~~~~~~~~~~~~~~~~~~~~~~~~
/home/osslab/mros2-wasm-service-communication-socket-journal/third_party/wamr/core/iwasm/interpreter/wasm_interp_classic.c:1152:16: warning: declaration of ‘dummy_ip’ shadows a previous local [-Wshadow]
 1152 |         uint8 *dummy_ip;                                                    \
      |                ^~~~~~~~
/home/osslab/mros2-wasm-service-communication-socket-journal/third_party/wamr/core/iwasm/interpreter/wasm_interp_classic.c:1189:9: note: in expansion of macro ‘DO_CHECKPOINT’
 1189 |         DO_CHECKPOINT();                                                    \
      |         ^~~~~~~~~~~~~
/home/osslab/mros2-wasm-service-communication-socket-journal/third_party/wamr/core/iwasm/interpreter/wasm_interp_classic.c:1201:9: note: in expansion of macro ‘CHECK_DUMP’
 1201 |         CHECK_DUMP()                     \
      |         ^~~~~~~~~~
/home/osslab/mros2-wasm-service-communication-socket-journal/third_party/wamr/core/iwasm/interpreter/wasm_interp_classic.c:1733:9: note: in expansion of macro ‘FETCH_OPCODE_AND_DISPATCH’
 1733 |         FETCH_OPCODE_AND_DISPATCH();
      |         ^~~~~~~~~~~~~~~~~~~~~~~~~
/home/osslab/mros2-wasm-service-communication-socket-journal/third_party/wamr/core/iwasm/interpreter/wasm_interp_classic.c:1648:16: note: shadowed declaration is here
 1648 |         uint8 *dummy_ip, *dummy_lp, *dummy_sp;
      |                ^~~~~~~~
/home/osslab/mros2-wasm-service-communication-socket-journal/third_party/wamr/core/iwasm/interpreter/wasm_interp_classic.c:1153:17: warning: declaration of ‘dummy_sp’ shadows a previous local [-Wshadow]
 1153 |         uint32 *dummy_sp;                                                   \
      |                 ^~~~~~~~
/home/osslab/mros2-wasm-service-communication-socket-journal/third_party/wamr/core/iwasm/interpreter/wasm_interp_classic.c:1189:9: note: in expansion of macro ‘DO_CHECKPOINT’
 1189 |         DO_CHECKPOINT();                                                    \
      |         ^~~~~~~~~~~~~
/home/osslab/mros2-wasm-service-communication-socket-journal/third_party/wamr/core/iwasm/interpreter/wasm_interp_classic.c:1201:9: note: in expansion of macro ‘CHECK_DUMP’
 1201 |         CHECK_DUMP()                     \
      |         ^~~~~~~~~~
/home/osslab/mros2-wasm-service-communication-socket-journal/third_party/wamr/core/iwasm/interpreter/wasm_interp_classic.c:1733:9: note: in expansion of macro ‘FETCH_OPCODE_AND_DISPATCH’
 1733 |         FETCH_OPCODE_AND_DISPATCH();
      |         ^~~~~~~~~~~~~~~~~~~~~~~~~
/home/osslab/mros2-wasm-service-communication-socket-journal/third_party/wamr/core/iwasm/interpreter/wasm_interp_classic.c:1648:38: note: shadowed declaration is here
 1648 |         uint8 *dummy_ip, *dummy_lp, *dummy_sp;
      |                                      ^~~~~~~~
/home/osslab/mros2-wasm-service-communication-socket-journal/third_party/wamr/core/iwasm/interpreter/wasm_interp_classic.c:1156:13: warning: declaration of ‘rc’ shadows a previous local [-Wshadow]
 1156 |         int rc = wasm_dump_with_prefix(exec_env, module, memory, globals,   \
      |             ^~
/home/osslab/mros2-wasm-service-communication-socket-journal/third_party/wamr/core/iwasm/interpreter/wasm_interp_classic.c:1189:9: note: in expansion of macro ‘DO_CHECKPOINT’
 1189 |         DO_CHECKPOINT();                                                    \
      |         ^~~~~~~~~~~~~
/home/osslab/mros2-wasm-service-communication-socket-journal/third_party/wamr/core/iwasm/interpreter/wasm_interp_classic.c:1201:9: note: in expansion of macro ‘CHECK_DUMP’
 1201 |         CHECK_DUMP()                     \
      |         ^~~~~~~~~~
/home/osslab/mros2-wasm-service-communication-socket-journal/third_party/wamr/core/iwasm/interpreter/wasm_interp_classic.c:1733:9: note: in expansion of macro ‘FETCH_OPCODE_AND_DISPATCH’
 1733 |         FETCH_OPCODE_AND_DISPATCH();
      |         ^~~~~~~~~~~~~~~~~~~~~~~~~
/home/osslab/mros2-wasm-service-communication-socket-journal/third_party/wamr/core/iwasm/interpreter/wasm_interp_classic.c:1560:13: note: shadowed declaration is here
 1560 |         int rc;
      |             ^~
/home/osslab/mros2-wasm-service-communication-socket-journal/third_party/wamr/core/iwasm/interpreter/wasm_interp_classic.c:1153:17: warning: variable ‘dummy_sp’ set but not used [-Wunused-but-set-variable]
 1153 |         uint32 *dummy_sp;                                                   \
      |                 ^~~~~~~~
/home/osslab/mros2-wasm-service-communication-socket-journal/third_party/wamr/core/iwasm/interpreter/wasm_interp_classic.c:1189:9: note: in expansion of macro ‘DO_CHECKPOINT’
 1189 |         DO_CHECKPOINT();                                                    \
      |         ^~~~~~~~~~~~~
/home/osslab/mros2-wasm-service-communication-socket-journal/third_party/wamr/core/iwasm/interpreter/wasm_interp_classic.c:1201:9: note: in expansion of macro ‘CHECK_DUMP’
 1201 |         CHECK_DUMP()                     \
      |         ^~~~~~~~~~
/home/osslab/mros2-wasm-service-communication-socket-journal/third_party/wamr/core/iwasm/interpreter/wasm_interp_classic.c:1733:9: note: in expansion of macro ‘FETCH_OPCODE_AND_DISPATCH’
 1733 |         FETCH_OPCODE_AND_DISPATCH();
      |         ^~~~~~~~~~~~~~~~~~~~~~~~~
/home/osslab/mros2-wasm-service-communication-socket-journal/third_party/wamr/core/iwasm/interpreter/wasm_interp_classic.c:1747:18: warning: assignment to ‘uint8 *’ {aka ‘unsigned char *’} from incompatible pointer type ‘uint32 *’ {aka ‘unsigned int *’} [-Wincompatible-pointer-types]
 1747 |         dummy_sp = frame_sp;
      |                  ^
/home/osslab/mros2-wasm-service-communication-socket-journal/third_party/wamr/core/iwasm/interpreter/wasm_interp_classic.c:1745:27: warning: variable ‘dummy_sp’ set but not used [-Wunused-but-set-variable]
 1745 |         uint8 *dummy_ip, *dummy_sp;
      |                           ^~~~~~~~
/home/osslab/mros2-wasm-service-communication-socket-journal/third_party/wamr/core/iwasm/interpreter/wasm_interp_classic.c:1106:16: warning: variable ‘arg’ set but not used [-Wunused-but-set-variable]
 1106 |         uint32 arg;                                                          \
      |                ^~~
/home/osslab/mros2-wasm-service-communication-socket-journal/third_party/wamr/core/iwasm/interpreter/wasm_interp_classic.c:1149:9: note: in expansion of macro ‘INIT_THREAD_ID_CH’
 1149 |         INIT_THREAD_ID_CH();                                                \
      |         ^~~~~~~~~~~~~~~~~
/home/osslab/mros2-wasm-service-communication-socket-journal/third_party/wamr/core/iwasm/interpreter/wasm_interp_classic.c:1189:9: note: in expansion of macro ‘DO_CHECKPOINT’
 1189 |         DO_CHECKPOINT();                                                    \
      |         ^~~~~~~~~~~~~
/home/osslab/mros2-wasm-service-communication-socket-journal/third_party/wamr/core/iwasm/interpreter/wasm_interp_classic.c:1201:9: note: in expansion of macro ‘CHECK_DUMP’
 1201 |         CHECK_DUMP()                     \
      |         ^~~~~~~~~~
/home/osslab/mros2-wasm-service-communication-socket-journal/third_party/wamr/core/iwasm/interpreter/wasm_interp_classic.c:1756:5: note: in expansion of macro ‘FETCH_OPCODE_AND_DISPATCH’
 1756 |     FETCH_OPCODE_AND_DISPATCH();
      |     ^~~~~~~~~~~~~~~~~~~~~~~~~
/home/osslab/mros2-wasm-service-communication-socket-journal/third_party/wamr/core/iwasm/interpreter/wasm_interp_classic.c:1153:17: warning: variable ‘dummy_sp’ set but not used [-Wunused-but-set-variable]
 1153 |         uint32 *dummy_sp;                                                   \
      |                 ^~~~~~~~
/home/osslab/mros2-wasm-service-communication-socket-journal/third_party/wamr/core/iwasm/interpreter/wasm_interp_classic.c:1189:9: note: in expansion of macro ‘DO_CHECKPOINT’
 1189 |         DO_CHECKPOINT();                                                    \
      |         ^~~~~~~~~~~~~
/home/osslab/mros2-wasm-service-communication-socket-journal/third_party/wamr/core/iwasm/interpreter/wasm_interp_classic.c:1201:9: note: in expansion of macro ‘CHECK_DUMP’
 1201 |         CHECK_DUMP()                     \
      |         ^~~~~~~~~~
/home/osslab/mros2-wasm-service-communication-socket-journal/third_party/wamr/core/iwasm/interpreter/wasm_interp_classic.c:1756:5: note: in expansion of macro ‘FETCH_OPCODE_AND_DISPATCH’
 1756 |     FETCH_OPCODE_AND_DISPATCH();
      |     ^~~~~~~~~~~~~~~~~~~~~~~~~
In file included from /home/osslab/mros2-wasm-service-communication-socket-journal/third_party/wamr/core/iwasm/interpreter/wasm_loader.c:17:
/home/osslab/mros2-wasm-service-communication-socket-journal/third_party/wamr/core/iwasm/interpreter/../migration/wasm_restore.h: In function ‘debug_wasm_interp_frame’:
/home/osslab/mros2-wasm-service-communication-socket-journal/third_party/wamr/core/iwasm/interpreter/wasm_interp_classic.c:1106:16: warning: variable ‘arg’ set but not used [-Wunused-but-set-variable]
 1106 |         uint32 arg;                                                          \
      |                ^~~
/home/osslab/mros2-wasm-service-communication-socket-journal/third_party/wamr/core/iwasm/interpreter/wasm_interp_classic.c:1149:9: note: in expansion of macro ‘INIT_THREAD_ID_CH’
 1149 |         INIT_THREAD_ID_CH();                                                \
      |         ^~~~~~~~~~~~~~~~~
/home/osslab/mros2-wasm-service-communication-socket-journal/third_party/wamr/core/iwasm/interpreter/wasm_interp_classic.c:1189:9: note: in expansion of macro ‘DO_CHECKPOINT’
 1189 |         DO_CHECKPOINT();                                                    \
      |         ^~~~~~~~~~~~~
/home/osslab/mros2-wasm-service-communication-socket-journal/third_party/wamr/core/iwasm/interpreter/wasm_interp_classic.c:1201:9: note: in expansion of macro ‘CHECK_DUMP’
 1201 |         CHECK_DUMP()                     \
      |         ^~~~~~~~~~
/home/osslab/mros2-wasm-service-communication-socket-journal/third_party/wamr/core/iwasm/interpreter/wasm_interp_classic.c:1223:25: note: in expansion of macro ‘FETCH_OPCODE_AND_DISPATCH’
 1223 | #define HANDLE_OP_END() FETCH_OPCODE_AND_DISPATCH()
      |                         ^~~~~~~~~~~~~~~~~~~~~~~~~
/home/osslab/mros2-wasm-service-communication-socket-journal/third_party/wamr/core/iwasm/interpreter/wasm_interp_classic.c:1771:17: note: in expansion of macro ‘HANDLE_OP_END’
 1771 |                 HANDLE_OP_END();
      |                 ^~~~~~~~~~~~~
/home/osslab/mros2-wasm-service-communication-socket-journal/third_party/wamr/core/iwasm/interpreter/../migration/wasm_restore.h:22:51: warning: format ‘%d’ expects argument of type ‘int’, but argument 3 has type ‘long int’ [-Wformat=]
   22 |             printf("frame: %d          func idx: %d\n", cnt, frame->function-base_func_addr);
      |                                                  ~^          ~~~~~~~~~~~~~~~~~~~~~~~~~~~~~~
      |                                                   |                         |
      |                                                   int                       long int
      |                                                  %ld
/home/osslab/mros2-wasm-service-communication-socket-journal/third_party/wamr/core/iwasm/interpreter/../migration/wasm_restore.h:23:13: warning: suggest parentheses around assignment used as truth value [-Wparentheses]
   23 |     } while(frame = frame->prev_frame);
      |             ^~~~~
/home/osslab/mros2-wasm-service-communication-socket-journal/third_party/wamr/core/iwasm/interpreter/wasm_interp_classic.c:1153:17: warning: variable ‘dummy_sp’ set but not used [-Wunused-but-set-variable]
 1153 |         uint32 *dummy_sp;                                                   \
      |                 ^~~~~~~~
/home/osslab/mros2-wasm-service-communication-socket-journal/third_party/wamr/core/iwasm/interpreter/wasm_interp_classic.c:1189:9: note: in expansion of macro ‘DO_CHECKPOINT’
 1189 |         DO_CHECKPOINT();                                                    \
      |         ^~~~~~~~~~~~~
/home/osslab/mros2-wasm-service-communication-socket-journal/third_party/wamr/core/iwasm/interpreter/wasm_interp_classic.c:1201:9: note: in expansion of macro ‘CHECK_DUMP’
 1201 |         CHECK_DUMP()                     \
      |         ^~~~~~~~~~
/home/osslab/mros2-wasm-service-communication-socket-journal/third_party/wamr/core/iwasm/interpreter/wasm_interp_classic.c:1223:25: note: in expansion of macro ‘FETCH_OPCODE_AND_DISPATCH’
 1223 | #define HANDLE_OP_END() FETCH_OPCODE_AND_DISPATCH()
      |                         ^~~~~~~~~~~~~~~~~~~~~~~~~
/home/osslab/mros2-wasm-service-communication-socket-journal/third_party/wamr/core/iwasm/interpreter/wasm_interp_classic.c:1771:17: note: in expansion of macro ‘HANDLE_OP_END’
 1771 |                 HANDLE_OP_END();
      |                 ^~~~~~~~~~~~~
/home/osslab/mros2-wasm-service-communication-socket-journal/third_party/wamr/core/iwasm/interpreter/wasm_interp_classic.c:1106:16: warning: variable ‘arg’ set but not used [-Wunused-but-set-variable]
 1106 |         uint32 arg;                                                          \
      |                ^~~
/home/osslab/mros2-wasm-service-communication-socket-journal/third_party/wamr/core/iwasm/interpreter/wasm_interp_classic.c:1149:9: note: in expansion of macro ‘INIT_THREAD_ID_CH’
 1149 |         INIT_THREAD_ID_CH();                                                \
      |         ^~~~~~~~~~~~~~~~~
/home/osslab/mros2-wasm-service-communication-socket-journal/third_party/wamr/core/iwasm/interpreter/wasm_interp_classic.c:1189:9: note: in expansion of macro ‘DO_CHECKPOINT’
 1189 |         DO_CHECKPOINT();                                                    \
      |         ^~~~~~~~~~~~~
/home/osslab/mros2-wasm-service-communication-socket-journal/third_party/wamr/core/iwasm/interpreter/wasm_interp_classic.c:1201:9: note: in expansion of macro ‘CHECK_DUMP’
 1201 |         CHECK_DUMP()                     \
      |         ^~~~~~~~~~
/home/osslab/mros2-wasm-service-communication-socket-journal/third_party/wamr/core/iwasm/interpreter/wasm_interp_classic.c:1223:25: note: in expansion of macro ‘FETCH_OPCODE_AND_DISPATCH’
 1223 | #define HANDLE_OP_END() FETCH_OPCODE_AND_DISPATCH()
      |                         ^~~~~~~~~~~~~~~~~~~~~~~~~
/home/osslab/mros2-wasm-service-communication-socket-journal/third_party/wamr/core/iwasm/interpreter/wasm_interp_classic.c:1810:17: note: in expansion of macro ‘HANDLE_OP_END’
 1810 |                 HANDLE_OP_END();
      |                 ^~~~~~~~~~~~~
/home/osslab/mros2-wasm-service-communication-socket-journal/third_party/wamr/core/iwasm/interpreter/wasm_interp_classic.c:1153:17: warning: variable ‘dummy_sp’ set but not used [-Wunused-but-set-variable]
 1153 |         uint32 *dummy_sp;                                                   \
      |                 ^~~~~~~~
/home/osslab/mros2-wasm-service-communication-socket-journal/third_party/wamr/core/iwasm/interpreter/wasm_interp_classic.c:1189:9: note: in expansion of macro ‘DO_CHECKPOINT’
 1189 |         DO_CHECKPOINT();                                                    \
      |         ^~~~~~~~~~~~~
/home/osslab/mros2-wasm-service-communication-socket-journal/third_party/wamr/core/iwasm/interpreter/wasm_interp_classic.c:1201:9: note: in expansion of macro ‘CHECK_DUMP’
 1201 |         CHECK_DUMP()                     \
      |         ^~~~~~~~~~
/home/osslab/mros2-wasm-service-communication-socket-journal/third_party/wamr/core/iwasm/interpreter/wasm_interp_classic.c:1223:25: note: in expansion of macro ‘FETCH_OPCODE_AND_DISPATCH’
 1223 | #define HANDLE_OP_END() FETCH_OPCODE_AND_DISPATCH()
      |                         ^~~~~~~~~~~~~~~~~~~~~~~~~
/home/osslab/mros2-wasm-service-communication-socket-journal/third_party/wamr/core/iwasm/interpreter/wasm_interp_classic.c:1810:17: note: in expansion of macro ‘HANDLE_OP_END’
 1810 |                 HANDLE_OP_END();
      |                 ^~~~~~~~~~~~~
/home/osslab/mros2-wasm-service-communication-socket-journal/third_party/wamr/core/iwasm/interpreter/wasm_interp_classic.c:1106:16: warning: variable ‘arg’ set but not used [-Wunused-but-set-variable]
 1106 |         uint32 arg;                                                          \
      |                ^~~
/home/osslab/mros2-wasm-service-communication-socket-journal/third_party/wamr/core/iwasm/interpreter/wasm_interp_classic.c:1149:9: note: in expansion of macro ‘INIT_THREAD_ID_CH’
 1149 |         INIT_THREAD_ID_CH();                                                \
      |         ^~~~~~~~~~~~~~~~~
/home/osslab/mros2-wasm-service-communication-socket-journal/third_party/wamr/core/iwasm/interpreter/wasm_interp_classic.c:1189:9: note: in expansion of macro ‘DO_CHECKPOINT’
 1189 |         DO_CHECKPOINT();                                                    \
      |         ^~~~~~~~~~~~~
/home/osslab/mros2-wasm-service-communication-socket-journal/third_party/wamr/core/iwasm/interpreter/wasm_interp_classic.c:1201:9: note: in expansion of macro ‘CHECK_DUMP’
 1201 |         CHECK_DUMP()                     \
      |         ^~~~~~~~~~
/home/osslab/mros2-wasm-service-communication-socket-journal/third_party/wamr/core/iwasm/interpreter/wasm_interp_classic.c:1223:25: note: in expansion of macro ‘FETCH_OPCODE_AND_DISPATCH’
 1223 | #define HANDLE_OP_END() FETCH_OPCODE_AND_DISPATCH()
      |                         ^~~~~~~~~~~~~~~~~~~~~~~~~
/home/osslab/mros2-wasm-service-communication-socket-journal/third_party/wamr/core/iwasm/interpreter/wasm_interp_classic.c:1828:17: note: in expansion of macro ‘HANDLE_OP_END’
 1828 |                 HANDLE_OP_END();
      |                 ^~~~~~~~~~~~~
/home/osslab/mros2-wasm-service-communication-socket-journal/third_party/wamr/core/iwasm/interpreter/wasm_interp_classic.c:1153:17: warning: variable ‘dummy_sp’ set but not used [-Wunused-but-set-variable]
 1153 |         uint32 *dummy_sp;                                                   \
      |                 ^~~~~~~~
/home/osslab/mros2-wasm-service-communication-socket-journal/third_party/wamr/core/iwasm/interpreter/wasm_interp_classic.c:1189:9: note: in expansion of macro ‘DO_CHECKPOINT’
 1189 |         DO_CHECKPOINT();                                                    \
      |         ^~~~~~~~~~~~~
/home/osslab/mros2-wasm-service-communication-socket-journal/third_party/wamr/core/iwasm/interpreter/wasm_interp_classic.c:1201:9: note: in expansion of macro ‘CHECK_DUMP’
 1201 |         CHECK_DUMP()                     \
      |         ^~~~~~~~~~
/home/osslab/mros2-wasm-service-communication-socket-journal/third_party/wamr/core/iwasm/interpreter/wasm_interp_classic.c:1223:25: note: in expansion of macro ‘FETCH_OPCODE_AND_DISPATCH’
 1223 | #define HANDLE_OP_END() FETCH_OPCODE_AND_DISPATCH()
      |                         ^~~~~~~~~~~~~~~~~~~~~~~~~
/home/osslab/mros2-wasm-service-communication-socket-journal/third_party/wamr/core/iwasm/interpreter/wasm_interp_classic.c:1828:17: note: in expansion of macro ‘HANDLE_OP_END’
 1828 |                 HANDLE_OP_END();
      |                 ^~~~~~~~~~~~~
/home/osslab/mros2-wasm-service-communication-socket-journal/third_party/wamr/core/iwasm/interpreter/wasm_interp_classic.c:1106:16: warning: variable ‘arg’ set but not used [-Wunused-but-set-variable]
 1106 |         uint32 arg;                                                          \
      |                ^~~
/home/osslab/mros2-wasm-service-communication-socket-journal/third_party/wamr/core/iwasm/interpreter/wasm_interp_classic.c:1149:9: note: in expansion of macro ‘INIT_THREAD_ID_CH’
 1149 |         INIT_THREAD_ID_CH();                                                \
      |         ^~~~~~~~~~~~~~~~~
/home/osslab/mros2-wasm-service-communication-socket-journal/third_party/wamr/core/iwasm/interpreter/wasm_interp_classic.c:1189:9: note: in expansion of macro ‘DO_CHECKPOINT’
 1189 |         DO_CHECKPOINT();                                                    \
      |         ^~~~~~~~~~~~~
/home/osslab/mros2-wasm-service-communication-socket-journal/third_party/wamr/core/iwasm/interpreter/wasm_interp_classic.c:1201:9: note: in expansion of macro ‘CHECK_DUMP’
 1201 |         CHECK_DUMP()                     \
      |         ^~~~~~~~~~
/home/osslab/mros2-wasm-service-communication-socket-journal/third_party/wamr/core/iwasm/interpreter/wasm_interp_classic.c:1223:25: note: in expansion of macro ‘FETCH_OPCODE_AND_DISPATCH’
 1223 | #define HANDLE_OP_END() FETCH_OPCODE_AND_DISPATCH()
      |                         ^~~~~~~~~~~~~~~~~~~~~~~~~
/home/osslab/mros2-wasm-service-communication-socket-journal/third_party/wamr/core/iwasm/interpreter/wasm_interp_classic.c:1881:17: note: in expansion of macro ‘HANDLE_OP_END’
 1881 |                 HANDLE_OP_END();
      |                 ^~~~~~~~~~~~~
/home/osslab/mros2-wasm-service-communication-socket-journal/third_party/wamr/core/iwasm/interpreter/wasm_interp_classic.c:1153:17: warning: variable ‘dummy_sp’ set but not used [-Wunused-but-set-variable]
 1153 |         uint32 *dummy_sp;                                                   \
      |                 ^~~~~~~~
/home/osslab/mros2-wasm-service-communication-socket-journal/third_party/wamr/core/iwasm/interpreter/wasm_interp_classic.c:1189:9: note: in expansion of macro ‘DO_CHECKPOINT’
 1189 |         DO_CHECKPOINT();                                                    \
      |         ^~~~~~~~~~~~~
/home/osslab/mros2-wasm-service-communication-socket-journal/third_party/wamr/core/iwasm/interpreter/wasm_interp_classic.c:1201:9: note: in expansion of macro ‘CHECK_DUMP’
 1201 |         CHECK_DUMP()                     \
      |         ^~~~~~~~~~
/home/osslab/mros2-wasm-service-communication-socket-journal/third_party/wamr/core/iwasm/interpreter/wasm_interp_classic.c:1223:25: note: in expansion of macro ‘FETCH_OPCODE_AND_DISPATCH’
 1223 | #define HANDLE_OP_END() FETCH_OPCODE_AND_DISPATCH()
      |                         ^~~~~~~~~~~~~~~~~~~~~~~~~
/home/osslab/mros2-wasm-service-communication-socket-journal/third_party/wamr/core/iwasm/interpreter/wasm_interp_classic.c:1881:17: note: in expansion of macro ‘HANDLE_OP_END’
 1881 |                 HANDLE_OP_END();
      |                 ^~~~~~~~~~~~~
/home/osslab/mros2-wasm-service-communication-socket-journal/third_party/wamr/core/iwasm/interpreter/wasm_interp_classic.c:1106:16: warning: variable ‘arg’ set but not used [-Wunused-but-set-variable]
 1106 |         uint32 arg;                                                          \
      |                ^~~
/home/osslab/mros2-wasm-service-communication-socket-journal/third_party/wamr/core/iwasm/interpreter/wasm_interp_classic.c:1149:9: note: in expansion of macro ‘INIT_THREAD_ID_CH’
 1149 |         INIT_THREAD_ID_CH();                                                \
      |         ^~~~~~~~~~~~~~~~~
/home/osslab/mros2-wasm-service-communication-socket-journal/third_party/wamr/core/iwasm/interpreter/wasm_interp_classic.c:1189:9: note: in expansion of macro ‘DO_CHECKPOINT’
 1189 |         DO_CHECKPOINT();                                                    \
      |         ^~~~~~~~~~~~~
/home/osslab/mros2-wasm-service-communication-socket-journal/third_party/wamr/core/iwasm/interpreter/wasm_interp_classic.c:1201:9: note: in expansion of macro ‘CHECK_DUMP’
 1201 |         CHECK_DUMP()                     \
      |         ^~~~~~~~~~
/home/osslab/mros2-wasm-service-communication-socket-journal/third_party/wamr/core/iwasm/interpreter/wasm_interp_classic.c:1223:25: note: in expansion of macro ‘FETCH_OPCODE_AND_DISPATCH’
 1223 | #define HANDLE_OP_END() FETCH_OPCODE_AND_DISPATCH()
      |                         ^~~~~~~~~~~~~~~~~~~~~~~~~
/home/osslab/mros2-wasm-service-communication-socket-journal/third_party/wamr/core/iwasm/interpreter/wasm_interp_classic.c:1888:17: note: in expansion of macro ‘HANDLE_OP_END’
 1888 |                 HANDLE_OP_END();
      |                 ^~~~~~~~~~~~~
/home/osslab/mros2-wasm-service-communication-socket-journal/third_party/wamr/core/iwasm/interpreter/wasm_interp_classic.c:1153:17: warning: variable ‘dummy_sp’ set but not used [-Wunused-but-set-variable]
 1153 |         uint32 *dummy_sp;                                                   \
      |                 ^~~~~~~~
/home/osslab/mros2-wasm-service-communication-socket-journal/third_party/wamr/core/iwasm/interpreter/wasm_interp_classic.c:1189:9: note: in expansion of macro ‘DO_CHECKPOINT’
 1189 |         DO_CHECKPOINT();                                                    \
      |         ^~~~~~~~~~~~~
/home/osslab/mros2-wasm-service-communication-socket-journal/third_party/wamr/core/iwasm/interpreter/wasm_interp_classic.c:1201:9: note: in expansion of macro ‘CHECK_DUMP’
 1201 |         CHECK_DUMP()                     \
      |         ^~~~~~~~~~
/home/osslab/mros2-wasm-service-communication-socket-journal/third_party/wamr/core/iwasm/interpreter/wasm_interp_classic.c:1223:25: note: in expansion of macro ‘FETCH_OPCODE_AND_DISPATCH’
 1223 | #define HANDLE_OP_END() FETCH_OPCODE_AND_DISPATCH()
      |                         ^~~~~~~~~~~~~~~~~~~~~~~~~
/home/osslab/mros2-wasm-service-communication-socket-journal/third_party/wamr/core/iwasm/interpreter/wasm_interp_classic.c:1888:17: note: in expansion of macro ‘HANDLE_OP_END’
 1888 |                 HANDLE_OP_END();
      |                 ^~~~~~~~~~~~~
/home/osslab/mros2-wasm-service-communication-socket-journal/third_party/wamr/core/iwasm/interpreter/wasm_interp_classic.c:1106:16: warning: variable ‘arg’ set but not used [-Wunused-but-set-variable]
 1106 |         uint32 arg;                                                          \
      |                ^~~
/home/osslab/mros2-wasm-service-communication-socket-journal/third_party/wamr/core/iwasm/interpreter/wasm_interp_classic.c:1149:9: note: in expansion of macro ‘INIT_THREAD_ID_CH’
 1149 |         INIT_THREAD_ID_CH();                                                \
      |         ^~~~~~~~~~~~~~~~~
/home/osslab/mros2-wasm-service-communication-socket-journal/third_party/wamr/core/iwasm/interpreter/wasm_interp_classic.c:1189:9: note: in expansion of macro ‘DO_CHECKPOINT’
 1189 |         DO_CHECKPOINT();                                                    \
      |         ^~~~~~~~~~~~~
/home/osslab/mros2-wasm-service-communication-socket-journal/third_party/wamr/core/iwasm/interpreter/wasm_interp_classic.c:1201:9: note: in expansion of macro ‘CHECK_DUMP’
 1201 |         CHECK_DUMP()                     \
      |         ^~~~~~~~~~
/home/osslab/mros2-wasm-service-communication-socket-journal/third_party/wamr/core/iwasm/interpreter/wasm_interp_classic.c:1223:25: note: in expansion of macro ‘FETCH_OPCODE_AND_DISPATCH’
 1223 | #define HANDLE_OP_END() FETCH_OPCODE_AND_DISPATCH()
      |                         ^~~~~~~~~~~~~~~~~~~~~~~~~
/home/osslab/mros2-wasm-service-communication-socket-journal/third_party/wamr/core/iwasm/interpreter/wasm_interp_classic.c:1903:17: note: in expansion of macro ‘HANDLE_OP_END’
 1903 |                 HANDLE_OP_END();
      |                 ^~~~~~~~~~~~~
/home/osslab/mros2-wasm-service-communication-socket-journal/third_party/wamr/core/iwasm/interpreter/wasm_interp_classic.c:1153:17: warning: variable ‘dummy_sp’ set but not used [-Wunused-but-set-variable]
 1153 |         uint32 *dummy_sp;                                                   \
      |                 ^~~~~~~~
/home/osslab/mros2-wasm-service-communication-socket-journal/third_party/wamr/core/iwasm/interpreter/wasm_interp_classic.c:1189:9: note: in expansion of macro ‘DO_CHECKPOINT’
 1189 |         DO_CHECKPOINT();                                                    \
      |         ^~~~~~~~~~~~~
/home/osslab/mros2-wasm-service-communication-socket-journal/third_party/wamr/core/iwasm/interpreter/wasm_interp_classic.c:1201:9: note: in expansion of macro ‘CHECK_DUMP’
 1201 |         CHECK_DUMP()                     \
      |         ^~~~~~~~~~
/home/osslab/mros2-wasm-service-communication-socket-journal/third_party/wamr/core/iwasm/interpreter/wasm_interp_classic.c:1223:25: note: in expansion of macro ‘FETCH_OPCODE_AND_DISPATCH’
 1223 | #define HANDLE_OP_END() FETCH_OPCODE_AND_DISPATCH()
      |                         ^~~~~~~~~~~~~~~~~~~~~~~~~
/home/osslab/mros2-wasm-service-communication-socket-journal/third_party/wamr/core/iwasm/interpreter/wasm_interp_classic.c:1903:17: note: in expansion of macro ‘HANDLE_OP_END’
 1903 |                 HANDLE_OP_END();
      |                 ^~~~~~~~~~~~~
/home/osslab/mros2-wasm-service-communication-socket-journal/third_party/wamr/core/iwasm/interpreter/wasm_interp_classic.c:1106:16: warning: variable ‘arg’ set but not used [-Wunused-but-set-variable]
 1106 |         uint32 arg;                                                          \
      |                ^~~
/home/osslab/mros2-wasm-service-communication-socket-journal/third_party/wamr/core/iwasm/interpreter/wasm_interp_classic.c:1149:9: note: in expansion of macro ‘INIT_THREAD_ID_CH’
 1149 |         INIT_THREAD_ID_CH();                                                \
      |         ^~~~~~~~~~~~~~~~~
/home/osslab/mros2-wasm-service-communication-socket-journal/third_party/wamr/core/iwasm/interpreter/wasm_interp_classic.c:1189:9: note: in expansion of macro ‘DO_CHECKPOINT’
 1189 |         DO_CHECKPOINT();                                                    \
      |         ^~~~~~~~~~~~~
/home/osslab/mros2-wasm-service-communication-socket-journal/third_party/wamr/core/iwasm/interpreter/wasm_interp_classic.c:1201:9: note: in expansion of macro ‘CHECK_DUMP’
 1201 |         CHECK_DUMP()                     \
      |         ^~~~~~~~~~
/home/osslab/mros2-wasm-service-communication-socket-journal/third_party/wamr/core/iwasm/interpreter/wasm_interp_classic.c:1223:25: note: in expansion of macro ‘FETCH_OPCODE_AND_DISPATCH’
 1223 | #define HANDLE_OP_END() FETCH_OPCODE_AND_DISPATCH()
      |                         ^~~~~~~~~~~~~~~~~~~~~~~~~
/home/osslab/mros2-wasm-service-communication-socket-journal/third_party/wamr/core/iwasm/interpreter/wasm_interp_classic.c:1924:17: note: in expansion of macro ‘HANDLE_OP_END’
 1924 |                 HANDLE_OP_END();
      |                 ^~~~~~~~~~~~~
/home/osslab/mros2-wasm-service-communication-socket-journal/third_party/wamr/core/iwasm/interpreter/wasm_interp_classic.c:1153:17: warning: variable ‘dummy_sp’ set but not used [-Wunused-but-set-variable]
 1153 |         uint32 *dummy_sp;                                                   \
      |                 ^~~~~~~~
/home/osslab/mros2-wasm-service-communication-socket-journal/third_party/wamr/core/iwasm/interpreter/wasm_interp_classic.c:1189:9: note: in expansion of macro ‘DO_CHECKPOINT’
 1189 |         DO_CHECKPOINT();                                                    \
      |         ^~~~~~~~~~~~~
/home/osslab/mros2-wasm-service-communication-socket-journal/third_party/wamr/core/iwasm/interpreter/wasm_interp_classic.c:1201:9: note: in expansion of macro ‘CHECK_DUMP’
 1201 |         CHECK_DUMP()                     \
      |         ^~~~~~~~~~
/home/osslab/mros2-wasm-service-communication-socket-journal/third_party/wamr/core/iwasm/interpreter/wasm_interp_classic.c:1223:25: note: in expansion of macro ‘FETCH_OPCODE_AND_DISPATCH’
 1223 | #define HANDLE_OP_END() FETCH_OPCODE_AND_DISPATCH()
      |                         ^~~~~~~~~~~~~~~~~~~~~~~~~
/home/osslab/mros2-wasm-service-communication-socket-journal/third_party/wamr/core/iwasm/interpreter/wasm_interp_classic.c:1924:17: note: in expansion of macro ‘HANDLE_OP_END’
 1924 |                 HANDLE_OP_END();
      |                 ^~~~~~~~~~~~~
/home/osslab/mros2-wasm-service-communication-socket-journal/third_party/wamr/core/iwasm/interpreter/wasm_interp_classic.c:1106:16: warning: variable ‘arg’ set but not used [-Wunused-but-set-variable]
 1106 |         uint32 arg;                                                          \
      |                ^~~
/home/osslab/mros2-wasm-service-communication-socket-journal/third_party/wamr/core/iwasm/interpreter/wasm_interp_classic.c:1149:9: note: in expansion of macro ‘INIT_THREAD_ID_CH’
 1149 |         INIT_THREAD_ID_CH();                                                \
      |         ^~~~~~~~~~~~~~~~~
/home/osslab/mros2-wasm-service-communication-socket-journal/third_party/wamr/core/iwasm/interpreter/wasm_interp_classic.c:1189:9: note: in expansion of macro ‘DO_CHECKPOINT’
 1189 |         DO_CHECKPOINT();                                                    \
      |         ^~~~~~~~~~~~~
/home/osslab/mros2-wasm-service-communication-socket-journal/third_party/wamr/core/iwasm/interpreter/wasm_interp_classic.c:1201:9: note: in expansion of macro ‘CHECK_DUMP’
 1201 |         CHECK_DUMP()                     \
      |         ^~~~~~~~~~
/home/osslab/mros2-wasm-service-communication-socket-journal/third_party/wamr/core/iwasm/interpreter/wasm_interp_classic.c:1223:25: note: in expansion of macro ‘FETCH_OPCODE_AND_DISPATCH’
 1223 | #define HANDLE_OP_END() FETCH_OPCODE_AND_DISPATCH()
      |                         ^~~~~~~~~~~~~~~~~~~~~~~~~
/home/osslab/mros2-wasm-service-communication-socket-journal/third_party/wamr/core/iwasm/interpreter/wasm_interp_classic.c:1936:17: note: in expansion of macro ‘HANDLE_OP_END’
 1936 |                 HANDLE_OP_END();
      |                 ^~~~~~~~~~~~~
/home/osslab/mros2-wasm-service-communication-socket-journal/third_party/wamr/core/iwasm/interpreter/wasm_interp_classic.c:1153:17: warning: variable ‘dummy_sp’ set but not used [-Wunused-but-set-variable]
 1153 |         uint32 *dummy_sp;                                                   \
      |                 ^~~~~~~~
/home/osslab/mros2-wasm-service-communication-socket-journal/third_party/wamr/core/iwasm/interpreter/wasm_interp_classic.c:1189:9: note: in expansion of macro ‘DO_CHECKPOINT’
 1189 |         DO_CHECKPOINT();                                                    \
      |         ^~~~~~~~~~~~~
/home/osslab/mros2-wasm-service-communication-socket-journal/third_party/wamr/core/iwasm/interpreter/wasm_interp_classic.c:1201:9: note: in expansion of macro ‘CHECK_DUMP’
 1201 |         CHECK_DUMP()                     \
      |         ^~~~~~~~~~
/home/osslab/mros2-wasm-service-communication-socket-journal/third_party/wamr/core/iwasm/interpreter/wasm_interp_classic.c:1223:25: note: in expansion of macro ‘FETCH_OPCODE_AND_DISPATCH’
 1223 | #define HANDLE_OP_END() FETCH_OPCODE_AND_DISPATCH()
      |                         ^~~~~~~~~~~~~~~~~~~~~~~~~
/home/osslab/mros2-wasm-service-communication-socket-journal/third_party/wamr/core/iwasm/interpreter/wasm_interp_classic.c:1936:17: note: in expansion of macro ‘HANDLE_OP_END’
 1936 |                 HANDLE_OP_END();
      |                 ^~~~~~~~~~~~~
/home/osslab/mros2-wasm-service-communication-socket-journal/third_party/wamr/core/iwasm/interpreter/wasm_interp_classic.c:1106:16: warning: variable ‘arg’ set but not used [-Wunused-but-set-variable]
 1106 |         uint32 arg;                                                          \
      |                ^~~
/home/osslab/mros2-wasm-service-communication-socket-journal/third_party/wamr/core/iwasm/interpreter/wasm_interp_classic.c:1149:9: note: in expansion of macro ‘INIT_THREAD_ID_CH’
 1149 |         INIT_THREAD_ID_CH();                                                \
      |         ^~~~~~~~~~~~~~~~~
/home/osslab/mros2-wasm-service-communication-socket-journal/third_party/wamr/core/iwasm/interpreter/wasm_interp_classic.c:1189:9: note: in expansion of macro ‘DO_CHECKPOINT’
 1189 |         DO_CHECKPOINT();                                                    \
      |         ^~~~~~~~~~~~~
/home/osslab/mros2-wasm-service-communication-socket-journal/third_party/wamr/core/iwasm/interpreter/wasm_interp_classic.c:1201:9: note: in expansion of macro ‘CHECK_DUMP’
 1201 |         CHECK_DUMP()                     \
      |         ^~~~~~~~~~
/home/osslab/mros2-wasm-service-communication-socket-journal/third_party/wamr/core/iwasm/interpreter/wasm_interp_classic.c:1223:25: note: in expansion of macro ‘FETCH_OPCODE_AND_DISPATCH’
 1223 | #define HANDLE_OP_END() FETCH_OPCODE_AND_DISPATCH()
      |                         ^~~~~~~~~~~~~~~~~~~~~~~~~
/home/osslab/mros2-wasm-service-communication-socket-journal/third_party/wamr/core/iwasm/interpreter/wasm_interp_classic.c:1974:17: note: in expansion of macro ‘HANDLE_OP_END’
 1974 |                 HANDLE_OP_END();
      |                 ^~~~~~~~~~~~~
/home/osslab/mros2-wasm-service-communication-socket-journal/third_party/wamr/core/iwasm/interpreter/wasm_interp_classic.c:1153:17: warning: variable ‘dummy_sp’ set but not used [-Wunused-but-set-variable]
 1153 |         uint32 *dummy_sp;                                                   \
      |                 ^~~~~~~~
/home/osslab/mros2-wasm-service-communication-socket-journal/third_party/wamr/core/iwasm/interpreter/wasm_interp_classic.c:1189:9: note: in expansion of macro ‘DO_CHECKPOINT’
 1189 |         DO_CHECKPOINT();                                                    \
      |         ^~~~~~~~~~~~~
/home/osslab/mros2-wasm-service-communication-socket-journal/third_party/wamr/core/iwasm/interpreter/wasm_interp_classic.c:1201:9: note: in expansion of macro ‘CHECK_DUMP’
 1201 |         CHECK_DUMP()                     \
      |         ^~~~~~~~~~
/home/osslab/mros2-wasm-service-communication-socket-journal/third_party/wamr/core/iwasm/interpreter/wasm_interp_classic.c:1223:25: note: in expansion of macro ‘FETCH_OPCODE_AND_DISPATCH’
 1223 | #define HANDLE_OP_END() FETCH_OPCODE_AND_DISPATCH()
      |                         ^~~~~~~~~~~~~~~~~~~~~~~~~
/home/osslab/mros2-wasm-service-communication-socket-journal/third_party/wamr/core/iwasm/interpreter/wasm_interp_classic.c:1974:17: note: in expansion of macro ‘HANDLE_OP_END’
 1974 |                 HANDLE_OP_END();
      |                 ^~~~~~~~~~~~~
/home/osslab/mros2-wasm-service-communication-socket-journal/third_party/wamr/core/iwasm/interpreter/wasm_interp_classic.c:1106:16: warning: variable ‘arg’ set but not used [-Wunused-but-set-variable]
 1106 |         uint32 arg;                                                          \
      |                ^~~
/home/osslab/mros2-wasm-service-communication-socket-journal/third_party/wamr/core/iwasm/interpreter/wasm_interp_classic.c:1149:9: note: in expansion of macro ‘INIT_THREAD_ID_CH’
 1149 |         INIT_THREAD_ID_CH();                                                \
      |         ^~~~~~~~~~~~~~~~~
/home/osslab/mros2-wasm-service-communication-socket-journal/third_party/wamr/core/iwasm/interpreter/wasm_interp_classic.c:1189:9: note: in expansion of macro ‘DO_CHECKPOINT’
 1189 |         DO_CHECKPOINT();                                                    \
      |         ^~~~~~~~~~~~~
/home/osslab/mros2-wasm-service-communication-socket-journal/third_party/wamr/core/iwasm/interpreter/wasm_interp_classic.c:1201:9: note: in expansion of macro ‘CHECK_DUMP’
 1201 |         CHECK_DUMP()                     \
      |         ^~~~~~~~~~
/home/osslab/mros2-wasm-service-communication-socket-journal/third_party/wamr/core/iwasm/interpreter/wasm_interp_classic.c:1223:25: note: in expansion of macro ‘FETCH_OPCODE_AND_DISPATCH’
 1223 | #define HANDLE_OP_END() FETCH_OPCODE_AND_DISPATCH()
      |                         ^~~~~~~~~~~~~~~~~~~~~~~~~
/home/osslab/mros2-wasm-service-communication-socket-journal/third_party/wamr/core/iwasm/interpreter/wasm_interp_classic.c:2098:17: note: in expansion of macro ‘HANDLE_OP_END’
 2098 |                 HANDLE_OP_END();
      |                 ^~~~~~~~~~~~~
/home/osslab/mros2-wasm-service-communication-socket-journal/third_party/wamr/core/iwasm/interpreter/wasm_interp_classic.c:1153:17: warning: variable ‘dummy_sp’ set but not used [-Wunused-but-set-variable]
 1153 |         uint32 *dummy_sp;                                                   \
      |                 ^~~~~~~~
/home/osslab/mros2-wasm-service-communication-socket-journal/third_party/wamr/core/iwasm/interpreter/wasm_interp_classic.c:1189:9: note: in expansion of macro ‘DO_CHECKPOINT’
 1189 |         DO_CHECKPOINT();                                                    \
      |         ^~~~~~~~~~~~~
/home/osslab/mros2-wasm-service-communication-socket-journal/third_party/wamr/core/iwasm/interpreter/wasm_interp_classic.c:1201:9: note: in expansion of macro ‘CHECK_DUMP’
 1201 |         CHECK_DUMP()                     \
      |         ^~~~~~~~~~
/home/osslab/mros2-wasm-service-communication-socket-journal/third_party/wamr/core/iwasm/interpreter/wasm_interp_classic.c:1223:25: note: in expansion of macro ‘FETCH_OPCODE_AND_DISPATCH’
 1223 | #define HANDLE_OP_END() FETCH_OPCODE_AND_DISPATCH()
      |                         ^~~~~~~~~~~~~~~~~~~~~~~~~
/home/osslab/mros2-wasm-service-communication-socket-journal/third_party/wamr/core/iwasm/interpreter/wasm_interp_classic.c:2098:17: note: in expansion of macro ‘HANDLE_OP_END’
 2098 |                 HANDLE_OP_END();
      |                 ^~~~~~~~~~~~~
/home/osslab/mros2-wasm-service-communication-socket-journal/third_party/wamr/core/iwasm/interpreter/wasm_interp_classic.c:1106:16: warning: variable ‘arg’ set but not used [-Wunused-but-set-variable]
 1106 |         uint32 arg;                                                          \
      |                ^~~
/home/osslab/mros2-wasm-service-communication-socket-journal/third_party/wamr/core/iwasm/interpreter/wasm_interp_classic.c:1149:9: note: in expansion of macro ‘INIT_THREAD_ID_CH’
 1149 |         INIT_THREAD_ID_CH();                                                \
      |         ^~~~~~~~~~~~~~~~~
/home/osslab/mros2-wasm-service-communication-socket-journal/third_party/wamr/core/iwasm/interpreter/wasm_interp_classic.c:1189:9: note: in expansion of macro ‘DO_CHECKPOINT’
 1189 |         DO_CHECKPOINT();                                                    \
      |         ^~~~~~~~~~~~~
/home/osslab/mros2-wasm-service-communication-socket-journal/third_party/wamr/core/iwasm/interpreter/wasm_interp_classic.c:1201:9: note: in expansion of macro ‘CHECK_DUMP’
 1201 |         CHECK_DUMP()                     \
      |         ^~~~~~~~~~
/home/osslab/mros2-wasm-service-communication-socket-journal/third_party/wamr/core/iwasm/interpreter/wasm_interp_classic.c:1223:25: note: in expansion of macro ‘FETCH_OPCODE_AND_DISPATCH’
 1223 | #define HANDLE_OP_END() FETCH_OPCODE_AND_DISPATCH()
      |                         ^~~~~~~~~~~~~~~~~~~~~~~~~
/home/osslab/mros2-wasm-service-communication-socket-journal/third_party/wamr/core/iwasm/interpreter/wasm_interp_classic.c:2104:17: note: in expansion of macro ‘HANDLE_OP_END’
 2104 |                 HANDLE_OP_END();
      |                 ^~~~~~~~~~~~~
/home/osslab/mros2-wasm-service-communication-socket-journal/third_party/wamr/core/iwasm/interpreter/wasm_loader.c: In function ‘load_from_sections’:
/home/osslab/mros2-wasm-service-communication-socket-journal/third_party/wamr/core/iwasm/interpreter/wasm_loader.c:3602:21: warning: declaration of ‘i’ shadows a previous local [-Wshadow]
 3602 |         for (size_t i = 0; i < call_stack.size; i++) {
      |                     ^
/home/osslab/mros2-wasm-service-communication-socket-journal/third_party/wamr/core/iwasm/interpreter/wasm_interp_classic.c:1153:17: warning: variable ‘dummy_sp’ set but not used [-Wunused-but-set-variable]
 1153 |         uint32 *dummy_sp;                                                   \
      |                 ^~~~~~~~
/home/osslab/mros2-wasm-service-communication-socket-journal/third_party/wamr/core/iwasm/interpreter/wasm_interp_classic.c:1189:9: note: in expansion of macro ‘DO_CHECKPOINT’
 1189 |         DO_CHECKPOINT();                                                    \
      |         ^~~~~~~~~~~~~
/home/osslab/mros2-wasm-service-communication-socket-journal/third_party/wamr/core/iwasm/interpreter/wasm_interp_classic.c:1201:9: note: in expansion of macro ‘CHECK_DUMP’
 1201 |         CHECK_DUMP()                     \
      |         ^~~~~~~~~~
/home/osslab/mros2-wasm-service-communication-socket-journal/third_party/wamr/core/iwasm/interpreter/wasm_interp_classic.c:1223:25: note: in expansion of macro ‘FETCH_OPCODE_AND_DISPATCH’
 1223 | #define HANDLE_OP_END() FETCH_OPCODE_AND_DISPATCH()
      |                         ^~~~~~~~~~~~~~~~~~~~~~~~~
/home/osslab/mros2-wasm-service-communication-socket-journal/third_party/wamr/core/iwasm/interpreter/wasm_interp_classic.c:2104:17: note: in expansion of macro ‘HANDLE_OP_END’
 2104 |                 HANDLE_OP_END();
      |                 ^~~~~~~~~~~~~
/home/osslab/mros2-wasm-service-communication-socket-journal/third_party/wamr/core/iwasm/interpreter/wasm_loader.c:3285:66: note: shadowed declaration is here
 3285 |     uint32 aux_stack_top = (uint32)-1, global_index, func_index, i;
      |                                                                  ^
/home/osslab/mros2-wasm-service-communication-socket-journal/third_party/wamr/core/iwasm/interpreter/wasm_interp_classic.c:1106:16: warning: variable ‘arg’ set but not used [-Wunused-but-set-variable]
 1106 |         uint32 arg;                                                          \
      |                ^~~
/home/osslab/mros2-wasm-service-communication-socket-journal/third_party/wamr/core/iwasm/interpreter/wasm_interp_classic.c:1149:9: note: in expansion of macro ‘INIT_THREAD_ID_CH’
 1149 |         INIT_THREAD_ID_CH();                                                \
      |         ^~~~~~~~~~~~~~~~~
/home/osslab/mros2-wasm-service-communication-socket-journal/third_party/wamr/core/iwasm/interpreter/wasm_interp_classic.c:1189:9: note: in expansion of macro ‘DO_CHECKPOINT’
 1189 |         DO_CHECKPOINT();                                                    \
      |         ^~~~~~~~~~~~~
/home/osslab/mros2-wasm-service-communication-socket-journal/third_party/wamr/core/iwasm/interpreter/wasm_interp_classic.c:1201:9: note: in expansion of macro ‘CHECK_DUMP’
 1201 |         CHECK_DUMP()                     \
      |         ^~~~~~~~~~
/home/osslab/mros2-wasm-service-communication-socket-journal/third_party/wamr/core/iwasm/interpreter/wasm_interp_classic.c:1223:25: note: in expansion of macro ‘FETCH_OPCODE_AND_DISPATCH’
 1223 | #define HANDLE_OP_END() FETCH_OPCODE_AND_DISPATCH()
      |                         ^~~~~~~~~~~~~~~~~~~~~~~~~
/home/osslab/mros2-wasm-service-communication-socket-journal/third_party/wamr/core/iwasm/interpreter/wasm_interp_classic.c:2113:17: note: in expansion of macro ‘HANDLE_OP_END’
 2113 |                 HANDLE_OP_END();
      |                 ^~~~~~~~~~~~~
/home/osslab/mros2-wasm-service-communication-socket-journal/third_party/wamr/core/iwasm/interpreter/wasm_interp_classic.c:1153:17: warning: variable ‘dummy_sp’ set but not used [-Wunused-but-set-variable]
 1153 |         uint32 *dummy_sp;                                                   \
      |                 ^~~~~~~~
/home/osslab/mros2-wasm-service-communication-socket-journal/third_party/wamr/core/iwasm/interpreter/wasm_interp_classic.c:1189:9: note: in expansion of macro ‘DO_CHECKPOINT’
 1189 |         DO_CHECKPOINT();                                                    \
      |         ^~~~~~~~~~~~~
/home/osslab/mros2-wasm-service-communication-socket-journal/third_party/wamr/core/iwasm/interpreter/wasm_interp_classic.c:1201:9: note: in expansion of macro ‘CHECK_DUMP’
 1201 |         CHECK_DUMP()                     \
      |         ^~~~~~~~~~
/home/osslab/mros2-wasm-service-communication-socket-journal/third_party/wamr/core/iwasm/interpreter/wasm_interp_classic.c:1223:25: note: in expansion of macro ‘FETCH_OPCODE_AND_DISPATCH’
 1223 | #define HANDLE_OP_END() FETCH_OPCODE_AND_DISPATCH()
      |                         ^~~~~~~~~~~~~~~~~~~~~~~~~
/home/osslab/mros2-wasm-service-communication-socket-journal/third_party/wamr/core/iwasm/interpreter/wasm_interp_classic.c:2113:17: note: in expansion of macro ‘HANDLE_OP_END’
 2113 |                 HANDLE_OP_END();
      |                 ^~~~~~~~~~~~~
/home/osslab/mros2-wasm-service-communication-socket-journal/third_party/wamr/core/iwasm/interpreter/wasm_interp_classic.c:1106:16: warning: variable ‘arg’ set but not used [-Wunused-but-set-variable]
 1106 |         uint32 arg;                                                          \
      |                ^~~
/home/osslab/mros2-wasm-service-communication-socket-journal/third_party/wamr/core/iwasm/interpreter/wasm_interp_classic.c:1149:9: note: in expansion of macro ‘INIT_THREAD_ID_CH’
 1149 |         INIT_THREAD_ID_CH();                                                \
      |         ^~~~~~~~~~~~~~~~~
/home/osslab/mros2-wasm-service-communication-socket-journal/third_party/wamr/core/iwasm/interpreter/wasm_interp_classic.c:1189:9: note: in expansion of macro ‘DO_CHECKPOINT’
 1189 |         DO_CHECKPOINT();                                                    \
      |         ^~~~~~~~~~~~~
/home/osslab/mros2-wasm-service-communication-socket-journal/third_party/wamr/core/iwasm/interpreter/wasm_interp_classic.c:1201:9: note: in expansion of macro ‘CHECK_DUMP’
 1201 |         CHECK_DUMP()                     \
      |         ^~~~~~~~~~
/home/osslab/mros2-wasm-service-communication-socket-journal/third_party/wamr/core/iwasm/interpreter/wasm_interp_classic.c:1223:25: note: in expansion of macro ‘FETCH_OPCODE_AND_DISPATCH’
 1223 | #define HANDLE_OP_END() FETCH_OPCODE_AND_DISPATCH()
      |                         ^~~~~~~~~~~~~~~~~~~~~~~~~
/home/osslab/mros2-wasm-service-communication-socket-journal/third_party/wamr/core/iwasm/interpreter/wasm_interp_classic.c:2124:17: note: in expansion of macro ‘HANDLE_OP_END’
 2124 |                 HANDLE_OP_END();
      |                 ^~~~~~~~~~~~~
/home/osslab/mros2-wasm-service-communication-socket-journal/third_party/wamr/core/iwasm/interpreter/wasm_interp_classic.c:1153:17: warning: variable ‘dummy_sp’ set but not used [-Wunused-but-set-variable]
 1153 |         uint32 *dummy_sp;                                                   \
      |                 ^~~~~~~~
/home/osslab/mros2-wasm-service-communication-socket-journal/third_party/wamr/core/iwasm/interpreter/wasm_interp_classic.c:1189:9: note: in expansion of macro ‘DO_CHECKPOINT’
 1189 |         DO_CHECKPOINT();                                                    \
      |         ^~~~~~~~~~~~~
/home/osslab/mros2-wasm-service-communication-socket-journal/third_party/wamr/core/iwasm/interpreter/wasm_interp_classic.c:1201:9: note: in expansion of macro ‘CHECK_DUMP’
 1201 |         CHECK_DUMP()                     \
      |         ^~~~~~~~~~
/home/osslab/mros2-wasm-service-communication-socket-journal/third_party/wamr/core/iwasm/interpreter/wasm_interp_classic.c:1223:25: note: in expansion of macro ‘FETCH_OPCODE_AND_DISPATCH’
 1223 | #define HANDLE_OP_END() FETCH_OPCODE_AND_DISPATCH()
      |                         ^~~~~~~~~~~~~~~~~~~~~~~~~
/home/osslab/mros2-wasm-service-communication-socket-journal/third_party/wamr/core/iwasm/interpreter/wasm_interp_classic.c:2124:17: note: in expansion of macro ‘HANDLE_OP_END’
 2124 |                 HANDLE_OP_END();
      |                 ^~~~~~~~~~~~~
/home/osslab/mros2-wasm-service-communication-socket-journal/third_party/wamr/core/iwasm/interpreter/wasm_interp_classic.c:1106:16: warning: variable ‘arg’ set but not used [-Wunused-but-set-variable]
 1106 |         uint32 arg;                                                          \
      |                ^~~
/home/osslab/mros2-wasm-service-communication-socket-journal/third_party/wamr/core/iwasm/interpreter/wasm_interp_classic.c:1149:9: note: in expansion of macro ‘INIT_THREAD_ID_CH’
 1149 |         INIT_THREAD_ID_CH();                                                \
      |         ^~~~~~~~~~~~~~~~~
/home/osslab/mros2-wasm-service-communication-socket-journal/third_party/wamr/core/iwasm/interpreter/wasm_interp_classic.c:1189:9: note: in expansion of macro ‘DO_CHECKPOINT’
 1189 |         DO_CHECKPOINT();                                                    \
      |         ^~~~~~~~~~~~~
/home/osslab/mros2-wasm-service-communication-socket-journal/third_party/wamr/core/iwasm/interpreter/wasm_interp_classic.c:1201:9: note: in expansion of macro ‘CHECK_DUMP’
 1201 |         CHECK_DUMP()                     \
      |         ^~~~~~~~~~
/home/osslab/mros2-wasm-service-communication-socket-journal/third_party/wamr/core/iwasm/interpreter/wasm_interp_classic.c:1223:25: note: in expansion of macro ‘FETCH_OPCODE_AND_DISPATCH’
 1223 | #define HANDLE_OP_END() FETCH_OPCODE_AND_DISPATCH()
      |                         ^~~~~~~~~~~~~~~~~~~~~~~~~
/home/osslab/mros2-wasm-service-communication-socket-journal/third_party/wamr/core/iwasm/interpreter/wasm_interp_classic.c:2151:17: note: in expansion of macro ‘HANDLE_OP_END’
 2151 |                 HANDLE_OP_END();
      |                 ^~~~~~~~~~~~~
/home/osslab/mros2-wasm-service-communication-socket-journal/third_party/wamr/core/iwasm/interpreter/wasm_interp_classic.c:1153:17: warning: variable ‘dummy_sp’ set but not used [-Wunused-but-set-variable]
 1153 |         uint32 *dummy_sp;                                                   \
      |                 ^~~~~~~~
/home/osslab/mros2-wasm-service-communication-socket-journal/third_party/wamr/core/iwasm/interpreter/wasm_interp_classic.c:1189:9: note: in expansion of macro ‘DO_CHECKPOINT’
 1189 |         DO_CHECKPOINT();                                                    \
      |         ^~~~~~~~~~~~~
/home/osslab/mros2-wasm-service-communication-socket-journal/third_party/wamr/core/iwasm/interpreter/wasm_interp_classic.c:1201:9: note: in expansion of macro ‘CHECK_DUMP’
 1201 |         CHECK_DUMP()                     \
      |         ^~~~~~~~~~
/home/osslab/mros2-wasm-service-communication-socket-journal/third_party/wamr/core/iwasm/interpreter/wasm_interp_classic.c:1223:25: note: in expansion of macro ‘FETCH_OPCODE_AND_DISPATCH’
 1223 | #define HANDLE_OP_END() FETCH_OPCODE_AND_DISPATCH()
      |                         ^~~~~~~~~~~~~~~~~~~~~~~~~
/home/osslab/mros2-wasm-service-communication-socket-journal/third_party/wamr/core/iwasm/interpreter/wasm_interp_classic.c:2151:17: note: in expansion of macro ‘HANDLE_OP_END’
 2151 |                 HANDLE_OP_END();
      |                 ^~~~~~~~~~~~~
/home/osslab/mros2-wasm-service-communication-socket-journal/third_party/wamr/core/iwasm/interpreter/wasm_interp_classic.c:1106:16: warning: variable ‘arg’ set but not used [-Wunused-but-set-variable]
 1106 |         uint32 arg;                                                          \
      |                ^~~
/home/osslab/mros2-wasm-service-communication-socket-journal/third_party/wamr/core/iwasm/interpreter/wasm_interp_classic.c:1149:9: note: in expansion of macro ‘INIT_THREAD_ID_CH’
 1149 |         INIT_THREAD_ID_CH();                                                \
      |         ^~~~~~~~~~~~~~~~~
/home/osslab/mros2-wasm-service-communication-socket-journal/third_party/wamr/core/iwasm/interpreter/wasm_interp_classic.c:1189:9: note: in expansion of macro ‘DO_CHECKPOINT’
 1189 |         DO_CHECKPOINT();                                                    \
      |         ^~~~~~~~~~~~~
/home/osslab/mros2-wasm-service-communication-socket-journal/third_party/wamr/core/iwasm/interpreter/wasm_interp_classic.c:1201:9: note: in expansion of macro ‘CHECK_DUMP’
 1201 |         CHECK_DUMP()                     \
      |         ^~~~~~~~~~
/home/osslab/mros2-wasm-service-communication-socket-journal/third_party/wamr/core/iwasm/interpreter/wasm_interp_classic.c:1223:25: note: in expansion of macro ‘FETCH_OPCODE_AND_DISPATCH’
 1223 | #define HANDLE_OP_END() FETCH_OPCODE_AND_DISPATCH()
      |                         ^~~~~~~~~~~~~~~~~~~~~~~~~
/home/osslab/mros2-wasm-service-communication-socket-journal/third_party/wamr/core/iwasm/interpreter/wasm_interp_classic.c:2170:17: note: in expansion of macro ‘HANDLE_OP_END’
 2170 |                 HANDLE_OP_END();
      |                 ^~~~~~~~~~~~~
/home/osslab/mros2-wasm-service-communication-socket-journal/third_party/wamr/core/iwasm/interpreter/wasm_interp_classic.c:1153:17: warning: variable ‘dummy_sp’ set but not used [-Wunused-but-set-variable]
 1153 |         uint32 *dummy_sp;                                                   \
      |                 ^~~~~~~~
/home/osslab/mros2-wasm-service-communication-socket-journal/third_party/wamr/core/iwasm/interpreter/wasm_interp_classic.c:1189:9: note: in expansion of macro ‘DO_CHECKPOINT’
 1189 |         DO_CHECKPOINT();                                                    \
      |         ^~~~~~~~~~~~~
/home/osslab/mros2-wasm-service-communication-socket-journal/third_party/wamr/core/iwasm/interpreter/wasm_interp_classic.c:1201:9: note: in expansion of macro ‘CHECK_DUMP’
 1201 |         CHECK_DUMP()                     \
      |         ^~~~~~~~~~
/home/osslab/mros2-wasm-service-communication-socket-journal/third_party/wamr/core/iwasm/interpreter/wasm_interp_classic.c:1223:25: note: in expansion of macro ‘FETCH_OPCODE_AND_DISPATCH’
 1223 | #define HANDLE_OP_END() FETCH_OPCODE_AND_DISPATCH()
      |                         ^~~~~~~~~~~~~~~~~~~~~~~~~
/home/osslab/mros2-wasm-service-communication-socket-journal/third_party/wamr/core/iwasm/interpreter/wasm_interp_classic.c:2170:17: note: in expansion of macro ‘HANDLE_OP_END’
 2170 |                 HANDLE_OP_END();
      |                 ^~~~~~~~~~~~~
/home/osslab/mros2-wasm-service-communication-socket-journal/third_party/wamr/core/iwasm/interpreter/wasm_interp_classic.c:1106:16: warning: variable ‘arg’ set but not used [-Wunused-but-set-variable]
 1106 |         uint32 arg;                                                          \
      |                ^~~
/home/osslab/mros2-wasm-service-communication-socket-journal/third_party/wamr/core/iwasm/interpreter/wasm_interp_classic.c:1149:9: note: in expansion of macro ‘INIT_THREAD_ID_CH’
 1149 |         INIT_THREAD_ID_CH();                                                \
      |         ^~~~~~~~~~~~~~~~~
/home/osslab/mros2-wasm-service-communication-socket-journal/third_party/wamr/core/iwasm/interpreter/wasm_interp_classic.c:1189:9: note: in expansion of macro ‘DO_CHECKPOINT’
 1189 |         DO_CHECKPOINT();                                                    \
      |         ^~~~~~~~~~~~~
/home/osslab/mros2-wasm-service-communication-socket-journal/third_party/wamr/core/iwasm/interpreter/wasm_interp_classic.c:1201:9: note: in expansion of macro ‘CHECK_DUMP’
 1201 |         CHECK_DUMP()                     \
      |         ^~~~~~~~~~
/home/osslab/mros2-wasm-service-communication-socket-journal/third_party/wamr/core/iwasm/interpreter/wasm_interp_classic.c:1223:25: note: in expansion of macro ‘FETCH_OPCODE_AND_DISPATCH’
 1223 | #define HANDLE_OP_END() FETCH_OPCODE_AND_DISPATCH()
      |                         ^~~~~~~~~~~~~~~~~~~~~~~~~
/home/osslab/mros2-wasm-service-communication-socket-journal/third_party/wamr/core/iwasm/interpreter/wasm_interp_classic.c:2191:17: note: in expansion of macro ‘HANDLE_OP_END’
 2191 |                 HANDLE_OP_END();
      |                 ^~~~~~~~~~~~~
/home/osslab/mros2-wasm-service-communication-socket-journal/third_party/wamr/core/iwasm/interpreter/wasm_interp_classic.c:1153:17: warning: variable ‘dummy_sp’ set but not used [-Wunused-but-set-variable]
 1153 |         uint32 *dummy_sp;                                                   \
      |                 ^~~~~~~~
/home/osslab/mros2-wasm-service-communication-socket-journal/third_party/wamr/core/iwasm/interpreter/wasm_interp_classic.c:1189:9: note: in expansion of macro ‘DO_CHECKPOINT’
 1189 |         DO_CHECKPOINT();                                                    \
      |         ^~~~~~~~~~~~~
/home/osslab/mros2-wasm-service-communication-socket-journal/third_party/wamr/core/iwasm/interpreter/wasm_interp_classic.c:1201:9: note: in expansion of macro ‘CHECK_DUMP’
 1201 |         CHECK_DUMP()                     \
      |         ^~~~~~~~~~
/home/osslab/mros2-wasm-service-communication-socket-journal/third_party/wamr/core/iwasm/interpreter/wasm_interp_classic.c:1223:25: note: in expansion of macro ‘FETCH_OPCODE_AND_DISPATCH’
 1223 | #define HANDLE_OP_END() FETCH_OPCODE_AND_DISPATCH()
      |                         ^~~~~~~~~~~~~~~~~~~~~~~~~
/home/osslab/mros2-wasm-service-communication-socket-journal/third_party/wamr/core/iwasm/interpreter/wasm_interp_classic.c:2191:17: note: in expansion of macro ‘HANDLE_OP_END’
 2191 |                 HANDLE_OP_END();
      |                 ^~~~~~~~~~~~~
/home/osslab/mros2-wasm-service-communication-socket-journal/third_party/wamr/core/iwasm/interpreter/wasm_interp_classic.c:1106:16: warning: variable ‘arg’ set but not used [-Wunused-but-set-variable]
 1106 |         uint32 arg;                                                          \
      |                ^~~
/home/osslab/mros2-wasm-service-communication-socket-journal/third_party/wamr/core/iwasm/interpreter/wasm_interp_classic.c:1149:9: note: in expansion of macro ‘INIT_THREAD_ID_CH’
 1149 |         INIT_THREAD_ID_CH();                                                \
      |         ^~~~~~~~~~~~~~~~~
/home/osslab/mros2-wasm-service-communication-socket-journal/third_party/wamr/core/iwasm/interpreter/wasm_interp_classic.c:1189:9: note: in expansion of macro ‘DO_CHECKPOINT’
 1189 |         DO_CHECKPOINT();                                                    \
      |         ^~~~~~~~~~~~~
/home/osslab/mros2-wasm-service-communication-socket-journal/third_party/wamr/core/iwasm/interpreter/wasm_interp_classic.c:1201:9: note: in expansion of macro ‘CHECK_DUMP’
 1201 |         CHECK_DUMP()                     \
      |         ^~~~~~~~~~
/home/osslab/mros2-wasm-service-communication-socket-journal/third_party/wamr/core/iwasm/interpreter/wasm_interp_classic.c:1223:25: note: in expansion of macro ‘FETCH_OPCODE_AND_DISPATCH’
 1223 | #define HANDLE_OP_END() FETCH_OPCODE_AND_DISPATCH()
      |                         ^~~~~~~~~~~~~~~~~~~~~~~~~
/home/osslab/mros2-wasm-service-communication-socket-journal/third_party/wamr/core/iwasm/interpreter/wasm_interp_classic.c:2200:17: note: in expansion of macro ‘HANDLE_OP_END’
 2200 |                 HANDLE_OP_END();
      |                 ^~~~~~~~~~~~~
/home/osslab/mros2-wasm-service-communication-socket-journal/third_party/wamr/core/iwasm/interpreter/wasm_interp_classic.c:1153:17: warning: variable ‘dummy_sp’ set but not used [-Wunused-but-set-variable]
 1153 |         uint32 *dummy_sp;                                                   \
      |                 ^~~~~~~~
/home/osslab/mros2-wasm-service-communication-socket-journal/third_party/wamr/core/iwasm/interpreter/wasm_interp_classic.c:1189:9: note: in expansion of macro ‘DO_CHECKPOINT’
 1189 |         DO_CHECKPOINT();                                                    \
      |         ^~~~~~~~~~~~~
/home/osslab/mros2-wasm-service-communication-socket-journal/third_party/wamr/core/iwasm/interpreter/wasm_interp_classic.c:1201:9: note: in expansion of macro ‘CHECK_DUMP’
 1201 |         CHECK_DUMP()                     \
      |         ^~~~~~~~~~
/home/osslab/mros2-wasm-service-communication-socket-journal/third_party/wamr/core/iwasm/interpreter/wasm_interp_classic.c:1223:25: note: in expansion of macro ‘FETCH_OPCODE_AND_DISPATCH’
 1223 | #define HANDLE_OP_END() FETCH_OPCODE_AND_DISPATCH()
      |                         ^~~~~~~~~~~~~~~~~~~~~~~~~
/home/osslab/mros2-wasm-service-communication-socket-journal/third_party/wamr/core/iwasm/interpreter/wasm_interp_classic.c:2200:17: note: in expansion of macro ‘HANDLE_OP_END’
 2200 |                 HANDLE_OP_END();
      |                 ^~~~~~~~~~~~~
/home/osslab/mros2-wasm-service-communication-socket-journal/third_party/wamr/core/iwasm/interpreter/wasm_interp_classic.c:1106:16: warning: variable ‘arg’ set but not used [-Wunused-but-set-variable]
 1106 |         uint32 arg;                                                          \
      |                ^~~
/home/osslab/mros2-wasm-service-communication-socket-journal/third_party/wamr/core/iwasm/interpreter/wasm_interp_classic.c:1149:9: note: in expansion of macro ‘INIT_THREAD_ID_CH’
 1149 |         INIT_THREAD_ID_CH();                                                \
      |         ^~~~~~~~~~~~~~~~~
/home/osslab/mros2-wasm-service-communication-socket-journal/third_party/wamr/core/iwasm/interpreter/wasm_interp_classic.c:1189:9: note: in expansion of macro ‘DO_CHECKPOINT’
 1189 |         DO_CHECKPOINT();                                                    \
      |         ^~~~~~~~~~~~~
/home/osslab/mros2-wasm-service-communication-socket-journal/third_party/wamr/core/iwasm/interpreter/wasm_interp_classic.c:1201:9: note: in expansion of macro ‘CHECK_DUMP’
 1201 |         CHECK_DUMP()                     \
      |         ^~~~~~~~~~
/home/osslab/mros2-wasm-service-communication-socket-journal/third_party/wamr/core/iwasm/interpreter/wasm_interp_classic.c:1223:25: note: in expansion of macro ‘FETCH_OPCODE_AND_DISPATCH’
 1223 | #define HANDLE_OP_END() FETCH_OPCODE_AND_DISPATCH()
      |                         ^~~~~~~~~~~~~~~~~~~~~~~~~
/home/osslab/mros2-wasm-service-communication-socket-journal/third_party/wamr/core/iwasm/interpreter/wasm_interp_classic.c:2208:17: note: in expansion of macro ‘HANDLE_OP_END’
 2208 |                 HANDLE_OP_END();
      |                 ^~~~~~~~~~~~~
/home/osslab/mros2-wasm-service-communication-socket-journal/third_party/wamr/core/iwasm/interpreter/wasm_interp_classic.c:1153:17: warning: variable ‘dummy_sp’ set but not used [-Wunused-but-set-variable]
 1153 |         uint32 *dummy_sp;                                                   \
      |                 ^~~~~~~~
/home/osslab/mros2-wasm-service-communication-socket-journal/third_party/wamr/core/iwasm/interpreter/wasm_interp_classic.c:1189:9: note: in expansion of macro ‘DO_CHECKPOINT’
 1189 |         DO_CHECKPOINT();                                                    \
      |         ^~~~~~~~~~~~~
/home/osslab/mros2-wasm-service-communication-socket-journal/third_party/wamr/core/iwasm/interpreter/wasm_interp_classic.c:1201:9: note: in expansion of macro ‘CHECK_DUMP’
 1201 |         CHECK_DUMP()                     \
      |         ^~~~~~~~~~
/home/osslab/mros2-wasm-service-communication-socket-journal/third_party/wamr/core/iwasm/interpreter/wasm_interp_classic.c:1223:25: note: in expansion of macro ‘FETCH_OPCODE_AND_DISPATCH’
 1223 | #define HANDLE_OP_END() FETCH_OPCODE_AND_DISPATCH()
      |                         ^~~~~~~~~~~~~~~~~~~~~~~~~
/home/osslab/mros2-wasm-service-communication-socket-journal/third_party/wamr/core/iwasm/interpreter/wasm_interp_classic.c:2208:17: note: in expansion of macro ‘HANDLE_OP_END’
 2208 |                 HANDLE_OP_END();
      |                 ^~~~~~~~~~~~~
/home/osslab/mros2-wasm-service-communication-socket-journal/third_party/wamr/core/iwasm/interpreter/wasm_interp_classic.c:1106:16: warning: variable ‘arg’ set but not used [-Wunused-but-set-variable]
 1106 |         uint32 arg;                                                          \
      |                ^~~
/home/osslab/mros2-wasm-service-communication-socket-journal/third_party/wamr/core/iwasm/interpreter/wasm_interp_classic.c:1149:9: note: in expansion of macro ‘INIT_THREAD_ID_CH’
 1149 |         INIT_THREAD_ID_CH();                                                \
      |         ^~~~~~~~~~~~~~~~~
/home/osslab/mros2-wasm-service-communication-socket-journal/third_party/wamr/core/iwasm/interpreter/wasm_interp_classic.c:1189:9: note: in expansion of macro ‘DO_CHECKPOINT’
 1189 |         DO_CHECKPOINT();                                                    \
      |         ^~~~~~~~~~~~~
/home/osslab/mros2-wasm-service-communication-socket-journal/third_party/wamr/core/iwasm/interpreter/wasm_interp_classic.c:1201:9: note: in expansion of macro ‘CHECK_DUMP’
 1201 |         CHECK_DUMP()                     \
      |         ^~~~~~~~~~
/home/osslab/mros2-wasm-service-communication-socket-journal/third_party/wamr/core/iwasm/interpreter/wasm_interp_classic.c:1223:25: note: in expansion of macro ‘FETCH_OPCODE_AND_DISPATCH’
 1223 | #define HANDLE_OP_END() FETCH_OPCODE_AND_DISPATCH()
      |                         ^~~~~~~~~~~~~~~~~~~~~~~~~
/home/osslab/mros2-wasm-service-communication-socket-journal/third_party/wamr/core/iwasm/interpreter/wasm_interp_classic.c:2216:17: note: in expansion of macro ‘HANDLE_OP_END’
 2216 |                 HANDLE_OP_END();
      |                 ^~~~~~~~~~~~~
/home/osslab/mros2-wasm-service-communication-socket-journal/third_party/wamr/core/iwasm/interpreter/wasm_interp_classic.c:1153:17: warning: variable ‘dummy_sp’ set but not used [-Wunused-but-set-variable]
 1153 |         uint32 *dummy_sp;                                                   \
      |                 ^~~~~~~~
/home/osslab/mros2-wasm-service-communication-socket-journal/third_party/wamr/core/iwasm/interpreter/wasm_interp_classic.c:1189:9: note: in expansion of macro ‘DO_CHECKPOINT’
 1189 |         DO_CHECKPOINT();                                                    \
      |         ^~~~~~~~~~~~~
/home/osslab/mros2-wasm-service-communication-socket-journal/third_party/wamr/core/iwasm/interpreter/wasm_interp_classic.c:1201:9: note: in expansion of macro ‘CHECK_DUMP’
 1201 |         CHECK_DUMP()                     \
      |         ^~~~~~~~~~
/home/osslab/mros2-wasm-service-communication-socket-journal/third_party/wamr/core/iwasm/interpreter/wasm_interp_classic.c:1223:25: note: in expansion of macro ‘FETCH_OPCODE_AND_DISPATCH’
 1223 | #define HANDLE_OP_END() FETCH_OPCODE_AND_DISPATCH()
      |                         ^~~~~~~~~~~~~~~~~~~~~~~~~
/home/osslab/mros2-wasm-service-communication-socket-journal/third_party/wamr/core/iwasm/interpreter/wasm_interp_classic.c:2216:17: note: in expansion of macro ‘HANDLE_OP_END’
 2216 |                 HANDLE_OP_END();
      |                 ^~~~~~~~~~~~~
/home/osslab/mros2-wasm-service-communication-socket-journal/third_party/wamr/core/iwasm/interpreter/wasm_interp_classic.c:1106:16: warning: variable ‘arg’ set but not used [-Wunused-but-set-variable]
 1106 |         uint32 arg;                                                          \
      |                ^~~
/home/osslab/mros2-wasm-service-communication-socket-journal/third_party/wamr/core/iwasm/interpreter/wasm_interp_classic.c:1149:9: note: in expansion of macro ‘INIT_THREAD_ID_CH’
 1149 |         INIT_THREAD_ID_CH();                                                \
      |         ^~~~~~~~~~~~~~~~~
/home/osslab/mros2-wasm-service-communication-socket-journal/third_party/wamr/core/iwasm/interpreter/wasm_interp_classic.c:1189:9: note: in expansion of macro ‘DO_CHECKPOINT’
 1189 |         DO_CHECKPOINT();                                                    \
      |         ^~~~~~~~~~~~~
/home/osslab/mros2-wasm-service-communication-socket-journal/third_party/wamr/core/iwasm/interpreter/wasm_interp_classic.c:1201:9: note: in expansion of macro ‘CHECK_DUMP’
 1201 |         CHECK_DUMP()                     \
      |         ^~~~~~~~~~
/home/osslab/mros2-wasm-service-communication-socket-journal/third_party/wamr/core/iwasm/interpreter/wasm_interp_classic.c:1223:25: note: in expansion of macro ‘FETCH_OPCODE_AND_DISPATCH’
 1223 | #define HANDLE_OP_END() FETCH_OPCODE_AND_DISPATCH()
      |                         ^~~~~~~~~~~~~~~~~~~~~~~~~
/home/osslab/mros2-wasm-service-communication-socket-journal/third_party/wamr/core/iwasm/interpreter/wasm_interp_classic.c:2243:17: note: in expansion of macro ‘HANDLE_OP_END’
 2243 |                 HANDLE_OP_END();
      |                 ^~~~~~~~~~~~~
/home/osslab/mros2-wasm-service-communication-socket-journal/third_party/wamr/core/iwasm/interpreter/wasm_interp_classic.c:1153:17: warning: variable ‘dummy_sp’ set but not used [-Wunused-but-set-variable]
 1153 |         uint32 *dummy_sp;                                                   \
      |                 ^~~~~~~~
/home/osslab/mros2-wasm-service-communication-socket-journal/third_party/wamr/core/iwasm/interpreter/wasm_interp_classic.c:1189:9: note: in expansion of macro ‘DO_CHECKPOINT’
 1189 |         DO_CHECKPOINT();                                                    \
      |         ^~~~~~~~~~~~~
/home/osslab/mros2-wasm-service-communication-socket-journal/third_party/wamr/core/iwasm/interpreter/wasm_interp_classic.c:1201:9: note: in expansion of macro ‘CHECK_DUMP’
 1201 |         CHECK_DUMP()                     \
      |         ^~~~~~~~~~
/home/osslab/mros2-wasm-service-communication-socket-journal/third_party/wamr/core/iwasm/interpreter/wasm_interp_classic.c:1223:25: note: in expansion of macro ‘FETCH_OPCODE_AND_DISPATCH’
 1223 | #define HANDLE_OP_END() FETCH_OPCODE_AND_DISPATCH()
      |                         ^~~~~~~~~~~~~~~~~~~~~~~~~
/home/osslab/mros2-wasm-service-communication-socket-journal/third_party/wamr/core/iwasm/interpreter/wasm_interp_classic.c:2243:17: note: in expansion of macro ‘HANDLE_OP_END’
 2243 |                 HANDLE_OP_END();
      |                 ^~~~~~~~~~~~~
/home/osslab/mros2-wasm-service-communication-socket-journal/third_party/wamr/core/iwasm/interpreter/wasm_interp_classic.c:1106:16: warning: variable ‘arg’ set but not used [-Wunused-but-set-variable]
 1106 |         uint32 arg;                                                          \
      |                ^~~
/home/osslab/mros2-wasm-service-communication-socket-journal/third_party/wamr/core/iwasm/interpreter/wasm_interp_classic.c:1149:9: note: in expansion of macro ‘INIT_THREAD_ID_CH’
 1149 |         INIT_THREAD_ID_CH();                                                \
      |         ^~~~~~~~~~~~~~~~~
/home/osslab/mros2-wasm-service-communication-socket-journal/third_party/wamr/core/iwasm/interpreter/wasm_interp_classic.c:1189:9: note: in expansion of macro ‘DO_CHECKPOINT’
 1189 |         DO_CHECKPOINT();                                                    \
      |         ^~~~~~~~~~~~~
/home/osslab/mros2-wasm-service-communication-socket-journal/third_party/wamr/core/iwasm/interpreter/wasm_interp_classic.c:1201:9: note: in expansion of macro ‘CHECK_DUMP’
 1201 |         CHECK_DUMP()                     \
      |         ^~~~~~~~~~
/home/osslab/mros2-wasm-service-communication-socket-journal/third_party/wamr/core/iwasm/interpreter/wasm_interp_classic.c:1223:25: note: in expansion of macro ‘FETCH_OPCODE_AND_DISPATCH’
 1223 | #define HANDLE_OP_END() FETCH_OPCODE_AND_DISPATCH()
      |                         ^~~~~~~~~~~~~~~~~~~~~~~~~
/home/osslab/mros2-wasm-service-communication-socket-journal/third_party/wamr/core/iwasm/interpreter/wasm_interp_classic.c:2254:17: note: in expansion of macro ‘HANDLE_OP_END’
 2254 |                 HANDLE_OP_END();
      |                 ^~~~~~~~~~~~~
/home/osslab/mros2-wasm-service-communication-socket-journal/third_party/wamr/core/iwasm/interpreter/wasm_interp_classic.c:1153:17: warning: variable ‘dummy_sp’ set but not used [-Wunused-but-set-variable]
 1153 |         uint32 *dummy_sp;                                                   \
      |                 ^~~~~~~~
/home/osslab/mros2-wasm-service-communication-socket-journal/third_party/wamr/core/iwasm/interpreter/wasm_interp_classic.c:1189:9: note: in expansion of macro ‘DO_CHECKPOINT’
 1189 |         DO_CHECKPOINT();                                                    \
      |         ^~~~~~~~~~~~~
/home/osslab/mros2-wasm-service-communication-socket-journal/third_party/wamr/core/iwasm/interpreter/wasm_interp_classic.c:1201:9: note: in expansion of macro ‘CHECK_DUMP’
 1201 |         CHECK_DUMP()                     \
      |         ^~~~~~~~~~
/home/osslab/mros2-wasm-service-communication-socket-journal/third_party/wamr/core/iwasm/interpreter/wasm_interp_classic.c:1223:25: note: in expansion of macro ‘FETCH_OPCODE_AND_DISPATCH’
 1223 | #define HANDLE_OP_END() FETCH_OPCODE_AND_DISPATCH()
      |                         ^~~~~~~~~~~~~~~~~~~~~~~~~
/home/osslab/mros2-wasm-service-communication-socket-journal/third_party/wamr/core/iwasm/interpreter/wasm_interp_classic.c:2254:17: note: in expansion of macro ‘HANDLE_OP_END’
 2254 |                 HANDLE_OP_END();
      |                 ^~~~~~~~~~~~~
/home/osslab/mros2-wasm-service-communication-socket-journal/third_party/wamr/core/iwasm/interpreter/wasm_interp_classic.c:1106:16: warning: variable ‘arg’ set but not used [-Wunused-but-set-variable]
 1106 |         uint32 arg;                                                          \
      |                ^~~
/home/osslab/mros2-wasm-service-communication-socket-journal/third_party/wamr/core/iwasm/interpreter/wasm_interp_classic.c:1149:9: note: in expansion of macro ‘INIT_THREAD_ID_CH’
 1149 |         INIT_THREAD_ID_CH();                                                \
      |         ^~~~~~~~~~~~~~~~~
/home/osslab/mros2-wasm-service-communication-socket-journal/third_party/wamr/core/iwasm/interpreter/wasm_interp_classic.c:1189:9: note: in expansion of macro ‘DO_CHECKPOINT’
 1189 |         DO_CHECKPOINT();                                                    \
      |         ^~~~~~~~~~~~~
/home/osslab/mros2-wasm-service-communication-socket-journal/third_party/wamr/core/iwasm/interpreter/wasm_interp_classic.c:1201:9: note: in expansion of macro ‘CHECK_DUMP’
 1201 |         CHECK_DUMP()                     \
      |         ^~~~~~~~~~
/home/osslab/mros2-wasm-service-communication-socket-journal/third_party/wamr/core/iwasm/interpreter/wasm_interp_classic.c:1223:25: note: in expansion of macro ‘FETCH_OPCODE_AND_DISPATCH’
 1223 | #define HANDLE_OP_END() FETCH_OPCODE_AND_DISPATCH()
      |                         ^~~~~~~~~~~~~~~~~~~~~~~~~
/home/osslab/mros2-wasm-service-communication-socket-journal/third_party/wamr/core/iwasm/interpreter/wasm_interp_classic.c:2280:17: note: in expansion of macro ‘HANDLE_OP_END’
 2280 |                 HANDLE_OP_END();
      |                 ^~~~~~~~~~~~~
/home/osslab/mros2-wasm-service-communication-socket-journal/third_party/wamr/core/iwasm/interpreter/wasm_interp_classic.c:1153:17: warning: variable ‘dummy_sp’ set but not used [-Wunused-but-set-variable]
 1153 |         uint32 *dummy_sp;                                                   \
      |                 ^~~~~~~~
/home/osslab/mros2-wasm-service-communication-socket-journal/third_party/wamr/core/iwasm/interpreter/wasm_interp_classic.c:1189:9: note: in expansion of macro ‘DO_CHECKPOINT’
 1189 |         DO_CHECKPOINT();                                                    \
      |         ^~~~~~~~~~~~~
/home/osslab/mros2-wasm-service-communication-socket-journal/third_party/wamr/core/iwasm/interpreter/wasm_interp_classic.c:1201:9: note: in expansion of macro ‘CHECK_DUMP’
 1201 |         CHECK_DUMP()                     \
      |         ^~~~~~~~~~
/home/osslab/mros2-wasm-service-communication-socket-journal/third_party/wamr/core/iwasm/interpreter/wasm_interp_classic.c:1223:25: note: in expansion of macro ‘FETCH_OPCODE_AND_DISPATCH’
 1223 | #define HANDLE_OP_END() FETCH_OPCODE_AND_DISPATCH()
      |                         ^~~~~~~~~~~~~~~~~~~~~~~~~
/home/osslab/mros2-wasm-service-communication-socket-journal/third_party/wamr/core/iwasm/interpreter/wasm_interp_classic.c:2280:17: note: in expansion of macro ‘HANDLE_OP_END’
 2280 |                 HANDLE_OP_END();
      |                 ^~~~~~~~~~~~~
/home/osslab/mros2-wasm-service-communication-socket-journal/third_party/wamr/core/iwasm/interpreter/wasm_loader.c: In function ‘wasm_loader_prepare_bytecode’:
/home/osslab/mros2-wasm-service-communication-socket-journal/third_party/wamr/core/iwasm/interpreter/wasm_interp_classic.c:1106:16: warning: variable ‘arg’ set but not used [-Wunused-but-set-variable]
 1106 |         uint32 arg;                                                          \
      |                ^~~
/home/osslab/mros2-wasm-service-communication-socket-journal/third_party/wamr/core/iwasm/interpreter/wasm_interp_classic.c:1149:9: note: in expansion of macro ‘INIT_THREAD_ID_CH’
 1149 |         INIT_THREAD_ID_CH();                                                \
      |         ^~~~~~~~~~~~~~~~~
/home/osslab/mros2-wasm-service-communication-socket-journal/third_party/wamr/core/iwasm/interpreter/wasm_interp_classic.c:1189:9: note: in expansion of macro ‘DO_CHECKPOINT’
 1189 |         DO_CHECKPOINT();                                                    \
      |         ^~~~~~~~~~~~~
/home/osslab/mros2-wasm-service-communication-socket-journal/third_party/wamr/core/iwasm/interpreter/wasm_interp_classic.c:1201:9: note: in expansion of macro ‘CHECK_DUMP’
 1201 |         CHECK_DUMP()                     \
      |         ^~~~~~~~~~
/home/osslab/mros2-wasm-service-communication-socket-journal/third_party/wamr/core/iwasm/interpreter/wasm_interp_classic.c:1223:25: note: in expansion of macro ‘FETCH_OPCODE_AND_DISPATCH’
 1223 | #define HANDLE_OP_END() FETCH_OPCODE_AND_DISPATCH()
      |                         ^~~~~~~~~~~~~~~~~~~~~~~~~
/home/osslab/mros2-wasm-service-communication-socket-journal/third_party/wamr/core/iwasm/interpreter/wasm_interp_classic.c:2292:17: note: in expansion of macro ‘HANDLE_OP_END’
 2292 |                 HANDLE_OP_END();
      |                 ^~~~~~~~~~~~~
/home/osslab/mros2-wasm-service-communication-socket-journal/third_party/wamr/core/iwasm/interpreter/wasm_loader.c:7352:14: warning: declaration of ‘i’ shadows a previous local [-Wshadow]
 7352 |     for (int i = 0; i < param_count; i++) {
      |              ^
/home/osslab/mros2-wasm-service-communication-socket-journal/third_party/wamr/core/iwasm/interpreter/wasm_interp_classic.c:1153:17: warning: variable ‘dummy_sp’ set but not used [-Wunused-but-set-variable]
 1153 |         uint32 *dummy_sp;                                                   \
      |                 ^~~~~~~~
/home/osslab/mros2-wasm-service-communication-socket-journal/third_party/wamr/core/iwasm/interpreter/wasm_interp_classic.c:1189:9: note: in expansion of macro ‘DO_CHECKPOINT’
 1189 |         DO_CHECKPOINT();                                                    \
      |         ^~~~~~~~~~~~~
/home/osslab/mros2-wasm-service-communication-socket-journal/third_party/wamr/core/iwasm/interpreter/wasm_interp_classic.c:1201:9: note: in expansion of macro ‘CHECK_DUMP’
 1201 |         CHECK_DUMP()                     \
      |         ^~~~~~~~~~
/home/osslab/mros2-wasm-service-communication-socket-journal/third_party/wamr/core/iwasm/interpreter/wasm_interp_classic.c:1223:25: note: in expansion of macro ‘FETCH_OPCODE_AND_DISPATCH’
 1223 | #define HANDLE_OP_END() FETCH_OPCODE_AND_DISPATCH()
      |                         ^~~~~~~~~~~~~~~~~~~~~~~~~
/home/osslab/mros2-wasm-service-communication-socket-journal/third_party/wamr/core/iwasm/interpreter/wasm_interp_classic.c:2292:17: note: in expansion of macro ‘HANDLE_OP_END’
 2292 |                 HANDLE_OP_END();
      |                 ^~~~~~~~~~~~~
/home/osslab/mros2-wasm-service-communication-socket-journal/third_party/wamr/core/iwasm/interpreter/wasm_loader.c:7304:67: note: shadowed declaration is here
 7304 |     uint32 table_seg_idx, data_seg_idx, count, align, mem_offset, i;
      |                                                                   ^
/home/osslab/mros2-wasm-service-communication-socket-journal/third_party/wamr/core/iwasm/interpreter/wasm_interp_classic.c:1106:16: warning: variable ‘arg’ set but not used [-Wunused-but-set-variable]
 1106 |         uint32 arg;                                                          \
      |                ^~~
/home/osslab/mros2-wasm-service-communication-socket-journal/third_party/wamr/core/iwasm/interpreter/wasm_interp_classic.c:1149:9: note: in expansion of macro ‘INIT_THREAD_ID_CH’
 1149 |         INIT_THREAD_ID_CH();                                                \
      |         ^~~~~~~~~~~~~~~~~
/home/osslab/mros2-wasm-service-communication-socket-journal/third_party/wamr/core/iwasm/interpreter/wasm_interp_classic.c:1189:9: note: in expansion of macro ‘DO_CHECKPOINT’
 1189 |         DO_CHECKPOINT();                                                    \
      |         ^~~~~~~~~~~~~
/home/osslab/mros2-wasm-service-communication-socket-journal/third_party/wamr/core/iwasm/interpreter/wasm_interp_classic.c:1201:9: note: in expansion of macro ‘CHECK_DUMP’
 1201 |         CHECK_DUMP()                     \
      |         ^~~~~~~~~~
/home/osslab/mros2-wasm-service-communication-socket-journal/third_party/wamr/core/iwasm/interpreter/wasm_interp_classic.c:1223:25: note: in expansion of macro ‘FETCH_OPCODE_AND_DISPATCH’
 1223 | #define HANDLE_OP_END() FETCH_OPCODE_AND_DISPATCH()
      |                         ^~~~~~~~~~~~~~~~~~~~~~~~~
/home/osslab/mros2-wasm-service-communication-socket-journal/third_party/wamr/core/iwasm/interpreter/wasm_interp_classic.c:2319:17: note: in expansion of macro ‘HANDLE_OP_END’
 2319 |                 HANDLE_OP_END();
      |                 ^~~~~~~~~~~~~
/home/osslab/mros2-wasm-service-communication-socket-journal/third_party/wamr/core/iwasm/interpreter/wasm_loader.c:7352:23: warning: comparison of integer expressions of different signedness: ‘int’ and ‘uint32’ {aka ‘unsigned int’} [-Wsign-compare]
 7352 |     for (int i = 0; i < param_count; i++) {
      |                       ^
/home/osslab/mros2-wasm-service-communication-socket-journal/third_party/wamr/core/iwasm/interpreter/wasm_interp_classic.c:1153:17: warning: variable ‘dummy_sp’ set but not used [-Wunused-but-set-variable]
 1153 |         uint32 *dummy_sp;                                                   \
      |                 ^~~~~~~~
/home/osslab/mros2-wasm-service-communication-socket-journal/third_party/wamr/core/iwasm/interpreter/wasm_interp_classic.c:1189:9: note: in expansion of macro ‘DO_CHECKPOINT’
 1189 |         DO_CHECKPOINT();                                                    \
      |         ^~~~~~~~~~~~~
/home/osslab/mros2-wasm-service-communication-socket-journal/third_party/wamr/core/iwasm/interpreter/wasm_interp_classic.c:1201:9: note: in expansion of macro ‘CHECK_DUMP’
 1201 |         CHECK_DUMP()                     \
      |         ^~~~~~~~~~
/home/osslab/mros2-wasm-service-communication-socket-journal/third_party/wamr/core/iwasm/interpreter/wasm_interp_classic.c:1223:25: note: in expansion of macro ‘FETCH_OPCODE_AND_DISPATCH’
 1223 | #define HANDLE_OP_END() FETCH_OPCODE_AND_DISPATCH()
      |                         ^~~~~~~~~~~~~~~~~~~~~~~~~
/home/osslab/mros2-wasm-service-communication-socket-journal/third_party/wamr/core/iwasm/interpreter/wasm_interp_classic.c:2319:17: note: in expansion of macro ‘HANDLE_OP_END’
 2319 |                 HANDLE_OP_END();
      |                 ^~~~~~~~~~~~~
/home/osslab/mros2-wasm-service-communication-socket-journal/third_party/wamr/core/iwasm/interpreter/wasm_loader.c:7359:14: warning: declaration of ‘i’ shadows a previous local [-Wshadow]
 7359 |     for (int i = 0; i < local_count; i++) {
      |              ^
/home/osslab/mros2-wasm-service-communication-socket-journal/third_party/wamr/core/iwasm/interpreter/wasm_interp_classic.c:1106:16: warning: variable ‘arg’ set but not used [-Wunused-but-set-variable]
 1106 |         uint32 arg;                                                          \
      |                ^~~
/home/osslab/mros2-wasm-service-communication-socket-journal/third_party/wamr/core/iwasm/interpreter/wasm_interp_classic.c:1149:9: note: in expansion of macro ‘INIT_THREAD_ID_CH’
 1149 |         INIT_THREAD_ID_CH();                                                \
      |         ^~~~~~~~~~~~~~~~~
/home/osslab/mros2-wasm-service-communication-socket-journal/third_party/wamr/core/iwasm/interpreter/wasm_interp_classic.c:1189:9: note: in expansion of macro ‘DO_CHECKPOINT’
 1189 |         DO_CHECKPOINT();                                                    \
      |         ^~~~~~~~~~~~~
/home/osslab/mros2-wasm-service-communication-socket-journal/third_party/wamr/core/iwasm/interpreter/wasm_interp_classic.c:1201:9: note: in expansion of macro ‘CHECK_DUMP’
 1201 |         CHECK_DUMP()                     \
      |         ^~~~~~~~~~
/home/osslab/mros2-wasm-service-communication-socket-journal/third_party/wamr/core/iwasm/interpreter/wasm_interp_classic.c:1223:25: note: in expansion of macro ‘FETCH_OPCODE_AND_DISPATCH’
 1223 | #define HANDLE_OP_END() FETCH_OPCODE_AND_DISPATCH()
      |                         ^~~~~~~~~~~~~~~~~~~~~~~~~
/home/osslab/mros2-wasm-service-communication-socket-journal/third_party/wamr/core/iwasm/interpreter/wasm_interp_classic.c:2332:17: note: in expansion of macro ‘HANDLE_OP_END’
 2332 |                 HANDLE_OP_END();
      |                 ^~~~~~~~~~~~~
/home/osslab/mros2-wasm-service-communication-socket-journal/third_party/wamr/core/iwasm/interpreter/wasm_loader.c:7304:67: note: shadowed declaration is here
 7304 |     uint32 table_seg_idx, data_seg_idx, count, align, mem_offset, i;
      |                                                                   ^
/home/osslab/mros2-wasm-service-communication-socket-journal/third_party/wamr/core/iwasm/interpreter/wasm_interp_classic.c:1153:17: warning: variable ‘dummy_sp’ set but not used [-Wunused-but-set-variable]
 1153 |         uint32 *dummy_sp;                                                   \
      |                 ^~~~~~~~
/home/osslab/mros2-wasm-service-communication-socket-journal/third_party/wamr/core/iwasm/interpreter/wasm_interp_classic.c:1189:9: note: in expansion of macro ‘DO_CHECKPOINT’
 1189 |         DO_CHECKPOINT();                                                    \
      |         ^~~~~~~~~~~~~
/home/osslab/mros2-wasm-service-communication-socket-journal/third_party/wamr/core/iwasm/interpreter/wasm_interp_classic.c:1201:9: note: in expansion of macro ‘CHECK_DUMP’
 1201 |         CHECK_DUMP()                     \
      |         ^~~~~~~~~~
/home/osslab/mros2-wasm-service-communication-socket-journal/third_party/wamr/core/iwasm/interpreter/wasm_interp_classic.c:1223:25: note: in expansion of macro ‘FETCH_OPCODE_AND_DISPATCH’
 1223 | #define HANDLE_OP_END() FETCH_OPCODE_AND_DISPATCH()
      |                         ^~~~~~~~~~~~~~~~~~~~~~~~~
/home/osslab/mros2-wasm-service-communication-socket-journal/third_party/wamr/core/iwasm/interpreter/wasm_interp_classic.c:2332:17: note: in expansion of macro ‘HANDLE_OP_END’
 2332 |                 HANDLE_OP_END();
      |                 ^~~~~~~~~~~~~
/home/osslab/mros2-wasm-service-communication-socket-journal/third_party/wamr/core/iwasm/interpreter/wasm_loader.c:7359:23: warning: comparison of integer expressions of different signedness: ‘int’ and ‘uint32’ {aka ‘unsigned int’} [-Wsign-compare]
 7359 |     for (int i = 0; i < local_count; i++) {
      |                       ^
/home/osslab/mros2-wasm-service-communication-socket-journal/third_party/wamr/core/iwasm/interpreter/wasm_interp_classic.c:1106:16: warning: variable ‘arg’ set but not used [-Wunused-but-set-variable]
 1106 |         uint32 arg;                                                          \
      |                ^~~
/home/osslab/mros2-wasm-service-communication-socket-journal/third_party/wamr/core/iwasm/interpreter/wasm_interp_classic.c:1149:9: note: in expansion of macro ‘INIT_THREAD_ID_CH’
 1149 |         INIT_THREAD_ID_CH();                                                \
      |         ^~~~~~~~~~~~~~~~~
/home/osslab/mros2-wasm-service-communication-socket-journal/third_party/wamr/core/iwasm/interpreter/wasm_interp_classic.c:1189:9: note: in expansion of macro ‘DO_CHECKPOINT’
 1189 |         DO_CHECKPOINT();                                                    \
      |         ^~~~~~~~~~~~~
/home/osslab/mros2-wasm-service-communication-socket-journal/third_party/wamr/core/iwasm/interpreter/wasm_interp_classic.c:1201:9: note: in expansion of macro ‘CHECK_DUMP’
 1201 |         CHECK_DUMP()                     \
      |         ^~~~~~~~~~
/home/osslab/mros2-wasm-service-communication-socket-journal/third_party/wamr/core/iwasm/interpreter/wasm_interp_classic.c:1223:25: note: in expansion of macro ‘FETCH_OPCODE_AND_DISPATCH’
 1223 | #define HANDLE_OP_END() FETCH_OPCODE_AND_DISPATCH()
      |                         ^~~~~~~~~~~~~~~~~~~~~~~~~
/home/osslab/mros2-wasm-service-communication-socket-journal/third_party/wamr/core/iwasm/interpreter/wasm_interp_classic.c:2342:17: note: in expansion of macro ‘HANDLE_OP_END’
 2342 |                 HANDLE_OP_END();
      |                 ^~~~~~~~~~~~~
/home/osslab/mros2-wasm-service-communication-socket-journal/third_party/wamr/core/iwasm/interpreter/wasm_interp_classic.c:1153:17: warning: variable ‘dummy_sp’ set but not used [-Wunused-but-set-variable]
 1153 |         uint32 *dummy_sp;                                                   \
      |                 ^~~~~~~~
/home/osslab/mros2-wasm-service-communication-socket-journal/third_party/wamr/core/iwasm/interpreter/wasm_interp_classic.c:1189:9: note: in expansion of macro ‘DO_CHECKPOINT’
 1189 |         DO_CHECKPOINT();                                                    \
      |         ^~~~~~~~~~~~~
/home/osslab/mros2-wasm-service-communication-socket-journal/third_party/wamr/core/iwasm/interpreter/wasm_interp_classic.c:1201:9: note: in expansion of macro ‘CHECK_DUMP’
 1201 |         CHECK_DUMP()                     \
      |         ^~~~~~~~~~
/home/osslab/mros2-wasm-service-communication-socket-journal/third_party/wamr/core/iwasm/interpreter/wasm_interp_classic.c:1223:25: note: in expansion of macro ‘FETCH_OPCODE_AND_DISPATCH’
 1223 | #define HANDLE_OP_END() FETCH_OPCODE_AND_DISPATCH()
      |                         ^~~~~~~~~~~~~~~~~~~~~~~~~
/home/osslab/mros2-wasm-service-communication-socket-journal/third_party/wamr/core/iwasm/interpreter/wasm_interp_classic.c:2342:17: note: in expansion of macro ‘HANDLE_OP_END’
 2342 |                 HANDLE_OP_END();
      |                 ^~~~~~~~~~~~~
/home/osslab/mros2-wasm-service-communication-socket-journal/third_party/wamr/core/iwasm/interpreter/wasm_interp_classic.c:1106:16: warning: variable ‘arg’ set but not used [-Wunused-but-set-variable]
 1106 |         uint32 arg;                                                          \
      |                ^~~
/home/osslab/mros2-wasm-service-communication-socket-journal/third_party/wamr/core/iwasm/interpreter/wasm_interp_classic.c:1149:9: note: in expansion of macro ‘INIT_THREAD_ID_CH’
 1149 |         INIT_THREAD_ID_CH();                                                \
      |         ^~~~~~~~~~~~~~~~~
/home/osslab/mros2-wasm-service-communication-socket-journal/third_party/wamr/core/iwasm/interpreter/wasm_interp_classic.c:1189:9: note: in expansion of macro ‘DO_CHECKPOINT’
 1189 |         DO_CHECKPOINT();                                                    \
      |         ^~~~~~~~~~~~~
/home/osslab/mros2-wasm-service-communication-socket-journal/third_party/wamr/core/iwasm/interpreter/wasm_interp_classic.c:1201:9: note: in expansion of macro ‘CHECK_DUMP’
 1201 |         CHECK_DUMP()                     \
      |         ^~~~~~~~~~
/home/osslab/mros2-wasm-service-communication-socket-journal/third_party/wamr/core/iwasm/interpreter/wasm_interp_classic.c:1223:25: note: in expansion of macro ‘FETCH_OPCODE_AND_DISPATCH’
 1223 | #define HANDLE_OP_END() FETCH_OPCODE_AND_DISPATCH()
      |                         ^~~~~~~~~~~~~~~~~~~~~~~~~
/home/osslab/mros2-wasm-service-communication-socket-journal/third_party/wamr/core/iwasm/interpreter/wasm_interp_classic.c:2352:17: note: in expansion of macro ‘HANDLE_OP_END’
 2352 |                 HANDLE_OP_END();
      |                 ^~~~~~~~~~~~~
/home/osslab/mros2-wasm-service-communication-socket-journal/third_party/wamr/core/iwasm/interpreter/wasm_interp_classic.c:1153:17: warning: variable ‘dummy_sp’ set but not used [-Wunused-but-set-variable]
 1153 |         uint32 *dummy_sp;                                                   \
      |                 ^~~~~~~~
/home/osslab/mros2-wasm-service-communication-socket-journal/third_party/wamr/core/iwasm/interpreter/wasm_interp_classic.c:1189:9: note: in expansion of macro ‘DO_CHECKPOINT’
 1189 |         DO_CHECKPOINT();                                                    \
      |         ^~~~~~~~~~~~~
/home/osslab/mros2-wasm-service-communication-socket-journal/third_party/wamr/core/iwasm/interpreter/wasm_interp_classic.c:1201:9: note: in expansion of macro ‘CHECK_DUMP’
 1201 |         CHECK_DUMP()                     \
      |         ^~~~~~~~~~
/home/osslab/mros2-wasm-service-communication-socket-journal/third_party/wamr/core/iwasm/interpreter/wasm_interp_classic.c:1223:25: note: in expansion of macro ‘FETCH_OPCODE_AND_DISPATCH’
 1223 | #define HANDLE_OP_END() FETCH_OPCODE_AND_DISPATCH()
      |                         ^~~~~~~~~~~~~~~~~~~~~~~~~
/home/osslab/mros2-wasm-service-communication-socket-journal/third_party/wamr/core/iwasm/interpreter/wasm_interp_classic.c:2352:17: note: in expansion of macro ‘HANDLE_OP_END’
 2352 |                 HANDLE_OP_END();
      |                 ^~~~~~~~~~~~~
/home/osslab/mros2-wasm-service-communication-socket-journal/third_party/wamr/core/iwasm/interpreter/wasm_interp_classic.c:1106:16: warning: variable ‘arg’ set but not used [-Wunused-but-set-variable]
 1106 |         uint32 arg;                                                          \
      |                ^~~
/home/osslab/mros2-wasm-service-communication-socket-journal/third_party/wamr/core/iwasm/interpreter/wasm_interp_classic.c:1149:9: note: in expansion of macro ‘INIT_THREAD_ID_CH’
 1149 |         INIT_THREAD_ID_CH();                                                \
      |         ^~~~~~~~~~~~~~~~~
/home/osslab/mros2-wasm-service-communication-socket-journal/third_party/wamr/core/iwasm/interpreter/wasm_interp_classic.c:1189:9: note: in expansion of macro ‘DO_CHECKPOINT’
 1189 |         DO_CHECKPOINT();                                                    \
      |         ^~~~~~~~~~~~~
/home/osslab/mros2-wasm-service-communication-socket-journal/third_party/wamr/core/iwasm/interpreter/wasm_interp_classic.c:1201:9: note: in expansion of macro ‘CHECK_DUMP’
 1201 |         CHECK_DUMP()                     \
      |         ^~~~~~~~~~
/home/osslab/mros2-wasm-service-communication-socket-journal/third_party/wamr/core/iwasm/interpreter/wasm_interp_classic.c:1223:25: note: in expansion of macro ‘FETCH_OPCODE_AND_DISPATCH’
 1223 | #define HANDLE_OP_END() FETCH_OPCODE_AND_DISPATCH()
      |                         ^~~~~~~~~~~~~~~~~~~~~~~~~
/home/osslab/mros2-wasm-service-communication-socket-journal/third_party/wamr/core/iwasm/interpreter/wasm_interp_classic.c:2362:17: note: in expansion of macro ‘HANDLE_OP_END’
 2362 |                 HANDLE_OP_END();
      |                 ^~~~~~~~~~~~~
/home/osslab/mros2-wasm-service-communication-socket-journal/third_party/wamr/core/iwasm/interpreter/wasm_interp_classic.c:1153:17: warning: variable ‘dummy_sp’ set but not used [-Wunused-but-set-variable]
 1153 |         uint32 *dummy_sp;                                                   \
      |                 ^~~~~~~~
/home/osslab/mros2-wasm-service-communication-socket-journal/third_party/wamr/core/iwasm/interpreter/wasm_interp_classic.c:1189:9: note: in expansion of macro ‘DO_CHECKPOINT’
 1189 |         DO_CHECKPOINT();                                                    \
      |         ^~~~~~~~~~~~~
/home/osslab/mros2-wasm-service-communication-socket-journal/third_party/wamr/core/iwasm/interpreter/wasm_interp_classic.c:1201:9: note: in expansion of macro ‘CHECK_DUMP’
 1201 |         CHECK_DUMP()                     \
      |         ^~~~~~~~~~
/home/osslab/mros2-wasm-service-communication-socket-journal/third_party/wamr/core/iwasm/interpreter/wasm_interp_classic.c:1223:25: note: in expansion of macro ‘FETCH_OPCODE_AND_DISPATCH’
 1223 | #define HANDLE_OP_END() FETCH_OPCODE_AND_DISPATCH()
      |                         ^~~~~~~~~~~~~~~~~~~~~~~~~
/home/osslab/mros2-wasm-service-communication-socket-journal/third_party/wamr/core/iwasm/interpreter/wasm_interp_classic.c:2362:17: note: in expansion of macro ‘HANDLE_OP_END’
 2362 |                 HANDLE_OP_END();
      |                 ^~~~~~~~~~~~~
/home/osslab/mros2-wasm-service-communication-socket-journal/third_party/wamr/core/iwasm/interpreter/wasm_interp_classic.c:1106:16: warning: variable ‘arg’ set but not used [-Wunused-but-set-variable]
 1106 |         uint32 arg;                                                          \
      |                ^~~
/home/osslab/mros2-wasm-service-communication-socket-journal/third_party/wamr/core/iwasm/interpreter/wasm_interp_classic.c:1149:9: note: in expansion of macro ‘INIT_THREAD_ID_CH’
 1149 |         INIT_THREAD_ID_CH();                                                \
      |         ^~~~~~~~~~~~~~~~~
/home/osslab/mros2-wasm-service-communication-socket-journal/third_party/wamr/core/iwasm/interpreter/wasm_interp_classic.c:1189:9: note: in expansion of macro ‘DO_CHECKPOINT’
 1189 |         DO_CHECKPOINT();                                                    \
      |         ^~~~~~~~~~~~~
/home/osslab/mros2-wasm-service-communication-socket-journal/third_party/wamr/core/iwasm/interpreter/wasm_interp_classic.c:1201:9: note: in expansion of macro ‘CHECK_DUMP’
 1201 |         CHECK_DUMP()                     \
      |         ^~~~~~~~~~
/home/osslab/mros2-wasm-service-communication-socket-journal/third_party/wamr/core/iwasm/interpreter/wasm_interp_classic.c:1223:25: note: in expansion of macro ‘FETCH_OPCODE_AND_DISPATCH’
 1223 | #define HANDLE_OP_END() FETCH_OPCODE_AND_DISPATCH()
      |                         ^~~~~~~~~~~~~~~~~~~~~~~~~
/home/osslab/mros2-wasm-service-communication-socket-journal/third_party/wamr/core/iwasm/interpreter/wasm_interp_classic.c:2393:17: note: in expansion of macro ‘HANDLE_OP_END’
 2393 |                 HANDLE_OP_END();
      |                 ^~~~~~~~~~~~~
/home/osslab/mros2-wasm-service-communication-socket-journal/third_party/wamr/core/iwasm/interpreter/wasm_interp_classic.c:1153:17: warning: variable ‘dummy_sp’ set but not used [-Wunused-but-set-variable]
 1153 |         uint32 *dummy_sp;                                                   \
      |                 ^~~~~~~~
/home/osslab/mros2-wasm-service-communication-socket-journal/third_party/wamr/core/iwasm/interpreter/wasm_interp_classic.c:1189:9: note: in expansion of macro ‘DO_CHECKPOINT’
 1189 |         DO_CHECKPOINT();                                                    \
      |         ^~~~~~~~~~~~~
/home/osslab/mros2-wasm-service-communication-socket-journal/third_party/wamr/core/iwasm/interpreter/wasm_interp_classic.c:1201:9: note: in expansion of macro ‘CHECK_DUMP’
 1201 |         CHECK_DUMP()                     \
      |         ^~~~~~~~~~
/home/osslab/mros2-wasm-service-communication-socket-journal/third_party/wamr/core/iwasm/interpreter/wasm_interp_classic.c:1223:25: note: in expansion of macro ‘FETCH_OPCODE_AND_DISPATCH’
 1223 | #define HANDLE_OP_END() FETCH_OPCODE_AND_DISPATCH()
      |                         ^~~~~~~~~~~~~~~~~~~~~~~~~
/home/osslab/mros2-wasm-service-communication-socket-journal/third_party/wamr/core/iwasm/interpreter/wasm_interp_classic.c:2393:17: note: in expansion of macro ‘HANDLE_OP_END’
 2393 |                 HANDLE_OP_END();
      |                 ^~~~~~~~~~~~~
/home/osslab/mros2-wasm-service-communication-socket-journal/third_party/wamr/core/iwasm/interpreter/wasm_interp_classic.c:1106:16: warning: variable ‘arg’ set but not used [-Wunused-but-set-variable]
 1106 |         uint32 arg;                                                          \
      |                ^~~
/home/osslab/mros2-wasm-service-communication-socket-journal/third_party/wamr/core/iwasm/interpreter/wasm_interp_classic.c:1149:9: note: in expansion of macro ‘INIT_THREAD_ID_CH’
 1149 |         INIT_THREAD_ID_CH();                                                \
      |         ^~~~~~~~~~~~~~~~~
/home/osslab/mros2-wasm-service-communication-socket-journal/third_party/wamr/core/iwasm/interpreter/wasm_interp_classic.c:1189:9: note: in expansion of macro ‘DO_CHECKPOINT’
 1189 |         DO_CHECKPOINT();                                                    \
      |         ^~~~~~~~~~~~~
/home/osslab/mros2-wasm-service-communication-socket-journal/third_party/wamr/core/iwasm/interpreter/wasm_interp_classic.c:1201:9: note: in expansion of macro ‘CHECK_DUMP’
 1201 |         CHECK_DUMP()                     \
      |         ^~~~~~~~~~
/home/osslab/mros2-wasm-service-communication-socket-journal/third_party/wamr/core/iwasm/interpreter/wasm_interp_classic.c:1223:25: note: in expansion of macro ‘FETCH_OPCODE_AND_DISPATCH’
 1223 | #define HANDLE_OP_END() FETCH_OPCODE_AND_DISPATCH()
      |                         ^~~~~~~~~~~~~~~~~~~~~~~~~
/home/osslab/mros2-wasm-service-communication-socket-journal/third_party/wamr/core/iwasm/interpreter/wasm_interp_classic.c:2403:17: note: in expansion of macro ‘HANDLE_OP_END’
 2403 |                 HANDLE_OP_END();
      |                 ^~~~~~~~~~~~~
/home/osslab/mros2-wasm-service-communication-socket-journal/third_party/wamr/core/iwasm/interpreter/wasm_interp_classic.c:1153:17: warning: variable ‘dummy_sp’ set but not used [-Wunused-but-set-variable]
 1153 |         uint32 *dummy_sp;                                                   \
      |                 ^~~~~~~~
/home/osslab/mros2-wasm-service-communication-socket-journal/third_party/wamr/core/iwasm/interpreter/wasm_interp_classic.c:1189:9: note: in expansion of macro ‘DO_CHECKPOINT’
 1189 |         DO_CHECKPOINT();                                                    \
      |         ^~~~~~~~~~~~~
/home/osslab/mros2-wasm-service-communication-socket-journal/third_party/wamr/core/iwasm/interpreter/wasm_interp_classic.c:1201:9: note: in expansion of macro ‘CHECK_DUMP’
 1201 |         CHECK_DUMP()                     \
      |         ^~~~~~~~~~
/home/osslab/mros2-wasm-service-communication-socket-journal/third_party/wamr/core/iwasm/interpreter/wasm_interp_classic.c:1223:25: note: in expansion of macro ‘FETCH_OPCODE_AND_DISPATCH’
 1223 | #define HANDLE_OP_END() FETCH_OPCODE_AND_DISPATCH()
      |                         ^~~~~~~~~~~~~~~~~~~~~~~~~
/home/osslab/mros2-wasm-service-communication-socket-journal/third_party/wamr/core/iwasm/interpreter/wasm_interp_classic.c:2403:17: note: in expansion of macro ‘HANDLE_OP_END’
 2403 |                 HANDLE_OP_END();
      |                 ^~~~~~~~~~~~~
/home/osslab/mros2-wasm-service-communication-socket-journal/third_party/wamr/core/iwasm/interpreter/wasm_interp_classic.c:1106:16: warning: variable ‘arg’ set but not used [-Wunused-but-set-variable]
 1106 |         uint32 arg;                                                          \
      |                ^~~
/home/osslab/mros2-wasm-service-communication-socket-journal/third_party/wamr/core/iwasm/interpreter/wasm_interp_classic.c:1149:9: note: in expansion of macro ‘INIT_THREAD_ID_CH’
 1149 |         INIT_THREAD_ID_CH();                                                \
      |         ^~~~~~~~~~~~~~~~~
/home/osslab/mros2-wasm-service-communication-socket-journal/third_party/wamr/core/iwasm/interpreter/wasm_interp_classic.c:1189:9: note: in expansion of macro ‘DO_CHECKPOINT’
 1189 |         DO_CHECKPOINT();                                                    \
      |         ^~~~~~~~~~~~~
/home/osslab/mros2-wasm-service-communication-socket-journal/third_party/wamr/core/iwasm/interpreter/wasm_interp_classic.c:1201:9: note: in expansion of macro ‘CHECK_DUMP’
 1201 |         CHECK_DUMP()                     \
      |         ^~~~~~~~~~
/home/osslab/mros2-wasm-service-communication-socket-journal/third_party/wamr/core/iwasm/interpreter/wasm_interp_classic.c:1223:25: note: in expansion of macro ‘FETCH_OPCODE_AND_DISPATCH’
 1223 | #define HANDLE_OP_END() FETCH_OPCODE_AND_DISPATCH()
      |                         ^~~~~~~~~~~~~~~~~~~~~~~~~
/home/osslab/mros2-wasm-service-communication-socket-journal/third_party/wamr/core/iwasm/interpreter/wasm_interp_classic.c:2419:17: note: in expansion of macro ‘HANDLE_OP_END’
 2419 |                 HANDLE_OP_END();
      |                 ^~~~~~~~~~~~~
/home/osslab/mros2-wasm-service-communication-socket-journal/third_party/wamr/core/iwasm/interpreter/wasm_interp_classic.c:1153:17: warning: variable ‘dummy_sp’ set but not used [-Wunused-but-set-variable]
 1153 |         uint32 *dummy_sp;                                                   \
      |                 ^~~~~~~~
/home/osslab/mros2-wasm-service-communication-socket-journal/third_party/wamr/core/iwasm/interpreter/wasm_interp_classic.c:1189:9: note: in expansion of macro ‘DO_CHECKPOINT’
 1189 |         DO_CHECKPOINT();                                                    \
      |         ^~~~~~~~~~~~~
/home/osslab/mros2-wasm-service-communication-socket-journal/third_party/wamr/core/iwasm/interpreter/wasm_interp_classic.c:1201:9: note: in expansion of macro ‘CHECK_DUMP’
 1201 |         CHECK_DUMP()                     \
      |         ^~~~~~~~~~
/home/osslab/mros2-wasm-service-communication-socket-journal/third_party/wamr/core/iwasm/interpreter/wasm_interp_classic.c:1223:25: note: in expansion of macro ‘FETCH_OPCODE_AND_DISPATCH’
 1223 | #define HANDLE_OP_END() FETCH_OPCODE_AND_DISPATCH()
      |                         ^~~~~~~~~~~~~~~~~~~~~~~~~
/home/osslab/mros2-wasm-service-communication-socket-journal/third_party/wamr/core/iwasm/interpreter/wasm_interp_classic.c:2419:17: note: in expansion of macro ‘HANDLE_OP_END’
 2419 |                 HANDLE_OP_END();
      |                 ^~~~~~~~~~~~~
/home/osslab/mros2-wasm-service-communication-socket-journal/third_party/wamr/core/iwasm/interpreter/wasm_interp_classic.c:1106:16: warning: variable ‘arg’ set but not used [-Wunused-but-set-variable]
 1106 |         uint32 arg;                                                          \
      |                ^~~
/home/osslab/mros2-wasm-service-communication-socket-journal/third_party/wamr/core/iwasm/interpreter/wasm_interp_classic.c:1149:9: note: in expansion of macro ‘INIT_THREAD_ID_CH’
 1149 |         INIT_THREAD_ID_CH();                                                \
      |         ^~~~~~~~~~~~~~~~~
/home/osslab/mros2-wasm-service-communication-socket-journal/third_party/wamr/core/iwasm/interpreter/wasm_interp_classic.c:1189:9: note: in expansion of macro ‘DO_CHECKPOINT’
 1189 |         DO_CHECKPOINT();                                                    \
      |         ^~~~~~~~~~~~~
/home/osslab/mros2-wasm-service-communication-socket-journal/third_party/wamr/core/iwasm/interpreter/wasm_interp_classic.c:1201:9: note: in expansion of macro ‘CHECK_DUMP’
 1201 |         CHECK_DUMP()                     \
      |         ^~~~~~~~~~
/home/osslab/mros2-wasm-service-communication-socket-journal/third_party/wamr/core/iwasm/interpreter/wasm_interp_classic.c:1223:25: note: in expansion of macro ‘FETCH_OPCODE_AND_DISPATCH’
 1223 | #define HANDLE_OP_END() FETCH_OPCODE_AND_DISPATCH()
      |                         ^~~~~~~~~~~~~~~~~~~~~~~~~
/home/osslab/mros2-wasm-service-communication-socket-journal/third_party/wamr/core/iwasm/interpreter/wasm_interp_classic.c:2434:17: note: in expansion of macro ‘HANDLE_OP_END’
 2434 |                 HANDLE_OP_END();
      |                 ^~~~~~~~~~~~~
/home/osslab/mros2-wasm-service-communication-socket-journal/third_party/wamr/core/iwasm/interpreter/wasm_interp_classic.c:1153:17: warning: variable ‘dummy_sp’ set but not used [-Wunused-but-set-variable]
 1153 |         uint32 *dummy_sp;                                                   \
      |                 ^~~~~~~~
/home/osslab/mros2-wasm-service-communication-socket-journal/third_party/wamr/core/iwasm/interpreter/wasm_interp_classic.c:1189:9: note: in expansion of macro ‘DO_CHECKPOINT’
 1189 |         DO_CHECKPOINT();                                                    \
      |         ^~~~~~~~~~~~~
/home/osslab/mros2-wasm-service-communication-socket-journal/third_party/wamr/core/iwasm/interpreter/wasm_interp_classic.c:1201:9: note: in expansion of macro ‘CHECK_DUMP’
 1201 |         CHECK_DUMP()                     \
      |         ^~~~~~~~~~
/home/osslab/mros2-wasm-service-communication-socket-journal/third_party/wamr/core/iwasm/interpreter/wasm_interp_classic.c:1223:25: note: in expansion of macro ‘FETCH_OPCODE_AND_DISPATCH’
 1223 | #define HANDLE_OP_END() FETCH_OPCODE_AND_DISPATCH()
      |                         ^~~~~~~~~~~~~~~~~~~~~~~~~
/home/osslab/mros2-wasm-service-communication-socket-journal/third_party/wamr/core/iwasm/interpreter/wasm_interp_classic.c:2434:17: note: in expansion of macro ‘HANDLE_OP_END’
 2434 |                 HANDLE_OP_END();
      |                 ^~~~~~~~~~~~~
/home/osslab/mros2-wasm-service-communication-socket-journal/third_party/wamr/core/iwasm/interpreter/wasm_interp_classic.c:1106:16: warning: variable ‘arg’ set but not used [-Wunused-but-set-variable]
 1106 |         uint32 arg;                                                          \
      |                ^~~
/home/osslab/mros2-wasm-service-communication-socket-journal/third_party/wamr/core/iwasm/interpreter/wasm_interp_classic.c:1149:9: note: in expansion of macro ‘INIT_THREAD_ID_CH’
 1149 |         INIT_THREAD_ID_CH();                                                \
      |         ^~~~~~~~~~~~~~~~~
/home/osslab/mros2-wasm-service-communication-socket-journal/third_party/wamr/core/iwasm/interpreter/wasm_interp_classic.c:1189:9: note: in expansion of macro ‘DO_CHECKPOINT’
 1189 |         DO_CHECKPOINT();                                                    \
      |         ^~~~~~~~~~~~~
/home/osslab/mros2-wasm-service-communication-socket-journal/third_party/wamr/core/iwasm/interpreter/wasm_interp_classic.c:1201:9: note: in expansion of macro ‘CHECK_DUMP’
 1201 |         CHECK_DUMP()                     \
      |         ^~~~~~~~~~
/home/osslab/mros2-wasm-service-communication-socket-journal/third_party/wamr/core/iwasm/interpreter/wasm_interp_classic.c:1223:25: note: in expansion of macro ‘FETCH_OPCODE_AND_DISPATCH’
 1223 | #define HANDLE_OP_END() FETCH_OPCODE_AND_DISPATCH()
      |                         ^~~~~~~~~~~~~~~~~~~~~~~~~
/home/osslab/mros2-wasm-service-communication-socket-journal/third_party/wamr/core/iwasm/interpreter/wasm_interp_classic.c:2448:17: note: in expansion of macro ‘HANDLE_OP_END’
 2448 |                 HANDLE_OP_END();
      |                 ^~~~~~~~~~~~~
/home/osslab/mros2-wasm-service-communication-socket-journal/third_party/wamr/core/iwasm/interpreter/wasm_interp_classic.c:1153:17: warning: variable ‘dummy_sp’ set but not used [-Wunused-but-set-variable]
 1153 |         uint32 *dummy_sp;                                                   \
      |                 ^~~~~~~~
/home/osslab/mros2-wasm-service-communication-socket-journal/third_party/wamr/core/iwasm/interpreter/wasm_interp_classic.c:1189:9: note: in expansion of macro ‘DO_CHECKPOINT’
 1189 |         DO_CHECKPOINT();                                                    \
      |         ^~~~~~~~~~~~~
/home/osslab/mros2-wasm-service-communication-socket-journal/third_party/wamr/core/iwasm/interpreter/wasm_interp_classic.c:1201:9: note: in expansion of macro ‘CHECK_DUMP’
 1201 |         CHECK_DUMP()                     \
      |         ^~~~~~~~~~
/home/osslab/mros2-wasm-service-communication-socket-journal/third_party/wamr/core/iwasm/interpreter/wasm_interp_classic.c:1223:25: note: in expansion of macro ‘FETCH_OPCODE_AND_DISPATCH’
 1223 | #define HANDLE_OP_END() FETCH_OPCODE_AND_DISPATCH()
      |                         ^~~~~~~~~~~~~~~~~~~~~~~~~
/home/osslab/mros2-wasm-service-communication-socket-journal/third_party/wamr/core/iwasm/interpreter/wasm_interp_classic.c:2448:17: note: in expansion of macro ‘HANDLE_OP_END’
 2448 |                 HANDLE_OP_END();
      |                 ^~~~~~~~~~~~~
/home/osslab/mros2-wasm-service-communication-socket-journal/third_party/wamr/core/iwasm/interpreter/wasm_interp_classic.c:1106:16: warning: variable ‘arg’ set but not used [-Wunused-but-set-variable]
 1106 |         uint32 arg;                                                          \
      |                ^~~
/home/osslab/mros2-wasm-service-communication-socket-journal/third_party/wamr/core/iwasm/interpreter/wasm_interp_classic.c:1149:9: note: in expansion of macro ‘INIT_THREAD_ID_CH’
 1149 |         INIT_THREAD_ID_CH();                                                \
      |         ^~~~~~~~~~~~~~~~~
/home/osslab/mros2-wasm-service-communication-socket-journal/third_party/wamr/core/iwasm/interpreter/wasm_interp_classic.c:1189:9: note: in expansion of macro ‘DO_CHECKPOINT’
 1189 |         DO_CHECKPOINT();                                                    \
      |         ^~~~~~~~~~~~~
/home/osslab/mros2-wasm-service-communication-socket-journal/third_party/wamr/core/iwasm/interpreter/wasm_interp_classic.c:1201:9: note: in expansion of macro ‘CHECK_DUMP’
 1201 |         CHECK_DUMP()                     \
      |         ^~~~~~~~~~
/home/osslab/mros2-wasm-service-communication-socket-journal/third_party/wamr/core/iwasm/interpreter/wasm_interp_classic.c:1223:25: note: in expansion of macro ‘FETCH_OPCODE_AND_DISPATCH’
 1223 | #define HANDLE_OP_END() FETCH_OPCODE_AND_DISPATCH()
      |                         ^~~~~~~~~~~~~~~~~~~~~~~~~
/home/osslab/mros2-wasm-service-communication-socket-journal/third_party/wamr/core/iwasm/interpreter/wasm_interp_classic.c:2462:17: note: in expansion of macro ‘HANDLE_OP_END’
 2462 |                 HANDLE_OP_END();
      |                 ^~~~~~~~~~~~~
/home/osslab/mros2-wasm-service-communication-socket-journal/third_party/wamr/core/iwasm/interpreter/wasm_interp_classic.c:1153:17: warning: variable ‘dummy_sp’ set but not used [-Wunused-but-set-variable]
 1153 |         uint32 *dummy_sp;                                                   \
      |                 ^~~~~~~~
/home/osslab/mros2-wasm-service-communication-socket-journal/third_party/wamr/core/iwasm/interpreter/wasm_interp_classic.c:1189:9: note: in expansion of macro ‘DO_CHECKPOINT’
 1189 |         DO_CHECKPOINT();                                                    \
      |         ^~~~~~~~~~~~~
/home/osslab/mros2-wasm-service-communication-socket-journal/third_party/wamr/core/iwasm/interpreter/wasm_interp_classic.c:1201:9: note: in expansion of macro ‘CHECK_DUMP’
 1201 |         CHECK_DUMP()                     \
      |         ^~~~~~~~~~
/home/osslab/mros2-wasm-service-communication-socket-journal/third_party/wamr/core/iwasm/interpreter/wasm_interp_classic.c:1223:25: note: in expansion of macro ‘FETCH_OPCODE_AND_DISPATCH’
 1223 | #define HANDLE_OP_END() FETCH_OPCODE_AND_DISPATCH()
      |                         ^~~~~~~~~~~~~~~~~~~~~~~~~
/home/osslab/mros2-wasm-service-communication-socket-journal/third_party/wamr/core/iwasm/interpreter/wasm_interp_classic.c:2462:17: note: in expansion of macro ‘HANDLE_OP_END’
 2462 |                 HANDLE_OP_END();
      |                 ^~~~~~~~~~~~~
/home/osslab/mros2-wasm-service-communication-socket-journal/third_party/wamr/core/iwasm/interpreter/wasm_interp_classic.c:1106:16: warning: variable ‘arg’ set but not used [-Wunused-but-set-variable]
 1106 |         uint32 arg;                                                          \
      |                ^~~
/home/osslab/mros2-wasm-service-communication-socket-journal/third_party/wamr/core/iwasm/interpreter/wasm_interp_classic.c:1149:9: note: in expansion of macro ‘INIT_THREAD_ID_CH’
 1149 |         INIT_THREAD_ID_CH();                                                \
      |         ^~~~~~~~~~~~~~~~~
/home/osslab/mros2-wasm-service-communication-socket-journal/third_party/wamr/core/iwasm/interpreter/wasm_interp_classic.c:1189:9: note: in expansion of macro ‘DO_CHECKPOINT’
 1189 |         DO_CHECKPOINT();                                                    \
      |         ^~~~~~~~~~~~~
/home/osslab/mros2-wasm-service-communication-socket-journal/third_party/wamr/core/iwasm/interpreter/wasm_interp_classic.c:1201:9: note: in expansion of macro ‘CHECK_DUMP’
 1201 |         CHECK_DUMP()                     \
      |         ^~~~~~~~~~
/home/osslab/mros2-wasm-service-communication-socket-journal/third_party/wamr/core/iwasm/interpreter/wasm_interp_classic.c:1223:25: note: in expansion of macro ‘FETCH_OPCODE_AND_DISPATCH’
 1223 | #define HANDLE_OP_END() FETCH_OPCODE_AND_DISPATCH()
      |                         ^~~~~~~~~~~~~~~~~~~~~~~~~
/home/osslab/mros2-wasm-service-communication-socket-journal/third_party/wamr/core/iwasm/interpreter/wasm_interp_classic.c:2476:17: note: in expansion of macro ‘HANDLE_OP_END’
 2476 |                 HANDLE_OP_END();
      |                 ^~~~~~~~~~~~~
/home/osslab/mros2-wasm-service-communication-socket-journal/third_party/wamr/core/iwasm/interpreter/wasm_interp_classic.c:1153:17: warning: variable ‘dummy_sp’ set but not used [-Wunused-but-set-variable]
 1153 |         uint32 *dummy_sp;                                                   \
      |                 ^~~~~~~~
/home/osslab/mros2-wasm-service-communication-socket-journal/third_party/wamr/core/iwasm/interpreter/wasm_interp_classic.c:1189:9: note: in expansion of macro ‘DO_CHECKPOINT’
 1189 |         DO_CHECKPOINT();                                                    \
      |         ^~~~~~~~~~~~~
/home/osslab/mros2-wasm-service-communication-socket-journal/third_party/wamr/core/iwasm/interpreter/wasm_interp_classic.c:1201:9: note: in expansion of macro ‘CHECK_DUMP’
 1201 |         CHECK_DUMP()                     \
      |         ^~~~~~~~~~
/home/osslab/mros2-wasm-service-communication-socket-journal/third_party/wamr/core/iwasm/interpreter/wasm_interp_classic.c:1223:25: note: in expansion of macro ‘FETCH_OPCODE_AND_DISPATCH’
 1223 | #define HANDLE_OP_END() FETCH_OPCODE_AND_DISPATCH()
      |                         ^~~~~~~~~~~~~~~~~~~~~~~~~
/home/osslab/mros2-wasm-service-communication-socket-journal/third_party/wamr/core/iwasm/interpreter/wasm_interp_classic.c:2476:17: note: in expansion of macro ‘HANDLE_OP_END’
 2476 |                 HANDLE_OP_END();
      |                 ^~~~~~~~~~~~~
/home/osslab/mros2-wasm-service-communication-socket-journal/third_party/wamr/core/iwasm/interpreter/wasm_interp_classic.c:1106:16: warning: variable ‘arg’ set but not used [-Wunused-but-set-variable]
 1106 |         uint32 arg;                                                          \
      |                ^~~
/home/osslab/mros2-wasm-service-communication-socket-journal/third_party/wamr/core/iwasm/interpreter/wasm_interp_classic.c:1149:9: note: in expansion of macro ‘INIT_THREAD_ID_CH’
 1149 |         INIT_THREAD_ID_CH();                                                \
      |         ^~~~~~~~~~~~~~~~~
/home/osslab/mros2-wasm-service-communication-socket-journal/third_party/wamr/core/iwasm/interpreter/wasm_interp_classic.c:1189:9: note: in expansion of macro ‘DO_CHECKPOINT’
 1189 |         DO_CHECKPOINT();                                                    \
      |         ^~~~~~~~~~~~~
/home/osslab/mros2-wasm-service-communication-socket-journal/third_party/wamr/core/iwasm/interpreter/wasm_interp_classic.c:1201:9: note: in expansion of macro ‘CHECK_DUMP’
 1201 |         CHECK_DUMP()                     \
      |         ^~~~~~~~~~
/home/osslab/mros2-wasm-service-communication-socket-journal/third_party/wamr/core/iwasm/interpreter/wasm_interp_classic.c:1223:25: note: in expansion of macro ‘FETCH_OPCODE_AND_DISPATCH’
 1223 | #define HANDLE_OP_END() FETCH_OPCODE_AND_DISPATCH()
      |                         ^~~~~~~~~~~~~~~~~~~~~~~~~
/home/osslab/mros2-wasm-service-communication-socket-journal/third_party/wamr/core/iwasm/interpreter/wasm_interp_classic.c:2490:17: note: in expansion of macro ‘HANDLE_OP_END’
 2490 |                 HANDLE_OP_END();
      |                 ^~~~~~~~~~~~~
/home/osslab/mros2-wasm-service-communication-socket-journal/third_party/wamr/core/iwasm/interpreter/wasm_interp_classic.c:1153:17: warning: variable ‘dummy_sp’ set but not used [-Wunused-but-set-variable]
 1153 |         uint32 *dummy_sp;                                                   \
      |                 ^~~~~~~~
/home/osslab/mros2-wasm-service-communication-socket-journal/third_party/wamr/core/iwasm/interpreter/wasm_interp_classic.c:1189:9: note: in expansion of macro ‘DO_CHECKPOINT’
 1189 |         DO_CHECKPOINT();                                                    \
      |         ^~~~~~~~~~~~~
/home/osslab/mros2-wasm-service-communication-socket-journal/third_party/wamr/core/iwasm/interpreter/wasm_interp_classic.c:1201:9: note: in expansion of macro ‘CHECK_DUMP’
 1201 |         CHECK_DUMP()                     \
      |         ^~~~~~~~~~
/home/osslab/mros2-wasm-service-communication-socket-journal/third_party/wamr/core/iwasm/interpreter/wasm_interp_classic.c:1223:25: note: in expansion of macro ‘FETCH_OPCODE_AND_DISPATCH’
 1223 | #define HANDLE_OP_END() FETCH_OPCODE_AND_DISPATCH()
      |                         ^~~~~~~~~~~~~~~~~~~~~~~~~
/home/osslab/mros2-wasm-service-communication-socket-journal/third_party/wamr/core/iwasm/interpreter/wasm_interp_classic.c:2490:17: note: in expansion of macro ‘HANDLE_OP_END’
 2490 |                 HANDLE_OP_END();
      |                 ^~~~~~~~~~~~~
/home/osslab/mros2-wasm-service-communication-socket-journal/third_party/wamr/core/iwasm/interpreter/wasm_interp_classic.c:1106:16: warning: variable ‘arg’ set but not used [-Wunused-but-set-variable]
 1106 |         uint32 arg;                                                          \
      |                ^~~
/home/osslab/mros2-wasm-service-communication-socket-journal/third_party/wamr/core/iwasm/interpreter/wasm_interp_classic.c:1149:9: note: in expansion of macro ‘INIT_THREAD_ID_CH’
 1149 |         INIT_THREAD_ID_CH();                                                \
      |         ^~~~~~~~~~~~~~~~~
/home/osslab/mros2-wasm-service-communication-socket-journal/third_party/wamr/core/iwasm/interpreter/wasm_interp_classic.c:1189:9: note: in expansion of macro ‘DO_CHECKPOINT’
 1189 |         DO_CHECKPOINT();                                                    \
      |         ^~~~~~~~~~~~~
/home/osslab/mros2-wasm-service-communication-socket-journal/third_party/wamr/core/iwasm/interpreter/wasm_interp_classic.c:1201:9: note: in expansion of macro ‘CHECK_DUMP’
 1201 |         CHECK_DUMP()                     \
      |         ^~~~~~~~~~
/home/osslab/mros2-wasm-service-communication-socket-journal/third_party/wamr/core/iwasm/interpreter/wasm_interp_classic.c:1223:25: note: in expansion of macro ‘FETCH_OPCODE_AND_DISPATCH’
 1223 | #define HANDLE_OP_END() FETCH_OPCODE_AND_DISPATCH()
      |                         ^~~~~~~~~~~~~~~~~~~~~~~~~
/home/osslab/mros2-wasm-service-communication-socket-journal/third_party/wamr/core/iwasm/interpreter/wasm_interp_classic.c:2504:17: note: in expansion of macro ‘HANDLE_OP_END’
 2504 |                 HANDLE_OP_END();
      |                 ^~~~~~~~~~~~~
/home/osslab/mros2-wasm-service-communication-socket-journal/third_party/wamr/core/iwasm/interpreter/wasm_loader.c:10362:77: warning: passing argument 4 of ‘wasmig_address_map_set_bidirect’ makes integer from pointer without a cast [-Wint-conversion]
10362 |         wasmig_address_map_set_bidirect(metadata_address_map, fidx, offset, p);
      |                                                                             ^
      |                                                                             |
      |                                                                             uint8 * {aka unsigned char *}
In file included from /home/osslab/mros2-wasm-service-communication-socket-journal/third_party/wamr/core/iwasm/interpreter/wasm_loader.c:12:
/tmp/mros2-wasm-cr-rerun-20260927/wasmig-src/include/wasmig/table_v3.h:23:95: note: expected ‘uint64_t’ {aka ‘long unsigned int’} but argument is of type ‘uint8 *’ {aka ‘unsigned char *’}
   23 | bool wasmig_address_map_set_bidirect(AddressMap map, uint32_t fidx, uint32_t offset, uint64_t value);
      |                                                                                      ~~~~~~~~~^~~~~
/home/osslab/mros2-wasm-service-communication-socket-journal/third_party/wamr/core/iwasm/interpreter/wasm_interp_classic.c:1153:17: warning: variable ‘dummy_sp’ set but not used [-Wunused-but-set-variable]
 1153 |         uint32 *dummy_sp;                                                   \
      |                 ^~~~~~~~
/home/osslab/mros2-wasm-service-communication-socket-journal/third_party/wamr/core/iwasm/interpreter/wasm_interp_classic.c:1189:9: note: in expansion of macro ‘DO_CHECKPOINT’
 1189 |         DO_CHECKPOINT();                                                    \
      |         ^~~~~~~~~~~~~
/home/osslab/mros2-wasm-service-communication-socket-journal/third_party/wamr/core/iwasm/interpreter/wasm_interp_classic.c:1201:9: note: in expansion of macro ‘CHECK_DUMP’
 1201 |         CHECK_DUMP()                     \
      |         ^~~~~~~~~~
/home/osslab/mros2-wasm-service-communication-socket-journal/third_party/wamr/core/iwasm/interpreter/wasm_interp_classic.c:1223:25: note: in expansion of macro ‘FETCH_OPCODE_AND_DISPATCH’
 1223 | #define HANDLE_OP_END() FETCH_OPCODE_AND_DISPATCH()
      |                         ^~~~~~~~~~~~~~~~~~~~~~~~~
/home/osslab/mros2-wasm-service-communication-socket-journal/third_party/wamr/core/iwasm/interpreter/wasm_interp_classic.c:2504:17: note: in expansion of macro ‘HANDLE_OP_END’
 2504 |                 HANDLE_OP_END();
      |                 ^~~~~~~~~~~~~
/home/osslab/mros2-wasm-service-communication-socket-journal/third_party/wamr/core/iwasm/interpreter/wasm_interp_classic.c:1106:16: warning: variable ‘arg’ set but not used [-Wunused-but-set-variable]
 1106 |         uint32 arg;                                                          \
      |                ^~~
/home/osslab/mros2-wasm-service-communication-socket-journal/third_party/wamr/core/iwasm/interpreter/wasm_interp_classic.c:1149:9: note: in expansion of macro ‘INIT_THREAD_ID_CH’
 1149 |         INIT_THREAD_ID_CH();                                                \
      |         ^~~~~~~~~~~~~~~~~
/home/osslab/mros2-wasm-service-communication-socket-journal/third_party/wamr/core/iwasm/interpreter/wasm_interp_classic.c:1189:9: note: in expansion of macro ‘DO_CHECKPOINT’
 1189 |         DO_CHECKPOINT();                                                    \
      |         ^~~~~~~~~~~~~
/home/osslab/mros2-wasm-service-communication-socket-journal/third_party/wamr/core/iwasm/interpreter/wasm_interp_classic.c:1201:9: note: in expansion of macro ‘CHECK_DUMP’
 1201 |         CHECK_DUMP()                     \
      |         ^~~~~~~~~~
/home/osslab/mros2-wasm-service-communication-socket-journal/third_party/wamr/core/iwasm/interpreter/wasm_interp_classic.c:1223:25: note: in expansion of macro ‘FETCH_OPCODE_AND_DISPATCH’
 1223 | #define HANDLE_OP_END() FETCH_OPCODE_AND_DISPATCH()
      |                         ^~~~~~~~~~~~~~~~~~~~~~~~~
/home/osslab/mros2-wasm-service-communication-socket-journal/third_party/wamr/core/iwasm/interpreter/wasm_interp_classic.c:2518:17: note: in expansion of macro ‘HANDLE_OP_END’
 2518 |                 HANDLE_OP_END();
      |                 ^~~~~~~~~~~~~
/home/osslab/mros2-wasm-service-communication-socket-journal/third_party/wamr/core/iwasm/interpreter/wasm_loader.c:10407:18: warning: declaration of ‘i’ shadows a previous local [-Wshadow]
10407 |         for (int i = 0; i < csp_height; i++) {
      |                  ^
/home/osslab/mros2-wasm-service-communication-socket-journal/third_party/wamr/core/iwasm/interpreter/wasm_interp_classic.c:1153:17: warning: variable ‘dummy_sp’ set but not used [-Wunused-but-set-variable]
 1153 |         uint32 *dummy_sp;                                                   \
      |                 ^~~~~~~~
/home/osslab/mros2-wasm-service-communication-socket-journal/third_party/wamr/core/iwasm/interpreter/wasm_interp_classic.c:1189:9: note: in expansion of macro ‘DO_CHECKPOINT’
 1189 |         DO_CHECKPOINT();                                                    \
      |         ^~~~~~~~~~~~~
/home/osslab/mros2-wasm-service-communication-socket-journal/third_party/wamr/core/iwasm/interpreter/wasm_interp_classic.c:1201:9: note: in expansion of macro ‘CHECK_DUMP’
 1201 |         CHECK_DUMP()                     \
      |         ^~~~~~~~~~
/home/osslab/mros2-wasm-service-communication-socket-journal/third_party/wamr/core/iwasm/interpreter/wasm_interp_classic.c:1223:25: note: in expansion of macro ‘FETCH_OPCODE_AND_DISPATCH’
 1223 | #define HANDLE_OP_END() FETCH_OPCODE_AND_DISPATCH()
      |                         ^~~~~~~~~~~~~~~~~~~~~~~~~
/home/osslab/mros2-wasm-service-communication-socket-journal/third_party/wamr/core/iwasm/interpreter/wasm_interp_classic.c:2518:17: note: in expansion of macro ‘HANDLE_OP_END’
 2518 |                 HANDLE_OP_END();
      |                 ^~~~~~~~~~~~~
/home/osslab/mros2-wasm-service-communication-socket-journal/third_party/wamr/core/iwasm/interpreter/wasm_loader.c:7304:67: note: shadowed declaration is here
 7304 |     uint32 table_seg_idx, data_seg_idx, count, align, mem_offset, i;
      |                                                                   ^
/home/osslab/mros2-wasm-service-communication-socket-journal/third_party/wamr/core/iwasm/interpreter/wasm_interp_classic.c:1106:16: warning: variable ‘arg’ set but not used [-Wunused-but-set-variable]
 1106 |         uint32 arg;                                                          \
      |                ^~~
/home/osslab/mros2-wasm-service-communication-socket-journal/third_party/wamr/core/iwasm/interpreter/wasm_interp_classic.c:1149:9: note: in expansion of macro ‘INIT_THREAD_ID_CH’
 1149 |         INIT_THREAD_ID_CH();                                                \
      |         ^~~~~~~~~~~~~~~~~
/home/osslab/mros2-wasm-service-communication-socket-journal/third_party/wamr/core/iwasm/interpreter/wasm_interp_classic.c:1189:9: note: in expansion of macro ‘DO_CHECKPOINT’
 1189 |         DO_CHECKPOINT();                                                    \
      |         ^~~~~~~~~~~~~
/home/osslab/mros2-wasm-service-communication-socket-journal/third_party/wamr/core/iwasm/interpreter/wasm_interp_classic.c:1201:9: note: in expansion of macro ‘CHECK_DUMP’
 1201 |         CHECK_DUMP()                     \
      |         ^~~~~~~~~~
/home/osslab/mros2-wasm-service-communication-socket-journal/third_party/wamr/core/iwasm/interpreter/wasm_interp_classic.c:1223:25: note: in expansion of macro ‘FETCH_OPCODE_AND_DISPATCH’
 1223 | #define HANDLE_OP_END() FETCH_OPCODE_AND_DISPATCH()
      |                         ^~~~~~~~~~~~~~~~~~~~~~~~~
/home/osslab/mros2-wasm-service-communication-socket-journal/third_party/wamr/core/iwasm/interpreter/wasm_interp_classic.c:2532:17: note: in expansion of macro ‘HANDLE_OP_END’
 2532 |                 HANDLE_OP_END();
      |                 ^~~~~~~~~~~~~
/home/osslab/mros2-wasm-service-communication-socket-journal/third_party/wamr/core/iwasm/interpreter/wasm_loader.c:10407:27: warning: comparison of integer expressions of different signedness: ‘int’ and ‘uint32’ {aka ‘unsigned int’} [-Wsign-compare]
10407 |         for (int i = 0; i < csp_height; i++) {
      |                           ^
/home/osslab/mros2-wasm-service-communication-socket-journal/third_party/wamr/core/iwasm/interpreter/wasm_interp_classic.c:1153:17: warning: variable ‘dummy_sp’ set but not used [-Wunused-but-set-variable]
 1153 |         uint32 *dummy_sp;                                                   \
      |                 ^~~~~~~~
/home/osslab/mros2-wasm-service-communication-socket-journal/third_party/wamr/core/iwasm/interpreter/wasm_interp_classic.c:1189:9: note: in expansion of macro ‘DO_CHECKPOINT’
 1189 |         DO_CHECKPOINT();                                                    \
      |         ^~~~~~~~~~~~~
/home/osslab/mros2-wasm-service-communication-socket-journal/third_party/wamr/core/iwasm/interpreter/wasm_interp_classic.c:1201:9: note: in expansion of macro ‘CHECK_DUMP’
 1201 |         CHECK_DUMP()                     \
      |         ^~~~~~~~~~
/home/osslab/mros2-wasm-service-communication-socket-journal/third_party/wamr/core/iwasm/interpreter/wasm_interp_classic.c:1223:25: note: in expansion of macro ‘FETCH_OPCODE_AND_DISPATCH’
 1223 | #define HANDLE_OP_END() FETCH_OPCODE_AND_DISPATCH()
      |                         ^~~~~~~~~~~~~~~~~~~~~~~~~
/home/osslab/mros2-wasm-service-communication-socket-journal/third_party/wamr/core/iwasm/interpreter/wasm_interp_classic.c:2532:17: note: in expansion of macro ‘HANDLE_OP_END’
 2532 |                 HANDLE_OP_END();
      |                 ^~~~~~~~~~~~~
/home/osslab/mros2-wasm-service-communication-socket-journal/third_party/wamr/core/iwasm/interpreter/wasm_interp_classic.c:1106:16: warning: variable ‘arg’ set but not used [-Wunused-but-set-variable]
 1106 |         uint32 arg;                                                          \
      |                ^~~
/home/osslab/mros2-wasm-service-communication-socket-journal/third_party/wamr/core/iwasm/interpreter/wasm_interp_classic.c:1149:9: note: in expansion of macro ‘INIT_THREAD_ID_CH’
 1149 |         INIT_THREAD_ID_CH();                                                \
      |         ^~~~~~~~~~~~~~~~~
/home/osslab/mros2-wasm-service-communication-socket-journal/third_party/wamr/core/iwasm/interpreter/wasm_interp_classic.c:1189:9: note: in expansion of macro ‘DO_CHECKPOINT’
 1189 |         DO_CHECKPOINT();                                                    \
      |         ^~~~~~~~~~~~~
/home/osslab/mros2-wasm-service-communication-socket-journal/third_party/wamr/core/iwasm/interpreter/wasm_interp_classic.c:1201:9: note: in expansion of macro ‘CHECK_DUMP’
 1201 |         CHECK_DUMP()                     \
      |         ^~~~~~~~~~
/home/osslab/mros2-wasm-service-communication-socket-journal/third_party/wamr/core/iwasm/interpreter/wasm_interp_classic.c:1223:25: note: in expansion of macro ‘FETCH_OPCODE_AND_DISPATCH’
 1223 | #define HANDLE_OP_END() FETCH_OPCODE_AND_DISPATCH()
      |                         ^~~~~~~~~~~~~~~~~~~~~~~~~
/home/osslab/mros2-wasm-service-communication-socket-journal/third_party/wamr/core/iwasm/interpreter/wasm_interp_classic.c:2546:17: note: in expansion of macro ‘HANDLE_OP_END’
 2546 |                 HANDLE_OP_END();
      |                 ^~~~~~~~~~~~~
/home/osslab/mros2-wasm-service-communication-socket-journal/third_party/wamr/core/iwasm/interpreter/wasm_interp_classic.c:1153:17: warning: variable ‘dummy_sp’ set but not used [-Wunused-but-set-variable]
 1153 |         uint32 *dummy_sp;                                                   \
      |                 ^~~~~~~~
/home/osslab/mros2-wasm-service-communication-socket-journal/third_party/wamr/core/iwasm/interpreter/wasm_interp_classic.c:1189:9: note: in expansion of macro ‘DO_CHECKPOINT’
 1189 |         DO_CHECKPOINT();                                                    \
      |         ^~~~~~~~~~~~~
/home/osslab/mros2-wasm-service-communication-socket-journal/third_party/wamr/core/iwasm/interpreter/wasm_interp_classic.c:1201:9: note: in expansion of macro ‘CHECK_DUMP’
 1201 |         CHECK_DUMP()                     \
      |         ^~~~~~~~~~
/home/osslab/mros2-wasm-service-communication-socket-journal/third_party/wamr/core/iwasm/interpreter/wasm_interp_classic.c:1223:25: note: in expansion of macro ‘FETCH_OPCODE_AND_DISPATCH’
 1223 | #define HANDLE_OP_END() FETCH_OPCODE_AND_DISPATCH()
      |                         ^~~~~~~~~~~~~~~~~~~~~~~~~
/home/osslab/mros2-wasm-service-communication-socket-journal/third_party/wamr/core/iwasm/interpreter/wasm_interp_classic.c:2546:17: note: in expansion of macro ‘HANDLE_OP_END’
 2546 |                 HANDLE_OP_END();
      |                 ^~~~~~~~~~~~~
/home/osslab/mros2-wasm-service-communication-socket-journal/third_party/wamr/core/iwasm/interpreter/wasm_loader.c:7311:12: warning: unused variable ‘csp_cell_num’ [-Wunused-variable]
 7311 |     uint32 csp_cell_num;
      |            ^~~~~~~~~~~~
/home/osslab/mros2-wasm-service-communication-socket-journal/third_party/wamr/core/iwasm/interpreter/wasm_interp_classic.c:1106:16: warning: variable ‘arg’ set but not used [-Wunused-but-set-variable]
 1106 |         uint32 arg;                                                          \
      |                ^~~
/home/osslab/mros2-wasm-service-communication-socket-journal/third_party/wamr/core/iwasm/interpreter/wasm_interp_classic.c:1149:9: note: in expansion of macro ‘INIT_THREAD_ID_CH’
 1149 |         INIT_THREAD_ID_CH();                                                \
      |         ^~~~~~~~~~~~~~~~~
/home/osslab/mros2-wasm-service-communication-socket-journal/third_party/wamr/core/iwasm/interpreter/wasm_interp_classic.c:1189:9: note: in expansion of macro ‘DO_CHECKPOINT’
 1189 |         DO_CHECKPOINT();                                                    \
      |         ^~~~~~~~~~~~~
/home/osslab/mros2-wasm-service-communication-socket-journal/third_party/wamr/core/iwasm/interpreter/wasm_interp_classic.c:1201:9: note: in expansion of macro ‘CHECK_DUMP’
 1201 |         CHECK_DUMP()                     \
      |         ^~~~~~~~~~
/home/osslab/mros2-wasm-service-communication-socket-journal/third_party/wamr/core/iwasm/interpreter/wasm_interp_classic.c:1223:25: note: in expansion of macro ‘FETCH_OPCODE_AND_DISPATCH’
 1223 | #define HANDLE_OP_END() FETCH_OPCODE_AND_DISPATCH()
      |                         ^~~~~~~~~~~~~~~~~~~~~~~~~
/home/osslab/mros2-wasm-service-communication-socket-journal/third_party/wamr/core/iwasm/interpreter/wasm_interp_classic.c:2561:17: note: in expansion of macro ‘HANDLE_OP_END’
 2561 |                 HANDLE_OP_END();
      |                 ^~~~~~~~~~~~~
/home/osslab/mros2-wasm-service-communication-socket-journal/third_party/wamr/core/iwasm/interpreter/wasm_interp_classic.c:1153:17: warning: variable ‘dummy_sp’ set but not used [-Wunused-but-set-variable]
 1153 |         uint32 *dummy_sp;                                                   \
      |                 ^~~~~~~~
/home/osslab/mros2-wasm-service-communication-socket-journal/third_party/wamr/core/iwasm/interpreter/wasm_interp_classic.c:1189:9: note: in expansion of macro ‘DO_CHECKPOINT’
 1189 |         DO_CHECKPOINT();                                                    \
      |         ^~~~~~~~~~~~~
/home/osslab/mros2-wasm-service-communication-socket-journal/third_party/wamr/core/iwasm/interpreter/wasm_interp_classic.c:1201:9: note: in expansion of macro ‘CHECK_DUMP’
 1201 |         CHECK_DUMP()                     \
      |         ^~~~~~~~~~
/home/osslab/mros2-wasm-service-communication-socket-journal/third_party/wamr/core/iwasm/interpreter/wasm_interp_classic.c:1223:25: note: in expansion of macro ‘FETCH_OPCODE_AND_DISPATCH’
 1223 | #define HANDLE_OP_END() FETCH_OPCODE_AND_DISPATCH()
      |                         ^~~~~~~~~~~~~~~~~~~~~~~~~
/home/osslab/mros2-wasm-service-communication-socket-journal/third_party/wamr/core/iwasm/interpreter/wasm_interp_classic.c:2561:17: note: in expansion of macro ‘HANDLE_OP_END’
 2561 |                 HANDLE_OP_END();
      |                 ^~~~~~~~~~~~~
/home/osslab/mros2-wasm-service-communication-socket-journal/third_party/wamr/core/iwasm/interpreter/wasm_interp_classic.c:1106:16: warning: variable ‘arg’ set but not used [-Wunused-but-set-variable]
 1106 |         uint32 arg;                                                          \
      |                ^~~
/home/osslab/mros2-wasm-service-communication-socket-journal/third_party/wamr/core/iwasm/interpreter/wasm_interp_classic.c:1149:9: note: in expansion of macro ‘INIT_THREAD_ID_CH’
 1149 |         INIT_THREAD_ID_CH();                                                \
      |         ^~~~~~~~~~~~~~~~~
/home/osslab/mros2-wasm-service-communication-socket-journal/third_party/wamr/core/iwasm/interpreter/wasm_interp_classic.c:1189:9: note: in expansion of macro ‘DO_CHECKPOINT’
 1189 |         DO_CHECKPOINT();                                                    \
      |         ^~~~~~~~~~~~~
/home/osslab/mros2-wasm-service-communication-socket-journal/third_party/wamr/core/iwasm/interpreter/wasm_interp_classic.c:1201:9: note: in expansion of macro ‘CHECK_DUMP’
 1201 |         CHECK_DUMP()                     \
      |         ^~~~~~~~~~
/home/osslab/mros2-wasm-service-communication-socket-journal/third_party/wamr/core/iwasm/interpreter/wasm_interp_classic.c:1223:25: note: in expansion of macro ‘FETCH_OPCODE_AND_DISPATCH’
 1223 | #define HANDLE_OP_END() FETCH_OPCODE_AND_DISPATCH()
      |                         ^~~~~~~~~~~~~~~~~~~~~~~~~
/home/osslab/mros2-wasm-service-communication-socket-journal/third_party/wamr/core/iwasm/interpreter/wasm_interp_classic.c:2575:17: note: in expansion of macro ‘HANDLE_OP_END’
 2575 |                 HANDLE_OP_END();
      |                 ^~~~~~~~~~~~~
/home/osslab/mros2-wasm-service-communication-socket-journal/third_party/wamr/core/iwasm/interpreter/wasm_interp_classic.c:1153:17: warning: variable ‘dummy_sp’ set but not used [-Wunused-but-set-variable]
 1153 |         uint32 *dummy_sp;                                                   \
      |                 ^~~~~~~~
/home/osslab/mros2-wasm-service-communication-socket-journal/third_party/wamr/core/iwasm/interpreter/wasm_interp_classic.c:1189:9: note: in expansion of macro ‘DO_CHECKPOINT’
 1189 |         DO_CHECKPOINT();                                                    \
      |         ^~~~~~~~~~~~~
/home/osslab/mros2-wasm-service-communication-socket-journal/third_party/wamr/core/iwasm/interpreter/wasm_interp_classic.c:1201:9: note: in expansion of macro ‘CHECK_DUMP’
 1201 |         CHECK_DUMP()                     \
      |         ^~~~~~~~~~
/home/osslab/mros2-wasm-service-communication-socket-journal/third_party/wamr/core/iwasm/interpreter/wasm_interp_classic.c:1223:25: note: in expansion of macro ‘FETCH_OPCODE_AND_DISPATCH’
 1223 | #define HANDLE_OP_END() FETCH_OPCODE_AND_DISPATCH()
      |                         ^~~~~~~~~~~~~~~~~~~~~~~~~
/home/osslab/mros2-wasm-service-communication-socket-journal/third_party/wamr/core/iwasm/interpreter/wasm_interp_classic.c:2575:17: note: in expansion of macro ‘HANDLE_OP_END’
 2575 |                 HANDLE_OP_END();
      |                 ^~~~~~~~~~~~~
/home/osslab/mros2-wasm-service-communication-socket-journal/third_party/wamr/core/iwasm/interpreter/wasm_interp_classic.c:1106:16: warning: variable ‘arg’ set but not used [-Wunused-but-set-variable]
 1106 |         uint32 arg;                                                          \
      |                ^~~
/home/osslab/mros2-wasm-service-communication-socket-journal/third_party/wamr/core/iwasm/interpreter/wasm_interp_classic.c:1149:9: note: in expansion of macro ‘INIT_THREAD_ID_CH’
 1149 |         INIT_THREAD_ID_CH();                                                \
      |         ^~~~~~~~~~~~~~~~~
/home/osslab/mros2-wasm-service-communication-socket-journal/third_party/wamr/core/iwasm/interpreter/wasm_interp_classic.c:1189:9: note: in expansion of macro ‘DO_CHECKPOINT’
 1189 |         DO_CHECKPOINT();                                                    \
      |         ^~~~~~~~~~~~~
/home/osslab/mros2-wasm-service-communication-socket-journal/third_party/wamr/core/iwasm/interpreter/wasm_interp_classic.c:1201:9: note: in expansion of macro ‘CHECK_DUMP’
 1201 |         CHECK_DUMP()                     \
      |         ^~~~~~~~~~
/home/osslab/mros2-wasm-service-communication-socket-journal/third_party/wamr/core/iwasm/interpreter/wasm_interp_classic.c:1223:25: note: in expansion of macro ‘FETCH_OPCODE_AND_DISPATCH’
 1223 | #define HANDLE_OP_END() FETCH_OPCODE_AND_DISPATCH()
      |                         ^~~~~~~~~~~~~~~~~~~~~~~~~
/home/osslab/mros2-wasm-service-communication-socket-journal/third_party/wamr/core/iwasm/interpreter/wasm_interp_classic.c:2592:17: note: in expansion of macro ‘HANDLE_OP_END’
 2592 |                 HANDLE_OP_END();
      |                 ^~~~~~~~~~~~~
/home/osslab/mros2-wasm-service-communication-socket-journal/third_party/wamr/core/iwasm/interpreter/wasm_interp_classic.c:1153:17: warning: variable ‘dummy_sp’ set but not used [-Wunused-but-set-variable]
 1153 |         uint32 *dummy_sp;                                                   \
      |                 ^~~~~~~~
/home/osslab/mros2-wasm-service-communication-socket-journal/third_party/wamr/core/iwasm/interpreter/wasm_interp_classic.c:1189:9: note: in expansion of macro ‘DO_CHECKPOINT’
 1189 |         DO_CHECKPOINT();                                                    \
      |         ^~~~~~~~~~~~~
/home/osslab/mros2-wasm-service-communication-socket-journal/third_party/wamr/core/iwasm/interpreter/wasm_interp_classic.c:1201:9: note: in expansion of macro ‘CHECK_DUMP’
 1201 |         CHECK_DUMP()                     \
      |         ^~~~~~~~~~
/home/osslab/mros2-wasm-service-communication-socket-journal/third_party/wamr/core/iwasm/interpreter/wasm_interp_classic.c:1223:25: note: in expansion of macro ‘FETCH_OPCODE_AND_DISPATCH’
 1223 | #define HANDLE_OP_END() FETCH_OPCODE_AND_DISPATCH()
      |                         ^~~~~~~~~~~~~~~~~~~~~~~~~
/home/osslab/mros2-wasm-service-communication-socket-journal/third_party/wamr/core/iwasm/interpreter/wasm_interp_classic.c:2592:17: note: in expansion of macro ‘HANDLE_OP_END’
 2592 |                 HANDLE_OP_END();
      |                 ^~~~~~~~~~~~~
/home/osslab/mros2-wasm-service-communication-socket-journal/third_party/wamr/core/iwasm/interpreter/wasm_interp_classic.c:1106:16: warning: variable ‘arg’ set but not used [-Wunused-but-set-variable]
 1106 |         uint32 arg;                                                          \
      |                ^~~
/home/osslab/mros2-wasm-service-communication-socket-journal/third_party/wamr/core/iwasm/interpreter/wasm_interp_classic.c:1149:9: note: in expansion of macro ‘INIT_THREAD_ID_CH’
 1149 |         INIT_THREAD_ID_CH();                                                \
      |         ^~~~~~~~~~~~~~~~~
/home/osslab/mros2-wasm-service-communication-socket-journal/third_party/wamr/core/iwasm/interpreter/wasm_interp_classic.c:1189:9: note: in expansion of macro ‘DO_CHECKPOINT’
 1189 |         DO_CHECKPOINT();                                                    \
      |         ^~~~~~~~~~~~~
/home/osslab/mros2-wasm-service-communication-socket-journal/third_party/wamr/core/iwasm/interpreter/wasm_interp_classic.c:1201:9: note: in expansion of macro ‘CHECK_DUMP’
 1201 |         CHECK_DUMP()                     \
      |         ^~~~~~~~~~
/home/osslab/mros2-wasm-service-communication-socket-journal/third_party/wamr/core/iwasm/interpreter/wasm_interp_classic.c:1223:25: note: in expansion of macro ‘FETCH_OPCODE_AND_DISPATCH’
 1223 | #define HANDLE_OP_END() FETCH_OPCODE_AND_DISPATCH()
      |                         ^~~~~~~~~~~~~~~~~~~~~~~~~
/home/osslab/mros2-wasm-service-communication-socket-journal/third_party/wamr/core/iwasm/interpreter/wasm_interp_classic.c:2609:17: note: in expansion of macro ‘HANDLE_OP_END’
 2609 |                 HANDLE_OP_END();
      |                 ^~~~~~~~~~~~~
/home/osslab/mros2-wasm-service-communication-socket-journal/third_party/wamr/core/iwasm/interpreter/wasm_interp_classic.c:1153:17: warning: variable ‘dummy_sp’ set but not used [-Wunused-but-set-variable]
 1153 |         uint32 *dummy_sp;                                                   \
      |                 ^~~~~~~~
/home/osslab/mros2-wasm-service-communication-socket-journal/third_party/wamr/core/iwasm/interpreter/wasm_interp_classic.c:1189:9: note: in expansion of macro ‘DO_CHECKPOINT’
 1189 |         DO_CHECKPOINT();                                                    \
      |         ^~~~~~~~~~~~~
/home/osslab/mros2-wasm-service-communication-socket-journal/third_party/wamr/core/iwasm/interpreter/wasm_interp_classic.c:1201:9: note: in expansion of macro ‘CHECK_DUMP’
 1201 |         CHECK_DUMP()                     \
      |         ^~~~~~~~~~
/home/osslab/mros2-wasm-service-communication-socket-journal/third_party/wamr/core/iwasm/interpreter/wasm_interp_classic.c:1223:25: note: in expansion of macro ‘FETCH_OPCODE_AND_DISPATCH’
 1223 | #define HANDLE_OP_END() FETCH_OPCODE_AND_DISPATCH()
      |                         ^~~~~~~~~~~~~~~~~~~~~~~~~
/home/osslab/mros2-wasm-service-communication-socket-journal/third_party/wamr/core/iwasm/interpreter/wasm_interp_classic.c:2609:17: note: in expansion of macro ‘HANDLE_OP_END’
 2609 |                 HANDLE_OP_END();
      |                 ^~~~~~~~~~~~~
/home/osslab/mros2-wasm-service-communication-socket-journal/third_party/wamr/core/iwasm/interpreter/wasm_interp_classic.c:1106:16: warning: variable ‘arg’ set but not used [-Wunused-but-set-variable]
 1106 |         uint32 arg;                                                          \
      |                ^~~
/home/osslab/mros2-wasm-service-communication-socket-journal/third_party/wamr/core/iwasm/interpreter/wasm_interp_classic.c:1149:9: note: in expansion of macro ‘INIT_THREAD_ID_CH’
 1149 |         INIT_THREAD_ID_CH();                                                \
      |         ^~~~~~~~~~~~~~~~~
/home/osslab/mros2-wasm-service-communication-socket-journal/third_party/wamr/core/iwasm/interpreter/wasm_interp_classic.c:1189:9: note: in expansion of macro ‘DO_CHECKPOINT’
 1189 |         DO_CHECKPOINT();                                                    \
      |         ^~~~~~~~~~~~~
/home/osslab/mros2-wasm-service-communication-socket-journal/third_party/wamr/core/iwasm/interpreter/wasm_interp_classic.c:1201:9: note: in expansion of macro ‘CHECK_DUMP’
 1201 |         CHECK_DUMP()                     \
      |         ^~~~~~~~~~
/home/osslab/mros2-wasm-service-communication-socket-journal/third_party/wamr/core/iwasm/interpreter/wasm_interp_classic.c:1223:25: note: in expansion of macro ‘FETCH_OPCODE_AND_DISPATCH’
 1223 | #define HANDLE_OP_END() FETCH_OPCODE_AND_DISPATCH()
      |                         ^~~~~~~~~~~~~~~~~~~~~~~~~
/home/osslab/mros2-wasm-service-communication-socket-journal/third_party/wamr/core/iwasm/interpreter/wasm_interp_classic.c:2634:17: note: in expansion of macro ‘HANDLE_OP_END’
 2634 |                 HANDLE_OP_END();
      |                 ^~~~~~~~~~~~~
/home/osslab/mros2-wasm-service-communication-socket-journal/third_party/wamr/core/iwasm/interpreter/wasm_interp_classic.c:1153:17: warning: variable ‘dummy_sp’ set but not used [-Wunused-but-set-variable]
 1153 |         uint32 *dummy_sp;                                                   \
      |                 ^~~~~~~~
/home/osslab/mros2-wasm-service-communication-socket-journal/third_party/wamr/core/iwasm/interpreter/wasm_interp_classic.c:1189:9: note: in expansion of macro ‘DO_CHECKPOINT’
 1189 |         DO_CHECKPOINT();                                                    \
      |         ^~~~~~~~~~~~~
/home/osslab/mros2-wasm-service-communication-socket-journal/third_party/wamr/core/iwasm/interpreter/wasm_interp_classic.c:1201:9: note: in expansion of macro ‘CHECK_DUMP’
 1201 |         CHECK_DUMP()                     \
      |         ^~~~~~~~~~
/home/osslab/mros2-wasm-service-communication-socket-journal/third_party/wamr/core/iwasm/interpreter/wasm_interp_classic.c:1223:25: note: in expansion of macro ‘FETCH_OPCODE_AND_DISPATCH’
 1223 | #define HANDLE_OP_END() FETCH_OPCODE_AND_DISPATCH()
      |                         ^~~~~~~~~~~~~~~~~~~~~~~~~
/home/osslab/mros2-wasm-service-communication-socket-journal/third_party/wamr/core/iwasm/interpreter/wasm_interp_classic.c:2634:17: note: in expansion of macro ‘HANDLE_OP_END’
 2634 |                 HANDLE_OP_END();
      |                 ^~~~~~~~~~~~~
/home/osslab/mros2-wasm-service-communication-socket-journal/third_party/wamr/core/iwasm/interpreter/wasm_interp_classic.c:1106:16: warning: variable ‘arg’ set but not used [-Wunused-but-set-variable]
 1106 |         uint32 arg;                                                          \
      |                ^~~
/home/osslab/mros2-wasm-service-communication-socket-journal/third_party/wamr/core/iwasm/interpreter/wasm_interp_classic.c:1149:9: note: in expansion of macro ‘INIT_THREAD_ID_CH’
 1149 |         INIT_THREAD_ID_CH();                                                \
      |         ^~~~~~~~~~~~~~~~~
/home/osslab/mros2-wasm-service-communication-socket-journal/third_party/wamr/core/iwasm/interpreter/wasm_interp_classic.c:1189:9: note: in expansion of macro ‘DO_CHECKPOINT’
 1189 |         DO_CHECKPOINT();                                                    \
      |         ^~~~~~~~~~~~~
/home/osslab/mros2-wasm-service-communication-socket-journal/third_party/wamr/core/iwasm/interpreter/wasm_interp_classic.c:1201:9: note: in expansion of macro ‘CHECK_DUMP’
 1201 |         CHECK_DUMP()                     \
      |         ^~~~~~~~~~
/home/osslab/mros2-wasm-service-communication-socket-journal/third_party/wamr/core/iwasm/interpreter/wasm_interp_classic.c:1223:25: note: in expansion of macro ‘FETCH_OPCODE_AND_DISPATCH’
 1223 | #define HANDLE_OP_END() FETCH_OPCODE_AND_DISPATCH()
      |                         ^~~~~~~~~~~~~~~~~~~~~~~~~
/home/osslab/mros2-wasm-service-communication-socket-journal/third_party/wamr/core/iwasm/interpreter/wasm_interp_classic.c:2664:17: note: in expansion of macro ‘HANDLE_OP_END’
 2664 |                 HANDLE_OP_END();
      |                 ^~~~~~~~~~~~~
/home/osslab/mros2-wasm-service-communication-socket-journal/third_party/wamr/core/iwasm/interpreter/wasm_interp_classic.c:1153:17: warning: variable ‘dummy_sp’ set but not used [-Wunused-but-set-variable]
 1153 |         uint32 *dummy_sp;                                                   \
      |                 ^~~~~~~~
/home/osslab/mros2-wasm-service-communication-socket-journal/third_party/wamr/core/iwasm/interpreter/wasm_interp_classic.c:1189:9: note: in expansion of macro ‘DO_CHECKPOINT’
 1189 |         DO_CHECKPOINT();                                                    \
      |         ^~~~~~~~~~~~~
/home/osslab/mros2-wasm-service-communication-socket-journal/third_party/wamr/core/iwasm/interpreter/wasm_interp_classic.c:1201:9: note: in expansion of macro ‘CHECK_DUMP’
 1201 |         CHECK_DUMP()                     \
      |         ^~~~~~~~~~
/home/osslab/mros2-wasm-service-communication-socket-journal/third_party/wamr/core/iwasm/interpreter/wasm_interp_classic.c:1223:25: note: in expansion of macro ‘FETCH_OPCODE_AND_DISPATCH’
 1223 | #define HANDLE_OP_END() FETCH_OPCODE_AND_DISPATCH()
      |                         ^~~~~~~~~~~~~~~~~~~~~~~~~
/home/osslab/mros2-wasm-service-communication-socket-journal/third_party/wamr/core/iwasm/interpreter/wasm_interp_classic.c:2664:17: note: in expansion of macro ‘HANDLE_OP_END’
 2664 |                 HANDLE_OP_END();
      |                 ^~~~~~~~~~~~~
/home/osslab/mros2-wasm-service-communication-socket-journal/third_party/wamr/core/iwasm/interpreter/wasm_interp_classic.c:1106:16: warning: variable ‘arg’ set but not used [-Wunused-but-set-variable]
 1106 |         uint32 arg;                                                          \
      |                ^~~
/home/osslab/mros2-wasm-service-communication-socket-journal/third_party/wamr/core/iwasm/interpreter/wasm_interp_classic.c:1149:9: note: in expansion of macro ‘INIT_THREAD_ID_CH’
 1149 |         INIT_THREAD_ID_CH();                                                \
      |         ^~~~~~~~~~~~~~~~~
/home/osslab/mros2-wasm-service-communication-socket-journal/third_party/wamr/core/iwasm/interpreter/wasm_interp_classic.c:1189:9: note: in expansion of macro ‘DO_CHECKPOINT’
 1189 |         DO_CHECKPOINT();                                                    \
      |         ^~~~~~~~~~~~~
/home/osslab/mros2-wasm-service-communication-socket-journal/third_party/wamr/core/iwasm/interpreter/wasm_interp_classic.c:1201:9: note: in expansion of macro ‘CHECK_DUMP’
 1201 |         CHECK_DUMP()                     \
      |         ^~~~~~~~~~
/home/osslab/mros2-wasm-service-communication-socket-journal/third_party/wamr/core/iwasm/interpreter/wasm_interp_classic.c:1223:25: note: in expansion of macro ‘FETCH_OPCODE_AND_DISPATCH’
 1223 | #define HANDLE_OP_END() FETCH_OPCODE_AND_DISPATCH()
      |                         ^~~~~~~~~~~~~~~~~~~~~~~~~
/home/osslab/mros2-wasm-service-communication-socket-journal/third_party/wamr/core/iwasm/interpreter/wasm_interp_classic.c:2674:17: note: in expansion of macro ‘HANDLE_OP_END’
 2674 |                 HANDLE_OP_END();
      |                 ^~~~~~~~~~~~~
/home/osslab/mros2-wasm-service-communication-socket-journal/third_party/wamr/core/iwasm/interpreter/wasm_interp_classic.c:1153:17: warning: variable ‘dummy_sp’ set but not used [-Wunused-but-set-variable]
 1153 |         uint32 *dummy_sp;                                                   \
      |                 ^~~~~~~~
/home/osslab/mros2-wasm-service-communication-socket-journal/third_party/wamr/core/iwasm/interpreter/wasm_interp_classic.c:1189:9: note: in expansion of macro ‘DO_CHECKPOINT’
 1189 |         DO_CHECKPOINT();                                                    \
      |         ^~~~~~~~~~~~~
/home/osslab/mros2-wasm-service-communication-socket-journal/third_party/wamr/core/iwasm/interpreter/wasm_interp_classic.c:1201:9: note: in expansion of macro ‘CHECK_DUMP’
 1201 |         CHECK_DUMP()                     \
      |         ^~~~~~~~~~
/home/osslab/mros2-wasm-service-communication-socket-journal/third_party/wamr/core/iwasm/interpreter/wasm_interp_classic.c:1223:25: note: in expansion of macro ‘FETCH_OPCODE_AND_DISPATCH’
 1223 | #define HANDLE_OP_END() FETCH_OPCODE_AND_DISPATCH()
      |                         ^~~~~~~~~~~~~~~~~~~~~~~~~
/home/osslab/mros2-wasm-service-communication-socket-journal/third_party/wamr/core/iwasm/interpreter/wasm_interp_classic.c:2674:17: note: in expansion of macro ‘HANDLE_OP_END’
 2674 |                 HANDLE_OP_END();
      |                 ^~~~~~~~~~~~~
/home/osslab/mros2-wasm-service-communication-socket-journal/third_party/wamr/core/iwasm/interpreter/wasm_interp_classic.c:1106:16: warning: variable ‘arg’ set but not used [-Wunused-but-set-variable]
 1106 |         uint32 arg;                                                          \
      |                ^~~
/home/osslab/mros2-wasm-service-communication-socket-journal/third_party/wamr/core/iwasm/interpreter/wasm_interp_classic.c:1149:9: note: in expansion of macro ‘INIT_THREAD_ID_CH’
 1149 |         INIT_THREAD_ID_CH();                                                \
      |         ^~~~~~~~~~~~~~~~~
/home/osslab/mros2-wasm-service-communication-socket-journal/third_party/wamr/core/iwasm/interpreter/wasm_interp_classic.c:1189:9: note: in expansion of macro ‘DO_CHECKPOINT’
 1189 |         DO_CHECKPOINT();                                                    \
      |         ^~~~~~~~~~~~~
/home/osslab/mros2-wasm-service-communication-socket-journal/third_party/wamr/core/iwasm/interpreter/wasm_interp_classic.c:1201:9: note: in expansion of macro ‘CHECK_DUMP’
 1201 |         CHECK_DUMP()                     \
      |         ^~~~~~~~~~
/home/osslab/mros2-wasm-service-communication-socket-journal/third_party/wamr/core/iwasm/interpreter/wasm_interp_classic.c:1223:25: note: in expansion of macro ‘FETCH_OPCODE_AND_DISPATCH’
 1223 | #define HANDLE_OP_END() FETCH_OPCODE_AND_DISPATCH()
      |                         ^~~~~~~~~~~~~~~~~~~~~~~~~
/home/osslab/mros2-wasm-service-communication-socket-journal/third_party/wamr/core/iwasm/interpreter/wasm_interp_classic.c:2702:17: note: in expansion of macro ‘HANDLE_OP_END’
 2702 |                 HANDLE_OP_END();
      |                 ^~~~~~~~~~~~~
/home/osslab/mros2-wasm-service-communication-socket-journal/third_party/wamr/core/iwasm/interpreter/wasm_interp_classic.c:1153:17: warning: variable ‘dummy_sp’ set but not used [-Wunused-but-set-variable]
 1153 |         uint32 *dummy_sp;                                                   \
      |                 ^~~~~~~~
/home/osslab/mros2-wasm-service-communication-socket-journal/third_party/wamr/core/iwasm/interpreter/wasm_interp_classic.c:1189:9: note: in expansion of macro ‘DO_CHECKPOINT’
 1189 |         DO_CHECKPOINT();                                                    \
      |         ^~~~~~~~~~~~~
/home/osslab/mros2-wasm-service-communication-socket-journal/third_party/wamr/core/iwasm/interpreter/wasm_interp_classic.c:1201:9: note: in expansion of macro ‘CHECK_DUMP’
 1201 |         CHECK_DUMP()                     \
      |         ^~~~~~~~~~
/home/osslab/mros2-wasm-service-communication-socket-journal/third_party/wamr/core/iwasm/interpreter/wasm_interp_classic.c:1223:25: note: in expansion of macro ‘FETCH_OPCODE_AND_DISPATCH’
 1223 | #define HANDLE_OP_END() FETCH_OPCODE_AND_DISPATCH()
      |                         ^~~~~~~~~~~~~~~~~~~~~~~~~
/home/osslab/mros2-wasm-service-communication-socket-journal/third_party/wamr/core/iwasm/interpreter/wasm_interp_classic.c:2702:17: note: in expansion of macro ‘HANDLE_OP_END’
 2702 |                 HANDLE_OP_END();
      |                 ^~~~~~~~~~~~~
/home/osslab/mros2-wasm-service-communication-socket-journal/third_party/wamr/core/iwasm/interpreter/wasm_interp_classic.c:1106:16: warning: variable ‘arg’ set but not used [-Wunused-but-set-variable]
 1106 |         uint32 arg;                                                          \
      |                ^~~
/home/osslab/mros2-wasm-service-communication-socket-journal/third_party/wamr/core/iwasm/interpreter/wasm_interp_classic.c:1149:9: note: in expansion of macro ‘INIT_THREAD_ID_CH’
 1149 |         INIT_THREAD_ID_CH();                                                \
      |         ^~~~~~~~~~~~~~~~~
/home/osslab/mros2-wasm-service-communication-socket-journal/third_party/wamr/core/iwasm/interpreter/wasm_interp_classic.c:1189:9: note: in expansion of macro ‘DO_CHECKPOINT’
 1189 |         DO_CHECKPOINT();                                                    \
      |         ^~~~~~~~~~~~~
/home/osslab/mros2-wasm-service-communication-socket-journal/third_party/wamr/core/iwasm/interpreter/wasm_interp_classic.c:1201:9: note: in expansion of macro ‘CHECK_DUMP’
 1201 |         CHECK_DUMP()                     \
      |         ^~~~~~~~~~
/home/osslab/mros2-wasm-service-communication-socket-journal/third_party/wamr/core/iwasm/interpreter/wasm_interp_classic.c:1223:25: note: in expansion of macro ‘FETCH_OPCODE_AND_DISPATCH’
 1223 | #define HANDLE_OP_END() FETCH_OPCODE_AND_DISPATCH()
      |                         ^~~~~~~~~~~~~~~~~~~~~~~~~
/home/osslab/mros2-wasm-service-communication-socket-journal/third_party/wamr/core/iwasm/interpreter/wasm_interp_classic.c:2708:13: note: in expansion of macro ‘HANDLE_OP_END’
 2708 |             HANDLE_OP_END();
      |             ^~~~~~~~~~~~~
/home/osslab/mros2-wasm-service-communication-socket-journal/third_party/wamr/core/iwasm/interpreter/wasm_interp_classic.c:1153:17: warning: variable ‘dummy_sp’ set but not used [-Wunused-but-set-variable]
 1153 |         uint32 *dummy_sp;                                                   \
      |                 ^~~~~~~~
/home/osslab/mros2-wasm-service-communication-socket-journal/third_party/wamr/core/iwasm/interpreter/wasm_interp_classic.c:1189:9: note: in expansion of macro ‘DO_CHECKPOINT’
 1189 |         DO_CHECKPOINT();                                                    \
      |         ^~~~~~~~~~~~~
/home/osslab/mros2-wasm-service-communication-socket-journal/third_party/wamr/core/iwasm/interpreter/wasm_interp_classic.c:1201:9: note: in expansion of macro ‘CHECK_DUMP’
 1201 |         CHECK_DUMP()                     \
      |         ^~~~~~~~~~
/home/osslab/mros2-wasm-service-communication-socket-journal/third_party/wamr/core/iwasm/interpreter/wasm_interp_classic.c:1223:25: note: in expansion of macro ‘FETCH_OPCODE_AND_DISPATCH’
 1223 | #define HANDLE_OP_END() FETCH_OPCODE_AND_DISPATCH()
      |                         ^~~~~~~~~~~~~~~~~~~~~~~~~
/home/osslab/mros2-wasm-service-communication-socket-journal/third_party/wamr/core/iwasm/interpreter/wasm_interp_classic.c:2708:13: note: in expansion of macro ‘HANDLE_OP_END’
 2708 |             HANDLE_OP_END();
      |             ^~~~~~~~~~~~~
/home/osslab/mros2-wasm-service-communication-socket-journal/third_party/wamr/core/iwasm/interpreter/wasm_interp_classic.c:1106:16: warning: variable ‘arg’ set but not used [-Wunused-but-set-variable]
 1106 |         uint32 arg;                                                          \
      |                ^~~
/home/osslab/mros2-wasm-service-communication-socket-journal/third_party/wamr/core/iwasm/interpreter/wasm_interp_classic.c:1149:9: note: in expansion of macro ‘INIT_THREAD_ID_CH’
 1149 |         INIT_THREAD_ID_CH();                                                \
      |         ^~~~~~~~~~~~~~~~~
/home/osslab/mros2-wasm-service-communication-socket-journal/third_party/wamr/core/iwasm/interpreter/wasm_interp_classic.c:1189:9: note: in expansion of macro ‘DO_CHECKPOINT’
 1189 |         DO_CHECKPOINT();                                                    \
      |         ^~~~~~~~~~~~~
/home/osslab/mros2-wasm-service-communication-socket-journal/third_party/wamr/core/iwasm/interpreter/wasm_interp_classic.c:1201:9: note: in expansion of macro ‘CHECK_DUMP’
 1201 |         CHECK_DUMP()                     \
      |         ^~~~~~~~~~
/home/osslab/mros2-wasm-service-communication-socket-journal/third_party/wamr/core/iwasm/interpreter/wasm_interp_classic.c:1223:25: note: in expansion of macro ‘FETCH_OPCODE_AND_DISPATCH’
 1223 | #define HANDLE_OP_END() FETCH_OPCODE_AND_DISPATCH()
      |                         ^~~~~~~~~~~~~~~~~~~~~~~~~
/home/osslab/mros2-wasm-service-communication-socket-journal/third_party/wamr/core/iwasm/interpreter/wasm_interp_classic.c:2712:13: note: in expansion of macro ‘HANDLE_OP_END’
 2712 |             HANDLE_OP_END();
      |             ^~~~~~~~~~~~~
/home/osslab/mros2-wasm-service-communication-socket-journal/third_party/wamr/core/iwasm/interpreter/wasm_interp_classic.c:1153:17: warning: variable ‘dummy_sp’ set but not used [-Wunused-but-set-variable]
 1153 |         uint32 *dummy_sp;                                                   \
      |                 ^~~~~~~~
/home/osslab/mros2-wasm-service-communication-socket-journal/third_party/wamr/core/iwasm/interpreter/wasm_interp_classic.c:1189:9: note: in expansion of macro ‘DO_CHECKPOINT’
 1189 |         DO_CHECKPOINT();                                                    \
      |         ^~~~~~~~~~~~~
/home/osslab/mros2-wasm-service-communication-socket-journal/third_party/wamr/core/iwasm/interpreter/wasm_interp_classic.c:1201:9: note: in expansion of macro ‘CHECK_DUMP’
 1201 |         CHECK_DUMP()                     \
      |         ^~~~~~~~~~
/home/osslab/mros2-wasm-service-communication-socket-journal/third_party/wamr/core/iwasm/interpreter/wasm_interp_classic.c:1223:25: note: in expansion of macro ‘FETCH_OPCODE_AND_DISPATCH’
 1223 | #define HANDLE_OP_END() FETCH_OPCODE_AND_DISPATCH()
      |                         ^~~~~~~~~~~~~~~~~~~~~~~~~
/home/osslab/mros2-wasm-service-communication-socket-journal/third_party/wamr/core/iwasm/interpreter/wasm_interp_classic.c:2712:13: note: in expansion of macro ‘HANDLE_OP_END’
 2712 |             HANDLE_OP_END();
      |             ^~~~~~~~~~~~~
/home/osslab/mros2-wasm-service-communication-socket-journal/third_party/wamr/core/iwasm/interpreter/wasm_interp_classic.c:1106:16: warning: variable ‘arg’ set but not used [-Wunused-but-set-variable]
 1106 |         uint32 arg;                                                          \
      |                ^~~
/home/osslab/mros2-wasm-service-communication-socket-journal/third_party/wamr/core/iwasm/interpreter/wasm_interp_classic.c:1149:9: note: in expansion of macro ‘INIT_THREAD_ID_CH’
 1149 |         INIT_THREAD_ID_CH();                                                \
      |         ^~~~~~~~~~~~~~~~~
/home/osslab/mros2-wasm-service-communication-socket-journal/third_party/wamr/core/iwasm/interpreter/wasm_interp_classic.c:1189:9: note: in expansion of macro ‘DO_CHECKPOINT’
 1189 |         DO_CHECKPOINT();                                                    \
      |         ^~~~~~~~~~~~~
/home/osslab/mros2-wasm-service-communication-socket-journal/third_party/wamr/core/iwasm/interpreter/wasm_interp_classic.c:1201:9: note: in expansion of macro ‘CHECK_DUMP’
 1201 |         CHECK_DUMP()                     \
      |         ^~~~~~~~~~
/home/osslab/mros2-wasm-service-communication-socket-journal/third_party/wamr/core/iwasm/interpreter/wasm_interp_classic.c:1223:25: note: in expansion of macro ‘FETCH_OPCODE_AND_DISPATCH’
 1223 | #define HANDLE_OP_END() FETCH_OPCODE_AND_DISPATCH()
      |                         ^~~~~~~~~~~~~~~~~~~~~~~~~
/home/osslab/mros2-wasm-service-communication-socket-journal/third_party/wamr/core/iwasm/interpreter/wasm_interp_classic.c:2719:17: note: in expansion of macro ‘HANDLE_OP_END’
 2719 |                 HANDLE_OP_END();
      |                 ^~~~~~~~~~~~~
/home/osslab/mros2-wasm-service-communication-socket-journal/third_party/wamr/core/iwasm/interpreter/wasm_interp_classic.c:1153:17: warning: variable ‘dummy_sp’ set but not used [-Wunused-but-set-variable]
 1153 |         uint32 *dummy_sp;                                                   \
      |                 ^~~~~~~~
/home/osslab/mros2-wasm-service-communication-socket-journal/third_party/wamr/core/iwasm/interpreter/wasm_interp_classic.c:1189:9: note: in expansion of macro ‘DO_CHECKPOINT’
 1189 |         DO_CHECKPOINT();                                                    \
      |         ^~~~~~~~~~~~~
/home/osslab/mros2-wasm-service-communication-socket-journal/third_party/wamr/core/iwasm/interpreter/wasm_interp_classic.c:1201:9: note: in expansion of macro ‘CHECK_DUMP’
 1201 |         CHECK_DUMP()                     \
      |         ^~~~~~~~~~
/home/osslab/mros2-wasm-service-communication-socket-journal/third_party/wamr/core/iwasm/interpreter/wasm_interp_classic.c:1223:25: note: in expansion of macro ‘FETCH_OPCODE_AND_DISPATCH’
 1223 | #define HANDLE_OP_END() FETCH_OPCODE_AND_DISPATCH()
      |                         ^~~~~~~~~~~~~~~~~~~~~~~~~
/home/osslab/mros2-wasm-service-communication-socket-journal/third_party/wamr/core/iwasm/interpreter/wasm_interp_classic.c:2719:17: note: in expansion of macro ‘HANDLE_OP_END’
 2719 |                 HANDLE_OP_END();
      |                 ^~~~~~~~~~~~~
/home/osslab/mros2-wasm-service-communication-socket-journal/third_party/wamr/core/iwasm/interpreter/wasm_interp_classic.c:1106:16: warning: variable ‘arg’ set but not used [-Wunused-but-set-variable]
 1106 |         uint32 arg;                                                          \
      |                ^~~
/home/osslab/mros2-wasm-service-communication-socket-journal/third_party/wamr/core/iwasm/interpreter/wasm_interp_classic.c:1149:9: note: in expansion of macro ‘INIT_THREAD_ID_CH’
 1149 |         INIT_THREAD_ID_CH();                                                \
      |         ^~~~~~~~~~~~~~~~~
/home/osslab/mros2-wasm-service-communication-socket-journal/third_party/wamr/core/iwasm/interpreter/wasm_interp_classic.c:1189:9: note: in expansion of macro ‘DO_CHECKPOINT’
 1189 |         DO_CHECKPOINT();                                                    \
      |         ^~~~~~~~~~~~~
/home/osslab/mros2-wasm-service-communication-socket-journal/third_party/wamr/core/iwasm/interpreter/wasm_interp_classic.c:1201:9: note: in expansion of macro ‘CHECK_DUMP’
 1201 |         CHECK_DUMP()                     \
      |         ^~~~~~~~~~
/home/osslab/mros2-wasm-service-communication-socket-journal/third_party/wamr/core/iwasm/interpreter/wasm_interp_classic.c:1223:25: note: in expansion of macro ‘FETCH_OPCODE_AND_DISPATCH’
 1223 | #define HANDLE_OP_END() FETCH_OPCODE_AND_DISPATCH()
      |                         ^~~~~~~~~~~~~~~~~~~~~~~~~
/home/osslab/mros2-wasm-service-communication-socket-journal/third_party/wamr/core/iwasm/interpreter/wasm_interp_classic.c:2728:17: note: in expansion of macro ‘HANDLE_OP_END’
 2728 |                 HANDLE_OP_END();
      |                 ^~~~~~~~~~~~~
/home/osslab/mros2-wasm-service-communication-socket-journal/third_party/wamr/core/iwasm/interpreter/wasm_interp_classic.c:1153:17: warning: variable ‘dummy_sp’ set but not used [-Wunused-but-set-variable]
 1153 |         uint32 *dummy_sp;                                                   \
      |                 ^~~~~~~~
/home/osslab/mros2-wasm-service-communication-socket-journal/third_party/wamr/core/iwasm/interpreter/wasm_interp_classic.c:1189:9: note: in expansion of macro ‘DO_CHECKPOINT’
 1189 |         DO_CHECKPOINT();                                                    \
      |         ^~~~~~~~~~~~~
/home/osslab/mros2-wasm-service-communication-socket-journal/third_party/wamr/core/iwasm/interpreter/wasm_interp_classic.c:1201:9: note: in expansion of macro ‘CHECK_DUMP’
 1201 |         CHECK_DUMP()                     \
      |         ^~~~~~~~~~
/home/osslab/mros2-wasm-service-communication-socket-journal/third_party/wamr/core/iwasm/interpreter/wasm_interp_classic.c:1223:25: note: in expansion of macro ‘FETCH_OPCODE_AND_DISPATCH’
 1223 | #define HANDLE_OP_END() FETCH_OPCODE_AND_DISPATCH()
      |                         ^~~~~~~~~~~~~~~~~~~~~~~~~
/home/osslab/mros2-wasm-service-communication-socket-journal/third_party/wamr/core/iwasm/interpreter/wasm_interp_classic.c:2728:17: note: in expansion of macro ‘HANDLE_OP_END’
 2728 |                 HANDLE_OP_END();
      |                 ^~~~~~~~~~~~~
/home/osslab/mros2-wasm-service-communication-socket-journal/third_party/wamr/core/iwasm/interpreter/wasm_interp_classic.c:1106:16: warning: variable ‘arg’ set but not used [-Wunused-but-set-variable]
 1106 |         uint32 arg;                                                          \
      |                ^~~
/home/osslab/mros2-wasm-service-communication-socket-journal/third_party/wamr/core/iwasm/interpreter/wasm_interp_classic.c:1149:9: note: in expansion of macro ‘INIT_THREAD_ID_CH’
 1149 |         INIT_THREAD_ID_CH();                                                \
      |         ^~~~~~~~~~~~~~~~~
/home/osslab/mros2-wasm-service-communication-socket-journal/third_party/wamr/core/iwasm/interpreter/wasm_interp_classic.c:1189:9: note: in expansion of macro ‘DO_CHECKPOINT’
 1189 |         DO_CHECKPOINT();                                                    \
      |         ^~~~~~~~~~~~~
/home/osslab/mros2-wasm-service-communication-socket-journal/third_party/wamr/core/iwasm/interpreter/wasm_interp_classic.c:1201:9: note: in expansion of macro ‘CHECK_DUMP’
 1201 |         CHECK_DUMP()                     \
      |         ^~~~~~~~~~
/home/osslab/mros2-wasm-service-communication-socket-journal/third_party/wamr/core/iwasm/interpreter/wasm_interp_classic.c:1223:25: note: in expansion of macro ‘FETCH_OPCODE_AND_DISPATCH’
 1223 | #define HANDLE_OP_END() FETCH_OPCODE_AND_DISPATCH()
      |                         ^~~~~~~~~~~~~~~~~~~~~~~~~
/home/osslab/mros2-wasm-service-communication-socket-journal/third_party/wamr/core/iwasm/interpreter/wasm_interp_classic.c:2735:17: note: in expansion of macro ‘HANDLE_OP_END’
 2735 |                 HANDLE_OP_END();
      |                 ^~~~~~~~~~~~~
/home/osslab/mros2-wasm-service-communication-socket-journal/third_party/wamr/core/iwasm/interpreter/wasm_interp_classic.c:1153:17: warning: variable ‘dummy_sp’ set but not used [-Wunused-but-set-variable]
 1153 |         uint32 *dummy_sp;                                                   \
      |                 ^~~~~~~~
/home/osslab/mros2-wasm-service-communication-socket-journal/third_party/wamr/core/iwasm/interpreter/wasm_interp_classic.c:1189:9: note: in expansion of macro ‘DO_CHECKPOINT’
 1189 |         DO_CHECKPOINT();                                                    \
      |         ^~~~~~~~~~~~~
/home/osslab/mros2-wasm-service-communication-socket-journal/third_party/wamr/core/iwasm/interpreter/wasm_interp_classic.c:1201:9: note: in expansion of macro ‘CHECK_DUMP’
 1201 |         CHECK_DUMP()                     \
      |         ^~~~~~~~~~
/home/osslab/mros2-wasm-service-communication-socket-journal/third_party/wamr/core/iwasm/interpreter/wasm_interp_classic.c:1223:25: note: in expansion of macro ‘FETCH_OPCODE_AND_DISPATCH’
 1223 | #define HANDLE_OP_END() FETCH_OPCODE_AND_DISPATCH()
      |                         ^~~~~~~~~~~~~~~~~~~~~~~~~
/home/osslab/mros2-wasm-service-communication-socket-journal/third_party/wamr/core/iwasm/interpreter/wasm_interp_classic.c:2735:17: note: in expansion of macro ‘HANDLE_OP_END’
 2735 |                 HANDLE_OP_END();
      |                 ^~~~~~~~~~~~~
/home/osslab/mros2-wasm-service-communication-socket-journal/third_party/wamr/core/iwasm/interpreter/wasm_interp_classic.c:1106:16: warning: variable ‘arg’ set but not used [-Wunused-but-set-variable]
 1106 |         uint32 arg;                                                          \
      |                ^~~
/home/osslab/mros2-wasm-service-communication-socket-journal/third_party/wamr/core/iwasm/interpreter/wasm_interp_classic.c:1149:9: note: in expansion of macro ‘INIT_THREAD_ID_CH’
 1149 |         INIT_THREAD_ID_CH();                                                \
      |         ^~~~~~~~~~~~~~~~~
/home/osslab/mros2-wasm-service-communication-socket-journal/third_party/wamr/core/iwasm/interpreter/wasm_interp_classic.c:1189:9: note: in expansion of macro ‘DO_CHECKPOINT’
 1189 |         DO_CHECKPOINT();                                                    \
      |         ^~~~~~~~~~~~~
/home/osslab/mros2-wasm-service-communication-socket-journal/third_party/wamr/core/iwasm/interpreter/wasm_interp_classic.c:1201:9: note: in expansion of macro ‘CHECK_DUMP’
 1201 |         CHECK_DUMP()                     \
      |         ^~~~~~~~~~
/home/osslab/mros2-wasm-service-communication-socket-journal/third_party/wamr/core/iwasm/interpreter/wasm_interp_classic.c:1223:25: note: in expansion of macro ‘FETCH_OPCODE_AND_DISPATCH’
 1223 | #define HANDLE_OP_END() FETCH_OPCODE_AND_DISPATCH()
      |                         ^~~~~~~~~~~~~~~~~~~~~~~~~
/home/osslab/mros2-wasm-service-communication-socket-journal/third_party/wamr/core/iwasm/interpreter/wasm_interp_classic.c:2741:17: note: in expansion of macro ‘HANDLE_OP_END’
 2741 |                 HANDLE_OP_END();
      |                 ^~~~~~~~~~~~~
/home/osslab/mros2-wasm-service-communication-socket-journal/third_party/wamr/core/iwasm/interpreter/wasm_interp_classic.c:1153:17: warning: variable ‘dummy_sp’ set but not used [-Wunused-but-set-variable]
 1153 |         uint32 *dummy_sp;                                                   \
      |                 ^~~~~~~~
/home/osslab/mros2-wasm-service-communication-socket-journal/third_party/wamr/core/iwasm/interpreter/wasm_interp_classic.c:1189:9: note: in expansion of macro ‘DO_CHECKPOINT’
 1189 |         DO_CHECKPOINT();                                                    \
      |         ^~~~~~~~~~~~~
/home/osslab/mros2-wasm-service-communication-socket-journal/third_party/wamr/core/iwasm/interpreter/wasm_interp_classic.c:1201:9: note: in expansion of macro ‘CHECK_DUMP’
 1201 |         CHECK_DUMP()                     \
      |         ^~~~~~~~~~
/home/osslab/mros2-wasm-service-communication-socket-journal/third_party/wamr/core/iwasm/interpreter/wasm_interp_classic.c:1223:25: note: in expansion of macro ‘FETCH_OPCODE_AND_DISPATCH’
 1223 | #define HANDLE_OP_END() FETCH_OPCODE_AND_DISPATCH()
      |                         ^~~~~~~~~~~~~~~~~~~~~~~~~
/home/osslab/mros2-wasm-service-communication-socket-journal/third_party/wamr/core/iwasm/interpreter/wasm_interp_classic.c:2741:17: note: in expansion of macro ‘HANDLE_OP_END’
 2741 |                 HANDLE_OP_END();
      |                 ^~~~~~~~~~~~~
/home/osslab/mros2-wasm-service-communication-socket-journal/third_party/wamr/core/iwasm/interpreter/wasm_interp_classic.c:1106:16: warning: variable ‘arg’ set but not used [-Wunused-but-set-variable]
 1106 |         uint32 arg;                                                          \
      |                ^~~
/home/osslab/mros2-wasm-service-communication-socket-journal/third_party/wamr/core/iwasm/interpreter/wasm_interp_classic.c:1149:9: note: in expansion of macro ‘INIT_THREAD_ID_CH’
 1149 |         INIT_THREAD_ID_CH();                                                \
      |         ^~~~~~~~~~~~~~~~~
/home/osslab/mros2-wasm-service-communication-socket-journal/third_party/wamr/core/iwasm/interpreter/wasm_interp_classic.c:1189:9: note: in expansion of macro ‘DO_CHECKPOINT’
 1189 |         DO_CHECKPOINT();                                                    \
      |         ^~~~~~~~~~~~~
/home/osslab/mros2-wasm-service-communication-socket-journal/third_party/wamr/core/iwasm/interpreter/wasm_interp_classic.c:1201:9: note: in expansion of macro ‘CHECK_DUMP’
 1201 |         CHECK_DUMP()                     \
      |         ^~~~~~~~~~
/home/osslab/mros2-wasm-service-communication-socket-journal/third_party/wamr/core/iwasm/interpreter/wasm_interp_classic.c:1223:25: note: in expansion of macro ‘FETCH_OPCODE_AND_DISPATCH’
 1223 | #define HANDLE_OP_END() FETCH_OPCODE_AND_DISPATCH()
      |                         ^~~~~~~~~~~~~~~~~~~~~~~~~
/home/osslab/mros2-wasm-service-communication-socket-journal/third_party/wamr/core/iwasm/interpreter/wasm_interp_classic.c:2747:17: note: in expansion of macro ‘HANDLE_OP_END’
 2747 |                 HANDLE_OP_END();
      |                 ^~~~~~~~~~~~~
/home/osslab/mros2-wasm-service-communication-socket-journal/third_party/wamr/core/iwasm/interpreter/wasm_interp_classic.c:1153:17: warning: variable ‘dummy_sp’ set but not used [-Wunused-but-set-variable]
 1153 |         uint32 *dummy_sp;                                                   \
      |                 ^~~~~~~~
/home/osslab/mros2-wasm-service-communication-socket-journal/third_party/wamr/core/iwasm/interpreter/wasm_interp_classic.c:1189:9: note: in expansion of macro ‘DO_CHECKPOINT’
 1189 |         DO_CHECKPOINT();                                                    \
      |         ^~~~~~~~~~~~~
/home/osslab/mros2-wasm-service-communication-socket-journal/third_party/wamr/core/iwasm/interpreter/wasm_interp_classic.c:1201:9: note: in expansion of macro ‘CHECK_DUMP’
 1201 |         CHECK_DUMP()                     \
      |         ^~~~~~~~~~
/home/osslab/mros2-wasm-service-communication-socket-journal/third_party/wamr/core/iwasm/interpreter/wasm_interp_classic.c:1223:25: note: in expansion of macro ‘FETCH_OPCODE_AND_DISPATCH’
 1223 | #define HANDLE_OP_END() FETCH_OPCODE_AND_DISPATCH()
      |                         ^~~~~~~~~~~~~~~~~~~~~~~~~
/home/osslab/mros2-wasm-service-communication-socket-journal/third_party/wamr/core/iwasm/interpreter/wasm_interp_classic.c:2747:17: note: in expansion of macro ‘HANDLE_OP_END’
 2747 |                 HANDLE_OP_END();
      |                 ^~~~~~~~~~~~~
/home/osslab/mros2-wasm-service-communication-socket-journal/third_party/wamr/core/iwasm/interpreter/wasm_interp_classic.c:1106:16: warning: variable ‘arg’ set but not used [-Wunused-but-set-variable]
 1106 |         uint32 arg;                                                          \
      |                ^~~
/home/osslab/mros2-wasm-service-communication-socket-journal/third_party/wamr/core/iwasm/interpreter/wasm_interp_classic.c:1149:9: note: in expansion of macro ‘INIT_THREAD_ID_CH’
 1149 |         INIT_THREAD_ID_CH();                                                \
      |         ^~~~~~~~~~~~~~~~~
/home/osslab/mros2-wasm-service-communication-socket-journal/third_party/wamr/core/iwasm/interpreter/wasm_interp_classic.c:1189:9: note: in expansion of macro ‘DO_CHECKPOINT’
 1189 |         DO_CHECKPOINT();                                                    \
      |         ^~~~~~~~~~~~~
/home/osslab/mros2-wasm-service-communication-socket-journal/third_party/wamr/core/iwasm/interpreter/wasm_interp_classic.c:1201:9: note: in expansion of macro ‘CHECK_DUMP’
 1201 |         CHECK_DUMP()                     \
      |         ^~~~~~~~~~
/home/osslab/mros2-wasm-service-communication-socket-journal/third_party/wamr/core/iwasm/interpreter/wasm_interp_classic.c:1223:25: note: in expansion of macro ‘FETCH_OPCODE_AND_DISPATCH’
 1223 | #define HANDLE_OP_END() FETCH_OPCODE_AND_DISPATCH()
      |                         ^~~~~~~~~~~~~~~~~~~~~~~~~
/home/osslab/mros2-wasm-service-communication-socket-journal/third_party/wamr/core/iwasm/interpreter/wasm_interp_classic.c:2753:17: note: in expansion of macro ‘HANDLE_OP_END’
 2753 |                 HANDLE_OP_END();
      |                 ^~~~~~~~~~~~~
/home/osslab/mros2-wasm-service-communication-socket-journal/third_party/wamr/core/iwasm/interpreter/wasm_interp_classic.c:1153:17: warning: variable ‘dummy_sp’ set but not used [-Wunused-but-set-variable]
 1153 |         uint32 *dummy_sp;                                                   \
      |                 ^~~~~~~~
/home/osslab/mros2-wasm-service-communication-socket-journal/third_party/wamr/core/iwasm/interpreter/wasm_interp_classic.c:1189:9: note: in expansion of macro ‘DO_CHECKPOINT’
 1189 |         DO_CHECKPOINT();                                                    \
      |         ^~~~~~~~~~~~~
/home/osslab/mros2-wasm-service-communication-socket-journal/third_party/wamr/core/iwasm/interpreter/wasm_interp_classic.c:1201:9: note: in expansion of macro ‘CHECK_DUMP’
 1201 |         CHECK_DUMP()                     \
      |         ^~~~~~~~~~
/home/osslab/mros2-wasm-service-communication-socket-journal/third_party/wamr/core/iwasm/interpreter/wasm_interp_classic.c:1223:25: note: in expansion of macro ‘FETCH_OPCODE_AND_DISPATCH’
 1223 | #define HANDLE_OP_END() FETCH_OPCODE_AND_DISPATCH()
      |                         ^~~~~~~~~~~~~~~~~~~~~~~~~
/home/osslab/mros2-wasm-service-communication-socket-journal/third_party/wamr/core/iwasm/interpreter/wasm_interp_classic.c:2753:17: note: in expansion of macro ‘HANDLE_OP_END’
 2753 |                 HANDLE_OP_END();
      |                 ^~~~~~~~~~~~~
/home/osslab/mros2-wasm-service-communication-socket-journal/third_party/wamr/core/iwasm/interpreter/wasm_interp_classic.c:1106:16: warning: variable ‘arg’ set but not used [-Wunused-but-set-variable]
 1106 |         uint32 arg;                                                          \
      |                ^~~
/home/osslab/mros2-wasm-service-communication-socket-journal/third_party/wamr/core/iwasm/interpreter/wasm_interp_classic.c:1149:9: note: in expansion of macro ‘INIT_THREAD_ID_CH’
 1149 |         INIT_THREAD_ID_CH();                                                \
      |         ^~~~~~~~~~~~~~~~~
/home/osslab/mros2-wasm-service-communication-socket-journal/third_party/wamr/core/iwasm/interpreter/wasm_interp_classic.c:1189:9: note: in expansion of macro ‘DO_CHECKPOINT’
 1189 |         DO_CHECKPOINT();                                                    \
      |         ^~~~~~~~~~~~~
/home/osslab/mros2-wasm-service-communication-socket-journal/third_party/wamr/core/iwasm/interpreter/wasm_interp_classic.c:1201:9: note: in expansion of macro ‘CHECK_DUMP’
 1201 |         CHECK_DUMP()                     \
      |         ^~~~~~~~~~
/home/osslab/mros2-wasm-service-communication-socket-journal/third_party/wamr/core/iwasm/interpreter/wasm_interp_classic.c:1223:25: note: in expansion of macro ‘FETCH_OPCODE_AND_DISPATCH’
 1223 | #define HANDLE_OP_END() FETCH_OPCODE_AND_DISPATCH()
      |                         ^~~~~~~~~~~~~~~~~~~~~~~~~
/home/osslab/mros2-wasm-service-communication-socket-journal/third_party/wamr/core/iwasm/interpreter/wasm_interp_classic.c:2759:17: note: in expansion of macro ‘HANDLE_OP_END’
 2759 |                 HANDLE_OP_END();
      |                 ^~~~~~~~~~~~~
/home/osslab/mros2-wasm-service-communication-socket-journal/third_party/wamr/core/iwasm/interpreter/wasm_interp_classic.c:1153:17: warning: variable ‘dummy_sp’ set but not used [-Wunused-but-set-variable]
 1153 |         uint32 *dummy_sp;                                                   \
      |                 ^~~~~~~~
/home/osslab/mros2-wasm-service-communication-socket-journal/third_party/wamr/core/iwasm/interpreter/wasm_interp_classic.c:1189:9: note: in expansion of macro ‘DO_CHECKPOINT’
 1189 |         DO_CHECKPOINT();                                                    \
      |         ^~~~~~~~~~~~~
/home/osslab/mros2-wasm-service-communication-socket-journal/third_party/wamr/core/iwasm/interpreter/wasm_interp_classic.c:1201:9: note: in expansion of macro ‘CHECK_DUMP’
 1201 |         CHECK_DUMP()                     \
      |         ^~~~~~~~~~
/home/osslab/mros2-wasm-service-communication-socket-journal/third_party/wamr/core/iwasm/interpreter/wasm_interp_classic.c:1223:25: note: in expansion of macro ‘FETCH_OPCODE_AND_DISPATCH’
 1223 | #define HANDLE_OP_END() FETCH_OPCODE_AND_DISPATCH()
      |                         ^~~~~~~~~~~~~~~~~~~~~~~~~
/home/osslab/mros2-wasm-service-communication-socket-journal/third_party/wamr/core/iwasm/interpreter/wasm_interp_classic.c:2759:17: note: in expansion of macro ‘HANDLE_OP_END’
 2759 |                 HANDLE_OP_END();
      |                 ^~~~~~~~~~~~~
/home/osslab/mros2-wasm-service-communication-socket-journal/third_party/wamr/core/iwasm/interpreter/wasm_interp_classic.c:1106:16: warning: variable ‘arg’ set but not used [-Wunused-but-set-variable]
 1106 |         uint32 arg;                                                          \
      |                ^~~
/home/osslab/mros2-wasm-service-communication-socket-journal/third_party/wamr/core/iwasm/interpreter/wasm_interp_classic.c:1149:9: note: in expansion of macro ‘INIT_THREAD_ID_CH’
 1149 |         INIT_THREAD_ID_CH();                                                \
      |         ^~~~~~~~~~~~~~~~~
/home/osslab/mros2-wasm-service-communication-socket-journal/third_party/wamr/core/iwasm/interpreter/wasm_interp_classic.c:1189:9: note: in expansion of macro ‘DO_CHECKPOINT’
 1189 |         DO_CHECKPOINT();                                                    \
      |         ^~~~~~~~~~~~~
/home/osslab/mros2-wasm-service-communication-socket-journal/third_party/wamr/core/iwasm/interpreter/wasm_interp_classic.c:1201:9: note: in expansion of macro ‘CHECK_DUMP’
 1201 |         CHECK_DUMP()                     \
      |         ^~~~~~~~~~
/home/osslab/mros2-wasm-service-communication-socket-journal/third_party/wamr/core/iwasm/interpreter/wasm_interp_classic.c:1223:25: note: in expansion of macro ‘FETCH_OPCODE_AND_DISPATCH’
 1223 | #define HANDLE_OP_END() FETCH_OPCODE_AND_DISPATCH()
      |                         ^~~~~~~~~~~~~~~~~~~~~~~~~
/home/osslab/mros2-wasm-service-communication-socket-journal/third_party/wamr/core/iwasm/interpreter/wasm_interp_classic.c:2765:17: note: in expansion of macro ‘HANDLE_OP_END’
 2765 |                 HANDLE_OP_END();
      |                 ^~~~~~~~~~~~~
/home/osslab/mros2-wasm-service-communication-socket-journal/third_party/wamr/core/iwasm/interpreter/wasm_interp_classic.c:1153:17: warning: variable ‘dummy_sp’ set but not used [-Wunused-but-set-variable]
 1153 |         uint32 *dummy_sp;                                                   \
      |                 ^~~~~~~~
/home/osslab/mros2-wasm-service-communication-socket-journal/third_party/wamr/core/iwasm/interpreter/wasm_interp_classic.c:1189:9: note: in expansion of macro ‘DO_CHECKPOINT’
 1189 |         DO_CHECKPOINT();                                                    \
      |         ^~~~~~~~~~~~~
/home/osslab/mros2-wasm-service-communication-socket-journal/third_party/wamr/core/iwasm/interpreter/wasm_interp_classic.c:1201:9: note: in expansion of macro ‘CHECK_DUMP’
 1201 |         CHECK_DUMP()                     \
      |         ^~~~~~~~~~
/home/osslab/mros2-wasm-service-communication-socket-journal/third_party/wamr/core/iwasm/interpreter/wasm_interp_classic.c:1223:25: note: in expansion of macro ‘FETCH_OPCODE_AND_DISPATCH’
 1223 | #define HANDLE_OP_END() FETCH_OPCODE_AND_DISPATCH()
      |                         ^~~~~~~~~~~~~~~~~~~~~~~~~
/home/osslab/mros2-wasm-service-communication-socket-journal/third_party/wamr/core/iwasm/interpreter/wasm_interp_classic.c:2765:17: note: in expansion of macro ‘HANDLE_OP_END’
 2765 |                 HANDLE_OP_END();
      |                 ^~~~~~~~~~~~~
/home/osslab/mros2-wasm-service-communication-socket-journal/third_party/wamr/core/iwasm/interpreter/wasm_interp_classic.c:1106:16: warning: variable ‘arg’ set but not used [-Wunused-but-set-variable]
 1106 |         uint32 arg;                                                          \
      |                ^~~
/home/osslab/mros2-wasm-service-communication-socket-journal/third_party/wamr/core/iwasm/interpreter/wasm_interp_classic.c:1149:9: note: in expansion of macro ‘INIT_THREAD_ID_CH’
 1149 |         INIT_THREAD_ID_CH();                                                \
      |         ^~~~~~~~~~~~~~~~~
/home/osslab/mros2-wasm-service-communication-socket-journal/third_party/wamr/core/iwasm/interpreter/wasm_interp_classic.c:1189:9: note: in expansion of macro ‘DO_CHECKPOINT’
 1189 |         DO_CHECKPOINT();                                                    \
      |         ^~~~~~~~~~~~~
/home/osslab/mros2-wasm-service-communication-socket-journal/third_party/wamr/core/iwasm/interpreter/wasm_interp_classic.c:1201:9: note: in expansion of macro ‘CHECK_DUMP’
 1201 |         CHECK_DUMP()                     \
      |         ^~~~~~~~~~
/home/osslab/mros2-wasm-service-communication-socket-journal/third_party/wamr/core/iwasm/interpreter/wasm_interp_classic.c:1223:25: note: in expansion of macro ‘FETCH_OPCODE_AND_DISPATCH’
 1223 | #define HANDLE_OP_END() FETCH_OPCODE_AND_DISPATCH()
      |                         ^~~~~~~~~~~~~~~~~~~~~~~~~
/home/osslab/mros2-wasm-service-communication-socket-journal/third_party/wamr/core/iwasm/interpreter/wasm_interp_classic.c:2771:17: note: in expansion of macro ‘HANDLE_OP_END’
 2771 |                 HANDLE_OP_END();
      |                 ^~~~~~~~~~~~~
/home/osslab/mros2-wasm-service-communication-socket-journal/third_party/wamr/core/iwasm/interpreter/wasm_interp_classic.c:1153:17: warning: variable ‘dummy_sp’ set but not used [-Wunused-but-set-variable]
 1153 |         uint32 *dummy_sp;                                                   \
      |                 ^~~~~~~~
/home/osslab/mros2-wasm-service-communication-socket-journal/third_party/wamr/core/iwasm/interpreter/wasm_interp_classic.c:1189:9: note: in expansion of macro ‘DO_CHECKPOINT’
 1189 |         DO_CHECKPOINT();                                                    \
      |         ^~~~~~~~~~~~~
/home/osslab/mros2-wasm-service-communication-socket-journal/third_party/wamr/core/iwasm/interpreter/wasm_interp_classic.c:1201:9: note: in expansion of macro ‘CHECK_DUMP’
 1201 |         CHECK_DUMP()                     \
      |         ^~~~~~~~~~
/home/osslab/mros2-wasm-service-communication-socket-journal/third_party/wamr/core/iwasm/interpreter/wasm_interp_classic.c:1223:25: note: in expansion of macro ‘FETCH_OPCODE_AND_DISPATCH’
 1223 | #define HANDLE_OP_END() FETCH_OPCODE_AND_DISPATCH()
      |                         ^~~~~~~~~~~~~~~~~~~~~~~~~
/home/osslab/mros2-wasm-service-communication-socket-journal/third_party/wamr/core/iwasm/interpreter/wasm_interp_classic.c:2771:17: note: in expansion of macro ‘HANDLE_OP_END’
 2771 |                 HANDLE_OP_END();
      |                 ^~~~~~~~~~~~~
/home/osslab/mros2-wasm-service-communication-socket-journal/third_party/wamr/core/iwasm/interpreter/wasm_interp_classic.c:1106:16: warning: variable ‘arg’ set but not used [-Wunused-but-set-variable]
 1106 |         uint32 arg;                                                          \
      |                ^~~
/home/osslab/mros2-wasm-service-communication-socket-journal/third_party/wamr/core/iwasm/interpreter/wasm_interp_classic.c:1149:9: note: in expansion of macro ‘INIT_THREAD_ID_CH’
 1149 |         INIT_THREAD_ID_CH();                                                \
      |         ^~~~~~~~~~~~~~~~~
/home/osslab/mros2-wasm-service-communication-socket-journal/third_party/wamr/core/iwasm/interpreter/wasm_interp_classic.c:1189:9: note: in expansion of macro ‘DO_CHECKPOINT’
 1189 |         DO_CHECKPOINT();                                                    \
      |         ^~~~~~~~~~~~~
/home/osslab/mros2-wasm-service-communication-socket-journal/third_party/wamr/core/iwasm/interpreter/wasm_interp_classic.c:1201:9: note: in expansion of macro ‘CHECK_DUMP’
 1201 |         CHECK_DUMP()                     \
      |         ^~~~~~~~~~
/home/osslab/mros2-wasm-service-communication-socket-journal/third_party/wamr/core/iwasm/interpreter/wasm_interp_classic.c:1223:25: note: in expansion of macro ‘FETCH_OPCODE_AND_DISPATCH’
 1223 | #define HANDLE_OP_END() FETCH_OPCODE_AND_DISPATCH()
      |                         ^~~~~~~~~~~~~~~~~~~~~~~~~
/home/osslab/mros2-wasm-service-communication-socket-journal/third_party/wamr/core/iwasm/interpreter/wasm_interp_classic.c:2777:17: note: in expansion of macro ‘HANDLE_OP_END’
 2777 |                 HANDLE_OP_END();
      |                 ^~~~~~~~~~~~~
/home/osslab/mros2-wasm-service-communication-socket-journal/third_party/wamr/core/iwasm/interpreter/wasm_interp_classic.c:1153:17: warning: variable ‘dummy_sp’ set but not used [-Wunused-but-set-variable]
 1153 |         uint32 *dummy_sp;                                                   \
      |                 ^~~~~~~~
/home/osslab/mros2-wasm-service-communication-socket-journal/third_party/wamr/core/iwasm/interpreter/wasm_interp_classic.c:1189:9: note: in expansion of macro ‘DO_CHECKPOINT’
 1189 |         DO_CHECKPOINT();                                                    \
      |         ^~~~~~~~~~~~~
/home/osslab/mros2-wasm-service-communication-socket-journal/third_party/wamr/core/iwasm/interpreter/wasm_interp_classic.c:1201:9: note: in expansion of macro ‘CHECK_DUMP’
 1201 |         CHECK_DUMP()                     \
      |         ^~~~~~~~~~
/home/osslab/mros2-wasm-service-communication-socket-journal/third_party/wamr/core/iwasm/interpreter/wasm_interp_classic.c:1223:25: note: in expansion of macro ‘FETCH_OPCODE_AND_DISPATCH’
 1223 | #define HANDLE_OP_END() FETCH_OPCODE_AND_DISPATCH()
      |                         ^~~~~~~~~~~~~~~~~~~~~~~~~
/home/osslab/mros2-wasm-service-communication-socket-journal/third_party/wamr/core/iwasm/interpreter/wasm_interp_classic.c:2777:17: note: in expansion of macro ‘HANDLE_OP_END’
 2777 |                 HANDLE_OP_END();
      |                 ^~~~~~~~~~~~~
/home/osslab/mros2-wasm-service-communication-socket-journal/third_party/wamr/core/iwasm/interpreter/wasm_interp_classic.c:1106:16: warning: variable ‘arg’ set but not used [-Wunused-but-set-variable]
 1106 |         uint32 arg;                                                          \
      |                ^~~
/home/osslab/mros2-wasm-service-communication-socket-journal/third_party/wamr/core/iwasm/interpreter/wasm_interp_classic.c:1149:9: note: in expansion of macro ‘INIT_THREAD_ID_CH’
 1149 |         INIT_THREAD_ID_CH();                                                \
      |         ^~~~~~~~~~~~~~~~~
/home/osslab/mros2-wasm-service-communication-socket-journal/third_party/wamr/core/iwasm/interpreter/wasm_interp_classic.c:1189:9: note: in expansion of macro ‘DO_CHECKPOINT’
 1189 |         DO_CHECKPOINT();                                                    \
      |         ^~~~~~~~~~~~~
/home/osslab/mros2-wasm-service-communication-socket-journal/third_party/wamr/core/iwasm/interpreter/wasm_interp_classic.c:1201:9: note: in expansion of macro ‘CHECK_DUMP’
 1201 |         CHECK_DUMP()                     \
      |         ^~~~~~~~~~
/home/osslab/mros2-wasm-service-communication-socket-journal/third_party/wamr/core/iwasm/interpreter/wasm_interp_classic.c:1223:25: note: in expansion of macro ‘FETCH_OPCODE_AND_DISPATCH’
 1223 | #define HANDLE_OP_END() FETCH_OPCODE_AND_DISPATCH()
      |                         ^~~~~~~~~~~~~~~~~~~~~~~~~
/home/osslab/mros2-wasm-service-communication-socket-journal/third_party/wamr/core/iwasm/interpreter/wasm_interp_classic.c:2783:17: note: in expansion of macro ‘HANDLE_OP_END’
 2783 |                 HANDLE_OP_END();
      |                 ^~~~~~~~~~~~~
/home/osslab/mros2-wasm-service-communication-socket-journal/third_party/wamr/core/iwasm/interpreter/wasm_interp_classic.c:1153:17: warning: variable ‘dummy_sp’ set but not used [-Wunused-but-set-variable]
 1153 |         uint32 *dummy_sp;                                                   \
      |                 ^~~~~~~~
/home/osslab/mros2-wasm-service-communication-socket-journal/third_party/wamr/core/iwasm/interpreter/wasm_interp_classic.c:1189:9: note: in expansion of macro ‘DO_CHECKPOINT’
 1189 |         DO_CHECKPOINT();                                                    \
      |         ^~~~~~~~~~~~~
/home/osslab/mros2-wasm-service-communication-socket-journal/third_party/wamr/core/iwasm/interpreter/wasm_interp_classic.c:1201:9: note: in expansion of macro ‘CHECK_DUMP’
 1201 |         CHECK_DUMP()                     \
      |         ^~~~~~~~~~
/home/osslab/mros2-wasm-service-communication-socket-journal/third_party/wamr/core/iwasm/interpreter/wasm_interp_classic.c:1223:25: note: in expansion of macro ‘FETCH_OPCODE_AND_DISPATCH’
 1223 | #define HANDLE_OP_END() FETCH_OPCODE_AND_DISPATCH()
      |                         ^~~~~~~~~~~~~~~~~~~~~~~~~
/home/osslab/mros2-wasm-service-communication-socket-journal/third_party/wamr/core/iwasm/interpreter/wasm_interp_classic.c:2783:17: note: in expansion of macro ‘HANDLE_OP_END’
 2783 |                 HANDLE_OP_END();
      |                 ^~~~~~~~~~~~~
/home/osslab/mros2-wasm-service-communication-socket-journal/third_party/wamr/core/iwasm/interpreter/wasm_interp_classic.c:1106:16: warning: variable ‘arg’ set but not used [-Wunused-but-set-variable]
 1106 |         uint32 arg;                                                          \
      |                ^~~
/home/osslab/mros2-wasm-service-communication-socket-journal/third_party/wamr/core/iwasm/interpreter/wasm_interp_classic.c:1149:9: note: in expansion of macro ‘INIT_THREAD_ID_CH’
 1149 |         INIT_THREAD_ID_CH();                                                \
      |         ^~~~~~~~~~~~~~~~~
/home/osslab/mros2-wasm-service-communication-socket-journal/third_party/wamr/core/iwasm/interpreter/wasm_interp_classic.c:1189:9: note: in expansion of macro ‘DO_CHECKPOINT’
 1189 |         DO_CHECKPOINT();                                                    \
      |         ^~~~~~~~~~~~~
/home/osslab/mros2-wasm-service-communication-socket-journal/third_party/wamr/core/iwasm/interpreter/wasm_interp_classic.c:1201:9: note: in expansion of macro ‘CHECK_DUMP’
 1201 |         CHECK_DUMP()                     \
      |         ^~~~~~~~~~
/home/osslab/mros2-wasm-service-communication-socket-journal/third_party/wamr/core/iwasm/interpreter/wasm_interp_classic.c:1223:25: note: in expansion of macro ‘FETCH_OPCODE_AND_DISPATCH’
 1223 | #define HANDLE_OP_END() FETCH_OPCODE_AND_DISPATCH()
      |                         ^~~~~~~~~~~~~~~~~~~~~~~~~
/home/osslab/mros2-wasm-service-communication-socket-journal/third_party/wamr/core/iwasm/interpreter/wasm_interp_classic.c:2789:17: note: in expansion of macro ‘HANDLE_OP_END’
 2789 |                 HANDLE_OP_END();
      |                 ^~~~~~~~~~~~~
/home/osslab/mros2-wasm-service-communication-socket-journal/third_party/wamr/core/iwasm/interpreter/wasm_interp_classic.c:1153:17: warning: variable ‘dummy_sp’ set but not used [-Wunused-but-set-variable]
 1153 |         uint32 *dummy_sp;                                                   \
      |                 ^~~~~~~~
/home/osslab/mros2-wasm-service-communication-socket-journal/third_party/wamr/core/iwasm/interpreter/wasm_interp_classic.c:1189:9: note: in expansion of macro ‘DO_CHECKPOINT’
 1189 |         DO_CHECKPOINT();                                                    \
      |         ^~~~~~~~~~~~~
/home/osslab/mros2-wasm-service-communication-socket-journal/third_party/wamr/core/iwasm/interpreter/wasm_interp_classic.c:1201:9: note: in expansion of macro ‘CHECK_DUMP’
 1201 |         CHECK_DUMP()                     \
      |         ^~~~~~~~~~
/home/osslab/mros2-wasm-service-communication-socket-journal/third_party/wamr/core/iwasm/interpreter/wasm_interp_classic.c:1223:25: note: in expansion of macro ‘FETCH_OPCODE_AND_DISPATCH’
 1223 | #define HANDLE_OP_END() FETCH_OPCODE_AND_DISPATCH()
      |                         ^~~~~~~~~~~~~~~~~~~~~~~~~
/home/osslab/mros2-wasm-service-communication-socket-journal/third_party/wamr/core/iwasm/interpreter/wasm_interp_classic.c:2789:17: note: in expansion of macro ‘HANDLE_OP_END’
 2789 |                 HANDLE_OP_END();
      |                 ^~~~~~~~~~~~~
/home/osslab/mros2-wasm-service-communication-socket-journal/third_party/wamr/core/iwasm/interpreter/wasm_interp_classic.c:1106:16: warning: variable ‘arg’ set but not used [-Wunused-but-set-variable]
 1106 |         uint32 arg;                                                          \
      |                ^~~
/home/osslab/mros2-wasm-service-communication-socket-journal/third_party/wamr/core/iwasm/interpreter/wasm_interp_classic.c:1149:9: note: in expansion of macro ‘INIT_THREAD_ID_CH’
 1149 |         INIT_THREAD_ID_CH();                                                \
      |         ^~~~~~~~~~~~~~~~~
/home/osslab/mros2-wasm-service-communication-socket-journal/third_party/wamr/core/iwasm/interpreter/wasm_interp_classic.c:1189:9: note: in expansion of macro ‘DO_CHECKPOINT’
 1189 |         DO_CHECKPOINT();                                                    \
      |         ^~~~~~~~~~~~~
/home/osslab/mros2-wasm-service-communication-socket-journal/third_party/wamr/core/iwasm/interpreter/wasm_interp_classic.c:1201:9: note: in expansion of macro ‘CHECK_DUMP’
 1201 |         CHECK_DUMP()                     \
      |         ^~~~~~~~~~
/home/osslab/mros2-wasm-service-communication-socket-journal/third_party/wamr/core/iwasm/interpreter/wasm_interp_classic.c:1223:25: note: in expansion of macro ‘FETCH_OPCODE_AND_DISPATCH’
 1223 | #define HANDLE_OP_END() FETCH_OPCODE_AND_DISPATCH()
      |                         ^~~~~~~~~~~~~~~~~~~~~~~~~
/home/osslab/mros2-wasm-service-communication-socket-journal/third_party/wamr/core/iwasm/interpreter/wasm_interp_classic.c:2795:17: note: in expansion of macro ‘HANDLE_OP_END’
 2795 |                 HANDLE_OP_END();
      |                 ^~~~~~~~~~~~~
/home/osslab/mros2-wasm-service-communication-socket-journal/third_party/wamr/core/iwasm/interpreter/wasm_interp_classic.c:1153:17: warning: variable ‘dummy_sp’ set but not used [-Wunused-but-set-variable]
 1153 |         uint32 *dummy_sp;                                                   \
      |                 ^~~~~~~~
/home/osslab/mros2-wasm-service-communication-socket-journal/third_party/wamr/core/iwasm/interpreter/wasm_interp_classic.c:1189:9: note: in expansion of macro ‘DO_CHECKPOINT’
 1189 |         DO_CHECKPOINT();                                                    \
      |         ^~~~~~~~~~~~~
/home/osslab/mros2-wasm-service-communication-socket-journal/third_party/wamr/core/iwasm/interpreter/wasm_interp_classic.c:1201:9: note: in expansion of macro ‘CHECK_DUMP’
 1201 |         CHECK_DUMP()                     \
      |         ^~~~~~~~~~
/home/osslab/mros2-wasm-service-communication-socket-journal/third_party/wamr/core/iwasm/interpreter/wasm_interp_classic.c:1223:25: note: in expansion of macro ‘FETCH_OPCODE_AND_DISPATCH’
 1223 | #define HANDLE_OP_END() FETCH_OPCODE_AND_DISPATCH()
      |                         ^~~~~~~~~~~~~~~~~~~~~~~~~
/home/osslab/mros2-wasm-service-communication-socket-journal/third_party/wamr/core/iwasm/interpreter/wasm_interp_classic.c:2795:17: note: in expansion of macro ‘HANDLE_OP_END’
 2795 |                 HANDLE_OP_END();
      |                 ^~~~~~~~~~~~~
/home/osslab/mros2-wasm-service-communication-socket-journal/third_party/wamr/core/iwasm/interpreter/wasm_interp_classic.c:1106:16: warning: variable ‘arg’ set but not used [-Wunused-but-set-variable]
 1106 |         uint32 arg;                                                          \
      |                ^~~
/home/osslab/mros2-wasm-service-communication-socket-journal/third_party/wamr/core/iwasm/interpreter/wasm_interp_classic.c:1149:9: note: in expansion of macro ‘INIT_THREAD_ID_CH’
 1149 |         INIT_THREAD_ID_CH();                                                \
      |         ^~~~~~~~~~~~~~~~~
/home/osslab/mros2-wasm-service-communication-socket-journal/third_party/wamr/core/iwasm/interpreter/wasm_interp_classic.c:1189:9: note: in expansion of macro ‘DO_CHECKPOINT’
 1189 |         DO_CHECKPOINT();                                                    \
      |         ^~~~~~~~~~~~~
/home/osslab/mros2-wasm-service-communication-socket-journal/third_party/wamr/core/iwasm/interpreter/wasm_interp_classic.c:1201:9: note: in expansion of macro ‘CHECK_DUMP’
 1201 |         CHECK_DUMP()                     \
      |         ^~~~~~~~~~
/home/osslab/mros2-wasm-service-communication-socket-journal/third_party/wamr/core/iwasm/interpreter/wasm_interp_classic.c:1223:25: note: in expansion of macro ‘FETCH_OPCODE_AND_DISPATCH’
 1223 | #define HANDLE_OP_END() FETCH_OPCODE_AND_DISPATCH()
      |                         ^~~~~~~~~~~~~~~~~~~~~~~~~
/home/osslab/mros2-wasm-service-communication-socket-journal/third_party/wamr/core/iwasm/interpreter/wasm_interp_classic.c:2802:17: note: in expansion of macro ‘HANDLE_OP_END’
 2802 |                 HANDLE_OP_END();
      |                 ^~~~~~~~~~~~~
/home/osslab/mros2-wasm-service-communication-socket-journal/third_party/wamr/core/iwasm/interpreter/wasm_interp_classic.c:1153:17: warning: variable ‘dummy_sp’ set but not used [-Wunused-but-set-variable]
 1153 |         uint32 *dummy_sp;                                                   \
      |                 ^~~~~~~~
/home/osslab/mros2-wasm-service-communication-socket-journal/third_party/wamr/core/iwasm/interpreter/wasm_interp_classic.c:1189:9: note: in expansion of macro ‘DO_CHECKPOINT’
 1189 |         DO_CHECKPOINT();                                                    \
      |         ^~~~~~~~~~~~~
/home/osslab/mros2-wasm-service-communication-socket-journal/third_party/wamr/core/iwasm/interpreter/wasm_interp_classic.c:1201:9: note: in expansion of macro ‘CHECK_DUMP’
 1201 |         CHECK_DUMP()                     \
      |         ^~~~~~~~~~
/home/osslab/mros2-wasm-service-communication-socket-journal/third_party/wamr/core/iwasm/interpreter/wasm_interp_classic.c:1223:25: note: in expansion of macro ‘FETCH_OPCODE_AND_DISPATCH’
 1223 | #define HANDLE_OP_END() FETCH_OPCODE_AND_DISPATCH()
      |                         ^~~~~~~~~~~~~~~~~~~~~~~~~
/home/osslab/mros2-wasm-service-communication-socket-journal/third_party/wamr/core/iwasm/interpreter/wasm_interp_classic.c:2802:17: note: in expansion of macro ‘HANDLE_OP_END’
 2802 |                 HANDLE_OP_END();
      |                 ^~~~~~~~~~~~~
/home/osslab/mros2-wasm-service-communication-socket-journal/third_party/wamr/core/iwasm/interpreter/wasm_interp_classic.c:1106:16: warning: variable ‘arg’ set but not used [-Wunused-but-set-variable]
 1106 |         uint32 arg;                                                          \
      |                ^~~
/home/osslab/mros2-wasm-service-communication-socket-journal/third_party/wamr/core/iwasm/interpreter/wasm_interp_classic.c:1149:9: note: in expansion of macro ‘INIT_THREAD_ID_CH’
 1149 |         INIT_THREAD_ID_CH();                                                \
      |         ^~~~~~~~~~~~~~~~~
/home/osslab/mros2-wasm-service-communication-socket-journal/third_party/wamr/core/iwasm/interpreter/wasm_interp_classic.c:1189:9: note: in expansion of macro ‘DO_CHECKPOINT’
 1189 |         DO_CHECKPOINT();                                                    \
      |         ^~~~~~~~~~~~~
/home/osslab/mros2-wasm-service-communication-socket-journal/third_party/wamr/core/iwasm/interpreter/wasm_interp_classic.c:1201:9: note: in expansion of macro ‘CHECK_DUMP’
 1201 |         CHECK_DUMP()                     \
      |         ^~~~~~~~~~
/home/osslab/mros2-wasm-service-communication-socket-journal/third_party/wamr/core/iwasm/interpreter/wasm_interp_classic.c:1223:25: note: in expansion of macro ‘FETCH_OPCODE_AND_DISPATCH’
 1223 | #define HANDLE_OP_END() FETCH_OPCODE_AND_DISPATCH()
      |                         ^~~~~~~~~~~~~~~~~~~~~~~~~
/home/osslab/mros2-wasm-service-communication-socket-journal/third_party/wamr/core/iwasm/interpreter/wasm_interp_classic.c:2808:17: note: in expansion of macro ‘HANDLE_OP_END’
 2808 |                 HANDLE_OP_END();
      |                 ^~~~~~~~~~~~~
/home/osslab/mros2-wasm-service-communication-socket-journal/third_party/wamr/core/iwasm/interpreter/wasm_interp_classic.c:1153:17: warning: variable ‘dummy_sp’ set but not used [-Wunused-but-set-variable]
 1153 |         uint32 *dummy_sp;                                                   \
      |                 ^~~~~~~~
/home/osslab/mros2-wasm-service-communication-socket-journal/third_party/wamr/core/iwasm/interpreter/wasm_interp_classic.c:1189:9: note: in expansion of macro ‘DO_CHECKPOINT’
 1189 |         DO_CHECKPOINT();                                                    \
      |         ^~~~~~~~~~~~~
/home/osslab/mros2-wasm-service-communication-socket-journal/third_party/wamr/core/iwasm/interpreter/wasm_interp_classic.c:1201:9: note: in expansion of macro ‘CHECK_DUMP’
 1201 |         CHECK_DUMP()                     \
      |         ^~~~~~~~~~
/home/osslab/mros2-wasm-service-communication-socket-journal/third_party/wamr/core/iwasm/interpreter/wasm_interp_classic.c:1223:25: note: in expansion of macro ‘FETCH_OPCODE_AND_DISPATCH’
 1223 | #define HANDLE_OP_END() FETCH_OPCODE_AND_DISPATCH()
      |                         ^~~~~~~~~~~~~~~~~~~~~~~~~
/home/osslab/mros2-wasm-service-communication-socket-journal/third_party/wamr/core/iwasm/interpreter/wasm_interp_classic.c:2808:17: note: in expansion of macro ‘HANDLE_OP_END’
 2808 |                 HANDLE_OP_END();
      |                 ^~~~~~~~~~~~~
/home/osslab/mros2-wasm-service-communication-socket-journal/third_party/wamr/core/iwasm/interpreter/wasm_interp_classic.c:1106:16: warning: variable ‘arg’ set but not used [-Wunused-but-set-variable]
 1106 |         uint32 arg;                                                          \
      |                ^~~
/home/osslab/mros2-wasm-service-communication-socket-journal/third_party/wamr/core/iwasm/interpreter/wasm_interp_classic.c:1149:9: note: in expansion of macro ‘INIT_THREAD_ID_CH’
 1149 |         INIT_THREAD_ID_CH();                                                \
      |         ^~~~~~~~~~~~~~~~~
/home/osslab/mros2-wasm-service-communication-socket-journal/third_party/wamr/core/iwasm/interpreter/wasm_interp_classic.c:1189:9: note: in expansion of macro ‘DO_CHECKPOINT’
 1189 |         DO_CHECKPOINT();                                                    \
      |         ^~~~~~~~~~~~~
/home/osslab/mros2-wasm-service-communication-socket-journal/third_party/wamr/core/iwasm/interpreter/wasm_interp_classic.c:1201:9: note: in expansion of macro ‘CHECK_DUMP’
 1201 |         CHECK_DUMP()                     \
      |         ^~~~~~~~~~
/home/osslab/mros2-wasm-service-communication-socket-journal/third_party/wamr/core/iwasm/interpreter/wasm_interp_classic.c:1223:25: note: in expansion of macro ‘FETCH_OPCODE_AND_DISPATCH’
 1223 | #define HANDLE_OP_END() FETCH_OPCODE_AND_DISPATCH()
      |                         ^~~~~~~~~~~~~~~~~~~~~~~~~
/home/osslab/mros2-wasm-service-communication-socket-journal/third_party/wamr/core/iwasm/interpreter/wasm_interp_classic.c:2814:17: note: in expansion of macro ‘HANDLE_OP_END’
 2814 |                 HANDLE_OP_END();
      |                 ^~~~~~~~~~~~~
/home/osslab/mros2-wasm-service-communication-socket-journal/third_party/wamr/core/iwasm/interpreter/wasm_interp_classic.c:1153:17: warning: variable ‘dummy_sp’ set but not used [-Wunused-but-set-variable]
 1153 |         uint32 *dummy_sp;                                                   \
      |                 ^~~~~~~~
/home/osslab/mros2-wasm-service-communication-socket-journal/third_party/wamr/core/iwasm/interpreter/wasm_interp_classic.c:1189:9: note: in expansion of macro ‘DO_CHECKPOINT’
 1189 |         DO_CHECKPOINT();                                                    \
      |         ^~~~~~~~~~~~~
/home/osslab/mros2-wasm-service-communication-socket-journal/third_party/wamr/core/iwasm/interpreter/wasm_interp_classic.c:1201:9: note: in expansion of macro ‘CHECK_DUMP’
 1201 |         CHECK_DUMP()                     \
      |         ^~~~~~~~~~
/home/osslab/mros2-wasm-service-communication-socket-journal/third_party/wamr/core/iwasm/interpreter/wasm_interp_classic.c:1223:25: note: in expansion of macro ‘FETCH_OPCODE_AND_DISPATCH’
 1223 | #define HANDLE_OP_END() FETCH_OPCODE_AND_DISPATCH()
      |                         ^~~~~~~~~~~~~~~~~~~~~~~~~
/home/osslab/mros2-wasm-service-communication-socket-journal/third_party/wamr/core/iwasm/interpreter/wasm_interp_classic.c:2814:17: note: in expansion of macro ‘HANDLE_OP_END’
 2814 |                 HANDLE_OP_END();
      |                 ^~~~~~~~~~~~~
/home/osslab/mros2-wasm-service-communication-socket-journal/third_party/wamr/core/iwasm/interpreter/wasm_interp_classic.c:1106:16: warning: variable ‘arg’ set but not used [-Wunused-but-set-variable]
 1106 |         uint32 arg;                                                          \
      |                ^~~
/home/osslab/mros2-wasm-service-communication-socket-journal/third_party/wamr/core/iwasm/interpreter/wasm_interp_classic.c:1149:9: note: in expansion of macro ‘INIT_THREAD_ID_CH’
 1149 |         INIT_THREAD_ID_CH();                                                \
      |         ^~~~~~~~~~~~~~~~~
/home/osslab/mros2-wasm-service-communication-socket-journal/third_party/wamr/core/iwasm/interpreter/wasm_interp_classic.c:1189:9: note: in expansion of macro ‘DO_CHECKPOINT’
 1189 |         DO_CHECKPOINT();                                                    \
      |         ^~~~~~~~~~~~~
/home/osslab/mros2-wasm-service-communication-socket-journal/third_party/wamr/core/iwasm/interpreter/wasm_interp_classic.c:1201:9: note: in expansion of macro ‘CHECK_DUMP’
 1201 |         CHECK_DUMP()                     \
      |         ^~~~~~~~~~
/home/osslab/mros2-wasm-service-communication-socket-journal/third_party/wamr/core/iwasm/interpreter/wasm_interp_classic.c:1223:25: note: in expansion of macro ‘FETCH_OPCODE_AND_DISPATCH’
 1223 | #define HANDLE_OP_END() FETCH_OPCODE_AND_DISPATCH()
      |                         ^~~~~~~~~~~~~~~~~~~~~~~~~
/home/osslab/mros2-wasm-service-communication-socket-journal/third_party/wamr/core/iwasm/interpreter/wasm_interp_classic.c:2820:17: note: in expansion of macro ‘HANDLE_OP_END’
 2820 |                 HANDLE_OP_END();
      |                 ^~~~~~~~~~~~~
/home/osslab/mros2-wasm-service-communication-socket-journal/third_party/wamr/core/iwasm/interpreter/wasm_interp_classic.c:1153:17: warning: variable ‘dummy_sp’ set but not used [-Wunused-but-set-variable]
 1153 |         uint32 *dummy_sp;                                                   \
      |                 ^~~~~~~~
/home/osslab/mros2-wasm-service-communication-socket-journal/third_party/wamr/core/iwasm/interpreter/wasm_interp_classic.c:1189:9: note: in expansion of macro ‘DO_CHECKPOINT’
 1189 |         DO_CHECKPOINT();                                                    \
      |         ^~~~~~~~~~~~~
/home/osslab/mros2-wasm-service-communication-socket-journal/third_party/wamr/core/iwasm/interpreter/wasm_interp_classic.c:1201:9: note: in expansion of macro ‘CHECK_DUMP’
 1201 |         CHECK_DUMP()                     \
      |         ^~~~~~~~~~
/home/osslab/mros2-wasm-service-communication-socket-journal/third_party/wamr/core/iwasm/interpreter/wasm_interp_classic.c:1223:25: note: in expansion of macro ‘FETCH_OPCODE_AND_DISPATCH’
 1223 | #define HANDLE_OP_END() FETCH_OPCODE_AND_DISPATCH()
      |                         ^~~~~~~~~~~~~~~~~~~~~~~~~
/home/osslab/mros2-wasm-service-communication-socket-journal/third_party/wamr/core/iwasm/interpreter/wasm_interp_classic.c:2820:17: note: in expansion of macro ‘HANDLE_OP_END’
 2820 |                 HANDLE_OP_END();
      |                 ^~~~~~~~~~~~~
/home/osslab/mros2-wasm-service-communication-socket-journal/third_party/wamr/core/iwasm/interpreter/wasm_interp_classic.c:1106:16: warning: variable ‘arg’ set but not used [-Wunused-but-set-variable]
 1106 |         uint32 arg;                                                          \
      |                ^~~
/home/osslab/mros2-wasm-service-communication-socket-journal/third_party/wamr/core/iwasm/interpreter/wasm_interp_classic.c:1149:9: note: in expansion of macro ‘INIT_THREAD_ID_CH’
 1149 |         INIT_THREAD_ID_CH();                                                \
      |         ^~~~~~~~~~~~~~~~~
/home/osslab/mros2-wasm-service-communication-socket-journal/third_party/wamr/core/iwasm/interpreter/wasm_interp_classic.c:1189:9: note: in expansion of macro ‘DO_CHECKPOINT’
 1189 |         DO_CHECKPOINT();                                                    \
      |         ^~~~~~~~~~~~~
/home/osslab/mros2-wasm-service-communication-socket-journal/third_party/wamr/core/iwasm/interpreter/wasm_interp_classic.c:1201:9: note: in expansion of macro ‘CHECK_DUMP’
 1201 |         CHECK_DUMP()                     \
      |         ^~~~~~~~~~
/home/osslab/mros2-wasm-service-communication-socket-journal/third_party/wamr/core/iwasm/interpreter/wasm_interp_classic.c:1223:25: note: in expansion of macro ‘FETCH_OPCODE_AND_DISPATCH’
 1223 | #define HANDLE_OP_END() FETCH_OPCODE_AND_DISPATCH()
      |                         ^~~~~~~~~~~~~~~~~~~~~~~~~
/home/osslab/mros2-wasm-service-communication-socket-journal/third_party/wamr/core/iwasm/interpreter/wasm_interp_classic.c:2826:17: note: in expansion of macro ‘HANDLE_OP_END’
 2826 |                 HANDLE_OP_END();
      |                 ^~~~~~~~~~~~~
/home/osslab/mros2-wasm-service-communication-socket-journal/third_party/wamr/core/iwasm/interpreter/wasm_interp_classic.c:1153:17: warning: variable ‘dummy_sp’ set but not used [-Wunused-but-set-variable]
 1153 |         uint32 *dummy_sp;                                                   \
      |                 ^~~~~~~~
/home/osslab/mros2-wasm-service-communication-socket-journal/third_party/wamr/core/iwasm/interpreter/wasm_interp_classic.c:1189:9: note: in expansion of macro ‘DO_CHECKPOINT’
 1189 |         DO_CHECKPOINT();                                                    \
      |         ^~~~~~~~~~~~~
/home/osslab/mros2-wasm-service-communication-socket-journal/third_party/wamr/core/iwasm/interpreter/wasm_interp_classic.c:1201:9: note: in expansion of macro ‘CHECK_DUMP’
 1201 |         CHECK_DUMP()                     \
      |         ^~~~~~~~~~
/home/osslab/mros2-wasm-service-communication-socket-journal/third_party/wamr/core/iwasm/interpreter/wasm_interp_classic.c:1223:25: note: in expansion of macro ‘FETCH_OPCODE_AND_DISPATCH’
 1223 | #define HANDLE_OP_END() FETCH_OPCODE_AND_DISPATCH()
      |                         ^~~~~~~~~~~~~~~~~~~~~~~~~
/home/osslab/mros2-wasm-service-communication-socket-journal/third_party/wamr/core/iwasm/interpreter/wasm_interp_classic.c:2826:17: note: in expansion of macro ‘HANDLE_OP_END’
 2826 |                 HANDLE_OP_END();
      |                 ^~~~~~~~~~~~~
/home/osslab/mros2-wasm-service-communication-socket-journal/third_party/wamr/core/iwasm/interpreter/wasm_interp_classic.c:1106:16: warning: variable ‘arg’ set but not used [-Wunused-but-set-variable]
 1106 |         uint32 arg;                                                          \
      |                ^~~
/home/osslab/mros2-wasm-service-communication-socket-journal/third_party/wamr/core/iwasm/interpreter/wasm_interp_classic.c:1149:9: note: in expansion of macro ‘INIT_THREAD_ID_CH’
 1149 |         INIT_THREAD_ID_CH();                                                \
      |         ^~~~~~~~~~~~~~~~~
/home/osslab/mros2-wasm-service-communication-socket-journal/third_party/wamr/core/iwasm/interpreter/wasm_interp_classic.c:1189:9: note: in expansion of macro ‘DO_CHECKPOINT’
 1189 |         DO_CHECKPOINT();                                                    \
      |         ^~~~~~~~~~~~~
/home/osslab/mros2-wasm-service-communication-socket-journal/third_party/wamr/core/iwasm/interpreter/wasm_interp_classic.c:1201:9: note: in expansion of macro ‘CHECK_DUMP’
 1201 |         CHECK_DUMP()                     \
      |         ^~~~~~~~~~
/home/osslab/mros2-wasm-service-communication-socket-journal/third_party/wamr/core/iwasm/interpreter/wasm_interp_classic.c:1223:25: note: in expansion of macro ‘FETCH_OPCODE_AND_DISPATCH’
 1223 | #define HANDLE_OP_END() FETCH_OPCODE_AND_DISPATCH()
      |                         ^~~~~~~~~~~~~~~~~~~~~~~~~
/home/osslab/mros2-wasm-service-communication-socket-journal/third_party/wamr/core/iwasm/interpreter/wasm_interp_classic.c:2832:17: note: in expansion of macro ‘HANDLE_OP_END’
 2832 |                 HANDLE_OP_END();
      |                 ^~~~~~~~~~~~~
/home/osslab/mros2-wasm-service-communication-socket-journal/third_party/wamr/core/iwasm/interpreter/wasm_interp_classic.c:1153:17: warning: variable ‘dummy_sp’ set but not used [-Wunused-but-set-variable]
 1153 |         uint32 *dummy_sp;                                                   \
      |                 ^~~~~~~~
/home/osslab/mros2-wasm-service-communication-socket-journal/third_party/wamr/core/iwasm/interpreter/wasm_interp_classic.c:1189:9: note: in expansion of macro ‘DO_CHECKPOINT’
 1189 |         DO_CHECKPOINT();                                                    \
      |         ^~~~~~~~~~~~~
/home/osslab/mros2-wasm-service-communication-socket-journal/third_party/wamr/core/iwasm/interpreter/wasm_interp_classic.c:1201:9: note: in expansion of macro ‘CHECK_DUMP’
 1201 |         CHECK_DUMP()                     \
      |         ^~~~~~~~~~
/home/osslab/mros2-wasm-service-communication-socket-journal/third_party/wamr/core/iwasm/interpreter/wasm_interp_classic.c:1223:25: note: in expansion of macro ‘FETCH_OPCODE_AND_DISPATCH’
 1223 | #define HANDLE_OP_END() FETCH_OPCODE_AND_DISPATCH()
      |                         ^~~~~~~~~~~~~~~~~~~~~~~~~
/home/osslab/mros2-wasm-service-communication-socket-journal/third_party/wamr/core/iwasm/interpreter/wasm_interp_classic.c:2832:17: note: in expansion of macro ‘HANDLE_OP_END’
 2832 |                 HANDLE_OP_END();
      |                 ^~~~~~~~~~~~~
/home/osslab/mros2-wasm-service-communication-socket-journal/third_party/wamr/core/iwasm/interpreter/wasm_interp_classic.c:1106:16: warning: variable ‘arg’ set but not used [-Wunused-but-set-variable]
 1106 |         uint32 arg;                                                          \
      |                ^~~
/home/osslab/mros2-wasm-service-communication-socket-journal/third_party/wamr/core/iwasm/interpreter/wasm_interp_classic.c:1149:9: note: in expansion of macro ‘INIT_THREAD_ID_CH’
 1149 |         INIT_THREAD_ID_CH();                                                \
      |         ^~~~~~~~~~~~~~~~~
/home/osslab/mros2-wasm-service-communication-socket-journal/third_party/wamr/core/iwasm/interpreter/wasm_interp_classic.c:1189:9: note: in expansion of macro ‘DO_CHECKPOINT’
 1189 |         DO_CHECKPOINT();                                                    \
      |         ^~~~~~~~~~~~~
/home/osslab/mros2-wasm-service-communication-socket-journal/third_party/wamr/core/iwasm/interpreter/wasm_interp_classic.c:1201:9: note: in expansion of macro ‘CHECK_DUMP’
 1201 |         CHECK_DUMP()                     \
      |         ^~~~~~~~~~
/home/osslab/mros2-wasm-service-communication-socket-journal/third_party/wamr/core/iwasm/interpreter/wasm_interp_classic.c:1223:25: note: in expansion of macro ‘FETCH_OPCODE_AND_DISPATCH’
 1223 | #define HANDLE_OP_END() FETCH_OPCODE_AND_DISPATCH()
      |                         ^~~~~~~~~~~~~~~~~~~~~~~~~
/home/osslab/mros2-wasm-service-communication-socket-journal/third_party/wamr/core/iwasm/interpreter/wasm_interp_classic.c:2838:17: note: in expansion of macro ‘HANDLE_OP_END’
 2838 |                 HANDLE_OP_END();
      |                 ^~~~~~~~~~~~~
/home/osslab/mros2-wasm-service-communication-socket-journal/third_party/wamr/core/iwasm/interpreter/wasm_interp_classic.c:1153:17: warning: variable ‘dummy_sp’ set but not used [-Wunused-but-set-variable]
 1153 |         uint32 *dummy_sp;                                                   \
      |                 ^~~~~~~~
/home/osslab/mros2-wasm-service-communication-socket-journal/third_party/wamr/core/iwasm/interpreter/wasm_interp_classic.c:1189:9: note: in expansion of macro ‘DO_CHECKPOINT’
 1189 |         DO_CHECKPOINT();                                                    \
      |         ^~~~~~~~~~~~~
/home/osslab/mros2-wasm-service-communication-socket-journal/third_party/wamr/core/iwasm/interpreter/wasm_interp_classic.c:1201:9: note: in expansion of macro ‘CHECK_DUMP’
 1201 |         CHECK_DUMP()                     \
      |         ^~~~~~~~~~
/home/osslab/mros2-wasm-service-communication-socket-journal/third_party/wamr/core/iwasm/interpreter/wasm_interp_classic.c:1223:25: note: in expansion of macro ‘FETCH_OPCODE_AND_DISPATCH’
 1223 | #define HANDLE_OP_END() FETCH_OPCODE_AND_DISPATCH()
      |                         ^~~~~~~~~~~~~~~~~~~~~~~~~
/home/osslab/mros2-wasm-service-communication-socket-journal/third_party/wamr/core/iwasm/interpreter/wasm_interp_classic.c:2838:17: note: in expansion of macro ‘HANDLE_OP_END’
 2838 |                 HANDLE_OP_END();
      |                 ^~~~~~~~~~~~~
/home/osslab/mros2-wasm-service-communication-socket-journal/third_party/wamr/core/iwasm/interpreter/wasm_interp_classic.c:1106:16: warning: variable ‘arg’ set but not used [-Wunused-but-set-variable]
 1106 |         uint32 arg;                                                          \
      |                ^~~
/home/osslab/mros2-wasm-service-communication-socket-journal/third_party/wamr/core/iwasm/interpreter/wasm_interp_classic.c:1149:9: note: in expansion of macro ‘INIT_THREAD_ID_CH’
 1149 |         INIT_THREAD_ID_CH();                                                \
      |         ^~~~~~~~~~~~~~~~~
/home/osslab/mros2-wasm-service-communication-socket-journal/third_party/wamr/core/iwasm/interpreter/wasm_interp_classic.c:1189:9: note: in expansion of macro ‘DO_CHECKPOINT’
 1189 |         DO_CHECKPOINT();                                                    \
      |         ^~~~~~~~~~~~~
/home/osslab/mros2-wasm-service-communication-socket-journal/third_party/wamr/core/iwasm/interpreter/wasm_interp_classic.c:1201:9: note: in expansion of macro ‘CHECK_DUMP’
 1201 |         CHECK_DUMP()                     \
      |         ^~~~~~~~~~
/home/osslab/mros2-wasm-service-communication-socket-journal/third_party/wamr/core/iwasm/interpreter/wasm_interp_classic.c:1223:25: note: in expansion of macro ‘FETCH_OPCODE_AND_DISPATCH’
 1223 | #define HANDLE_OP_END() FETCH_OPCODE_AND_DISPATCH()
      |                         ^~~~~~~~~~~~~~~~~~~~~~~~~
/home/osslab/mros2-wasm-service-communication-socket-journal/third_party/wamr/core/iwasm/interpreter/wasm_interp_classic.c:2844:17: note: in expansion of macro ‘HANDLE_OP_END’
 2844 |                 HANDLE_OP_END();
      |                 ^~~~~~~~~~~~~
/home/osslab/mros2-wasm-service-communication-socket-journal/third_party/wamr/core/iwasm/interpreter/wasm_interp_classic.c:1153:17: warning: variable ‘dummy_sp’ set but not used [-Wunused-but-set-variable]
 1153 |         uint32 *dummy_sp;                                                   \
      |                 ^~~~~~~~
/home/osslab/mros2-wasm-service-communication-socket-journal/third_party/wamr/core/iwasm/interpreter/wasm_interp_classic.c:1189:9: note: in expansion of macro ‘DO_CHECKPOINT’
 1189 |         DO_CHECKPOINT();                                                    \
      |         ^~~~~~~~~~~~~
/home/osslab/mros2-wasm-service-communication-socket-journal/third_party/wamr/core/iwasm/interpreter/wasm_interp_classic.c:1201:9: note: in expansion of macro ‘CHECK_DUMP’
 1201 |         CHECK_DUMP()                     \
      |         ^~~~~~~~~~
/home/osslab/mros2-wasm-service-communication-socket-journal/third_party/wamr/core/iwasm/interpreter/wasm_interp_classic.c:1223:25: note: in expansion of macro ‘FETCH_OPCODE_AND_DISPATCH’
 1223 | #define HANDLE_OP_END() FETCH_OPCODE_AND_DISPATCH()
      |                         ^~~~~~~~~~~~~~~~~~~~~~~~~
/home/osslab/mros2-wasm-service-communication-socket-journal/third_party/wamr/core/iwasm/interpreter/wasm_interp_classic.c:2844:17: note: in expansion of macro ‘HANDLE_OP_END’
 2844 |                 HANDLE_OP_END();
      |                 ^~~~~~~~~~~~~
/home/osslab/mros2-wasm-service-communication-socket-journal/third_party/wamr/core/iwasm/interpreter/wasm_interp_classic.c:1106:16: warning: variable ‘arg’ set but not used [-Wunused-but-set-variable]
 1106 |         uint32 arg;                                                          \
      |                ^~~
/home/osslab/mros2-wasm-service-communication-socket-journal/third_party/wamr/core/iwasm/interpreter/wasm_interp_classic.c:1149:9: note: in expansion of macro ‘INIT_THREAD_ID_CH’
 1149 |         INIT_THREAD_ID_CH();                                                \
      |         ^~~~~~~~~~~~~~~~~
/home/osslab/mros2-wasm-service-communication-socket-journal/third_party/wamr/core/iwasm/interpreter/wasm_interp_classic.c:1189:9: note: in expansion of macro ‘DO_CHECKPOINT’
 1189 |         DO_CHECKPOINT();                                                    \
      |         ^~~~~~~~~~~~~
/home/osslab/mros2-wasm-service-communication-socket-journal/third_party/wamr/core/iwasm/interpreter/wasm_interp_classic.c:1201:9: note: in expansion of macro ‘CHECK_DUMP’
 1201 |         CHECK_DUMP()                     \
      |         ^~~~~~~~~~
/home/osslab/mros2-wasm-service-communication-socket-journal/third_party/wamr/core/iwasm/interpreter/wasm_interp_classic.c:1223:25: note: in expansion of macro ‘FETCH_OPCODE_AND_DISPATCH’
 1223 | #define HANDLE_OP_END() FETCH_OPCODE_AND_DISPATCH()
      |                         ^~~~~~~~~~~~~~~~~~~~~~~~~
/home/osslab/mros2-wasm-service-communication-socket-journal/third_party/wamr/core/iwasm/interpreter/wasm_interp_classic.c:2850:17: note: in expansion of macro ‘HANDLE_OP_END’
 2850 |                 HANDLE_OP_END();
      |                 ^~~~~~~~~~~~~
/home/osslab/mros2-wasm-service-communication-socket-journal/third_party/wamr/core/iwasm/interpreter/wasm_interp_classic.c:1153:17: warning: variable ‘dummy_sp’ set but not used [-Wunused-but-set-variable]
 1153 |         uint32 *dummy_sp;                                                   \
      |                 ^~~~~~~~
/home/osslab/mros2-wasm-service-communication-socket-journal/third_party/wamr/core/iwasm/interpreter/wasm_interp_classic.c:1189:9: note: in expansion of macro ‘DO_CHECKPOINT’
 1189 |         DO_CHECKPOINT();                                                    \
      |         ^~~~~~~~~~~~~
/home/osslab/mros2-wasm-service-communication-socket-journal/third_party/wamr/core/iwasm/interpreter/wasm_interp_classic.c:1201:9: note: in expansion of macro ‘CHECK_DUMP’
 1201 |         CHECK_DUMP()                     \
      |         ^~~~~~~~~~
/home/osslab/mros2-wasm-service-communication-socket-journal/third_party/wamr/core/iwasm/interpreter/wasm_interp_classic.c:1223:25: note: in expansion of macro ‘FETCH_OPCODE_AND_DISPATCH’
 1223 | #define HANDLE_OP_END() FETCH_OPCODE_AND_DISPATCH()
      |                         ^~~~~~~~~~~~~~~~~~~~~~~~~
/home/osslab/mros2-wasm-service-communication-socket-journal/third_party/wamr/core/iwasm/interpreter/wasm_interp_classic.c:2850:17: note: in expansion of macro ‘HANDLE_OP_END’
 2850 |                 HANDLE_OP_END();
      |                 ^~~~~~~~~~~~~
/home/osslab/mros2-wasm-service-communication-socket-journal/third_party/wamr/core/iwasm/interpreter/wasm_interp_classic.c:1106:16: warning: variable ‘arg’ set but not used [-Wunused-but-set-variable]
 1106 |         uint32 arg;                                                          \
      |                ^~~
/home/osslab/mros2-wasm-service-communication-socket-journal/third_party/wamr/core/iwasm/interpreter/wasm_interp_classic.c:1149:9: note: in expansion of macro ‘INIT_THREAD_ID_CH’
 1149 |         INIT_THREAD_ID_CH();                                                \
      |         ^~~~~~~~~~~~~~~~~
/home/osslab/mros2-wasm-service-communication-socket-journal/third_party/wamr/core/iwasm/interpreter/wasm_interp_classic.c:1189:9: note: in expansion of macro ‘DO_CHECKPOINT’
 1189 |         DO_CHECKPOINT();                                                    \
      |         ^~~~~~~~~~~~~
/home/osslab/mros2-wasm-service-communication-socket-journal/third_party/wamr/core/iwasm/interpreter/wasm_interp_classic.c:1201:9: note: in expansion of macro ‘CHECK_DUMP’
 1201 |         CHECK_DUMP()                     \
      |         ^~~~~~~~~~
/home/osslab/mros2-wasm-service-communication-socket-journal/third_party/wamr/core/iwasm/interpreter/wasm_interp_classic.c:1223:25: note: in expansion of macro ‘FETCH_OPCODE_AND_DISPATCH’
 1223 | #define HANDLE_OP_END() FETCH_OPCODE_AND_DISPATCH()
      |                         ^~~~~~~~~~~~~~~~~~~~~~~~~
/home/osslab/mros2-wasm-service-communication-socket-journal/third_party/wamr/core/iwasm/interpreter/wasm_interp_classic.c:2856:17: note: in expansion of macro ‘HANDLE_OP_END’
 2856 |                 HANDLE_OP_END();
      |                 ^~~~~~~~~~~~~
/home/osslab/mros2-wasm-service-communication-socket-journal/third_party/wamr/core/iwasm/interpreter/wasm_interp_classic.c:1153:17: warning: variable ‘dummy_sp’ set but not used [-Wunused-but-set-variable]
 1153 |         uint32 *dummy_sp;                                                   \
      |                 ^~~~~~~~
/home/osslab/mros2-wasm-service-communication-socket-journal/third_party/wamr/core/iwasm/interpreter/wasm_interp_classic.c:1189:9: note: in expansion of macro ‘DO_CHECKPOINT’
 1189 |         DO_CHECKPOINT();                                                    \
      |         ^~~~~~~~~~~~~
/home/osslab/mros2-wasm-service-communication-socket-journal/third_party/wamr/core/iwasm/interpreter/wasm_interp_classic.c:1201:9: note: in expansion of macro ‘CHECK_DUMP’
 1201 |         CHECK_DUMP()                     \
      |         ^~~~~~~~~~
/home/osslab/mros2-wasm-service-communication-socket-journal/third_party/wamr/core/iwasm/interpreter/wasm_interp_classic.c:1223:25: note: in expansion of macro ‘FETCH_OPCODE_AND_DISPATCH’
 1223 | #define HANDLE_OP_END() FETCH_OPCODE_AND_DISPATCH()
      |                         ^~~~~~~~~~~~~~~~~~~~~~~~~
/home/osslab/mros2-wasm-service-communication-socket-journal/third_party/wamr/core/iwasm/interpreter/wasm_interp_classic.c:2856:17: note: in expansion of macro ‘HANDLE_OP_END’
 2856 |                 HANDLE_OP_END();
      |                 ^~~~~~~~~~~~~
/home/osslab/mros2-wasm-service-communication-socket-journal/third_party/wamr/core/iwasm/interpreter/wasm_interp_classic.c:1106:16: warning: variable ‘arg’ set but not used [-Wunused-but-set-variable]
 1106 |         uint32 arg;                                                          \
      |                ^~~
/home/osslab/mros2-wasm-service-communication-socket-journal/third_party/wamr/core/iwasm/interpreter/wasm_interp_classic.c:1149:9: note: in expansion of macro ‘INIT_THREAD_ID_CH’
 1149 |         INIT_THREAD_ID_CH();                                                \
      |         ^~~~~~~~~~~~~~~~~
/home/osslab/mros2-wasm-service-communication-socket-journal/third_party/wamr/core/iwasm/interpreter/wasm_interp_classic.c:1189:9: note: in expansion of macro ‘DO_CHECKPOINT’
 1189 |         DO_CHECKPOINT();                                                    \
      |         ^~~~~~~~~~~~~
/home/osslab/mros2-wasm-service-communication-socket-journal/third_party/wamr/core/iwasm/interpreter/wasm_interp_classic.c:1201:9: note: in expansion of macro ‘CHECK_DUMP’
 1201 |         CHECK_DUMP()                     \
      |         ^~~~~~~~~~
/home/osslab/mros2-wasm-service-communication-socket-journal/third_party/wamr/core/iwasm/interpreter/wasm_interp_classic.c:1223:25: note: in expansion of macro ‘FETCH_OPCODE_AND_DISPATCH’
 1223 | #define HANDLE_OP_END() FETCH_OPCODE_AND_DISPATCH()
      |                         ^~~~~~~~~~~~~~~~~~~~~~~~~
/home/osslab/mros2-wasm-service-communication-socket-journal/third_party/wamr/core/iwasm/interpreter/wasm_interp_classic.c:2862:17: note: in expansion of macro ‘HANDLE_OP_END’
 2862 |                 HANDLE_OP_END();
      |                 ^~~~~~~~~~~~~
/home/osslab/mros2-wasm-service-communication-socket-journal/third_party/wamr/core/iwasm/interpreter/wasm_interp_classic.c:1153:17: warning: variable ‘dummy_sp’ set but not used [-Wunused-but-set-variable]
 1153 |         uint32 *dummy_sp;                                                   \
      |                 ^~~~~~~~
/home/osslab/mros2-wasm-service-communication-socket-journal/third_party/wamr/core/iwasm/interpreter/wasm_interp_classic.c:1189:9: note: in expansion of macro ‘DO_CHECKPOINT’
 1189 |         DO_CHECKPOINT();                                                    \
      |         ^~~~~~~~~~~~~
/home/osslab/mros2-wasm-service-communication-socket-journal/third_party/wamr/core/iwasm/interpreter/wasm_interp_classic.c:1201:9: note: in expansion of macro ‘CHECK_DUMP’
 1201 |         CHECK_DUMP()                     \
      |         ^~~~~~~~~~
/home/osslab/mros2-wasm-service-communication-socket-journal/third_party/wamr/core/iwasm/interpreter/wasm_interp_classic.c:1223:25: note: in expansion of macro ‘FETCH_OPCODE_AND_DISPATCH’
 1223 | #define HANDLE_OP_END() FETCH_OPCODE_AND_DISPATCH()
      |                         ^~~~~~~~~~~~~~~~~~~~~~~~~
/home/osslab/mros2-wasm-service-communication-socket-journal/third_party/wamr/core/iwasm/interpreter/wasm_interp_classic.c:2862:17: note: in expansion of macro ‘HANDLE_OP_END’
 2862 |                 HANDLE_OP_END();
      |                 ^~~~~~~~~~~~~
/home/osslab/mros2-wasm-service-communication-socket-journal/third_party/wamr/core/iwasm/interpreter/wasm_interp_classic.c:1106:16: warning: variable ‘arg’ set but not used [-Wunused-but-set-variable]
 1106 |         uint32 arg;                                                          \
      |                ^~~
/home/osslab/mros2-wasm-service-communication-socket-journal/third_party/wamr/core/iwasm/interpreter/wasm_interp_classic.c:1149:9: note: in expansion of macro ‘INIT_THREAD_ID_CH’
 1149 |         INIT_THREAD_ID_CH();                                                \
      |         ^~~~~~~~~~~~~~~~~
/home/osslab/mros2-wasm-service-communication-socket-journal/third_party/wamr/core/iwasm/interpreter/wasm_interp_classic.c:1189:9: note: in expansion of macro ‘DO_CHECKPOINT’
 1189 |         DO_CHECKPOINT();                                                    \
      |         ^~~~~~~~~~~~~
/home/osslab/mros2-wasm-service-communication-socket-journal/third_party/wamr/core/iwasm/interpreter/wasm_interp_classic.c:1201:9: note: in expansion of macro ‘CHECK_DUMP’
 1201 |         CHECK_DUMP()                     \
      |         ^~~~~~~~~~
/home/osslab/mros2-wasm-service-communication-socket-journal/third_party/wamr/core/iwasm/interpreter/wasm_interp_classic.c:1223:25: note: in expansion of macro ‘FETCH_OPCODE_AND_DISPATCH’
 1223 | #define HANDLE_OP_END() FETCH_OPCODE_AND_DISPATCH()
      |                         ^~~~~~~~~~~~~~~~~~~~~~~~~
/home/osslab/mros2-wasm-service-communication-socket-journal/third_party/wamr/core/iwasm/interpreter/wasm_interp_classic.c:2869:17: note: in expansion of macro ‘HANDLE_OP_END’
 2869 |                 HANDLE_OP_END();
      |                 ^~~~~~~~~~~~~
/home/osslab/mros2-wasm-service-communication-socket-journal/third_party/wamr/core/iwasm/interpreter/wasm_interp_classic.c:1153:17: warning: variable ‘dummy_sp’ set but not used [-Wunused-but-set-variable]
 1153 |         uint32 *dummy_sp;                                                   \
      |                 ^~~~~~~~
/home/osslab/mros2-wasm-service-communication-socket-journal/third_party/wamr/core/iwasm/interpreter/wasm_interp_classic.c:1189:9: note: in expansion of macro ‘DO_CHECKPOINT’
 1189 |         DO_CHECKPOINT();                                                    \
      |         ^~~~~~~~~~~~~
/home/osslab/mros2-wasm-service-communication-socket-journal/third_party/wamr/core/iwasm/interpreter/wasm_interp_classic.c:1201:9: note: in expansion of macro ‘CHECK_DUMP’
 1201 |         CHECK_DUMP()                     \
      |         ^~~~~~~~~~
/home/osslab/mros2-wasm-service-communication-socket-journal/third_party/wamr/core/iwasm/interpreter/wasm_interp_classic.c:1223:25: note: in expansion of macro ‘FETCH_OPCODE_AND_DISPATCH’
 1223 | #define HANDLE_OP_END() FETCH_OPCODE_AND_DISPATCH()
      |                         ^~~~~~~~~~~~~~~~~~~~~~~~~
/home/osslab/mros2-wasm-service-communication-socket-journal/third_party/wamr/core/iwasm/interpreter/wasm_interp_classic.c:2869:17: note: in expansion of macro ‘HANDLE_OP_END’
 2869 |                 HANDLE_OP_END();
      |                 ^~~~~~~~~~~~~
/home/osslab/mros2-wasm-service-communication-socket-journal/third_party/wamr/core/iwasm/interpreter/wasm_interp_classic.c:1106:16: warning: variable ‘arg’ set but not used [-Wunused-but-set-variable]
 1106 |         uint32 arg;                                                          \
      |                ^~~
/home/osslab/mros2-wasm-service-communication-socket-journal/third_party/wamr/core/iwasm/interpreter/wasm_interp_classic.c:1149:9: note: in expansion of macro ‘INIT_THREAD_ID_CH’
 1149 |         INIT_THREAD_ID_CH();                                                \
      |         ^~~~~~~~~~~~~~~~~
/home/osslab/mros2-wasm-service-communication-socket-journal/third_party/wamr/core/iwasm/interpreter/wasm_interp_classic.c:1189:9: note: in expansion of macro ‘DO_CHECKPOINT’
 1189 |         DO_CHECKPOINT();                                                    \
      |         ^~~~~~~~~~~~~
/home/osslab/mros2-wasm-service-communication-socket-journal/third_party/wamr/core/iwasm/interpreter/wasm_interp_classic.c:1201:9: note: in expansion of macro ‘CHECK_DUMP’
 1201 |         CHECK_DUMP()                     \
      |         ^~~~~~~~~~
/home/osslab/mros2-wasm-service-communication-socket-journal/third_party/wamr/core/iwasm/interpreter/wasm_interp_classic.c:1223:25: note: in expansion of macro ‘FETCH_OPCODE_AND_DISPATCH’
 1223 | #define HANDLE_OP_END() FETCH_OPCODE_AND_DISPATCH()
      |                         ^~~~~~~~~~~~~~~~~~~~~~~~~
/home/osslab/mros2-wasm-service-communication-socket-journal/third_party/wamr/core/iwasm/interpreter/wasm_interp_classic.c:2875:17: note: in expansion of macro ‘HANDLE_OP_END’
 2875 |                 HANDLE_OP_END();
      |                 ^~~~~~~~~~~~~
/home/osslab/mros2-wasm-service-communication-socket-journal/third_party/wamr/core/iwasm/interpreter/wasm_interp_classic.c:1153:17: warning: variable ‘dummy_sp’ set but not used [-Wunused-but-set-variable]
 1153 |         uint32 *dummy_sp;                                                   \
      |                 ^~~~~~~~
/home/osslab/mros2-wasm-service-communication-socket-journal/third_party/wamr/core/iwasm/interpreter/wasm_interp_classic.c:1189:9: note: in expansion of macro ‘DO_CHECKPOINT’
 1189 |         DO_CHECKPOINT();                                                    \
      |         ^~~~~~~~~~~~~
/home/osslab/mros2-wasm-service-communication-socket-journal/third_party/wamr/core/iwasm/interpreter/wasm_interp_classic.c:1201:9: note: in expansion of macro ‘CHECK_DUMP’
 1201 |         CHECK_DUMP()                     \
      |         ^~~~~~~~~~
/home/osslab/mros2-wasm-service-communication-socket-journal/third_party/wamr/core/iwasm/interpreter/wasm_interp_classic.c:1223:25: note: in expansion of macro ‘FETCH_OPCODE_AND_DISPATCH’
 1223 | #define HANDLE_OP_END() FETCH_OPCODE_AND_DISPATCH()
      |                         ^~~~~~~~~~~~~~~~~~~~~~~~~
/home/osslab/mros2-wasm-service-communication-socket-journal/third_party/wamr/core/iwasm/interpreter/wasm_interp_classic.c:2875:17: note: in expansion of macro ‘HANDLE_OP_END’
 2875 |                 HANDLE_OP_END();
      |                 ^~~~~~~~~~~~~
/home/osslab/mros2-wasm-service-communication-socket-journal/third_party/wamr/core/iwasm/interpreter/wasm_interp_classic.c:1106:16: warning: variable ‘arg’ set but not used [-Wunused-but-set-variable]
 1106 |         uint32 arg;                                                          \
      |                ^~~
/home/osslab/mros2-wasm-service-communication-socket-journal/third_party/wamr/core/iwasm/interpreter/wasm_interp_classic.c:1149:9: note: in expansion of macro ‘INIT_THREAD_ID_CH’
 1149 |         INIT_THREAD_ID_CH();                                                \
      |         ^~~~~~~~~~~~~~~~~
/home/osslab/mros2-wasm-service-communication-socket-journal/third_party/wamr/core/iwasm/interpreter/wasm_interp_classic.c:1189:9: note: in expansion of macro ‘DO_CHECKPOINT’
 1189 |         DO_CHECKPOINT();                                                    \
      |         ^~~~~~~~~~~~~
/home/osslab/mros2-wasm-service-communication-socket-journal/third_party/wamr/core/iwasm/interpreter/wasm_interp_classic.c:1201:9: note: in expansion of macro ‘CHECK_DUMP’
 1201 |         CHECK_DUMP()                     \
      |         ^~~~~~~~~~
/home/osslab/mros2-wasm-service-communication-socket-journal/third_party/wamr/core/iwasm/interpreter/wasm_interp_classic.c:1223:25: note: in expansion of macro ‘FETCH_OPCODE_AND_DISPATCH’
 1223 | #define HANDLE_OP_END() FETCH_OPCODE_AND_DISPATCH()
      |                         ^~~~~~~~~~~~~~~~~~~~~~~~~
/home/osslab/mros2-wasm-service-communication-socket-journal/third_party/wamr/core/iwasm/interpreter/wasm_interp_classic.c:2881:17: note: in expansion of macro ‘HANDLE_OP_END’
 2881 |                 HANDLE_OP_END();
      |                 ^~~~~~~~~~~~~
/home/osslab/mros2-wasm-service-communication-socket-journal/third_party/wamr/core/iwasm/interpreter/wasm_interp_classic.c:1153:17: warning: variable ‘dummy_sp’ set but not used [-Wunused-but-set-variable]
 1153 |         uint32 *dummy_sp;                                                   \
      |                 ^~~~~~~~
/home/osslab/mros2-wasm-service-communication-socket-journal/third_party/wamr/core/iwasm/interpreter/wasm_interp_classic.c:1189:9: note: in expansion of macro ‘DO_CHECKPOINT’
 1189 |         DO_CHECKPOINT();                                                    \
      |         ^~~~~~~~~~~~~
/home/osslab/mros2-wasm-service-communication-socket-journal/third_party/wamr/core/iwasm/interpreter/wasm_interp_classic.c:1201:9: note: in expansion of macro ‘CHECK_DUMP’
 1201 |         CHECK_DUMP()                     \
      |         ^~~~~~~~~~
/home/osslab/mros2-wasm-service-communication-socket-journal/third_party/wamr/core/iwasm/interpreter/wasm_interp_classic.c:1223:25: note: in expansion of macro ‘FETCH_OPCODE_AND_DISPATCH’
 1223 | #define HANDLE_OP_END() FETCH_OPCODE_AND_DISPATCH()
      |                         ^~~~~~~~~~~~~~~~~~~~~~~~~
/home/osslab/mros2-wasm-service-communication-socket-journal/third_party/wamr/core/iwasm/interpreter/wasm_interp_classic.c:2881:17: note: in expansion of macro ‘HANDLE_OP_END’
 2881 |                 HANDLE_OP_END();
      |                 ^~~~~~~~~~~~~
/home/osslab/mros2-wasm-service-communication-socket-journal/third_party/wamr/core/iwasm/interpreter/wasm_interp_classic.c:1106:16: warning: variable ‘arg’ set but not used [-Wunused-but-set-variable]
 1106 |         uint32 arg;                                                          \
      |                ^~~
/home/osslab/mros2-wasm-service-communication-socket-journal/third_party/wamr/core/iwasm/interpreter/wasm_interp_classic.c:1149:9: note: in expansion of macro ‘INIT_THREAD_ID_CH’
 1149 |         INIT_THREAD_ID_CH();                                                \
      |         ^~~~~~~~~~~~~~~~~
/home/osslab/mros2-wasm-service-communication-socket-journal/third_party/wamr/core/iwasm/interpreter/wasm_interp_classic.c:1189:9: note: in expansion of macro ‘DO_CHECKPOINT’
 1189 |         DO_CHECKPOINT();                                                    \
      |         ^~~~~~~~~~~~~
/home/osslab/mros2-wasm-service-communication-socket-journal/third_party/wamr/core/iwasm/interpreter/wasm_interp_classic.c:1201:9: note: in expansion of macro ‘CHECK_DUMP’
 1201 |         CHECK_DUMP()                     \
      |         ^~~~~~~~~~
/home/osslab/mros2-wasm-service-communication-socket-journal/third_party/wamr/core/iwasm/interpreter/wasm_interp_classic.c:1223:25: note: in expansion of macro ‘FETCH_OPCODE_AND_DISPATCH’
 1223 | #define HANDLE_OP_END() FETCH_OPCODE_AND_DISPATCH()
      |                         ^~~~~~~~~~~~~~~~~~~~~~~~~
/home/osslab/mros2-wasm-service-communication-socket-journal/third_party/wamr/core/iwasm/interpreter/wasm_interp_classic.c:2887:17: note: in expansion of macro ‘HANDLE_OP_END’
 2887 |                 HANDLE_OP_END();
      |                 ^~~~~~~~~~~~~
/home/osslab/mros2-wasm-service-communication-socket-journal/third_party/wamr/core/iwasm/interpreter/wasm_interp_classic.c:1153:17: warning: variable ‘dummy_sp’ set but not used [-Wunused-but-set-variable]
 1153 |         uint32 *dummy_sp;                                                   \
      |                 ^~~~~~~~
/home/osslab/mros2-wasm-service-communication-socket-journal/third_party/wamr/core/iwasm/interpreter/wasm_interp_classic.c:1189:9: note: in expansion of macro ‘DO_CHECKPOINT’
 1189 |         DO_CHECKPOINT();                                                    \
      |         ^~~~~~~~~~~~~
/home/osslab/mros2-wasm-service-communication-socket-journal/third_party/wamr/core/iwasm/interpreter/wasm_interp_classic.c:1201:9: note: in expansion of macro ‘CHECK_DUMP’
 1201 |         CHECK_DUMP()                     \
      |         ^~~~~~~~~~
/home/osslab/mros2-wasm-service-communication-socket-journal/third_party/wamr/core/iwasm/interpreter/wasm_interp_classic.c:1223:25: note: in expansion of macro ‘FETCH_OPCODE_AND_DISPATCH’
 1223 | #define HANDLE_OP_END() FETCH_OPCODE_AND_DISPATCH()
      |                         ^~~~~~~~~~~~~~~~~~~~~~~~~
/home/osslab/mros2-wasm-service-communication-socket-journal/third_party/wamr/core/iwasm/interpreter/wasm_interp_classic.c:2887:17: note: in expansion of macro ‘HANDLE_OP_END’
 2887 |                 HANDLE_OP_END();
      |                 ^~~~~~~~~~~~~
/home/osslab/mros2-wasm-service-communication-socket-journal/third_party/wamr/core/iwasm/interpreter/wasm_interp_classic.c:1106:16: warning: variable ‘arg’ set but not used [-Wunused-but-set-variable]
 1106 |         uint32 arg;                                                          \
      |                ^~~
/home/osslab/mros2-wasm-service-communication-socket-journal/third_party/wamr/core/iwasm/interpreter/wasm_interp_classic.c:1149:9: note: in expansion of macro ‘INIT_THREAD_ID_CH’
 1149 |         INIT_THREAD_ID_CH();                                                \
      |         ^~~~~~~~~~~~~~~~~
/home/osslab/mros2-wasm-service-communication-socket-journal/third_party/wamr/core/iwasm/interpreter/wasm_interp_classic.c:1189:9: note: in expansion of macro ‘DO_CHECKPOINT’
 1189 |         DO_CHECKPOINT();                                                    \
      |         ^~~~~~~~~~~~~
/home/osslab/mros2-wasm-service-communication-socket-journal/third_party/wamr/core/iwasm/interpreter/wasm_interp_classic.c:1201:9: note: in expansion of macro ‘CHECK_DUMP’
 1201 |         CHECK_DUMP()                     \
      |         ^~~~~~~~~~
/home/osslab/mros2-wasm-service-communication-socket-journal/third_party/wamr/core/iwasm/interpreter/wasm_interp_classic.c:1223:25: note: in expansion of macro ‘FETCH_OPCODE_AND_DISPATCH’
 1223 | #define HANDLE_OP_END() FETCH_OPCODE_AND_DISPATCH()
      |                         ^~~~~~~~~~~~~~~~~~~~~~~~~
/home/osslab/mros2-wasm-service-communication-socket-journal/third_party/wamr/core/iwasm/interpreter/wasm_interp_classic.c:2893:17: note: in expansion of macro ‘HANDLE_OP_END’
 2893 |                 HANDLE_OP_END();
      |                 ^~~~~~~~~~~~~
/home/osslab/mros2-wasm-service-communication-socket-journal/third_party/wamr/core/iwasm/interpreter/wasm_interp_classic.c:1153:17: warning: variable ‘dummy_sp’ set but not used [-Wunused-but-set-variable]
 1153 |         uint32 *dummy_sp;                                                   \
      |                 ^~~~~~~~
/home/osslab/mros2-wasm-service-communication-socket-journal/third_party/wamr/core/iwasm/interpreter/wasm_interp_classic.c:1189:9: note: in expansion of macro ‘DO_CHECKPOINT’
 1189 |         DO_CHECKPOINT();                                                    \
      |         ^~~~~~~~~~~~~
/home/osslab/mros2-wasm-service-communication-socket-journal/third_party/wamr/core/iwasm/interpreter/wasm_interp_classic.c:1201:9: note: in expansion of macro ‘CHECK_DUMP’
 1201 |         CHECK_DUMP()                     \
      |         ^~~~~~~~~~
/home/osslab/mros2-wasm-service-communication-socket-journal/third_party/wamr/core/iwasm/interpreter/wasm_interp_classic.c:1223:25: note: in expansion of macro ‘FETCH_OPCODE_AND_DISPATCH’
 1223 | #define HANDLE_OP_END() FETCH_OPCODE_AND_DISPATCH()
      |                         ^~~~~~~~~~~~~~~~~~~~~~~~~
/home/osslab/mros2-wasm-service-communication-socket-journal/third_party/wamr/core/iwasm/interpreter/wasm_interp_classic.c:2893:17: note: in expansion of macro ‘HANDLE_OP_END’
 2893 |                 HANDLE_OP_END();
      |                 ^~~~~~~~~~~~~
/home/osslab/mros2-wasm-service-communication-socket-journal/third_party/wamr/core/iwasm/interpreter/wasm_interp_classic.c:1106:16: warning: variable ‘arg’ set but not used [-Wunused-but-set-variable]
 1106 |         uint32 arg;                                                          \
      |                ^~~
/home/osslab/mros2-wasm-service-communication-socket-journal/third_party/wamr/core/iwasm/interpreter/wasm_interp_classic.c:1149:9: note: in expansion of macro ‘INIT_THREAD_ID_CH’
 1149 |         INIT_THREAD_ID_CH();                                                \
      |         ^~~~~~~~~~~~~~~~~
/home/osslab/mros2-wasm-service-communication-socket-journal/third_party/wamr/core/iwasm/interpreter/wasm_interp_classic.c:1189:9: note: in expansion of macro ‘DO_CHECKPOINT’
 1189 |         DO_CHECKPOINT();                                                    \
      |         ^~~~~~~~~~~~~
/home/osslab/mros2-wasm-service-communication-socket-journal/third_party/wamr/core/iwasm/interpreter/wasm_interp_classic.c:1201:9: note: in expansion of macro ‘CHECK_DUMP’
 1201 |         CHECK_DUMP()                     \
      |         ^~~~~~~~~~
/home/osslab/mros2-wasm-service-communication-socket-journal/third_party/wamr/core/iwasm/interpreter/wasm_interp_classic.c:1223:25: note: in expansion of macro ‘FETCH_OPCODE_AND_DISPATCH’
 1223 | #define HANDLE_OP_END() FETCH_OPCODE_AND_DISPATCH()
      |                         ^~~~~~~~~~~~~~~~~~~~~~~~~
/home/osslab/mros2-wasm-service-communication-socket-journal/third_party/wamr/core/iwasm/interpreter/wasm_interp_classic.c:2899:17: note: in expansion of macro ‘HANDLE_OP_END’
 2899 |                 HANDLE_OP_END();
      |                 ^~~~~~~~~~~~~
/home/osslab/mros2-wasm-service-communication-socket-journal/third_party/wamr/core/iwasm/interpreter/wasm_interp_classic.c:1153:17: warning: variable ‘dummy_sp’ set but not used [-Wunused-but-set-variable]
 1153 |         uint32 *dummy_sp;                                                   \
      |                 ^~~~~~~~
/home/osslab/mros2-wasm-service-communication-socket-journal/third_party/wamr/core/iwasm/interpreter/wasm_interp_classic.c:1189:9: note: in expansion of macro ‘DO_CHECKPOINT’
 1189 |         DO_CHECKPOINT();                                                    \
      |         ^~~~~~~~~~~~~
/home/osslab/mros2-wasm-service-communication-socket-journal/third_party/wamr/core/iwasm/interpreter/wasm_interp_classic.c:1201:9: note: in expansion of macro ‘CHECK_DUMP’
 1201 |         CHECK_DUMP()                     \
      |         ^~~~~~~~~~
/home/osslab/mros2-wasm-service-communication-socket-journal/third_party/wamr/core/iwasm/interpreter/wasm_interp_classic.c:1223:25: note: in expansion of macro ‘FETCH_OPCODE_AND_DISPATCH’
 1223 | #define HANDLE_OP_END() FETCH_OPCODE_AND_DISPATCH()
      |                         ^~~~~~~~~~~~~~~~~~~~~~~~~
/home/osslab/mros2-wasm-service-communication-socket-journal/third_party/wamr/core/iwasm/interpreter/wasm_interp_classic.c:2899:17: note: in expansion of macro ‘HANDLE_OP_END’
 2899 |                 HANDLE_OP_END();
      |                 ^~~~~~~~~~~~~
/home/osslab/mros2-wasm-service-communication-socket-journal/third_party/wamr/core/iwasm/interpreter/wasm_interp_classic.c:1106:16: warning: variable ‘arg’ set but not used [-Wunused-but-set-variable]
 1106 |         uint32 arg;                                                          \
      |                ^~~
/home/osslab/mros2-wasm-service-communication-socket-journal/third_party/wamr/core/iwasm/interpreter/wasm_interp_classic.c:1149:9: note: in expansion of macro ‘INIT_THREAD_ID_CH’
 1149 |         INIT_THREAD_ID_CH();                                                \
      |         ^~~~~~~~~~~~~~~~~
/home/osslab/mros2-wasm-service-communication-socket-journal/third_party/wamr/core/iwasm/interpreter/wasm_interp_classic.c:1189:9: note: in expansion of macro ‘DO_CHECKPOINT’
 1189 |         DO_CHECKPOINT();                                                    \
      |         ^~~~~~~~~~~~~
/home/osslab/mros2-wasm-service-communication-socket-journal/third_party/wamr/core/iwasm/interpreter/wasm_interp_classic.c:1201:9: note: in expansion of macro ‘CHECK_DUMP’
 1201 |         CHECK_DUMP()                     \
      |         ^~~~~~~~~~
/home/osslab/mros2-wasm-service-communication-socket-journal/third_party/wamr/core/iwasm/interpreter/wasm_interp_classic.c:1223:25: note: in expansion of macro ‘FETCH_OPCODE_AND_DISPATCH’
 1223 | #define HANDLE_OP_END() FETCH_OPCODE_AND_DISPATCH()
      |                         ^~~~~~~~~~~~~~~~~~~~~~~~~
/home/osslab/mros2-wasm-service-communication-socket-journal/third_party/wamr/core/iwasm/interpreter/wasm_interp_classic.c:2906:17: note: in expansion of macro ‘HANDLE_OP_END’
 2906 |                 HANDLE_OP_END();
      |                 ^~~~~~~~~~~~~
/home/osslab/mros2-wasm-service-communication-socket-journal/third_party/wamr/core/iwasm/interpreter/wasm_interp_classic.c:1153:17: warning: variable ‘dummy_sp’ set but not used [-Wunused-but-set-variable]
 1153 |         uint32 *dummy_sp;                                                   \
      |                 ^~~~~~~~
/home/osslab/mros2-wasm-service-communication-socket-journal/third_party/wamr/core/iwasm/interpreter/wasm_interp_classic.c:1189:9: note: in expansion of macro ‘DO_CHECKPOINT’
 1189 |         DO_CHECKPOINT();                                                    \
      |         ^~~~~~~~~~~~~
/home/osslab/mros2-wasm-service-communication-socket-journal/third_party/wamr/core/iwasm/interpreter/wasm_interp_classic.c:1201:9: note: in expansion of macro ‘CHECK_DUMP’
 1201 |         CHECK_DUMP()                     \
      |         ^~~~~~~~~~
/home/osslab/mros2-wasm-service-communication-socket-journal/third_party/wamr/core/iwasm/interpreter/wasm_interp_classic.c:1223:25: note: in expansion of macro ‘FETCH_OPCODE_AND_DISPATCH’
 1223 | #define HANDLE_OP_END() FETCH_OPCODE_AND_DISPATCH()
      |                         ^~~~~~~~~~~~~~~~~~~~~~~~~
/home/osslab/mros2-wasm-service-communication-socket-journal/third_party/wamr/core/iwasm/interpreter/wasm_interp_classic.c:2906:17: note: in expansion of macro ‘HANDLE_OP_END’
 2906 |                 HANDLE_OP_END();
      |                 ^~~~~~~~~~~~~
/home/osslab/mros2-wasm-service-communication-socket-journal/third_party/wamr/core/iwasm/interpreter/wasm_interp_classic.c:1106:16: warning: variable ‘arg’ set but not used [-Wunused-but-set-variable]
 1106 |         uint32 arg;                                                          \
      |                ^~~
/home/osslab/mros2-wasm-service-communication-socket-journal/third_party/wamr/core/iwasm/interpreter/wasm_interp_classic.c:1149:9: note: in expansion of macro ‘INIT_THREAD_ID_CH’
 1149 |         INIT_THREAD_ID_CH();                                                \
      |         ^~~~~~~~~~~~~~~~~
/home/osslab/mros2-wasm-service-communication-socket-journal/third_party/wamr/core/iwasm/interpreter/wasm_interp_classic.c:1189:9: note: in expansion of macro ‘DO_CHECKPOINT’
 1189 |         DO_CHECKPOINT();                                                    \
      |         ^~~~~~~~~~~~~
/home/osslab/mros2-wasm-service-communication-socket-journal/third_party/wamr/core/iwasm/interpreter/wasm_interp_classic.c:1201:9: note: in expansion of macro ‘CHECK_DUMP’
 1201 |         CHECK_DUMP()                     \
      |         ^~~~~~~~~~
/home/osslab/mros2-wasm-service-communication-socket-journal/third_party/wamr/core/iwasm/interpreter/wasm_interp_classic.c:1223:25: note: in expansion of macro ‘FETCH_OPCODE_AND_DISPATCH’
 1223 | #define HANDLE_OP_END() FETCH_OPCODE_AND_DISPATCH()
      |                         ^~~~~~~~~~~~~~~~~~~~~~~~~
/home/osslab/mros2-wasm-service-communication-socket-journal/third_party/wamr/core/iwasm/interpreter/wasm_interp_classic.c:2912:17: note: in expansion of macro ‘HANDLE_OP_END’
 2912 |                 HANDLE_OP_END();
      |                 ^~~~~~~~~~~~~
/home/osslab/mros2-wasm-service-communication-socket-journal/third_party/wamr/core/iwasm/interpreter/wasm_interp_classic.c:1153:17: warning: variable ‘dummy_sp’ set but not used [-Wunused-but-set-variable]
 1153 |         uint32 *dummy_sp;                                                   \
      |                 ^~~~~~~~
/home/osslab/mros2-wasm-service-communication-socket-journal/third_party/wamr/core/iwasm/interpreter/wasm_interp_classic.c:1189:9: note: in expansion of macro ‘DO_CHECKPOINT’
 1189 |         DO_CHECKPOINT();                                                    \
      |         ^~~~~~~~~~~~~
/home/osslab/mros2-wasm-service-communication-socket-journal/third_party/wamr/core/iwasm/interpreter/wasm_interp_classic.c:1201:9: note: in expansion of macro ‘CHECK_DUMP’
 1201 |         CHECK_DUMP()                     \
      |         ^~~~~~~~~~
/home/osslab/mros2-wasm-service-communication-socket-journal/third_party/wamr/core/iwasm/interpreter/wasm_interp_classic.c:1223:25: note: in expansion of macro ‘FETCH_OPCODE_AND_DISPATCH’
 1223 | #define HANDLE_OP_END() FETCH_OPCODE_AND_DISPATCH()
      |                         ^~~~~~~~~~~~~~~~~~~~~~~~~
/home/osslab/mros2-wasm-service-communication-socket-journal/third_party/wamr/core/iwasm/interpreter/wasm_interp_classic.c:2912:17: note: in expansion of macro ‘HANDLE_OP_END’
 2912 |                 HANDLE_OP_END();
      |                 ^~~~~~~~~~~~~
/home/osslab/mros2-wasm-service-communication-socket-journal/third_party/wamr/core/iwasm/interpreter/wasm_interp_classic.c:1106:16: warning: variable ‘arg’ set but not used [-Wunused-but-set-variable]
 1106 |         uint32 arg;                                                          \
      |                ^~~
/home/osslab/mros2-wasm-service-communication-socket-journal/third_party/wamr/core/iwasm/interpreter/wasm_interp_classic.c:1149:9: note: in expansion of macro ‘INIT_THREAD_ID_CH’
 1149 |         INIT_THREAD_ID_CH();                                                \
      |         ^~~~~~~~~~~~~~~~~
/home/osslab/mros2-wasm-service-communication-socket-journal/third_party/wamr/core/iwasm/interpreter/wasm_interp_classic.c:1189:9: note: in expansion of macro ‘DO_CHECKPOINT’
 1189 |         DO_CHECKPOINT();                                                    \
      |         ^~~~~~~~~~~~~
/home/osslab/mros2-wasm-service-communication-socket-journal/third_party/wamr/core/iwasm/interpreter/wasm_interp_classic.c:1201:9: note: in expansion of macro ‘CHECK_DUMP’
 1201 |         CHECK_DUMP()                     \
      |         ^~~~~~~~~~
/home/osslab/mros2-wasm-service-communication-socket-journal/third_party/wamr/core/iwasm/interpreter/wasm_interp_classic.c:1223:25: note: in expansion of macro ‘FETCH_OPCODE_AND_DISPATCH’
 1223 | #define HANDLE_OP_END() FETCH_OPCODE_AND_DISPATCH()
      |                         ^~~~~~~~~~~~~~~~~~~~~~~~~
/home/osslab/mros2-wasm-service-communication-socket-journal/third_party/wamr/core/iwasm/interpreter/wasm_interp_classic.c:2918:17: note: in expansion of macro ‘HANDLE_OP_END’
 2918 |                 HANDLE_OP_END();
      |                 ^~~~~~~~~~~~~
/home/osslab/mros2-wasm-service-communication-socket-journal/third_party/wamr/core/iwasm/interpreter/wasm_interp_classic.c:1153:17: warning: variable ‘dummy_sp’ set but not used [-Wunused-but-set-variable]
 1153 |         uint32 *dummy_sp;                                                   \
      |                 ^~~~~~~~
/home/osslab/mros2-wasm-service-communication-socket-journal/third_party/wamr/core/iwasm/interpreter/wasm_interp_classic.c:1189:9: note: in expansion of macro ‘DO_CHECKPOINT’
 1189 |         DO_CHECKPOINT();                                                    \
      |         ^~~~~~~~~~~~~
/home/osslab/mros2-wasm-service-communication-socket-journal/third_party/wamr/core/iwasm/interpreter/wasm_interp_classic.c:1201:9: note: in expansion of macro ‘CHECK_DUMP’
 1201 |         CHECK_DUMP()                     \
      |         ^~~~~~~~~~
/home/osslab/mros2-wasm-service-communication-socket-journal/third_party/wamr/core/iwasm/interpreter/wasm_interp_classic.c:1223:25: note: in expansion of macro ‘FETCH_OPCODE_AND_DISPATCH’
 1223 | #define HANDLE_OP_END() FETCH_OPCODE_AND_DISPATCH()
      |                         ^~~~~~~~~~~~~~~~~~~~~~~~~
/home/osslab/mros2-wasm-service-communication-socket-journal/third_party/wamr/core/iwasm/interpreter/wasm_interp_classic.c:2918:17: note: in expansion of macro ‘HANDLE_OP_END’
 2918 |                 HANDLE_OP_END();
      |                 ^~~~~~~~~~~~~
/home/osslab/mros2-wasm-service-communication-socket-journal/third_party/wamr/core/iwasm/interpreter/wasm_interp_classic.c:1106:16: warning: variable ‘arg’ set but not used [-Wunused-but-set-variable]
 1106 |         uint32 arg;                                                          \
      |                ^~~
/home/osslab/mros2-wasm-service-communication-socket-journal/third_party/wamr/core/iwasm/interpreter/wasm_interp_classic.c:1149:9: note: in expansion of macro ‘INIT_THREAD_ID_CH’
 1149 |         INIT_THREAD_ID_CH();                                                \
      |         ^~~~~~~~~~~~~~~~~
/home/osslab/mros2-wasm-service-communication-socket-journal/third_party/wamr/core/iwasm/interpreter/wasm_interp_classic.c:1189:9: note: in expansion of macro ‘DO_CHECKPOINT’
 1189 |         DO_CHECKPOINT();                                                    \
      |         ^~~~~~~~~~~~~
/home/osslab/mros2-wasm-service-communication-socket-journal/third_party/wamr/core/iwasm/interpreter/wasm_interp_classic.c:1201:9: note: in expansion of macro ‘CHECK_DUMP’
 1201 |         CHECK_DUMP()                     \
      |         ^~~~~~~~~~
/home/osslab/mros2-wasm-service-communication-socket-journal/third_party/wamr/core/iwasm/interpreter/wasm_interp_classic.c:1223:25: note: in expansion of macro ‘FETCH_OPCODE_AND_DISPATCH’
 1223 | #define HANDLE_OP_END() FETCH_OPCODE_AND_DISPATCH()
      |                         ^~~~~~~~~~~~~~~~~~~~~~~~~
/home/osslab/mros2-wasm-service-communication-socket-journal/third_party/wamr/core/iwasm/interpreter/wasm_interp_classic.c:2924:17: note: in expansion of macro ‘HANDLE_OP_END’
 2924 |                 HANDLE_OP_END();
      |                 ^~~~~~~~~~~~~
/home/osslab/mros2-wasm-service-communication-socket-journal/third_party/wamr/core/iwasm/interpreter/wasm_interp_classic.c:1153:17: warning: variable ‘dummy_sp’ set but not used [-Wunused-but-set-variable]
 1153 |         uint32 *dummy_sp;                                                   \
      |                 ^~~~~~~~
/home/osslab/mros2-wasm-service-communication-socket-journal/third_party/wamr/core/iwasm/interpreter/wasm_interp_classic.c:1189:9: note: in expansion of macro ‘DO_CHECKPOINT’
 1189 |         DO_CHECKPOINT();                                                    \
      |         ^~~~~~~~~~~~~
/home/osslab/mros2-wasm-service-communication-socket-journal/third_party/wamr/core/iwasm/interpreter/wasm_interp_classic.c:1201:9: note: in expansion of macro ‘CHECK_DUMP’
 1201 |         CHECK_DUMP()                     \
      |         ^~~~~~~~~~
/home/osslab/mros2-wasm-service-communication-socket-journal/third_party/wamr/core/iwasm/interpreter/wasm_interp_classic.c:1223:25: note: in expansion of macro ‘FETCH_OPCODE_AND_DISPATCH’
 1223 | #define HANDLE_OP_END() FETCH_OPCODE_AND_DISPATCH()
      |                         ^~~~~~~~~~~~~~~~~~~~~~~~~
/home/osslab/mros2-wasm-service-communication-socket-journal/third_party/wamr/core/iwasm/interpreter/wasm_interp_classic.c:2924:17: note: in expansion of macro ‘HANDLE_OP_END’
 2924 |                 HANDLE_OP_END();
      |                 ^~~~~~~~~~~~~
/home/osslab/mros2-wasm-service-communication-socket-journal/third_party/wamr/core/iwasm/interpreter/wasm_interp_classic.c:1106:16: warning: variable ‘arg’ set but not used [-Wunused-but-set-variable]
 1106 |         uint32 arg;                                                          \
      |                ^~~
/home/osslab/mros2-wasm-service-communication-socket-journal/third_party/wamr/core/iwasm/interpreter/wasm_interp_classic.c:1149:9: note: in expansion of macro ‘INIT_THREAD_ID_CH’
 1149 |         INIT_THREAD_ID_CH();                                                \
      |         ^~~~~~~~~~~~~~~~~
/home/osslab/mros2-wasm-service-communication-socket-journal/third_party/wamr/core/iwasm/interpreter/wasm_interp_classic.c:1189:9: note: in expansion of macro ‘DO_CHECKPOINT’
 1189 |         DO_CHECKPOINT();                                                    \
      |         ^~~~~~~~~~~~~
/home/osslab/mros2-wasm-service-communication-socket-journal/third_party/wamr/core/iwasm/interpreter/wasm_interp_classic.c:1201:9: note: in expansion of macro ‘CHECK_DUMP’
 1201 |         CHECK_DUMP()                     \
      |         ^~~~~~~~~~
/home/osslab/mros2-wasm-service-communication-socket-journal/third_party/wamr/core/iwasm/interpreter/wasm_interp_classic.c:1223:25: note: in expansion of macro ‘FETCH_OPCODE_AND_DISPATCH’
 1223 | #define HANDLE_OP_END() FETCH_OPCODE_AND_DISPATCH()
      |                         ^~~~~~~~~~~~~~~~~~~~~~~~~
/home/osslab/mros2-wasm-service-communication-socket-journal/third_party/wamr/core/iwasm/interpreter/wasm_interp_classic.c:2930:17: note: in expansion of macro ‘HANDLE_OP_END’
 2930 |                 HANDLE_OP_END();
      |                 ^~~~~~~~~~~~~
/home/osslab/mros2-wasm-service-communication-socket-journal/third_party/wamr/core/iwasm/interpreter/wasm_interp_classic.c:1153:17: warning: variable ‘dummy_sp’ set but not used [-Wunused-but-set-variable]
 1153 |         uint32 *dummy_sp;                                                   \
      |                 ^~~~~~~~
/home/osslab/mros2-wasm-service-communication-socket-journal/third_party/wamr/core/iwasm/interpreter/wasm_interp_classic.c:1189:9: note: in expansion of macro ‘DO_CHECKPOINT’
 1189 |         DO_CHECKPOINT();                                                    \
      |         ^~~~~~~~~~~~~
/home/osslab/mros2-wasm-service-communication-socket-journal/third_party/wamr/core/iwasm/interpreter/wasm_interp_classic.c:1201:9: note: in expansion of macro ‘CHECK_DUMP’
 1201 |         CHECK_DUMP()                     \
      |         ^~~~~~~~~~
/home/osslab/mros2-wasm-service-communication-socket-journal/third_party/wamr/core/iwasm/interpreter/wasm_interp_classic.c:1223:25: note: in expansion of macro ‘FETCH_OPCODE_AND_DISPATCH’
 1223 | #define HANDLE_OP_END() FETCH_OPCODE_AND_DISPATCH()
      |                         ^~~~~~~~~~~~~~~~~~~~~~~~~
/home/osslab/mros2-wasm-service-communication-socket-journal/third_party/wamr/core/iwasm/interpreter/wasm_interp_classic.c:2930:17: note: in expansion of macro ‘HANDLE_OP_END’
 2930 |                 HANDLE_OP_END();
      |                 ^~~~~~~~~~~~~
/home/osslab/mros2-wasm-service-communication-socket-journal/third_party/wamr/core/iwasm/interpreter/wasm_interp_classic.c:1106:16: warning: variable ‘arg’ set but not used [-Wunused-but-set-variable]
 1106 |         uint32 arg;                                                          \
      |                ^~~
/home/osslab/mros2-wasm-service-communication-socket-journal/third_party/wamr/core/iwasm/interpreter/wasm_interp_classic.c:1149:9: note: in expansion of macro ‘INIT_THREAD_ID_CH’
 1149 |         INIT_THREAD_ID_CH();                                                \
      |         ^~~~~~~~~~~~~~~~~
/home/osslab/mros2-wasm-service-communication-socket-journal/third_party/wamr/core/iwasm/interpreter/wasm_interp_classic.c:1189:9: note: in expansion of macro ‘DO_CHECKPOINT’
 1189 |         DO_CHECKPOINT();                                                    \
      |         ^~~~~~~~~~~~~
/home/osslab/mros2-wasm-service-communication-socket-journal/third_party/wamr/core/iwasm/interpreter/wasm_interp_classic.c:1201:9: note: in expansion of macro ‘CHECK_DUMP’
 1201 |         CHECK_DUMP()                     \
      |         ^~~~~~~~~~
/home/osslab/mros2-wasm-service-communication-socket-journal/third_party/wamr/core/iwasm/interpreter/wasm_interp_classic.c:1223:25: note: in expansion of macro ‘FETCH_OPCODE_AND_DISPATCH’
 1223 | #define HANDLE_OP_END() FETCH_OPCODE_AND_DISPATCH()
      |                         ^~~~~~~~~~~~~~~~~~~~~~~~~
/home/osslab/mros2-wasm-service-communication-socket-journal/third_party/wamr/core/iwasm/interpreter/wasm_interp_classic.c:2936:17: note: in expansion of macro ‘HANDLE_OP_END’
 2936 |                 HANDLE_OP_END();
      |                 ^~~~~~~~~~~~~
/home/osslab/mros2-wasm-service-communication-socket-journal/third_party/wamr/core/iwasm/interpreter/wasm_interp_classic.c:1153:17: warning: variable ‘dummy_sp’ set but not used [-Wunused-but-set-variable]
 1153 |         uint32 *dummy_sp;                                                   \
      |                 ^~~~~~~~
/home/osslab/mros2-wasm-service-communication-socket-journal/third_party/wamr/core/iwasm/interpreter/wasm_interp_classic.c:1189:9: note: in expansion of macro ‘DO_CHECKPOINT’
 1189 |         DO_CHECKPOINT();                                                    \
      |         ^~~~~~~~~~~~~
/home/osslab/mros2-wasm-service-communication-socket-journal/third_party/wamr/core/iwasm/interpreter/wasm_interp_classic.c:1201:9: note: in expansion of macro ‘CHECK_DUMP’
 1201 |         CHECK_DUMP()                     \
      |         ^~~~~~~~~~
/home/osslab/mros2-wasm-service-communication-socket-journal/third_party/wamr/core/iwasm/interpreter/wasm_interp_classic.c:1223:25: note: in expansion of macro ‘FETCH_OPCODE_AND_DISPATCH’
 1223 | #define HANDLE_OP_END() FETCH_OPCODE_AND_DISPATCH()
      |                         ^~~~~~~~~~~~~~~~~~~~~~~~~
/home/osslab/mros2-wasm-service-communication-socket-journal/third_party/wamr/core/iwasm/interpreter/wasm_interp_classic.c:2936:17: note: in expansion of macro ‘HANDLE_OP_END’
 2936 |                 HANDLE_OP_END();
      |                 ^~~~~~~~~~~~~
/home/osslab/mros2-wasm-service-communication-socket-journal/third_party/wamr/core/iwasm/interpreter/wasm_interp_classic.c:1106:16: warning: variable ‘arg’ set but not used [-Wunused-but-set-variable]
 1106 |         uint32 arg;                                                          \
      |                ^~~
/home/osslab/mros2-wasm-service-communication-socket-journal/third_party/wamr/core/iwasm/interpreter/wasm_interp_classic.c:1149:9: note: in expansion of macro ‘INIT_THREAD_ID_CH’
 1149 |         INIT_THREAD_ID_CH();                                                \
      |         ^~~~~~~~~~~~~~~~~
/home/osslab/mros2-wasm-service-communication-socket-journal/third_party/wamr/core/iwasm/interpreter/wasm_interp_classic.c:1189:9: note: in expansion of macro ‘DO_CHECKPOINT’
 1189 |         DO_CHECKPOINT();                                                    \
      |         ^~~~~~~~~~~~~
/home/osslab/mros2-wasm-service-communication-socket-journal/third_party/wamr/core/iwasm/interpreter/wasm_interp_classic.c:1201:9: note: in expansion of macro ‘CHECK_DUMP’
 1201 |         CHECK_DUMP()                     \
      |         ^~~~~~~~~~
/home/osslab/mros2-wasm-service-communication-socket-journal/third_party/wamr/core/iwasm/interpreter/wasm_interp_classic.c:1223:25: note: in expansion of macro ‘FETCH_OPCODE_AND_DISPATCH’
 1223 | #define HANDLE_OP_END() FETCH_OPCODE_AND_DISPATCH()
      |                         ^~~~~~~~~~~~~~~~~~~~~~~~~
/home/osslab/mros2-wasm-service-communication-socket-journal/third_party/wamr/core/iwasm/interpreter/wasm_interp_classic.c:2943:17: note: in expansion of macro ‘HANDLE_OP_END’
 2943 |                 HANDLE_OP_END();
      |                 ^~~~~~~~~~~~~
/home/osslab/mros2-wasm-service-communication-socket-journal/third_party/wamr/core/iwasm/interpreter/wasm_interp_classic.c:1153:17: warning: variable ‘dummy_sp’ set but not used [-Wunused-but-set-variable]
 1153 |         uint32 *dummy_sp;                                                   \
      |                 ^~~~~~~~
/home/osslab/mros2-wasm-service-communication-socket-journal/third_party/wamr/core/iwasm/interpreter/wasm_interp_classic.c:1189:9: note: in expansion of macro ‘DO_CHECKPOINT’
 1189 |         DO_CHECKPOINT();                                                    \
      |         ^~~~~~~~~~~~~
/home/osslab/mros2-wasm-service-communication-socket-journal/third_party/wamr/core/iwasm/interpreter/wasm_interp_classic.c:1201:9: note: in expansion of macro ‘CHECK_DUMP’
 1201 |         CHECK_DUMP()                     \
      |         ^~~~~~~~~~
/home/osslab/mros2-wasm-service-communication-socket-journal/third_party/wamr/core/iwasm/interpreter/wasm_interp_classic.c:1223:25: note: in expansion of macro ‘FETCH_OPCODE_AND_DISPATCH’
 1223 | #define HANDLE_OP_END() FETCH_OPCODE_AND_DISPATCH()
      |                         ^~~~~~~~~~~~~~~~~~~~~~~~~
/home/osslab/mros2-wasm-service-communication-socket-journal/third_party/wamr/core/iwasm/interpreter/wasm_interp_classic.c:2943:17: note: in expansion of macro ‘HANDLE_OP_END’
 2943 |                 HANDLE_OP_END();
      |                 ^~~~~~~~~~~~~
/home/osslab/mros2-wasm-service-communication-socket-journal/third_party/wamr/core/iwasm/interpreter/wasm_interp_classic.c:1106:16: warning: variable ‘arg’ set but not used [-Wunused-but-set-variable]
 1106 |         uint32 arg;                                                          \
      |                ^~~
/home/osslab/mros2-wasm-service-communication-socket-journal/third_party/wamr/core/iwasm/interpreter/wasm_interp_classic.c:1149:9: note: in expansion of macro ‘INIT_THREAD_ID_CH’
 1149 |         INIT_THREAD_ID_CH();                                                \
      |         ^~~~~~~~~~~~~~~~~
/home/osslab/mros2-wasm-service-communication-socket-journal/third_party/wamr/core/iwasm/interpreter/wasm_interp_classic.c:1189:9: note: in expansion of macro ‘DO_CHECKPOINT’
 1189 |         DO_CHECKPOINT();                                                    \
      |         ^~~~~~~~~~~~~
/home/osslab/mros2-wasm-service-communication-socket-journal/third_party/wamr/core/iwasm/interpreter/wasm_interp_classic.c:1201:9: note: in expansion of macro ‘CHECK_DUMP’
 1201 |         CHECK_DUMP()                     \
      |         ^~~~~~~~~~
/home/osslab/mros2-wasm-service-communication-socket-journal/third_party/wamr/core/iwasm/interpreter/wasm_interp_classic.c:1223:25: note: in expansion of macro ‘FETCH_OPCODE_AND_DISPATCH’
 1223 | #define HANDLE_OP_END() FETCH_OPCODE_AND_DISPATCH()
      |                         ^~~~~~~~~~~~~~~~~~~~~~~~~
/home/osslab/mros2-wasm-service-communication-socket-journal/third_party/wamr/core/iwasm/interpreter/wasm_interp_classic.c:2949:17: note: in expansion of macro ‘HANDLE_OP_END’
 2949 |                 HANDLE_OP_END();
      |                 ^~~~~~~~~~~~~
/home/osslab/mros2-wasm-service-communication-socket-journal/third_party/wamr/core/iwasm/interpreter/wasm_interp_classic.c:1153:17: warning: variable ‘dummy_sp’ set but not used [-Wunused-but-set-variable]
 1153 |         uint32 *dummy_sp;                                                   \
      |                 ^~~~~~~~
/home/osslab/mros2-wasm-service-communication-socket-journal/third_party/wamr/core/iwasm/interpreter/wasm_interp_classic.c:1189:9: note: in expansion of macro ‘DO_CHECKPOINT’
 1189 |         DO_CHECKPOINT();                                                    \
      |         ^~~~~~~~~~~~~
/home/osslab/mros2-wasm-service-communication-socket-journal/third_party/wamr/core/iwasm/interpreter/wasm_interp_classic.c:1201:9: note: in expansion of macro ‘CHECK_DUMP’
 1201 |         CHECK_DUMP()                     \
      |         ^~~~~~~~~~
/home/osslab/mros2-wasm-service-communication-socket-journal/third_party/wamr/core/iwasm/interpreter/wasm_interp_classic.c:1223:25: note: in expansion of macro ‘FETCH_OPCODE_AND_DISPATCH’
 1223 | #define HANDLE_OP_END() FETCH_OPCODE_AND_DISPATCH()
      |                         ^~~~~~~~~~~~~~~~~~~~~~~~~
/home/osslab/mros2-wasm-service-communication-socket-journal/third_party/wamr/core/iwasm/interpreter/wasm_interp_classic.c:2949:17: note: in expansion of macro ‘HANDLE_OP_END’
 2949 |                 HANDLE_OP_END();
      |                 ^~~~~~~~~~~~~
/home/osslab/mros2-wasm-service-communication-socket-journal/third_party/wamr/core/iwasm/interpreter/wasm_interp_classic.c:1106:16: warning: variable ‘arg’ set but not used [-Wunused-but-set-variable]
 1106 |         uint32 arg;                                                          \
      |                ^~~
/home/osslab/mros2-wasm-service-communication-socket-journal/third_party/wamr/core/iwasm/interpreter/wasm_interp_classic.c:1149:9: note: in expansion of macro ‘INIT_THREAD_ID_CH’
 1149 |         INIT_THREAD_ID_CH();                                                \
      |         ^~~~~~~~~~~~~~~~~
/home/osslab/mros2-wasm-service-communication-socket-journal/third_party/wamr/core/iwasm/interpreter/wasm_interp_classic.c:1189:9: note: in expansion of macro ‘DO_CHECKPOINT’
 1189 |         DO_CHECKPOINT();                                                    \
      |         ^~~~~~~~~~~~~
/home/osslab/mros2-wasm-service-communication-socket-journal/third_party/wamr/core/iwasm/interpreter/wasm_interp_classic.c:1201:9: note: in expansion of macro ‘CHECK_DUMP’
 1201 |         CHECK_DUMP()                     \
      |         ^~~~~~~~~~
/home/osslab/mros2-wasm-service-communication-socket-journal/third_party/wamr/core/iwasm/interpreter/wasm_interp_classic.c:1223:25: note: in expansion of macro ‘FETCH_OPCODE_AND_DISPATCH’
 1223 | #define HANDLE_OP_END() FETCH_OPCODE_AND_DISPATCH()
      |                         ^~~~~~~~~~~~~~~~~~~~~~~~~
/home/osslab/mros2-wasm-service-communication-socket-journal/third_party/wamr/core/iwasm/interpreter/wasm_interp_classic.c:2955:17: note: in expansion of macro ‘HANDLE_OP_END’
 2955 |                 HANDLE_OP_END();
      |                 ^~~~~~~~~~~~~
/home/osslab/mros2-wasm-service-communication-socket-journal/third_party/wamr/core/iwasm/interpreter/wasm_interp_classic.c:1153:17: warning: variable ‘dummy_sp’ set but not used [-Wunused-but-set-variable]
 1153 |         uint32 *dummy_sp;                                                   \
      |                 ^~~~~~~~
/home/osslab/mros2-wasm-service-communication-socket-journal/third_party/wamr/core/iwasm/interpreter/wasm_interp_classic.c:1189:9: note: in expansion of macro ‘DO_CHECKPOINT’
 1189 |         DO_CHECKPOINT();                                                    \
      |         ^~~~~~~~~~~~~
/home/osslab/mros2-wasm-service-communication-socket-journal/third_party/wamr/core/iwasm/interpreter/wasm_interp_classic.c:1201:9: note: in expansion of macro ‘CHECK_DUMP’
 1201 |         CHECK_DUMP()                     \
      |         ^~~~~~~~~~
/home/osslab/mros2-wasm-service-communication-socket-journal/third_party/wamr/core/iwasm/interpreter/wasm_interp_classic.c:1223:25: note: in expansion of macro ‘FETCH_OPCODE_AND_DISPATCH’
 1223 | #define HANDLE_OP_END() FETCH_OPCODE_AND_DISPATCH()
      |                         ^~~~~~~~~~~~~~~~~~~~~~~~~
/home/osslab/mros2-wasm-service-communication-socket-journal/third_party/wamr/core/iwasm/interpreter/wasm_interp_classic.c:2955:17: note: in expansion of macro ‘HANDLE_OP_END’
 2955 |                 HANDLE_OP_END();
      |                 ^~~~~~~~~~~~~
/home/osslab/mros2-wasm-service-communication-socket-journal/third_party/wamr/core/iwasm/interpreter/wasm_interp_classic.c:1106:16: warning: variable ‘arg’ set but not used [-Wunused-but-set-variable]
 1106 |         uint32 arg;                                                          \
      |                ^~~
/home/osslab/mros2-wasm-service-communication-socket-journal/third_party/wamr/core/iwasm/interpreter/wasm_interp_classic.c:1149:9: note: in expansion of macro ‘INIT_THREAD_ID_CH’
 1149 |         INIT_THREAD_ID_CH();                                                \
      |         ^~~~~~~~~~~~~~~~~
/home/osslab/mros2-wasm-service-communication-socket-journal/third_party/wamr/core/iwasm/interpreter/wasm_interp_classic.c:1189:9: note: in expansion of macro ‘DO_CHECKPOINT’
 1189 |         DO_CHECKPOINT();                                                    \
      |         ^~~~~~~~~~~~~
/home/osslab/mros2-wasm-service-communication-socket-journal/third_party/wamr/core/iwasm/interpreter/wasm_interp_classic.c:1201:9: note: in expansion of macro ‘CHECK_DUMP’
 1201 |         CHECK_DUMP()                     \
      |         ^~~~~~~~~~
/home/osslab/mros2-wasm-service-communication-socket-journal/third_party/wamr/core/iwasm/interpreter/wasm_interp_classic.c:1223:25: note: in expansion of macro ‘FETCH_OPCODE_AND_DISPATCH’
 1223 | #define HANDLE_OP_END() FETCH_OPCODE_AND_DISPATCH()
      |                         ^~~~~~~~~~~~~~~~~~~~~~~~~
/home/osslab/mros2-wasm-service-communication-socket-journal/third_party/wamr/core/iwasm/interpreter/wasm_interp_classic.c:2961:17: note: in expansion of macro ‘HANDLE_OP_END’
 2961 |                 HANDLE_OP_END();
      |                 ^~~~~~~~~~~~~
/home/osslab/mros2-wasm-service-communication-socket-journal/third_party/wamr/core/iwasm/interpreter/wasm_interp_classic.c:1153:17: warning: variable ‘dummy_sp’ set but not used [-Wunused-but-set-variable]
 1153 |         uint32 *dummy_sp;                                                   \
      |                 ^~~~~~~~
/home/osslab/mros2-wasm-service-communication-socket-journal/third_party/wamr/core/iwasm/interpreter/wasm_interp_classic.c:1189:9: note: in expansion of macro ‘DO_CHECKPOINT’
 1189 |         DO_CHECKPOINT();                                                    \
      |         ^~~~~~~~~~~~~
/home/osslab/mros2-wasm-service-communication-socket-journal/third_party/wamr/core/iwasm/interpreter/wasm_interp_classic.c:1201:9: note: in expansion of macro ‘CHECK_DUMP’
 1201 |         CHECK_DUMP()                     \
      |         ^~~~~~~~~~
/home/osslab/mros2-wasm-service-communication-socket-journal/third_party/wamr/core/iwasm/interpreter/wasm_interp_classic.c:1223:25: note: in expansion of macro ‘FETCH_OPCODE_AND_DISPATCH’
 1223 | #define HANDLE_OP_END() FETCH_OPCODE_AND_DISPATCH()
      |                         ^~~~~~~~~~~~~~~~~~~~~~~~~
/home/osslab/mros2-wasm-service-communication-socket-journal/third_party/wamr/core/iwasm/interpreter/wasm_interp_classic.c:2961:17: note: in expansion of macro ‘HANDLE_OP_END’
 2961 |                 HANDLE_OP_END();
      |                 ^~~~~~~~~~~~~
/home/osslab/mros2-wasm-service-communication-socket-journal/third_party/wamr/core/iwasm/interpreter/wasm_interp_classic.c:1106:16: warning: variable ‘arg’ set but not used [-Wunused-but-set-variable]
 1106 |         uint32 arg;                                                          \
      |                ^~~
/home/osslab/mros2-wasm-service-communication-socket-journal/third_party/wamr/core/iwasm/interpreter/wasm_interp_classic.c:1149:9: note: in expansion of macro ‘INIT_THREAD_ID_CH’
 1149 |         INIT_THREAD_ID_CH();                                                \
      |         ^~~~~~~~~~~~~~~~~
/home/osslab/mros2-wasm-service-communication-socket-journal/third_party/wamr/core/iwasm/interpreter/wasm_interp_classic.c:1189:9: note: in expansion of macro ‘DO_CHECKPOINT’
 1189 |         DO_CHECKPOINT();                                                    \
      |         ^~~~~~~~~~~~~
/home/osslab/mros2-wasm-service-communication-socket-journal/third_party/wamr/core/iwasm/interpreter/wasm_interp_classic.c:1201:9: note: in expansion of macro ‘CHECK_DUMP’
 1201 |         CHECK_DUMP()                     \
      |         ^~~~~~~~~~
/home/osslab/mros2-wasm-service-communication-socket-journal/third_party/wamr/core/iwasm/interpreter/wasm_interp_classic.c:1223:25: note: in expansion of macro ‘FETCH_OPCODE_AND_DISPATCH’
 1223 | #define HANDLE_OP_END() FETCH_OPCODE_AND_DISPATCH()
      |                         ^~~~~~~~~~~~~~~~~~~~~~~~~
/home/osslab/mros2-wasm-service-communication-socket-journal/third_party/wamr/core/iwasm/interpreter/wasm_interp_classic.c:2967:17: note: in expansion of macro ‘HANDLE_OP_END’
 2967 |                 HANDLE_OP_END();
      |                 ^~~~~~~~~~~~~
/home/osslab/mros2-wasm-service-communication-socket-journal/third_party/wamr/core/iwasm/interpreter/wasm_interp_classic.c:1153:17: warning: variable ‘dummy_sp’ set but not used [-Wunused-but-set-variable]
 1153 |         uint32 *dummy_sp;                                                   \
      |                 ^~~~~~~~
/home/osslab/mros2-wasm-service-communication-socket-journal/third_party/wamr/core/iwasm/interpreter/wasm_interp_classic.c:1189:9: note: in expansion of macro ‘DO_CHECKPOINT’
 1189 |         DO_CHECKPOINT();                                                    \
      |         ^~~~~~~~~~~~~
/home/osslab/mros2-wasm-service-communication-socket-journal/third_party/wamr/core/iwasm/interpreter/wasm_interp_classic.c:1201:9: note: in expansion of macro ‘CHECK_DUMP’
 1201 |         CHECK_DUMP()                     \
      |         ^~~~~~~~~~
/home/osslab/mros2-wasm-service-communication-socket-journal/third_party/wamr/core/iwasm/interpreter/wasm_interp_classic.c:1223:25: note: in expansion of macro ‘FETCH_OPCODE_AND_DISPATCH’
 1223 | #define HANDLE_OP_END() FETCH_OPCODE_AND_DISPATCH()
      |                         ^~~~~~~~~~~~~~~~~~~~~~~~~
/home/osslab/mros2-wasm-service-communication-socket-journal/third_party/wamr/core/iwasm/interpreter/wasm_interp_classic.c:2967:17: note: in expansion of macro ‘HANDLE_OP_END’
 2967 |                 HANDLE_OP_END();
      |                 ^~~~~~~~~~~~~
/home/osslab/mros2-wasm-service-communication-socket-journal/third_party/wamr/core/iwasm/interpreter/wasm_interp_classic.c:1106:16: warning: variable ‘arg’ set but not used [-Wunused-but-set-variable]
 1106 |         uint32 arg;                                                          \
      |                ^~~
/home/osslab/mros2-wasm-service-communication-socket-journal/third_party/wamr/core/iwasm/interpreter/wasm_interp_classic.c:1149:9: note: in expansion of macro ‘INIT_THREAD_ID_CH’
 1149 |         INIT_THREAD_ID_CH();                                                \
      |         ^~~~~~~~~~~~~~~~~
/home/osslab/mros2-wasm-service-communication-socket-journal/third_party/wamr/core/iwasm/interpreter/wasm_interp_classic.c:1189:9: note: in expansion of macro ‘DO_CHECKPOINT’
 1189 |         DO_CHECKPOINT();                                                    \
      |         ^~~~~~~~~~~~~
/home/osslab/mros2-wasm-service-communication-socket-journal/third_party/wamr/core/iwasm/interpreter/wasm_interp_classic.c:1201:9: note: in expansion of macro ‘CHECK_DUMP’
 1201 |         CHECK_DUMP()                     \
      |         ^~~~~~~~~~
/home/osslab/mros2-wasm-service-communication-socket-journal/third_party/wamr/core/iwasm/interpreter/wasm_interp_classic.c:1223:25: note: in expansion of macro ‘FETCH_OPCODE_AND_DISPATCH’
 1223 | #define HANDLE_OP_END() FETCH_OPCODE_AND_DISPATCH()
      |                         ^~~~~~~~~~~~~~~~~~~~~~~~~
/home/osslab/mros2-wasm-service-communication-socket-journal/third_party/wamr/core/iwasm/interpreter/wasm_interp_classic.c:2973:17: note: in expansion of macro ‘HANDLE_OP_END’
 2973 |                 HANDLE_OP_END();
      |                 ^~~~~~~~~~~~~
/home/osslab/mros2-wasm-service-communication-socket-journal/third_party/wamr/core/iwasm/interpreter/wasm_interp_classic.c:1153:17: warning: variable ‘dummy_sp’ set but not used [-Wunused-but-set-variable]
 1153 |         uint32 *dummy_sp;                                                   \
      |                 ^~~~~~~~
/home/osslab/mros2-wasm-service-communication-socket-journal/third_party/wamr/core/iwasm/interpreter/wasm_interp_classic.c:1189:9: note: in expansion of macro ‘DO_CHECKPOINT’
 1189 |         DO_CHECKPOINT();                                                    \
      |         ^~~~~~~~~~~~~
/home/osslab/mros2-wasm-service-communication-socket-journal/third_party/wamr/core/iwasm/interpreter/wasm_interp_classic.c:1201:9: note: in expansion of macro ‘CHECK_DUMP’
 1201 |         CHECK_DUMP()                     \
      |         ^~~~~~~~~~
/home/osslab/mros2-wasm-service-communication-socket-journal/third_party/wamr/core/iwasm/interpreter/wasm_interp_classic.c:1223:25: note: in expansion of macro ‘FETCH_OPCODE_AND_DISPATCH’
 1223 | #define HANDLE_OP_END() FETCH_OPCODE_AND_DISPATCH()
      |                         ^~~~~~~~~~~~~~~~~~~~~~~~~
/home/osslab/mros2-wasm-service-communication-socket-journal/third_party/wamr/core/iwasm/interpreter/wasm_interp_classic.c:2973:17: note: in expansion of macro ‘HANDLE_OP_END’
 2973 |                 HANDLE_OP_END();
      |                 ^~~~~~~~~~~~~
/home/osslab/mros2-wasm-service-communication-socket-journal/third_party/wamr/core/iwasm/interpreter/wasm_interp_classic.c:1106:16: warning: variable ‘arg’ set but not used [-Wunused-but-set-variable]
 1106 |         uint32 arg;                                                          \
      |                ^~~
/home/osslab/mros2-wasm-service-communication-socket-journal/third_party/wamr/core/iwasm/interpreter/wasm_interp_classic.c:1149:9: note: in expansion of macro ‘INIT_THREAD_ID_CH’
 1149 |         INIT_THREAD_ID_CH();                                                \
      |         ^~~~~~~~~~~~~~~~~
/home/osslab/mros2-wasm-service-communication-socket-journal/third_party/wamr/core/iwasm/interpreter/wasm_interp_classic.c:1189:9: note: in expansion of macro ‘DO_CHECKPOINT’
 1189 |         DO_CHECKPOINT();                                                    \
      |         ^~~~~~~~~~~~~
/home/osslab/mros2-wasm-service-communication-socket-journal/third_party/wamr/core/iwasm/interpreter/wasm_interp_classic.c:1201:9: note: in expansion of macro ‘CHECK_DUMP’
 1201 |         CHECK_DUMP()                     \
      |         ^~~~~~~~~~
/home/osslab/mros2-wasm-service-communication-socket-journal/third_party/wamr/core/iwasm/interpreter/wasm_interp_classic.c:1223:25: note: in expansion of macro ‘FETCH_OPCODE_AND_DISPATCH’
 1223 | #define HANDLE_OP_END() FETCH_OPCODE_AND_DISPATCH()
      |                         ^~~~~~~~~~~~~~~~~~~~~~~~~
/home/osslab/mros2-wasm-service-communication-socket-journal/third_party/wamr/core/iwasm/interpreter/wasm_interp_classic.c:2991:17: note: in expansion of macro ‘HANDLE_OP_END’
 2991 |                 HANDLE_OP_END();
      |                 ^~~~~~~~~~~~~
/home/osslab/mros2-wasm-service-communication-socket-journal/third_party/wamr/core/iwasm/interpreter/wasm_interp_classic.c:1153:17: warning: variable ‘dummy_sp’ set but not used [-Wunused-but-set-variable]
 1153 |         uint32 *dummy_sp;                                                   \
      |                 ^~~~~~~~
/home/osslab/mros2-wasm-service-communication-socket-journal/third_party/wamr/core/iwasm/interpreter/wasm_interp_classic.c:1189:9: note: in expansion of macro ‘DO_CHECKPOINT’
 1189 |         DO_CHECKPOINT();                                                    \
      |         ^~~~~~~~~~~~~
/home/osslab/mros2-wasm-service-communication-socket-journal/third_party/wamr/core/iwasm/interpreter/wasm_interp_classic.c:1201:9: note: in expansion of macro ‘CHECK_DUMP’
 1201 |         CHECK_DUMP()                     \
      |         ^~~~~~~~~~
/home/osslab/mros2-wasm-service-communication-socket-journal/third_party/wamr/core/iwasm/interpreter/wasm_interp_classic.c:1223:25: note: in expansion of macro ‘FETCH_OPCODE_AND_DISPATCH’
 1223 | #define HANDLE_OP_END() FETCH_OPCODE_AND_DISPATCH()
      |                         ^~~~~~~~~~~~~~~~~~~~~~~~~
/home/osslab/mros2-wasm-service-communication-socket-journal/third_party/wamr/core/iwasm/interpreter/wasm_interp_classic.c:2991:17: note: in expansion of macro ‘HANDLE_OP_END’
 2991 |                 HANDLE_OP_END();
      |                 ^~~~~~~~~~~~~
/home/osslab/mros2-wasm-service-communication-socket-journal/third_party/wamr/core/iwasm/interpreter/wasm_interp_classic.c:1106:16: warning: variable ‘arg’ set but not used [-Wunused-but-set-variable]
 1106 |         uint32 arg;                                                          \
      |                ^~~
/home/osslab/mros2-wasm-service-communication-socket-journal/third_party/wamr/core/iwasm/interpreter/wasm_interp_classic.c:1149:9: note: in expansion of macro ‘INIT_THREAD_ID_CH’
 1149 |         INIT_THREAD_ID_CH();                                                \
      |         ^~~~~~~~~~~~~~~~~
/home/osslab/mros2-wasm-service-communication-socket-journal/third_party/wamr/core/iwasm/interpreter/wasm_interp_classic.c:1189:9: note: in expansion of macro ‘DO_CHECKPOINT’
 1189 |         DO_CHECKPOINT();                                                    \
      |         ^~~~~~~~~~~~~
/home/osslab/mros2-wasm-service-communication-socket-journal/third_party/wamr/core/iwasm/interpreter/wasm_interp_classic.c:1201:9: note: in expansion of macro ‘CHECK_DUMP’
 1201 |         CHECK_DUMP()                     \
      |         ^~~~~~~~~~
/home/osslab/mros2-wasm-service-communication-socket-journal/third_party/wamr/core/iwasm/interpreter/wasm_interp_classic.c:1223:25: note: in expansion of macro ‘FETCH_OPCODE_AND_DISPATCH’
 1223 | #define HANDLE_OP_END() FETCH_OPCODE_AND_DISPATCH()
      |                         ^~~~~~~~~~~~~~~~~~~~~~~~~
/home/osslab/mros2-wasm-service-communication-socket-journal/third_party/wamr/core/iwasm/interpreter/wasm_interp_classic.c:3005:17: note: in expansion of macro ‘HANDLE_OP_END’
 3005 |                 HANDLE_OP_END();
      |                 ^~~~~~~~~~~~~
/home/osslab/mros2-wasm-service-communication-socket-journal/third_party/wamr/core/iwasm/interpreter/wasm_interp_classic.c:1153:17: warning: variable ‘dummy_sp’ set but not used [-Wunused-but-set-variable]
 1153 |         uint32 *dummy_sp;                                                   \
      |                 ^~~~~~~~
/home/osslab/mros2-wasm-service-communication-socket-journal/third_party/wamr/core/iwasm/interpreter/wasm_interp_classic.c:1189:9: note: in expansion of macro ‘DO_CHECKPOINT’
 1189 |         DO_CHECKPOINT();                                                    \
      |         ^~~~~~~~~~~~~
/home/osslab/mros2-wasm-service-communication-socket-journal/third_party/wamr/core/iwasm/interpreter/wasm_interp_classic.c:1201:9: note: in expansion of macro ‘CHECK_DUMP’
 1201 |         CHECK_DUMP()                     \
      |         ^~~~~~~~~~
/home/osslab/mros2-wasm-service-communication-socket-journal/third_party/wamr/core/iwasm/interpreter/wasm_interp_classic.c:1223:25: note: in expansion of macro ‘FETCH_OPCODE_AND_DISPATCH’
 1223 | #define HANDLE_OP_END() FETCH_OPCODE_AND_DISPATCH()
      |                         ^~~~~~~~~~~~~~~~~~~~~~~~~
/home/osslab/mros2-wasm-service-communication-socket-journal/third_party/wamr/core/iwasm/interpreter/wasm_interp_classic.c:3005:17: note: in expansion of macro ‘HANDLE_OP_END’
 3005 |                 HANDLE_OP_END();
      |                 ^~~~~~~~~~~~~
/home/osslab/mros2-wasm-service-communication-socket-journal/third_party/wamr/core/iwasm/interpreter/wasm_interp_classic.c:1106:16: warning: variable ‘arg’ set but not used [-Wunused-but-set-variable]
 1106 |         uint32 arg;                                                          \
      |                ^~~
/home/osslab/mros2-wasm-service-communication-socket-journal/third_party/wamr/core/iwasm/interpreter/wasm_interp_classic.c:1149:9: note: in expansion of macro ‘INIT_THREAD_ID_CH’
 1149 |         INIT_THREAD_ID_CH();                                                \
      |         ^~~~~~~~~~~~~~~~~
/home/osslab/mros2-wasm-service-communication-socket-journal/third_party/wamr/core/iwasm/interpreter/wasm_interp_classic.c:1189:9: note: in expansion of macro ‘DO_CHECKPOINT’
 1189 |         DO_CHECKPOINT();                                                    \
      |         ^~~~~~~~~~~~~
/home/osslab/mros2-wasm-service-communication-socket-journal/third_party/wamr/core/iwasm/interpreter/wasm_interp_classic.c:1201:9: note: in expansion of macro ‘CHECK_DUMP’
 1201 |         CHECK_DUMP()                     \
      |         ^~~~~~~~~~
/home/osslab/mros2-wasm-service-communication-socket-journal/third_party/wamr/core/iwasm/interpreter/wasm_interp_classic.c:1223:25: note: in expansion of macro ‘FETCH_OPCODE_AND_DISPATCH’
 1223 | #define HANDLE_OP_END() FETCH_OPCODE_AND_DISPATCH()
      |                         ^~~~~~~~~~~~~~~~~~~~~~~~~
/home/osslab/mros2-wasm-service-communication-socket-journal/third_party/wamr/core/iwasm/interpreter/wasm_interp_classic.c:3016:21: note: in expansion of macro ‘HANDLE_OP_END’
 3016 |                     HANDLE_OP_END();
      |                     ^~~~~~~~~~~~~
/home/osslab/mros2-wasm-service-communication-socket-journal/third_party/wamr/core/iwasm/interpreter/wasm_interp_classic.c:1153:17: warning: variable ‘dummy_sp’ set but not used [-Wunused-but-set-variable]
 1153 |         uint32 *dummy_sp;                                                   \
      |                 ^~~~~~~~
/home/osslab/mros2-wasm-service-communication-socket-journal/third_party/wamr/core/iwasm/interpreter/wasm_interp_classic.c:1189:9: note: in expansion of macro ‘DO_CHECKPOINT’
 1189 |         DO_CHECKPOINT();                                                    \
      |         ^~~~~~~~~~~~~
/home/osslab/mros2-wasm-service-communication-socket-journal/third_party/wamr/core/iwasm/interpreter/wasm_interp_classic.c:1201:9: note: in expansion of macro ‘CHECK_DUMP’
 1201 |         CHECK_DUMP()                     \
      |         ^~~~~~~~~~
/home/osslab/mros2-wasm-service-communication-socket-journal/third_party/wamr/core/iwasm/interpreter/wasm_interp_classic.c:1223:25: note: in expansion of macro ‘FETCH_OPCODE_AND_DISPATCH’
 1223 | #define HANDLE_OP_END() FETCH_OPCODE_AND_DISPATCH()
      |                         ^~~~~~~~~~~~~~~~~~~~~~~~~
/home/osslab/mros2-wasm-service-communication-socket-journal/third_party/wamr/core/iwasm/interpreter/wasm_interp_classic.c:3016:21: note: in expansion of macro ‘HANDLE_OP_END’
 3016 |                     HANDLE_OP_END();
      |                     ^~~~~~~~~~~~~
/home/osslab/mros2-wasm-service-communication-socket-journal/third_party/wamr/core/iwasm/interpreter/wasm_interp_classic.c:1106:16: warning: variable ‘arg’ set but not used [-Wunused-but-set-variable]
 1106 |         uint32 arg;                                                          \
      |                ^~~
/home/osslab/mros2-wasm-service-communication-socket-journal/third_party/wamr/core/iwasm/interpreter/wasm_interp_classic.c:1149:9: note: in expansion of macro ‘INIT_THREAD_ID_CH’
 1149 |         INIT_THREAD_ID_CH();                                                \
      |         ^~~~~~~~~~~~~~~~~
/home/osslab/mros2-wasm-service-communication-socket-journal/third_party/wamr/core/iwasm/interpreter/wasm_interp_classic.c:1189:9: note: in expansion of macro ‘DO_CHECKPOINT’
 1189 |         DO_CHECKPOINT();                                                    \
      |         ^~~~~~~~~~~~~
/home/osslab/mros2-wasm-service-communication-socket-journal/third_party/wamr/core/iwasm/interpreter/wasm_interp_classic.c:1201:9: note: in expansion of macro ‘CHECK_DUMP’
 1201 |         CHECK_DUMP()                     \
      |         ^~~~~~~~~~
/home/osslab/mros2-wasm-service-communication-socket-journal/third_party/wamr/core/iwasm/interpreter/wasm_interp_classic.c:1223:25: note: in expansion of macro ‘FETCH_OPCODE_AND_DISPATCH’
 1223 | #define HANDLE_OP_END() FETCH_OPCODE_AND_DISPATCH()
      |                         ^~~~~~~~~~~~~~~~~~~~~~~~~
/home/osslab/mros2-wasm-service-communication-socket-journal/third_party/wamr/core/iwasm/interpreter/wasm_interp_classic.c:3023:17: note: in expansion of macro ‘HANDLE_OP_END’
 3023 |                 HANDLE_OP_END();
      |                 ^~~~~~~~~~~~~
/home/osslab/mros2-wasm-service-communication-socket-journal/third_party/wamr/core/iwasm/interpreter/wasm_interp_classic.c:1153:17: warning: variable ‘dummy_sp’ set but not used [-Wunused-but-set-variable]
 1153 |         uint32 *dummy_sp;                                                   \
      |                 ^~~~~~~~
/home/osslab/mros2-wasm-service-communication-socket-journal/third_party/wamr/core/iwasm/interpreter/wasm_interp_classic.c:1189:9: note: in expansion of macro ‘DO_CHECKPOINT’
 1189 |         DO_CHECKPOINT();                                                    \
      |         ^~~~~~~~~~~~~
/home/osslab/mros2-wasm-service-communication-socket-journal/third_party/wamr/core/iwasm/interpreter/wasm_interp_classic.c:1201:9: note: in expansion of macro ‘CHECK_DUMP’
 1201 |         CHECK_DUMP()                     \
      |         ^~~~~~~~~~
/home/osslab/mros2-wasm-service-communication-socket-journal/third_party/wamr/core/iwasm/interpreter/wasm_interp_classic.c:1223:25: note: in expansion of macro ‘FETCH_OPCODE_AND_DISPATCH’
 1223 | #define HANDLE_OP_END() FETCH_OPCODE_AND_DISPATCH()
      |                         ^~~~~~~~~~~~~~~~~~~~~~~~~
/home/osslab/mros2-wasm-service-communication-socket-journal/third_party/wamr/core/iwasm/interpreter/wasm_interp_classic.c:3023:17: note: in expansion of macro ‘HANDLE_OP_END’
 3023 |                 HANDLE_OP_END();
      |                 ^~~~~~~~~~~~~
/home/osslab/mros2-wasm-service-communication-socket-journal/third_party/wamr/core/iwasm/interpreter/wasm_interp_classic.c:1106:16: warning: variable ‘arg’ set but not used [-Wunused-but-set-variable]
 1106 |         uint32 arg;                                                          \
      |                ^~~
/home/osslab/mros2-wasm-service-communication-socket-journal/third_party/wamr/core/iwasm/interpreter/wasm_interp_classic.c:1149:9: note: in expansion of macro ‘INIT_THREAD_ID_CH’
 1149 |         INIT_THREAD_ID_CH();                                                \
      |         ^~~~~~~~~~~~~~~~~
/home/osslab/mros2-wasm-service-communication-socket-journal/third_party/wamr/core/iwasm/interpreter/wasm_interp_classic.c:1189:9: note: in expansion of macro ‘DO_CHECKPOINT’
 1189 |         DO_CHECKPOINT();                                                    \
      |         ^~~~~~~~~~~~~
/home/osslab/mros2-wasm-service-communication-socket-journal/third_party/wamr/core/iwasm/interpreter/wasm_interp_classic.c:1201:9: note: in expansion of macro ‘CHECK_DUMP’
 1201 |         CHECK_DUMP()                     \
      |         ^~~~~~~~~~
/home/osslab/mros2-wasm-service-communication-socket-journal/third_party/wamr/core/iwasm/interpreter/wasm_interp_classic.c:1223:25: note: in expansion of macro ‘FETCH_OPCODE_AND_DISPATCH’
 1223 | #define HANDLE_OP_END() FETCH_OPCODE_AND_DISPATCH()
      |                         ^~~~~~~~~~~~~~~~~~~~~~~~~
/home/osslab/mros2-wasm-service-communication-socket-journal/third_party/wamr/core/iwasm/interpreter/wasm_interp_classic.c:3037:17: note: in expansion of macro ‘HANDLE_OP_END’
 3037 |                 HANDLE_OP_END();
      |                 ^~~~~~~~~~~~~
/home/osslab/mros2-wasm-service-communication-socket-journal/third_party/wamr/core/iwasm/interpreter/wasm_interp_classic.c:1153:17: warning: variable ‘dummy_sp’ set but not used [-Wunused-but-set-variable]
 1153 |         uint32 *dummy_sp;                                                   \
      |                 ^~~~~~~~
/home/osslab/mros2-wasm-service-communication-socket-journal/third_party/wamr/core/iwasm/interpreter/wasm_interp_classic.c:1189:9: note: in expansion of macro ‘DO_CHECKPOINT’
 1189 |         DO_CHECKPOINT();                                                    \
      |         ^~~~~~~~~~~~~
/home/osslab/mros2-wasm-service-communication-socket-journal/third_party/wamr/core/iwasm/interpreter/wasm_interp_classic.c:1201:9: note: in expansion of macro ‘CHECK_DUMP’
 1201 |         CHECK_DUMP()                     \
      |         ^~~~~~~~~~
/home/osslab/mros2-wasm-service-communication-socket-journal/third_party/wamr/core/iwasm/interpreter/wasm_interp_classic.c:1223:25: note: in expansion of macro ‘FETCH_OPCODE_AND_DISPATCH’
 1223 | #define HANDLE_OP_END() FETCH_OPCODE_AND_DISPATCH()
      |                         ^~~~~~~~~~~~~~~~~~~~~~~~~
/home/osslab/mros2-wasm-service-communication-socket-journal/third_party/wamr/core/iwasm/interpreter/wasm_interp_classic.c:3037:17: note: in expansion of macro ‘HANDLE_OP_END’
 3037 |                 HANDLE_OP_END();
      |                 ^~~~~~~~~~~~~
/home/osslab/mros2-wasm-service-communication-socket-journal/third_party/wamr/core/iwasm/interpreter/wasm_interp_classic.c:1106:16: warning: variable ‘arg’ set but not used [-Wunused-but-set-variable]
 1106 |         uint32 arg;                                                          \
      |                ^~~
/home/osslab/mros2-wasm-service-communication-socket-journal/third_party/wamr/core/iwasm/interpreter/wasm_interp_classic.c:1149:9: note: in expansion of macro ‘INIT_THREAD_ID_CH’
 1149 |         INIT_THREAD_ID_CH();                                                \
      |         ^~~~~~~~~~~~~~~~~
/home/osslab/mros2-wasm-service-communication-socket-journal/third_party/wamr/core/iwasm/interpreter/wasm_interp_classic.c:1189:9: note: in expansion of macro ‘DO_CHECKPOINT’
 1189 |         DO_CHECKPOINT();                                                    \
      |         ^~~~~~~~~~~~~
/home/osslab/mros2-wasm-service-communication-socket-journal/third_party/wamr/core/iwasm/interpreter/wasm_interp_classic.c:1201:9: note: in expansion of macro ‘CHECK_DUMP’
 1201 |         CHECK_DUMP()                     \
      |         ^~~~~~~~~~
/home/osslab/mros2-wasm-service-communication-socket-journal/third_party/wamr/core/iwasm/interpreter/wasm_interp_classic.c:1223:25: note: in expansion of macro ‘FETCH_OPCODE_AND_DISPATCH’
 1223 | #define HANDLE_OP_END() FETCH_OPCODE_AND_DISPATCH()
      |                         ^~~~~~~~~~~~~~~~~~~~~~~~~
/home/osslab/mros2-wasm-service-communication-socket-journal/third_party/wamr/core/iwasm/interpreter/wasm_interp_classic.c:3043:17: note: in expansion of macro ‘HANDLE_OP_END’
 3043 |                 HANDLE_OP_END();
      |                 ^~~~~~~~~~~~~
/home/osslab/mros2-wasm-service-communication-socket-journal/third_party/wamr/core/iwasm/interpreter/wasm_interp_classic.c:1153:17: warning: variable ‘dummy_sp’ set but not used [-Wunused-but-set-variable]
 1153 |         uint32 *dummy_sp;                                                   \
      |                 ^~~~~~~~
/home/osslab/mros2-wasm-service-communication-socket-journal/third_party/wamr/core/iwasm/interpreter/wasm_interp_classic.c:1189:9: note: in expansion of macro ‘DO_CHECKPOINT’
 1189 |         DO_CHECKPOINT();                                                    \
      |         ^~~~~~~~~~~~~
/home/osslab/mros2-wasm-service-communication-socket-journal/third_party/wamr/core/iwasm/interpreter/wasm_interp_classic.c:1201:9: note: in expansion of macro ‘CHECK_DUMP’
 1201 |         CHECK_DUMP()                     \
      |         ^~~~~~~~~~
/home/osslab/mros2-wasm-service-communication-socket-journal/third_party/wamr/core/iwasm/interpreter/wasm_interp_classic.c:1223:25: note: in expansion of macro ‘FETCH_OPCODE_AND_DISPATCH’
 1223 | #define HANDLE_OP_END() FETCH_OPCODE_AND_DISPATCH()
      |                         ^~~~~~~~~~~~~~~~~~~~~~~~~
/home/osslab/mros2-wasm-service-communication-socket-journal/third_party/wamr/core/iwasm/interpreter/wasm_interp_classic.c:3043:17: note: in expansion of macro ‘HANDLE_OP_END’
 3043 |                 HANDLE_OP_END();
      |                 ^~~~~~~~~~~~~
/home/osslab/mros2-wasm-service-communication-socket-journal/third_party/wamr/core/iwasm/interpreter/wasm_interp_classic.c:1106:16: warning: variable ‘arg’ set but not used [-Wunused-but-set-variable]
 1106 |         uint32 arg;                                                          \
      |                ^~~
/home/osslab/mros2-wasm-service-communication-socket-journal/third_party/wamr/core/iwasm/interpreter/wasm_interp_classic.c:1149:9: note: in expansion of macro ‘INIT_THREAD_ID_CH’
 1149 |         INIT_THREAD_ID_CH();                                                \
      |         ^~~~~~~~~~~~~~~~~
/home/osslab/mros2-wasm-service-communication-socket-journal/third_party/wamr/core/iwasm/interpreter/wasm_interp_classic.c:1189:9: note: in expansion of macro ‘DO_CHECKPOINT’
 1189 |         DO_CHECKPOINT();                                                    \
      |         ^~~~~~~~~~~~~
/home/osslab/mros2-wasm-service-communication-socket-journal/third_party/wamr/core/iwasm/interpreter/wasm_interp_classic.c:1201:9: note: in expansion of macro ‘CHECK_DUMP’
 1201 |         CHECK_DUMP()                     \
      |         ^~~~~~~~~~
/home/osslab/mros2-wasm-service-communication-socket-journal/third_party/wamr/core/iwasm/interpreter/wasm_interp_classic.c:1223:25: note: in expansion of macro ‘FETCH_OPCODE_AND_DISPATCH’
 1223 | #define HANDLE_OP_END() FETCH_OPCODE_AND_DISPATCH()
      |                         ^~~~~~~~~~~~~~~~~~~~~~~~~
/home/osslab/mros2-wasm-service-communication-socket-journal/third_party/wamr/core/iwasm/interpreter/wasm_interp_classic.c:3049:17: note: in expansion of macro ‘HANDLE_OP_END’
 3049 |                 HANDLE_OP_END();
      |                 ^~~~~~~~~~~~~
/home/osslab/mros2-wasm-service-communication-socket-journal/third_party/wamr/core/iwasm/interpreter/wasm_interp_classic.c:1153:17: warning: variable ‘dummy_sp’ set but not used [-Wunused-but-set-variable]
 1153 |         uint32 *dummy_sp;                                                   \
      |                 ^~~~~~~~
/home/osslab/mros2-wasm-service-communication-socket-journal/third_party/wamr/core/iwasm/interpreter/wasm_interp_classic.c:1189:9: note: in expansion of macro ‘DO_CHECKPOINT’
 1189 |         DO_CHECKPOINT();                                                    \
      |         ^~~~~~~~~~~~~
/home/osslab/mros2-wasm-service-communication-socket-journal/third_party/wamr/core/iwasm/interpreter/wasm_interp_classic.c:1201:9: note: in expansion of macro ‘CHECK_DUMP’
 1201 |         CHECK_DUMP()                     \
      |         ^~~~~~~~~~
/home/osslab/mros2-wasm-service-communication-socket-journal/third_party/wamr/core/iwasm/interpreter/wasm_interp_classic.c:1223:25: note: in expansion of macro ‘FETCH_OPCODE_AND_DISPATCH’
 1223 | #define HANDLE_OP_END() FETCH_OPCODE_AND_DISPATCH()
      |                         ^~~~~~~~~~~~~~~~~~~~~~~~~
/home/osslab/mros2-wasm-service-communication-socket-journal/third_party/wamr/core/iwasm/interpreter/wasm_interp_classic.c:3049:17: note: in expansion of macro ‘HANDLE_OP_END’
 3049 |                 HANDLE_OP_END();
      |                 ^~~~~~~~~~~~~
/home/osslab/mros2-wasm-service-communication-socket-journal/third_party/wamr/core/iwasm/interpreter/wasm_interp_classic.c:1106:16: warning: variable ‘arg’ set but not used [-Wunused-but-set-variable]
 1106 |         uint32 arg;                                                          \
      |                ^~~
/home/osslab/mros2-wasm-service-communication-socket-journal/third_party/wamr/core/iwasm/interpreter/wasm_interp_classic.c:1149:9: note: in expansion of macro ‘INIT_THREAD_ID_CH’
 1149 |         INIT_THREAD_ID_CH();                                                \
      |         ^~~~~~~~~~~~~~~~~
/home/osslab/mros2-wasm-service-communication-socket-journal/third_party/wamr/core/iwasm/interpreter/wasm_interp_classic.c:1189:9: note: in expansion of macro ‘DO_CHECKPOINT’
 1189 |         DO_CHECKPOINT();                                                    \
      |         ^~~~~~~~~~~~~
/home/osslab/mros2-wasm-service-communication-socket-journal/third_party/wamr/core/iwasm/interpreter/wasm_interp_classic.c:1201:9: note: in expansion of macro ‘CHECK_DUMP’
 1201 |         CHECK_DUMP()                     \
      |         ^~~~~~~~~~
/home/osslab/mros2-wasm-service-communication-socket-journal/third_party/wamr/core/iwasm/interpreter/wasm_interp_classic.c:1223:25: note: in expansion of macro ‘FETCH_OPCODE_AND_DISPATCH’
 1223 | #define HANDLE_OP_END() FETCH_OPCODE_AND_DISPATCH()
      |                         ^~~~~~~~~~~~~~~~~~~~~~~~~
/home/osslab/mros2-wasm-service-communication-socket-journal/third_party/wamr/core/iwasm/interpreter/wasm_interp_classic.c:3055:17: note: in expansion of macro ‘HANDLE_OP_END’
 3055 |                 HANDLE_OP_END();
      |                 ^~~~~~~~~~~~~
/home/osslab/mros2-wasm-service-communication-socket-journal/third_party/wamr/core/iwasm/interpreter/wasm_interp_classic.c:1153:17: warning: variable ‘dummy_sp’ set but not used [-Wunused-but-set-variable]
 1153 |         uint32 *dummy_sp;                                                   \
      |                 ^~~~~~~~
/home/osslab/mros2-wasm-service-communication-socket-journal/third_party/wamr/core/iwasm/interpreter/wasm_interp_classic.c:1189:9: note: in expansion of macro ‘DO_CHECKPOINT’
 1189 |         DO_CHECKPOINT();                                                    \
      |         ^~~~~~~~~~~~~
/home/osslab/mros2-wasm-service-communication-socket-journal/third_party/wamr/core/iwasm/interpreter/wasm_interp_classic.c:1201:9: note: in expansion of macro ‘CHECK_DUMP’
 1201 |         CHECK_DUMP()                     \
      |         ^~~~~~~~~~
/home/osslab/mros2-wasm-service-communication-socket-journal/third_party/wamr/core/iwasm/interpreter/wasm_interp_classic.c:1223:25: note: in expansion of macro ‘FETCH_OPCODE_AND_DISPATCH’
 1223 | #define HANDLE_OP_END() FETCH_OPCODE_AND_DISPATCH()
      |                         ^~~~~~~~~~~~~~~~~~~~~~~~~
/home/osslab/mros2-wasm-service-communication-socket-journal/third_party/wamr/core/iwasm/interpreter/wasm_interp_classic.c:3055:17: note: in expansion of macro ‘HANDLE_OP_END’
 3055 |                 HANDLE_OP_END();
      |                 ^~~~~~~~~~~~~
/home/osslab/mros2-wasm-service-communication-socket-journal/third_party/wamr/core/iwasm/interpreter/wasm_interp_classic.c:1106:16: warning: variable ‘arg’ set but not used [-Wunused-but-set-variable]
 1106 |         uint32 arg;                                                          \
      |                ^~~
/home/osslab/mros2-wasm-service-communication-socket-journal/third_party/wamr/core/iwasm/interpreter/wasm_interp_classic.c:1149:9: note: in expansion of macro ‘INIT_THREAD_ID_CH’
 1149 |         INIT_THREAD_ID_CH();                                                \
      |         ^~~~~~~~~~~~~~~~~
/home/osslab/mros2-wasm-service-communication-socket-journal/third_party/wamr/core/iwasm/interpreter/wasm_interp_classic.c:1189:9: note: in expansion of macro ‘DO_CHECKPOINT’
 1189 |         DO_CHECKPOINT();                                                    \
      |         ^~~~~~~~~~~~~
/home/osslab/mros2-wasm-service-communication-socket-journal/third_party/wamr/core/iwasm/interpreter/wasm_interp_classic.c:1201:9: note: in expansion of macro ‘CHECK_DUMP’
 1201 |         CHECK_DUMP()                     \
      |         ^~~~~~~~~~
/home/osslab/mros2-wasm-service-communication-socket-journal/third_party/wamr/core/iwasm/interpreter/wasm_interp_classic.c:1223:25: note: in expansion of macro ‘FETCH_OPCODE_AND_DISPATCH’
 1223 | #define HANDLE_OP_END() FETCH_OPCODE_AND_DISPATCH()
      |                         ^~~~~~~~~~~~~~~~~~~~~~~~~
/home/osslab/mros2-wasm-service-communication-socket-journal/third_party/wamr/core/iwasm/interpreter/wasm_interp_classic.c:3061:17: note: in expansion of macro ‘HANDLE_OP_END’
 3061 |                 HANDLE_OP_END();
      |                 ^~~~~~~~~~~~~
/home/osslab/mros2-wasm-service-communication-socket-journal/third_party/wamr/core/iwasm/interpreter/wasm_interp_classic.c:1153:17: warning: variable ‘dummy_sp’ set but not used [-Wunused-but-set-variable]
 1153 |         uint32 *dummy_sp;                                                   \
      |                 ^~~~~~~~
/home/osslab/mros2-wasm-service-communication-socket-journal/third_party/wamr/core/iwasm/interpreter/wasm_interp_classic.c:1189:9: note: in expansion of macro ‘DO_CHECKPOINT’
 1189 |         DO_CHECKPOINT();                                                    \
      |         ^~~~~~~~~~~~~
/home/osslab/mros2-wasm-service-communication-socket-journal/third_party/wamr/core/iwasm/interpreter/wasm_interp_classic.c:1201:9: note: in expansion of macro ‘CHECK_DUMP’
 1201 |         CHECK_DUMP()                     \
      |         ^~~~~~~~~~
/home/osslab/mros2-wasm-service-communication-socket-journal/third_party/wamr/core/iwasm/interpreter/wasm_interp_classic.c:1223:25: note: in expansion of macro ‘FETCH_OPCODE_AND_DISPATCH’
 1223 | #define HANDLE_OP_END() FETCH_OPCODE_AND_DISPATCH()
      |                         ^~~~~~~~~~~~~~~~~~~~~~~~~
/home/osslab/mros2-wasm-service-communication-socket-journal/third_party/wamr/core/iwasm/interpreter/wasm_interp_classic.c:3061:17: note: in expansion of macro ‘HANDLE_OP_END’
 3061 |                 HANDLE_OP_END();
      |                 ^~~~~~~~~~~~~
/home/osslab/mros2-wasm-service-communication-socket-journal/third_party/wamr/core/iwasm/interpreter/wasm_interp_classic.c:1106:16: warning: variable ‘arg’ set but not used [-Wunused-but-set-variable]
 1106 |         uint32 arg;                                                          \
      |                ^~~
/home/osslab/mros2-wasm-service-communication-socket-journal/third_party/wamr/core/iwasm/interpreter/wasm_interp_classic.c:1149:9: note: in expansion of macro ‘INIT_THREAD_ID_CH’
 1149 |         INIT_THREAD_ID_CH();                                                \
      |         ^~~~~~~~~~~~~~~~~
/home/osslab/mros2-wasm-service-communication-socket-journal/third_party/wamr/core/iwasm/interpreter/wasm_interp_classic.c:1189:9: note: in expansion of macro ‘DO_CHECKPOINT’
 1189 |         DO_CHECKPOINT();                                                    \
      |         ^~~~~~~~~~~~~
/home/osslab/mros2-wasm-service-communication-socket-journal/third_party/wamr/core/iwasm/interpreter/wasm_interp_classic.c:1201:9: note: in expansion of macro ‘CHECK_DUMP’
 1201 |         CHECK_DUMP()                     \
      |         ^~~~~~~~~~
/home/osslab/mros2-wasm-service-communication-socket-journal/third_party/wamr/core/iwasm/interpreter/wasm_interp_classic.c:1223:25: note: in expansion of macro ‘FETCH_OPCODE_AND_DISPATCH’
 1223 | #define HANDLE_OP_END() FETCH_OPCODE_AND_DISPATCH()
      |                         ^~~~~~~~~~~~~~~~~~~~~~~~~
/home/osslab/mros2-wasm-service-communication-socket-journal/third_party/wamr/core/iwasm/interpreter/wasm_interp_classic.c:3067:17: note: in expansion of macro ‘HANDLE_OP_END’
 3067 |                 HANDLE_OP_END();
      |                 ^~~~~~~~~~~~~
/home/osslab/mros2-wasm-service-communication-socket-journal/third_party/wamr/core/iwasm/interpreter/wasm_interp_classic.c:1153:17: warning: variable ‘dummy_sp’ set but not used [-Wunused-but-set-variable]
 1153 |         uint32 *dummy_sp;                                                   \
      |                 ^~~~~~~~
/home/osslab/mros2-wasm-service-communication-socket-journal/third_party/wamr/core/iwasm/interpreter/wasm_interp_classic.c:1189:9: note: in expansion of macro ‘DO_CHECKPOINT’
 1189 |         DO_CHECKPOINT();                                                    \
      |         ^~~~~~~~~~~~~
/home/osslab/mros2-wasm-service-communication-socket-journal/third_party/wamr/core/iwasm/interpreter/wasm_interp_classic.c:1201:9: note: in expansion of macro ‘CHECK_DUMP’
 1201 |         CHECK_DUMP()                     \
      |         ^~~~~~~~~~
/home/osslab/mros2-wasm-service-communication-socket-journal/third_party/wamr/core/iwasm/interpreter/wasm_interp_classic.c:1223:25: note: in expansion of macro ‘FETCH_OPCODE_AND_DISPATCH’
 1223 | #define HANDLE_OP_END() FETCH_OPCODE_AND_DISPATCH()
      |                         ^~~~~~~~~~~~~~~~~~~~~~~~~
/home/osslab/mros2-wasm-service-communication-socket-journal/third_party/wamr/core/iwasm/interpreter/wasm_interp_classic.c:3067:17: note: in expansion of macro ‘HANDLE_OP_END’
 3067 |                 HANDLE_OP_END();
      |                 ^~~~~~~~~~~~~
/home/osslab/mros2-wasm-service-communication-socket-journal/third_party/wamr/core/iwasm/interpreter/wasm_interp_classic.c:1106:16: warning: variable ‘arg’ set but not used [-Wunused-but-set-variable]
 1106 |         uint32 arg;                                                          \
      |                ^~~
/home/osslab/mros2-wasm-service-communication-socket-journal/third_party/wamr/core/iwasm/interpreter/wasm_interp_classic.c:1149:9: note: in expansion of macro ‘INIT_THREAD_ID_CH’
 1149 |         INIT_THREAD_ID_CH();                                                \
      |         ^~~~~~~~~~~~~~~~~
/home/osslab/mros2-wasm-service-communication-socket-journal/third_party/wamr/core/iwasm/interpreter/wasm_interp_classic.c:1189:9: note: in expansion of macro ‘DO_CHECKPOINT’
 1189 |         DO_CHECKPOINT();                                                    \
      |         ^~~~~~~~~~~~~
/home/osslab/mros2-wasm-service-communication-socket-journal/third_party/wamr/core/iwasm/interpreter/wasm_interp_classic.c:1201:9: note: in expansion of macro ‘CHECK_DUMP’
 1201 |         CHECK_DUMP()                     \
      |         ^~~~~~~~~~
/home/osslab/mros2-wasm-service-communication-socket-journal/third_party/wamr/core/iwasm/interpreter/wasm_interp_classic.c:1223:25: note: in expansion of macro ‘FETCH_OPCODE_AND_DISPATCH’
 1223 | #define HANDLE_OP_END() FETCH_OPCODE_AND_DISPATCH()
      |                         ^~~~~~~~~~~~~~~~~~~~~~~~~
/home/osslab/mros2-wasm-service-communication-socket-journal/third_party/wamr/core/iwasm/interpreter/wasm_interp_classic.c:3073:17: note: in expansion of macro ‘HANDLE_OP_END’
 3073 |                 HANDLE_OP_END();
      |                 ^~~~~~~~~~~~~
/home/osslab/mros2-wasm-service-communication-socket-journal/third_party/wamr/core/iwasm/interpreter/wasm_interp_classic.c:1153:17: warning: variable ‘dummy_sp’ set but not used [-Wunused-but-set-variable]
 1153 |         uint32 *dummy_sp;                                                   \
      |                 ^~~~~~~~
/home/osslab/mros2-wasm-service-communication-socket-journal/third_party/wamr/core/iwasm/interpreter/wasm_interp_classic.c:1189:9: note: in expansion of macro ‘DO_CHECKPOINT’
 1189 |         DO_CHECKPOINT();                                                    \
      |         ^~~~~~~~~~~~~
/home/osslab/mros2-wasm-service-communication-socket-journal/third_party/wamr/core/iwasm/interpreter/wasm_interp_classic.c:1201:9: note: in expansion of macro ‘CHECK_DUMP’
 1201 |         CHECK_DUMP()                     \
      |         ^~~~~~~~~~
/home/osslab/mros2-wasm-service-communication-socket-journal/third_party/wamr/core/iwasm/interpreter/wasm_interp_classic.c:1223:25: note: in expansion of macro ‘FETCH_OPCODE_AND_DISPATCH’
 1223 | #define HANDLE_OP_END() FETCH_OPCODE_AND_DISPATCH()
      |                         ^~~~~~~~~~~~~~~~~~~~~~~~~
/home/osslab/mros2-wasm-service-communication-socket-journal/third_party/wamr/core/iwasm/interpreter/wasm_interp_classic.c:3073:17: note: in expansion of macro ‘HANDLE_OP_END’
 3073 |                 HANDLE_OP_END();
      |                 ^~~~~~~~~~~~~
/home/osslab/mros2-wasm-service-communication-socket-journal/third_party/wamr/core/iwasm/interpreter/wasm_interp_classic.c:1106:16: warning: variable ‘arg’ set but not used [-Wunused-but-set-variable]
 1106 |         uint32 arg;                                                          \
      |                ^~~
/home/osslab/mros2-wasm-service-communication-socket-journal/third_party/wamr/core/iwasm/interpreter/wasm_interp_classic.c:1149:9: note: in expansion of macro ‘INIT_THREAD_ID_CH’
 1149 |         INIT_THREAD_ID_CH();                                                \
      |         ^~~~~~~~~~~~~~~~~
/home/osslab/mros2-wasm-service-communication-socket-journal/third_party/wamr/core/iwasm/interpreter/wasm_interp_classic.c:1189:9: note: in expansion of macro ‘DO_CHECKPOINT’
 1189 |         DO_CHECKPOINT();                                                    \
      |         ^~~~~~~~~~~~~
/home/osslab/mros2-wasm-service-communication-socket-journal/third_party/wamr/core/iwasm/interpreter/wasm_interp_classic.c:1201:9: note: in expansion of macro ‘CHECK_DUMP’
 1201 |         CHECK_DUMP()                     \
      |         ^~~~~~~~~~
/home/osslab/mros2-wasm-service-communication-socket-journal/third_party/wamr/core/iwasm/interpreter/wasm_interp_classic.c:1223:25: note: in expansion of macro ‘FETCH_OPCODE_AND_DISPATCH’
 1223 | #define HANDLE_OP_END() FETCH_OPCODE_AND_DISPATCH()
      |                         ^~~~~~~~~~~~~~~~~~~~~~~~~
/home/osslab/mros2-wasm-service-communication-socket-journal/third_party/wamr/core/iwasm/interpreter/wasm_interp_classic.c:3083:17: note: in expansion of macro ‘HANDLE_OP_END’
 3083 |                 HANDLE_OP_END();
      |                 ^~~~~~~~~~~~~
/home/osslab/mros2-wasm-service-communication-socket-journal/third_party/wamr/core/iwasm/interpreter/wasm_interp_classic.c:1153:17: warning: variable ‘dummy_sp’ set but not used [-Wunused-but-set-variable]
 1153 |         uint32 *dummy_sp;                                                   \
      |                 ^~~~~~~~
/home/osslab/mros2-wasm-service-communication-socket-journal/third_party/wamr/core/iwasm/interpreter/wasm_interp_classic.c:1189:9: note: in expansion of macro ‘DO_CHECKPOINT’
 1189 |         DO_CHECKPOINT();                                                    \
      |         ^~~~~~~~~~~~~
/home/osslab/mros2-wasm-service-communication-socket-journal/third_party/wamr/core/iwasm/interpreter/wasm_interp_classic.c:1201:9: note: in expansion of macro ‘CHECK_DUMP’
 1201 |         CHECK_DUMP()                     \
      |         ^~~~~~~~~~
/home/osslab/mros2-wasm-service-communication-socket-journal/third_party/wamr/core/iwasm/interpreter/wasm_interp_classic.c:1223:25: note: in expansion of macro ‘FETCH_OPCODE_AND_DISPATCH’
 1223 | #define HANDLE_OP_END() FETCH_OPCODE_AND_DISPATCH()
      |                         ^~~~~~~~~~~~~~~~~~~~~~~~~
/home/osslab/mros2-wasm-service-communication-socket-journal/third_party/wamr/core/iwasm/interpreter/wasm_interp_classic.c:3083:17: note: in expansion of macro ‘HANDLE_OP_END’
 3083 |                 HANDLE_OP_END();
      |                 ^~~~~~~~~~~~~
/home/osslab/mros2-wasm-service-communication-socket-journal/third_party/wamr/core/iwasm/interpreter/wasm_interp_classic.c:1106:16: warning: variable ‘arg’ set but not used [-Wunused-but-set-variable]
 1106 |         uint32 arg;                                                          \
      |                ^~~
/home/osslab/mros2-wasm-service-communication-socket-journal/third_party/wamr/core/iwasm/interpreter/wasm_interp_classic.c:1149:9: note: in expansion of macro ‘INIT_THREAD_ID_CH’
 1149 |         INIT_THREAD_ID_CH();                                                \
      |         ^~~~~~~~~~~~~~~~~
/home/osslab/mros2-wasm-service-communication-socket-journal/third_party/wamr/core/iwasm/interpreter/wasm_interp_classic.c:1189:9: note: in expansion of macro ‘DO_CHECKPOINT’
 1189 |         DO_CHECKPOINT();                                                    \
      |         ^~~~~~~~~~~~~
/home/osslab/mros2-wasm-service-communication-socket-journal/third_party/wamr/core/iwasm/interpreter/wasm_interp_classic.c:1201:9: note: in expansion of macro ‘CHECK_DUMP’
 1201 |         CHECK_DUMP()                     \
      |         ^~~~~~~~~~
/home/osslab/mros2-wasm-service-communication-socket-journal/third_party/wamr/core/iwasm/interpreter/wasm_interp_classic.c:1223:25: note: in expansion of macro ‘FETCH_OPCODE_AND_DISPATCH’
 1223 | #define HANDLE_OP_END() FETCH_OPCODE_AND_DISPATCH()
      |                         ^~~~~~~~~~~~~~~~~~~~~~~~~
/home/osslab/mros2-wasm-service-communication-socket-journal/third_party/wamr/core/iwasm/interpreter/wasm_interp_classic.c:3093:17: note: in expansion of macro ‘HANDLE_OP_END’
 3093 |                 HANDLE_OP_END();
      |                 ^~~~~~~~~~~~~
/home/osslab/mros2-wasm-service-communication-socket-journal/third_party/wamr/core/iwasm/interpreter/wasm_interp_classic.c:1153:17: warning: variable ‘dummy_sp’ set but not used [-Wunused-but-set-variable]
 1153 |         uint32 *dummy_sp;                                                   \
      |                 ^~~~~~~~
/home/osslab/mros2-wasm-service-communication-socket-journal/third_party/wamr/core/iwasm/interpreter/wasm_interp_classic.c:1189:9: note: in expansion of macro ‘DO_CHECKPOINT’
 1189 |         DO_CHECKPOINT();                                                    \
      |         ^~~~~~~~~~~~~
/home/osslab/mros2-wasm-service-communication-socket-journal/third_party/wamr/core/iwasm/interpreter/wasm_interp_classic.c:1201:9: note: in expansion of macro ‘CHECK_DUMP’
 1201 |         CHECK_DUMP()                     \
      |         ^~~~~~~~~~
/home/osslab/mros2-wasm-service-communication-socket-journal/third_party/wamr/core/iwasm/interpreter/wasm_interp_classic.c:1223:25: note: in expansion of macro ‘FETCH_OPCODE_AND_DISPATCH’
 1223 | #define HANDLE_OP_END() FETCH_OPCODE_AND_DISPATCH()
      |                         ^~~~~~~~~~~~~~~~~~~~~~~~~
/home/osslab/mros2-wasm-service-communication-socket-journal/third_party/wamr/core/iwasm/interpreter/wasm_interp_classic.c:3093:17: note: in expansion of macro ‘HANDLE_OP_END’
 3093 |                 HANDLE_OP_END();
      |                 ^~~~~~~~~~~~~
/home/osslab/mros2-wasm-service-communication-socket-journal/third_party/wamr/core/iwasm/interpreter/wasm_interp_classic.c:1106:16: warning: variable ‘arg’ set but not used [-Wunused-but-set-variable]
 1106 |         uint32 arg;                                                          \
      |                ^~~
/home/osslab/mros2-wasm-service-communication-socket-journal/third_party/wamr/core/iwasm/interpreter/wasm_interp_classic.c:1149:9: note: in expansion of macro ‘INIT_THREAD_ID_CH’
 1149 |         INIT_THREAD_ID_CH();                                                \
      |         ^~~~~~~~~~~~~~~~~
/home/osslab/mros2-wasm-service-communication-socket-journal/third_party/wamr/core/iwasm/interpreter/wasm_interp_classic.c:1189:9: note: in expansion of macro ‘DO_CHECKPOINT’
 1189 |         DO_CHECKPOINT();                                                    \
      |         ^~~~~~~~~~~~~
/home/osslab/mros2-wasm-service-communication-socket-journal/third_party/wamr/core/iwasm/interpreter/wasm_interp_classic.c:1201:9: note: in expansion of macro ‘CHECK_DUMP’
 1201 |         CHECK_DUMP()                     \
      |         ^~~~~~~~~~
/home/osslab/mros2-wasm-service-communication-socket-journal/third_party/wamr/core/iwasm/interpreter/wasm_interp_classic.c:1223:25: note: in expansion of macro ‘FETCH_OPCODE_AND_DISPATCH’
 1223 | #define HANDLE_OP_END() FETCH_OPCODE_AND_DISPATCH()
      |                         ^~~~~~~~~~~~~~~~~~~~~~~~~
/home/osslab/mros2-wasm-service-communication-socket-journal/third_party/wamr/core/iwasm/interpreter/wasm_interp_classic.c:3100:17: note: in expansion of macro ‘HANDLE_OP_END’
 3100 |                 HANDLE_OP_END();
      |                 ^~~~~~~~~~~~~
/home/osslab/mros2-wasm-service-communication-socket-journal/third_party/wamr/core/iwasm/interpreter/wasm_interp_classic.c:1153:17: warning: variable ‘dummy_sp’ set but not used [-Wunused-but-set-variable]
 1153 |         uint32 *dummy_sp;                                                   \
      |                 ^~~~~~~~
/home/osslab/mros2-wasm-service-communication-socket-journal/third_party/wamr/core/iwasm/interpreter/wasm_interp_classic.c:1189:9: note: in expansion of macro ‘DO_CHECKPOINT’
 1189 |         DO_CHECKPOINT();                                                    \
      |         ^~~~~~~~~~~~~
/home/osslab/mros2-wasm-service-communication-socket-journal/third_party/wamr/core/iwasm/interpreter/wasm_interp_classic.c:1201:9: note: in expansion of macro ‘CHECK_DUMP’
 1201 |         CHECK_DUMP()                     \
      |         ^~~~~~~~~~
/home/osslab/mros2-wasm-service-communication-socket-journal/third_party/wamr/core/iwasm/interpreter/wasm_interp_classic.c:1223:25: note: in expansion of macro ‘FETCH_OPCODE_AND_DISPATCH’
 1223 | #define HANDLE_OP_END() FETCH_OPCODE_AND_DISPATCH()
      |                         ^~~~~~~~~~~~~~~~~~~~~~~~~
/home/osslab/mros2-wasm-service-communication-socket-journal/third_party/wamr/core/iwasm/interpreter/wasm_interp_classic.c:3100:17: note: in expansion of macro ‘HANDLE_OP_END’
 3100 |                 HANDLE_OP_END();
      |                 ^~~~~~~~~~~~~
/home/osslab/mros2-wasm-service-communication-socket-journal/third_party/wamr/core/iwasm/interpreter/wasm_interp_classic.c:1106:16: warning: variable ‘arg’ set but not used [-Wunused-but-set-variable]
 1106 |         uint32 arg;                                                          \
      |                ^~~
/home/osslab/mros2-wasm-service-communication-socket-journal/third_party/wamr/core/iwasm/interpreter/wasm_interp_classic.c:1149:9: note: in expansion of macro ‘INIT_THREAD_ID_CH’
 1149 |         INIT_THREAD_ID_CH();                                                \
      |         ^~~~~~~~~~~~~~~~~
/home/osslab/mros2-wasm-service-communication-socket-journal/third_party/wamr/core/iwasm/interpreter/wasm_interp_classic.c:1189:9: note: in expansion of macro ‘DO_CHECKPOINT’
 1189 |         DO_CHECKPOINT();                                                    \
      |         ^~~~~~~~~~~~~
/home/osslab/mros2-wasm-service-communication-socket-journal/third_party/wamr/core/iwasm/interpreter/wasm_interp_classic.c:1201:9: note: in expansion of macro ‘CHECK_DUMP’
 1201 |         CHECK_DUMP()                     \
      |         ^~~~~~~~~~
/home/osslab/mros2-wasm-service-communication-socket-journal/third_party/wamr/core/iwasm/interpreter/wasm_interp_classic.c:1223:25: note: in expansion of macro ‘FETCH_OPCODE_AND_DISPATCH’
 1223 | #define HANDLE_OP_END() FETCH_OPCODE_AND_DISPATCH()
      |                         ^~~~~~~~~~~~~~~~~~~~~~~~~
/home/osslab/mros2-wasm-service-communication-socket-journal/third_party/wamr/core/iwasm/interpreter/wasm_interp_classic.c:3106:17: note: in expansion of macro ‘HANDLE_OP_END’
 3106 |                 HANDLE_OP_END();
      |                 ^~~~~~~~~~~~~
/home/osslab/mros2-wasm-service-communication-socket-journal/third_party/wamr/core/iwasm/interpreter/wasm_interp_classic.c:1153:17: warning: variable ‘dummy_sp’ set but not used [-Wunused-but-set-variable]
 1153 |         uint32 *dummy_sp;                                                   \
      |                 ^~~~~~~~
/home/osslab/mros2-wasm-service-communication-socket-journal/third_party/wamr/core/iwasm/interpreter/wasm_interp_classic.c:1189:9: note: in expansion of macro ‘DO_CHECKPOINT’
 1189 |         DO_CHECKPOINT();                                                    \
      |         ^~~~~~~~~~~~~
/home/osslab/mros2-wasm-service-communication-socket-journal/third_party/wamr/core/iwasm/interpreter/wasm_interp_classic.c:1201:9: note: in expansion of macro ‘CHECK_DUMP’
 1201 |         CHECK_DUMP()                     \
      |         ^~~~~~~~~~
/home/osslab/mros2-wasm-service-communication-socket-journal/third_party/wamr/core/iwasm/interpreter/wasm_interp_classic.c:1223:25: note: in expansion of macro ‘FETCH_OPCODE_AND_DISPATCH’
 1223 | #define HANDLE_OP_END() FETCH_OPCODE_AND_DISPATCH()
      |                         ^~~~~~~~~~~~~~~~~~~~~~~~~
/home/osslab/mros2-wasm-service-communication-socket-journal/third_party/wamr/core/iwasm/interpreter/wasm_interp_classic.c:3106:17: note: in expansion of macro ‘HANDLE_OP_END’
 3106 |                 HANDLE_OP_END();
      |                 ^~~~~~~~~~~~~
/home/osslab/mros2-wasm-service-communication-socket-journal/third_party/wamr/core/iwasm/interpreter/wasm_interp_classic.c:1106:16: warning: variable ‘arg’ set but not used [-Wunused-but-set-variable]
 1106 |         uint32 arg;                                                          \
      |                ^~~
/home/osslab/mros2-wasm-service-communication-socket-journal/third_party/wamr/core/iwasm/interpreter/wasm_interp_classic.c:1149:9: note: in expansion of macro ‘INIT_THREAD_ID_CH’
 1149 |         INIT_THREAD_ID_CH();                                                \
      |         ^~~~~~~~~~~~~~~~~
/home/osslab/mros2-wasm-service-communication-socket-journal/third_party/wamr/core/iwasm/interpreter/wasm_interp_classic.c:1189:9: note: in expansion of macro ‘DO_CHECKPOINT’
 1189 |         DO_CHECKPOINT();                                                    \
      |         ^~~~~~~~~~~~~
/home/osslab/mros2-wasm-service-communication-socket-journal/third_party/wamr/core/iwasm/interpreter/wasm_interp_classic.c:1201:9: note: in expansion of macro ‘CHECK_DUMP’
 1201 |         CHECK_DUMP()                     \
      |         ^~~~~~~~~~
/home/osslab/mros2-wasm-service-communication-socket-journal/third_party/wamr/core/iwasm/interpreter/wasm_interp_classic.c:1223:25: note: in expansion of macro ‘FETCH_OPCODE_AND_DISPATCH’
 1223 | #define HANDLE_OP_END() FETCH_OPCODE_AND_DISPATCH()
      |                         ^~~~~~~~~~~~~~~~~~~~~~~~~
/home/osslab/mros2-wasm-service-communication-socket-journal/third_party/wamr/core/iwasm/interpreter/wasm_interp_classic.c:3112:17: note: in expansion of macro ‘HANDLE_OP_END’
 3112 |                 HANDLE_OP_END();
      |                 ^~~~~~~~~~~~~
/home/osslab/mros2-wasm-service-communication-socket-journal/third_party/wamr/core/iwasm/interpreter/wasm_interp_classic.c:1153:17: warning: variable ‘dummy_sp’ set but not used [-Wunused-but-set-variable]
 1153 |         uint32 *dummy_sp;                                                   \
      |                 ^~~~~~~~
/home/osslab/mros2-wasm-service-communication-socket-journal/third_party/wamr/core/iwasm/interpreter/wasm_interp_classic.c:1189:9: note: in expansion of macro ‘DO_CHECKPOINT’
 1189 |         DO_CHECKPOINT();                                                    \
      |         ^~~~~~~~~~~~~
/home/osslab/mros2-wasm-service-communication-socket-journal/third_party/wamr/core/iwasm/interpreter/wasm_interp_classic.c:1201:9: note: in expansion of macro ‘CHECK_DUMP’
 1201 |         CHECK_DUMP()                     \
      |         ^~~~~~~~~~
/home/osslab/mros2-wasm-service-communication-socket-journal/third_party/wamr/core/iwasm/interpreter/wasm_interp_classic.c:1223:25: note: in expansion of macro ‘FETCH_OPCODE_AND_DISPATCH’
 1223 | #define HANDLE_OP_END() FETCH_OPCODE_AND_DISPATCH()
      |                         ^~~~~~~~~~~~~~~~~~~~~~~~~
/home/osslab/mros2-wasm-service-communication-socket-journal/third_party/wamr/core/iwasm/interpreter/wasm_interp_classic.c:3112:17: note: in expansion of macro ‘HANDLE_OP_END’
 3112 |                 HANDLE_OP_END();
      |                 ^~~~~~~~~~~~~
/home/osslab/mros2-wasm-service-communication-socket-journal/third_party/wamr/core/iwasm/interpreter/wasm_interp_classic.c:1106:16: warning: variable ‘arg’ set but not used [-Wunused-but-set-variable]
 1106 |         uint32 arg;                                                          \
      |                ^~~
/home/osslab/mros2-wasm-service-communication-socket-journal/third_party/wamr/core/iwasm/interpreter/wasm_interp_classic.c:1149:9: note: in expansion of macro ‘INIT_THREAD_ID_CH’
 1149 |         INIT_THREAD_ID_CH();                                                \
      |         ^~~~~~~~~~~~~~~~~
/home/osslab/mros2-wasm-service-communication-socket-journal/third_party/wamr/core/iwasm/interpreter/wasm_interp_classic.c:1189:9: note: in expansion of macro ‘DO_CHECKPOINT’
 1189 |         DO_CHECKPOINT();                                                    \
      |         ^~~~~~~~~~~~~
/home/osslab/mros2-wasm-service-communication-socket-journal/third_party/wamr/core/iwasm/interpreter/wasm_interp_classic.c:1201:9: note: in expansion of macro ‘CHECK_DUMP’
 1201 |         CHECK_DUMP()                     \
      |         ^~~~~~~~~~
/home/osslab/mros2-wasm-service-communication-socket-journal/third_party/wamr/core/iwasm/interpreter/wasm_interp_classic.c:1223:25: note: in expansion of macro ‘FETCH_OPCODE_AND_DISPATCH’
 1223 | #define HANDLE_OP_END() FETCH_OPCODE_AND_DISPATCH()
      |                         ^~~~~~~~~~~~~~~~~~~~~~~~~
/home/osslab/mros2-wasm-service-communication-socket-journal/third_party/wamr/core/iwasm/interpreter/wasm_interp_classic.c:3118:17: note: in expansion of macro ‘HANDLE_OP_END’
 3118 |                 HANDLE_OP_END();
      |                 ^~~~~~~~~~~~~
/home/osslab/mros2-wasm-service-communication-socket-journal/third_party/wamr/core/iwasm/interpreter/wasm_interp_classic.c:1153:17: warning: variable ‘dummy_sp’ set but not used [-Wunused-but-set-variable]
 1153 |         uint32 *dummy_sp;                                                   \
      |                 ^~~~~~~~
/home/osslab/mros2-wasm-service-communication-socket-journal/third_party/wamr/core/iwasm/interpreter/wasm_interp_classic.c:1189:9: note: in expansion of macro ‘DO_CHECKPOINT’
 1189 |         DO_CHECKPOINT();                                                    \
      |         ^~~~~~~~~~~~~
/home/osslab/mros2-wasm-service-communication-socket-journal/third_party/wamr/core/iwasm/interpreter/wasm_interp_classic.c:1201:9: note: in expansion of macro ‘CHECK_DUMP’
 1201 |         CHECK_DUMP()                     \
      |         ^~~~~~~~~~
/home/osslab/mros2-wasm-service-communication-socket-journal/third_party/wamr/core/iwasm/interpreter/wasm_interp_classic.c:1223:25: note: in expansion of macro ‘FETCH_OPCODE_AND_DISPATCH’
 1223 | #define HANDLE_OP_END() FETCH_OPCODE_AND_DISPATCH()
      |                         ^~~~~~~~~~~~~~~~~~~~~~~~~
/home/osslab/mros2-wasm-service-communication-socket-journal/third_party/wamr/core/iwasm/interpreter/wasm_interp_classic.c:3118:17: note: in expansion of macro ‘HANDLE_OP_END’
 3118 |                 HANDLE_OP_END();
      |                 ^~~~~~~~~~~~~
/home/osslab/mros2-wasm-service-communication-socket-journal/third_party/wamr/core/iwasm/interpreter/wasm_interp_classic.c:1106:16: warning: variable ‘arg’ set but not used [-Wunused-but-set-variable]
 1106 |         uint32 arg;                                                          \
      |                ^~~
/home/osslab/mros2-wasm-service-communication-socket-journal/third_party/wamr/core/iwasm/interpreter/wasm_interp_classic.c:1149:9: note: in expansion of macro ‘INIT_THREAD_ID_CH’
 1149 |         INIT_THREAD_ID_CH();                                                \
      |         ^~~~~~~~~~~~~~~~~
/home/osslab/mros2-wasm-service-communication-socket-journal/third_party/wamr/core/iwasm/interpreter/wasm_interp_classic.c:1189:9: note: in expansion of macro ‘DO_CHECKPOINT’
 1189 |         DO_CHECKPOINT();                                                    \
      |         ^~~~~~~~~~~~~
/home/osslab/mros2-wasm-service-communication-socket-journal/third_party/wamr/core/iwasm/interpreter/wasm_interp_classic.c:1201:9: note: in expansion of macro ‘CHECK_DUMP’
 1201 |         CHECK_DUMP()                     \
      |         ^~~~~~~~~~
/home/osslab/mros2-wasm-service-communication-socket-journal/third_party/wamr/core/iwasm/interpreter/wasm_interp_classic.c:1223:25: note: in expansion of macro ‘FETCH_OPCODE_AND_DISPATCH’
 1223 | #define HANDLE_OP_END() FETCH_OPCODE_AND_DISPATCH()
      |                         ^~~~~~~~~~~~~~~~~~~~~~~~~
/home/osslab/mros2-wasm-service-communication-socket-journal/third_party/wamr/core/iwasm/interpreter/wasm_interp_classic.c:3124:17: note: in expansion of macro ‘HANDLE_OP_END’
 3124 |                 HANDLE_OP_END();
      |                 ^~~~~~~~~~~~~
/home/osslab/mros2-wasm-service-communication-socket-journal/third_party/wamr/core/iwasm/interpreter/wasm_interp_classic.c:1153:17: warning: variable ‘dummy_sp’ set but not used [-Wunused-but-set-variable]
 1153 |         uint32 *dummy_sp;                                                   \
      |                 ^~~~~~~~
/home/osslab/mros2-wasm-service-communication-socket-journal/third_party/wamr/core/iwasm/interpreter/wasm_interp_classic.c:1189:9: note: in expansion of macro ‘DO_CHECKPOINT’
 1189 |         DO_CHECKPOINT();                                                    \
      |         ^~~~~~~~~~~~~
/home/osslab/mros2-wasm-service-communication-socket-journal/third_party/wamr/core/iwasm/interpreter/wasm_interp_classic.c:1201:9: note: in expansion of macro ‘CHECK_DUMP’
 1201 |         CHECK_DUMP()                     \
      |         ^~~~~~~~~~
/home/osslab/mros2-wasm-service-communication-socket-journal/third_party/wamr/core/iwasm/interpreter/wasm_interp_classic.c:1223:25: note: in expansion of macro ‘FETCH_OPCODE_AND_DISPATCH’
 1223 | #define HANDLE_OP_END() FETCH_OPCODE_AND_DISPATCH()
      |                         ^~~~~~~~~~~~~~~~~~~~~~~~~
/home/osslab/mros2-wasm-service-communication-socket-journal/third_party/wamr/core/iwasm/interpreter/wasm_interp_classic.c:3124:17: note: in expansion of macro ‘HANDLE_OP_END’
 3124 |                 HANDLE_OP_END();
      |                 ^~~~~~~~~~~~~
/home/osslab/mros2-wasm-service-communication-socket-journal/third_party/wamr/core/iwasm/interpreter/wasm_interp_classic.c:1106:16: warning: variable ‘arg’ set but not used [-Wunused-but-set-variable]
 1106 |         uint32 arg;                                                          \
      |                ^~~
/home/osslab/mros2-wasm-service-communication-socket-journal/third_party/wamr/core/iwasm/interpreter/wasm_interp_classic.c:1149:9: note: in expansion of macro ‘INIT_THREAD_ID_CH’
 1149 |         INIT_THREAD_ID_CH();                                                \
      |         ^~~~~~~~~~~~~~~~~
/home/osslab/mros2-wasm-service-communication-socket-journal/third_party/wamr/core/iwasm/interpreter/wasm_interp_classic.c:1189:9: note: in expansion of macro ‘DO_CHECKPOINT’
 1189 |         DO_CHECKPOINT();                                                    \
      |         ^~~~~~~~~~~~~
/home/osslab/mros2-wasm-service-communication-socket-journal/third_party/wamr/core/iwasm/interpreter/wasm_interp_classic.c:1201:9: note: in expansion of macro ‘CHECK_DUMP’
 1201 |         CHECK_DUMP()                     \
      |         ^~~~~~~~~~
/home/osslab/mros2-wasm-service-communication-socket-journal/third_party/wamr/core/iwasm/interpreter/wasm_interp_classic.c:1223:25: note: in expansion of macro ‘FETCH_OPCODE_AND_DISPATCH’
 1223 | #define HANDLE_OP_END() FETCH_OPCODE_AND_DISPATCH()
      |                         ^~~~~~~~~~~~~~~~~~~~~~~~~
/home/osslab/mros2-wasm-service-communication-socket-journal/third_party/wamr/core/iwasm/interpreter/wasm_interp_classic.c:3130:17: note: in expansion of macro ‘HANDLE_OP_END’
 3130 |                 HANDLE_OP_END();
      |                 ^~~~~~~~~~~~~
/home/osslab/mros2-wasm-service-communication-socket-journal/third_party/wamr/core/iwasm/interpreter/wasm_interp_classic.c:1153:17: warning: variable ‘dummy_sp’ set but not used [-Wunused-but-set-variable]
 1153 |         uint32 *dummy_sp;                                                   \
      |                 ^~~~~~~~
/home/osslab/mros2-wasm-service-communication-socket-journal/third_party/wamr/core/iwasm/interpreter/wasm_interp_classic.c:1189:9: note: in expansion of macro ‘DO_CHECKPOINT’
 1189 |         DO_CHECKPOINT();                                                    \
      |         ^~~~~~~~~~~~~
/home/osslab/mros2-wasm-service-communication-socket-journal/third_party/wamr/core/iwasm/interpreter/wasm_interp_classic.c:1201:9: note: in expansion of macro ‘CHECK_DUMP’
 1201 |         CHECK_DUMP()                     \
      |         ^~~~~~~~~~
/home/osslab/mros2-wasm-service-communication-socket-journal/third_party/wamr/core/iwasm/interpreter/wasm_interp_classic.c:1223:25: note: in expansion of macro ‘FETCH_OPCODE_AND_DISPATCH’
 1223 | #define HANDLE_OP_END() FETCH_OPCODE_AND_DISPATCH()
      |                         ^~~~~~~~~~~~~~~~~~~~~~~~~
/home/osslab/mros2-wasm-service-communication-socket-journal/third_party/wamr/core/iwasm/interpreter/wasm_interp_classic.c:3130:17: note: in expansion of macro ‘HANDLE_OP_END’
 3130 |                 HANDLE_OP_END();
      |                 ^~~~~~~~~~~~~
/home/osslab/mros2-wasm-service-communication-socket-journal/third_party/wamr/core/iwasm/interpreter/wasm_interp_classic.c:1106:16: warning: variable ‘arg’ set but not used [-Wunused-but-set-variable]
 1106 |         uint32 arg;                                                          \
      |                ^~~
/home/osslab/mros2-wasm-service-communication-socket-journal/third_party/wamr/core/iwasm/interpreter/wasm_interp_classic.c:1149:9: note: in expansion of macro ‘INIT_THREAD_ID_CH’
 1149 |         INIT_THREAD_ID_CH();                                                \
      |         ^~~~~~~~~~~~~~~~~
/home/osslab/mros2-wasm-service-communication-socket-journal/third_party/wamr/core/iwasm/interpreter/wasm_interp_classic.c:1189:9: note: in expansion of macro ‘DO_CHECKPOINT’
 1189 |         DO_CHECKPOINT();                                                    \
      |         ^~~~~~~~~~~~~
/home/osslab/mros2-wasm-service-communication-socket-journal/third_party/wamr/core/iwasm/interpreter/wasm_interp_classic.c:1201:9: note: in expansion of macro ‘CHECK_DUMP’
 1201 |         CHECK_DUMP()                     \
      |         ^~~~~~~~~~
/home/osslab/mros2-wasm-service-communication-socket-journal/third_party/wamr/core/iwasm/interpreter/wasm_interp_classic.c:1223:25: note: in expansion of macro ‘FETCH_OPCODE_AND_DISPATCH’
 1223 | #define HANDLE_OP_END() FETCH_OPCODE_AND_DISPATCH()
      |                         ^~~~~~~~~~~~~~~~~~~~~~~~~
/home/osslab/mros2-wasm-service-communication-socket-journal/third_party/wamr/core/iwasm/interpreter/wasm_interp_classic.c:3148:17: note: in expansion of macro ‘HANDLE_OP_END’
 3148 |                 HANDLE_OP_END();
      |                 ^~~~~~~~~~~~~
/home/osslab/mros2-wasm-service-communication-socket-journal/third_party/wamr/core/iwasm/interpreter/wasm_interp_classic.c:1153:17: warning: variable ‘dummy_sp’ set but not used [-Wunused-but-set-variable]
 1153 |         uint32 *dummy_sp;                                                   \
      |                 ^~~~~~~~
/home/osslab/mros2-wasm-service-communication-socket-journal/third_party/wamr/core/iwasm/interpreter/wasm_interp_classic.c:1189:9: note: in expansion of macro ‘DO_CHECKPOINT’
 1189 |         DO_CHECKPOINT();                                                    \
      |         ^~~~~~~~~~~~~
/home/osslab/mros2-wasm-service-communication-socket-journal/third_party/wamr/core/iwasm/interpreter/wasm_interp_classic.c:1201:9: note: in expansion of macro ‘CHECK_DUMP’
 1201 |         CHECK_DUMP()                     \
      |         ^~~~~~~~~~
/home/osslab/mros2-wasm-service-communication-socket-journal/third_party/wamr/core/iwasm/interpreter/wasm_interp_classic.c:1223:25: note: in expansion of macro ‘FETCH_OPCODE_AND_DISPATCH’
 1223 | #define HANDLE_OP_END() FETCH_OPCODE_AND_DISPATCH()
      |                         ^~~~~~~~~~~~~~~~~~~~~~~~~
/home/osslab/mros2-wasm-service-communication-socket-journal/third_party/wamr/core/iwasm/interpreter/wasm_interp_classic.c:3148:17: note: in expansion of macro ‘HANDLE_OP_END’
 3148 |                 HANDLE_OP_END();
      |                 ^~~~~~~~~~~~~
/home/osslab/mros2-wasm-service-communication-socket-journal/third_party/wamr/core/iwasm/interpreter/wasm_interp_classic.c:1106:16: warning: variable ‘arg’ set but not used [-Wunused-but-set-variable]
 1106 |         uint32 arg;                                                          \
      |                ^~~
/home/osslab/mros2-wasm-service-communication-socket-journal/third_party/wamr/core/iwasm/interpreter/wasm_interp_classic.c:1149:9: note: in expansion of macro ‘INIT_THREAD_ID_CH’
 1149 |         INIT_THREAD_ID_CH();                                                \
      |         ^~~~~~~~~~~~~~~~~
/home/osslab/mros2-wasm-service-communication-socket-journal/third_party/wamr/core/iwasm/interpreter/wasm_interp_classic.c:1189:9: note: in expansion of macro ‘DO_CHECKPOINT’
 1189 |         DO_CHECKPOINT();                                                    \
      |         ^~~~~~~~~~~~~
/home/osslab/mros2-wasm-service-communication-socket-journal/third_party/wamr/core/iwasm/interpreter/wasm_interp_classic.c:1201:9: note: in expansion of macro ‘CHECK_DUMP’
 1201 |         CHECK_DUMP()                     \
      |         ^~~~~~~~~~
/home/osslab/mros2-wasm-service-communication-socket-journal/third_party/wamr/core/iwasm/interpreter/wasm_interp_classic.c:1223:25: note: in expansion of macro ‘FETCH_OPCODE_AND_DISPATCH’
 1223 | #define HANDLE_OP_END() FETCH_OPCODE_AND_DISPATCH()
      |                         ^~~~~~~~~~~~~~~~~~~~~~~~~
/home/osslab/mros2-wasm-service-communication-socket-journal/third_party/wamr/core/iwasm/interpreter/wasm_interp_classic.c:3162:17: note: in expansion of macro ‘HANDLE_OP_END’
 3162 |                 HANDLE_OP_END();
      |                 ^~~~~~~~~~~~~
/home/osslab/mros2-wasm-service-communication-socket-journal/third_party/wamr/core/iwasm/interpreter/wasm_interp_classic.c:1153:17: warning: variable ‘dummy_sp’ set but not used [-Wunused-but-set-variable]
 1153 |         uint32 *dummy_sp;                                                   \
      |                 ^~~~~~~~
/home/osslab/mros2-wasm-service-communication-socket-journal/third_party/wamr/core/iwasm/interpreter/wasm_interp_classic.c:1189:9: note: in expansion of macro ‘DO_CHECKPOINT’
 1189 |         DO_CHECKPOINT();                                                    \
      |         ^~~~~~~~~~~~~
/home/osslab/mros2-wasm-service-communication-socket-journal/third_party/wamr/core/iwasm/interpreter/wasm_interp_classic.c:1201:9: note: in expansion of macro ‘CHECK_DUMP’
 1201 |         CHECK_DUMP()                     \
      |         ^~~~~~~~~~
/home/osslab/mros2-wasm-service-communication-socket-journal/third_party/wamr/core/iwasm/interpreter/wasm_interp_classic.c:1223:25: note: in expansion of macro ‘FETCH_OPCODE_AND_DISPATCH’
 1223 | #define HANDLE_OP_END() FETCH_OPCODE_AND_DISPATCH()
      |                         ^~~~~~~~~~~~~~~~~~~~~~~~~
/home/osslab/mros2-wasm-service-communication-socket-journal/third_party/wamr/core/iwasm/interpreter/wasm_interp_classic.c:3162:17: note: in expansion of macro ‘HANDLE_OP_END’
 3162 |                 HANDLE_OP_END();
      |                 ^~~~~~~~~~~~~
/home/osslab/mros2-wasm-service-communication-socket-journal/third_party/wamr/core/iwasm/interpreter/wasm_interp_classic.c:1106:16: warning: variable ‘arg’ set but not used [-Wunused-but-set-variable]
 1106 |         uint32 arg;                                                          \
      |                ^~~
/home/osslab/mros2-wasm-service-communication-socket-journal/third_party/wamr/core/iwasm/interpreter/wasm_interp_classic.c:1149:9: note: in expansion of macro ‘INIT_THREAD_ID_CH’
 1149 |         INIT_THREAD_ID_CH();                                                \
      |         ^~~~~~~~~~~~~~~~~
/home/osslab/mros2-wasm-service-communication-socket-journal/third_party/wamr/core/iwasm/interpreter/wasm_interp_classic.c:1189:9: note: in expansion of macro ‘DO_CHECKPOINT’
 1189 |         DO_CHECKPOINT();                                                    \
      |         ^~~~~~~~~~~~~
/home/osslab/mros2-wasm-service-communication-socket-journal/third_party/wamr/core/iwasm/interpreter/wasm_interp_classic.c:1201:9: note: in expansion of macro ‘CHECK_DUMP’
 1201 |         CHECK_DUMP()                     \
      |         ^~~~~~~~~~
/home/osslab/mros2-wasm-service-communication-socket-journal/third_party/wamr/core/iwasm/interpreter/wasm_interp_classic.c:1223:25: note: in expansion of macro ‘FETCH_OPCODE_AND_DISPATCH’
 1223 | #define HANDLE_OP_END() FETCH_OPCODE_AND_DISPATCH()
      |                         ^~~~~~~~~~~~~~~~~~~~~~~~~
/home/osslab/mros2-wasm-service-communication-socket-journal/third_party/wamr/core/iwasm/interpreter/wasm_interp_classic.c:3173:21: note: in expansion of macro ‘HANDLE_OP_END’
 3173 |                     HANDLE_OP_END();
      |                     ^~~~~~~~~~~~~
/home/osslab/mros2-wasm-service-communication-socket-journal/third_party/wamr/core/iwasm/interpreter/wasm_interp_classic.c:1153:17: warning: variable ‘dummy_sp’ set but not used [-Wunused-but-set-variable]
 1153 |         uint32 *dummy_sp;                                                   \
      |                 ^~~~~~~~
/home/osslab/mros2-wasm-service-communication-socket-journal/third_party/wamr/core/iwasm/interpreter/wasm_interp_classic.c:1189:9: note: in expansion of macro ‘DO_CHECKPOINT’
 1189 |         DO_CHECKPOINT();                                                    \
      |         ^~~~~~~~~~~~~
/home/osslab/mros2-wasm-service-communication-socket-journal/third_party/wamr/core/iwasm/interpreter/wasm_interp_classic.c:1201:9: note: in expansion of macro ‘CHECK_DUMP’
 1201 |         CHECK_DUMP()                     \
      |         ^~~~~~~~~~
/home/osslab/mros2-wasm-service-communication-socket-journal/third_party/wamr/core/iwasm/interpreter/wasm_interp_classic.c:1223:25: note: in expansion of macro ‘FETCH_OPCODE_AND_DISPATCH’
 1223 | #define HANDLE_OP_END() FETCH_OPCODE_AND_DISPATCH()
      |                         ^~~~~~~~~~~~~~~~~~~~~~~~~
/home/osslab/mros2-wasm-service-communication-socket-journal/third_party/wamr/core/iwasm/interpreter/wasm_interp_classic.c:3173:21: note: in expansion of macro ‘HANDLE_OP_END’
 3173 |                     HANDLE_OP_END();
      |                     ^~~~~~~~~~~~~
/home/osslab/mros2-wasm-service-communication-socket-journal/third_party/wamr/core/iwasm/interpreter/wasm_interp_classic.c:1106:16: warning: variable ‘arg’ set but not used [-Wunused-but-set-variable]
 1106 |         uint32 arg;                                                          \
      |                ^~~
/home/osslab/mros2-wasm-service-communication-socket-journal/third_party/wamr/core/iwasm/interpreter/wasm_interp_classic.c:1149:9: note: in expansion of macro ‘INIT_THREAD_ID_CH’
 1149 |         INIT_THREAD_ID_CH();                                                \
      |         ^~~~~~~~~~~~~~~~~
/home/osslab/mros2-wasm-service-communication-socket-journal/third_party/wamr/core/iwasm/interpreter/wasm_interp_classic.c:1189:9: note: in expansion of macro ‘DO_CHECKPOINT’
 1189 |         DO_CHECKPOINT();                                                    \
      |         ^~~~~~~~~~~~~
/home/osslab/mros2-wasm-service-communication-socket-journal/third_party/wamr/core/iwasm/interpreter/wasm_interp_classic.c:1201:9: note: in expansion of macro ‘CHECK_DUMP’
 1201 |         CHECK_DUMP()                     \
      |         ^~~~~~~~~~
/home/osslab/mros2-wasm-service-communication-socket-journal/third_party/wamr/core/iwasm/interpreter/wasm_interp_classic.c:1223:25: note: in expansion of macro ‘FETCH_OPCODE_AND_DISPATCH’
 1223 | #define HANDLE_OP_END() FETCH_OPCODE_AND_DISPATCH()
      |                         ^~~~~~~~~~~~~~~~~~~~~~~~~
/home/osslab/mros2-wasm-service-communication-socket-journal/third_party/wamr/core/iwasm/interpreter/wasm_interp_classic.c:3180:17: note: in expansion of macro ‘HANDLE_OP_END’
 3180 |                 HANDLE_OP_END();
      |                 ^~~~~~~~~~~~~
/home/osslab/mros2-wasm-service-communication-socket-journal/third_party/wamr/core/iwasm/interpreter/wasm_interp_classic.c:1153:17: warning: variable ‘dummy_sp’ set but not used [-Wunused-but-set-variable]
 1153 |         uint32 *dummy_sp;                                                   \
      |                 ^~~~~~~~
/home/osslab/mros2-wasm-service-communication-socket-journal/third_party/wamr/core/iwasm/interpreter/wasm_interp_classic.c:1189:9: note: in expansion of macro ‘DO_CHECKPOINT’
 1189 |         DO_CHECKPOINT();                                                    \
      |         ^~~~~~~~~~~~~
/home/osslab/mros2-wasm-service-communication-socket-journal/third_party/wamr/core/iwasm/interpreter/wasm_interp_classic.c:1201:9: note: in expansion of macro ‘CHECK_DUMP’
 1201 |         CHECK_DUMP()                     \
      |         ^~~~~~~~~~
/home/osslab/mros2-wasm-service-communication-socket-journal/third_party/wamr/core/iwasm/interpreter/wasm_interp_classic.c:1223:25: note: in expansion of macro ‘FETCH_OPCODE_AND_DISPATCH’
 1223 | #define HANDLE_OP_END() FETCH_OPCODE_AND_DISPATCH()
      |                         ^~~~~~~~~~~~~~~~~~~~~~~~~
/home/osslab/mros2-wasm-service-communication-socket-journal/third_party/wamr/core/iwasm/interpreter/wasm_interp_classic.c:3180:17: note: in expansion of macro ‘HANDLE_OP_END’
 3180 |                 HANDLE_OP_END();
      |                 ^~~~~~~~~~~~~
/home/osslab/mros2-wasm-service-communication-socket-journal/third_party/wamr/core/iwasm/interpreter/wasm_interp_classic.c:1106:16: warning: variable ‘arg’ set but not used [-Wunused-but-set-variable]
 1106 |         uint32 arg;                                                          \
      |                ^~~
/home/osslab/mros2-wasm-service-communication-socket-journal/third_party/wamr/core/iwasm/interpreter/wasm_interp_classic.c:1149:9: note: in expansion of macro ‘INIT_THREAD_ID_CH’
 1149 |         INIT_THREAD_ID_CH();                                                \
      |         ^~~~~~~~~~~~~~~~~
/home/osslab/mros2-wasm-service-communication-socket-journal/third_party/wamr/core/iwasm/interpreter/wasm_interp_classic.c:1189:9: note: in expansion of macro ‘DO_CHECKPOINT’
 1189 |         DO_CHECKPOINT();                                                    \
      |         ^~~~~~~~~~~~~
/home/osslab/mros2-wasm-service-communication-socket-journal/third_party/wamr/core/iwasm/interpreter/wasm_interp_classic.c:1201:9: note: in expansion of macro ‘CHECK_DUMP’
 1201 |         CHECK_DUMP()                     \
      |         ^~~~~~~~~~
/home/osslab/mros2-wasm-service-communication-socket-journal/third_party/wamr/core/iwasm/interpreter/wasm_interp_classic.c:1223:25: note: in expansion of macro ‘FETCH_OPCODE_AND_DISPATCH’
 1223 | #define HANDLE_OP_END() FETCH_OPCODE_AND_DISPATCH()
      |                         ^~~~~~~~~~~~~~~~~~~~~~~~~
/home/osslab/mros2-wasm-service-communication-socket-journal/third_party/wamr/core/iwasm/interpreter/wasm_interp_classic.c:3194:17: note: in expansion of macro ‘HANDLE_OP_END’
 3194 |                 HANDLE_OP_END();
      |                 ^~~~~~~~~~~~~
/home/osslab/mros2-wasm-service-communication-socket-journal/third_party/wamr/core/iwasm/interpreter/wasm_interp_classic.c:1153:17: warning: variable ‘dummy_sp’ set but not used [-Wunused-but-set-variable]
 1153 |         uint32 *dummy_sp;                                                   \
      |                 ^~~~~~~~
/home/osslab/mros2-wasm-service-communication-socket-journal/third_party/wamr/core/iwasm/interpreter/wasm_interp_classic.c:1189:9: note: in expansion of macro ‘DO_CHECKPOINT’
 1189 |         DO_CHECKPOINT();                                                    \
      |         ^~~~~~~~~~~~~
/home/osslab/mros2-wasm-service-communication-socket-journal/third_party/wamr/core/iwasm/interpreter/wasm_interp_classic.c:1201:9: note: in expansion of macro ‘CHECK_DUMP’
 1201 |         CHECK_DUMP()                     \
      |         ^~~~~~~~~~
/home/osslab/mros2-wasm-service-communication-socket-journal/third_party/wamr/core/iwasm/interpreter/wasm_interp_classic.c:1223:25: note: in expansion of macro ‘FETCH_OPCODE_AND_DISPATCH’
 1223 | #define HANDLE_OP_END() FETCH_OPCODE_AND_DISPATCH()
      |                         ^~~~~~~~~~~~~~~~~~~~~~~~~
/home/osslab/mros2-wasm-service-communication-socket-journal/third_party/wamr/core/iwasm/interpreter/wasm_interp_classic.c:3194:17: note: in expansion of macro ‘HANDLE_OP_END’
 3194 |                 HANDLE_OP_END();
      |                 ^~~~~~~~~~~~~
/home/osslab/mros2-wasm-service-communication-socket-journal/third_party/wamr/core/iwasm/interpreter/wasm_interp_classic.c:1106:16: warning: variable ‘arg’ set but not used [-Wunused-but-set-variable]
 1106 |         uint32 arg;                                                          \
      |                ^~~
/home/osslab/mros2-wasm-service-communication-socket-journal/third_party/wamr/core/iwasm/interpreter/wasm_interp_classic.c:1149:9: note: in expansion of macro ‘INIT_THREAD_ID_CH’
 1149 |         INIT_THREAD_ID_CH();                                                \
      |         ^~~~~~~~~~~~~~~~~
/home/osslab/mros2-wasm-service-communication-socket-journal/third_party/wamr/core/iwasm/interpreter/wasm_interp_classic.c:1189:9: note: in expansion of macro ‘DO_CHECKPOINT’
 1189 |         DO_CHECKPOINT();                                                    \
      |         ^~~~~~~~~~~~~
/home/osslab/mros2-wasm-service-communication-socket-journal/third_party/wamr/core/iwasm/interpreter/wasm_interp_classic.c:1201:9: note: in expansion of macro ‘CHECK_DUMP’
 1201 |         CHECK_DUMP()                     \
      |         ^~~~~~~~~~
/home/osslab/mros2-wasm-service-communication-socket-journal/third_party/wamr/core/iwasm/interpreter/wasm_interp_classic.c:1223:25: note: in expansion of macro ‘FETCH_OPCODE_AND_DISPATCH’
 1223 | #define HANDLE_OP_END() FETCH_OPCODE_AND_DISPATCH()
      |                         ^~~~~~~~~~~~~~~~~~~~~~~~~
/home/osslab/mros2-wasm-service-communication-socket-journal/third_party/wamr/core/iwasm/interpreter/wasm_interp_classic.c:3200:17: note: in expansion of macro ‘HANDLE_OP_END’
 3200 |                 HANDLE_OP_END();
      |                 ^~~~~~~~~~~~~
/home/osslab/mros2-wasm-service-communication-socket-journal/third_party/wamr/core/iwasm/interpreter/wasm_interp_classic.c:1153:17: warning: variable ‘dummy_sp’ set but not used [-Wunused-but-set-variable]
 1153 |         uint32 *dummy_sp;                                                   \
      |                 ^~~~~~~~
/home/osslab/mros2-wasm-service-communication-socket-journal/third_party/wamr/core/iwasm/interpreter/wasm_interp_classic.c:1189:9: note: in expansion of macro ‘DO_CHECKPOINT’
 1189 |         DO_CHECKPOINT();                                                    \
      |         ^~~~~~~~~~~~~
/home/osslab/mros2-wasm-service-communication-socket-journal/third_party/wamr/core/iwasm/interpreter/wasm_interp_classic.c:1201:9: note: in expansion of macro ‘CHECK_DUMP’
 1201 |         CHECK_DUMP()                     \
      |         ^~~~~~~~~~
/home/osslab/mros2-wasm-service-communication-socket-journal/third_party/wamr/core/iwasm/interpreter/wasm_interp_classic.c:1223:25: note: in expansion of macro ‘FETCH_OPCODE_AND_DISPATCH’
 1223 | #define HANDLE_OP_END() FETCH_OPCODE_AND_DISPATCH()
      |                         ^~~~~~~~~~~~~~~~~~~~~~~~~
/home/osslab/mros2-wasm-service-communication-socket-journal/third_party/wamr/core/iwasm/interpreter/wasm_interp_classic.c:3200:17: note: in expansion of macro ‘HANDLE_OP_END’
 3200 |                 HANDLE_OP_END();
      |                 ^~~~~~~~~~~~~
/home/osslab/mros2-wasm-service-communication-socket-journal/third_party/wamr/core/iwasm/interpreter/wasm_interp_classic.c:1106:16: warning: variable ‘arg’ set but not used [-Wunused-but-set-variable]
 1106 |         uint32 arg;                                                          \
      |                ^~~
/home/osslab/mros2-wasm-service-communication-socket-journal/third_party/wamr/core/iwasm/interpreter/wasm_interp_classic.c:1149:9: note: in expansion of macro ‘INIT_THREAD_ID_CH’
 1149 |         INIT_THREAD_ID_CH();                                                \
      |         ^~~~~~~~~~~~~~~~~
/home/osslab/mros2-wasm-service-communication-socket-journal/third_party/wamr/core/iwasm/interpreter/wasm_interp_classic.c:1189:9: note: in expansion of macro ‘DO_CHECKPOINT’
 1189 |         DO_CHECKPOINT();                                                    \
      |         ^~~~~~~~~~~~~
/home/osslab/mros2-wasm-service-communication-socket-journal/third_party/wamr/core/iwasm/interpreter/wasm_interp_classic.c:1201:9: note: in expansion of macro ‘CHECK_DUMP’
 1201 |         CHECK_DUMP()                     \
      |         ^~~~~~~~~~
/home/osslab/mros2-wasm-service-communication-socket-journal/third_party/wamr/core/iwasm/interpreter/wasm_interp_classic.c:1223:25: note: in expansion of macro ‘FETCH_OPCODE_AND_DISPATCH’
 1223 | #define HANDLE_OP_END() FETCH_OPCODE_AND_DISPATCH()
      |                         ^~~~~~~~~~~~~~~~~~~~~~~~~
/home/osslab/mros2-wasm-service-communication-socket-journal/third_party/wamr/core/iwasm/interpreter/wasm_interp_classic.c:3206:17: note: in expansion of macro ‘HANDLE_OP_END’
 3206 |                 HANDLE_OP_END();
      |                 ^~~~~~~~~~~~~
/home/osslab/mros2-wasm-service-communication-socket-journal/third_party/wamr/core/iwasm/interpreter/wasm_interp_classic.c:1153:17: warning: variable ‘dummy_sp’ set but not used [-Wunused-but-set-variable]
 1153 |         uint32 *dummy_sp;                                                   \
      |                 ^~~~~~~~
/home/osslab/mros2-wasm-service-communication-socket-journal/third_party/wamr/core/iwasm/interpreter/wasm_interp_classic.c:1189:9: note: in expansion of macro ‘DO_CHECKPOINT’
 1189 |         DO_CHECKPOINT();                                                    \
      |         ^~~~~~~~~~~~~
/home/osslab/mros2-wasm-service-communication-socket-journal/third_party/wamr/core/iwasm/interpreter/wasm_interp_classic.c:1201:9: note: in expansion of macro ‘CHECK_DUMP’
 1201 |         CHECK_DUMP()                     \
      |         ^~~~~~~~~~
/home/osslab/mros2-wasm-service-communication-socket-journal/third_party/wamr/core/iwasm/interpreter/wasm_interp_classic.c:1223:25: note: in expansion of macro ‘FETCH_OPCODE_AND_DISPATCH’
 1223 | #define HANDLE_OP_END() FETCH_OPCODE_AND_DISPATCH()
      |                         ^~~~~~~~~~~~~~~~~~~~~~~~~
/home/osslab/mros2-wasm-service-communication-socket-journal/third_party/wamr/core/iwasm/interpreter/wasm_interp_classic.c:3206:17: note: in expansion of macro ‘HANDLE_OP_END’
 3206 |                 HANDLE_OP_END();
      |                 ^~~~~~~~~~~~~
/home/osslab/mros2-wasm-service-communication-socket-journal/third_party/wamr/core/iwasm/interpreter/wasm_interp_classic.c:1106:16: warning: variable ‘arg’ set but not used [-Wunused-but-set-variable]
 1106 |         uint32 arg;                                                          \
      |                ^~~
/home/osslab/mros2-wasm-service-communication-socket-journal/third_party/wamr/core/iwasm/interpreter/wasm_interp_classic.c:1149:9: note: in expansion of macro ‘INIT_THREAD_ID_CH’
 1149 |         INIT_THREAD_ID_CH();                                                \
      |         ^~~~~~~~~~~~~~~~~
/home/osslab/mros2-wasm-service-communication-socket-journal/third_party/wamr/core/iwasm/interpreter/wasm_interp_classic.c:1189:9: note: in expansion of macro ‘DO_CHECKPOINT’
 1189 |         DO_CHECKPOINT();                                                    \
      |         ^~~~~~~~~~~~~
/home/osslab/mros2-wasm-service-communication-socket-journal/third_party/wamr/core/iwasm/interpreter/wasm_interp_classic.c:1201:9: note: in expansion of macro ‘CHECK_DUMP’
 1201 |         CHECK_DUMP()                     \
      |         ^~~~~~~~~~
/home/osslab/mros2-wasm-service-communication-socket-journal/third_party/wamr/core/iwasm/interpreter/wasm_interp_classic.c:1223:25: note: in expansion of macro ‘FETCH_OPCODE_AND_DISPATCH’
 1223 | #define HANDLE_OP_END() FETCH_OPCODE_AND_DISPATCH()
      |                         ^~~~~~~~~~~~~~~~~~~~~~~~~
/home/osslab/mros2-wasm-service-communication-socket-journal/third_party/wamr/core/iwasm/interpreter/wasm_interp_classic.c:3212:17: note: in expansion of macro ‘HANDLE_OP_END’
 3212 |                 HANDLE_OP_END();
      |                 ^~~~~~~~~~~~~
/home/osslab/mros2-wasm-service-communication-socket-journal/third_party/wamr/core/iwasm/interpreter/wasm_interp_classic.c:1153:17: warning: variable ‘dummy_sp’ set but not used [-Wunused-but-set-variable]
 1153 |         uint32 *dummy_sp;                                                   \
      |                 ^~~~~~~~
/home/osslab/mros2-wasm-service-communication-socket-journal/third_party/wamr/core/iwasm/interpreter/wasm_interp_classic.c:1189:9: note: in expansion of macro ‘DO_CHECKPOINT’
 1189 |         DO_CHECKPOINT();                                                    \
      |         ^~~~~~~~~~~~~
/home/osslab/mros2-wasm-service-communication-socket-journal/third_party/wamr/core/iwasm/interpreter/wasm_interp_classic.c:1201:9: note: in expansion of macro ‘CHECK_DUMP’
 1201 |         CHECK_DUMP()                     \
      |         ^~~~~~~~~~
/home/osslab/mros2-wasm-service-communication-socket-journal/third_party/wamr/core/iwasm/interpreter/wasm_interp_classic.c:1223:25: note: in expansion of macro ‘FETCH_OPCODE_AND_DISPATCH’
 1223 | #define HANDLE_OP_END() FETCH_OPCODE_AND_DISPATCH()
      |                         ^~~~~~~~~~~~~~~~~~~~~~~~~
/home/osslab/mros2-wasm-service-communication-socket-journal/third_party/wamr/core/iwasm/interpreter/wasm_interp_classic.c:3212:17: note: in expansion of macro ‘HANDLE_OP_END’
 3212 |                 HANDLE_OP_END();
      |                 ^~~~~~~~~~~~~
/home/osslab/mros2-wasm-service-communication-socket-journal/third_party/wamr/core/iwasm/interpreter/wasm_interp_classic.c:1106:16: warning: variable ‘arg’ set but not used [-Wunused-but-set-variable]
 1106 |         uint32 arg;                                                          \
      |                ^~~
/home/osslab/mros2-wasm-service-communication-socket-journal/third_party/wamr/core/iwasm/interpreter/wasm_interp_classic.c:1149:9: note: in expansion of macro ‘INIT_THREAD_ID_CH’
 1149 |         INIT_THREAD_ID_CH();                                                \
      |         ^~~~~~~~~~~~~~~~~
/home/osslab/mros2-wasm-service-communication-socket-journal/third_party/wamr/core/iwasm/interpreter/wasm_interp_classic.c:1189:9: note: in expansion of macro ‘DO_CHECKPOINT’
 1189 |         DO_CHECKPOINT();                                                    \
      |         ^~~~~~~~~~~~~
/home/osslab/mros2-wasm-service-communication-socket-journal/third_party/wamr/core/iwasm/interpreter/wasm_interp_classic.c:1201:9: note: in expansion of macro ‘CHECK_DUMP’
 1201 |         CHECK_DUMP()                     \
      |         ^~~~~~~~~~
/home/osslab/mros2-wasm-service-communication-socket-journal/third_party/wamr/core/iwasm/interpreter/wasm_interp_classic.c:1223:25: note: in expansion of macro ‘FETCH_OPCODE_AND_DISPATCH’
 1223 | #define HANDLE_OP_END() FETCH_OPCODE_AND_DISPATCH()
      |                         ^~~~~~~~~~~~~~~~~~~~~~~~~
/home/osslab/mros2-wasm-service-communication-socket-journal/third_party/wamr/core/iwasm/interpreter/wasm_interp_classic.c:3218:17: note: in expansion of macro ‘HANDLE_OP_END’
 3218 |                 HANDLE_OP_END();
      |                 ^~~~~~~~~~~~~
/home/osslab/mros2-wasm-service-communication-socket-journal/third_party/wamr/core/iwasm/interpreter/wasm_interp_classic.c:1153:17: warning: variable ‘dummy_sp’ set but not used [-Wunused-but-set-variable]
 1153 |         uint32 *dummy_sp;                                                   \
      |                 ^~~~~~~~
/home/osslab/mros2-wasm-service-communication-socket-journal/third_party/wamr/core/iwasm/interpreter/wasm_interp_classic.c:1189:9: note: in expansion of macro ‘DO_CHECKPOINT’
 1189 |         DO_CHECKPOINT();                                                    \
      |         ^~~~~~~~~~~~~
/home/osslab/mros2-wasm-service-communication-socket-journal/third_party/wamr/core/iwasm/interpreter/wasm_interp_classic.c:1201:9: note: in expansion of macro ‘CHECK_DUMP’
 1201 |         CHECK_DUMP()                     \
      |         ^~~~~~~~~~
/home/osslab/mros2-wasm-service-communication-socket-journal/third_party/wamr/core/iwasm/interpreter/wasm_interp_classic.c:1223:25: note: in expansion of macro ‘FETCH_OPCODE_AND_DISPATCH’
 1223 | #define HANDLE_OP_END() FETCH_OPCODE_AND_DISPATCH()
      |                         ^~~~~~~~~~~~~~~~~~~~~~~~~
/home/osslab/mros2-wasm-service-communication-socket-journal/third_party/wamr/core/iwasm/interpreter/wasm_interp_classic.c:3218:17: note: in expansion of macro ‘HANDLE_OP_END’
 3218 |                 HANDLE_OP_END();
      |                 ^~~~~~~~~~~~~
/home/osslab/mros2-wasm-service-communication-socket-journal/third_party/wamr/core/iwasm/interpreter/wasm_interp_classic.c:1106:16: warning: variable ‘arg’ set but not used [-Wunused-but-set-variable]
 1106 |         uint32 arg;                                                          \
      |                ^~~
/home/osslab/mros2-wasm-service-communication-socket-journal/third_party/wamr/core/iwasm/interpreter/wasm_interp_classic.c:1149:9: note: in expansion of macro ‘INIT_THREAD_ID_CH’
 1149 |         INIT_THREAD_ID_CH();                                                \
      |         ^~~~~~~~~~~~~~~~~
/home/osslab/mros2-wasm-service-communication-socket-journal/third_party/wamr/core/iwasm/interpreter/wasm_interp_classic.c:1189:9: note: in expansion of macro ‘DO_CHECKPOINT’
 1189 |         DO_CHECKPOINT();                                                    \
      |         ^~~~~~~~~~~~~
/home/osslab/mros2-wasm-service-communication-socket-journal/third_party/wamr/core/iwasm/interpreter/wasm_interp_classic.c:1201:9: note: in expansion of macro ‘CHECK_DUMP’
 1201 |         CHECK_DUMP()                     \
      |         ^~~~~~~~~~
/home/osslab/mros2-wasm-service-communication-socket-journal/third_party/wamr/core/iwasm/interpreter/wasm_interp_classic.c:1223:25: note: in expansion of macro ‘FETCH_OPCODE_AND_DISPATCH’
 1223 | #define HANDLE_OP_END() FETCH_OPCODE_AND_DISPATCH()
      |                         ^~~~~~~~~~~~~~~~~~~~~~~~~
/home/osslab/mros2-wasm-service-communication-socket-journal/third_party/wamr/core/iwasm/interpreter/wasm_interp_classic.c:3224:17: note: in expansion of macro ‘HANDLE_OP_END’
 3224 |                 HANDLE_OP_END();
      |                 ^~~~~~~~~~~~~
/home/osslab/mros2-wasm-service-communication-socket-journal/third_party/wamr/core/iwasm/interpreter/wasm_interp_classic.c:1153:17: warning: variable ‘dummy_sp’ set but not used [-Wunused-but-set-variable]
 1153 |         uint32 *dummy_sp;                                                   \
      |                 ^~~~~~~~
/home/osslab/mros2-wasm-service-communication-socket-journal/third_party/wamr/core/iwasm/interpreter/wasm_interp_classic.c:1189:9: note: in expansion of macro ‘DO_CHECKPOINT’
 1189 |         DO_CHECKPOINT();                                                    \
      |         ^~~~~~~~~~~~~
/home/osslab/mros2-wasm-service-communication-socket-journal/third_party/wamr/core/iwasm/interpreter/wasm_interp_classic.c:1201:9: note: in expansion of macro ‘CHECK_DUMP’
 1201 |         CHECK_DUMP()                     \
      |         ^~~~~~~~~~
/home/osslab/mros2-wasm-service-communication-socket-journal/third_party/wamr/core/iwasm/interpreter/wasm_interp_classic.c:1223:25: note: in expansion of macro ‘FETCH_OPCODE_AND_DISPATCH’
 1223 | #define HANDLE_OP_END() FETCH_OPCODE_AND_DISPATCH()
      |                         ^~~~~~~~~~~~~~~~~~~~~~~~~
/home/osslab/mros2-wasm-service-communication-socket-journal/third_party/wamr/core/iwasm/interpreter/wasm_interp_classic.c:3224:17: note: in expansion of macro ‘HANDLE_OP_END’
 3224 |                 HANDLE_OP_END();
      |                 ^~~~~~~~~~~~~
/home/osslab/mros2-wasm-service-communication-socket-journal/third_party/wamr/core/iwasm/interpreter/wasm_interp_classic.c:1106:16: warning: variable ‘arg’ set but not used [-Wunused-but-set-variable]
 1106 |         uint32 arg;                                                          \
      |                ^~~
/home/osslab/mros2-wasm-service-communication-socket-journal/third_party/wamr/core/iwasm/interpreter/wasm_interp_classic.c:1149:9: note: in expansion of macro ‘INIT_THREAD_ID_CH’
 1149 |         INIT_THREAD_ID_CH();                                                \
      |         ^~~~~~~~~~~~~~~~~
/home/osslab/mros2-wasm-service-communication-socket-journal/third_party/wamr/core/iwasm/interpreter/wasm_interp_classic.c:1189:9: note: in expansion of macro ‘DO_CHECKPOINT’
 1189 |         DO_CHECKPOINT();                                                    \
      |         ^~~~~~~~~~~~~
/home/osslab/mros2-wasm-service-communication-socket-journal/third_party/wamr/core/iwasm/interpreter/wasm_interp_classic.c:1201:9: note: in expansion of macro ‘CHECK_DUMP’
 1201 |         CHECK_DUMP()                     \
      |         ^~~~~~~~~~
/home/osslab/mros2-wasm-service-communication-socket-journal/third_party/wamr/core/iwasm/interpreter/wasm_interp_classic.c:1223:25: note: in expansion of macro ‘FETCH_OPCODE_AND_DISPATCH’
 1223 | #define HANDLE_OP_END() FETCH_OPCODE_AND_DISPATCH()
      |                         ^~~~~~~~~~~~~~~~~~~~~~~~~
/home/osslab/mros2-wasm-service-communication-socket-journal/third_party/wamr/core/iwasm/interpreter/wasm_interp_classic.c:3230:17: note: in expansion of macro ‘HANDLE_OP_END’
 3230 |                 HANDLE_OP_END();
      |                 ^~~~~~~~~~~~~
/home/osslab/mros2-wasm-service-communication-socket-journal/third_party/wamr/core/iwasm/interpreter/wasm_interp_classic.c:1153:17: warning: variable ‘dummy_sp’ set but not used [-Wunused-but-set-variable]
 1153 |         uint32 *dummy_sp;                                                   \
      |                 ^~~~~~~~
/home/osslab/mros2-wasm-service-communication-socket-journal/third_party/wamr/core/iwasm/interpreter/wasm_interp_classic.c:1189:9: note: in expansion of macro ‘DO_CHECKPOINT’
 1189 |         DO_CHECKPOINT();                                                    \
      |         ^~~~~~~~~~~~~
/home/osslab/mros2-wasm-service-communication-socket-journal/third_party/wamr/core/iwasm/interpreter/wasm_interp_classic.c:1201:9: note: in expansion of macro ‘CHECK_DUMP’
 1201 |         CHECK_DUMP()                     \
      |         ^~~~~~~~~~
/home/osslab/mros2-wasm-service-communication-socket-journal/third_party/wamr/core/iwasm/interpreter/wasm_interp_classic.c:1223:25: note: in expansion of macro ‘FETCH_OPCODE_AND_DISPATCH’
 1223 | #define HANDLE_OP_END() FETCH_OPCODE_AND_DISPATCH()
      |                         ^~~~~~~~~~~~~~~~~~~~~~~~~
/home/osslab/mros2-wasm-service-communication-socket-journal/third_party/wamr/core/iwasm/interpreter/wasm_interp_classic.c:3230:17: note: in expansion of macro ‘HANDLE_OP_END’
 3230 |                 HANDLE_OP_END();
      |                 ^~~~~~~~~~~~~
/home/osslab/mros2-wasm-service-communication-socket-journal/third_party/wamr/core/iwasm/interpreter/wasm_interp_classic.c:1106:16: warning: variable ‘arg’ set but not used [-Wunused-but-set-variable]
 1106 |         uint32 arg;                                                          \
      |                ^~~
/home/osslab/mros2-wasm-service-communication-socket-journal/third_party/wamr/core/iwasm/interpreter/wasm_interp_classic.c:1149:9: note: in expansion of macro ‘INIT_THREAD_ID_CH’
 1149 |         INIT_THREAD_ID_CH();                                                \
      |         ^~~~~~~~~~~~~~~~~
/home/osslab/mros2-wasm-service-communication-socket-journal/third_party/wamr/core/iwasm/interpreter/wasm_interp_classic.c:1189:9: note: in expansion of macro ‘DO_CHECKPOINT’
 1189 |         DO_CHECKPOINT();                                                    \
      |         ^~~~~~~~~~~~~
/home/osslab/mros2-wasm-service-communication-socket-journal/third_party/wamr/core/iwasm/interpreter/wasm_interp_classic.c:1201:9: note: in expansion of macro ‘CHECK_DUMP’
 1201 |         CHECK_DUMP()                     \
      |         ^~~~~~~~~~
/home/osslab/mros2-wasm-service-communication-socket-journal/third_party/wamr/core/iwasm/interpreter/wasm_interp_classic.c:1223:25: note: in expansion of macro ‘FETCH_OPCODE_AND_DISPATCH’
 1223 | #define HANDLE_OP_END() FETCH_OPCODE_AND_DISPATCH()
      |                         ^~~~~~~~~~~~~~~~~~~~~~~~~
/home/osslab/mros2-wasm-service-communication-socket-journal/third_party/wamr/core/iwasm/interpreter/wasm_interp_classic.c:3240:17: note: in expansion of macro ‘HANDLE_OP_END’
 3240 |                 HANDLE_OP_END();
      |                 ^~~~~~~~~~~~~
/home/osslab/mros2-wasm-service-communication-socket-journal/third_party/wamr/core/iwasm/interpreter/wasm_interp_classic.c:1153:17: warning: variable ‘dummy_sp’ set but not used [-Wunused-but-set-variable]
 1153 |         uint32 *dummy_sp;                                                   \
      |                 ^~~~~~~~
/home/osslab/mros2-wasm-service-communication-socket-journal/third_party/wamr/core/iwasm/interpreter/wasm_interp_classic.c:1189:9: note: in expansion of macro ‘DO_CHECKPOINT’
 1189 |         DO_CHECKPOINT();                                                    \
      |         ^~~~~~~~~~~~~
/home/osslab/mros2-wasm-service-communication-socket-journal/third_party/wamr/core/iwasm/interpreter/wasm_interp_classic.c:1201:9: note: in expansion of macro ‘CHECK_DUMP’
 1201 |         CHECK_DUMP()                     \
      |         ^~~~~~~~~~
/home/osslab/mros2-wasm-service-communication-socket-journal/third_party/wamr/core/iwasm/interpreter/wasm_interp_classic.c:1223:25: note: in expansion of macro ‘FETCH_OPCODE_AND_DISPATCH’
 1223 | #define HANDLE_OP_END() FETCH_OPCODE_AND_DISPATCH()
      |                         ^~~~~~~~~~~~~~~~~~~~~~~~~
/home/osslab/mros2-wasm-service-communication-socket-journal/third_party/wamr/core/iwasm/interpreter/wasm_interp_classic.c:3240:17: note: in expansion of macro ‘HANDLE_OP_END’
 3240 |                 HANDLE_OP_END();
      |                 ^~~~~~~~~~~~~
/home/osslab/mros2-wasm-service-communication-socket-journal/third_party/wamr/core/iwasm/interpreter/wasm_interp_classic.c:1106:16: warning: variable ‘arg’ set but not used [-Wunused-but-set-variable]
 1106 |         uint32 arg;                                                          \
      |                ^~~
/home/osslab/mros2-wasm-service-communication-socket-journal/third_party/wamr/core/iwasm/interpreter/wasm_interp_classic.c:1149:9: note: in expansion of macro ‘INIT_THREAD_ID_CH’
 1149 |         INIT_THREAD_ID_CH();                                                \
      |         ^~~~~~~~~~~~~~~~~
/home/osslab/mros2-wasm-service-communication-socket-journal/third_party/wamr/core/iwasm/interpreter/wasm_interp_classic.c:1189:9: note: in expansion of macro ‘DO_CHECKPOINT’
 1189 |         DO_CHECKPOINT();                                                    \
      |         ^~~~~~~~~~~~~
/home/osslab/mros2-wasm-service-communication-socket-journal/third_party/wamr/core/iwasm/interpreter/wasm_interp_classic.c:1201:9: note: in expansion of macro ‘CHECK_DUMP’
 1201 |         CHECK_DUMP()                     \
      |         ^~~~~~~~~~
/home/osslab/mros2-wasm-service-communication-socket-journal/third_party/wamr/core/iwasm/interpreter/wasm_interp_classic.c:1223:25: note: in expansion of macro ‘FETCH_OPCODE_AND_DISPATCH’
 1223 | #define HANDLE_OP_END() FETCH_OPCODE_AND_DISPATCH()
      |                         ^~~~~~~~~~~~~~~~~~~~~~~~~
/home/osslab/mros2-wasm-service-communication-socket-journal/third_party/wamr/core/iwasm/interpreter/wasm_interp_classic.c:3250:17: note: in expansion of macro ‘HANDLE_OP_END’
 3250 |                 HANDLE_OP_END();
      |                 ^~~~~~~~~~~~~
/home/osslab/mros2-wasm-service-communication-socket-journal/third_party/wamr/core/iwasm/interpreter/wasm_interp_classic.c:1153:17: warning: variable ‘dummy_sp’ set but not used [-Wunused-but-set-variable]
 1153 |         uint32 *dummy_sp;                                                   \
      |                 ^~~~~~~~
/home/osslab/mros2-wasm-service-communication-socket-journal/third_party/wamr/core/iwasm/interpreter/wasm_interp_classic.c:1189:9: note: in expansion of macro ‘DO_CHECKPOINT’
 1189 |         DO_CHECKPOINT();                                                    \
      |         ^~~~~~~~~~~~~
/home/osslab/mros2-wasm-service-communication-socket-journal/third_party/wamr/core/iwasm/interpreter/wasm_interp_classic.c:1201:9: note: in expansion of macro ‘CHECK_DUMP’
 1201 |         CHECK_DUMP()                     \
      |         ^~~~~~~~~~
/home/osslab/mros2-wasm-service-communication-socket-journal/third_party/wamr/core/iwasm/interpreter/wasm_interp_classic.c:1223:25: note: in expansion of macro ‘FETCH_OPCODE_AND_DISPATCH’
 1223 | #define HANDLE_OP_END() FETCH_OPCODE_AND_DISPATCH()
      |                         ^~~~~~~~~~~~~~~~~~~~~~~~~
/home/osslab/mros2-wasm-service-communication-socket-journal/third_party/wamr/core/iwasm/interpreter/wasm_interp_classic.c:3250:17: note: in expansion of macro ‘HANDLE_OP_END’
 3250 |                 HANDLE_OP_END();
      |                 ^~~~~~~~~~~~~
/home/osslab/mros2-wasm-service-communication-socket-journal/third_party/wamr/core/iwasm/interpreter/wasm_interp_classic.c:1106:16: warning: variable ‘arg’ set but not used [-Wunused-but-set-variable]
 1106 |         uint32 arg;                                                          \
      |                ^~~
/home/osslab/mros2-wasm-service-communication-socket-journal/third_party/wamr/core/iwasm/interpreter/wasm_interp_classic.c:1149:9: note: in expansion of macro ‘INIT_THREAD_ID_CH’
 1149 |         INIT_THREAD_ID_CH();                                                \
      |         ^~~~~~~~~~~~~~~~~
/home/osslab/mros2-wasm-service-communication-socket-journal/third_party/wamr/core/iwasm/interpreter/wasm_interp_classic.c:1189:9: note: in expansion of macro ‘DO_CHECKPOINT’
 1189 |         DO_CHECKPOINT();                                                    \
      |         ^~~~~~~~~~~~~
/home/osslab/mros2-wasm-service-communication-socket-journal/third_party/wamr/core/iwasm/interpreter/wasm_interp_classic.c:1201:9: note: in expansion of macro ‘CHECK_DUMP’
 1201 |         CHECK_DUMP()                     \
      |         ^~~~~~~~~~
/home/osslab/mros2-wasm-service-communication-socket-journal/third_party/wamr/core/iwasm/interpreter/wasm_interp_classic.c:1223:25: note: in expansion of macro ‘FETCH_OPCODE_AND_DISPATCH’
 1223 | #define HANDLE_OP_END() FETCH_OPCODE_AND_DISPATCH()
      |                         ^~~~~~~~~~~~~~~~~~~~~~~~~
/home/osslab/mros2-wasm-service-communication-socket-journal/third_party/wamr/core/iwasm/interpreter/wasm_interp_classic.c:3257:17: note: in expansion of macro ‘HANDLE_OP_END’
 3257 |                 HANDLE_OP_END();
      |                 ^~~~~~~~~~~~~
/home/osslab/mros2-wasm-service-communication-socket-journal/third_party/wamr/core/iwasm/interpreter/wasm_interp_classic.c:1153:17: warning: variable ‘dummy_sp’ set but not used [-Wunused-but-set-variable]
 1153 |         uint32 *dummy_sp;                                                   \
      |                 ^~~~~~~~
/home/osslab/mros2-wasm-service-communication-socket-journal/third_party/wamr/core/iwasm/interpreter/wasm_interp_classic.c:1189:9: note: in expansion of macro ‘DO_CHECKPOINT’
 1189 |         DO_CHECKPOINT();                                                    \
      |         ^~~~~~~~~~~~~
/home/osslab/mros2-wasm-service-communication-socket-journal/third_party/wamr/core/iwasm/interpreter/wasm_interp_classic.c:1201:9: note: in expansion of macro ‘CHECK_DUMP’
 1201 |         CHECK_DUMP()                     \
      |         ^~~~~~~~~~
/home/osslab/mros2-wasm-service-communication-socket-journal/third_party/wamr/core/iwasm/interpreter/wasm_interp_classic.c:1223:25: note: in expansion of macro ‘FETCH_OPCODE_AND_DISPATCH’
 1223 | #define HANDLE_OP_END() FETCH_OPCODE_AND_DISPATCH()
      |                         ^~~~~~~~~~~~~~~~~~~~~~~~~
/home/osslab/mros2-wasm-service-communication-socket-journal/third_party/wamr/core/iwasm/interpreter/wasm_interp_classic.c:3257:17: note: in expansion of macro ‘HANDLE_OP_END’
 3257 |                 HANDLE_OP_END();
      |                 ^~~~~~~~~~~~~
/home/osslab/mros2-wasm-service-communication-socket-journal/third_party/wamr/core/iwasm/interpreter/wasm_interp_classic.c:1106:16: warning: variable ‘arg’ set but not used [-Wunused-but-set-variable]
 1106 |         uint32 arg;                                                          \
      |                ^~~
/home/osslab/mros2-wasm-service-communication-socket-journal/third_party/wamr/core/iwasm/interpreter/wasm_interp_classic.c:1149:9: note: in expansion of macro ‘INIT_THREAD_ID_CH’
 1149 |         INIT_THREAD_ID_CH();                                                \
      |         ^~~~~~~~~~~~~~~~~
/home/osslab/mros2-wasm-service-communication-socket-journal/third_party/wamr/core/iwasm/interpreter/wasm_interp_classic.c:1189:9: note: in expansion of macro ‘DO_CHECKPOINT’
 1189 |         DO_CHECKPOINT();                                                    \
      |         ^~~~~~~~~~~~~
/home/osslab/mros2-wasm-service-communication-socket-journal/third_party/wamr/core/iwasm/interpreter/wasm_interp_classic.c:1201:9: note: in expansion of macro ‘CHECK_DUMP’
 1201 |         CHECK_DUMP()                     \
      |         ^~~~~~~~~~
/home/osslab/mros2-wasm-service-communication-socket-journal/third_party/wamr/core/iwasm/interpreter/wasm_interp_classic.c:1223:25: note: in expansion of macro ‘FETCH_OPCODE_AND_DISPATCH’
 1223 | #define HANDLE_OP_END() FETCH_OPCODE_AND_DISPATCH()
      |                         ^~~~~~~~~~~~~~~~~~~~~~~~~
/home/osslab/mros2-wasm-service-communication-socket-journal/third_party/wamr/core/iwasm/interpreter/wasm_interp_classic.c:3268:17: note: in expansion of macro ‘HANDLE_OP_END’
 3268 |                 HANDLE_OP_END();
      |                 ^~~~~~~~~~~~~
/home/osslab/mros2-wasm-service-communication-socket-journal/third_party/wamr/core/iwasm/interpreter/wasm_interp_classic.c:1153:17: warning: variable ‘dummy_sp’ set but not used [-Wunused-but-set-variable]
 1153 |         uint32 *dummy_sp;                                                   \
      |                 ^~~~~~~~
/home/osslab/mros2-wasm-service-communication-socket-journal/third_party/wamr/core/iwasm/interpreter/wasm_interp_classic.c:1189:9: note: in expansion of macro ‘DO_CHECKPOINT’
 1189 |         DO_CHECKPOINT();                                                    \
      |         ^~~~~~~~~~~~~
/home/osslab/mros2-wasm-service-communication-socket-journal/third_party/wamr/core/iwasm/interpreter/wasm_interp_classic.c:1201:9: note: in expansion of macro ‘CHECK_DUMP’
 1201 |         CHECK_DUMP()                     \
      |         ^~~~~~~~~~
/home/osslab/mros2-wasm-service-communication-socket-journal/third_party/wamr/core/iwasm/interpreter/wasm_interp_classic.c:1223:25: note: in expansion of macro ‘FETCH_OPCODE_AND_DISPATCH’
 1223 | #define HANDLE_OP_END() FETCH_OPCODE_AND_DISPATCH()
      |                         ^~~~~~~~~~~~~~~~~~~~~~~~~
/home/osslab/mros2-wasm-service-communication-socket-journal/third_party/wamr/core/iwasm/interpreter/wasm_interp_classic.c:3268:17: note: in expansion of macro ‘HANDLE_OP_END’
 3268 |                 HANDLE_OP_END();
      |                 ^~~~~~~~~~~~~
/home/osslab/mros2-wasm-service-communication-socket-journal/third_party/wamr/core/iwasm/interpreter/wasm_interp_classic.c:1106:16: warning: variable ‘arg’ set but not used [-Wunused-but-set-variable]
 1106 |         uint32 arg;                                                          \
      |                ^~~
/home/osslab/mros2-wasm-service-communication-socket-journal/third_party/wamr/core/iwasm/interpreter/wasm_interp_classic.c:1149:9: note: in expansion of macro ‘INIT_THREAD_ID_CH’
 1149 |         INIT_THREAD_ID_CH();                                                \
      |         ^~~~~~~~~~~~~~~~~
/home/osslab/mros2-wasm-service-communication-socket-journal/third_party/wamr/core/iwasm/interpreter/wasm_interp_classic.c:1189:9: note: in expansion of macro ‘DO_CHECKPOINT’
 1189 |         DO_CHECKPOINT();                                                    \
      |         ^~~~~~~~~~~~~
/home/osslab/mros2-wasm-service-communication-socket-journal/third_party/wamr/core/iwasm/interpreter/wasm_interp_classic.c:1201:9: note: in expansion of macro ‘CHECK_DUMP’
 1201 |         CHECK_DUMP()                     \
      |         ^~~~~~~~~~
/home/osslab/mros2-wasm-service-communication-socket-journal/third_party/wamr/core/iwasm/interpreter/wasm_interp_classic.c:1223:25: note: in expansion of macro ‘FETCH_OPCODE_AND_DISPATCH’
 1223 | #define HANDLE_OP_END() FETCH_OPCODE_AND_DISPATCH()
      |                         ^~~~~~~~~~~~~~~~~~~~~~~~~
/home/osslab/mros2-wasm-service-communication-socket-journal/third_party/wamr/core/iwasm/interpreter/wasm_interp_classic.c:3274:17: note: in expansion of macro ‘HANDLE_OP_END’
 3274 |                 HANDLE_OP_END();
      |                 ^~~~~~~~~~~~~
/home/osslab/mros2-wasm-service-communication-socket-journal/third_party/wamr/core/iwasm/interpreter/wasm_interp_classic.c:1153:17: warning: variable ‘dummy_sp’ set but not used [-Wunused-but-set-variable]
 1153 |         uint32 *dummy_sp;                                                   \
      |                 ^~~~~~~~
/home/osslab/mros2-wasm-service-communication-socket-journal/third_party/wamr/core/iwasm/interpreter/wasm_interp_classic.c:1189:9: note: in expansion of macro ‘DO_CHECKPOINT’
 1189 |         DO_CHECKPOINT();                                                    \
      |         ^~~~~~~~~~~~~
/home/osslab/mros2-wasm-service-communication-socket-journal/third_party/wamr/core/iwasm/interpreter/wasm_interp_classic.c:1201:9: note: in expansion of macro ‘CHECK_DUMP’
 1201 |         CHECK_DUMP()                     \
      |         ^~~~~~~~~~
/home/osslab/mros2-wasm-service-communication-socket-journal/third_party/wamr/core/iwasm/interpreter/wasm_interp_classic.c:1223:25: note: in expansion of macro ‘FETCH_OPCODE_AND_DISPATCH’
 1223 | #define HANDLE_OP_END() FETCH_OPCODE_AND_DISPATCH()
      |                         ^~~~~~~~~~~~~~~~~~~~~~~~~
/home/osslab/mros2-wasm-service-communication-socket-journal/third_party/wamr/core/iwasm/interpreter/wasm_interp_classic.c:3274:17: note: in expansion of macro ‘HANDLE_OP_END’
 3274 |                 HANDLE_OP_END();
      |                 ^~~~~~~~~~~~~
/home/osslab/mros2-wasm-service-communication-socket-journal/third_party/wamr/core/iwasm/interpreter/wasm_interp_classic.c:1106:16: warning: variable ‘arg’ set but not used [-Wunused-but-set-variable]
 1106 |         uint32 arg;                                                          \
      |                ^~~
/home/osslab/mros2-wasm-service-communication-socket-journal/third_party/wamr/core/iwasm/interpreter/wasm_interp_classic.c:1149:9: note: in expansion of macro ‘INIT_THREAD_ID_CH’
 1149 |         INIT_THREAD_ID_CH();                                                \
      |         ^~~~~~~~~~~~~~~~~
/home/osslab/mros2-wasm-service-communication-socket-journal/third_party/wamr/core/iwasm/interpreter/wasm_interp_classic.c:1189:9: note: in expansion of macro ‘DO_CHECKPOINT’
 1189 |         DO_CHECKPOINT();                                                    \
      |         ^~~~~~~~~~~~~
/home/osslab/mros2-wasm-service-communication-socket-journal/third_party/wamr/core/iwasm/interpreter/wasm_interp_classic.c:1201:9: note: in expansion of macro ‘CHECK_DUMP’
 1201 |         CHECK_DUMP()                     \
      |         ^~~~~~~~~~
/home/osslab/mros2-wasm-service-communication-socket-journal/third_party/wamr/core/iwasm/interpreter/wasm_interp_classic.c:1223:25: note: in expansion of macro ‘FETCH_OPCODE_AND_DISPATCH’
 1223 | #define HANDLE_OP_END() FETCH_OPCODE_AND_DISPATCH()
      |                         ^~~~~~~~~~~~~~~~~~~~~~~~~
/home/osslab/mros2-wasm-service-communication-socket-journal/third_party/wamr/core/iwasm/interpreter/wasm_interp_classic.c:3280:17: note: in expansion of macro ‘HANDLE_OP_END’
 3280 |                 HANDLE_OP_END();
      |                 ^~~~~~~~~~~~~
/home/osslab/mros2-wasm-service-communication-socket-journal/third_party/wamr/core/iwasm/interpreter/wasm_interp_classic.c:1153:17: warning: variable ‘dummy_sp’ set but not used [-Wunused-but-set-variable]
 1153 |         uint32 *dummy_sp;                                                   \
      |                 ^~~~~~~~
/home/osslab/mros2-wasm-service-communication-socket-journal/third_party/wamr/core/iwasm/interpreter/wasm_interp_classic.c:1189:9: note: in expansion of macro ‘DO_CHECKPOINT’
 1189 |         DO_CHECKPOINT();                                                    \
      |         ^~~~~~~~~~~~~
/home/osslab/mros2-wasm-service-communication-socket-journal/third_party/wamr/core/iwasm/interpreter/wasm_interp_classic.c:1201:9: note: in expansion of macro ‘CHECK_DUMP’
 1201 |         CHECK_DUMP()                     \
      |         ^~~~~~~~~~
/home/osslab/mros2-wasm-service-communication-socket-journal/third_party/wamr/core/iwasm/interpreter/wasm_interp_classic.c:1223:25: note: in expansion of macro ‘FETCH_OPCODE_AND_DISPATCH’
 1223 | #define HANDLE_OP_END() FETCH_OPCODE_AND_DISPATCH()
      |                         ^~~~~~~~~~~~~~~~~~~~~~~~~
/home/osslab/mros2-wasm-service-communication-socket-journal/third_party/wamr/core/iwasm/interpreter/wasm_interp_classic.c:3280:17: note: in expansion of macro ‘HANDLE_OP_END’
 3280 |                 HANDLE_OP_END();
      |                 ^~~~~~~~~~~~~
/home/osslab/mros2-wasm-service-communication-socket-journal/third_party/wamr/core/iwasm/interpreter/wasm_interp_classic.c:1106:16: warning: variable ‘arg’ set but not used [-Wunused-but-set-variable]
 1106 |         uint32 arg;                                                          \
      |                ^~~
/home/osslab/mros2-wasm-service-communication-socket-journal/third_party/wamr/core/iwasm/interpreter/wasm_interp_classic.c:1149:9: note: in expansion of macro ‘INIT_THREAD_ID_CH’
 1149 |         INIT_THREAD_ID_CH();                                                \
      |         ^~~~~~~~~~~~~~~~~
/home/osslab/mros2-wasm-service-communication-socket-journal/third_party/wamr/core/iwasm/interpreter/wasm_interp_classic.c:1189:9: note: in expansion of macro ‘DO_CHECKPOINT’
 1189 |         DO_CHECKPOINT();                                                    \
      |         ^~~~~~~~~~~~~
/home/osslab/mros2-wasm-service-communication-socket-journal/third_party/wamr/core/iwasm/interpreter/wasm_interp_classic.c:1201:9: note: in expansion of macro ‘CHECK_DUMP’
 1201 |         CHECK_DUMP()                     \
      |         ^~~~~~~~~~
/home/osslab/mros2-wasm-service-communication-socket-journal/third_party/wamr/core/iwasm/interpreter/wasm_interp_classic.c:1223:25: note: in expansion of macro ‘FETCH_OPCODE_AND_DISPATCH’
 1223 | #define HANDLE_OP_END() FETCH_OPCODE_AND_DISPATCH()
      |                         ^~~~~~~~~~~~~~~~~~~~~~~~~
/home/osslab/mros2-wasm-service-communication-socket-journal/third_party/wamr/core/iwasm/interpreter/wasm_interp_classic.c:3286:17: note: in expansion of macro ‘HANDLE_OP_END’
 3286 |                 HANDLE_OP_END();
      |                 ^~~~~~~~~~~~~
/home/osslab/mros2-wasm-service-communication-socket-journal/third_party/wamr/core/iwasm/interpreter/wasm_interp_classic.c:1153:17: warning: variable ‘dummy_sp’ set but not used [-Wunused-but-set-variable]
 1153 |         uint32 *dummy_sp;                                                   \
      |                 ^~~~~~~~
/home/osslab/mros2-wasm-service-communication-socket-journal/third_party/wamr/core/iwasm/interpreter/wasm_interp_classic.c:1189:9: note: in expansion of macro ‘DO_CHECKPOINT’
 1189 |         DO_CHECKPOINT();                                                    \
      |         ^~~~~~~~~~~~~
/home/osslab/mros2-wasm-service-communication-socket-journal/third_party/wamr/core/iwasm/interpreter/wasm_interp_classic.c:1201:9: note: in expansion of macro ‘CHECK_DUMP’
 1201 |         CHECK_DUMP()                     \
      |         ^~~~~~~~~~
/home/osslab/mros2-wasm-service-communication-socket-journal/third_party/wamr/core/iwasm/interpreter/wasm_interp_classic.c:1223:25: note: in expansion of macro ‘FETCH_OPCODE_AND_DISPATCH’
 1223 | #define HANDLE_OP_END() FETCH_OPCODE_AND_DISPATCH()
      |                         ^~~~~~~~~~~~~~~~~~~~~~~~~
/home/osslab/mros2-wasm-service-communication-socket-journal/third_party/wamr/core/iwasm/interpreter/wasm_interp_classic.c:3286:17: note: in expansion of macro ‘HANDLE_OP_END’
 3286 |                 HANDLE_OP_END();
      |                 ^~~~~~~~~~~~~
/home/osslab/mros2-wasm-service-communication-socket-journal/third_party/wamr/core/iwasm/interpreter/wasm_interp_classic.c:1106:16: warning: variable ‘arg’ set but not used [-Wunused-but-set-variable]
 1106 |         uint32 arg;                                                          \
      |                ^~~
/home/osslab/mros2-wasm-service-communication-socket-journal/third_party/wamr/core/iwasm/interpreter/wasm_interp_classic.c:1149:9: note: in expansion of macro ‘INIT_THREAD_ID_CH’
 1149 |         INIT_THREAD_ID_CH();                                                \
      |         ^~~~~~~~~~~~~~~~~
/home/osslab/mros2-wasm-service-communication-socket-journal/third_party/wamr/core/iwasm/interpreter/wasm_interp_classic.c:1189:9: note: in expansion of macro ‘DO_CHECKPOINT’
 1189 |         DO_CHECKPOINT();                                                    \
      |         ^~~~~~~~~~~~~
/home/osslab/mros2-wasm-service-communication-socket-journal/third_party/wamr/core/iwasm/interpreter/wasm_interp_classic.c:1201:9: note: in expansion of macro ‘CHECK_DUMP’
 1201 |         CHECK_DUMP()                     \
      |         ^~~~~~~~~~
/home/osslab/mros2-wasm-service-communication-socket-journal/third_party/wamr/core/iwasm/interpreter/wasm_interp_classic.c:1223:25: note: in expansion of macro ‘FETCH_OPCODE_AND_DISPATCH’
 1223 | #define HANDLE_OP_END() FETCH_OPCODE_AND_DISPATCH()
      |                         ^~~~~~~~~~~~~~~~~~~~~~~~~
/home/osslab/mros2-wasm-service-communication-socket-journal/third_party/wamr/core/iwasm/interpreter/wasm_interp_classic.c:3292:17: note: in expansion of macro ‘HANDLE_OP_END’
 3292 |                 HANDLE_OP_END();
      |                 ^~~~~~~~~~~~~
/home/osslab/mros2-wasm-service-communication-socket-journal/third_party/wamr/core/iwasm/interpreter/wasm_interp_classic.c:1153:17: warning: variable ‘dummy_sp’ set but not used [-Wunused-but-set-variable]
 1153 |         uint32 *dummy_sp;                                                   \
      |                 ^~~~~~~~
/home/osslab/mros2-wasm-service-communication-socket-journal/third_party/wamr/core/iwasm/interpreter/wasm_interp_classic.c:1189:9: note: in expansion of macro ‘DO_CHECKPOINT’
 1189 |         DO_CHECKPOINT();                                                    \
      |         ^~~~~~~~~~~~~
/home/osslab/mros2-wasm-service-communication-socket-journal/third_party/wamr/core/iwasm/interpreter/wasm_interp_classic.c:1201:9: note: in expansion of macro ‘CHECK_DUMP’
 1201 |         CHECK_DUMP()                     \
      |         ^~~~~~~~~~
/home/osslab/mros2-wasm-service-communication-socket-journal/third_party/wamr/core/iwasm/interpreter/wasm_interp_classic.c:1223:25: note: in expansion of macro ‘FETCH_OPCODE_AND_DISPATCH’
 1223 | #define HANDLE_OP_END() FETCH_OPCODE_AND_DISPATCH()
      |                         ^~~~~~~~~~~~~~~~~~~~~~~~~
/home/osslab/mros2-wasm-service-communication-socket-journal/third_party/wamr/core/iwasm/interpreter/wasm_interp_classic.c:3292:17: note: in expansion of macro ‘HANDLE_OP_END’
 3292 |                 HANDLE_OP_END();
      |                 ^~~~~~~~~~~~~
/home/osslab/mros2-wasm-service-communication-socket-journal/third_party/wamr/core/iwasm/interpreter/wasm_interp_classic.c:1106:16: warning: variable ‘arg’ set but not used [-Wunused-but-set-variable]
 1106 |         uint32 arg;                                                          \
      |                ^~~
/home/osslab/mros2-wasm-service-communication-socket-journal/third_party/wamr/core/iwasm/interpreter/wasm_interp_classic.c:1149:9: note: in expansion of macro ‘INIT_THREAD_ID_CH’
 1149 |         INIT_THREAD_ID_CH();                                                \
      |         ^~~~~~~~~~~~~~~~~
/home/osslab/mros2-wasm-service-communication-socket-journal/third_party/wamr/core/iwasm/interpreter/wasm_interp_classic.c:1189:9: note: in expansion of macro ‘DO_CHECKPOINT’
 1189 |         DO_CHECKPOINT();                                                    \
      |         ^~~~~~~~~~~~~
/home/osslab/mros2-wasm-service-communication-socket-journal/third_party/wamr/core/iwasm/interpreter/wasm_interp_classic.c:1201:9: note: in expansion of macro ‘CHECK_DUMP’
 1201 |         CHECK_DUMP()                     \
      |         ^~~~~~~~~~
/home/osslab/mros2-wasm-service-communication-socket-journal/third_party/wamr/core/iwasm/interpreter/wasm_interp_classic.c:1223:25: note: in expansion of macro ‘FETCH_OPCODE_AND_DISPATCH’
 1223 | #define HANDLE_OP_END() FETCH_OPCODE_AND_DISPATCH()
      |                         ^~~~~~~~~~~~~~~~~~~~~~~~~
/home/osslab/mros2-wasm-service-communication-socket-journal/third_party/wamr/core/iwasm/interpreter/wasm_interp_classic.c:3298:17: note: in expansion of macro ‘HANDLE_OP_END’
 3298 |                 HANDLE_OP_END();
      |                 ^~~~~~~~~~~~~
/home/osslab/mros2-wasm-service-communication-socket-journal/third_party/wamr/core/iwasm/interpreter/wasm_interp_classic.c:1153:17: warning: variable ‘dummy_sp’ set but not used [-Wunused-but-set-variable]
 1153 |         uint32 *dummy_sp;                                                   \
      |                 ^~~~~~~~
/home/osslab/mros2-wasm-service-communication-socket-journal/third_party/wamr/core/iwasm/interpreter/wasm_interp_classic.c:1189:9: note: in expansion of macro ‘DO_CHECKPOINT’
 1189 |         DO_CHECKPOINT();                                                    \
      |         ^~~~~~~~~~~~~
/home/osslab/mros2-wasm-service-communication-socket-journal/third_party/wamr/core/iwasm/interpreter/wasm_interp_classic.c:1201:9: note: in expansion of macro ‘CHECK_DUMP’
 1201 |         CHECK_DUMP()                     \
      |         ^~~~~~~~~~
/home/osslab/mros2-wasm-service-communication-socket-journal/third_party/wamr/core/iwasm/interpreter/wasm_interp_classic.c:1223:25: note: in expansion of macro ‘FETCH_OPCODE_AND_DISPATCH’
 1223 | #define HANDLE_OP_END() FETCH_OPCODE_AND_DISPATCH()
      |                         ^~~~~~~~~~~~~~~~~~~~~~~~~
/home/osslab/mros2-wasm-service-communication-socket-journal/third_party/wamr/core/iwasm/interpreter/wasm_interp_classic.c:3298:17: note: in expansion of macro ‘HANDLE_OP_END’
 3298 |                 HANDLE_OP_END();
      |                 ^~~~~~~~~~~~~
/home/osslab/mros2-wasm-service-communication-socket-journal/third_party/wamr/core/iwasm/interpreter/wasm_interp_classic.c:1106:16: warning: variable ‘arg’ set but not used [-Wunused-but-set-variable]
 1106 |         uint32 arg;                                                          \
      |                ^~~
/home/osslab/mros2-wasm-service-communication-socket-journal/third_party/wamr/core/iwasm/interpreter/wasm_interp_classic.c:1149:9: note: in expansion of macro ‘INIT_THREAD_ID_CH’
 1149 |         INIT_THREAD_ID_CH();                                                \
      |         ^~~~~~~~~~~~~~~~~
/home/osslab/mros2-wasm-service-communication-socket-journal/third_party/wamr/core/iwasm/interpreter/wasm_interp_classic.c:1189:9: note: in expansion of macro ‘DO_CHECKPOINT’
 1189 |         DO_CHECKPOINT();                                                    \
      |         ^~~~~~~~~~~~~
/home/osslab/mros2-wasm-service-communication-socket-journal/third_party/wamr/core/iwasm/interpreter/wasm_interp_classic.c:1201:9: note: in expansion of macro ‘CHECK_DUMP’
 1201 |         CHECK_DUMP()                     \
      |         ^~~~~~~~~~
/home/osslab/mros2-wasm-service-communication-socket-journal/third_party/wamr/core/iwasm/interpreter/wasm_interp_classic.c:1223:25: note: in expansion of macro ‘FETCH_OPCODE_AND_DISPATCH’
 1223 | #define HANDLE_OP_END() FETCH_OPCODE_AND_DISPATCH()
      |                         ^~~~~~~~~~~~~~~~~~~~~~~~~
/home/osslab/mros2-wasm-service-communication-socket-journal/third_party/wamr/core/iwasm/interpreter/wasm_interp_classic.c:3304:17: note: in expansion of macro ‘HANDLE_OP_END’
 3304 |                 HANDLE_OP_END();
      |                 ^~~~~~~~~~~~~
/home/osslab/mros2-wasm-service-communication-socket-journal/third_party/wamr/core/iwasm/interpreter/wasm_interp_classic.c:1153:17: warning: variable ‘dummy_sp’ set but not used [-Wunused-but-set-variable]
 1153 |         uint32 *dummy_sp;                                                   \
      |                 ^~~~~~~~
/home/osslab/mros2-wasm-service-communication-socket-journal/third_party/wamr/core/iwasm/interpreter/wasm_interp_classic.c:1189:9: note: in expansion of macro ‘DO_CHECKPOINT’
 1189 |         DO_CHECKPOINT();                                                    \
      |         ^~~~~~~~~~~~~
/home/osslab/mros2-wasm-service-communication-socket-journal/third_party/wamr/core/iwasm/interpreter/wasm_interp_classic.c:1201:9: note: in expansion of macro ‘CHECK_DUMP’
 1201 |         CHECK_DUMP()                     \
      |         ^~~~~~~~~~
/home/osslab/mros2-wasm-service-communication-socket-journal/third_party/wamr/core/iwasm/interpreter/wasm_interp_classic.c:1223:25: note: in expansion of macro ‘FETCH_OPCODE_AND_DISPATCH’
 1223 | #define HANDLE_OP_END() FETCH_OPCODE_AND_DISPATCH()
      |                         ^~~~~~~~~~~~~~~~~~~~~~~~~
/home/osslab/mros2-wasm-service-communication-socket-journal/third_party/wamr/core/iwasm/interpreter/wasm_interp_classic.c:3304:17: note: in expansion of macro ‘HANDLE_OP_END’
 3304 |                 HANDLE_OP_END();
      |                 ^~~~~~~~~~~~~
/home/osslab/mros2-wasm-service-communication-socket-journal/third_party/wamr/core/iwasm/interpreter/wasm_interp_classic.c:1106:16: warning: variable ‘arg’ set but not used [-Wunused-but-set-variable]
 1106 |         uint32 arg;                                                          \
      |                ^~~
/home/osslab/mros2-wasm-service-communication-socket-journal/third_party/wamr/core/iwasm/interpreter/wasm_interp_classic.c:1149:9: note: in expansion of macro ‘INIT_THREAD_ID_CH’
 1149 |         INIT_THREAD_ID_CH();                                                \
      |         ^~~~~~~~~~~~~~~~~
/home/osslab/mros2-wasm-service-communication-socket-journal/third_party/wamr/core/iwasm/interpreter/wasm_interp_classic.c:1189:9: note: in expansion of macro ‘DO_CHECKPOINT’
 1189 |         DO_CHECKPOINT();                                                    \
      |         ^~~~~~~~~~~~~
/home/osslab/mros2-wasm-service-communication-socket-journal/third_party/wamr/core/iwasm/interpreter/wasm_interp_classic.c:1201:9: note: in expansion of macro ‘CHECK_DUMP’
 1201 |         CHECK_DUMP()                     \
      |         ^~~~~~~~~~
/home/osslab/mros2-wasm-service-communication-socket-journal/third_party/wamr/core/iwasm/interpreter/wasm_interp_classic.c:1223:25: note: in expansion of macro ‘FETCH_OPCODE_AND_DISPATCH’
 1223 | #define HANDLE_OP_END() FETCH_OPCODE_AND_DISPATCH()
      |                         ^~~~~~~~~~~~~~~~~~~~~~~~~
/home/osslab/mros2-wasm-service-communication-socket-journal/third_party/wamr/core/iwasm/interpreter/wasm_interp_classic.c:3310:17: note: in expansion of macro ‘HANDLE_OP_END’
 3310 |                 HANDLE_OP_END();
      |                 ^~~~~~~~~~~~~
/home/osslab/mros2-wasm-service-communication-socket-journal/third_party/wamr/core/iwasm/interpreter/wasm_interp_classic.c:1153:17: warning: variable ‘dummy_sp’ set but not used [-Wunused-but-set-variable]
 1153 |         uint32 *dummy_sp;                                                   \
      |                 ^~~~~~~~
/home/osslab/mros2-wasm-service-communication-socket-journal/third_party/wamr/core/iwasm/interpreter/wasm_interp_classic.c:1189:9: note: in expansion of macro ‘DO_CHECKPOINT’
 1189 |         DO_CHECKPOINT();                                                    \
      |         ^~~~~~~~~~~~~
/home/osslab/mros2-wasm-service-communication-socket-journal/third_party/wamr/core/iwasm/interpreter/wasm_interp_classic.c:1201:9: note: in expansion of macro ‘CHECK_DUMP’
 1201 |         CHECK_DUMP()                     \
      |         ^~~~~~~~~~
/home/osslab/mros2-wasm-service-communication-socket-journal/third_party/wamr/core/iwasm/interpreter/wasm_interp_classic.c:1223:25: note: in expansion of macro ‘FETCH_OPCODE_AND_DISPATCH’
 1223 | #define HANDLE_OP_END() FETCH_OPCODE_AND_DISPATCH()
      |                         ^~~~~~~~~~~~~~~~~~~~~~~~~
/home/osslab/mros2-wasm-service-communication-socket-journal/third_party/wamr/core/iwasm/interpreter/wasm_interp_classic.c:3310:17: note: in expansion of macro ‘HANDLE_OP_END’
 3310 |                 HANDLE_OP_END();
      |                 ^~~~~~~~~~~~~
/home/osslab/mros2-wasm-service-communication-socket-journal/third_party/wamr/core/iwasm/interpreter/wasm_interp_classic.c:1106:16: warning: variable ‘arg’ set but not used [-Wunused-but-set-variable]
 1106 |         uint32 arg;                                                          \
      |                ^~~
/home/osslab/mros2-wasm-service-communication-socket-journal/third_party/wamr/core/iwasm/interpreter/wasm_interp_classic.c:1149:9: note: in expansion of macro ‘INIT_THREAD_ID_CH’
 1149 |         INIT_THREAD_ID_CH();                                                \
      |         ^~~~~~~~~~~~~~~~~
/home/osslab/mros2-wasm-service-communication-socket-journal/third_party/wamr/core/iwasm/interpreter/wasm_interp_classic.c:1189:9: note: in expansion of macro ‘DO_CHECKPOINT’
 1189 |         DO_CHECKPOINT();                                                    \
      |         ^~~~~~~~~~~~~
/home/osslab/mros2-wasm-service-communication-socket-journal/third_party/wamr/core/iwasm/interpreter/wasm_interp_classic.c:1201:9: note: in expansion of macro ‘CHECK_DUMP’
 1201 |         CHECK_DUMP()                     \
      |         ^~~~~~~~~~
/home/osslab/mros2-wasm-service-communication-socket-journal/third_party/wamr/core/iwasm/interpreter/wasm_interp_classic.c:1223:25: note: in expansion of macro ‘FETCH_OPCODE_AND_DISPATCH’
 1223 | #define HANDLE_OP_END() FETCH_OPCODE_AND_DISPATCH()
      |                         ^~~~~~~~~~~~~~~~~~~~~~~~~
/home/osslab/mros2-wasm-service-communication-socket-journal/third_party/wamr/core/iwasm/interpreter/wasm_interp_classic.c:3316:17: note: in expansion of macro ‘HANDLE_OP_END’
 3316 |                 HANDLE_OP_END();
      |                 ^~~~~~~~~~~~~
/home/osslab/mros2-wasm-service-communication-socket-journal/third_party/wamr/core/iwasm/interpreter/wasm_interp_classic.c:1153:17: warning: variable ‘dummy_sp’ set but not used [-Wunused-but-set-variable]
 1153 |         uint32 *dummy_sp;                                                   \
      |                 ^~~~~~~~
/home/osslab/mros2-wasm-service-communication-socket-journal/third_party/wamr/core/iwasm/interpreter/wasm_interp_classic.c:1189:9: note: in expansion of macro ‘DO_CHECKPOINT’
 1189 |         DO_CHECKPOINT();                                                    \
      |         ^~~~~~~~~~~~~
/home/osslab/mros2-wasm-service-communication-socket-journal/third_party/wamr/core/iwasm/interpreter/wasm_interp_classic.c:1201:9: note: in expansion of macro ‘CHECK_DUMP’
 1201 |         CHECK_DUMP()                     \
      |         ^~~~~~~~~~
/home/osslab/mros2-wasm-service-communication-socket-journal/third_party/wamr/core/iwasm/interpreter/wasm_interp_classic.c:1223:25: note: in expansion of macro ‘FETCH_OPCODE_AND_DISPATCH’
 1223 | #define HANDLE_OP_END() FETCH_OPCODE_AND_DISPATCH()
      |                         ^~~~~~~~~~~~~~~~~~~~~~~~~
/home/osslab/mros2-wasm-service-communication-socket-journal/third_party/wamr/core/iwasm/interpreter/wasm_interp_classic.c:3316:17: note: in expansion of macro ‘HANDLE_OP_END’
 3316 |                 HANDLE_OP_END();
      |                 ^~~~~~~~~~~~~
/home/osslab/mros2-wasm-service-communication-socket-journal/third_party/wamr/core/iwasm/interpreter/wasm_interp_classic.c:1106:16: warning: variable ‘arg’ set but not used [-Wunused-but-set-variable]
 1106 |         uint32 arg;                                                          \
      |                ^~~
/home/osslab/mros2-wasm-service-communication-socket-journal/third_party/wamr/core/iwasm/interpreter/wasm_interp_classic.c:1149:9: note: in expansion of macro ‘INIT_THREAD_ID_CH’
 1149 |         INIT_THREAD_ID_CH();                                                \
      |         ^~~~~~~~~~~~~~~~~
/home/osslab/mros2-wasm-service-communication-socket-journal/third_party/wamr/core/iwasm/interpreter/wasm_interp_classic.c:1189:9: note: in expansion of macro ‘DO_CHECKPOINT’
 1189 |         DO_CHECKPOINT();                                                    \
      |         ^~~~~~~~~~~~~
/home/osslab/mros2-wasm-service-communication-socket-journal/third_party/wamr/core/iwasm/interpreter/wasm_interp_classic.c:1201:9: note: in expansion of macro ‘CHECK_DUMP’
 1201 |         CHECK_DUMP()                     \
      |         ^~~~~~~~~~
/home/osslab/mros2-wasm-service-communication-socket-journal/third_party/wamr/core/iwasm/interpreter/wasm_interp_classic.c:1223:25: note: in expansion of macro ‘FETCH_OPCODE_AND_DISPATCH’
 1223 | #define HANDLE_OP_END() FETCH_OPCODE_AND_DISPATCH()
      |                         ^~~~~~~~~~~~~~~~~~~~~~~~~
/home/osslab/mros2-wasm-service-communication-socket-journal/third_party/wamr/core/iwasm/interpreter/wasm_interp_classic.c:3322:17: note: in expansion of macro ‘HANDLE_OP_END’
 3322 |                 HANDLE_OP_END();
      |                 ^~~~~~~~~~~~~
/home/osslab/mros2-wasm-service-communication-socket-journal/third_party/wamr/core/iwasm/interpreter/wasm_interp_classic.c:1153:17: warning: variable ‘dummy_sp’ set but not used [-Wunused-but-set-variable]
 1153 |         uint32 *dummy_sp;                                                   \
      |                 ^~~~~~~~
/home/osslab/mros2-wasm-service-communication-socket-journal/third_party/wamr/core/iwasm/interpreter/wasm_interp_classic.c:1189:9: note: in expansion of macro ‘DO_CHECKPOINT’
 1189 |         DO_CHECKPOINT();                                                    \
      |         ^~~~~~~~~~~~~
/home/osslab/mros2-wasm-service-communication-socket-journal/third_party/wamr/core/iwasm/interpreter/wasm_interp_classic.c:1201:9: note: in expansion of macro ‘CHECK_DUMP’
 1201 |         CHECK_DUMP()                     \
      |         ^~~~~~~~~~
/home/osslab/mros2-wasm-service-communication-socket-journal/third_party/wamr/core/iwasm/interpreter/wasm_interp_classic.c:1223:25: note: in expansion of macro ‘FETCH_OPCODE_AND_DISPATCH’
 1223 | #define HANDLE_OP_END() FETCH_OPCODE_AND_DISPATCH()
      |                         ^~~~~~~~~~~~~~~~~~~~~~~~~
/home/osslab/mros2-wasm-service-communication-socket-journal/third_party/wamr/core/iwasm/interpreter/wasm_interp_classic.c:3322:17: note: in expansion of macro ‘HANDLE_OP_END’
 3322 |                 HANDLE_OP_END();
      |                 ^~~~~~~~~~~~~
/home/osslab/mros2-wasm-service-communication-socket-journal/third_party/wamr/core/iwasm/interpreter/wasm_interp_classic.c:1106:16: warning: variable ‘arg’ set but not used [-Wunused-but-set-variable]
 1106 |         uint32 arg;                                                          \
      |                ^~~
/home/osslab/mros2-wasm-service-communication-socket-journal/third_party/wamr/core/iwasm/interpreter/wasm_interp_classic.c:1149:9: note: in expansion of macro ‘INIT_THREAD_ID_CH’
 1149 |         INIT_THREAD_ID_CH();                                                \
      |         ^~~~~~~~~~~~~~~~~
/home/osslab/mros2-wasm-service-communication-socket-journal/third_party/wamr/core/iwasm/interpreter/wasm_interp_classic.c:1189:9: note: in expansion of macro ‘DO_CHECKPOINT’
 1189 |         DO_CHECKPOINT();                                                    \
      |         ^~~~~~~~~~~~~
/home/osslab/mros2-wasm-service-communication-socket-journal/third_party/wamr/core/iwasm/interpreter/wasm_interp_classic.c:1201:9: note: in expansion of macro ‘CHECK_DUMP’
 1201 |         CHECK_DUMP()                     \
      |         ^~~~~~~~~~
/home/osslab/mros2-wasm-service-communication-socket-journal/third_party/wamr/core/iwasm/interpreter/wasm_interp_classic.c:1223:25: note: in expansion of macro ‘FETCH_OPCODE_AND_DISPATCH’
 1223 | #define HANDLE_OP_END() FETCH_OPCODE_AND_DISPATCH()
      |                         ^~~~~~~~~~~~~~~~~~~~~~~~~
/home/osslab/mros2-wasm-service-communication-socket-journal/third_party/wamr/core/iwasm/interpreter/wasm_interp_classic.c:3333:17: note: in expansion of macro ‘HANDLE_OP_END’
 3333 |                 HANDLE_OP_END();
      |                 ^~~~~~~~~~~~~
/home/osslab/mros2-wasm-service-communication-socket-journal/third_party/wamr/core/iwasm/interpreter/wasm_interp_classic.c:1153:17: warning: variable ‘dummy_sp’ set but not used [-Wunused-but-set-variable]
 1153 |         uint32 *dummy_sp;                                                   \
      |                 ^~~~~~~~
/home/osslab/mros2-wasm-service-communication-socket-journal/third_party/wamr/core/iwasm/interpreter/wasm_interp_classic.c:1189:9: note: in expansion of macro ‘DO_CHECKPOINT’
 1189 |         DO_CHECKPOINT();                                                    \
      |         ^~~~~~~~~~~~~
/home/osslab/mros2-wasm-service-communication-socket-journal/third_party/wamr/core/iwasm/interpreter/wasm_interp_classic.c:1201:9: note: in expansion of macro ‘CHECK_DUMP’
 1201 |         CHECK_DUMP()                     \
      |         ^~~~~~~~~~
/home/osslab/mros2-wasm-service-communication-socket-journal/third_party/wamr/core/iwasm/interpreter/wasm_interp_classic.c:1223:25: note: in expansion of macro ‘FETCH_OPCODE_AND_DISPATCH’
 1223 | #define HANDLE_OP_END() FETCH_OPCODE_AND_DISPATCH()
      |                         ^~~~~~~~~~~~~~~~~~~~~~~~~
/home/osslab/mros2-wasm-service-communication-socket-journal/third_party/wamr/core/iwasm/interpreter/wasm_interp_classic.c:3333:17: note: in expansion of macro ‘HANDLE_OP_END’
 3333 |                 HANDLE_OP_END();
      |                 ^~~~~~~~~~~~~
/home/osslab/mros2-wasm-service-communication-socket-journal/third_party/wamr/core/iwasm/interpreter/wasm_interp_classic.c:1106:16: warning: variable ‘arg’ set but not used [-Wunused-but-set-variable]
 1106 |         uint32 arg;                                                          \
      |                ^~~
/home/osslab/mros2-wasm-service-communication-socket-journal/third_party/wamr/core/iwasm/interpreter/wasm_interp_classic.c:1149:9: note: in expansion of macro ‘INIT_THREAD_ID_CH’
 1149 |         INIT_THREAD_ID_CH();                                                \
      |         ^~~~~~~~~~~~~~~~~
/home/osslab/mros2-wasm-service-communication-socket-journal/third_party/wamr/core/iwasm/interpreter/wasm_interp_classic.c:1189:9: note: in expansion of macro ‘DO_CHECKPOINT’
 1189 |         DO_CHECKPOINT();                                                    \
      |         ^~~~~~~~~~~~~
/home/osslab/mros2-wasm-service-communication-socket-journal/third_party/wamr/core/iwasm/interpreter/wasm_interp_classic.c:1201:9: note: in expansion of macro ‘CHECK_DUMP’
 1201 |         CHECK_DUMP()                     \
      |         ^~~~~~~~~~
/home/osslab/mros2-wasm-service-communication-socket-journal/third_party/wamr/core/iwasm/interpreter/wasm_interp_classic.c:1223:25: note: in expansion of macro ‘FETCH_OPCODE_AND_DISPATCH’
 1223 | #define HANDLE_OP_END() FETCH_OPCODE_AND_DISPATCH()
      |                         ^~~~~~~~~~~~~~~~~~~~~~~~~
/home/osslab/mros2-wasm-service-communication-socket-journal/third_party/wamr/core/iwasm/interpreter/wasm_interp_classic.c:3344:17: note: in expansion of macro ‘HANDLE_OP_END’
 3344 |                 HANDLE_OP_END();
      |                 ^~~~~~~~~~~~~
/home/osslab/mros2-wasm-service-communication-socket-journal/third_party/wamr/core/iwasm/interpreter/wasm_interp_classic.c:1153:17: warning: variable ‘dummy_sp’ set but not used [-Wunused-but-set-variable]
 1153 |         uint32 *dummy_sp;                                                   \
      |                 ^~~~~~~~
/home/osslab/mros2-wasm-service-communication-socket-journal/third_party/wamr/core/iwasm/interpreter/wasm_interp_classic.c:1189:9: note: in expansion of macro ‘DO_CHECKPOINT’
 1189 |         DO_CHECKPOINT();                                                    \
      |         ^~~~~~~~~~~~~
/home/osslab/mros2-wasm-service-communication-socket-journal/third_party/wamr/core/iwasm/interpreter/wasm_interp_classic.c:1201:9: note: in expansion of macro ‘CHECK_DUMP’
 1201 |         CHECK_DUMP()                     \
      |         ^~~~~~~~~~
/home/osslab/mros2-wasm-service-communication-socket-journal/third_party/wamr/core/iwasm/interpreter/wasm_interp_classic.c:1223:25: note: in expansion of macro ‘FETCH_OPCODE_AND_DISPATCH’
 1223 | #define HANDLE_OP_END() FETCH_OPCODE_AND_DISPATCH()
      |                         ^~~~~~~~~~~~~~~~~~~~~~~~~
/home/osslab/mros2-wasm-service-communication-socket-journal/third_party/wamr/core/iwasm/interpreter/wasm_interp_classic.c:3344:17: note: in expansion of macro ‘HANDLE_OP_END’
 3344 |                 HANDLE_OP_END();
      |                 ^~~~~~~~~~~~~
/home/osslab/mros2-wasm-service-communication-socket-journal/third_party/wamr/core/iwasm/interpreter/wasm_interp_classic.c:1106:16: warning: variable ‘arg’ set but not used [-Wunused-but-set-variable]
 1106 |         uint32 arg;                                                          \
      |                ^~~
/home/osslab/mros2-wasm-service-communication-socket-journal/third_party/wamr/core/iwasm/interpreter/wasm_interp_classic.c:1149:9: note: in expansion of macro ‘INIT_THREAD_ID_CH’
 1149 |         INIT_THREAD_ID_CH();                                                \
      |         ^~~~~~~~~~~~~~~~~
/home/osslab/mros2-wasm-service-communication-socket-journal/third_party/wamr/core/iwasm/interpreter/wasm_interp_classic.c:1189:9: note: in expansion of macro ‘DO_CHECKPOINT’
 1189 |         DO_CHECKPOINT();                                                    \
      |         ^~~~~~~~~~~~~
/home/osslab/mros2-wasm-service-communication-socket-journal/third_party/wamr/core/iwasm/interpreter/wasm_interp_classic.c:1201:9: note: in expansion of macro ‘CHECK_DUMP’
 1201 |         CHECK_DUMP()                     \
      |         ^~~~~~~~~~
/home/osslab/mros2-wasm-service-communication-socket-journal/third_party/wamr/core/iwasm/interpreter/wasm_interp_classic.c:1223:25: note: in expansion of macro ‘FETCH_OPCODE_AND_DISPATCH’
 1223 | #define HANDLE_OP_END() FETCH_OPCODE_AND_DISPATCH()
      |                         ^~~~~~~~~~~~~~~~~~~~~~~~~
/home/osslab/mros2-wasm-service-communication-socket-journal/third_party/wamr/core/iwasm/interpreter/wasm_interp_classic.c:3354:17: note: in expansion of macro ‘HANDLE_OP_END’
 3354 |                 HANDLE_OP_END();
      |                 ^~~~~~~~~~~~~
/home/osslab/mros2-wasm-service-communication-socket-journal/third_party/wamr/core/iwasm/interpreter/wasm_interp_classic.c:1153:17: warning: variable ‘dummy_sp’ set but not used [-Wunused-but-set-variable]
 1153 |         uint32 *dummy_sp;                                                   \
      |                 ^~~~~~~~
/home/osslab/mros2-wasm-service-communication-socket-journal/third_party/wamr/core/iwasm/interpreter/wasm_interp_classic.c:1189:9: note: in expansion of macro ‘DO_CHECKPOINT’
 1189 |         DO_CHECKPOINT();                                                    \
      |         ^~~~~~~~~~~~~
/home/osslab/mros2-wasm-service-communication-socket-journal/third_party/wamr/core/iwasm/interpreter/wasm_interp_classic.c:1201:9: note: in expansion of macro ‘CHECK_DUMP’
 1201 |         CHECK_DUMP()                     \
      |         ^~~~~~~~~~
/home/osslab/mros2-wasm-service-communication-socket-journal/third_party/wamr/core/iwasm/interpreter/wasm_interp_classic.c:1223:25: note: in expansion of macro ‘FETCH_OPCODE_AND_DISPATCH’
 1223 | #define HANDLE_OP_END() FETCH_OPCODE_AND_DISPATCH()
      |                         ^~~~~~~~~~~~~~~~~~~~~~~~~
/home/osslab/mros2-wasm-service-communication-socket-journal/third_party/wamr/core/iwasm/interpreter/wasm_interp_classic.c:3354:17: note: in expansion of macro ‘HANDLE_OP_END’
 3354 |                 HANDLE_OP_END();
      |                 ^~~~~~~~~~~~~
/home/osslab/mros2-wasm-service-communication-socket-journal/third_party/wamr/core/iwasm/interpreter/wasm_interp_classic.c:1106:16: warning: variable ‘arg’ set but not used [-Wunused-but-set-variable]
 1106 |         uint32 arg;                                                          \
      |                ^~~
/home/osslab/mros2-wasm-service-communication-socket-journal/third_party/wamr/core/iwasm/interpreter/wasm_interp_classic.c:1149:9: note: in expansion of macro ‘INIT_THREAD_ID_CH’
 1149 |         INIT_THREAD_ID_CH();                                                \
      |         ^~~~~~~~~~~~~~~~~
/home/osslab/mros2-wasm-service-communication-socket-journal/third_party/wamr/core/iwasm/interpreter/wasm_interp_classic.c:1189:9: note: in expansion of macro ‘DO_CHECKPOINT’
 1189 |         DO_CHECKPOINT();                                                    \
      |         ^~~~~~~~~~~~~
/home/osslab/mros2-wasm-service-communication-socket-journal/third_party/wamr/core/iwasm/interpreter/wasm_interp_classic.c:1201:9: note: in expansion of macro ‘CHECK_DUMP’
 1201 |         CHECK_DUMP()                     \
      |         ^~~~~~~~~~
/home/osslab/mros2-wasm-service-communication-socket-journal/third_party/wamr/core/iwasm/interpreter/wasm_interp_classic.c:1223:25: note: in expansion of macro ‘FETCH_OPCODE_AND_DISPATCH’
 1223 | #define HANDLE_OP_END() FETCH_OPCODE_AND_DISPATCH()
      |                         ^~~~~~~~~~~~~~~~~~~~~~~~~
/home/osslab/mros2-wasm-service-communication-socket-journal/third_party/wamr/core/iwasm/interpreter/wasm_interp_classic.c:3361:17: note: in expansion of macro ‘HANDLE_OP_END’
 3361 |                 HANDLE_OP_END();
      |                 ^~~~~~~~~~~~~
/home/osslab/mros2-wasm-service-communication-socket-journal/third_party/wamr/core/iwasm/interpreter/wasm_interp_classic.c:1153:17: warning: variable ‘dummy_sp’ set but not used [-Wunused-but-set-variable]
 1153 |         uint32 *dummy_sp;                                                   \
      |                 ^~~~~~~~
/home/osslab/mros2-wasm-service-communication-socket-journal/third_party/wamr/core/iwasm/interpreter/wasm_interp_classic.c:1189:9: note: in expansion of macro ‘DO_CHECKPOINT’
 1189 |         DO_CHECKPOINT();                                                    \
      |         ^~~~~~~~~~~~~
/home/osslab/mros2-wasm-service-communication-socket-journal/third_party/wamr/core/iwasm/interpreter/wasm_interp_classic.c:1201:9: note: in expansion of macro ‘CHECK_DUMP’
 1201 |         CHECK_DUMP()                     \
      |         ^~~~~~~~~~
/home/osslab/mros2-wasm-service-communication-socket-journal/third_party/wamr/core/iwasm/interpreter/wasm_interp_classic.c:1223:25: note: in expansion of macro ‘FETCH_OPCODE_AND_DISPATCH’
 1223 | #define HANDLE_OP_END() FETCH_OPCODE_AND_DISPATCH()
      |                         ^~~~~~~~~~~~~~~~~~~~~~~~~
/home/osslab/mros2-wasm-service-communication-socket-journal/third_party/wamr/core/iwasm/interpreter/wasm_interp_classic.c:3361:17: note: in expansion of macro ‘HANDLE_OP_END’
 3361 |                 HANDLE_OP_END();
      |                 ^~~~~~~~~~~~~
/home/osslab/mros2-wasm-service-communication-socket-journal/third_party/wamr/core/iwasm/interpreter/wasm_interp_classic.c:1106:16: warning: variable ‘arg’ set but not used [-Wunused-but-set-variable]
 1106 |         uint32 arg;                                                          \
      |                ^~~
/home/osslab/mros2-wasm-service-communication-socket-journal/third_party/wamr/core/iwasm/interpreter/wasm_interp_classic.c:1149:9: note: in expansion of macro ‘INIT_THREAD_ID_CH’
 1149 |         INIT_THREAD_ID_CH();                                                \
      |         ^~~~~~~~~~~~~~~~~
/home/osslab/mros2-wasm-service-communication-socket-journal/third_party/wamr/core/iwasm/interpreter/wasm_interp_classic.c:1189:9: note: in expansion of macro ‘DO_CHECKPOINT’
 1189 |         DO_CHECKPOINT();                                                    \
      |         ^~~~~~~~~~~~~
/home/osslab/mros2-wasm-service-communication-socket-journal/third_party/wamr/core/iwasm/interpreter/wasm_interp_classic.c:1201:9: note: in expansion of macro ‘CHECK_DUMP’
 1201 |         CHECK_DUMP()                     \
      |         ^~~~~~~~~~
/home/osslab/mros2-wasm-service-communication-socket-journal/third_party/wamr/core/iwasm/interpreter/wasm_interp_classic.c:1223:25: note: in expansion of macro ‘FETCH_OPCODE_AND_DISPATCH’
 1223 | #define HANDLE_OP_END() FETCH_OPCODE_AND_DISPATCH()
      |                         ^~~~~~~~~~~~~~~~~~~~~~~~~
/home/osslab/mros2-wasm-service-communication-socket-journal/third_party/wamr/core/iwasm/interpreter/wasm_interp_classic.c:3372:17: note: in expansion of macro ‘HANDLE_OP_END’
 3372 |                 HANDLE_OP_END();
      |                 ^~~~~~~~~~~~~
/home/osslab/mros2-wasm-service-communication-socket-journal/third_party/wamr/core/iwasm/interpreter/wasm_interp_classic.c:1153:17: warning: variable ‘dummy_sp’ set but not used [-Wunused-but-set-variable]
 1153 |         uint32 *dummy_sp;                                                   \
      |                 ^~~~~~~~
/home/osslab/mros2-wasm-service-communication-socket-journal/third_party/wamr/core/iwasm/interpreter/wasm_interp_classic.c:1189:9: note: in expansion of macro ‘DO_CHECKPOINT’
 1189 |         DO_CHECKPOINT();                                                    \
      |         ^~~~~~~~~~~~~
/home/osslab/mros2-wasm-service-communication-socket-journal/third_party/wamr/core/iwasm/interpreter/wasm_interp_classic.c:1201:9: note: in expansion of macro ‘CHECK_DUMP’
 1201 |         CHECK_DUMP()                     \
      |         ^~~~~~~~~~
/home/osslab/mros2-wasm-service-communication-socket-journal/third_party/wamr/core/iwasm/interpreter/wasm_interp_classic.c:1223:25: note: in expansion of macro ‘FETCH_OPCODE_AND_DISPATCH’
 1223 | #define HANDLE_OP_END() FETCH_OPCODE_AND_DISPATCH()
      |                         ^~~~~~~~~~~~~~~~~~~~~~~~~
/home/osslab/mros2-wasm-service-communication-socket-journal/third_party/wamr/core/iwasm/interpreter/wasm_interp_classic.c:3372:17: note: in expansion of macro ‘HANDLE_OP_END’
 3372 |                 HANDLE_OP_END();
      |                 ^~~~~~~~~~~~~
/home/osslab/mros2-wasm-service-communication-socket-journal/third_party/wamr/core/iwasm/interpreter/wasm_interp_classic.c:1106:16: warning: variable ‘arg’ set but not used [-Wunused-but-set-variable]
 1106 |         uint32 arg;                                                          \
      |                ^~~
/home/osslab/mros2-wasm-service-communication-socket-journal/third_party/wamr/core/iwasm/interpreter/wasm_interp_classic.c:1149:9: note: in expansion of macro ‘INIT_THREAD_ID_CH’
 1149 |         INIT_THREAD_ID_CH();                                                \
      |         ^~~~~~~~~~~~~~~~~
/home/osslab/mros2-wasm-service-communication-socket-journal/third_party/wamr/core/iwasm/interpreter/wasm_interp_classic.c:1189:9: note: in expansion of macro ‘DO_CHECKPOINT’
 1189 |         DO_CHECKPOINT();                                                    \
      |         ^~~~~~~~~~~~~
/home/osslab/mros2-wasm-service-communication-socket-journal/third_party/wamr/core/iwasm/interpreter/wasm_interp_classic.c:1201:9: note: in expansion of macro ‘CHECK_DUMP’
 1201 |         CHECK_DUMP()                     \
      |         ^~~~~~~~~~
/home/osslab/mros2-wasm-service-communication-socket-journal/third_party/wamr/core/iwasm/interpreter/wasm_interp_classic.c:1223:25: note: in expansion of macro ‘FETCH_OPCODE_AND_DISPATCH’
 1223 | #define HANDLE_OP_END() FETCH_OPCODE_AND_DISPATCH()
      |                         ^~~~~~~~~~~~~~~~~~~~~~~~~
/home/osslab/mros2-wasm-service-communication-socket-journal/third_party/wamr/core/iwasm/interpreter/wasm_interp_classic.c:3378:17: note: in expansion of macro ‘HANDLE_OP_END’
 3378 |                 HANDLE_OP_END();
      |                 ^~~~~~~~~~~~~
/home/osslab/mros2-wasm-service-communication-socket-journal/third_party/wamr/core/iwasm/interpreter/wasm_interp_classic.c:1153:17: warning: variable ‘dummy_sp’ set but not used [-Wunused-but-set-variable]
 1153 |         uint32 *dummy_sp;                                                   \
      |                 ^~~~~~~~
/home/osslab/mros2-wasm-service-communication-socket-journal/third_party/wamr/core/iwasm/interpreter/wasm_interp_classic.c:1189:9: note: in expansion of macro ‘DO_CHECKPOINT’
 1189 |         DO_CHECKPOINT();                                                    \
      |         ^~~~~~~~~~~~~
/home/osslab/mros2-wasm-service-communication-socket-journal/third_party/wamr/core/iwasm/interpreter/wasm_interp_classic.c:1201:9: note: in expansion of macro ‘CHECK_DUMP’
 1201 |         CHECK_DUMP()                     \
      |         ^~~~~~~~~~
/home/osslab/mros2-wasm-service-communication-socket-journal/third_party/wamr/core/iwasm/interpreter/wasm_interp_classic.c:1223:25: note: in expansion of macro ‘FETCH_OPCODE_AND_DISPATCH’
 1223 | #define HANDLE_OP_END() FETCH_OPCODE_AND_DISPATCH()
      |                         ^~~~~~~~~~~~~~~~~~~~~~~~~
/home/osslab/mros2-wasm-service-communication-socket-journal/third_party/wamr/core/iwasm/interpreter/wasm_interp_classic.c:3378:17: note: in expansion of macro ‘HANDLE_OP_END’
 3378 |                 HANDLE_OP_END();
      |                 ^~~~~~~~~~~~~
/home/osslab/mros2-wasm-service-communication-socket-journal/third_party/wamr/core/iwasm/interpreter/wasm_interp_classic.c:1106:16: warning: variable ‘arg’ set but not used [-Wunused-but-set-variable]
 1106 |         uint32 arg;                                                          \
      |                ^~~
/home/osslab/mros2-wasm-service-communication-socket-journal/third_party/wamr/core/iwasm/interpreter/wasm_interp_classic.c:1149:9: note: in expansion of macro ‘INIT_THREAD_ID_CH’
 1149 |         INIT_THREAD_ID_CH();                                                \
      |         ^~~~~~~~~~~~~~~~~
/home/osslab/mros2-wasm-service-communication-socket-journal/third_party/wamr/core/iwasm/interpreter/wasm_interp_classic.c:1189:9: note: in expansion of macro ‘DO_CHECKPOINT’
 1189 |         DO_CHECKPOINT();                                                    \
      |         ^~~~~~~~~~~~~
/home/osslab/mros2-wasm-service-communication-socket-journal/third_party/wamr/core/iwasm/interpreter/wasm_interp_classic.c:1201:9: note: in expansion of macro ‘CHECK_DUMP’
 1201 |         CHECK_DUMP()                     \
      |         ^~~~~~~~~~
/home/osslab/mros2-wasm-service-communication-socket-journal/third_party/wamr/core/iwasm/interpreter/wasm_interp_classic.c:1223:25: note: in expansion of macro ‘FETCH_OPCODE_AND_DISPATCH’
 1223 | #define HANDLE_OP_END() FETCH_OPCODE_AND_DISPATCH()
      |                         ^~~~~~~~~~~~~~~~~~~~~~~~~
/home/osslab/mros2-wasm-service-communication-socket-journal/third_party/wamr/core/iwasm/interpreter/wasm_interp_classic.c:3384:17: note: in expansion of macro ‘HANDLE_OP_END’
 3384 |                 HANDLE_OP_END();
      |                 ^~~~~~~~~~~~~
/home/osslab/mros2-wasm-service-communication-socket-journal/third_party/wamr/core/iwasm/interpreter/wasm_interp_classic.c:1153:17: warning: variable ‘dummy_sp’ set but not used [-Wunused-but-set-variable]
 1153 |         uint32 *dummy_sp;                                                   \
      |                 ^~~~~~~~
/home/osslab/mros2-wasm-service-communication-socket-journal/third_party/wamr/core/iwasm/interpreter/wasm_interp_classic.c:1189:9: note: in expansion of macro ‘DO_CHECKPOINT’
 1189 |         DO_CHECKPOINT();                                                    \
      |         ^~~~~~~~~~~~~
/home/osslab/mros2-wasm-service-communication-socket-journal/third_party/wamr/core/iwasm/interpreter/wasm_interp_classic.c:1201:9: note: in expansion of macro ‘CHECK_DUMP’
 1201 |         CHECK_DUMP()                     \
      |         ^~~~~~~~~~
/home/osslab/mros2-wasm-service-communication-socket-journal/third_party/wamr/core/iwasm/interpreter/wasm_interp_classic.c:1223:25: note: in expansion of macro ‘FETCH_OPCODE_AND_DISPATCH’
 1223 | #define HANDLE_OP_END() FETCH_OPCODE_AND_DISPATCH()
      |                         ^~~~~~~~~~~~~~~~~~~~~~~~~
/home/osslab/mros2-wasm-service-communication-socket-journal/third_party/wamr/core/iwasm/interpreter/wasm_interp_classic.c:3384:17: note: in expansion of macro ‘HANDLE_OP_END’
 3384 |                 HANDLE_OP_END();
      |                 ^~~~~~~~~~~~~
/home/osslab/mros2-wasm-service-communication-socket-journal/third_party/wamr/core/iwasm/interpreter/wasm_interp_classic.c:1106:16: warning: variable ‘arg’ set but not used [-Wunused-but-set-variable]
 1106 |         uint32 arg;                                                          \
      |                ^~~
/home/osslab/mros2-wasm-service-communication-socket-journal/third_party/wamr/core/iwasm/interpreter/wasm_interp_classic.c:1149:9: note: in expansion of macro ‘INIT_THREAD_ID_CH’
 1149 |         INIT_THREAD_ID_CH();                                                \
      |         ^~~~~~~~~~~~~~~~~
/home/osslab/mros2-wasm-service-communication-socket-journal/third_party/wamr/core/iwasm/interpreter/wasm_interp_classic.c:1189:9: note: in expansion of macro ‘DO_CHECKPOINT’
 1189 |         DO_CHECKPOINT();                                                    \
      |         ^~~~~~~~~~~~~
/home/osslab/mros2-wasm-service-communication-socket-journal/third_party/wamr/core/iwasm/interpreter/wasm_interp_classic.c:1201:9: note: in expansion of macro ‘CHECK_DUMP’
 1201 |         CHECK_DUMP()                     \
      |         ^~~~~~~~~~
/home/osslab/mros2-wasm-service-communication-socket-journal/third_party/wamr/core/iwasm/interpreter/wasm_interp_classic.c:1223:25: note: in expansion of macro ‘FETCH_OPCODE_AND_DISPATCH’
 1223 | #define HANDLE_OP_END() FETCH_OPCODE_AND_DISPATCH()
      |                         ^~~~~~~~~~~~~~~~~~~~~~~~~
/home/osslab/mros2-wasm-service-communication-socket-journal/third_party/wamr/core/iwasm/interpreter/wasm_interp_classic.c:3390:17: note: in expansion of macro ‘HANDLE_OP_END’
 3390 |                 HANDLE_OP_END();
      |                 ^~~~~~~~~~~~~
/home/osslab/mros2-wasm-service-communication-socket-journal/third_party/wamr/core/iwasm/interpreter/wasm_interp_classic.c:1153:17: warning: variable ‘dummy_sp’ set but not used [-Wunused-but-set-variable]
 1153 |         uint32 *dummy_sp;                                                   \
      |                 ^~~~~~~~
/home/osslab/mros2-wasm-service-communication-socket-journal/third_party/wamr/core/iwasm/interpreter/wasm_interp_classic.c:1189:9: note: in expansion of macro ‘DO_CHECKPOINT’
 1189 |         DO_CHECKPOINT();                                                    \
      |         ^~~~~~~~~~~~~
/home/osslab/mros2-wasm-service-communication-socket-journal/third_party/wamr/core/iwasm/interpreter/wasm_interp_classic.c:1201:9: note: in expansion of macro ‘CHECK_DUMP’
 1201 |         CHECK_DUMP()                     \
      |         ^~~~~~~~~~
/home/osslab/mros2-wasm-service-communication-socket-journal/third_party/wamr/core/iwasm/interpreter/wasm_interp_classic.c:1223:25: note: in expansion of macro ‘FETCH_OPCODE_AND_DISPATCH’
 1223 | #define HANDLE_OP_END() FETCH_OPCODE_AND_DISPATCH()
      |                         ^~~~~~~~~~~~~~~~~~~~~~~~~
/home/osslab/mros2-wasm-service-communication-socket-journal/third_party/wamr/core/iwasm/interpreter/wasm_interp_classic.c:3390:17: note: in expansion of macro ‘HANDLE_OP_END’
 3390 |                 HANDLE_OP_END();
      |                 ^~~~~~~~~~~~~
/home/osslab/mros2-wasm-service-communication-socket-journal/third_party/wamr/core/iwasm/interpreter/wasm_interp_classic.c:1106:16: warning: variable ‘arg’ set but not used [-Wunused-but-set-variable]
 1106 |         uint32 arg;                                                          \
      |                ^~~
/home/osslab/mros2-wasm-service-communication-socket-journal/third_party/wamr/core/iwasm/interpreter/wasm_interp_classic.c:1149:9: note: in expansion of macro ‘INIT_THREAD_ID_CH’
 1149 |         INIT_THREAD_ID_CH();                                                \
      |         ^~~~~~~~~~~~~~~~~
/home/osslab/mros2-wasm-service-communication-socket-journal/third_party/wamr/core/iwasm/interpreter/wasm_interp_classic.c:1189:9: note: in expansion of macro ‘DO_CHECKPOINT’
 1189 |         DO_CHECKPOINT();                                                    \
      |         ^~~~~~~~~~~~~
/home/osslab/mros2-wasm-service-communication-socket-journal/third_party/wamr/core/iwasm/interpreter/wasm_interp_classic.c:1201:9: note: in expansion of macro ‘CHECK_DUMP’
 1201 |         CHECK_DUMP()                     \
      |         ^~~~~~~~~~
/home/osslab/mros2-wasm-service-communication-socket-journal/third_party/wamr/core/iwasm/interpreter/wasm_interp_classic.c:1223:25: note: in expansion of macro ‘FETCH_OPCODE_AND_DISPATCH’
 1223 | #define HANDLE_OP_END() FETCH_OPCODE_AND_DISPATCH()
      |                         ^~~~~~~~~~~~~~~~~~~~~~~~~
/home/osslab/mros2-wasm-service-communication-socket-journal/third_party/wamr/core/iwasm/interpreter/wasm_interp_classic.c:3396:17: note: in expansion of macro ‘HANDLE_OP_END’
 3396 |                 HANDLE_OP_END();
      |                 ^~~~~~~~~~~~~
/home/osslab/mros2-wasm-service-communication-socket-journal/third_party/wamr/core/iwasm/interpreter/wasm_interp_classic.c:1153:17: warning: variable ‘dummy_sp’ set but not used [-Wunused-but-set-variable]
 1153 |         uint32 *dummy_sp;                                                   \
      |                 ^~~~~~~~
/home/osslab/mros2-wasm-service-communication-socket-journal/third_party/wamr/core/iwasm/interpreter/wasm_interp_classic.c:1189:9: note: in expansion of macro ‘DO_CHECKPOINT’
 1189 |         DO_CHECKPOINT();                                                    \
      |         ^~~~~~~~~~~~~
/home/osslab/mros2-wasm-service-communication-socket-journal/third_party/wamr/core/iwasm/interpreter/wasm_interp_classic.c:1201:9: note: in expansion of macro ‘CHECK_DUMP’
 1201 |         CHECK_DUMP()                     \
      |         ^~~~~~~~~~
/home/osslab/mros2-wasm-service-communication-socket-journal/third_party/wamr/core/iwasm/interpreter/wasm_interp_classic.c:1223:25: note: in expansion of macro ‘FETCH_OPCODE_AND_DISPATCH’
 1223 | #define HANDLE_OP_END() FETCH_OPCODE_AND_DISPATCH()
      |                         ^~~~~~~~~~~~~~~~~~~~~~~~~
/home/osslab/mros2-wasm-service-communication-socket-journal/third_party/wamr/core/iwasm/interpreter/wasm_interp_classic.c:3396:17: note: in expansion of macro ‘HANDLE_OP_END’
 3396 |                 HANDLE_OP_END();
      |                 ^~~~~~~~~~~~~
/home/osslab/mros2-wasm-service-communication-socket-journal/third_party/wamr/core/iwasm/interpreter/wasm_interp_classic.c:1106:16: warning: variable ‘arg’ set but not used [-Wunused-but-set-variable]
 1106 |         uint32 arg;                                                          \
      |                ^~~
/home/osslab/mros2-wasm-service-communication-socket-journal/third_party/wamr/core/iwasm/interpreter/wasm_interp_classic.c:1149:9: note: in expansion of macro ‘INIT_THREAD_ID_CH’
 1149 |         INIT_THREAD_ID_CH();                                                \
      |         ^~~~~~~~~~~~~~~~~
/home/osslab/mros2-wasm-service-communication-socket-journal/third_party/wamr/core/iwasm/interpreter/wasm_interp_classic.c:1189:9: note: in expansion of macro ‘DO_CHECKPOINT’
 1189 |         DO_CHECKPOINT();                                                    \
      |         ^~~~~~~~~~~~~
/home/osslab/mros2-wasm-service-communication-socket-journal/third_party/wamr/core/iwasm/interpreter/wasm_interp_classic.c:1201:9: note: in expansion of macro ‘CHECK_DUMP’
 1201 |         CHECK_DUMP()                     \
      |         ^~~~~~~~~~
/home/osslab/mros2-wasm-service-communication-socket-journal/third_party/wamr/core/iwasm/interpreter/wasm_interp_classic.c:1223:25: note: in expansion of macro ‘FETCH_OPCODE_AND_DISPATCH’
 1223 | #define HANDLE_OP_END() FETCH_OPCODE_AND_DISPATCH()
      |                         ^~~~~~~~~~~~~~~~~~~~~~~~~
/home/osslab/mros2-wasm-service-communication-socket-journal/third_party/wamr/core/iwasm/interpreter/wasm_interp_classic.c:3402:17: note: in expansion of macro ‘HANDLE_OP_END’
 3402 |                 HANDLE_OP_END();
      |                 ^~~~~~~~~~~~~
/home/osslab/mros2-wasm-service-communication-socket-journal/third_party/wamr/core/iwasm/interpreter/wasm_interp_classic.c:1153:17: warning: variable ‘dummy_sp’ set but not used [-Wunused-but-set-variable]
 1153 |         uint32 *dummy_sp;                                                   \
      |                 ^~~~~~~~
/home/osslab/mros2-wasm-service-communication-socket-journal/third_party/wamr/core/iwasm/interpreter/wasm_interp_classic.c:1189:9: note: in expansion of macro ‘DO_CHECKPOINT’
 1189 |         DO_CHECKPOINT();                                                    \
      |         ^~~~~~~~~~~~~
/home/osslab/mros2-wasm-service-communication-socket-journal/third_party/wamr/core/iwasm/interpreter/wasm_interp_classic.c:1201:9: note: in expansion of macro ‘CHECK_DUMP’
 1201 |         CHECK_DUMP()                     \
      |         ^~~~~~~~~~
/home/osslab/mros2-wasm-service-communication-socket-journal/third_party/wamr/core/iwasm/interpreter/wasm_interp_classic.c:1223:25: note: in expansion of macro ‘FETCH_OPCODE_AND_DISPATCH’
 1223 | #define HANDLE_OP_END() FETCH_OPCODE_AND_DISPATCH()
      |                         ^~~~~~~~~~~~~~~~~~~~~~~~~
/home/osslab/mros2-wasm-service-communication-socket-journal/third_party/wamr/core/iwasm/interpreter/wasm_interp_classic.c:3402:17: note: in expansion of macro ‘HANDLE_OP_END’
 3402 |                 HANDLE_OP_END();
      |                 ^~~~~~~~~~~~~
/home/osslab/mros2-wasm-service-communication-socket-journal/third_party/wamr/core/iwasm/interpreter/wasm_interp_classic.c:1106:16: warning: variable ‘arg’ set but not used [-Wunused-but-set-variable]
 1106 |         uint32 arg;                                                          \
      |                ^~~
/home/osslab/mros2-wasm-service-communication-socket-journal/third_party/wamr/core/iwasm/interpreter/wasm_interp_classic.c:1149:9: note: in expansion of macro ‘INIT_THREAD_ID_CH’
 1149 |         INIT_THREAD_ID_CH();                                                \
      |         ^~~~~~~~~~~~~~~~~
/home/osslab/mros2-wasm-service-communication-socket-journal/third_party/wamr/core/iwasm/interpreter/wasm_interp_classic.c:1189:9: note: in expansion of macro ‘DO_CHECKPOINT’
 1189 |         DO_CHECKPOINT();                                                    \
      |         ^~~~~~~~~~~~~
/home/osslab/mros2-wasm-service-communication-socket-journal/third_party/wamr/core/iwasm/interpreter/wasm_interp_classic.c:1201:9: note: in expansion of macro ‘CHECK_DUMP’
 1201 |         CHECK_DUMP()                     \
      |         ^~~~~~~~~~
/home/osslab/mros2-wasm-service-communication-socket-journal/third_party/wamr/core/iwasm/interpreter/wasm_interp_classic.c:1223:25: note: in expansion of macro ‘FETCH_OPCODE_AND_DISPATCH’
 1223 | #define HANDLE_OP_END() FETCH_OPCODE_AND_DISPATCH()
      |                         ^~~~~~~~~~~~~~~~~~~~~~~~~
/home/osslab/mros2-wasm-service-communication-socket-journal/third_party/wamr/core/iwasm/interpreter/wasm_interp_classic.c:3408:17: note: in expansion of macro ‘HANDLE_OP_END’
 3408 |                 HANDLE_OP_END();
      |                 ^~~~~~~~~~~~~
/home/osslab/mros2-wasm-service-communication-socket-journal/third_party/wamr/core/iwasm/interpreter/wasm_interp_classic.c:1153:17: warning: variable ‘dummy_sp’ set but not used [-Wunused-but-set-variable]
 1153 |         uint32 *dummy_sp;                                                   \
      |                 ^~~~~~~~
/home/osslab/mros2-wasm-service-communication-socket-journal/third_party/wamr/core/iwasm/interpreter/wasm_interp_classic.c:1189:9: note: in expansion of macro ‘DO_CHECKPOINT’
 1189 |         DO_CHECKPOINT();                                                    \
      |         ^~~~~~~~~~~~~
/home/osslab/mros2-wasm-service-communication-socket-journal/third_party/wamr/core/iwasm/interpreter/wasm_interp_classic.c:1201:9: note: in expansion of macro ‘CHECK_DUMP’
 1201 |         CHECK_DUMP()                     \
      |         ^~~~~~~~~~
/home/osslab/mros2-wasm-service-communication-socket-journal/third_party/wamr/core/iwasm/interpreter/wasm_interp_classic.c:1223:25: note: in expansion of macro ‘FETCH_OPCODE_AND_DISPATCH’
 1223 | #define HANDLE_OP_END() FETCH_OPCODE_AND_DISPATCH()
      |                         ^~~~~~~~~~~~~~~~~~~~~~~~~
/home/osslab/mros2-wasm-service-communication-socket-journal/third_party/wamr/core/iwasm/interpreter/wasm_interp_classic.c:3408:17: note: in expansion of macro ‘HANDLE_OP_END’
 3408 |                 HANDLE_OP_END();
      |                 ^~~~~~~~~~~~~
/home/osslab/mros2-wasm-service-communication-socket-journal/third_party/wamr/core/iwasm/interpreter/wasm_interp_classic.c:1106:16: warning: variable ‘arg’ set but not used [-Wunused-but-set-variable]
 1106 |         uint32 arg;                                                          \
      |                ^~~
/home/osslab/mros2-wasm-service-communication-socket-journal/third_party/wamr/core/iwasm/interpreter/wasm_interp_classic.c:1149:9: note: in expansion of macro ‘INIT_THREAD_ID_CH’
 1149 |         INIT_THREAD_ID_CH();                                                \
      |         ^~~~~~~~~~~~~~~~~
/home/osslab/mros2-wasm-service-communication-socket-journal/third_party/wamr/core/iwasm/interpreter/wasm_interp_classic.c:1189:9: note: in expansion of macro ‘DO_CHECKPOINT’
 1189 |         DO_CHECKPOINT();                                                    \
      |         ^~~~~~~~~~~~~
/home/osslab/mros2-wasm-service-communication-socket-journal/third_party/wamr/core/iwasm/interpreter/wasm_interp_classic.c:1201:9: note: in expansion of macro ‘CHECK_DUMP’
 1201 |         CHECK_DUMP()                     \
      |         ^~~~~~~~~~
/home/osslab/mros2-wasm-service-communication-socket-journal/third_party/wamr/core/iwasm/interpreter/wasm_interp_classic.c:1223:25: note: in expansion of macro ‘FETCH_OPCODE_AND_DISPATCH’
 1223 | #define HANDLE_OP_END() FETCH_OPCODE_AND_DISPATCH()
      |                         ^~~~~~~~~~~~~~~~~~~~~~~~~
/home/osslab/mros2-wasm-service-communication-socket-journal/third_party/wamr/core/iwasm/interpreter/wasm_interp_classic.c:3414:17: note: in expansion of macro ‘HANDLE_OP_END’
 3414 |                 HANDLE_OP_END();
      |                 ^~~~~~~~~~~~~
/home/osslab/mros2-wasm-service-communication-socket-journal/third_party/wamr/core/iwasm/interpreter/wasm_interp_classic.c:1153:17: warning: variable ‘dummy_sp’ set but not used [-Wunused-but-set-variable]
 1153 |         uint32 *dummy_sp;                                                   \
      |                 ^~~~~~~~
/home/osslab/mros2-wasm-service-communication-socket-journal/third_party/wamr/core/iwasm/interpreter/wasm_interp_classic.c:1189:9: note: in expansion of macro ‘DO_CHECKPOINT’
 1189 |         DO_CHECKPOINT();                                                    \
      |         ^~~~~~~~~~~~~
/home/osslab/mros2-wasm-service-communication-socket-journal/third_party/wamr/core/iwasm/interpreter/wasm_interp_classic.c:1201:9: note: in expansion of macro ‘CHECK_DUMP’
 1201 |         CHECK_DUMP()                     \
      |         ^~~~~~~~~~
/home/osslab/mros2-wasm-service-communication-socket-journal/third_party/wamr/core/iwasm/interpreter/wasm_interp_classic.c:1223:25: note: in expansion of macro ‘FETCH_OPCODE_AND_DISPATCH’
 1223 | #define HANDLE_OP_END() FETCH_OPCODE_AND_DISPATCH()
      |                         ^~~~~~~~~~~~~~~~~~~~~~~~~
/home/osslab/mros2-wasm-service-communication-socket-journal/third_party/wamr/core/iwasm/interpreter/wasm_interp_classic.c:3414:17: note: in expansion of macro ‘HANDLE_OP_END’
 3414 |                 HANDLE_OP_END();
      |                 ^~~~~~~~~~~~~
/home/osslab/mros2-wasm-service-communication-socket-journal/third_party/wamr/core/iwasm/interpreter/wasm_interp_classic.c:1106:16: warning: variable ‘arg’ set but not used [-Wunused-but-set-variable]
 1106 |         uint32 arg;                                                          \
      |                ^~~
/home/osslab/mros2-wasm-service-communication-socket-journal/third_party/wamr/core/iwasm/interpreter/wasm_interp_classic.c:1149:9: note: in expansion of macro ‘INIT_THREAD_ID_CH’
 1149 |         INIT_THREAD_ID_CH();                                                \
      |         ^~~~~~~~~~~~~~~~~
/home/osslab/mros2-wasm-service-communication-socket-journal/third_party/wamr/core/iwasm/interpreter/wasm_interp_classic.c:1189:9: note: in expansion of macro ‘DO_CHECKPOINT’
 1189 |         DO_CHECKPOINT();                                                    \
      |         ^~~~~~~~~~~~~
/home/osslab/mros2-wasm-service-communication-socket-journal/third_party/wamr/core/iwasm/interpreter/wasm_interp_classic.c:1201:9: note: in expansion of macro ‘CHECK_DUMP’
 1201 |         CHECK_DUMP()                     \
      |         ^~~~~~~~~~
/home/osslab/mros2-wasm-service-communication-socket-journal/third_party/wamr/core/iwasm/interpreter/wasm_interp_classic.c:1223:25: note: in expansion of macro ‘FETCH_OPCODE_AND_DISPATCH’
 1223 | #define HANDLE_OP_END() FETCH_OPCODE_AND_DISPATCH()
      |                         ^~~~~~~~~~~~~~~~~~~~~~~~~
/home/osslab/mros2-wasm-service-communication-socket-journal/third_party/wamr/core/iwasm/interpreter/wasm_interp_classic.c:3420:17: note: in expansion of macro ‘HANDLE_OP_END’
 3420 |                 HANDLE_OP_END();
      |                 ^~~~~~~~~~~~~
/home/osslab/mros2-wasm-service-communication-socket-journal/third_party/wamr/core/iwasm/interpreter/wasm_interp_classic.c:1153:17: warning: variable ‘dummy_sp’ set but not used [-Wunused-but-set-variable]
 1153 |         uint32 *dummy_sp;                                                   \
      |                 ^~~~~~~~
/home/osslab/mros2-wasm-service-communication-socket-journal/third_party/wamr/core/iwasm/interpreter/wasm_interp_classic.c:1189:9: note: in expansion of macro ‘DO_CHECKPOINT’
 1189 |         DO_CHECKPOINT();                                                    \
      |         ^~~~~~~~~~~~~
/home/osslab/mros2-wasm-service-communication-socket-journal/third_party/wamr/core/iwasm/interpreter/wasm_interp_classic.c:1201:9: note: in expansion of macro ‘CHECK_DUMP’
 1201 |         CHECK_DUMP()                     \
      |         ^~~~~~~~~~
/home/osslab/mros2-wasm-service-communication-socket-journal/third_party/wamr/core/iwasm/interpreter/wasm_interp_classic.c:1223:25: note: in expansion of macro ‘FETCH_OPCODE_AND_DISPATCH’
 1223 | #define HANDLE_OP_END() FETCH_OPCODE_AND_DISPATCH()
      |                         ^~~~~~~~~~~~~~~~~~~~~~~~~
/home/osslab/mros2-wasm-service-communication-socket-journal/third_party/wamr/core/iwasm/interpreter/wasm_interp_classic.c:3420:17: note: in expansion of macro ‘HANDLE_OP_END’
 3420 |                 HANDLE_OP_END();
      |                 ^~~~~~~~~~~~~
/home/osslab/mros2-wasm-service-communication-socket-journal/third_party/wamr/core/iwasm/interpreter/wasm_interp_classic.c:1106:16: warning: variable ‘arg’ set but not used [-Wunused-but-set-variable]
 1106 |         uint32 arg;                                                          \
      |                ^~~
/home/osslab/mros2-wasm-service-communication-socket-journal/third_party/wamr/core/iwasm/interpreter/wasm_interp_classic.c:1149:9: note: in expansion of macro ‘INIT_THREAD_ID_CH’
 1149 |         INIT_THREAD_ID_CH();                                                \
      |         ^~~~~~~~~~~~~~~~~
/home/osslab/mros2-wasm-service-communication-socket-journal/third_party/wamr/core/iwasm/interpreter/wasm_interp_classic.c:1189:9: note: in expansion of macro ‘DO_CHECKPOINT’
 1189 |         DO_CHECKPOINT();                                                    \
      |         ^~~~~~~~~~~~~
/home/osslab/mros2-wasm-service-communication-socket-journal/third_party/wamr/core/iwasm/interpreter/wasm_interp_classic.c:1201:9: note: in expansion of macro ‘CHECK_DUMP’
 1201 |         CHECK_DUMP()                     \
      |         ^~~~~~~~~~
/home/osslab/mros2-wasm-service-communication-socket-journal/third_party/wamr/core/iwasm/interpreter/wasm_interp_classic.c:1223:25: note: in expansion of macro ‘FETCH_OPCODE_AND_DISPATCH’
 1223 | #define HANDLE_OP_END() FETCH_OPCODE_AND_DISPATCH()
      |                         ^~~~~~~~~~~~~~~~~~~~~~~~~
/home/osslab/mros2-wasm-service-communication-socket-journal/third_party/wamr/core/iwasm/interpreter/wasm_interp_classic.c:3426:17: note: in expansion of macro ‘HANDLE_OP_END’
 3426 |                 HANDLE_OP_END();
      |                 ^~~~~~~~~~~~~
/home/osslab/mros2-wasm-service-communication-socket-journal/third_party/wamr/core/iwasm/interpreter/wasm_interp_classic.c:1153:17: warning: variable ‘dummy_sp’ set but not used [-Wunused-but-set-variable]
 1153 |         uint32 *dummy_sp;                                                   \
      |                 ^~~~~~~~
/home/osslab/mros2-wasm-service-communication-socket-journal/third_party/wamr/core/iwasm/interpreter/wasm_interp_classic.c:1189:9: note: in expansion of macro ‘DO_CHECKPOINT’
 1189 |         DO_CHECKPOINT();                                                    \
      |         ^~~~~~~~~~~~~
/home/osslab/mros2-wasm-service-communication-socket-journal/third_party/wamr/core/iwasm/interpreter/wasm_interp_classic.c:1201:9: note: in expansion of macro ‘CHECK_DUMP’
 1201 |         CHECK_DUMP()                     \
      |         ^~~~~~~~~~
/home/osslab/mros2-wasm-service-communication-socket-journal/third_party/wamr/core/iwasm/interpreter/wasm_interp_classic.c:1223:25: note: in expansion of macro ‘FETCH_OPCODE_AND_DISPATCH’
 1223 | #define HANDLE_OP_END() FETCH_OPCODE_AND_DISPATCH()
      |                         ^~~~~~~~~~~~~~~~~~~~~~~~~
/home/osslab/mros2-wasm-service-communication-socket-journal/third_party/wamr/core/iwasm/interpreter/wasm_interp_classic.c:3426:17: note: in expansion of macro ‘HANDLE_OP_END’
 3426 |                 HANDLE_OP_END();
      |                 ^~~~~~~~~~~~~
/home/osslab/mros2-wasm-service-communication-socket-journal/third_party/wamr/core/iwasm/interpreter/wasm_interp_classic.c:1106:16: warning: variable ‘arg’ set but not used [-Wunused-but-set-variable]
 1106 |         uint32 arg;                                                          \
      |                ^~~
/home/osslab/mros2-wasm-service-communication-socket-journal/third_party/wamr/core/iwasm/interpreter/wasm_interp_classic.c:1149:9: note: in expansion of macro ‘INIT_THREAD_ID_CH’
 1149 |         INIT_THREAD_ID_CH();                                                \
      |         ^~~~~~~~~~~~~~~~~
/home/osslab/mros2-wasm-service-communication-socket-journal/third_party/wamr/core/iwasm/interpreter/wasm_interp_classic.c:1189:9: note: in expansion of macro ‘DO_CHECKPOINT’
 1189 |         DO_CHECKPOINT();                                                    \
      |         ^~~~~~~~~~~~~
/home/osslab/mros2-wasm-service-communication-socket-journal/third_party/wamr/core/iwasm/interpreter/wasm_interp_classic.c:1201:9: note: in expansion of macro ‘CHECK_DUMP’
 1201 |         CHECK_DUMP()                     \
      |         ^~~~~~~~~~
/home/osslab/mros2-wasm-service-communication-socket-journal/third_party/wamr/core/iwasm/interpreter/wasm_interp_classic.c:1223:25: note: in expansion of macro ‘FETCH_OPCODE_AND_DISPATCH’
 1223 | #define HANDLE_OP_END() FETCH_OPCODE_AND_DISPATCH()
      |                         ^~~~~~~~~~~~~~~~~~~~~~~~~
/home/osslab/mros2-wasm-service-communication-socket-journal/third_party/wamr/core/iwasm/interpreter/wasm_interp_classic.c:3437:17: note: in expansion of macro ‘HANDLE_OP_END’
 3437 |                 HANDLE_OP_END();
      |                 ^~~~~~~~~~~~~
/home/osslab/mros2-wasm-service-communication-socket-journal/third_party/wamr/core/iwasm/interpreter/wasm_interp_classic.c:1153:17: warning: variable ‘dummy_sp’ set but not used [-Wunused-but-set-variable]
 1153 |         uint32 *dummy_sp;                                                   \
      |                 ^~~~~~~~
/home/osslab/mros2-wasm-service-communication-socket-journal/third_party/wamr/core/iwasm/interpreter/wasm_interp_classic.c:1189:9: note: in expansion of macro ‘DO_CHECKPOINT’
 1189 |         DO_CHECKPOINT();                                                    \
      |         ^~~~~~~~~~~~~
/home/osslab/mros2-wasm-service-communication-socket-journal/third_party/wamr/core/iwasm/interpreter/wasm_interp_classic.c:1201:9: note: in expansion of macro ‘CHECK_DUMP’
 1201 |         CHECK_DUMP()                     \
      |         ^~~~~~~~~~
/home/osslab/mros2-wasm-service-communication-socket-journal/third_party/wamr/core/iwasm/interpreter/wasm_interp_classic.c:1223:25: note: in expansion of macro ‘FETCH_OPCODE_AND_DISPATCH’
 1223 | #define HANDLE_OP_END() FETCH_OPCODE_AND_DISPATCH()
      |                         ^~~~~~~~~~~~~~~~~~~~~~~~~
/home/osslab/mros2-wasm-service-communication-socket-journal/third_party/wamr/core/iwasm/interpreter/wasm_interp_classic.c:3437:17: note: in expansion of macro ‘HANDLE_OP_END’
 3437 |                 HANDLE_OP_END();
      |                 ^~~~~~~~~~~~~
/home/osslab/mros2-wasm-service-communication-socket-journal/third_party/wamr/core/iwasm/interpreter/wasm_interp_classic.c:1106:16: warning: variable ‘arg’ set but not used [-Wunused-but-set-variable]
 1106 |         uint32 arg;                                                          \
      |                ^~~
/home/osslab/mros2-wasm-service-communication-socket-journal/third_party/wamr/core/iwasm/interpreter/wasm_interp_classic.c:1149:9: note: in expansion of macro ‘INIT_THREAD_ID_CH’
 1149 |         INIT_THREAD_ID_CH();                                                \
      |         ^~~~~~~~~~~~~~~~~
/home/osslab/mros2-wasm-service-communication-socket-journal/third_party/wamr/core/iwasm/interpreter/wasm_interp_classic.c:1189:9: note: in expansion of macro ‘DO_CHECKPOINT’
 1189 |         DO_CHECKPOINT();                                                    \
      |         ^~~~~~~~~~~~~
/home/osslab/mros2-wasm-service-communication-socket-journal/third_party/wamr/core/iwasm/interpreter/wasm_interp_classic.c:1201:9: note: in expansion of macro ‘CHECK_DUMP’
 1201 |         CHECK_DUMP()                     \
      |         ^~~~~~~~~~
/home/osslab/mros2-wasm-service-communication-socket-journal/third_party/wamr/core/iwasm/interpreter/wasm_interp_classic.c:1223:25: note: in expansion of macro ‘FETCH_OPCODE_AND_DISPATCH’
 1223 | #define HANDLE_OP_END() FETCH_OPCODE_AND_DISPATCH()
      |                         ^~~~~~~~~~~~~~~~~~~~~~~~~
/home/osslab/mros2-wasm-service-communication-socket-journal/third_party/wamr/core/iwasm/interpreter/wasm_interp_classic.c:3448:17: note: in expansion of macro ‘HANDLE_OP_END’
 3448 |                 HANDLE_OP_END();
      |                 ^~~~~~~~~~~~~
/home/osslab/mros2-wasm-service-communication-socket-journal/third_party/wamr/core/iwasm/interpreter/wasm_interp_classic.c:1153:17: warning: variable ‘dummy_sp’ set but not used [-Wunused-but-set-variable]
 1153 |         uint32 *dummy_sp;                                                   \
      |                 ^~~~~~~~
/home/osslab/mros2-wasm-service-communication-socket-journal/third_party/wamr/core/iwasm/interpreter/wasm_interp_classic.c:1189:9: note: in expansion of macro ‘DO_CHECKPOINT’
 1189 |         DO_CHECKPOINT();                                                    \
      |         ^~~~~~~~~~~~~
/home/osslab/mros2-wasm-service-communication-socket-journal/third_party/wamr/core/iwasm/interpreter/wasm_interp_classic.c:1201:9: note: in expansion of macro ‘CHECK_DUMP’
 1201 |         CHECK_DUMP()                     \
      |         ^~~~~~~~~~
/home/osslab/mros2-wasm-service-communication-socket-journal/third_party/wamr/core/iwasm/interpreter/wasm_interp_classic.c:1223:25: note: in expansion of macro ‘FETCH_OPCODE_AND_DISPATCH’
 1223 | #define HANDLE_OP_END() FETCH_OPCODE_AND_DISPATCH()
      |                         ^~~~~~~~~~~~~~~~~~~~~~~~~
/home/osslab/mros2-wasm-service-communication-socket-journal/third_party/wamr/core/iwasm/interpreter/wasm_interp_classic.c:3448:17: note: in expansion of macro ‘HANDLE_OP_END’
 3448 |                 HANDLE_OP_END();
      |                 ^~~~~~~~~~~~~
/home/osslab/mros2-wasm-service-communication-socket-journal/third_party/wamr/core/iwasm/interpreter/wasm_interp_classic.c:1106:16: warning: variable ‘arg’ set but not used [-Wunused-but-set-variable]
 1106 |         uint32 arg;                                                          \
      |                ^~~
/home/osslab/mros2-wasm-service-communication-socket-journal/third_party/wamr/core/iwasm/interpreter/wasm_interp_classic.c:1149:9: note: in expansion of macro ‘INIT_THREAD_ID_CH’
 1149 |         INIT_THREAD_ID_CH();                                                \
      |         ^~~~~~~~~~~~~~~~~
/home/osslab/mros2-wasm-service-communication-socket-journal/third_party/wamr/core/iwasm/interpreter/wasm_interp_classic.c:1189:9: note: in expansion of macro ‘DO_CHECKPOINT’
 1189 |         DO_CHECKPOINT();                                                    \
      |         ^~~~~~~~~~~~~
/home/osslab/mros2-wasm-service-communication-socket-journal/third_party/wamr/core/iwasm/interpreter/wasm_interp_classic.c:1201:9: note: in expansion of macro ‘CHECK_DUMP’
 1201 |         CHECK_DUMP()                     \
      |         ^~~~~~~~~~
/home/osslab/mros2-wasm-service-communication-socket-journal/third_party/wamr/core/iwasm/interpreter/wasm_interp_classic.c:1223:25: note: in expansion of macro ‘FETCH_OPCODE_AND_DISPATCH’
 1223 | #define HANDLE_OP_END() FETCH_OPCODE_AND_DISPATCH()
      |                         ^~~~~~~~~~~~~~~~~~~~~~~~~
/home/osslab/mros2-wasm-service-communication-socket-journal/third_party/wamr/core/iwasm/interpreter/wasm_interp_classic.c:3458:17: note: in expansion of macro ‘HANDLE_OP_END’
 3458 |                 HANDLE_OP_END();
      |                 ^~~~~~~~~~~~~
/home/osslab/mros2-wasm-service-communication-socket-journal/third_party/wamr/core/iwasm/interpreter/wasm_interp_classic.c:1153:17: warning: variable ‘dummy_sp’ set but not used [-Wunused-but-set-variable]
 1153 |         uint32 *dummy_sp;                                                   \
      |                 ^~~~~~~~
/home/osslab/mros2-wasm-service-communication-socket-journal/third_party/wamr/core/iwasm/interpreter/wasm_interp_classic.c:1189:9: note: in expansion of macro ‘DO_CHECKPOINT’
 1189 |         DO_CHECKPOINT();                                                    \
      |         ^~~~~~~~~~~~~
/home/osslab/mros2-wasm-service-communication-socket-journal/third_party/wamr/core/iwasm/interpreter/wasm_interp_classic.c:1201:9: note: in expansion of macro ‘CHECK_DUMP’
 1201 |         CHECK_DUMP()                     \
      |         ^~~~~~~~~~
/home/osslab/mros2-wasm-service-communication-socket-journal/third_party/wamr/core/iwasm/interpreter/wasm_interp_classic.c:1223:25: note: in expansion of macro ‘FETCH_OPCODE_AND_DISPATCH’
 1223 | #define HANDLE_OP_END() FETCH_OPCODE_AND_DISPATCH()
      |                         ^~~~~~~~~~~~~~~~~~~~~~~~~
/home/osslab/mros2-wasm-service-communication-socket-journal/third_party/wamr/core/iwasm/interpreter/wasm_interp_classic.c:3458:17: note: in expansion of macro ‘HANDLE_OP_END’
 3458 |                 HANDLE_OP_END();
      |                 ^~~~~~~~~~~~~
/home/osslab/mros2-wasm-service-communication-socket-journal/third_party/wamr/core/iwasm/interpreter/wasm_interp_classic.c:1106:16: warning: variable ‘arg’ set but not used [-Wunused-but-set-variable]
 1106 |         uint32 arg;                                                          \
      |                ^~~
/home/osslab/mros2-wasm-service-communication-socket-journal/third_party/wamr/core/iwasm/interpreter/wasm_interp_classic.c:1149:9: note: in expansion of macro ‘INIT_THREAD_ID_CH’
 1149 |         INIT_THREAD_ID_CH();                                                \
      |         ^~~~~~~~~~~~~~~~~
/home/osslab/mros2-wasm-service-communication-socket-journal/third_party/wamr/core/iwasm/interpreter/wasm_interp_classic.c:1189:9: note: in expansion of macro ‘DO_CHECKPOINT’
 1189 |         DO_CHECKPOINT();                                                    \
      |         ^~~~~~~~~~~~~
/home/osslab/mros2-wasm-service-communication-socket-journal/third_party/wamr/core/iwasm/interpreter/wasm_interp_classic.c:1201:9: note: in expansion of macro ‘CHECK_DUMP’
 1201 |         CHECK_DUMP()                     \
      |         ^~~~~~~~~~
/home/osslab/mros2-wasm-service-communication-socket-journal/third_party/wamr/core/iwasm/interpreter/wasm_interp_classic.c:1223:25: note: in expansion of macro ‘FETCH_OPCODE_AND_DISPATCH’
 1223 | #define HANDLE_OP_END() FETCH_OPCODE_AND_DISPATCH()
      |                         ^~~~~~~~~~~~~~~~~~~~~~~~~
/home/osslab/mros2-wasm-service-communication-socket-journal/third_party/wamr/core/iwasm/interpreter/wasm_interp_classic.c:3466:17: note: in expansion of macro ‘HANDLE_OP_END’
 3466 |                 HANDLE_OP_END();
      |                 ^~~~~~~~~~~~~
/home/osslab/mros2-wasm-service-communication-socket-journal/third_party/wamr/core/iwasm/interpreter/wasm_interp_classic.c:1153:17: warning: variable ‘dummy_sp’ set but not used [-Wunused-but-set-variable]
 1153 |         uint32 *dummy_sp;                                                   \
      |                 ^~~~~~~~
/home/osslab/mros2-wasm-service-communication-socket-journal/third_party/wamr/core/iwasm/interpreter/wasm_interp_classic.c:1189:9: note: in expansion of macro ‘DO_CHECKPOINT’
 1189 |         DO_CHECKPOINT();                                                    \
      |         ^~~~~~~~~~~~~
/home/osslab/mros2-wasm-service-communication-socket-journal/third_party/wamr/core/iwasm/interpreter/wasm_interp_classic.c:1201:9: note: in expansion of macro ‘CHECK_DUMP’
 1201 |         CHECK_DUMP()                     \
      |         ^~~~~~~~~~
/home/osslab/mros2-wasm-service-communication-socket-journal/third_party/wamr/core/iwasm/interpreter/wasm_interp_classic.c:1223:25: note: in expansion of macro ‘FETCH_OPCODE_AND_DISPATCH’
 1223 | #define HANDLE_OP_END() FETCH_OPCODE_AND_DISPATCH()
      |                         ^~~~~~~~~~~~~~~~~~~~~~~~~
/home/osslab/mros2-wasm-service-communication-socket-journal/third_party/wamr/core/iwasm/interpreter/wasm_interp_classic.c:3466:17: note: in expansion of macro ‘HANDLE_OP_END’
 3466 |                 HANDLE_OP_END();
      |                 ^~~~~~~~~~~~~
/home/osslab/mros2-wasm-service-communication-socket-journal/third_party/wamr/core/iwasm/interpreter/wasm_interp_classic.c:1106:16: warning: variable ‘arg’ set but not used [-Wunused-but-set-variable]
 1106 |         uint32 arg;                                                          \
      |                ^~~
/home/osslab/mros2-wasm-service-communication-socket-journal/third_party/wamr/core/iwasm/interpreter/wasm_interp_classic.c:1149:9: note: in expansion of macro ‘INIT_THREAD_ID_CH’
 1149 |         INIT_THREAD_ID_CH();                                                \
      |         ^~~~~~~~~~~~~~~~~
/home/osslab/mros2-wasm-service-communication-socket-journal/third_party/wamr/core/iwasm/interpreter/wasm_interp_classic.c:1189:9: note: in expansion of macro ‘DO_CHECKPOINT’
 1189 |         DO_CHECKPOINT();                                                    \
      |         ^~~~~~~~~~~~~
/home/osslab/mros2-wasm-service-communication-socket-journal/third_party/wamr/core/iwasm/interpreter/wasm_interp_classic.c:1201:9: note: in expansion of macro ‘CHECK_DUMP’
 1201 |         CHECK_DUMP()                     \
      |         ^~~~~~~~~~
/home/osslab/mros2-wasm-service-communication-socket-journal/third_party/wamr/core/iwasm/interpreter/wasm_interp_classic.c:1223:25: note: in expansion of macro ‘FETCH_OPCODE_AND_DISPATCH’
 1223 | #define HANDLE_OP_END() FETCH_OPCODE_AND_DISPATCH()
      |                         ^~~~~~~~~~~~~~~~~~~~~~~~~
/home/osslab/mros2-wasm-service-communication-socket-journal/third_party/wamr/core/iwasm/interpreter/wasm_interp_classic.c:3477:17: note: in expansion of macro ‘HANDLE_OP_END’
 3477 |                 HANDLE_OP_END();
      |                 ^~~~~~~~~~~~~
/home/osslab/mros2-wasm-service-communication-socket-journal/third_party/wamr/core/iwasm/interpreter/wasm_interp_classic.c:1153:17: warning: variable ‘dummy_sp’ set but not used [-Wunused-but-set-variable]
 1153 |         uint32 *dummy_sp;                                                   \
      |                 ^~~~~~~~
/home/osslab/mros2-wasm-service-communication-socket-journal/third_party/wamr/core/iwasm/interpreter/wasm_interp_classic.c:1189:9: note: in expansion of macro ‘DO_CHECKPOINT’
 1189 |         DO_CHECKPOINT();                                                    \
      |         ^~~~~~~~~~~~~
/home/osslab/mros2-wasm-service-communication-socket-journal/third_party/wamr/core/iwasm/interpreter/wasm_interp_classic.c:1201:9: note: in expansion of macro ‘CHECK_DUMP’
 1201 |         CHECK_DUMP()                     \
      |         ^~~~~~~~~~
/home/osslab/mros2-wasm-service-communication-socket-journal/third_party/wamr/core/iwasm/interpreter/wasm_interp_classic.c:1223:25: note: in expansion of macro ‘FETCH_OPCODE_AND_DISPATCH’
 1223 | #define HANDLE_OP_END() FETCH_OPCODE_AND_DISPATCH()
      |                         ^~~~~~~~~~~~~~~~~~~~~~~~~
/home/osslab/mros2-wasm-service-communication-socket-journal/third_party/wamr/core/iwasm/interpreter/wasm_interp_classic.c:3477:17: note: in expansion of macro ‘HANDLE_OP_END’
 3477 |                 HANDLE_OP_END();
      |                 ^~~~~~~~~~~~~
/home/osslab/mros2-wasm-service-communication-socket-journal/third_party/wamr/core/iwasm/interpreter/wasm_interp_classic.c:1106:16: warning: variable ‘arg’ set but not used [-Wunused-but-set-variable]
 1106 |         uint32 arg;                                                          \
      |                ^~~
/home/osslab/mros2-wasm-service-communication-socket-journal/third_party/wamr/core/iwasm/interpreter/wasm_interp_classic.c:1149:9: note: in expansion of macro ‘INIT_THREAD_ID_CH’
 1149 |         INIT_THREAD_ID_CH();                                                \
      |         ^~~~~~~~~~~~~~~~~
/home/osslab/mros2-wasm-service-communication-socket-journal/third_party/wamr/core/iwasm/interpreter/wasm_interp_classic.c:1189:9: note: in expansion of macro ‘DO_CHECKPOINT’
 1189 |         DO_CHECKPOINT();                                                    \
      |         ^~~~~~~~~~~~~
/home/osslab/mros2-wasm-service-communication-socket-journal/third_party/wamr/core/iwasm/interpreter/wasm_interp_classic.c:1201:9: note: in expansion of macro ‘CHECK_DUMP’
 1201 |         CHECK_DUMP()                     \
      |         ^~~~~~~~~~
/home/osslab/mros2-wasm-service-communication-socket-journal/third_party/wamr/core/iwasm/interpreter/wasm_interp_classic.c:1223:25: note: in expansion of macro ‘FETCH_OPCODE_AND_DISPATCH’
 1223 | #define HANDLE_OP_END() FETCH_OPCODE_AND_DISPATCH()
      |                         ^~~~~~~~~~~~~~~~~~~~~~~~~
/home/osslab/mros2-wasm-service-communication-socket-journal/third_party/wamr/core/iwasm/interpreter/wasm_interp_classic.c:3483:17: note: in expansion of macro ‘HANDLE_OP_END’
 3483 |                 HANDLE_OP_END();
      |                 ^~~~~~~~~~~~~
/home/osslab/mros2-wasm-service-communication-socket-journal/third_party/wamr/core/iwasm/interpreter/wasm_interp_classic.c:1153:17: warning: variable ‘dummy_sp’ set but not used [-Wunused-but-set-variable]
 1153 |         uint32 *dummy_sp;                                                   \
      |                 ^~~~~~~~
/home/osslab/mros2-wasm-service-communication-socket-journal/third_party/wamr/core/iwasm/interpreter/wasm_interp_classic.c:1189:9: note: in expansion of macro ‘DO_CHECKPOINT’
 1189 |         DO_CHECKPOINT();                                                    \
      |         ^~~~~~~~~~~~~
/home/osslab/mros2-wasm-service-communication-socket-journal/third_party/wamr/core/iwasm/interpreter/wasm_interp_classic.c:1201:9: note: in expansion of macro ‘CHECK_DUMP’
 1201 |         CHECK_DUMP()                     \
      |         ^~~~~~~~~~
/home/osslab/mros2-wasm-service-communication-socket-journal/third_party/wamr/core/iwasm/interpreter/wasm_interp_classic.c:1223:25: note: in expansion of macro ‘FETCH_OPCODE_AND_DISPATCH’
 1223 | #define HANDLE_OP_END() FETCH_OPCODE_AND_DISPATCH()
      |                         ^~~~~~~~~~~~~~~~~~~~~~~~~
/home/osslab/mros2-wasm-service-communication-socket-journal/third_party/wamr/core/iwasm/interpreter/wasm_interp_classic.c:3483:17: note: in expansion of macro ‘HANDLE_OP_END’
 3483 |                 HANDLE_OP_END();
      |                 ^~~~~~~~~~~~~
/home/osslab/mros2-wasm-service-communication-socket-journal/third_party/wamr/core/iwasm/interpreter/wasm_interp_classic.c:1106:16: warning: variable ‘arg’ set but not used [-Wunused-but-set-variable]
 1106 |         uint32 arg;                                                          \
      |                ^~~
/home/osslab/mros2-wasm-service-communication-socket-journal/third_party/wamr/core/iwasm/interpreter/wasm_interp_classic.c:1149:9: note: in expansion of macro ‘INIT_THREAD_ID_CH’
 1149 |         INIT_THREAD_ID_CH();                                                \
      |         ^~~~~~~~~~~~~~~~~
/home/osslab/mros2-wasm-service-communication-socket-journal/third_party/wamr/core/iwasm/interpreter/wasm_interp_classic.c:1189:9: note: in expansion of macro ‘DO_CHECKPOINT’
 1189 |         DO_CHECKPOINT();                                                    \
      |         ^~~~~~~~~~~~~
/home/osslab/mros2-wasm-service-communication-socket-journal/third_party/wamr/core/iwasm/interpreter/wasm_interp_classic.c:1201:9: note: in expansion of macro ‘CHECK_DUMP’
 1201 |         CHECK_DUMP()                     \
      |         ^~~~~~~~~~
/home/osslab/mros2-wasm-service-communication-socket-journal/third_party/wamr/core/iwasm/interpreter/wasm_interp_classic.c:1223:25: note: in expansion of macro ‘FETCH_OPCODE_AND_DISPATCH’
 1223 | #define HANDLE_OP_END() FETCH_OPCODE_AND_DISPATCH()
      |                         ^~~~~~~~~~~~~~~~~~~~~~~~~
/home/osslab/mros2-wasm-service-communication-socket-journal/third_party/wamr/core/iwasm/interpreter/wasm_interp_classic.c:3493:17: note: in expansion of macro ‘HANDLE_OP_END’
 3493 |                 HANDLE_OP_END();
      |                 ^~~~~~~~~~~~~
/home/osslab/mros2-wasm-service-communication-socket-journal/third_party/wamr/core/iwasm/interpreter/wasm_interp_classic.c:1153:17: warning: variable ‘dummy_sp’ set but not used [-Wunused-but-set-variable]
 1153 |         uint32 *dummy_sp;                                                   \
      |                 ^~~~~~~~
/home/osslab/mros2-wasm-service-communication-socket-journal/third_party/wamr/core/iwasm/interpreter/wasm_interp_classic.c:1189:9: note: in expansion of macro ‘DO_CHECKPOINT’
 1189 |         DO_CHECKPOINT();                                                    \
      |         ^~~~~~~~~~~~~
/home/osslab/mros2-wasm-service-communication-socket-journal/third_party/wamr/core/iwasm/interpreter/wasm_interp_classic.c:1201:9: note: in expansion of macro ‘CHECK_DUMP’
 1201 |         CHECK_DUMP()                     \
      |         ^~~~~~~~~~
/home/osslab/mros2-wasm-service-communication-socket-journal/third_party/wamr/core/iwasm/interpreter/wasm_interp_classic.c:1223:25: note: in expansion of macro ‘FETCH_OPCODE_AND_DISPATCH’
 1223 | #define HANDLE_OP_END() FETCH_OPCODE_AND_DISPATCH()
      |                         ^~~~~~~~~~~~~~~~~~~~~~~~~
/home/osslab/mros2-wasm-service-communication-socket-journal/third_party/wamr/core/iwasm/interpreter/wasm_interp_classic.c:3493:17: note: in expansion of macro ‘HANDLE_OP_END’
 3493 |                 HANDLE_OP_END();
      |                 ^~~~~~~~~~~~~
/home/osslab/mros2-wasm-service-communication-socket-journal/third_party/wamr/core/iwasm/interpreter/wasm_interp_classic.c:1106:16: warning: variable ‘arg’ set but not used [-Wunused-but-set-variable]
 1106 |         uint32 arg;                                                          \
      |                ^~~
/home/osslab/mros2-wasm-service-communication-socket-journal/third_party/wamr/core/iwasm/interpreter/wasm_interp_classic.c:1149:9: note: in expansion of macro ‘INIT_THREAD_ID_CH’
 1149 |         INIT_THREAD_ID_CH();                                                \
      |         ^~~~~~~~~~~~~~~~~
/home/osslab/mros2-wasm-service-communication-socket-journal/third_party/wamr/core/iwasm/interpreter/wasm_interp_classic.c:1189:9: note: in expansion of macro ‘DO_CHECKPOINT’
 1189 |         DO_CHECKPOINT();                                                    \
      |         ^~~~~~~~~~~~~
/home/osslab/mros2-wasm-service-communication-socket-journal/third_party/wamr/core/iwasm/interpreter/wasm_interp_classic.c:1201:9: note: in expansion of macro ‘CHECK_DUMP’
 1201 |         CHECK_DUMP()                     \
      |         ^~~~~~~~~~
/home/osslab/mros2-wasm-service-communication-socket-journal/third_party/wamr/core/iwasm/interpreter/wasm_interp_classic.c:1223:25: note: in expansion of macro ‘FETCH_OPCODE_AND_DISPATCH’
 1223 | #define HANDLE_OP_END() FETCH_OPCODE_AND_DISPATCH()
      |                         ^~~~~~~~~~~~~~~~~~~~~~~~~
/home/osslab/mros2-wasm-service-communication-socket-journal/third_party/wamr/core/iwasm/interpreter/wasm_interp_classic.c:3500:17: note: in expansion of macro ‘HANDLE_OP_END’
 3500 |                 HANDLE_OP_END();
      |                 ^~~~~~~~~~~~~
/home/osslab/mros2-wasm-service-communication-socket-journal/third_party/wamr/core/iwasm/interpreter/wasm_interp_classic.c:1153:17: warning: variable ‘dummy_sp’ set but not used [-Wunused-but-set-variable]
 1153 |         uint32 *dummy_sp;                                                   \
      |                 ^~~~~~~~
/home/osslab/mros2-wasm-service-communication-socket-journal/third_party/wamr/core/iwasm/interpreter/wasm_interp_classic.c:1189:9: note: in expansion of macro ‘DO_CHECKPOINT’
 1189 |         DO_CHECKPOINT();                                                    \
      |         ^~~~~~~~~~~~~
/home/osslab/mros2-wasm-service-communication-socket-journal/third_party/wamr/core/iwasm/interpreter/wasm_interp_classic.c:1201:9: note: in expansion of macro ‘CHECK_DUMP’
 1201 |         CHECK_DUMP()                     \
      |         ^~~~~~~~~~
/home/osslab/mros2-wasm-service-communication-socket-journal/third_party/wamr/core/iwasm/interpreter/wasm_interp_classic.c:1223:25: note: in expansion of macro ‘FETCH_OPCODE_AND_DISPATCH’
 1223 | #define HANDLE_OP_END() FETCH_OPCODE_AND_DISPATCH()
      |                         ^~~~~~~~~~~~~~~~~~~~~~~~~
/home/osslab/mros2-wasm-service-communication-socket-journal/third_party/wamr/core/iwasm/interpreter/wasm_interp_classic.c:3500:17: note: in expansion of macro ‘HANDLE_OP_END’
 3500 |                 HANDLE_OP_END();
      |                 ^~~~~~~~~~~~~
/home/osslab/mros2-wasm-service-communication-socket-journal/third_party/wamr/core/iwasm/interpreter/wasm_interp_classic.c:1106:16: warning: variable ‘arg’ set but not used [-Wunused-but-set-variable]
 1106 |         uint32 arg;                                                          \
      |                ^~~
/home/osslab/mros2-wasm-service-communication-socket-journal/third_party/wamr/core/iwasm/interpreter/wasm_interp_classic.c:1149:9: note: in expansion of macro ‘INIT_THREAD_ID_CH’
 1149 |         INIT_THREAD_ID_CH();                                                \
      |         ^~~~~~~~~~~~~~~~~
/home/osslab/mros2-wasm-service-communication-socket-journal/third_party/wamr/core/iwasm/interpreter/wasm_interp_classic.c:1189:9: note: in expansion of macro ‘DO_CHECKPOINT’
 1189 |         DO_CHECKPOINT();                                                    \
      |         ^~~~~~~~~~~~~
/home/osslab/mros2-wasm-service-communication-socket-journal/third_party/wamr/core/iwasm/interpreter/wasm_interp_classic.c:1201:9: note: in expansion of macro ‘CHECK_DUMP’
 1201 |         CHECK_DUMP()                     \
      |         ^~~~~~~~~~
/home/osslab/mros2-wasm-service-communication-socket-journal/third_party/wamr/core/iwasm/interpreter/wasm_interp_classic.c:1223:25: note: in expansion of macro ‘FETCH_OPCODE_AND_DISPATCH’
 1223 | #define HANDLE_OP_END() FETCH_OPCODE_AND_DISPATCH()
      |                         ^~~~~~~~~~~~~~~~~~~~~~~~~
/home/osslab/mros2-wasm-service-communication-socket-journal/third_party/wamr/core/iwasm/interpreter/wasm_interp_classic.c:3507:17: note: in expansion of macro ‘HANDLE_OP_END’
 3507 |                 HANDLE_OP_END();
      |                 ^~~~~~~~~~~~~
/home/osslab/mros2-wasm-service-communication-socket-journal/third_party/wamr/core/iwasm/interpreter/wasm_interp_classic.c:1153:17: warning: variable ‘dummy_sp’ set but not used [-Wunused-but-set-variable]
 1153 |         uint32 *dummy_sp;                                                   \
      |                 ^~~~~~~~
/home/osslab/mros2-wasm-service-communication-socket-journal/third_party/wamr/core/iwasm/interpreter/wasm_interp_classic.c:1189:9: note: in expansion of macro ‘DO_CHECKPOINT’
 1189 |         DO_CHECKPOINT();                                                    \
      |         ^~~~~~~~~~~~~
/home/osslab/mros2-wasm-service-communication-socket-journal/third_party/wamr/core/iwasm/interpreter/wasm_interp_classic.c:1201:9: note: in expansion of macro ‘CHECK_DUMP’
 1201 |         CHECK_DUMP()                     \
      |         ^~~~~~~~~~
/home/osslab/mros2-wasm-service-communication-socket-journal/third_party/wamr/core/iwasm/interpreter/wasm_interp_classic.c:1223:25: note: in expansion of macro ‘FETCH_OPCODE_AND_DISPATCH’
 1223 | #define HANDLE_OP_END() FETCH_OPCODE_AND_DISPATCH()
      |                         ^~~~~~~~~~~~~~~~~~~~~~~~~
/home/osslab/mros2-wasm-service-communication-socket-journal/third_party/wamr/core/iwasm/interpreter/wasm_interp_classic.c:3507:17: note: in expansion of macro ‘HANDLE_OP_END’
 3507 |                 HANDLE_OP_END();
      |                 ^~~~~~~~~~~~~
/home/osslab/mros2-wasm-service-communication-socket-journal/third_party/wamr/core/iwasm/interpreter/wasm_interp_classic.c:1106:16: warning: variable ‘arg’ set but not used [-Wunused-but-set-variable]
 1106 |         uint32 arg;                                                          \
      |                ^~~
/home/osslab/mros2-wasm-service-communication-socket-journal/third_party/wamr/core/iwasm/interpreter/wasm_interp_classic.c:1149:9: note: in expansion of macro ‘INIT_THREAD_ID_CH’
 1149 |         INIT_THREAD_ID_CH();                                                \
      |         ^~~~~~~~~~~~~~~~~
/home/osslab/mros2-wasm-service-communication-socket-journal/third_party/wamr/core/iwasm/interpreter/wasm_interp_classic.c:1189:9: note: in expansion of macro ‘DO_CHECKPOINT’
 1189 |         DO_CHECKPOINT();                                                    \
      |         ^~~~~~~~~~~~~
/home/osslab/mros2-wasm-service-communication-socket-journal/third_party/wamr/core/iwasm/interpreter/wasm_interp_classic.c:1201:9: note: in expansion of macro ‘CHECK_DUMP’
 1201 |         CHECK_DUMP()                     \
      |         ^~~~~~~~~~
/home/osslab/mros2-wasm-service-communication-socket-journal/third_party/wamr/core/iwasm/interpreter/wasm_interp_classic.c:1223:25: note: in expansion of macro ‘FETCH_OPCODE_AND_DISPATCH’
 1223 | #define HANDLE_OP_END() FETCH_OPCODE_AND_DISPATCH()
      |                         ^~~~~~~~~~~~~~~~~~~~~~~~~
/home/osslab/mros2-wasm-service-communication-socket-journal/third_party/wamr/core/iwasm/interpreter/wasm_interp_classic.c:3513:17: note: in expansion of macro ‘HANDLE_OP_END’
 3513 |                 HANDLE_OP_END();
      |                 ^~~~~~~~~~~~~
/home/osslab/mros2-wasm-service-communication-socket-journal/third_party/wamr/core/iwasm/interpreter/wasm_interp_classic.c:1153:17: warning: variable ‘dummy_sp’ set but not used [-Wunused-but-set-variable]
 1153 |         uint32 *dummy_sp;                                                   \
      |                 ^~~~~~~~
/home/osslab/mros2-wasm-service-communication-socket-journal/third_party/wamr/core/iwasm/interpreter/wasm_interp_classic.c:1189:9: note: in expansion of macro ‘DO_CHECKPOINT’
 1189 |         DO_CHECKPOINT();                                                    \
      |         ^~~~~~~~~~~~~
/home/osslab/mros2-wasm-service-communication-socket-journal/third_party/wamr/core/iwasm/interpreter/wasm_interp_classic.c:1201:9: note: in expansion of macro ‘CHECK_DUMP’
 1201 |         CHECK_DUMP()                     \
      |         ^~~~~~~~~~
/home/osslab/mros2-wasm-service-communication-socket-journal/third_party/wamr/core/iwasm/interpreter/wasm_interp_classic.c:1223:25: note: in expansion of macro ‘FETCH_OPCODE_AND_DISPATCH’
 1223 | #define HANDLE_OP_END() FETCH_OPCODE_AND_DISPATCH()
      |                         ^~~~~~~~~~~~~~~~~~~~~~~~~
/home/osslab/mros2-wasm-service-communication-socket-journal/third_party/wamr/core/iwasm/interpreter/wasm_interp_classic.c:3513:17: note: in expansion of macro ‘HANDLE_OP_END’
 3513 |                 HANDLE_OP_END();
      |                 ^~~~~~~~~~~~~
/home/osslab/mros2-wasm-service-communication-socket-journal/third_party/wamr/core/iwasm/interpreter/wasm_interp_classic.c:1106:16: warning: variable ‘arg’ set but not used [-Wunused-but-set-variable]
 1106 |         uint32 arg;                                                          \
      |                ^~~
/home/osslab/mros2-wasm-service-communication-socket-journal/third_party/wamr/core/iwasm/interpreter/wasm_interp_classic.c:1149:9: note: in expansion of macro ‘INIT_THREAD_ID_CH’
 1149 |         INIT_THREAD_ID_CH();                                                \
      |         ^~~~~~~~~~~~~~~~~
/home/osslab/mros2-wasm-service-communication-socket-journal/third_party/wamr/core/iwasm/interpreter/wasm_interp_classic.c:1189:9: note: in expansion of macro ‘DO_CHECKPOINT’
 1189 |         DO_CHECKPOINT();                                                    \
      |         ^~~~~~~~~~~~~
/home/osslab/mros2-wasm-service-communication-socket-journal/third_party/wamr/core/iwasm/interpreter/wasm_interp_classic.c:1201:9: note: in expansion of macro ‘CHECK_DUMP’
 1201 |         CHECK_DUMP()                     \
      |         ^~~~~~~~~~
/home/osslab/mros2-wasm-service-communication-socket-journal/third_party/wamr/core/iwasm/interpreter/wasm_interp_classic.c:1223:25: note: in expansion of macro ‘FETCH_OPCODE_AND_DISPATCH’
 1223 | #define HANDLE_OP_END() FETCH_OPCODE_AND_DISPATCH()
      |                         ^~~~~~~~~~~~~~~~~~~~~~~~~
/home/osslab/mros2-wasm-service-communication-socket-journal/third_party/wamr/core/iwasm/interpreter/wasm_interp_classic.c:3521:17: note: in expansion of macro ‘HANDLE_OP_END’
 3521 |                 HANDLE_OP_END();
      |                 ^~~~~~~~~~~~~
/home/osslab/mros2-wasm-service-communication-socket-journal/third_party/wamr/core/iwasm/interpreter/wasm_interp_classic.c:1153:17: warning: variable ‘dummy_sp’ set but not used [-Wunused-but-set-variable]
 1153 |         uint32 *dummy_sp;                                                   \
      |                 ^~~~~~~~
/home/osslab/mros2-wasm-service-communication-socket-journal/third_party/wamr/core/iwasm/interpreter/wasm_interp_classic.c:1189:9: note: in expansion of macro ‘DO_CHECKPOINT’
 1189 |         DO_CHECKPOINT();                                                    \
      |         ^~~~~~~~~~~~~
/home/osslab/mros2-wasm-service-communication-socket-journal/third_party/wamr/core/iwasm/interpreter/wasm_interp_classic.c:1201:9: note: in expansion of macro ‘CHECK_DUMP’
 1201 |         CHECK_DUMP()                     \
      |         ^~~~~~~~~~
/home/osslab/mros2-wasm-service-communication-socket-journal/third_party/wamr/core/iwasm/interpreter/wasm_interp_classic.c:1223:25: note: in expansion of macro ‘FETCH_OPCODE_AND_DISPATCH’
 1223 | #define HANDLE_OP_END() FETCH_OPCODE_AND_DISPATCH()
      |                         ^~~~~~~~~~~~~~~~~~~~~~~~~
/home/osslab/mros2-wasm-service-communication-socket-journal/third_party/wamr/core/iwasm/interpreter/wasm_interp_classic.c:3521:17: note: in expansion of macro ‘HANDLE_OP_END’
 3521 |                 HANDLE_OP_END();
      |                 ^~~~~~~~~~~~~
/home/osslab/mros2-wasm-service-communication-socket-journal/third_party/wamr/core/iwasm/interpreter/wasm_interp_classic.c:1106:16: warning: variable ‘arg’ set but not used [-Wunused-but-set-variable]
 1106 |         uint32 arg;                                                          \
      |                ^~~
/home/osslab/mros2-wasm-service-communication-socket-journal/third_party/wamr/core/iwasm/interpreter/wasm_interp_classic.c:1149:9: note: in expansion of macro ‘INIT_THREAD_ID_CH’
 1149 |         INIT_THREAD_ID_CH();                                                \
      |         ^~~~~~~~~~~~~~~~~
/home/osslab/mros2-wasm-service-communication-socket-journal/third_party/wamr/core/iwasm/interpreter/wasm_interp_classic.c:1189:9: note: in expansion of macro ‘DO_CHECKPOINT’
 1189 |         DO_CHECKPOINT();                                                    \
      |         ^~~~~~~~~~~~~
/home/osslab/mros2-wasm-service-communication-socket-journal/third_party/wamr/core/iwasm/interpreter/wasm_interp_classic.c:1201:9: note: in expansion of macro ‘CHECK_DUMP’
 1201 |         CHECK_DUMP()                     \
      |         ^~~~~~~~~~
/home/osslab/mros2-wasm-service-communication-socket-journal/third_party/wamr/core/iwasm/interpreter/wasm_interp_classic.c:1223:25: note: in expansion of macro ‘FETCH_OPCODE_AND_DISPATCH’
 1223 | #define HANDLE_OP_END() FETCH_OPCODE_AND_DISPATCH()
      |                         ^~~~~~~~~~~~~~~~~~~~~~~~~
/home/osslab/mros2-wasm-service-communication-socket-journal/third_party/wamr/core/iwasm/interpreter/wasm_interp_classic.c:3528:17: note: in expansion of macro ‘HANDLE_OP_END’
 3528 |                 HANDLE_OP_END();
      |                 ^~~~~~~~~~~~~
/home/osslab/mros2-wasm-service-communication-socket-journal/third_party/wamr/core/iwasm/interpreter/wasm_interp_classic.c:1153:17: warning: variable ‘dummy_sp’ set but not used [-Wunused-but-set-variable]
 1153 |         uint32 *dummy_sp;                                                   \
      |                 ^~~~~~~~
/home/osslab/mros2-wasm-service-communication-socket-journal/third_party/wamr/core/iwasm/interpreter/wasm_interp_classic.c:1189:9: note: in expansion of macro ‘DO_CHECKPOINT’
 1189 |         DO_CHECKPOINT();                                                    \
      |         ^~~~~~~~~~~~~
/home/osslab/mros2-wasm-service-communication-socket-journal/third_party/wamr/core/iwasm/interpreter/wasm_interp_classic.c:1201:9: note: in expansion of macro ‘CHECK_DUMP’
 1201 |         CHECK_DUMP()                     \
      |         ^~~~~~~~~~
/home/osslab/mros2-wasm-service-communication-socket-journal/third_party/wamr/core/iwasm/interpreter/wasm_interp_classic.c:1223:25: note: in expansion of macro ‘FETCH_OPCODE_AND_DISPATCH’
 1223 | #define HANDLE_OP_END() FETCH_OPCODE_AND_DISPATCH()
      |                         ^~~~~~~~~~~~~~~~~~~~~~~~~
/home/osslab/mros2-wasm-service-communication-socket-journal/third_party/wamr/core/iwasm/interpreter/wasm_interp_classic.c:3528:17: note: in expansion of macro ‘HANDLE_OP_END’
 3528 |                 HANDLE_OP_END();
      |                 ^~~~~~~~~~~~~
/home/osslab/mros2-wasm-service-communication-socket-journal/third_party/wamr/core/iwasm/interpreter/wasm_interp_classic.c:1106:16: warning: variable ‘arg’ set but not used [-Wunused-but-set-variable]
 1106 |         uint32 arg;                                                          \
      |                ^~~
/home/osslab/mros2-wasm-service-communication-socket-journal/third_party/wamr/core/iwasm/interpreter/wasm_interp_classic.c:1149:9: note: in expansion of macro ‘INIT_THREAD_ID_CH’
 1149 |         INIT_THREAD_ID_CH();                                                \
      |         ^~~~~~~~~~~~~~~~~
/home/osslab/mros2-wasm-service-communication-socket-journal/third_party/wamr/core/iwasm/interpreter/wasm_interp_classic.c:1189:9: note: in expansion of macro ‘DO_CHECKPOINT’
 1189 |         DO_CHECKPOINT();                                                    \
      |         ^~~~~~~~~~~~~
/home/osslab/mros2-wasm-service-communication-socket-journal/third_party/wamr/core/iwasm/interpreter/wasm_interp_classic.c:1201:9: note: in expansion of macro ‘CHECK_DUMP’
 1201 |         CHECK_DUMP()                     \
      |         ^~~~~~~~~~
/home/osslab/mros2-wasm-service-communication-socket-journal/third_party/wamr/core/iwasm/interpreter/wasm_interp_classic.c:1223:25: note: in expansion of macro ‘FETCH_OPCODE_AND_DISPATCH’
 1223 | #define HANDLE_OP_END() FETCH_OPCODE_AND_DISPATCH()
      |                         ^~~~~~~~~~~~~~~~~~~~~~~~~
/home/osslab/mros2-wasm-service-communication-socket-journal/third_party/wamr/core/iwasm/interpreter/wasm_interp_classic.c:3535:17: note: in expansion of macro ‘HANDLE_OP_END’
 3535 |                 HANDLE_OP_END();
      |                 ^~~~~~~~~~~~~
/home/osslab/mros2-wasm-service-communication-socket-journal/third_party/wamr/core/iwasm/interpreter/wasm_interp_classic.c:1153:17: warning: variable ‘dummy_sp’ set but not used [-Wunused-but-set-variable]
 1153 |         uint32 *dummy_sp;                                                   \
      |                 ^~~~~~~~
/home/osslab/mros2-wasm-service-communication-socket-journal/third_party/wamr/core/iwasm/interpreter/wasm_interp_classic.c:1189:9: note: in expansion of macro ‘DO_CHECKPOINT’
 1189 |         DO_CHECKPOINT();                                                    \
      |         ^~~~~~~~~~~~~
/home/osslab/mros2-wasm-service-communication-socket-journal/third_party/wamr/core/iwasm/interpreter/wasm_interp_classic.c:1201:9: note: in expansion of macro ‘CHECK_DUMP’
 1201 |         CHECK_DUMP()                     \
      |         ^~~~~~~~~~
/home/osslab/mros2-wasm-service-communication-socket-journal/third_party/wamr/core/iwasm/interpreter/wasm_interp_classic.c:1223:25: note: in expansion of macro ‘FETCH_OPCODE_AND_DISPATCH’
 1223 | #define HANDLE_OP_END() FETCH_OPCODE_AND_DISPATCH()
      |                         ^~~~~~~~~~~~~~~~~~~~~~~~~
/home/osslab/mros2-wasm-service-communication-socket-journal/third_party/wamr/core/iwasm/interpreter/wasm_interp_classic.c:3535:17: note: in expansion of macro ‘HANDLE_OP_END’
 3535 |                 HANDLE_OP_END();
      |                 ^~~~~~~~~~~~~
/home/osslab/mros2-wasm-service-communication-socket-journal/third_party/wamr/core/iwasm/interpreter/wasm_interp_classic.c:1106:16: warning: variable ‘arg’ set but not used [-Wunused-but-set-variable]
 1106 |         uint32 arg;                                                          \
      |                ^~~
/home/osslab/mros2-wasm-service-communication-socket-journal/third_party/wamr/core/iwasm/interpreter/wasm_interp_classic.c:1149:9: note: in expansion of macro ‘INIT_THREAD_ID_CH’
 1149 |         INIT_THREAD_ID_CH();                                                \
      |         ^~~~~~~~~~~~~~~~~
/home/osslab/mros2-wasm-service-communication-socket-journal/third_party/wamr/core/iwasm/interpreter/wasm_interp_classic.c:1189:9: note: in expansion of macro ‘DO_CHECKPOINT’
 1189 |         DO_CHECKPOINT();                                                    \
      |         ^~~~~~~~~~~~~
/home/osslab/mros2-wasm-service-communication-socket-journal/third_party/wamr/core/iwasm/interpreter/wasm_interp_classic.c:1201:9: note: in expansion of macro ‘CHECK_DUMP’
 1201 |         CHECK_DUMP()                     \
      |         ^~~~~~~~~~
/home/osslab/mros2-wasm-service-communication-socket-journal/third_party/wamr/core/iwasm/interpreter/wasm_interp_classic.c:1223:25: note: in expansion of macro ‘FETCH_OPCODE_AND_DISPATCH’
 1223 | #define HANDLE_OP_END() FETCH_OPCODE_AND_DISPATCH()
      |                         ^~~~~~~~~~~~~~~~~~~~~~~~~
/home/osslab/mros2-wasm-service-communication-socket-journal/third_party/wamr/core/iwasm/interpreter/wasm_interp_classic.c:3541:17: note: in expansion of macro ‘HANDLE_OP_END’
 3541 |                 HANDLE_OP_END();
      |                 ^~~~~~~~~~~~~
/home/osslab/mros2-wasm-service-communication-socket-journal/third_party/wamr/core/iwasm/interpreter/wasm_interp_classic.c:1153:17: warning: variable ‘dummy_sp’ set but not used [-Wunused-but-set-variable]
 1153 |         uint32 *dummy_sp;                                                   \
      |                 ^~~~~~~~
/home/osslab/mros2-wasm-service-communication-socket-journal/third_party/wamr/core/iwasm/interpreter/wasm_interp_classic.c:1189:9: note: in expansion of macro ‘DO_CHECKPOINT’
 1189 |         DO_CHECKPOINT();                                                    \
      |         ^~~~~~~~~~~~~
/home/osslab/mros2-wasm-service-communication-socket-journal/third_party/wamr/core/iwasm/interpreter/wasm_interp_classic.c:1201:9: note: in expansion of macro ‘CHECK_DUMP’
 1201 |         CHECK_DUMP()                     \
      |         ^~~~~~~~~~
/home/osslab/mros2-wasm-service-communication-socket-journal/third_party/wamr/core/iwasm/interpreter/wasm_interp_classic.c:1223:25: note: in expansion of macro ‘FETCH_OPCODE_AND_DISPATCH’
 1223 | #define HANDLE_OP_END() FETCH_OPCODE_AND_DISPATCH()
      |                         ^~~~~~~~~~~~~~~~~~~~~~~~~
/home/osslab/mros2-wasm-service-communication-socket-journal/third_party/wamr/core/iwasm/interpreter/wasm_interp_classic.c:3541:17: note: in expansion of macro ‘HANDLE_OP_END’
 3541 |                 HANDLE_OP_END();
      |                 ^~~~~~~~~~~~~
/home/osslab/mros2-wasm-service-communication-socket-journal/third_party/wamr/core/iwasm/interpreter/wasm_interp_classic.c:1106:16: warning: variable ‘arg’ set but not used [-Wunused-but-set-variable]
 1106 |         uint32 arg;                                                          \
      |                ^~~
/home/osslab/mros2-wasm-service-communication-socket-journal/third_party/wamr/core/iwasm/interpreter/wasm_interp_classic.c:1149:9: note: in expansion of macro ‘INIT_THREAD_ID_CH’
 1149 |         INIT_THREAD_ID_CH();                                                \
      |         ^~~~~~~~~~~~~~~~~
/home/osslab/mros2-wasm-service-communication-socket-journal/third_party/wamr/core/iwasm/interpreter/wasm_interp_classic.c:1189:9: note: in expansion of macro ‘DO_CHECKPOINT’
 1189 |         DO_CHECKPOINT();                                                    \
      |         ^~~~~~~~~~~~~
/home/osslab/mros2-wasm-service-communication-socket-journal/third_party/wamr/core/iwasm/interpreter/wasm_interp_classic.c:1201:9: note: in expansion of macro ‘CHECK_DUMP’
 1201 |         CHECK_DUMP()                     \
      |         ^~~~~~~~~~
/home/osslab/mros2-wasm-service-communication-socket-journal/third_party/wamr/core/iwasm/interpreter/wasm_interp_classic.c:1223:25: note: in expansion of macro ‘FETCH_OPCODE_AND_DISPATCH’
 1223 | #define HANDLE_OP_END() FETCH_OPCODE_AND_DISPATCH()
      |                         ^~~~~~~~~~~~~~~~~~~~~~~~~
/home/osslab/mros2-wasm-service-communication-socket-journal/third_party/wamr/core/iwasm/interpreter/wasm_interp_classic.c:3548:17: note: in expansion of macro ‘HANDLE_OP_END’
 3548 |                 HANDLE_OP_END();
      |                 ^~~~~~~~~~~~~
/home/osslab/mros2-wasm-service-communication-socket-journal/third_party/wamr/core/iwasm/interpreter/wasm_interp_classic.c:1153:17: warning: variable ‘dummy_sp’ set but not used [-Wunused-but-set-variable]
 1153 |         uint32 *dummy_sp;                                                   \
      |                 ^~~~~~~~
/home/osslab/mros2-wasm-service-communication-socket-journal/third_party/wamr/core/iwasm/interpreter/wasm_interp_classic.c:1189:9: note: in expansion of macro ‘DO_CHECKPOINT’
 1189 |         DO_CHECKPOINT();                                                    \
      |         ^~~~~~~~~~~~~
/home/osslab/mros2-wasm-service-communication-socket-journal/third_party/wamr/core/iwasm/interpreter/wasm_interp_classic.c:1201:9: note: in expansion of macro ‘CHECK_DUMP’
 1201 |         CHECK_DUMP()                     \
      |         ^~~~~~~~~~
/home/osslab/mros2-wasm-service-communication-socket-journal/third_party/wamr/core/iwasm/interpreter/wasm_interp_classic.c:1223:25: note: in expansion of macro ‘FETCH_OPCODE_AND_DISPATCH’
 1223 | #define HANDLE_OP_END() FETCH_OPCODE_AND_DISPATCH()
      |                         ^~~~~~~~~~~~~~~~~~~~~~~~~
/home/osslab/mros2-wasm-service-communication-socket-journal/third_party/wamr/core/iwasm/interpreter/wasm_interp_classic.c:3548:17: note: in expansion of macro ‘HANDLE_OP_END’
 3548 |                 HANDLE_OP_END();
      |                 ^~~~~~~~~~~~~
/home/osslab/mros2-wasm-service-communication-socket-journal/third_party/wamr/core/iwasm/interpreter/wasm_interp_classic.c:1106:16: warning: variable ‘arg’ set but not used [-Wunused-but-set-variable]
 1106 |         uint32 arg;                                                          \
      |                ^~~
/home/osslab/mros2-wasm-service-communication-socket-journal/third_party/wamr/core/iwasm/interpreter/wasm_interp_classic.c:1149:9: note: in expansion of macro ‘INIT_THREAD_ID_CH’
 1149 |         INIT_THREAD_ID_CH();                                                \
      |         ^~~~~~~~~~~~~~~~~
/home/osslab/mros2-wasm-service-communication-socket-journal/third_party/wamr/core/iwasm/interpreter/wasm_interp_classic.c:1189:9: note: in expansion of macro ‘DO_CHECKPOINT’
 1189 |         DO_CHECKPOINT();                                                    \
      |         ^~~~~~~~~~~~~
/home/osslab/mros2-wasm-service-communication-socket-journal/third_party/wamr/core/iwasm/interpreter/wasm_interp_classic.c:1201:9: note: in expansion of macro ‘CHECK_DUMP’
 1201 |         CHECK_DUMP()                     \
      |         ^~~~~~~~~~
/home/osslab/mros2-wasm-service-communication-socket-journal/third_party/wamr/core/iwasm/interpreter/wasm_interp_classic.c:1223:25: note: in expansion of macro ‘FETCH_OPCODE_AND_DISPATCH’
 1223 | #define HANDLE_OP_END() FETCH_OPCODE_AND_DISPATCH()
      |                         ^~~~~~~~~~~~~~~~~~~~~~~~~
/home/osslab/mros2-wasm-service-communication-socket-journal/third_party/wamr/core/iwasm/interpreter/wasm_interp_classic.c:3554:17: note: in expansion of macro ‘HANDLE_OP_END’
 3554 |                 HANDLE_OP_END();
      |                 ^~~~~~~~~~~~~
/home/osslab/mros2-wasm-service-communication-socket-journal/third_party/wamr/core/iwasm/interpreter/wasm_interp_classic.c:1153:17: warning: variable ‘dummy_sp’ set but not used [-Wunused-but-set-variable]
 1153 |         uint32 *dummy_sp;                                                   \
      |                 ^~~~~~~~
/home/osslab/mros2-wasm-service-communication-socket-journal/third_party/wamr/core/iwasm/interpreter/wasm_interp_classic.c:1189:9: note: in expansion of macro ‘DO_CHECKPOINT’
 1189 |         DO_CHECKPOINT();                                                    \
      |         ^~~~~~~~~~~~~
/home/osslab/mros2-wasm-service-communication-socket-journal/third_party/wamr/core/iwasm/interpreter/wasm_interp_classic.c:1201:9: note: in expansion of macro ‘CHECK_DUMP’
 1201 |         CHECK_DUMP()                     \
      |         ^~~~~~~~~~
/home/osslab/mros2-wasm-service-communication-socket-journal/third_party/wamr/core/iwasm/interpreter/wasm_interp_classic.c:1223:25: note: in expansion of macro ‘FETCH_OPCODE_AND_DISPATCH’
 1223 | #define HANDLE_OP_END() FETCH_OPCODE_AND_DISPATCH()
      |                         ^~~~~~~~~~~~~~~~~~~~~~~~~
/home/osslab/mros2-wasm-service-communication-socket-journal/third_party/wamr/core/iwasm/interpreter/wasm_interp_classic.c:3554:17: note: in expansion of macro ‘HANDLE_OP_END’
 3554 |                 HANDLE_OP_END();
      |                 ^~~~~~~~~~~~~
/home/osslab/mros2-wasm-service-communication-socket-journal/third_party/wamr/core/iwasm/interpreter/wasm_interp_classic.c:1106:16: warning: variable ‘arg’ set but not used [-Wunused-but-set-variable]
 1106 |         uint32 arg;                                                          \
      |                ^~~
/home/osslab/mros2-wasm-service-communication-socket-journal/third_party/wamr/core/iwasm/interpreter/wasm_interp_classic.c:1149:9: note: in expansion of macro ‘INIT_THREAD_ID_CH’
 1149 |         INIT_THREAD_ID_CH();                                                \
      |         ^~~~~~~~~~~~~~~~~
/home/osslab/mros2-wasm-service-communication-socket-journal/third_party/wamr/core/iwasm/interpreter/wasm_interp_classic.c:1189:9: note: in expansion of macro ‘DO_CHECKPOINT’
 1189 |         DO_CHECKPOINT();                                                    \
      |         ^~~~~~~~~~~~~
/home/osslab/mros2-wasm-service-communication-socket-journal/third_party/wamr/core/iwasm/interpreter/wasm_interp_classic.c:1201:9: note: in expansion of macro ‘CHECK_DUMP’
 1201 |         CHECK_DUMP()                     \
      |         ^~~~~~~~~~
/home/osslab/mros2-wasm-service-communication-socket-journal/third_party/wamr/core/iwasm/interpreter/wasm_interp_classic.c:1223:25: note: in expansion of macro ‘FETCH_OPCODE_AND_DISPATCH’
 1223 | #define HANDLE_OP_END() FETCH_OPCODE_AND_DISPATCH()
      |                         ^~~~~~~~~~~~~~~~~~~~~~~~~
/home/osslab/mros2-wasm-service-communication-socket-journal/third_party/wamr/core/iwasm/interpreter/wasm_interp_classic.c:3560:17: note: in expansion of macro ‘HANDLE_OP_END’
 3560 |                 HANDLE_OP_END();
      |                 ^~~~~~~~~~~~~
/home/osslab/mros2-wasm-service-communication-socket-journal/third_party/wamr/core/iwasm/interpreter/wasm_interp_classic.c:1153:17: warning: variable ‘dummy_sp’ set but not used [-Wunused-but-set-variable]
 1153 |         uint32 *dummy_sp;                                                   \
      |                 ^~~~~~~~
/home/osslab/mros2-wasm-service-communication-socket-journal/third_party/wamr/core/iwasm/interpreter/wasm_interp_classic.c:1189:9: note: in expansion of macro ‘DO_CHECKPOINT’
 1189 |         DO_CHECKPOINT();                                                    \
      |         ^~~~~~~~~~~~~
/home/osslab/mros2-wasm-service-communication-socket-journal/third_party/wamr/core/iwasm/interpreter/wasm_interp_classic.c:1201:9: note: in expansion of macro ‘CHECK_DUMP’
 1201 |         CHECK_DUMP()                     \
      |         ^~~~~~~~~~
/home/osslab/mros2-wasm-service-communication-socket-journal/third_party/wamr/core/iwasm/interpreter/wasm_interp_classic.c:1223:25: note: in expansion of macro ‘FETCH_OPCODE_AND_DISPATCH’
 1223 | #define HANDLE_OP_END() FETCH_OPCODE_AND_DISPATCH()
      |                         ^~~~~~~~~~~~~~~~~~~~~~~~~
/home/osslab/mros2-wasm-service-communication-socket-journal/third_party/wamr/core/iwasm/interpreter/wasm_interp_classic.c:3560:17: note: in expansion of macro ‘HANDLE_OP_END’
 3560 |                 HANDLE_OP_END();
      |                 ^~~~~~~~~~~~~
/home/osslab/mros2-wasm-service-communication-socket-journal/third_party/wamr/core/iwasm/interpreter/wasm_interp_classic.c:1106:16: warning: variable ‘arg’ set but not used [-Wunused-but-set-variable]
 1106 |         uint32 arg;                                                          \
      |                ^~~
/home/osslab/mros2-wasm-service-communication-socket-journal/third_party/wamr/core/iwasm/interpreter/wasm_interp_classic.c:1149:9: note: in expansion of macro ‘INIT_THREAD_ID_CH’
 1149 |         INIT_THREAD_ID_CH();                                                \
      |         ^~~~~~~~~~~~~~~~~
/home/osslab/mros2-wasm-service-communication-socket-journal/third_party/wamr/core/iwasm/interpreter/wasm_interp_classic.c:1189:9: note: in expansion of macro ‘DO_CHECKPOINT’
 1189 |         DO_CHECKPOINT();                                                    \
      |         ^~~~~~~~~~~~~
/home/osslab/mros2-wasm-service-communication-socket-journal/third_party/wamr/core/iwasm/interpreter/wasm_interp_classic.c:1201:9: note: in expansion of macro ‘CHECK_DUMP’
 1201 |         CHECK_DUMP()                     \
      |         ^~~~~~~~~~
/home/osslab/mros2-wasm-service-communication-socket-journal/third_party/wamr/core/iwasm/interpreter/wasm_interp_classic.c:1223:25: note: in expansion of macro ‘FETCH_OPCODE_AND_DISPATCH’
 1223 | #define HANDLE_OP_END() FETCH_OPCODE_AND_DISPATCH()
      |                         ^~~~~~~~~~~~~~~~~~~~~~~~~
/home/osslab/mros2-wasm-service-communication-socket-journal/third_party/wamr/core/iwasm/interpreter/wasm_interp_classic.c:3566:17: note: in expansion of macro ‘HANDLE_OP_END’
 3566 |                 HANDLE_OP_END();
      |                 ^~~~~~~~~~~~~
/home/osslab/mros2-wasm-service-communication-socket-journal/third_party/wamr/core/iwasm/interpreter/wasm_interp_classic.c:1153:17: warning: variable ‘dummy_sp’ set but not used [-Wunused-but-set-variable]
 1153 |         uint32 *dummy_sp;                                                   \
      |                 ^~~~~~~~
/home/osslab/mros2-wasm-service-communication-socket-journal/third_party/wamr/core/iwasm/interpreter/wasm_interp_classic.c:1189:9: note: in expansion of macro ‘DO_CHECKPOINT’
 1189 |         DO_CHECKPOINT();                                                    \
      |         ^~~~~~~~~~~~~
/home/osslab/mros2-wasm-service-communication-socket-journal/third_party/wamr/core/iwasm/interpreter/wasm_interp_classic.c:1201:9: note: in expansion of macro ‘CHECK_DUMP’
 1201 |         CHECK_DUMP()                     \
      |         ^~~~~~~~~~
/home/osslab/mros2-wasm-service-communication-socket-journal/third_party/wamr/core/iwasm/interpreter/wasm_interp_classic.c:1223:25: note: in expansion of macro ‘FETCH_OPCODE_AND_DISPATCH’
 1223 | #define HANDLE_OP_END() FETCH_OPCODE_AND_DISPATCH()
      |                         ^~~~~~~~~~~~~~~~~~~~~~~~~
/home/osslab/mros2-wasm-service-communication-socket-journal/third_party/wamr/core/iwasm/interpreter/wasm_interp_classic.c:3566:17: note: in expansion of macro ‘HANDLE_OP_END’
 3566 |                 HANDLE_OP_END();
      |                 ^~~~~~~~~~~~~
/home/osslab/mros2-wasm-service-communication-socket-journal/third_party/wamr/core/iwasm/interpreter/wasm_interp_classic.c:1106:16: warning: variable ‘arg’ set but not used [-Wunused-but-set-variable]
 1106 |         uint32 arg;                                                          \
      |                ^~~
/home/osslab/mros2-wasm-service-communication-socket-journal/third_party/wamr/core/iwasm/interpreter/wasm_interp_classic.c:1149:9: note: in expansion of macro ‘INIT_THREAD_ID_CH’
 1149 |         INIT_THREAD_ID_CH();                                                \
      |         ^~~~~~~~~~~~~~~~~
/home/osslab/mros2-wasm-service-communication-socket-journal/third_party/wamr/core/iwasm/interpreter/wasm_interp_classic.c:1189:9: note: in expansion of macro ‘DO_CHECKPOINT’
 1189 |         DO_CHECKPOINT();                                                    \
      |         ^~~~~~~~~~~~~
/home/osslab/mros2-wasm-service-communication-socket-journal/third_party/wamr/core/iwasm/interpreter/wasm_interp_classic.c:1201:9: note: in expansion of macro ‘CHECK_DUMP’
 1201 |         CHECK_DUMP()                     \
      |         ^~~~~~~~~~
/home/osslab/mros2-wasm-service-communication-socket-journal/third_party/wamr/core/iwasm/interpreter/wasm_interp_classic.c:1223:25: note: in expansion of macro ‘FETCH_OPCODE_AND_DISPATCH’
 1223 | #define HANDLE_OP_END() FETCH_OPCODE_AND_DISPATCH()
      |                         ^~~~~~~~~~~~~~~~~~~~~~~~~
/home/osslab/mros2-wasm-service-communication-socket-journal/third_party/wamr/core/iwasm/interpreter/wasm_interp_classic.c:3572:17: note: in expansion of macro ‘HANDLE_OP_END’
 3572 |                 HANDLE_OP_END();
      |                 ^~~~~~~~~~~~~
/home/osslab/mros2-wasm-service-communication-socket-journal/third_party/wamr/core/iwasm/interpreter/wasm_interp_classic.c:1153:17: warning: variable ‘dummy_sp’ set but not used [-Wunused-but-set-variable]
 1153 |         uint32 *dummy_sp;                                                   \
      |                 ^~~~~~~~
/home/osslab/mros2-wasm-service-communication-socket-journal/third_party/wamr/core/iwasm/interpreter/wasm_interp_classic.c:1189:9: note: in expansion of macro ‘DO_CHECKPOINT’
 1189 |         DO_CHECKPOINT();                                                    \
      |         ^~~~~~~~~~~~~
/home/osslab/mros2-wasm-service-communication-socket-journal/third_party/wamr/core/iwasm/interpreter/wasm_interp_classic.c:1201:9: note: in expansion of macro ‘CHECK_DUMP’
 1201 |         CHECK_DUMP()                     \
      |         ^~~~~~~~~~
/home/osslab/mros2-wasm-service-communication-socket-journal/third_party/wamr/core/iwasm/interpreter/wasm_interp_classic.c:1223:25: note: in expansion of macro ‘FETCH_OPCODE_AND_DISPATCH’
 1223 | #define HANDLE_OP_END() FETCH_OPCODE_AND_DISPATCH()
      |                         ^~~~~~~~~~~~~~~~~~~~~~~~~
/home/osslab/mros2-wasm-service-communication-socket-journal/third_party/wamr/core/iwasm/interpreter/wasm_interp_classic.c:3572:17: note: in expansion of macro ‘HANDLE_OP_END’
 3572 |                 HANDLE_OP_END();
      |                 ^~~~~~~~~~~~~
/home/osslab/mros2-wasm-service-communication-socket-journal/third_party/wamr/core/iwasm/interpreter/wasm_interp_classic.c:1106:16: warning: variable ‘arg’ set but not used [-Wunused-but-set-variable]
 1106 |         uint32 arg;                                                          \
      |                ^~~
/home/osslab/mros2-wasm-service-communication-socket-journal/third_party/wamr/core/iwasm/interpreter/wasm_interp_classic.c:1149:9: note: in expansion of macro ‘INIT_THREAD_ID_CH’
 1149 |         INIT_THREAD_ID_CH();                                                \
      |         ^~~~~~~~~~~~~~~~~
/home/osslab/mros2-wasm-service-communication-socket-journal/third_party/wamr/core/iwasm/interpreter/wasm_interp_classic.c:1189:9: note: in expansion of macro ‘DO_CHECKPOINT’
 1189 |         DO_CHECKPOINT();                                                    \
      |         ^~~~~~~~~~~~~
/home/osslab/mros2-wasm-service-communication-socket-journal/third_party/wamr/core/iwasm/interpreter/wasm_interp_classic.c:1201:9: note: in expansion of macro ‘CHECK_DUMP’
 1201 |         CHECK_DUMP()                     \
      |         ^~~~~~~~~~
/home/osslab/mros2-wasm-service-communication-socket-journal/third_party/wamr/core/iwasm/interpreter/wasm_interp_classic.c:1223:25: note: in expansion of macro ‘FETCH_OPCODE_AND_DISPATCH’
 1223 | #define HANDLE_OP_END() FETCH_OPCODE_AND_DISPATCH()
      |                         ^~~~~~~~~~~~~~~~~~~~~~~~~
/home/osslab/mros2-wasm-service-communication-socket-journal/third_party/wamr/core/iwasm/interpreter/wasm_interp_classic.c:3579:17: note: in expansion of macro ‘HANDLE_OP_END’
 3579 |                 HANDLE_OP_END();
      |                 ^~~~~~~~~~~~~
/home/osslab/mros2-wasm-service-communication-socket-journal/third_party/wamr/core/iwasm/interpreter/wasm_interp_classic.c:1153:17: warning: variable ‘dummy_sp’ set but not used [-Wunused-but-set-variable]
 1153 |         uint32 *dummy_sp;                                                   \
      |                 ^~~~~~~~
/home/osslab/mros2-wasm-service-communication-socket-journal/third_party/wamr/core/iwasm/interpreter/wasm_interp_classic.c:1189:9: note: in expansion of macro ‘DO_CHECKPOINT’
 1189 |         DO_CHECKPOINT();                                                    \
      |         ^~~~~~~~~~~~~
/home/osslab/mros2-wasm-service-communication-socket-journal/third_party/wamr/core/iwasm/interpreter/wasm_interp_classic.c:1201:9: note: in expansion of macro ‘CHECK_DUMP’
 1201 |         CHECK_DUMP()                     \
      |         ^~~~~~~~~~
/home/osslab/mros2-wasm-service-communication-socket-journal/third_party/wamr/core/iwasm/interpreter/wasm_interp_classic.c:1223:25: note: in expansion of macro ‘FETCH_OPCODE_AND_DISPATCH’
 1223 | #define HANDLE_OP_END() FETCH_OPCODE_AND_DISPATCH()
      |                         ^~~~~~~~~~~~~~~~~~~~~~~~~
/home/osslab/mros2-wasm-service-communication-socket-journal/third_party/wamr/core/iwasm/interpreter/wasm_interp_classic.c:3579:17: note: in expansion of macro ‘HANDLE_OP_END’
 3579 |                 HANDLE_OP_END();
      |                 ^~~~~~~~~~~~~
/home/osslab/mros2-wasm-service-communication-socket-journal/third_party/wamr/core/iwasm/interpreter/wasm_interp_classic.c:1106:16: warning: variable ‘arg’ set but not used [-Wunused-but-set-variable]
 1106 |         uint32 arg;                                                          \
      |                ^~~
/home/osslab/mros2-wasm-service-communication-socket-journal/third_party/wamr/core/iwasm/interpreter/wasm_interp_classic.c:1149:9: note: in expansion of macro ‘INIT_THREAD_ID_CH’
 1149 |         INIT_THREAD_ID_CH();                                                \
      |         ^~~~~~~~~~~~~~~~~
/home/osslab/mros2-wasm-service-communication-socket-journal/third_party/wamr/core/iwasm/interpreter/wasm_interp_classic.c:1189:9: note: in expansion of macro ‘DO_CHECKPOINT’
 1189 |         DO_CHECKPOINT();                                                    \
      |         ^~~~~~~~~~~~~
/home/osslab/mros2-wasm-service-communication-socket-journal/third_party/wamr/core/iwasm/interpreter/wasm_interp_classic.c:1201:9: note: in expansion of macro ‘CHECK_DUMP’
 1201 |         CHECK_DUMP()                     \
      |         ^~~~~~~~~~
/home/osslab/mros2-wasm-service-communication-socket-journal/third_party/wamr/core/iwasm/interpreter/wasm_interp_classic.c:1223:25: note: in expansion of macro ‘FETCH_OPCODE_AND_DISPATCH’
 1223 | #define HANDLE_OP_END() FETCH_OPCODE_AND_DISPATCH()
      |                         ^~~~~~~~~~~~~~~~~~~~~~~~~
/home/osslab/mros2-wasm-service-communication-socket-journal/third_party/wamr/core/iwasm/interpreter/wasm_interp_classic.c:3585:17: note: in expansion of macro ‘HANDLE_OP_END’
 3585 |                 HANDLE_OP_END();
      |                 ^~~~~~~~~~~~~
/home/osslab/mros2-wasm-service-communication-socket-journal/third_party/wamr/core/iwasm/interpreter/wasm_interp_classic.c:1153:17: warning: variable ‘dummy_sp’ set but not used [-Wunused-but-set-variable]
 1153 |         uint32 *dummy_sp;                                                   \
      |                 ^~~~~~~~
/home/osslab/mros2-wasm-service-communication-socket-journal/third_party/wamr/core/iwasm/interpreter/wasm_interp_classic.c:1189:9: note: in expansion of macro ‘DO_CHECKPOINT’
 1189 |         DO_CHECKPOINT();                                                    \
      |         ^~~~~~~~~~~~~
/home/osslab/mros2-wasm-service-communication-socket-journal/third_party/wamr/core/iwasm/interpreter/wasm_interp_classic.c:1201:9: note: in expansion of macro ‘CHECK_DUMP’
 1201 |         CHECK_DUMP()                     \
      |         ^~~~~~~~~~
/home/osslab/mros2-wasm-service-communication-socket-journal/third_party/wamr/core/iwasm/interpreter/wasm_interp_classic.c:1223:25: note: in expansion of macro ‘FETCH_OPCODE_AND_DISPATCH’
 1223 | #define HANDLE_OP_END() FETCH_OPCODE_AND_DISPATCH()
      |                         ^~~~~~~~~~~~~~~~~~~~~~~~~
/home/osslab/mros2-wasm-service-communication-socket-journal/third_party/wamr/core/iwasm/interpreter/wasm_interp_classic.c:3585:17: note: in expansion of macro ‘HANDLE_OP_END’
 3585 |                 HANDLE_OP_END();
      |                 ^~~~~~~~~~~~~
/home/osslab/mros2-wasm-service-communication-socket-journal/third_party/wamr/core/iwasm/interpreter/wasm_interp_classic.c:1106:16: warning: variable ‘arg’ set but not used [-Wunused-but-set-variable]
 1106 |         uint32 arg;                                                          \
      |                ^~~
/home/osslab/mros2-wasm-service-communication-socket-journal/third_party/wamr/core/iwasm/interpreter/wasm_interp_classic.c:1149:9: note: in expansion of macro ‘INIT_THREAD_ID_CH’
 1149 |         INIT_THREAD_ID_CH();                                                \
      |         ^~~~~~~~~~~~~~~~~
/home/osslab/mros2-wasm-service-communication-socket-journal/third_party/wamr/core/iwasm/interpreter/wasm_interp_classic.c:1189:9: note: in expansion of macro ‘DO_CHECKPOINT’
 1189 |         DO_CHECKPOINT();                                                    \
      |         ^~~~~~~~~~~~~
/home/osslab/mros2-wasm-service-communication-socket-journal/third_party/wamr/core/iwasm/interpreter/wasm_interp_classic.c:1201:9: note: in expansion of macro ‘CHECK_DUMP’
 1201 |         CHECK_DUMP()                     \
      |         ^~~~~~~~~~
/home/osslab/mros2-wasm-service-communication-socket-journal/third_party/wamr/core/iwasm/interpreter/wasm_interp_classic.c:1223:25: note: in expansion of macro ‘FETCH_OPCODE_AND_DISPATCH’
 1223 | #define HANDLE_OP_END() FETCH_OPCODE_AND_DISPATCH()
      |                         ^~~~~~~~~~~~~~~~~~~~~~~~~
/home/osslab/mros2-wasm-service-communication-socket-journal/third_party/wamr/core/iwasm/interpreter/wasm_interp_classic.c:3591:17: note: in expansion of macro ‘HANDLE_OP_END’
 3591 |                 HANDLE_OP_END();
      |                 ^~~~~~~~~~~~~
/home/osslab/mros2-wasm-service-communication-socket-journal/third_party/wamr/core/iwasm/interpreter/wasm_interp_classic.c:1153:17: warning: variable ‘dummy_sp’ set but not used [-Wunused-but-set-variable]
 1153 |         uint32 *dummy_sp;                                                   \
      |                 ^~~~~~~~
/home/osslab/mros2-wasm-service-communication-socket-journal/third_party/wamr/core/iwasm/interpreter/wasm_interp_classic.c:1189:9: note: in expansion of macro ‘DO_CHECKPOINT’
 1189 |         DO_CHECKPOINT();                                                    \
      |         ^~~~~~~~~~~~~
/home/osslab/mros2-wasm-service-communication-socket-journal/third_party/wamr/core/iwasm/interpreter/wasm_interp_classic.c:1201:9: note: in expansion of macro ‘CHECK_DUMP’
 1201 |         CHECK_DUMP()                     \
      |         ^~~~~~~~~~
/home/osslab/mros2-wasm-service-communication-socket-journal/third_party/wamr/core/iwasm/interpreter/wasm_interp_classic.c:1223:25: note: in expansion of macro ‘FETCH_OPCODE_AND_DISPATCH’
 1223 | #define HANDLE_OP_END() FETCH_OPCODE_AND_DISPATCH()
      |                         ^~~~~~~~~~~~~~~~~~~~~~~~~
/home/osslab/mros2-wasm-service-communication-socket-journal/third_party/wamr/core/iwasm/interpreter/wasm_interp_classic.c:3591:17: note: in expansion of macro ‘HANDLE_OP_END’
 3591 |                 HANDLE_OP_END();
      |                 ^~~~~~~~~~~~~
/home/osslab/mros2-wasm-service-communication-socket-journal/third_party/wamr/core/iwasm/interpreter/wasm_interp_classic.c:1106:16: warning: variable ‘arg’ set but not used [-Wunused-but-set-variable]
 1106 |         uint32 arg;                                                          \
      |                ^~~
/home/osslab/mros2-wasm-service-communication-socket-journal/third_party/wamr/core/iwasm/interpreter/wasm_interp_classic.c:1149:9: note: in expansion of macro ‘INIT_THREAD_ID_CH’
 1149 |         INIT_THREAD_ID_CH();                                                \
      |         ^~~~~~~~~~~~~~~~~
/home/osslab/mros2-wasm-service-communication-socket-journal/third_party/wamr/core/iwasm/interpreter/wasm_interp_classic.c:1189:9: note: in expansion of macro ‘DO_CHECKPOINT’
 1189 |         DO_CHECKPOINT();                                                    \
      |         ^~~~~~~~~~~~~
/home/osslab/mros2-wasm-service-communication-socket-journal/third_party/wamr/core/iwasm/interpreter/wasm_interp_classic.c:1201:9: note: in expansion of macro ‘CHECK_DUMP’
 1201 |         CHECK_DUMP()                     \
      |         ^~~~~~~~~~
/home/osslab/mros2-wasm-service-communication-socket-journal/third_party/wamr/core/iwasm/interpreter/wasm_interp_classic.c:1223:25: note: in expansion of macro ‘FETCH_OPCODE_AND_DISPATCH’
 1223 | #define HANDLE_OP_END() FETCH_OPCODE_AND_DISPATCH()
      |                         ^~~~~~~~~~~~~~~~~~~~~~~~~
/home/osslab/mros2-wasm-service-communication-socket-journal/third_party/wamr/core/iwasm/interpreter/wasm_interp_classic.c:3597:17: note: in expansion of macro ‘HANDLE_OP_END’
 3597 |                 HANDLE_OP_END();
      |                 ^~~~~~~~~~~~~
/home/osslab/mros2-wasm-service-communication-socket-journal/third_party/wamr/core/iwasm/interpreter/wasm_interp_classic.c:1153:17: warning: variable ‘dummy_sp’ set but not used [-Wunused-but-set-variable]
 1153 |         uint32 *dummy_sp;                                                   \
      |                 ^~~~~~~~
/home/osslab/mros2-wasm-service-communication-socket-journal/third_party/wamr/core/iwasm/interpreter/wasm_interp_classic.c:1189:9: note: in expansion of macro ‘DO_CHECKPOINT’
 1189 |         DO_CHECKPOINT();                                                    \
      |         ^~~~~~~~~~~~~
/home/osslab/mros2-wasm-service-communication-socket-journal/third_party/wamr/core/iwasm/interpreter/wasm_interp_classic.c:1201:9: note: in expansion of macro ‘CHECK_DUMP’
 1201 |         CHECK_DUMP()                     \
      |         ^~~~~~~~~~
/home/osslab/mros2-wasm-service-communication-socket-journal/third_party/wamr/core/iwasm/interpreter/wasm_interp_classic.c:1223:25: note: in expansion of macro ‘FETCH_OPCODE_AND_DISPATCH’
 1223 | #define HANDLE_OP_END() FETCH_OPCODE_AND_DISPATCH()
      |                         ^~~~~~~~~~~~~~~~~~~~~~~~~
/home/osslab/mros2-wasm-service-communication-socket-journal/third_party/wamr/core/iwasm/interpreter/wasm_interp_classic.c:3597:17: note: in expansion of macro ‘HANDLE_OP_END’
 3597 |                 HANDLE_OP_END();
      |                 ^~~~~~~~~~~~~
/home/osslab/mros2-wasm-service-communication-socket-journal/third_party/wamr/core/iwasm/interpreter/wasm_interp_classic.c:1106:16: warning: variable ‘arg’ set but not used [-Wunused-but-set-variable]
 1106 |         uint32 arg;                                                          \
      |                ^~~
/home/osslab/mros2-wasm-service-communication-socket-journal/third_party/wamr/core/iwasm/interpreter/wasm_interp_classic.c:1149:9: note: in expansion of macro ‘INIT_THREAD_ID_CH’
 1149 |         INIT_THREAD_ID_CH();                                                \
      |         ^~~~~~~~~~~~~~~~~
/home/osslab/mros2-wasm-service-communication-socket-journal/third_party/wamr/core/iwasm/interpreter/wasm_interp_classic.c:1189:9: note: in expansion of macro ‘DO_CHECKPOINT’
 1189 |         DO_CHECKPOINT();                                                    \
      |         ^~~~~~~~~~~~~
/home/osslab/mros2-wasm-service-communication-socket-journal/third_party/wamr/core/iwasm/interpreter/wasm_interp_classic.c:1201:9: note: in expansion of macro ‘CHECK_DUMP’
 1201 |         CHECK_DUMP()                     \
      |         ^~~~~~~~~~
/home/osslab/mros2-wasm-service-communication-socket-journal/third_party/wamr/core/iwasm/interpreter/wasm_interp_classic.c:1223:25: note: in expansion of macro ‘FETCH_OPCODE_AND_DISPATCH’
 1223 | #define HANDLE_OP_END() FETCH_OPCODE_AND_DISPATCH()
      |                         ^~~~~~~~~~~~~~~~~~~~~~~~~
/home/osslab/mros2-wasm-service-communication-socket-journal/third_party/wamr/core/iwasm/interpreter/wasm_interp_classic.c:3603:17: note: in expansion of macro ‘HANDLE_OP_END’
 3603 |                 HANDLE_OP_END();
      |                 ^~~~~~~~~~~~~
/home/osslab/mros2-wasm-service-communication-socket-journal/third_party/wamr/core/iwasm/interpreter/wasm_interp_classic.c:1153:17: warning: variable ‘dummy_sp’ set but not used [-Wunused-but-set-variable]
 1153 |         uint32 *dummy_sp;                                                   \
      |                 ^~~~~~~~
/home/osslab/mros2-wasm-service-communication-socket-journal/third_party/wamr/core/iwasm/interpreter/wasm_interp_classic.c:1189:9: note: in expansion of macro ‘DO_CHECKPOINT’
 1189 |         DO_CHECKPOINT();                                                    \
      |         ^~~~~~~~~~~~~
/home/osslab/mros2-wasm-service-communication-socket-journal/third_party/wamr/core/iwasm/interpreter/wasm_interp_classic.c:1201:9: note: in expansion of macro ‘CHECK_DUMP’
 1201 |         CHECK_DUMP()                     \
      |         ^~~~~~~~~~
/home/osslab/mros2-wasm-service-communication-socket-journal/third_party/wamr/core/iwasm/interpreter/wasm_interp_classic.c:1223:25: note: in expansion of macro ‘FETCH_OPCODE_AND_DISPATCH’
 1223 | #define HANDLE_OP_END() FETCH_OPCODE_AND_DISPATCH()
      |                         ^~~~~~~~~~~~~~~~~~~~~~~~~
/home/osslab/mros2-wasm-service-communication-socket-journal/third_party/wamr/core/iwasm/interpreter/wasm_interp_classic.c:3603:17: note: in expansion of macro ‘HANDLE_OP_END’
 3603 |                 HANDLE_OP_END();
      |                 ^~~~~~~~~~~~~
/home/osslab/mros2-wasm-service-communication-socket-journal/third_party/wamr/core/iwasm/interpreter/wasm_interp_classic.c:1106:16: warning: variable ‘arg’ set but not used [-Wunused-but-set-variable]
 1106 |         uint32 arg;                                                          \
      |                ^~~
/home/osslab/mros2-wasm-service-communication-socket-journal/third_party/wamr/core/iwasm/interpreter/wasm_interp_classic.c:1149:9: note: in expansion of macro ‘INIT_THREAD_ID_CH’
 1149 |         INIT_THREAD_ID_CH();                                                \
      |         ^~~~~~~~~~~~~~~~~
/home/osslab/mros2-wasm-service-communication-socket-journal/third_party/wamr/core/iwasm/interpreter/wasm_interp_classic.c:1189:9: note: in expansion of macro ‘DO_CHECKPOINT’
 1189 |         DO_CHECKPOINT();                                                    \
      |         ^~~~~~~~~~~~~
/home/osslab/mros2-wasm-service-communication-socket-journal/third_party/wamr/core/iwasm/interpreter/wasm_interp_classic.c:1201:9: note: in expansion of macro ‘CHECK_DUMP’
 1201 |         CHECK_DUMP()                     \
      |         ^~~~~~~~~~
/home/osslab/mros2-wasm-service-communication-socket-journal/third_party/wamr/core/iwasm/interpreter/wasm_interp_classic.c:1223:25: note: in expansion of macro ‘FETCH_OPCODE_AND_DISPATCH’
 1223 | #define HANDLE_OP_END() FETCH_OPCODE_AND_DISPATCH()
      |                         ^~~~~~~~~~~~~~~~~~~~~~~~~
/home/osslab/mros2-wasm-service-communication-socket-journal/third_party/wamr/core/iwasm/interpreter/wasm_interp_classic.c:3612:17: note: in expansion of macro ‘HANDLE_OP_END’
 3612 |                 HANDLE_OP_END();
      |                 ^~~~~~~~~~~~~
/home/osslab/mros2-wasm-service-communication-socket-journal/third_party/wamr/core/iwasm/interpreter/wasm_interp_classic.c:1153:17: warning: variable ‘dummy_sp’ set but not used [-Wunused-but-set-variable]
 1153 |         uint32 *dummy_sp;                                                   \
      |                 ^~~~~~~~
/home/osslab/mros2-wasm-service-communication-socket-journal/third_party/wamr/core/iwasm/interpreter/wasm_interp_classic.c:1189:9: note: in expansion of macro ‘DO_CHECKPOINT’
 1189 |         DO_CHECKPOINT();                                                    \
      |         ^~~~~~~~~~~~~
/home/osslab/mros2-wasm-service-communication-socket-journal/third_party/wamr/core/iwasm/interpreter/wasm_interp_classic.c:1201:9: note: in expansion of macro ‘CHECK_DUMP’
 1201 |         CHECK_DUMP()                     \
      |         ^~~~~~~~~~
/home/osslab/mros2-wasm-service-communication-socket-journal/third_party/wamr/core/iwasm/interpreter/wasm_interp_classic.c:1223:25: note: in expansion of macro ‘FETCH_OPCODE_AND_DISPATCH’
 1223 | #define HANDLE_OP_END() FETCH_OPCODE_AND_DISPATCH()
      |                         ^~~~~~~~~~~~~~~~~~~~~~~~~
/home/osslab/mros2-wasm-service-communication-socket-journal/third_party/wamr/core/iwasm/interpreter/wasm_interp_classic.c:3612:17: note: in expansion of macro ‘HANDLE_OP_END’
 3612 |                 HANDLE_OP_END();
      |                 ^~~~~~~~~~~~~
/home/osslab/mros2-wasm-service-communication-socket-journal/third_party/wamr/core/iwasm/interpreter/wasm_interp_classic.c:1106:16: warning: variable ‘arg’ set but not used [-Wunused-but-set-variable]
 1106 |         uint32 arg;                                                          \
      |                ^~~
/home/osslab/mros2-wasm-service-communication-socket-journal/third_party/wamr/core/iwasm/interpreter/wasm_interp_classic.c:1149:9: note: in expansion of macro ‘INIT_THREAD_ID_CH’
 1149 |         INIT_THREAD_ID_CH();                                                \
      |         ^~~~~~~~~~~~~~~~~
/home/osslab/mros2-wasm-service-communication-socket-journal/third_party/wamr/core/iwasm/interpreter/wasm_interp_classic.c:1189:9: note: in expansion of macro ‘DO_CHECKPOINT’
 1189 |         DO_CHECKPOINT();                                                    \
      |         ^~~~~~~~~~~~~
/home/osslab/mros2-wasm-service-communication-socket-journal/third_party/wamr/core/iwasm/interpreter/wasm_interp_classic.c:1201:9: note: in expansion of macro ‘CHECK_DUMP’
 1201 |         CHECK_DUMP()                     \
      |         ^~~~~~~~~~
/home/osslab/mros2-wasm-service-communication-socket-journal/third_party/wamr/core/iwasm/interpreter/wasm_interp_classic.c:1223:25: note: in expansion of macro ‘FETCH_OPCODE_AND_DISPATCH’
 1223 | #define HANDLE_OP_END() FETCH_OPCODE_AND_DISPATCH()
      |                         ^~~~~~~~~~~~~~~~~~~~~~~~~
/home/osslab/mros2-wasm-service-communication-socket-journal/third_party/wamr/core/iwasm/interpreter/wasm_interp_classic.c:3618:17: note: in expansion of macro ‘HANDLE_OP_END’
 3618 |                 HANDLE_OP_END();
      |                 ^~~~~~~~~~~~~
/home/osslab/mros2-wasm-service-communication-socket-journal/third_party/wamr/core/iwasm/interpreter/wasm_interp_classic.c:1153:17: warning: variable ‘dummy_sp’ set but not used [-Wunused-but-set-variable]
 1153 |         uint32 *dummy_sp;                                                   \
      |                 ^~~~~~~~
/home/osslab/mros2-wasm-service-communication-socket-journal/third_party/wamr/core/iwasm/interpreter/wasm_interp_classic.c:1189:9: note: in expansion of macro ‘DO_CHECKPOINT’
 1189 |         DO_CHECKPOINT();                                                    \
      |         ^~~~~~~~~~~~~
/home/osslab/mros2-wasm-service-communication-socket-journal/third_party/wamr/core/iwasm/interpreter/wasm_interp_classic.c:1201:9: note: in expansion of macro ‘CHECK_DUMP’
 1201 |         CHECK_DUMP()                     \
      |         ^~~~~~~~~~
/home/osslab/mros2-wasm-service-communication-socket-journal/third_party/wamr/core/iwasm/interpreter/wasm_interp_classic.c:1223:25: note: in expansion of macro ‘FETCH_OPCODE_AND_DISPATCH’
 1223 | #define HANDLE_OP_END() FETCH_OPCODE_AND_DISPATCH()
      |                         ^~~~~~~~~~~~~~~~~~~~~~~~~
/home/osslab/mros2-wasm-service-communication-socket-journal/third_party/wamr/core/iwasm/interpreter/wasm_interp_classic.c:3618:17: note: in expansion of macro ‘HANDLE_OP_END’
 3618 |                 HANDLE_OP_END();
      |                 ^~~~~~~~~~~~~
/home/osslab/mros2-wasm-service-communication-socket-journal/third_party/wamr/core/iwasm/interpreter/wasm_interp_classic.c:1106:16: warning: variable ‘arg’ set but not used [-Wunused-but-set-variable]
 1106 |         uint32 arg;                                                          \
      |                ^~~
/home/osslab/mros2-wasm-service-communication-socket-journal/third_party/wamr/core/iwasm/interpreter/wasm_interp_classic.c:1149:9: note: in expansion of macro ‘INIT_THREAD_ID_CH’
 1149 |         INIT_THREAD_ID_CH();                                                \
      |         ^~~~~~~~~~~~~~~~~
/home/osslab/mros2-wasm-service-communication-socket-journal/third_party/wamr/core/iwasm/interpreter/wasm_interp_classic.c:1189:9: note: in expansion of macro ‘DO_CHECKPOINT’
 1189 |         DO_CHECKPOINT();                                                    \
      |         ^~~~~~~~~~~~~
/home/osslab/mros2-wasm-service-communication-socket-journal/third_party/wamr/core/iwasm/interpreter/wasm_interp_classic.c:1201:9: note: in expansion of macro ‘CHECK_DUMP’
 1201 |         CHECK_DUMP()                     \
      |         ^~~~~~~~~~
/home/osslab/mros2-wasm-service-communication-socket-journal/third_party/wamr/core/iwasm/interpreter/wasm_interp_classic.c:1223:25: note: in expansion of macro ‘FETCH_OPCODE_AND_DISPATCH’
 1223 | #define HANDLE_OP_END() FETCH_OPCODE_AND_DISPATCH()
      |                         ^~~~~~~~~~~~~~~~~~~~~~~~~
/home/osslab/mros2-wasm-service-communication-socket-journal/third_party/wamr/core/iwasm/interpreter/wasm_interp_classic.c:3624:17: note: in expansion of macro ‘HANDLE_OP_END’
 3624 |                 HANDLE_OP_END();
      |                 ^~~~~~~~~~~~~
/home/osslab/mros2-wasm-service-communication-socket-journal/third_party/wamr/core/iwasm/interpreter/wasm_interp_classic.c:1153:17: warning: variable ‘dummy_sp’ set but not used [-Wunused-but-set-variable]
 1153 |         uint32 *dummy_sp;                                                   \
      |                 ^~~~~~~~
/home/osslab/mros2-wasm-service-communication-socket-journal/third_party/wamr/core/iwasm/interpreter/wasm_interp_classic.c:1189:9: note: in expansion of macro ‘DO_CHECKPOINT’
 1189 |         DO_CHECKPOINT();                                                    \
      |         ^~~~~~~~~~~~~
/home/osslab/mros2-wasm-service-communication-socket-journal/third_party/wamr/core/iwasm/interpreter/wasm_interp_classic.c:1201:9: note: in expansion of macro ‘CHECK_DUMP’
 1201 |         CHECK_DUMP()                     \
      |         ^~~~~~~~~~
/home/osslab/mros2-wasm-service-communication-socket-journal/third_party/wamr/core/iwasm/interpreter/wasm_interp_classic.c:1223:25: note: in expansion of macro ‘FETCH_OPCODE_AND_DISPATCH’
 1223 | #define HANDLE_OP_END() FETCH_OPCODE_AND_DISPATCH()
      |                         ^~~~~~~~~~~~~~~~~~~~~~~~~
/home/osslab/mros2-wasm-service-communication-socket-journal/third_party/wamr/core/iwasm/interpreter/wasm_interp_classic.c:3624:17: note: in expansion of macro ‘HANDLE_OP_END’
 3624 |                 HANDLE_OP_END();
      |                 ^~~~~~~~~~~~~
/home/osslab/mros2-wasm-service-communication-socket-journal/third_party/wamr/core/iwasm/interpreter/wasm_interp_classic.c:1106:16: warning: variable ‘arg’ set but not used [-Wunused-but-set-variable]
 1106 |         uint32 arg;                                                          \
      |                ^~~
/home/osslab/mros2-wasm-service-communication-socket-journal/third_party/wamr/core/iwasm/interpreter/wasm_interp_classic.c:1149:9: note: in expansion of macro ‘INIT_THREAD_ID_CH’
 1149 |         INIT_THREAD_ID_CH();                                                \
      |         ^~~~~~~~~~~~~~~~~
/home/osslab/mros2-wasm-service-communication-socket-journal/third_party/wamr/core/iwasm/interpreter/wasm_interp_classic.c:1189:9: note: in expansion of macro ‘DO_CHECKPOINT’
 1189 |         DO_CHECKPOINT();                                                    \
      |         ^~~~~~~~~~~~~
/home/osslab/mros2-wasm-service-communication-socket-journal/third_party/wamr/core/iwasm/interpreter/wasm_interp_classic.c:1201:9: note: in expansion of macro ‘CHECK_DUMP’
 1201 |         CHECK_DUMP()                     \
      |         ^~~~~~~~~~
/home/osslab/mros2-wasm-service-communication-socket-journal/third_party/wamr/core/iwasm/interpreter/wasm_interp_classic.c:1223:25: note: in expansion of macro ‘FETCH_OPCODE_AND_DISPATCH’
 1223 | #define HANDLE_OP_END() FETCH_OPCODE_AND_DISPATCH()
      |                         ^~~~~~~~~~~~~~~~~~~~~~~~~
/home/osslab/mros2-wasm-service-communication-socket-journal/third_party/wamr/core/iwasm/interpreter/wasm_interp_classic.c:3630:17: note: in expansion of macro ‘HANDLE_OP_END’
 3630 |                 HANDLE_OP_END();
      |                 ^~~~~~~~~~~~~
/home/osslab/mros2-wasm-service-communication-socket-journal/third_party/wamr/core/iwasm/interpreter/wasm_interp_classic.c:1153:17: warning: variable ‘dummy_sp’ set but not used [-Wunused-but-set-variable]
 1153 |         uint32 *dummy_sp;                                                   \
      |                 ^~~~~~~~
/home/osslab/mros2-wasm-service-communication-socket-journal/third_party/wamr/core/iwasm/interpreter/wasm_interp_classic.c:1189:9: note: in expansion of macro ‘DO_CHECKPOINT’
 1189 |         DO_CHECKPOINT();                                                    \
      |         ^~~~~~~~~~~~~
/home/osslab/mros2-wasm-service-communication-socket-journal/third_party/wamr/core/iwasm/interpreter/wasm_interp_classic.c:1201:9: note: in expansion of macro ‘CHECK_DUMP’
 1201 |         CHECK_DUMP()                     \
      |         ^~~~~~~~~~
/home/osslab/mros2-wasm-service-communication-socket-journal/third_party/wamr/core/iwasm/interpreter/wasm_interp_classic.c:1223:25: note: in expansion of macro ‘FETCH_OPCODE_AND_DISPATCH’
 1223 | #define HANDLE_OP_END() FETCH_OPCODE_AND_DISPATCH()
      |                         ^~~~~~~~~~~~~~~~~~~~~~~~~
/home/osslab/mros2-wasm-service-communication-socket-journal/third_party/wamr/core/iwasm/interpreter/wasm_interp_classic.c:3630:17: note: in expansion of macro ‘HANDLE_OP_END’
 3630 |                 HANDLE_OP_END();
      |                 ^~~~~~~~~~~~~
/home/osslab/mros2-wasm-service-communication-socket-journal/third_party/wamr/core/iwasm/interpreter/wasm_interp_classic.c:1106:16: warning: variable ‘arg’ set but not used [-Wunused-but-set-variable]
 1106 |         uint32 arg;                                                          \
      |                ^~~
/home/osslab/mros2-wasm-service-communication-socket-journal/third_party/wamr/core/iwasm/interpreter/wasm_interp_classic.c:1149:9: note: in expansion of macro ‘INIT_THREAD_ID_CH’
 1149 |         INIT_THREAD_ID_CH();                                                \
      |         ^~~~~~~~~~~~~~~~~
/home/osslab/mros2-wasm-service-communication-socket-journal/third_party/wamr/core/iwasm/interpreter/wasm_interp_classic.c:1189:9: note: in expansion of macro ‘DO_CHECKPOINT’
 1189 |         DO_CHECKPOINT();                                                    \
      |         ^~~~~~~~~~~~~
/home/osslab/mros2-wasm-service-communication-socket-journal/third_party/wamr/core/iwasm/interpreter/wasm_interp_classic.c:1201:9: note: in expansion of macro ‘CHECK_DUMP’
 1201 |         CHECK_DUMP()                     \
      |         ^~~~~~~~~~
/home/osslab/mros2-wasm-service-communication-socket-journal/third_party/wamr/core/iwasm/interpreter/wasm_interp_classic.c:1223:25: note: in expansion of macro ‘FETCH_OPCODE_AND_DISPATCH’
 1223 | #define HANDLE_OP_END() FETCH_OPCODE_AND_DISPATCH()
      |                         ^~~~~~~~~~~~~~~~~~~~~~~~~
/home/osslab/mros2-wasm-service-communication-socket-journal/third_party/wamr/core/iwasm/interpreter/wasm_interp_classic.c:3636:17: note: in expansion of macro ‘HANDLE_OP_END’
 3636 |                 HANDLE_OP_END();
      |                 ^~~~~~~~~~~~~
/home/osslab/mros2-wasm-service-communication-socket-journal/third_party/wamr/core/iwasm/interpreter/wasm_interp_classic.c:1153:17: warning: variable ‘dummy_sp’ set but not used [-Wunused-but-set-variable]
 1153 |         uint32 *dummy_sp;                                                   \
      |                 ^~~~~~~~
/home/osslab/mros2-wasm-service-communication-socket-journal/third_party/wamr/core/iwasm/interpreter/wasm_interp_classic.c:1189:9: note: in expansion of macro ‘DO_CHECKPOINT’
 1189 |         DO_CHECKPOINT();                                                    \
      |         ^~~~~~~~~~~~~
/home/osslab/mros2-wasm-service-communication-socket-journal/third_party/wamr/core/iwasm/interpreter/wasm_interp_classic.c:1201:9: note: in expansion of macro ‘CHECK_DUMP’
 1201 |         CHECK_DUMP()                     \
      |         ^~~~~~~~~~
/home/osslab/mros2-wasm-service-communication-socket-journal/third_party/wamr/core/iwasm/interpreter/wasm_interp_classic.c:1223:25: note: in expansion of macro ‘FETCH_OPCODE_AND_DISPATCH’
 1223 | #define HANDLE_OP_END() FETCH_OPCODE_AND_DISPATCH()
      |                         ^~~~~~~~~~~~~~~~~~~~~~~~~
/home/osslab/mros2-wasm-service-communication-socket-journal/third_party/wamr/core/iwasm/interpreter/wasm_interp_classic.c:3636:17: note: in expansion of macro ‘HANDLE_OP_END’
 3636 |                 HANDLE_OP_END();
      |                 ^~~~~~~~~~~~~
/home/osslab/mros2-wasm-service-communication-socket-journal/third_party/wamr/core/iwasm/interpreter/wasm_interp_classic.c:1106:16: warning: variable ‘arg’ set but not used [-Wunused-but-set-variable]
 1106 |         uint32 arg;                                                          \
      |                ^~~
/home/osslab/mros2-wasm-service-communication-socket-journal/third_party/wamr/core/iwasm/interpreter/wasm_interp_classic.c:1149:9: note: in expansion of macro ‘INIT_THREAD_ID_CH’
 1149 |         INIT_THREAD_ID_CH();                                                \
      |         ^~~~~~~~~~~~~~~~~
/home/osslab/mros2-wasm-service-communication-socket-journal/third_party/wamr/core/iwasm/interpreter/wasm_interp_classic.c:1189:9: note: in expansion of macro ‘DO_CHECKPOINT’
 1189 |         DO_CHECKPOINT();                                                    \
      |         ^~~~~~~~~~~~~
/home/osslab/mros2-wasm-service-communication-socket-journal/third_party/wamr/core/iwasm/interpreter/wasm_interp_classic.c:1201:9: note: in expansion of macro ‘CHECK_DUMP’
 1201 |         CHECK_DUMP()                     \
      |         ^~~~~~~~~~
/home/osslab/mros2-wasm-service-communication-socket-journal/third_party/wamr/core/iwasm/interpreter/wasm_interp_classic.c:1223:25: note: in expansion of macro ‘FETCH_OPCODE_AND_DISPATCH’
 1223 | #define HANDLE_OP_END() FETCH_OPCODE_AND_DISPATCH()
      |                         ^~~~~~~~~~~~~~~~~~~~~~~~~
/home/osslab/mros2-wasm-service-communication-socket-journal/third_party/wamr/core/iwasm/interpreter/wasm_interp_classic.c:3642:17: note: in expansion of macro ‘HANDLE_OP_END’
 3642 |                 HANDLE_OP_END();
      |                 ^~~~~~~~~~~~~
/home/osslab/mros2-wasm-service-communication-socket-journal/third_party/wamr/core/iwasm/interpreter/wasm_interp_classic.c:1153:17: warning: variable ‘dummy_sp’ set but not used [-Wunused-but-set-variable]
 1153 |         uint32 *dummy_sp;                                                   \
      |                 ^~~~~~~~
/home/osslab/mros2-wasm-service-communication-socket-journal/third_party/wamr/core/iwasm/interpreter/wasm_interp_classic.c:1189:9: note: in expansion of macro ‘DO_CHECKPOINT’
 1189 |         DO_CHECKPOINT();                                                    \
      |         ^~~~~~~~~~~~~
/home/osslab/mros2-wasm-service-communication-socket-journal/third_party/wamr/core/iwasm/interpreter/wasm_interp_classic.c:1201:9: note: in expansion of macro ‘CHECK_DUMP’
 1201 |         CHECK_DUMP()                     \
      |         ^~~~~~~~~~
/home/osslab/mros2-wasm-service-communication-socket-journal/third_party/wamr/core/iwasm/interpreter/wasm_interp_classic.c:1223:25: note: in expansion of macro ‘FETCH_OPCODE_AND_DISPATCH’
 1223 | #define HANDLE_OP_END() FETCH_OPCODE_AND_DISPATCH()
      |                         ^~~~~~~~~~~~~~~~~~~~~~~~~
/home/osslab/mros2-wasm-service-communication-socket-journal/third_party/wamr/core/iwasm/interpreter/wasm_interp_classic.c:3642:17: note: in expansion of macro ‘HANDLE_OP_END’
 3642 |                 HANDLE_OP_END();
      |                 ^~~~~~~~~~~~~
/home/osslab/mros2-wasm-service-communication-socket-journal/third_party/wamr/core/iwasm/interpreter/wasm_interp_classic.c:1106:16: warning: variable ‘arg’ set but not used [-Wunused-but-set-variable]
 1106 |         uint32 arg;                                                          \
      |                ^~~
/home/osslab/mros2-wasm-service-communication-socket-journal/third_party/wamr/core/iwasm/interpreter/wasm_interp_classic.c:1149:9: note: in expansion of macro ‘INIT_THREAD_ID_CH’
 1149 |         INIT_THREAD_ID_CH();                                                \
      |         ^~~~~~~~~~~~~~~~~
/home/osslab/mros2-wasm-service-communication-socket-journal/third_party/wamr/core/iwasm/interpreter/wasm_interp_classic.c:1189:9: note: in expansion of macro ‘DO_CHECKPOINT’
 1189 |         DO_CHECKPOINT();                                                    \
      |         ^~~~~~~~~~~~~
/home/osslab/mros2-wasm-service-communication-socket-journal/third_party/wamr/core/iwasm/interpreter/wasm_interp_classic.c:1201:9: note: in expansion of macro ‘CHECK_DUMP’
 1201 |         CHECK_DUMP()                     \
      |         ^~~~~~~~~~
/home/osslab/mros2-wasm-service-communication-socket-journal/third_party/wamr/core/iwasm/interpreter/wasm_interp_classic.c:1223:25: note: in expansion of macro ‘FETCH_OPCODE_AND_DISPATCH’
 1223 | #define HANDLE_OP_END() FETCH_OPCODE_AND_DISPATCH()
      |                         ^~~~~~~~~~~~~~~~~~~~~~~~~
/home/osslab/mros2-wasm-service-communication-socket-journal/third_party/wamr/core/iwasm/interpreter/wasm_interp_classic.c:3984:17: note: in expansion of macro ‘HANDLE_OP_END’
 3984 |                 HANDLE_OP_END();
      |                 ^~~~~~~~~~~~~
/home/osslab/mros2-wasm-service-communication-socket-journal/third_party/wamr/core/iwasm/interpreter/wasm_interp_classic.c:1153:17: warning: variable ‘dummy_sp’ set but not used [-Wunused-but-set-variable]
 1153 |         uint32 *dummy_sp;                                                   \
      |                 ^~~~~~~~
/home/osslab/mros2-wasm-service-communication-socket-journal/third_party/wamr/core/iwasm/interpreter/wasm_interp_classic.c:1189:9: note: in expansion of macro ‘DO_CHECKPOINT’
 1189 |         DO_CHECKPOINT();                                                    \
      |         ^~~~~~~~~~~~~
/home/osslab/mros2-wasm-service-communication-socket-journal/third_party/wamr/core/iwasm/interpreter/wasm_interp_classic.c:1201:9: note: in expansion of macro ‘CHECK_DUMP’
 1201 |         CHECK_DUMP()                     \
      |         ^~~~~~~~~~
/home/osslab/mros2-wasm-service-communication-socket-journal/third_party/wamr/core/iwasm/interpreter/wasm_interp_classic.c:1223:25: note: in expansion of macro ‘FETCH_OPCODE_AND_DISPATCH’
 1223 | #define HANDLE_OP_END() FETCH_OPCODE_AND_DISPATCH()
      |                         ^~~~~~~~~~~~~~~~~~~~~~~~~
/home/osslab/mros2-wasm-service-communication-socket-journal/third_party/wamr/core/iwasm/interpreter/wasm_interp_classic.c:3984:17: note: in expansion of macro ‘HANDLE_OP_END’
 3984 |                 HANDLE_OP_END();
      |                 ^~~~~~~~~~~~~
/home/osslab/mros2-wasm-service-communication-socket-journal/third_party/wamr/core/iwasm/interpreter/wasm_interp_classic.c:1106:16: warning: variable ‘arg’ set but not used [-Wunused-but-set-variable]
 1106 |         uint32 arg;                                                          \
      |                ^~~
/home/osslab/mros2-wasm-service-communication-socket-journal/third_party/wamr/core/iwasm/interpreter/wasm_interp_classic.c:1149:9: note: in expansion of macro ‘INIT_THREAD_ID_CH’
 1149 |         INIT_THREAD_ID_CH();                                                \
      |         ^~~~~~~~~~~~~~~~~
/home/osslab/mros2-wasm-service-communication-socket-journal/third_party/wamr/core/iwasm/interpreter/wasm_interp_classic.c:4054:29: note: in expansion of macro ‘DO_CHECKPOINT’
 4054 |                             DO_CHECKPOINT();
      |                             ^~~~~~~~~~~~~
/home/osslab/mros2-wasm-service-communication-socket-journal/third_party/wamr/core/iwasm/interpreter/wasm_interp_classic.c:1153:17: warning: variable ‘dummy_sp’ set but not used [-Wunused-but-set-variable]
 1153 |         uint32 *dummy_sp;                                                   \
      |                 ^~~~~~~~
/home/osslab/mros2-wasm-service-communication-socket-journal/third_party/wamr/core/iwasm/interpreter/wasm_interp_classic.c:4054:29: note: in expansion of macro ‘DO_CHECKPOINT’
 4054 |                             DO_CHECKPOINT();
      |                             ^~~~~~~~~~~~~
/home/osslab/mros2-wasm-service-communication-socket-journal/third_party/wamr/core/iwasm/interpreter/wasm_interp_classic.c:1106:16: warning: variable ‘arg’ set but not used [-Wunused-but-set-variable]
 1106 |         uint32 arg;                                                          \
      |                ^~~
/home/osslab/mros2-wasm-service-communication-socket-journal/third_party/wamr/core/iwasm/interpreter/wasm_interp_classic.c:1149:9: note: in expansion of macro ‘INIT_THREAD_ID_CH’
 1149 |         INIT_THREAD_ID_CH();                                                \
      |         ^~~~~~~~~~~~~~~~~
/home/osslab/mros2-wasm-service-communication-socket-journal/third_party/wamr/core/iwasm/interpreter/wasm_interp_classic.c:4086:29: note: in expansion of macro ‘DO_CHECKPOINT’
 4086 |                             DO_CHECKPOINT();
      |                             ^~~~~~~~~~~~~
/home/osslab/mros2-wasm-service-communication-socket-journal/third_party/wamr/core/iwasm/interpreter/wasm_interp_classic.c:1153:17: warning: variable ‘dummy_sp’ set but not used [-Wunused-but-set-variable]
 1153 |         uint32 *dummy_sp;                                                   \
      |                 ^~~~~~~~
/home/osslab/mros2-wasm-service-communication-socket-journal/third_party/wamr/core/iwasm/interpreter/wasm_interp_classic.c:4086:29: note: in expansion of macro ‘DO_CHECKPOINT’
 4086 |                             DO_CHECKPOINT();
      |                             ^~~~~~~~~~~~~
/home/osslab/mros2-wasm-service-communication-socket-journal/third_party/wamr/core/iwasm/interpreter/wasm_interp_classic.c:1106:16: warning: variable ‘arg’ set but not used [-Wunused-but-set-variable]
 1106 |         uint32 arg;                                                          \
      |                ^~~
/home/osslab/mros2-wasm-service-communication-socket-journal/third_party/wamr/core/iwasm/interpreter/wasm_interp_classic.c:1149:9: note: in expansion of macro ‘INIT_THREAD_ID_CH’
 1149 |         INIT_THREAD_ID_CH();                                                \
      |         ^~~~~~~~~~~~~~~~~
/home/osslab/mros2-wasm-service-communication-socket-journal/third_party/wamr/core/iwasm/interpreter/wasm_interp_classic.c:1189:9: note: in expansion of macro ‘DO_CHECKPOINT’
 1189 |         DO_CHECKPOINT();                                                    \
      |         ^~~~~~~~~~~~~
/home/osslab/mros2-wasm-service-communication-socket-journal/third_party/wamr/core/iwasm/interpreter/wasm_interp_classic.c:1201:9: note: in expansion of macro ‘CHECK_DUMP’
 1201 |         CHECK_DUMP()                     \
      |         ^~~~~~~~~~
/home/osslab/mros2-wasm-service-communication-socket-journal/third_party/wamr/core/iwasm/interpreter/wasm_interp_classic.c:1223:25: note: in expansion of macro ‘FETCH_OPCODE_AND_DISPATCH’
 1223 | #define HANDLE_OP_END() FETCH_OPCODE_AND_DISPATCH()
      |                         ^~~~~~~~~~~~~~~~~~~~~~~~~
/home/osslab/mros2-wasm-service-communication-socket-journal/third_party/wamr/core/iwasm/interpreter/wasm_interp_classic.c:4365:17: note: in expansion of macro ‘HANDLE_OP_END’
 4365 |                 HANDLE_OP_END();
      |                 ^~~~~~~~~~~~~
/home/osslab/mros2-wasm-service-communication-socket-journal/third_party/wamr/core/iwasm/interpreter/wasm_interp_classic.c:1153:17: warning: variable ‘dummy_sp’ set but not used [-Wunused-but-set-variable]
 1153 |         uint32 *dummy_sp;                                                   \
      |                 ^~~~~~~~
/home/osslab/mros2-wasm-service-communication-socket-journal/third_party/wamr/core/iwasm/interpreter/wasm_interp_classic.c:1189:9: note: in expansion of macro ‘DO_CHECKPOINT’
 1189 |         DO_CHECKPOINT();                                                    \
      |         ^~~~~~~~~~~~~
/home/osslab/mros2-wasm-service-communication-socket-journal/third_party/wamr/core/iwasm/interpreter/wasm_interp_classic.c:1201:9: note: in expansion of macro ‘CHECK_DUMP’
 1201 |         CHECK_DUMP()                     \
      |         ^~~~~~~~~~
/home/osslab/mros2-wasm-service-communication-socket-journal/third_party/wamr/core/iwasm/interpreter/wasm_interp_classic.c:1223:25: note: in expansion of macro ‘FETCH_OPCODE_AND_DISPATCH’
 1223 | #define HANDLE_OP_END() FETCH_OPCODE_AND_DISPATCH()
      |                         ^~~~~~~~~~~~~~~~~~~~~~~~~
/home/osslab/mros2-wasm-service-communication-socket-journal/third_party/wamr/core/iwasm/interpreter/wasm_interp_classic.c:4365:17: note: in expansion of macro ‘HANDLE_OP_END’
 4365 |                 HANDLE_OP_END();
      |                 ^~~~~~~~~~~~~
/home/osslab/mros2-wasm-service-communication-socket-journal/third_party/wamr/core/iwasm/interpreter/wasm_interp_classic.c:1106:16: warning: variable ‘arg’ set but not used [-Wunused-but-set-variable]
 1106 |         uint32 arg;                                                          \
      |                ^~~
/home/osslab/mros2-wasm-service-communication-socket-journal/third_party/wamr/core/iwasm/interpreter/wasm_interp_classic.c:1149:9: note: in expansion of macro ‘INIT_THREAD_ID_CH’
 1149 |         INIT_THREAD_ID_CH();                                                \
      |         ^~~~~~~~~~~~~~~~~
/home/osslab/mros2-wasm-service-communication-socket-journal/third_party/wamr/core/iwasm/interpreter/wasm_interp_classic.c:1189:9: note: in expansion of macro ‘DO_CHECKPOINT’
 1189 |         DO_CHECKPOINT();                                                    \
      |         ^~~~~~~~~~~~~
/home/osslab/mros2-wasm-service-communication-socket-journal/third_party/wamr/core/iwasm/interpreter/wasm_interp_classic.c:1201:9: note: in expansion of macro ‘CHECK_DUMP’
 1201 |         CHECK_DUMP()                     \
      |         ^~~~~~~~~~
/home/osslab/mros2-wasm-service-communication-socket-journal/third_party/wamr/core/iwasm/interpreter/wasm_interp_classic.c:4440:5: note: in expansion of macro ‘FETCH_OPCODE_AND_DISPATCH’
 4440 |     FETCH_OPCODE_AND_DISPATCH();
      |     ^~~~~~~~~~~~~~~~~~~~~~~~~
/home/osslab/mros2-wasm-service-communication-socket-journal/third_party/wamr/core/iwasm/interpreter/wasm_interp_classic.c:1153:17: warning: variable ‘dummy_sp’ set but not used [-Wunused-but-set-variable]
 1153 |         uint32 *dummy_sp;                                                   \
      |                 ^~~~~~~~
/home/osslab/mros2-wasm-service-communication-socket-journal/third_party/wamr/core/iwasm/interpreter/wasm_interp_classic.c:1189:9: note: in expansion of macro ‘DO_CHECKPOINT’
 1189 |         DO_CHECKPOINT();                                                    \
      |         ^~~~~~~~~~~~~
/home/osslab/mros2-wasm-service-communication-socket-journal/third_party/wamr/core/iwasm/interpreter/wasm_interp_classic.c:1201:9: note: in expansion of macro ‘CHECK_DUMP’
 1201 |         CHECK_DUMP()                     \
      |         ^~~~~~~~~~
/home/osslab/mros2-wasm-service-communication-socket-journal/third_party/wamr/core/iwasm/interpreter/wasm_interp_classic.c:4440:5: note: in expansion of macro ‘FETCH_OPCODE_AND_DISPATCH’
 4440 |     FETCH_OPCODE_AND_DISPATCH();
      |     ^~~~~~~~~~~~~~~~~~~~~~~~~
/home/osslab/mros2-wasm-service-communication-socket-journal/third_party/wamr/core/iwasm/interpreter/wasm_interp_classic.c:1106:16: warning: variable ‘arg’ set but not used [-Wunused-but-set-variable]
 1106 |         uint32 arg;                                                          \
      |                ^~~
/home/osslab/mros2-wasm-service-communication-socket-journal/third_party/wamr/core/iwasm/interpreter/wasm_interp_classic.c:1149:9: note: in expansion of macro ‘INIT_THREAD_ID_CH’
 1149 |         INIT_THREAD_ID_CH();                                                \
      |         ^~~~~~~~~~~~~~~~~
/home/osslab/mros2-wasm-service-communication-socket-journal/third_party/wamr/core/iwasm/interpreter/wasm_interp_classic.c:1189:9: note: in expansion of macro ‘DO_CHECKPOINT’
 1189 |         DO_CHECKPOINT();                                                    \
      |         ^~~~~~~~~~~~~
/home/osslab/mros2-wasm-service-communication-socket-journal/third_party/wamr/core/iwasm/interpreter/wasm_interp_classic.c:1201:9: note: in expansion of macro ‘CHECK_DUMP’
 1201 |         CHECK_DUMP()                     \
      |         ^~~~~~~~~~
/home/osslab/mros2-wasm-service-communication-socket-journal/third_party/wamr/core/iwasm/interpreter/wasm_interp_classic.c:1223:25: note: in expansion of macro ‘FETCH_OPCODE_AND_DISPATCH’
 1223 | #define HANDLE_OP_END() FETCH_OPCODE_AND_DISPATCH()
      |                         ^~~~~~~~~~~~~~~~~~~~~~~~~
/home/osslab/mros2-wasm-service-communication-socket-journal/third_party/wamr/core/iwasm/interpreter/wasm_interp_classic.c:4547:9: note: in expansion of macro ‘HANDLE_OP_END’
 4547 |         HANDLE_OP_END();
      |         ^~~~~~~~~~~~~
/home/osslab/mros2-wasm-service-communication-socket-journal/third_party/wamr/core/iwasm/interpreter/wasm_interp_classic.c:1153:17: warning: variable ‘dummy_sp’ set but not used [-Wunused-but-set-variable]
 1153 |         uint32 *dummy_sp;                                                   \
      |                 ^~~~~~~~
/home/osslab/mros2-wasm-service-communication-socket-journal/third_party/wamr/core/iwasm/interpreter/wasm_interp_classic.c:1189:9: note: in expansion of macro ‘DO_CHECKPOINT’
 1189 |         DO_CHECKPOINT();                                                    \
      |         ^~~~~~~~~~~~~
/home/osslab/mros2-wasm-service-communication-socket-journal/third_party/wamr/core/iwasm/interpreter/wasm_interp_classic.c:1201:9: note: in expansion of macro ‘CHECK_DUMP’
 1201 |         CHECK_DUMP()                     \
      |         ^~~~~~~~~~
/home/osslab/mros2-wasm-service-communication-socket-journal/third_party/wamr/core/iwasm/interpreter/wasm_interp_classic.c:1223:25: note: in expansion of macro ‘FETCH_OPCODE_AND_DISPATCH’
 1223 | #define HANDLE_OP_END() FETCH_OPCODE_AND_DISPATCH()
      |                         ^~~~~~~~~~~~~~~~~~~~~~~~~
/home/osslab/mros2-wasm-service-communication-socket-journal/third_party/wamr/core/iwasm/interpreter/wasm_interp_classic.c:4547:9: note: in expansion of macro ‘HANDLE_OP_END’
 4547 |         HANDLE_OP_END();
      |         ^~~~~~~~~~~~~
/home/osslab/mros2-wasm-service-communication-socket-journal/third_party/wamr/core/iwasm/interpreter/wasm_interp_classic.c:1106:16: warning: variable ‘arg’ set but not used [-Wunused-but-set-variable]
 1106 |         uint32 arg;                                                          \
      |                ^~~
/home/osslab/mros2-wasm-service-communication-socket-journal/third_party/wamr/core/iwasm/interpreter/wasm_interp_classic.c:1149:9: note: in expansion of macro ‘INIT_THREAD_ID_CH’
 1149 |         INIT_THREAD_ID_CH();                                                \
      |         ^~~~~~~~~~~~~~~~~
/home/osslab/mros2-wasm-service-communication-socket-journal/third_party/wamr/core/iwasm/interpreter/wasm_interp_classic.c:1189:9: note: in expansion of macro ‘DO_CHECKPOINT’
 1189 |         DO_CHECKPOINT();                                                    \
      |         ^~~~~~~~~~~~~
/home/osslab/mros2-wasm-service-communication-socket-journal/third_party/wamr/core/iwasm/interpreter/wasm_interp_classic.c:1201:9: note: in expansion of macro ‘CHECK_DUMP’
 1201 |         CHECK_DUMP()                     \
      |         ^~~~~~~~~~
/home/osslab/mros2-wasm-service-communication-socket-journal/third_party/wamr/core/iwasm/interpreter/wasm_interp_classic.c:1223:25: note: in expansion of macro ‘FETCH_OPCODE_AND_DISPATCH’
 1223 | #define HANDLE_OP_END() FETCH_OPCODE_AND_DISPATCH()
      |                         ^~~~~~~~~~~~~~~~~~~~~~~~~
/home/osslab/mros2-wasm-service-communication-socket-journal/third_party/wamr/core/iwasm/interpreter/wasm_interp_classic.c:4560:9: note: in expansion of macro ‘HANDLE_OP_END’
 4560 |         HANDLE_OP_END();
      |         ^~~~~~~~~~~~~
/home/osslab/mros2-wasm-service-communication-socket-journal/third_party/wamr/core/iwasm/interpreter/wasm_interp_classic.c:1153:17: warning: variable ‘dummy_sp’ set but not used [-Wunused-but-set-variable]
 1153 |         uint32 *dummy_sp;                                                   \
      |                 ^~~~~~~~
/home/osslab/mros2-wasm-service-communication-socket-journal/third_party/wamr/core/iwasm/interpreter/wasm_interp_classic.c:1189:9: note: in expansion of macro ‘DO_CHECKPOINT’
 1189 |         DO_CHECKPOINT();                                                    \
      |         ^~~~~~~~~~~~~
/home/osslab/mros2-wasm-service-communication-socket-journal/third_party/wamr/core/iwasm/interpreter/wasm_interp_classic.c:1201:9: note: in expansion of macro ‘CHECK_DUMP’
 1201 |         CHECK_DUMP()                     \
      |         ^~~~~~~~~~
/home/osslab/mros2-wasm-service-communication-socket-journal/third_party/wamr/core/iwasm/interpreter/wasm_interp_classic.c:1223:25: note: in expansion of macro ‘FETCH_OPCODE_AND_DISPATCH’
 1223 | #define HANDLE_OP_END() FETCH_OPCODE_AND_DISPATCH()
      |                         ^~~~~~~~~~~~~~~~~~~~~~~~~
/home/osslab/mros2-wasm-service-communication-socket-journal/third_party/wamr/core/iwasm/interpreter/wasm_interp_classic.c:4560:9: note: in expansion of macro ‘HANDLE_OP_END’
 4560 |         HANDLE_OP_END();
      |         ^~~~~~~~~~~~~
/home/osslab/mros2-wasm-service-communication-socket-journal/third_party/wamr/core/iwasm/interpreter/wasm_interp_classic.c:1106:16: warning: variable ‘arg’ set but not used [-Wunused-but-set-variable]
 1106 |         uint32 arg;                                                          \
      |                ^~~
/home/osslab/mros2-wasm-service-communication-socket-journal/third_party/wamr/core/iwasm/interpreter/wasm_interp_classic.c:1149:9: note: in expansion of macro ‘INIT_THREAD_ID_CH’
 1149 |         INIT_THREAD_ID_CH();                                                \
      |         ^~~~~~~~~~~~~~~~~
/home/osslab/mros2-wasm-service-communication-socket-journal/third_party/wamr/core/iwasm/interpreter/wasm_interp_classic.c:1189:9: note: in expansion of macro ‘DO_CHECKPOINT’
 1189 |         DO_CHECKPOINT();                                                    \
      |         ^~~~~~~~~~~~~
/home/osslab/mros2-wasm-service-communication-socket-journal/third_party/wamr/core/iwasm/interpreter/wasm_interp_classic.c:1201:9: note: in expansion of macro ‘CHECK_DUMP’
 1201 |         CHECK_DUMP()                     \
      |         ^~~~~~~~~~
/home/osslab/mros2-wasm-service-communication-socket-journal/third_party/wamr/core/iwasm/interpreter/wasm_interp_classic.c:4592:5: note: in expansion of macro ‘FETCH_OPCODE_AND_DISPATCH’
 4592 |     FETCH_OPCODE_AND_DISPATCH();
      |     ^~~~~~~~~~~~~~~~~~~~~~~~~
/home/osslab/mros2-wasm-service-communication-socket-journal/third_party/wamr/core/iwasm/interpreter/wasm_interp_classic.c:1153:17: warning: variable ‘dummy_sp’ set but not used [-Wunused-but-set-variable]
 1153 |         uint32 *dummy_sp;                                                   \
      |                 ^~~~~~~~
/home/osslab/mros2-wasm-service-communication-socket-journal/third_party/wamr/core/iwasm/interpreter/wasm_interp_classic.c:1189:9: note: in expansion of macro ‘DO_CHECKPOINT’
 1189 |         DO_CHECKPOINT();                                                    \
      |         ^~~~~~~~~~~~~
/home/osslab/mros2-wasm-service-communication-socket-journal/third_party/wamr/core/iwasm/interpreter/wasm_interp_classic.c:1201:9: note: in expansion of macro ‘CHECK_DUMP’
 1201 |         CHECK_DUMP()                     \
      |         ^~~~~~~~~~
/home/osslab/mros2-wasm-service-communication-socket-journal/third_party/wamr/core/iwasm/interpreter/wasm_interp_classic.c:4592:5: note: in expansion of macro ‘FETCH_OPCODE_AND_DISPATCH’
 4592 |     FETCH_OPCODE_AND_DISPATCH();
      |     ^~~~~~~~~~~~~~~~~~~~~~~~~
/home/osslab/mros2-wasm-service-communication-socket-journal/third_party/wamr/core/iwasm/interpreter/wasm_interp_classic.c:1584:17: warning: ignoring return value of ‘fread’ declared with attribute ‘warn_unused_result’ [-Wunused-result]
 1584 |                 fread(&thread_count, sizeof(int16), 1, ts_fp);
      |                 ^~~~~~~~~~~~~~~~~~~~~~~~~~~~~~~~~~~~~~~~~~~~~
/home/osslab/mros2-wasm-service-communication-socket-journal/third_party/wamr/core/iwasm/interpreter/wasm_interp_classic.c:1588:17: warning: ignoring return value of ‘fread’ declared with attribute ‘warn_unused_result’ [-Wunused-result]
 1588 |                 fread(thread_ids, sizeof(int), to_read, ts_fp);
      |                 ^~~~~~~~~~~~~~~~~~~~~~~~~~~~~~~~~~~~~~~~~~~~~~
/home/osslab/mros2-wasm-service-communication-socket-journal/third_party/wamr/core/iwasm/interpreter/wasm_interp_classic.c:1593:17: warning: ignoring return value of ‘fread’ declared with attribute ‘warn_unused_result’ [-Wunused-result]
 1593 |                 fread(&waiting_thread_count, sizeof(int), 1, ts_fp);
      |                 ^~~~~~~~~~~~~~~~~~~~~~~~~~~~~~~~~~~~~~~~~~~~~~~~~~~
/home/osslab/mros2-wasm-service-communication-socket-journal/third_party/wamr/core/iwasm/interpreter/wasm_interp_classic.c:1597:21: warning: ignoring return value of ‘fread’ declared with attribute ‘warn_unused_result’ [-Wunused-result]
 1597 |                     fread(waiting_thread_ids, sizeof(int), waiting_thread_count,
      |                     ^~~~~~~~~~~~~~~~~~~~~~~~~~~~~~~~~~~~~~~~~~~~~~~~~~~~~~~~~~~~
 1598 |                           ts_fp);
      |                           ~~~~~~
At top level:
/home/osslab/mros2-wasm-service-communication-socket-journal/third_party/wamr/core/iwasm/interpreter/wasm_interp_classic.c:1317:15: warning: ‘native_handler’ defined but not used [-Wunused-variable]
 1317 | static void (*native_handler)(void) = NULL;
      |               ^~~~~~~~~~~~~~
   Compiling hashbrown v0.15.2
   Compiling csv v1.3.1
   Compiling rmp-serde v1.3.0
/home/osslab/mros2-wasm-service-communication-socket-journal/third_party/wamr/core/iwasm/interpreter/wasm_loader.c:10485:9: warning: ‘bt_table’ may be used uninitialized [-Wmaybe-uninitialized]
10485 |         wasm_runtime_free(bt_table);
      |         ^~~~~~~~~~~~~~~~~~~~~~~~~~~
/home/osslab/mros2-wasm-service-communication-socket-journal/third_party/wamr/core/iwasm/interpreter/wasm_loader.c:10368:17: warning: ‘metadata_call_site_address_stack’ may be used uninitialized in this function [-Wmaybe-uninitialized]
10368 |                 wasmig_stack_state_save_pair(loader_ctx->metadata_stack_map, offset+1,
      |                 ^~~~~~~~~~~~~~~~~~~~~~~~~~~~~~~~~~~~~~~~~~~~~~~~~~~~~~~~~~~~~~~~~~~~~~
10369 |                     metadata_call_site_address_stack, metadata_call_site_type_stack);
      |                     ~~~~~~~~~~~~~~~~~~~~~~~~~~~~~~~~~~~~~~~~~~~~~~~~~~~~~~~~~~~~~~~~
/home/osslab/mros2-wasm-service-communication-socket-journal/third_party/wamr/core/iwasm/interpreter/wasm_loader.c:10368:17: warning: ‘metadata_call_site_type_stack’ may be used uninitialized in this function [-Wmaybe-uninitialized]
   Compiling indexmap v2.9.0
[ 62%] Building C object CMakeFiles/vmlib.dir/home/osslab/mros2-wasm-service-communication-socket-journal/third_party/wamr/core/iwasm/interpreter/wasm_runtime.c.o
In function ‘clear_refs’,
    inlined from ‘wasm_interp_call_func_bytecode’ at /home/osslab/mros2-wasm-service-communication-socket-journal/third_party/wamr/core/iwasm/interpreter/wasm_interp_classic.c:1550:5:
/home/osslab/mros2-wasm-service-communication-socket-journal/third_party/wamr/core/iwasm/interpreter/wasm_interp_classic.c:1310:9: warning: ‘write’ reading 3 bytes from a region of size 2 [-Wstringop-overread]
 1310 |     if (write(fd, v, 3) < 3) {
      |         ^~~~~~~~~~~~~~~
In file included from /home/osslab/mros2-wasm-service-communication-socket-journal/third_party/wamr/core/shared/platform/linux/platform_internal.h:25,
                 from /home/osslab/mros2-wasm-service-communication-socket-journal/third_party/wamr/core/shared/utils/../platform/include/platform_common.h:13,
                 from /home/osslab/mros2-wasm-service-communication-socket-journal/third_party/wamr/core/shared/utils/bh_platform.h:9,
                 from /home/osslab/mros2-wasm-service-communication-socket-journal/third_party/wamr/core/iwasm/interpreter/wasm.h:9,
                 from /home/osslab/mros2-wasm-service-communication-socket-journal/third_party/wamr/core/iwasm/interpreter/wasm_interp.h:9,
                 from /home/osslab/mros2-wasm-service-communication-socket-journal/third_party/wamr/core/iwasm/interpreter/wasm_interp_classic.c:8:
/home/osslab/mros2-wasm-service-communication-socket-journal/third_party/wamr/core/iwasm/interpreter/wasm_interp_classic.c: In function ‘wasm_interp_call_func_bytecode’:
/usr/include/unistd.h:378:16: note: in a call to function ‘write’ declared with attribute ‘access (read_only, 2, 3)’
  378 | extern ssize_t write (int __fd, const void *__buf, size_t __n) __wur
      |                ^~~~~
[ 62%] Building C object _deps/wasmig-build/proto/CMakeFiles/proto_lib.dir/include/proto/state.pb-c.c.o
[ 64%] Linking C static library libproto_lib.a
[ 66%] Built target proto_lib
[ 68%] Building C object CMakeFiles/vmlib.dir/home/osslab/mros2-wasm-service-communication-socket-journal/third_party/wamr/core/iwasm/libraries/lib-wasi-threads/lib_wasi_threads_wrapper.c.o
[ 68%] Building C object CMakeFiles/vmlib.dir/home/osslab/mros2-wasm-service-communication-socket-journal/third_party/wamr/core/iwasm/libraries/lib-wasi-threads/tid_allocator.c.o
[ 70%] Building C object CMakeFiles/vmlib.dir/home/osslab/mros2-wasm-service-communication-socket-journal/third_party/wamr/core/iwasm/libraries/thread-mgr/thread_manager.c.o
[ 72%] Building C object CMakeFiles/vmlib.dir/home/osslab/mros2-wasm-service-communication-socket-journal/third_party/wamr/core/iwasm/migration/wasm_dispatch.c.o
[ 72%] Building C object CMakeFiles/vmlib.dir/home/osslab/mros2-wasm-service-communication-socket-journal/third_party/wamr/core/iwasm/migration/wasm_dump_classic.c.o
In file included from /home/osslab/mros2-wasm-service-communication-socket-journal/third_party/wamr/core/iwasm/migration/wasm_dump_classic.c:13:
/home/osslab/mros2-wasm-service-communication-socket-journal/third_party/wamr/core/iwasm/migration/wasm_migration.h: In function ‘set_addr_offset’:
/home/osslab/mros2-wasm-service-communication-socket-journal/third_party/wamr/core/iwasm/migration/wasm_migration.h:34:16: warning: comparison of integer expressions of different signedness: ‘uint32’ {aka ‘unsigned int’} and ‘int’ [-Wsign-compare]
   34 |     if (offset == -1) return NULL;
      |                ^~
/home/osslab/mros2-wasm-service-communication-socket-journal/third_party/wamr/core/iwasm/migration/wasm_dump_classic.c: In function ‘_setup_label_stack’:
/home/osslab/mros2-wasm-service-communication-socket-journal/third_party/wamr/core/iwasm/migration/wasm_dump_classic.c:198:23: warning: comparison of integer expressions of different signedness: ‘int’ and ‘uint32’ {aka ‘unsigned int’} [-Wsign-compare]
  198 |     for (int i = 0; i < ctrl_stack_size; ++i, ++csp) {
      |                       ^
/home/osslab/mros2-wasm-service-communication-socket-journal/third_party/wamr/core/iwasm/migration/wasm_dump_classic.c: In function ‘_dump_stack’:
/home/osslab/mros2-wasm-service-communication-socket-journal/third_party/wamr/core/iwasm/migration/wasm_dump_classic.c:219:34: warning: initialization of ‘WASMModuleInstance *’ from incompatible pointer type ‘struct WASMModuleInstanceCommon *’ [-Wincompatible-pointer-types]
  219 |     WASMModuleInstance *module = exec_env->module_inst;
      |                                  ^~~~~~~~
/home/osslab/mros2-wasm-service-communication-socket-journal/third_party/wamr/core/iwasm/migration/wasm_dump_classic.c:219:25: warning: unused variable ‘module’ [-Wunused-variable]
  219 |     WASMModuleInstance *module = exec_env->module_inst;
      |                         ^~~~~~
/home/osslab/mros2-wasm-service-communication-socket-journal/third_party/wamr/core/iwasm/migration/wasm_dump_classic.c: In function ‘wasm_dump_stack’:
/home/osslab/mros2-wasm-service-communication-socket-journal/third_party/wamr/core/iwasm/migration/wasm_dump_classic.c:253:14: warning: suggest parentheses around assignment used as truth value [-Wparentheses]
  253 |     } while (cur_frame = cur_frame->prev_frame);
      |              ^~~~~~~~~
/home/osslab/mros2-wasm-service-communication-socket-journal/third_party/wamr/core/iwasm/migration/wasm_dump_classic.c:244:25: warning: unused variable ‘module’ [-Wunused-variable]
  244 |     WASMModuleInstance *module = (WASMModuleInstance *)exec_env->module_inst;
      |                         ^~~~~~
/home/osslab/mros2-wasm-service-communication-socket-journal/third_party/wamr/core/iwasm/migration/wasm_dump_classic.c: In function ‘wasm_dump_global’:
/home/osslab/mros2-wasm-service-communication-socket-journal/third_party/wamr/core/iwasm/migration/wasm_dump_classic.c:297:41: warning: comparison of integer expressions of different signedness: ‘int’ and ‘uint32’ {aka ‘unsigned int’} [-Wsign-compare]
  297 |     for (int global_idx = 0; global_idx < module->e->global_count;
      |                                         ^
/home/osslab/mros2-wasm-service-communication-socket-journal/third_party/wamr/core/iwasm/migration/wasm_dump_classic.c: In function ‘wasm_dump_with_prefix’:
/home/osslab/mros2-wasm-service-communication-socket-journal/third_party/wamr/core/iwasm/migration/wasm_dump_classic.c:395:10: warning: implicit declaration of function ‘wasm_dump_thread_states’ [-Wimplicit-function-declaration]
  395 |     rc = wasm_dump_thread_states(exec_env, file_prefix);
      |          ^~~~~~~~~~~~~~~~~~~~~~~
/home/osslab/mros2-wasm-service-communication-socket-journal/third_party/wamr/core/iwasm/migration/wasm_dump_classic.c: In function ‘_dump_stack’:
/home/osslab/mros2-wasm-service-communication-socket-journal/third_party/wamr/core/iwasm/migration/wasm_dump_classic.c:238:1: warning: control reaches end of non-void function [-Wreturn-type]
  238 | }
      | ^
In file included from /home/osslab/mros2-wasm-service-communication-socket-journal/third_party/wamr/core/iwasm/migration/wasm_dump_classic.c:13:
At top level:
/home/osslab/mros2-wasm-service-communication-socket-journal/third_party/wamr/core/iwasm/migration/wasm_migration.h:38:14: warning: ‘wamr_open_image’ defined but not used [-Wunused-function]
   38 | static FILE* wamr_open_image(const char* file, const char* flag) {
      |              ^~~~~~~~~~~~~~~
/home/osslab/mros2-wasm-service-communication-socket-journal/third_party/wamr/core/iwasm/migration/wasm_migration.h:32:1: warning: ‘set_addr_offset’ defined but not used [-Wunused-function]
   32 | set_addr_offset(void* base, uint32 offset)
      | ^~~~~~~~~~~~~~~
[ 74%] Building C object CMakeFiles/vmlib.dir/home/osslab/mros2-wasm-service-communication-socket-journal/third_party/wamr/core/iwasm/migration/wasm_dump_fast.c.o
In file included from /home/osslab/mros2-wasm-service-communication-socket-journal/third_party/wamr/core/iwasm/migration/wasm_dump_fast.c:12:
/home/osslab/mros2-wasm-service-communication-socket-journal/third_party/wamr/core/iwasm/migration/wasm_migration.h: In function ‘set_addr_offset’:
/home/osslab/mros2-wasm-service-communication-socket-journal/third_party/wamr/core/iwasm/migration/wasm_migration.h:34:16: warning: comparison of integer expressions of different signedness: ‘uint32’ {aka ‘unsigned int’} and ‘int’ [-Wsign-compare]
   34 |     if (offset == -1) return NULL;
      |                ^~
At top level:
/home/osslab/mros2-wasm-service-communication-socket-journal/third_party/wamr/core/iwasm/migration/wasm_migration.h:38:14: warning: ‘wamr_open_image’ defined but not used [-Wunused-function]
   38 | static FILE* wamr_open_image(const char* file, const char* flag) {
      |              ^~~~~~~~~~~~~~~
/home/osslab/mros2-wasm-service-communication-socket-journal/third_party/wamr/core/iwasm/migration/wasm_migration.h:32:1: warning: ‘set_addr_offset’ defined but not used [-Wunused-function]
   32 | set_addr_offset(void* base, uint32 offset)
      | ^~~~~~~~~~~~~~~
/home/osslab/mros2-wasm-service-communication-socket-journal/third_party/wamr/core/iwasm/migration/wasm_migration.h:22:1: warning: ‘get_addr_offset’ defined but not used [-Wunused-function]
   22 | get_addr_offset(void* target, void* base)
      | ^~~~~~~~~~~~~~~
[ 75%] Building C object CMakeFiles/vmlib.dir/home/osslab/mros2-wasm-service-communication-socket-journal/third_party/wamr/core/iwasm/migration/wasm_migration_helper.c.o
In file included from /home/osslab/mros2-wasm-service-communication-socket-journal/third_party/wamr/core/iwasm/migration/wasm_migration_helper.c:12:
/home/osslab/mros2-wasm-service-communication-socket-journal/third_party/wamr/core/iwasm/migration/wasm_migration.h: In function ‘set_addr_offset’:
/home/osslab/mros2-wasm-service-communication-socket-journal/third_party/wamr/core/iwasm/migration/wasm_migration.h:34:16: warning: comparison of integer expressions of different signedness: ‘uint32’ {aka ‘unsigned int’} and ‘int’ [-Wsign-compare]
   34 |     if (offset == -1) return NULL;
      |                ^~
/home/osslab/mros2-wasm-service-communication-socket-journal/third_party/wamr/core/iwasm/migration/wasm_migration_helper.c: In function ‘debug_memories’:
/home/osslab/mros2-wasm-service-communication-socket-journal/third_party/wamr/core/iwasm/migration/wasm_migration_helper.c:37:23: warning: comparison of integer expressions of different signedness: ‘int’ and ‘uint32’ {aka ‘unsigned int’} [-Wsign-compare]
   37 |     for (int i = 0; i < module->memory_count; i++) {
      |                       ^
/home/osslab/mros2-wasm-service-communication-socket-journal/third_party/wamr/core/iwasm/migration/wasm_migration_helper.c: In function ‘debug_frame_info’:
/home/osslab/mros2-wasm-service-communication-socket-journal/third_party/wamr/core/iwasm/migration/wasm_migration_helper.c:50:34: warning: initialization of ‘WASMModuleInstance *’ from incompatible pointer type ‘struct WASMModuleInstanceCommon *’ [-Wincompatible-pointer-types]
   50 |     WASMModuleInstance *module = exec_env->module_inst;
      |                                  ^~~~~~~~
/home/osslab/mros2-wasm-service-communication-socket-journal/third_party/wamr/core/iwasm/migration/wasm_migration_helper.c:60:36: warning: format ‘%d’ expects argument of type ‘int’, but argument 3 has type ‘long int’ [-Wformat=]
   60 |             printf("%d) func_idx: %d\n", cnt, frame->function - module->e->functions);
      |                                   ~^          ~~~~~~~~~~~~~~~~~~~~~~~~~~~~~~~~~~~~~~
      |                                    |                          |
      |                                    int                        long int
      |                                   %ld
/home/osslab/mros2-wasm-service-communication-socket-journal/third_party/wamr/core/iwasm/migration/wasm_migration_helper.c:62:14: warning: suggest parentheses around assignment used as truth value [-Wparentheses]
   62 |     } while (frame = frame->prev_frame);
      |              ^~~~~
/home/osslab/mros2-wasm-service-communication-socket-journal/third_party/wamr/core/iwasm/migration/wasm_migration_helper.c: In function ‘debug_function_opcodes’:
/home/osslab/mros2-wasm-service-communication-socket-journal/third_party/wamr/core/iwasm/migration/wasm_migration_helper.c:71:25: warning: format ‘%d’ expects argument of type ‘int’, but argument 3 has type ‘long int’ [-Wformat=]
   71 |     fprintf(fp, "fidx: %d\n", func - module->e->functions);
      |                        ~^     ~~~~~~~~~~~~~~~~~~~~~~~~~~~
      |                         |          |
      |                         int        long int
      |                        %ld
/home/osslab/mros2-wasm-service-communication-socket-journal/third_party/wamr/core/iwasm/migration/wasm_migration_helper.c:75:23: warning: comparison of integer expressions of different signedness: ‘int’ and ‘uint32’ {aka ‘unsigned int’} [-Wsign-compare]
   75 |     for (int i = 0; i < limit; i++) {
      |                       ^
/home/osslab/mros2-wasm-service-communication-socket-journal/third_party/wamr/core/iwasm/migration/wasm_migration_helper.c: In function ‘debug_label_stack’:
/home/osslab/mros2-wasm-service-communication-socket-journal/third_party/wamr/core/iwasm/migration/wasm_migration_helper.c:214:23: warning: comparison of integer expressions of different signedness: ‘int’ and ‘uint32’ {aka ‘unsigned int’} [-Wsign-compare]
  214 |     for (int i = 0; i < csp_num; i++, csp++) {
      |                       ^
/home/osslab/mros2-wasm-service-communication-socket-journal/third_party/wamr/core/iwasm/migration/wasm_migration_helper.c: In function ‘debug_memories’:
/home/osslab/mros2-wasm-service-communication-socket-journal/third_party/wamr/core/iwasm/migration/wasm_migration_helper.c:46:1: warning: control reaches end of non-void function [-Wreturn-type]
   46 | }
      | ^
At top level:
/home/osslab/mros2-wasm-service-communication-socket-journal/third_party/wamr/core/iwasm/migration/wasm_migration_helper.c:208:1: warning: ‘debug_label_stack’ defined but not used [-Wunused-function]
  208 | debug_label_stack(WASMInterpFrame *frame)
      | ^~~~~~~~~~~~~~~~~
/home/osslab/mros2-wasm-service-communication-socket-journal/third_party/wamr/core/iwasm/migration/wasm_migration_helper.c:158:1: warning: ‘debug_local’ defined but not used [-Wunused-function]
  158 | debug_local(WASMInterpFrame *frame)
      | ^~~~~~~~~~~
/home/osslab/mros2-wasm-service-communication-socket-journal/third_party/wamr/core/iwasm/migration/wasm_migration_helper.c:140:1: warning: ‘debug_frame’ defined but not used [-Wunused-function]
  140 | debug_frame(WASMInterpFrame* frame)
      | ^~~~~~~~~~~
In file included from /home/osslab/mros2-wasm-service-communication-socket-journal/third_party/wamr/core/iwasm/migration/wasm_migration_helper.c:12:
/home/osslab/mros2-wasm-service-communication-socket-journal/third_party/wamr/core/iwasm/migration/wasm_migration.h:38:14: warning: ‘wamr_open_image’ defined but not used [-Wunused-function]
   38 | static FILE* wamr_open_image(const char* file, const char* flag) {
      |              ^~~~~~~~~~~~~~~
/home/osslab/mros2-wasm-service-communication-socket-journal/third_party/wamr/core/iwasm/migration/wasm_migration.h:32:1: warning: ‘set_addr_offset’ defined but not used [-Wunused-function]
   32 | set_addr_offset(void* base, uint32 offset)
      | ^~~~~~~~~~~~~~~
[ 75%] Building C object CMakeFiles/vmlib.dir/home/osslab/mros2-wasm-service-communication-socket-journal/third_party/wamr/core/iwasm/migration/wasm_restore_classic.c.o
In file included from /home/osslab/mros2-wasm-service-communication-socket-journal/third_party/wamr/core/iwasm/migration/wasm_restore_classic.c:8:
/home/osslab/mros2-wasm-service-communication-socket-journal/third_party/wamr/core/iwasm/migration/wasm_migration.h: In function ‘set_addr_offset’:
/home/osslab/mros2-wasm-service-communication-socket-journal/third_party/wamr/core/iwasm/migration/wasm_migration.h:34:16: warning: comparison of integer expressions of different signedness: ‘uint32’ {aka ‘unsigned int’} and ‘int’ [-Wsign-compare]
   34 |     if (offset == -1) return NULL;
      |                ^~
In file included from /home/osslab/mros2-wasm-service-communication-socket-journal/third_party/wamr/core/iwasm/migration/wasm_restore_classic.c:9:
/home/osslab/mros2-wasm-service-communication-socket-journal/third_party/wamr/core/iwasm/migration/wasm_restore.h: In function ‘debug_wasm_interp_frame’:
/home/osslab/mros2-wasm-service-communication-socket-journal/third_party/wamr/core/iwasm/migration/wasm_restore.h:22:51: warning: format ‘%d’ expects argument of type ‘int’, but argument 3 has type ‘long int’ [-Wformat=]
   22 |             printf("frame: %d          func idx: %d\n", cnt, frame->function-base_func_addr);
      |                                                  ~^          ~~~~~~~~~~~~~~~~~~~~~~~~~~~~~~
      |                                                   |                         |
      |                                                   int                       long int
      |                                                  %ld
/home/osslab/mros2-wasm-service-communication-socket-journal/third_party/wamr/core/iwasm/migration/wasm_restore.h:23:13: warning: suggest parentheses around assignment used as truth value [-Wparentheses]
   23 |     } while(frame = frame->prev_frame);
      |             ^~~~~
/home/osslab/mros2-wasm-service-communication-socket-journal/third_party/wamr/core/iwasm/migration/wasm_restore_classic.c: In function ‘_restore_program_counter’:
/home/osslab/mros2-wasm-service-communication-socket-journal/third_party/wamr/core/iwasm/migration/wasm_restore_classic.c:53:15: warning: assignment to ‘uint8 *’ {aka ‘unsigned char *’} from ‘uint64’ {aka ‘long unsigned int’} makes pointer from integer without a cast [-Wint-conversion]
   53 |     frame->ip = get_call_address(ret_pos.fidx, ret_pos.offset);
      |               ^
/home/osslab/mros2-wasm-service-communication-socket-journal/third_party/wamr/core/iwasm/migration/wasm_restore_classic.c: In function ‘_initialize_frame_boundaries’:
/home/osslab/mros2-wasm-service-communication-socket-journal/third_party/wamr/core/iwasm/migration/wasm_restore_classic.c:63:23: warning: assignment to ‘WASMBranchBlock *’ from incompatible pointer type ‘uint32 *’ {aka ‘unsigned int *’} [-Wincompatible-pointer-types]
   63 |     frame->csp_bottom = frame->sp_boundary;
      |                       ^
/home/osslab/mros2-wasm-service-communication-socket-journal/third_party/wamr/core/iwasm/migration/wasm_restore_classic.c: In function ‘_restore_label_stack_v1’:
/home/osslab/mros2-wasm-service-communication-socket-journal/third_party/wamr/core/iwasm/migration/wasm_restore_classic.c:103:23: warning: comparison of integer expressions of different signedness: ‘int’ and ‘uint32’ {aka ‘unsigned int’} [-Wsign-compare]
  103 |     for (int i = 0; i < ctrl_stack_size; ++i, ++csp) {
      |                       ^
/home/osslab/mros2-wasm-service-communication-socket-journal/third_party/wamr/core/iwasm/migration/wasm_restore_classic.c: In function ‘_restore_label_stack_v2’:
/home/osslab/mros2-wasm-service-communication-socket-journal/third_party/wamr/core/iwasm/migration/wasm_restore_classic.c:162:23: warning: comparison of integer expressions of different signedness: ‘int’ and ‘uint32’ {aka ‘unsigned int’} [-Wsign-compare]
  162 |     for (int i = 0; i < ctrl_stack_size; ++i, ++csp) {
      |                       ^
/home/osslab/mros2-wasm-service-communication-socket-journal/third_party/wamr/core/iwasm/migration/wasm_restore_classic.c:163:16: warning: unused variable ‘offset’ [-Wunused-variable]
  163 |         uint64 offset;
      |                ^~~~~~
/home/osslab/mros2-wasm-service-communication-socket-journal/third_party/wamr/core/iwasm/migration/wasm_restore_classic.c: In function ‘_restore_frame’:
/home/osslab/mros2-wasm-service-communication-socket-journal/third_party/wamr/core/iwasm/migration/wasm_restore_classic.c:184:39: warning: initialization of ‘WASMModuleInstance *’ from incompatible pointer type ‘struct WASMModuleInstanceCommon *’ [-Wincompatible-pointer-types]
  184 |     WASMModuleInstance *module_inst = exec_env->module_inst;
      |                                       ^~~~~~~~
/home/osslab/mros2-wasm-service-communication-socket-journal/third_party/wamr/core/iwasm/migration/wasm_restore_classic.c:184:25: warning: unused variable ‘module_inst’ [-Wunused-variable]
  184 |     WASMModuleInstance *module_inst = exec_env->module_inst;
      |                         ^~~~~~~~~~~
/home/osslab/mros2-wasm-service-communication-socket-journal/third_party/wamr/core/iwasm/migration/wasm_restore_classic.c: In function ‘_restore_all_frames’:
/home/osslab/mros2-wasm-service-communication-socket-journal/third_party/wamr/core/iwasm/migration/wasm_restore_classic.c:278:23: warning: comparison of integer expressions of different signedness: ‘int’ and ‘uint32’ {aka ‘unsigned int’} [-Wsign-compare]
  278 |     for (int i = 0; i < cs->size; i++) {
      |                       ^
/home/osslab/mros2-wasm-service-communication-socket-journal/third_party/wamr/core/iwasm/migration/wasm_restore_classic.c: In function ‘wasm_restore_memory’:
/home/osslab/mros2-wasm-service-communication-socket-journal/third_party/wamr/core/iwasm/migration/wasm_restore_classic.c:363:12: warning: assignment to ‘uint8 *’ {aka ‘unsigned char *’} from ‘uint32’ {aka ‘unsigned int’} makes pointer from integer without a cast [-Wint-conversion]
  363 |     *maddr = page_count * (*memory)->num_bytes_per_page;
      |            ^
/home/osslab/mros2-wasm-service-communication-socket-journal/third_party/wamr/core/iwasm/migration/wasm_restore_classic.c: In function ‘wasm_restore_global’:
/home/osslab/mros2-wasm-service-communication-socket-journal/third_party/wamr/core/iwasm/migration/wasm_restore_classic.c:377:23: warning: comparison of integer expressions of different signedness: ‘int’ and ‘uint32’ {aka ‘unsigned int’} [-Wsign-compare]
  377 |     for (int i = 0; i < module->e->global_count; i++) {
      |                       ^
/home/osslab/mros2-wasm-service-communication-socket-journal/third_party/wamr/core/iwasm/migration/wasm_restore_classic.c:381:84: warning: passing argument 2 of ‘get_global_addr_for_migration’ discards ‘const’ qualifier from pointer target type [-Wdiscarded-qualifiers]
  381 |                 *global_addr = get_global_addr_for_migration(*global_data, globals + i);
      |                                                                            ~~~~~~~~^~~
In file included from /home/osslab/mros2-wasm-service-communication-socket-journal/third_party/wamr/core/iwasm/migration/wasm_restore_classic.c:8:
/home/osslab/mros2-wasm-service-communication-socket-journal/third_party/wamr/core/iwasm/migration/wasm_migration.h:9:71: note: expected ‘WASMGlobalInstance *’ but argument is of type ‘const WASMGlobalInstance *’
    9 | get_global_addr_for_migration(uint8 *global_data, WASMGlobalInstance *global)
      |                                                   ~~~~~~~~~~~~~~~~~~~~^~~~~~
/home/osslab/mros2-wasm-service-communication-socket-journal/third_party/wamr/core/iwasm/migration/wasm_restore_classic.c:386:84: warning: passing argument 2 of ‘get_global_addr_for_migration’ discards ‘const’ qualifier from pointer target type [-Wdiscarded-qualifiers]
  386 |                 *global_addr = get_global_addr_for_migration(*global_data, globals + i);
      |                                                                            ~~~~~~~~^~~
In file included from /home/osslab/mros2-wasm-service-communication-socket-journal/third_party/wamr/core/iwasm/migration/wasm_restore_classic.c:8:
/home/osslab/mros2-wasm-service-communication-socket-journal/third_party/wamr/core/iwasm/migration/wasm_migration.h:9:71: note: expected ‘WASMGlobalInstance *’ but argument is of type ‘const WASMGlobalInstance *’
    9 | get_global_addr_for_migration(uint8 *global_data, WASMGlobalInstance *global)
      |                                                   ~~~~~~~~~~~~~~~~~~~~^~~~~~
/home/osslab/mros2-wasm-service-communication-socket-journal/third_party/wamr/core/iwasm/migration/wasm_restore_classic.c: In function ‘debug_addr’:
/home/osslab/mros2-wasm-service-communication-socket-journal/third_party/wamr/core/iwasm/migration/wasm_restore_classic.c:400:15: warning: comparison between pointer and integer
  400 |     if (value == NULL) {
      |               ^~
/home/osslab/mros2-wasm-service-communication-socket-journal/third_party/wamr/core/iwasm/migration/wasm_restore_classic.c:404:24: warning: format ‘%p’ expects argument of type ‘void *’, but argument 4 has type ‘int’ [-Wformat=]
  404 |     printf("%s in %s: %p\n", name, func_name, (int)value);
      |                       ~^                      ~~~~~~~~~~
      |                        |                      |
      |                        void *                 int
      |                       %d
/home/osslab/mros2-wasm-service-communication-socket-journal/third_party/wamr/core/iwasm/migration/wasm_restore_classic.c: In function ‘wasm_restore_program_counter’:
/home/osslab/mros2-wasm-service-communication-socket-journal/third_party/wamr/core/iwasm/migration/wasm_restore_classic.c:413:15: warning: assignment to ‘uint8 *’ {aka ‘unsigned char *’} from ‘uint64’ {aka ‘long unsigned int’} makes pointer from integer without a cast [-Wint-conversion]
  413 |     *frame_ip = get_call_address(pc.fidx, pc.offset);
      |               ^
/home/osslab/mros2-wasm-service-communication-socket-journal/third_party/wamr/core/iwasm/migration/wasm_restore_classic.c: In function ‘wasm_restore_global’:
/home/osslab/mros2-wasm-service-communication-socket-journal/third_party/wamr/core/iwasm/migration/wasm_restore_classic.c:382:17: warning: ignoring return value of ‘fread’ declared with attribute ‘warn_unused_result’ [-Wunused-result]
  382 |                 fread(*global_addr, sizeof(uint32), 1, fp);
      |                 ^~~~~~~~~~~~~~~~~~~~~~~~~~~~~~~~~~~~~~~~~~
/home/osslab/mros2-wasm-service-communication-socket-journal/third_party/wamr/core/iwasm/migration/wasm_restore_classic.c:387:17: warning: ignoring return value of ‘fread’ declared with attribute ‘warn_unused_result’ [-Wunused-result]
  387 |                 fread(*global_addr, sizeof(uint64), 1, fp);
      |                 ^~~~~~~~~~~~~~~~~~~~~~~~~~~~~~~~~~~~~~~~~~
At top level:
/home/osslab/mros2-wasm-service-communication-socket-journal/third_party/wamr/core/iwasm/migration/wasm_restore_classic.c:87:1: warning: ‘_restore_label_stack_v1’ defined but not used [-Wunused-function]
   87 | _restore_label_stack_v1(WASMInterpFrame *frame, WASMCSPFrame *csp_frame)
      | ^~~~~~~~~~~~~~~~~~~~~~~
In file included from /home/osslab/mros2-wasm-service-communication-socket-journal/third_party/wamr/core/iwasm/migration/wasm_restore_classic.c:8:
/home/osslab/mros2-wasm-service-communication-socket-journal/third_party/wamr/core/iwasm/migration/wasm_migration.h:22:1: warning: ‘get_addr_offset’ defined but not used [-Wunused-function]
   22 | get_addr_offset(void* target, void* base)
      | ^~~~~~~~~~~~~~~
In file included from /home/osslab/mros2-wasm-service-communication-socket-journal/third_party/wamr/core/iwasm/migration/wasm_restore_classic.c:5:
/home/osslab/mros2-wasm-service-communication-socket-journal/third_party/wamr/core/iwasm/migration/wasm_restore_classic.c: In function ‘wasm_restore_stack’:
/home/osslab/mros2-wasm-service-communication-socket-journal/third_party/wamr/core/iwasm/migration/../common/wasm_exec_env.h:271:25: warning: ‘frame’ may be used uninitialized in this function [-Wmaybe-uninitialized]
  271 |     exec_env->cur_frame = frame;
      |     ~~~~~~~~~~~~~~~~~~~~^~~~~~~
/home/osslab/mros2-wasm-service-communication-socket-journal/third_party/wamr/core/iwasm/migration/wasm_restore_classic.c:275:22: note: ‘frame’ was declared here
  275 |     WASMInterpFrame *frame, *prev_frame = wasm_exec_env_get_cur_frame(exec_env);
      |                      ^~~~~
[ 75%] Linking CXX static library libspdlog.a
[ 77%] Building C object CMakeFiles/vmlib.dir/home/osslab/mros2-wasm-service-communication-socket-journal/third_party/wamr/core/iwasm/migration/wasm_restore_fast.c.o
[ 77%] Built target spdlog
[ 79%] Building C object CMakeFiles/vmlib.dir/home/osslab/mros2-wasm-service-communication-socket-journal/third_party/wamr/core/iwasm/migration/wasm_socket_journal.c.o
In file included from /home/osslab/mros2-wasm-service-communication-socket-journal/third_party/wamr/core/iwasm/migration/wasm_restore_fast.c:7:
/home/osslab/mros2-wasm-service-communication-socket-journal/third_party/wamr/core/iwasm/migration/wasm_migration.h: In function ‘set_addr_offset’:
/home/osslab/mros2-wasm-service-communication-socket-journal/third_party/wamr/core/iwasm/migration/wasm_migration.h:34:16: warning: comparison of integer expressions of different signedness: ‘uint32’ {aka ‘unsigned int’} and ‘int’ [-Wsign-compare]
   34 |     if (offset == -1) return NULL;
      |                ^~
In file included from /home/osslab/mros2-wasm-service-communication-socket-journal/third_party/wamr/core/iwasm/migration/wasm_restore_fast.c:8:
/home/osslab/mros2-wasm-service-communication-socket-journal/third_party/wamr/core/iwasm/migration/wasm_restore.h: In function ‘debug_wasm_interp_frame’:
/home/osslab/mros2-wasm-service-communication-socket-journal/third_party/wamr/core/iwasm/migration/wasm_restore.h:22:51: warning: format ‘%d’ expects argument of type ‘int’, but argument 3 has type ‘long int’ [-Wformat=]
   22 |             printf("frame: %d          func idx: %d\n", cnt, frame->function-base_func_addr);
      |                                                  ~^          ~~~~~~~~~~~~~~~~~~~~~~~~~~~~~~
      |                                                   |                         |
      |                                                   int                       long int
      |                                                  %ld
/home/osslab/mros2-wasm-service-communication-socket-journal/third_party/wamr/core/iwasm/migration/wasm_restore.h:23:13: warning: suggest parentheses around assignment used as truth value [-Wparentheses]
   23 |     } while(frame = frame->prev_frame);
      |             ^~~~~
In file included from /home/osslab/mros2-wasm-service-communication-socket-journal/third_party/wamr/core/iwasm/migration/wasm_restore_fast.c:7:
At top level:
/home/osslab/mros2-wasm-service-communication-socket-journal/third_party/wamr/core/iwasm/migration/wasm_migration.h:38:14: warning: ‘wamr_open_image’ defined but not used [-Wunused-function]
   38 | static FILE* wamr_open_image(const char* file, const char* flag) {
      |              ^~~~~~~~~~~~~~~
/home/osslab/mros2-wasm-service-communication-socket-journal/third_party/wamr/core/iwasm/migration/wasm_migration.h:32:1: warning: ‘set_addr_offset’ defined but not used [-Wunused-function]
   32 | set_addr_offset(void* base, uint32 offset)
      | ^~~~~~~~~~~~~~~
/home/osslab/mros2-wasm-service-communication-socket-journal/third_party/wamr/core/iwasm/migration/wasm_migration.h:22:1: warning: ‘get_addr_offset’ defined but not used [-Wunused-function]
   22 | get_addr_offset(void* target, void* base)
      | ^~~~~~~~~~~~~~~
[ 79%] Building C object CMakeFiles/vmlib.dir/home/osslab/mros2-wasm-service-communication-socket-journal/third_party/wamr/core/iwasm/migration/wasm_thread_migration.c.o
In file included from /home/osslab/mros2-wasm-service-communication-socket-journal/third_party/wamr/core/iwasm/migration/wasm_socket_journal.c:5:
/home/osslab/mros2-wasm-service-communication-socket-journal/third_party/wamr/core/iwasm/migration/wasm_migration.h: In function ‘set_addr_offset’:
/home/osslab/mros2-wasm-service-communication-socket-journal/third_party/wamr/core/iwasm/migration/wasm_migration.h:34:16: warning: comparison of integer expressions of different signedness: ‘uint32’ {aka ‘unsigned int’} and ‘int’ [-Wsign-compare]
   34 |     if (offset == -1) return NULL;
      |                ^~
At top level:
/home/osslab/mros2-wasm-service-communication-socket-journal/third_party/wamr/core/iwasm/migration/wasm_migration.h:32:1: warning: ‘set_addr_offset’ defined but not used [-Wunused-function]
   32 | set_addr_offset(void* base, uint32 offset)
      | ^~~~~~~~~~~~~~~
/home/osslab/mros2-wasm-service-communication-socket-journal/third_party/wamr/core/iwasm/migration/wasm_migration.h:22:1: warning: ‘get_addr_offset’ defined but not used [-Wunused-function]
   22 | get_addr_offset(void* target, void* base)
      | ^~~~~~~~~~~~~~~
In file included from /home/osslab/mros2-wasm-service-communication-socket-journal/third_party/wamr/core/iwasm/migration/wasm_thread_migration.c:3:
/home/osslab/mros2-wasm-service-communication-socket-journal/third_party/wamr/core/iwasm/migration/wasm_migration.h: In function ‘set_addr_offset’:
/home/osslab/mros2-wasm-service-communication-socket-journal/third_party/wamr/core/iwasm/migration/wasm_migration.h:34:16: warning: comparison of integer expressions of different signedness: ‘uint32’ {aka ‘unsigned int’} and ‘int’ [-Wsign-compare]
   34 |     if (offset == -1) return NULL;
      |                ^~
/home/osslab/mros2-wasm-service-communication-socket-journal/third_party/wamr/core/iwasm/migration/wasm_thread_migration.c: In function ‘checkpoint_routine’:
/home/osslab/mros2-wasm-service-communication-socket-journal/third_party/wamr/core/iwasm/migration/wasm_thread_migration.c:96:46: warning: implicit declaration of function ‘get_time’; did you mean ‘getitimer’? [-Wimplicit-function-declaration]
   96 |     fprintf(stderr, "checkpoint done:%lu\n", get_time(startAt, endAt));
      |                                              ^~~~~~~~
      |                                              getitimer
/home/osslab/mros2-wasm-service-communication-socket-journal/third_party/wamr/core/iwasm/migration/wasm_thread_migration.c:96:40: warning: format ‘%lu’ expects argument of type ‘long unsigned int’, but argument 3 has type ‘int’ [-Wformat=]
   96 |     fprintf(stderr, "checkpoint done:%lu\n", get_time(startAt, endAt));
      |                                      ~~^     ~~~~~~~~~~~~~~~~~~~~~~~~
      |                                        |     |
      |                                        |     int
      |                                        long unsigned int
      |                                      %u
/home/osslab/mros2-wasm-service-communication-socket-journal/third_party/wamr/core/iwasm/migration/wasm_thread_migration.c: In function ‘wasm_dump_thread_states’:
/home/osslab/mros2-wasm-service-communication-socket-journal/third_party/wamr/core/iwasm/migration/wasm_thread_migration.c:154:9: warning: implicit declaration of function ‘dump_value’; did you mean ‘si_value’? [-Wimplicit-function-declaration]
  154 |         dump_value(&thread_count, sizeof(int16), 1, fp);
      |         ^~~~~~~~~~
      |         si_value
/home/osslab/mros2-wasm-service-communication-socket-journal/third_party/wamr/core/iwasm/migration/wasm_thread_migration.c: At top level:
/home/osslab/mros2-wasm-service-communication-socket-journal/third_party/wamr/core/iwasm/migration/wasm_thread_migration.c:224:1: warning: return type defaults to ‘int’ [-Wimplicit-int]
  224 | str_add_prefix(char *file_name, char *file_prefix)
      | ^~~~~~~~~~~~~~
/home/osslab/mros2-wasm-service-communication-socket-journal/third_party/wamr/core/iwasm/migration/wasm_thread_migration.c:224:1: warning: conflicting types for ‘str_add_prefix’
In file included from /home/osslab/mros2-wasm-service-communication-socket-journal/third_party/wamr/core/iwasm/migration/wasm_thread_migration.c:2:
/home/osslab/mros2-wasm-service-communication-socket-journal/third_party/wamr/core/iwasm/migration/wasm_thread_migration.h:8:1: note: previous declaration of ‘str_add_prefix’ with type ‘void(char *, char *)’
    8 | str_add_prefix(char *file_name, char *file_prefix);
      | ^~~~~~~~~~~~~~
/home/osslab/mros2-wasm-service-communication-socket-journal/third_party/wamr/core/iwasm/migration/wasm_thread_migration.c: In function ‘wasm_restore_thread_start_arg’:
/home/osslab/mros2-wasm-service-communication-socket-journal/third_party/wamr/core/iwasm/migration/wasm_thread_migration.c:252:5: warning: ignoring return value of ‘fread’ declared with attribute ‘warn_unused_result’ [-Wunused-result]
  252 |     fread(&thread_start_arg->thread_id, sizeof(int32), 1, fp);
      |     ^~~~~~~~~~~~~~~~~~~~~~~~~~~~~~~~~~~~~~~~~~~~~~~~~~~~~~~~~
/home/osslab/mros2-wasm-service-communication-socket-journal/third_party/wamr/core/iwasm/migration/wasm_thread_migration.c:254:5: warning: ignoring return value of ‘fread’ declared with attribute ‘warn_unused_result’ [-Wunused-result]
  254 |     fread(&thread_start_arg->arg, sizeof(uint32), 1, fp);
      |     ^~~~~~~~~~~~~~~~~~~~~~~~~~~~~~~~~~~~~~~~~~~~~~~~~~~~
In file included from /home/osslab/mros2-wasm-service-communication-socket-journal/third_party/wamr/core/iwasm/migration/wasm_thread_migration.c:3:
At top level:
/home/osslab/mros2-wasm-service-communication-socket-journal/third_party/wamr/core/iwasm/migration/wasm_migration.h:32:1: warning: ‘set_addr_offset’ defined but not used [-Wunused-function]
   32 | set_addr_offset(void* base, uint32 offset)
      | ^~~~~~~~~~~~~~~
/home/osslab/mros2-wasm-service-communication-socket-journal/third_party/wamr/core/iwasm/migration/wasm_migration.h:22:1: warning: ‘get_addr_offset’ defined but not used [-Wunused-function]
   22 | get_addr_offset(void* target, void* base)
      | ^~~~~~~~~~~~~~~
[ 81%] Linking C static library libvmlib.a
[ 81%] Built target vmlib
   Compiling wacret v0.1.0 (https://github.com/funera1/Wacret?branch=create-table-v2#35c1edcd)
   Compiling wcrn v0.1.0 (/tmp/mros2-wasm-cr-rerun-20260927/wasmig-src/wcrn)
    Finished `release` profile [optimized] target(s) in 14.31s
[ 81%] Built target wcrn_build
[ 81%] Building CXX object _deps/wasmig-build/CMakeFiles/libwasmig.dir/src/checkpoint.cpp.o
[ 83%] Building CXX object _deps/wasmig-build/CMakeFiles/libwasmig.dir/src/restore.cpp.o
[ 83%] Building CXX object _deps/wasmig-build/CMakeFiles/libwasmig.dir/src/stack_tables.cpp.o
[ 85%] Building CXX object _deps/wasmig-build/CMakeFiles/libwasmig.dir/src/table.cpp.o
[ 87%] Building CXX object _deps/wasmig-build/CMakeFiles/libwasmig.dir/src/stack.cpp.o
/tmp/mros2-wasm-cr-rerun-20260927/wasmig-src/src/table.cpp: In function ‘void print_table()’:
/tmp/mros2-wasm-cr-rerun-20260927/wasmig-src/src/table.cpp:47:31: warning: format ‘%p’ expects argument of type ‘void*’, but argument 2 has type ‘long unsigned int’ [-Wformat=]
   47 |             printf("address: %p, fidx: %d, offset: %lu\n", it->first, it->second.fidx, it->second.offset);
      |                              ~^                            ~~~~~~~~~
      |                               |                                |
      |                               void*                            long unsigned int
      |                              %ld
[ 88%] Building CXX object _deps/wasmig-build/CMakeFiles/libwasmig.dir/src/log.cpp.o
[ 88%] Building CXX object _deps/wasmig-build/CMakeFiles/libwasmig.dir/src/utils.cpp.o
/tmp/mros2-wasm-cr-rerun-20260927/wasmig-src/src/restore.cpp: In function ‘CodePos wasmig_restore_pc_with_prefix(const char*)’:
/tmp/mros2-wasm-cr-rerun-20260927/wasmig-src/src/restore.cpp:91:10: warning: ignoring return value of ‘size_t fread(void*, size_t, size_t, FILE*)’ declared with attribute ‘warn_unused_result’ [-Wunused-result]
   91 |     fread(&pc.fidx, sizeof(uint32_t), 1, fp);
      |     ~~~~~^~~~~~~~~~~~~~~~~~~~~~~~~~~~~~~~~~~
/tmp/mros2-wasm-cr-rerun-20260927/wasmig-src/src/restore.cpp:92:10: warning: ignoring return value of ‘size_t fread(void*, size_t, size_t, FILE*)’ declared with attribute ‘warn_unused_result’ [-Wunused-result]
   92 |     fread(&pc.offset, sizeof(uint32_t), 1, fp);
      |     ~~~~~^~~~~~~~~~~~~~~~~~~~~~~~~~~~~~~~~~~~~
/tmp/mros2-wasm-cr-rerun-20260927/wasmig-src/src/restore.cpp: In function ‘Array64 wasmig_restore_global_with_prefix(Array8, const char*)’:
/tmp/mros2-wasm-cr-rerun-20260927/wasmig-src/src/restore.cpp:113:14: warning: ignoring return value of ‘size_t fread(void*, size_t, size_t, FILE*)’ declared with attribute ‘warn_unused_result’ [-Wunused-result]
  113 |         fread(&globals.contents[i], types.contents[i], 1, fp);
      |         ~~~~~^~~~~~~~~~~~~~~~~~~~~~~~~~~~~~~~~~~~~~~~~~~~~~~~
/tmp/mros2-wasm-cr-rerun-20260927/wasmig-src/src/restore.cpp: In function ‘TypedArray wasmig_restore_global_v2_with_prefix(const char*)’:
/tmp/mros2-wasm-cr-rerun-20260927/wasmig-src/src/restore.cpp:134:10: warning: ignoring return value of ‘size_t fread(void*, size_t, size_t, FILE*)’ declared with attribute ‘warn_unused_result’ [-Wunused-result]
  134 |     fread(buf, file_size, 1, fp);
      |     ~~~~~^~~~~~~~~~~~~~~~~~~~~~~
/tmp/mros2-wasm-cr-rerun-20260927/wasmig-src/src/restore.cpp: In function ‘CallStack wasmig_restore_stack_with_prefix(const char*)’:
/tmp/mros2-wasm-cr-rerun-20260927/wasmig-src/src/restore.cpp:160:10: warning: ignoring return value of ‘size_t fread(void*, size_t, size_t, FILE*)’ declared with attribute ‘warn_unused_result’ [-Wunused-result]
  160 |     fread(buf, file_size, 1, fp);
      |     ~~~~~^~~~~~~~~~~~~~~~~~~~~~~
[ 90%] Building CXX object _deps/wasmig-build/CMakeFiles/libwasmig.dir/src/state.cpp.o
[ 90%] Building CXX object _deps/wasmig-build/CMakeFiles/libwasmig.dir/src/debug.cpp.o
[ 92%] Building CXX object _deps/wasmig-build/CMakeFiles/libwasmig.dir/src/codepos.cpp.o
[ 94%] Building CXX object _deps/wasmig-build/CMakeFiles/libwasmig.dir/src/table_v3.cpp.o
/tmp/mros2-wasm-cr-rerun-20260927/wasmig-src/src/state.cpp: In function ‘void print_label_stack(LabelStack*)’:
/tmp/mros2-wasm-cr-rerun-20260927/wasmig-src/src/state.cpp:314:22: warning: format ‘%d’ expects argument of type ‘int’, but argument 2 has type ‘size_t’ {aka ‘long unsigned int’} [-Wformat=]
  314 |     printf("  size: %d\n", size);
      |                     ~^     ~~~~
      |                      |     |
      |                      int   size_t {aka long unsigned int}
      |                     %ld
/tmp/mros2-wasm-cr-rerun-20260927/wasmig-src/src/state.cpp: In function ‘void print_call_stack_entry(CallStackEntry*)’:
/tmp/mros2-wasm-cr-rerun-20260927/wasmig-src/src/state.cpp:347:46: warning: format ‘%d’ expects argument of type ‘int’, but argument 3 has type ‘uint64_t’ {aka ‘long unsigned int’} [-Wformat=]
  347 |     printf("CallStackEntry: fidx=%d, offset=%d\n", entry->pc.fidx, entry->pc.offset);
      |                                             ~^                     ~~~~~~~~~~~~~~~~
      |                                              |                               |
      |                                              int                             uint64_t {aka long unsigned int}
      |                                             %ld
[ 94%] Building CXX object _deps/wasmig-build/CMakeFiles/libwasmig.dir/src/registry.cpp.o
/tmp/mros2-wasm-cr-rerun-20260927/wasmig-src/src/table_v3.cpp: In function ‘void wasmig_address_map_print(AddressMap)’:
/tmp/mros2-wasm-cr-rerun-20260927/wasmig-src/src/table_v3.cpp:192:29: warning: format ‘%p’ expects argument of type ‘void*’, but argument 5 has type ‘uint64_t’ {aka ‘long unsigned int’} [-Wformat=]
  192 |         printf("  %u:%u %s %p\n", fidx, offset, arrow, address);
      |                            ~^                          ~~~~~~~
      |                             |                          |
      |                             void*                      uint64_t {aka long unsigned int}
      |                            %ld
[ 96%] Linking CXX static library liblibwasmig.a
[ 96%] Built target libwasmig
[ 96%] Building C object CMakeFiles/iwasm.dir/main.c.o
[ 98%] Building C object CMakeFiles/iwasm.dir/home/osslab/mros2-wasm-service-communication-socket-journal/third_party/wamr/core/shared/utils/uncommon/bh_getopt.c.o
[ 98%] Building C object CMakeFiles/iwasm.dir/home/osslab/mros2-wasm-service-communication-socket-journal/third_party/wamr/core/shared/utils/uncommon/bh_read_file.c.o
[100%] Linking CXX executable iwasm
[100%] Built target iwasm
CMake Deprecation Warning at CMakeLists.txt:2 (cmake_minimum_required):
  Compatibility with CMake < 3.10 will be removed from a future version of
  CMake.

  Update the VERSION argument <min> value.  Or, use the <min>...<max> syntax
  to tell CMake that the project requires at least <min> but has been updated
  to work with policies introduced by <max> or earlier.


CMake Deprecation Warning at /opt/wasi-sdk-21/share/cmake/wasi-sdk-pthread.cmake:4 (cmake_minimum_required):
  Compatibility with CMake < 3.10 will be removed from a future version of
  CMake.

  Update the VERSION argument <min> value.  Or, use the <min>...<max> syntax
  to tell CMake that the project requires at least <min> but has been updated
  to work with policies introduced by <max> or earlier.
Call Stack (most recent call first):
  /home/osslab/.local/lib/python3.10/site-packages/cmake/data/share/cmake-3.31/Modules/CMakeDetermineSystem.cmake:146 (include)
  CMakeLists.txt:16 (project)


CMake Deprecation Warning at /opt/wasi-sdk-21/share/cmake/wasi-sdk-pthread.cmake:4 (cmake_minimum_required):
  Compatibility with CMake < 3.10 will be removed from a future version of
  CMake.

  Update the VERSION argument <min> value.  Or, use the <min>...<max> syntax
  to tell CMake that the project requires at least <min> but has been updated
  to work with policies introduced by <max> or earlier.
Call Stack (most recent call first):
  /tmp/mros2-wasm-cr-rerun-20260927/wasm-build/CMakeFiles/3.31.10/CMakeSystem.cmake:6 (include)
  CMakeLists.txt:16 (project)


-- The CXX compiler identification is Clang 17.0.6
-- The C compiler identification is Clang 17.0.6
-- Detecting CXX compiler ABI info
CMake Deprecation Warning at /opt/wasi-sdk-21/share/cmake/wasi-sdk-pthread.cmake:4 (cmake_minimum_required):
  Compatibility with CMake < 3.10 will be removed from a future version of
  CMake.

  Update the VERSION argument <min> value.  Or, use the <min>...<max> syntax
  to tell CMake that the project requires at least <min> but has been updated
  to work with policies introduced by <max> or earlier.
Call Stack (most recent call first):
  /tmp/mros2-wasm-cr-rerun-20260927/wasm-build/CMakeFiles/3.31.10/CMakeSystem.cmake:6 (include)
  /tmp/mros2-wasm-cr-rerun-20260927/wasm-build/CMakeFiles/CMakeScratch/TryCompile-JWiKXq/CMakeLists.txt:4 (project)


-- Detecting CXX compiler ABI info - done
-- Check for working CXX compiler: /opt/wasi-sdk-21/bin/clang++ - skipped
-- Detecting CXX compile features
-- Detecting CXX compile features - done
-- Detecting C compiler ABI info
CMake Deprecation Warning at /opt/wasi-sdk-21/share/cmake/wasi-sdk-pthread.cmake:4 (cmake_minimum_required):
  Compatibility with CMake < 3.10 will be removed from a future version of
  CMake.

  Update the VERSION argument <min> value.  Or, use the <min>...<max> syntax
  to tell CMake that the project requires at least <min> but has been updated
  to work with policies introduced by <max> or earlier.
Call Stack (most recent call first):
  /tmp/mros2-wasm-cr-rerun-20260927/wasm-build/CMakeFiles/3.31.10/CMakeSystem.cmake:6 (include)
  /tmp/mros2-wasm-cr-rerun-20260927/wasm-build/CMakeFiles/CMakeScratch/TryCompile-vxDuhO/CMakeLists.txt:4 (project)


-- Detecting C compiler ABI info - done
-- Check for working C compiler: /opt/wasi-sdk-21/bin/clang - skipped
-- Detecting C compile features
-- Detecting C compile features - done
-- WAMR_ROOT=/home/osslab/mros2-wasm-service-communication-socket-journal/third_party/wamr
-- CARTOGRAPHER_ROOT=/home/osslab/mros2-wasm-service-communication-socket-journal/third_party/cartographer
-- CARTOGRAPHER_LIBRARY_ROOT=/home/osslab/mros2-wasm-service-communication-socket-journal/third_party/cartographer-library
-- ZLIB_LIBRARY=/home/osslab/mros2-wasm-service-communication-socket-journal/cmake_build/zlib-wasi/libz.a
-- CMAKE_APPNAME=echoback_string
CMake Deprecation Warning at cmsis-wasm/CMakeLists.txt:2 (cmake_minimum_required):
  Compatibility with CMake < 3.10 will be removed from a future version of
  CMake.

  Update the VERSION argument <min> value.  Or, use the <min>...<max> syntax
  to tell CMake that the project requires at least <min> but has been updated
  to work with policies introduced by <max> or earlier.


-- BUILD_TYPE debug
-- GCOV disabled
CMake Deprecation Warning at cmsis-wasm/src/CMakeLists.txt:1 (cmake_minimum_required):
  Compatibility with CMake < 3.10 will be removed from a future version of
  CMake.

  Update the VERSION argument <min> value.  Or, use the <min>...<max> syntax
  to tell CMake that the project requires at least <min> but has been updated
  to work with policies introduced by <max> or earlier.


-- cmsis_DIR=/home/osslab/mros2-wasm-service-communication-socket-journal/cmsis-wasm/public
CMake Deprecation Warning at lwip-wasm/CMakeLists.txt:2 (cmake_minimum_required):
  Compatibility with CMake < 3.10 will be removed from a future version of
  CMake.

  Update the VERSION argument <min> value.  Or, use the <min>...<max> syntax
  to tell CMake that the project requires at least <min> but has been updated
  to work with policies introduced by <max> or earlier.


-- cmsis_DIR=/home/osslab/mros2-wasm-service-communication-socket-journal/lwip-wasm/../cmsis-wasm/public
-- BUILD_TYPE debug
-- LWIP_DIR /home/osslab/mros2-wasm-service-communication-socket-journal/lwip-wasm
-- LWIP_CORE_DIR /home/osslab/mros2-wasm-service-communication-socket-journal/lwip-wasm/lwip
-- WAMR_SOCKET_CMAKE /home/osslab/mros2-wasm-service-communication-socket-journal/third_party/wamr/core/iwasm/libraries/lib-socket/lib_socket_wasi.cmake
-- lwip_DIR=/home/osslab/mros2-wasm-service-communication-socket-journal/lwip-wasm/public
-- mros2_DIR=/home/osslab/mros2-wasm-service-communication-socket-journal/mros2
-- apl_SRCS is : /home/osslab/mros2-wasm-service-communication-socket-journal/workspace/echoback_string/app.cpp
-- Configuring done (0.3s)
-- Generating done (0.0s)
-- Build files have been written to: /tmp/mros2-wasm-cr-rerun-20260927/wasm-build
[  2%] Building C object cmsis-wasm/src/CMakeFiles/cmsis.dir/api/cmsis_kernel.c.obj
[  4%] Building C object cmsis-wasm/src/CMakeFiles/cmsis.dir/api/cmsis_generic.c.obj
[  6%] Building C object cmsis-wasm/src/CMakeFiles/cmsis.dir/api/cmsis_message_queue.c.obj
[  8%] Building C object lwip-wasm/CMakeFiles/socket_wasi_ext.dir/__/third_party/wamr/core/iwasm/libraries/lib-socket/src/wasi/wasi_socket_ext.c.obj
[ 10%] Building C object cmsis-wasm/src/CMakeFiles/cmsis.dir/api/cmsis_mutexes.c.obj
[ 12%] Building C object cmsis-wasm/src/CMakeFiles/cmsis.dir/api/cmsis_semaphores.c.obj
[ 14%] Building C object cmsis-wasm/src/CMakeFiles/cmsis.dir/api/cmsis_thread.c.obj
[ 16%] Building C object cmsis-wasm/src/CMakeFiles/cmsis.dir/core/cmsis_wasm_memory.c.obj
[ 18%] Building C object cmsis-wasm/src/CMakeFiles/cmsis.dir/core/cmsis_wasm_message_queue.c.obj
[ 20%] Building C object cmsis-wasm/src/CMakeFiles/cmsis.dir/core/cmsis_wasm_queue.c.obj
[ 22%] Linking C static library libsocket_wasi_ext.a
[ 24%] Building C object cmsis-wasm/src/CMakeFiles/cmsis.dir/core/cmsis_wasm_thread_sync.c.obj
[ 24%] Built target socket_wasi_ext
[ 26%] Building C object cmsis-wasm/src/CMakeFiles/cmsis.dir/core/cmsis_wasm_time.c.obj
[ 28%] Building C object lwip-wasm/CMakeFiles/lwip.dir/src/netif/netif_wasm.c.obj
[ 30%] Building C object cmsis-wasm/src/CMakeFiles/cmsis.dir/core/wasm.c.obj
[ 32%] Building C object lwip-wasm/CMakeFiles/lwip.dir/src/core/lwip.c.obj
[ 34%] Building C object lwip-wasm/CMakeFiles/lwip.dir/src/core/igmp.c.obj
[ 36%] Linking C static library libcmsis.a
[ 36%] Built target cmsis
[ 38%] Building C object lwip-wasm/CMakeFiles/lwip.dir/src/core/udp.c.obj
[ 40%] Building C object lwip-wasm/CMakeFiles/lwip.dir/src/core/sys_utils.c.obj
[ 42%] Building C object lwip-wasm/CMakeFiles/lwip.dir/src/core/udp_multicast.c.obj
[ 44%] Building C object lwip-wasm/CMakeFiles/lwip.dir/src/core/udp_multicast_manager.c.obj
[ 46%] Building C object lwip-wasm/CMakeFiles/lwip.dir/Third_Party/STM32CubeF7/Middlewares/Third_Party/LwIP/system/OS/sys_arch.c.obj
/home/osslab/mros2-wasm-service-communication-socket-journal/lwip-wasm/src/core/udp.c:100:52: error: call to undeclared function 'inet_ntoa'; ISO C99 and later do not support implicit function declarations [-Wimplicit-function-declaration]
  100 |                      mcp->sd, (unsigned)mcp->port, inet_ntoa(addr.sin_addr),
      |                                                    ^
/home/osslab/mros2-wasm-service-communication-socket-journal/lwip-wasm/src/core/udp.c:100:52: note: did you mean 'inet_ntop'?
/home/osslab/wasi-sysroot/include/arpa/inet.h:22:13: note: 'inet_ntop' declared here
   22 | const char *inet_ntop (int, const void *__restrict, char *__restrict, socklen_t);
      |             ^
/home/osslab/mros2-wasm-service-communication-socket-journal/lwip-wasm/src/core/udp.c:100:52: warning: format specifies type 'char *' but the argument has type 'int' [-Wformat]
   99 |     CMSIS_IMPL_ERROR("[CR-RERUN-20260927] UDP_SEND result=error fd=%d local_port=%u destination=%s:%u bytes=%d returned=%d errno=%d",
      |                                                                                                 ~~
      |                                                                                                 %d
  100 |                      mcp->sd, (unsigned)mcp->port, inet_ntoa(addr.sin_addr),
      |                                                    ^~~~~~~~~~~~~~~~~~~~~~~~
/home/osslab/mros2-wasm-service-communication-socket-journal/lwip-wasm/../cmsis-wasm/public/include/cmsis_impl_logger.h:42:54: note: expanded from macro 'CMSIS_IMPL_ERROR'
   42 | #define CMSIS_IMPL_ERROR(...)      syslog(LOG_ERROR, __VA_ARGS__)
      |                                                      ^~~~~~~~~~~
/home/osslab/mros2-wasm-service-communication-socket-journal/lwip-wasm/../cmsis-wasm/public/include/cmsis_impl_logger.h:13:10: note: expanded from macro 'syslog'
   13 |                 printf(__VA_ARGS__);    \
      |                        ^~~~~~~~~~~
/home/osslab/mros2-wasm-service-communication-socket-journal/lwip-wasm/src/core/udp.c:105:49: error: call to undeclared function 'inet_ntoa'; ISO C99 and later do not support implicit function declarations [-Wimplicit-function-declaration]
  105 |                   mcp->sd, (unsigned)mcp->port, inet_ntoa(addr.sin_addr),
      |                                                 ^
/home/osslab/mros2-wasm-service-communication-socket-journal/lwip-wasm/src/core/udp.c:105:49: warning: format specifies type 'char *' but the argument has type 'int' [-Wformat]
  104 |   CMSIS_IMPL_INFO("[CR-RERUN-20260927] UDP_SEND result=ok fd=%d local_port=%u destination=%s:%u bytes=%d returned=%d errno=%d",
      |                                                                                           ~~
      |                                                                                           %d
  105 |                   mcp->sd, (unsigned)mcp->port, inet_ntoa(addr.sin_addr),
      |                                                 ^~~~~~~~~~~~~~~~~~~~~~~~
/home/osslab/mros2-wasm-service-communication-socket-journal/lwip-wasm/../cmsis-wasm/public/include/cmsis_impl_logger.h:30:55: note: expanded from macro 'CMSIS_IMPL_INFO'
   30 | #define CMSIS_IMPL_INFO(...)       syslog(LOG_NOTICE, __VA_ARGS__)
      |                                                       ^~~~~~~~~~~
/home/osslab/mros2-wasm-service-communication-socket-journal/lwip-wasm/../cmsis-wasm/public/include/cmsis_impl_logger.h:13:10: note: expanded from macro 'syslog'
   13 |                 printf(__VA_ARGS__);    \
      |                        ^~~~~~~~~~~
2 warnings and 2 errors generated.
gmake[3]: *** [lwip-wasm/CMakeFiles/lwip.dir/build.make:121: lwip-wasm/CMakeFiles/lwip.dir/src/core/udp.c.obj] Error 1
gmake[3]: *** Waiting for unfinished jobs....
/home/osslab/mros2-wasm-service-communication-socket-journal/lwip-wasm/src/core/udp_multicast.c:89:53: warning: format specifies type 'int' but the argument has type 'unsigned long' [-Wformat]
   89 |   printf("set TTL: ttl=%d, optlen=%d\n", info->ttl, sizeof(info->ttl));
      |                                   ~~                ^~~~~~~~~~~~~~~~~
      |                                   %lu
/home/osslab/mros2-wasm-service-communication-socket-journal/lwip-wasm/src/core/udp_multicast.c:68:13: warning: variable 'ipaddr' set but not used [-Wunused-but-set-variable]
   68 |   in_addr_t ipaddr;
      |             ^
2 warnings generated.
gmake[2]: *** [CMakeFiles/Makefile2:275: lwip-wasm/CMakeFiles/lwip.dir/all] Error 2
gmake[1]: *** [CMakeFiles/Makefile2:186: CMakeFiles/MODULE_echoback_string.dir/rule] Error 2
gmake: *** [Makefile:169: MODULE_echoback_string] Error 2
[  4%] Built target socket_wasi_ext
[ 30%] Built target cmsis
[ 32%] Building C object lwip-wasm/CMakeFiles/lwip.dir/src/core/udp.c.obj
[ 34%] Building C object lwip-wasm/CMakeFiles/lwip.dir/lwip/src/core/mem.c.obj
[ 36%] Building C object lwip-wasm/CMakeFiles/lwip.dir/lwip/src/core/pbuf.c.obj
[ 38%] Building C object lwip-wasm/CMakeFiles/lwip.dir/lwip/src/core/ipv4/ip4_addr.c.obj
[ 40%] Building C object lwip-wasm/CMakeFiles/lwip.dir/lwip/src/core/memp.c.obj
[ 42%] Building C object lwip-wasm/CMakeFiles/lwip.dir/lwip/src/core/stats.c.obj
[ 44%] Building C object lwip-wasm/CMakeFiles/lwip.dir/lwip/src/core/sys.c.obj
[ 46%] Linking C static library liblwip.a
[ 60%] Built target lwip
[ 62%] Building CXX object CMakeFiles/MODULE_echoback_string.dir/workspace/echoback_string/app.cpp.obj
[ 64%] Building CXX object CMakeFiles/MODULE_echoback_string.dir/mros2/src/mros2.cpp.obj
[ 68%] Building CXX object CMakeFiles/MODULE_echoback_string.dir/mros2/embeddedRTPS/src/messages/MessageTypes.cpp.obj
[ 68%] Building CXX object CMakeFiles/MODULE_echoback_string.dir/mros2/embeddedRTPS/src/communication/UdpDriver.cpp.obj
In file included from /home/osslab/mros2-wasm-service-communication-socket-journal/mros2/embeddedRTPS/src/communication/UdpDriver.cpp:28:
/home/osslab/mros2-wasm-service-communication-socket-journal/mros2/embeddedRTPS/include/rtps/utils/Log.h:39:9: warning: 'PARTICIPANT_VERBOSE' macro redefined [-Wmacro-redefined]
   39 | #define PARTICIPANT_VERBOSE 1
      |         ^
/home/osslab/mros2-wasm-service-communication-socket-journal/mros2/embeddedRTPS/include/rtps/utils/Log.h:38:9: note: previous definition is here
   38 | #define PARTICIPANT_VERBOSE 0
      |         ^
[ 70%] Building CXX object CMakeFiles/MODULE_echoback_string.dir/mros2/embeddedRTPS/src/messages/MessageReceiver.cpp.obj
1 warning generated.
[ 72%] Building CXX object CMakeFiles/MODULE_echoback_string.dir/mros2/embeddedRTPS/src/discovery/TopicData.cpp.obj
In file included from /home/osslab/mros2-wasm-service-communication-socket-journal/workspace/echoback_string/app.cpp:1:
In file included from /home/osslab/mros2-wasm-service-communication-socket-journal/mros2/include/mros2.h:5:
In file included from /home/osslab/mros2-wasm-service-communication-socket-journal/mros2/embeddedRTPS/include/rtps/rtps.h:28:
In file included from /home/osslab/mros2-wasm-service-communication-socket-journal/mros2/embeddedRTPS/include/rtps/entities/Domain.h:28:
In file included from /home/osslab/mros2-wasm-service-communication-socket-journal/mros2/embeddedRTPS/include/rtps/ThreadPool.h:33:
In file included from /home/osslab/mros2-wasm-service-communication-socket-journal/mros2/embeddedRTPS/include/rtps/storages/ThreadSafeCircularBuffer.h:71:
In file included from /home/osslab/mros2-wasm-service-communication-socket-journal/mros2/embeddedRTPS/include/rtps/storages/ThreadSafeCircularBuffer.tpp:6:
/home/osslab/mros2-wasm-service-communication-socket-journal/mros2/embeddedRTPS/include/rtps/utils/Log.h:39:9: warning: 'PARTICIPANT_VERBOSE' macro redefined [-Wmacro-redefined]
   39 | #define PARTICIPANT_VERBOSE 1
      |         ^
/home/osslab/mros2-wasm-service-communication-socket-journal/mros2/embeddedRTPS/include/rtps/utils/Log.h:38:9: note: previous definition is here
   38 | #define PARTICIPANT_VERBOSE 0
      |         ^
In file included from /home/osslab/mros2-wasm-service-communication-socket-journal/mros2/src/mros2.cpp:1:
In file included from /home/osslab/mros2-wasm-service-communication-socket-journal/mros2/include/mros2.h:5:
In file included from /home/osslab/mros2-wasm-service-communication-socket-journal/mros2/embeddedRTPS/include/rtps/rtps.h:28:
In file included from /home/osslab/mros2-wasm-service-communication-socket-journal/mros2/embeddedRTPS/include/rtps/entities/Domain.h:28:
In file included from /home/osslab/mros2-wasm-service-communication-socket-journal/mros2/embeddedRTPS/include/rtps/ThreadPool.h:33:
In file included from /home/osslab/mros2-wasm-service-communication-socket-journal/mros2/embeddedRTPS/include/rtps/storages/ThreadSafeCircularBuffer.h:71:
In file included from /home/osslab/mros2-wasm-service-communication-socket-journal/mros2/embeddedRTPS/include/rtps/storages/ThreadSafeCircularBuffer.tpp:6:
/home/osslab/mros2-wasm-service-communication-socket-journal/mros2/embeddedRTPS/include/rtps/utils/Log.h:39:9: warning: 'PARTICIPANT_VERBOSE' macro redefined [-Wmacro-redefined]
   39 | #define PARTICIPANT_VERBOSE 1
      |         ^
/home/osslab/mros2-wasm-service-communication-socket-journal/mros2/embeddedRTPS/include/rtps/utils/Log.h:38:9: note: previous definition is here
   38 | #define PARTICIPANT_VERBOSE 0
      |         ^
In file included from /home/osslab/mros2-wasm-service-communication-socket-journal/workspace/echoback_string/app.cpp:1:
In file included from /home/osslab/mros2-wasm-service-communication-socket-journal/mros2/include/mros2.h:5:
In file included from /home/osslab/mros2-wasm-service-communication-socket-journal/mros2/embeddedRTPS/include/rtps/rtps.h:28:
In file included from /home/osslab/mros2-wasm-service-communication-socket-journal/mros2/embeddedRTPS/include/rtps/entities/Domain.h:30:
In file included from /home/osslab/mros2-wasm-service-communication-socket-journal/mros2/embeddedRTPS/include/rtps/entities/Participant.h:30:
In file included from /home/osslab/mros2-wasm-service-communication-socket-journal/mros2/embeddedRTPS/include/rtps/discovery/SEDPAgent.h:28:
In file included from /home/osslab/mros2-wasm-service-communication-socket-journal/mros2/embeddedRTPS/include/rtps/discovery/BuiltInEndpoints.h:28:
In file included from /home/osslab/mros2-wasm-service-communication-socket-journal/mros2/embeddedRTPS/include/rtps/entities/StatefulReader.h:31:
In file included from /home/osslab/mros2-wasm-service-communication-socket-journal/mros2/embeddedRTPS/include/rtps/entities/Reader.h:30:
In file included from /home/osslab/mros2-wasm-service-communication-socket-journal/mros2/embeddedRTPS/include/rtps/discovery/TopicData.h:34:
/home/osslab/mros2-wasm-service-communication-socket-journal/mros2/embeddedRTPS/include/rtps/common/Locator.h:87:3: warning: non-void function does not return a value in all control paths [-Wreturn-type]
   87 |   }
      |   ^
In file included from /home/osslab/mros2-wasm-service-communication-socket-journal/mros2/src/mros2.cpp:1:
In file included from /home/osslab/mros2-wasm-service-communication-socket-journal/mros2/include/mros2.h:5:
In file included from /home/osslab/mros2-wasm-service-communication-socket-journal/mros2/embeddedRTPS/include/rtps/rtps.h:28:
In file included from /home/osslab/mros2-wasm-service-communication-socket-journal/mros2/embeddedRTPS/include/rtps/entities/Domain.h:30:
In file included from /home/osslab/mros2-wasm-service-communication-socket-journal/mros2/embeddedRTPS/include/rtps/entities/Participant.h:30:
In file included from /home/osslab/mros2-wasm-service-communication-socket-journal/mros2/embeddedRTPS/include/rtps/discovery/SEDPAgent.h:28:
In file included from /home/osslab/mros2-wasm-service-communication-socket-journal/mros2/embeddedRTPS/include/rtps/discovery/BuiltInEndpoints.h:28:
In file included from /home/osslab/mros2-wasm-service-communication-socket-journal/mros2/embeddedRTPS/include/rtps/entities/StatefulReader.h:31:
In file included from /home/osslab/mros2-wasm-service-communication-socket-journal/mros2/embeddedRTPS/include/rtps/entities/Reader.h:30:
In file included from /home/osslab/mros2-wasm-service-communication-socket-journal/mros2/embeddedRTPS/include/rtps/discovery/TopicData.h:34:
/home/osslab/mros2-wasm-service-communication-socket-journal/mros2/embeddedRTPS/include/rtps/common/Locator.h:87:3: warning: non-void function does not return a value in all control paths [-Wreturn-type]
   87 |   }
      |   ^
In file included from /home/osslab/mros2-wasm-service-communication-socket-journal/mros2/embeddedRTPS/src/messages/MessageReceiver.cpp:25:
In file included from /home/osslab/mros2-wasm-service-communication-socket-journal/mros2/embeddedRTPS/include/rtps/messages/MessageReceiver.h:30:
In file included from /home/osslab/mros2-wasm-service-communication-socket-journal/mros2/embeddedRTPS/include/rtps/discovery/BuiltInEndpoints.h:28:
In file included from /home/osslab/mros2-wasm-service-communication-socket-journal/mros2/embeddedRTPS/include/rtps/entities/StatefulReader.h:31:
In file included from /home/osslab/mros2-wasm-service-communication-socket-journal/mros2/embeddedRTPS/include/rtps/entities/Reader.h:30:
In file included from /home/osslab/mros2-wasm-service-communication-socket-journal/mros2/embeddedRTPS/include/rtps/discovery/TopicData.h:34:
/home/osslab/mros2-wasm-service-communication-socket-journal/mros2/embeddedRTPS/include/rtps/common/Locator.h:87:3: warning: non-void function does not return a value in all control paths [-Wreturn-type]
   87 |   }
      |   ^
In file included from /home/osslab/mros2-wasm-service-communication-socket-journal/mros2/embeddedRTPS/src/discovery/TopicData.cpp:24:
In file included from /home/osslab/mros2-wasm-service-communication-socket-journal/mros2/embeddedRTPS/include/rtps/discovery/TopicData.h:34:
/home/osslab/mros2-wasm-service-communication-socket-journal/mros2/embeddedRTPS/include/rtps/common/Locator.h:87:3: warning: non-void function does not return a value in all control paths [-Wreturn-type]
   87 |   }
      |   ^
In file included from /home/osslab/mros2-wasm-service-communication-socket-journal/mros2/embeddedRTPS/src/messages/MessageReceiver.cpp:25:
In file included from /home/osslab/mros2-wasm-service-communication-socket-journal/mros2/embeddedRTPS/include/rtps/messages/MessageReceiver.h:30:
In file included from /home/osslab/mros2-wasm-service-communication-socket-journal/mros2/embeddedRTPS/include/rtps/discovery/BuiltInEndpoints.h:30:
In file included from /home/osslab/mros2-wasm-service-communication-socket-journal/mros2/embeddedRTPS/include/rtps/entities/StatelessWriter.h:31:
In file included from /home/osslab/mros2-wasm-service-communication-socket-journal/mros2/embeddedRTPS/include/rtps/entities/Writer.h:28:
In file included from /home/osslab/mros2-wasm-service-communication-socket-journal/mros2/embeddedRTPS/include/rtps/ThreadPool.h:33:
In file included from /home/osslab/mros2-wasm-service-communication-socket-journal/mros2/embeddedRTPS/include/rtps/storages/ThreadSafeCircularBuffer.h:71:
In file included from /home/osslab/mros2-wasm-service-communication-socket-journal/mros2/embeddedRTPS/include/rtps/storages/ThreadSafeCircularBuffer.tpp:6:
/home/osslab/mros2-wasm-service-communication-socket-journal/mros2/embeddedRTPS/include/rtps/utils/Log.h:39:9: warning: 'PARTICIPANT_VERBOSE' macro redefined [-Wmacro-redefined]
   39 | #define PARTICIPANT_VERBOSE 1
      |         ^
/home/osslab/mros2-wasm-service-communication-socket-journal/mros2/embeddedRTPS/include/rtps/utils/Log.h:38:9: note: previous definition is here
   38 | #define PARTICIPANT_VERBOSE 0
      |         ^
1 warning generated.
[ 74%] Building CXX object CMakeFiles/MODULE_echoback_string.dir/mros2/embeddedRTPS/src/discovery/ParticipantProxyData.cpp.obj
/home/osslab/mros2-wasm-service-communication-socket-journal/mros2/src/mros2.cpp:282:17: warning: anonymous non-C-compatible type given name for linkage purposes by typedef declaration; add a tag name here [-Wnon-c-typedef-for-linkage]
  282 |   typedef struct
      |                 ^
      |                  SubscribeDataType
/home/osslab/mros2-wasm-service-communication-socket-journal/mros2/src/mros2.cpp:290:34: note: type is not C-compatible due to this default member initializer
  290 |     bool service_response_only = false;
      |                                  ^~~~~
/home/osslab/mros2-wasm-service-communication-socket-journal/mros2/src/mros2.cpp:292:5: note: type is given name 'SubscribeDataType' for linkage purposes by this typedef declaration
  292 |   } SubscribeDataType;
      |     ^
2 warnings generated.
[ 76%] Building CXX object CMakeFiles/MODULE_echoback_string.dir/mros2/embeddedRTPS/src/discovery/SEDPAgent.cpp.obj
/home/osslab/mros2-wasm-service-communication-socket-journal/mros2/src/mros2.cpp:1017:95: warning: format specifies type 'unsigned long' but the argument has type 'int32_t' (aka 'int') [-Wformat]
 1017 |     MROS2_DEBUG("[MROS2LIB] message get [callback_handler] msg_sn_high: %lx msg_sn_low: %lx", cacheChange.sn.high, cacheChange.sn.low);
      |                                                                         ~~~                   ^~~~~~~~~~~~~~~~~~~
      |                                                                         %x
/home/osslab/mros2-wasm-service-communication-socket-journal/mros2/include/mros2/logging.h:30:44: note: expanded from macro 'MROS2_DEBUG'
   30 | #define MROS2_DEBUG(...)  CMSIS_IMPL_DEBUG(__VA_ARGS__)
      |                                            ^~~~~~~~~~~
/home/osslab/mros2-wasm-service-communication-socket-journal/cmsis-wasm/public/include/cmsis_impl_logger.h:24:51: note: expanded from macro 'CMSIS_IMPL_DEBUG'
   24 | #define CMSIS_IMPL_DEBUG(...)           syslog(LOG_DEBUG, __VA_ARGS__)
      |                                                           ^~~~~~~~~~~
/home/osslab/mros2-wasm-service-communication-socket-journal/cmsis-wasm/public/include/cmsis_impl_logger.h:13:10: note: expanded from macro 'syslog'
   13 |                 printf(__VA_ARGS__);    \
      |                        ^~~~~~~~~~~
/home/osslab/mros2-wasm-service-communication-socket-journal/workspace/echoback_string/templates.hpp:11:34: note: in instantiation of function template specialization 'mros2::Subscriber::callback_handler<std_msgs::msg::String>' requested here
   11 | template void mros2::Subscriber::callback_handler<std_msgs::msg::String>(void *callee, const rtps::ReaderCacheChange &cacheChange);
      |                                  ^
/home/osslab/mros2-wasm-service-communication-socket-journal/mros2/src/mros2.cpp:1017:116: warning: format specifies type 'unsigned long' but the argument has type 'uint32_t' (aka 'unsigned int') [-Wformat]
 1017 |     MROS2_DEBUG("[MROS2LIB] message get [callback_handler] msg_sn_high: %lx msg_sn_low: %lx", cacheChange.sn.high, cacheChange.sn.low);
      |                                                                                         ~~~                        ^~~~~~~~~~~~~~~~~~
      |                                                                                         %x
/home/osslab/mros2-wasm-service-communication-socket-journal/mros2/include/mros2/logging.h:30:44: note: expanded from macro 'MROS2_DEBUG'
   30 | #define MROS2_DEBUG(...)  CMSIS_IMPL_DEBUG(__VA_ARGS__)
      |                                            ^~~~~~~~~~~
/home/osslab/mros2-wasm-service-communication-socket-journal/cmsis-wasm/public/include/cmsis_impl_logger.h:24:51: note: expanded from macro 'CMSIS_IMPL_DEBUG'
   24 | #define CMSIS_IMPL_DEBUG(...)           syslog(LOG_DEBUG, __VA_ARGS__)
      |                                                           ^~~~~~~~~~~
/home/osslab/mros2-wasm-service-communication-socket-journal/cmsis-wasm/public/include/cmsis_impl_logger.h:13:10: note: expanded from macro 'syslog'
   13 |                 printf(__VA_ARGS__);    \
      |                        ^~~~~~~~~~~
/home/osslab/mros2-wasm-service-communication-socket-journal/mros2/src/mros2.cpp:1141:10: fatal error: 'templates-service.hpp' file not found
 1141 | #include "templates-service.hpp"
      |          ^~~~~~~~~~~~~~~~~~~~~~~
5 warnings and 1 error generated.
gmake[3]: *** [CMakeFiles/MODULE_echoback_string.dir/build.make:93: CMakeFiles/MODULE_echoback_string.dir/mros2/src/mros2.cpp.obj] Error 1
gmake[3]: *** Waiting for unfinished jobs....
In file included from /home/osslab/mros2-wasm-service-communication-socket-journal/mros2/embeddedRTPS/src/discovery/ParticipantProxyData.cpp:25:
In file included from /home/osslab/mros2-wasm-service-communication-socket-journal/mros2/embeddedRTPS/include/rtps/discovery/SPDPAgent.h:31:
In file included from /home/osslab/mros2-wasm-service-communication-socket-journal/mros2/embeddedRTPS/include/rtps/discovery/BuiltInEndpoints.h:28:
In file included from /home/osslab/mros2-wasm-service-communication-socket-journal/mros2/embeddedRTPS/include/rtps/entities/StatefulReader.h:31:
In file included from /home/osslab/mros2-wasm-service-communication-socket-journal/mros2/embeddedRTPS/include/rtps/entities/Reader.h:30:
In file included from /home/osslab/mros2-wasm-service-communication-socket-journal/mros2/embeddedRTPS/include/rtps/discovery/TopicData.h:34:
/home/osslab/mros2-wasm-service-communication-socket-journal/mros2/embeddedRTPS/include/rtps/common/Locator.h:87:3: warning: non-void function does not return a value in all control paths [-Wreturn-type]
   87 |   }
      |   ^
2 warnings generated.
In file included from /home/osslab/mros2-wasm-service-communication-socket-journal/mros2/embeddedRTPS/src/discovery/ParticipantProxyData.cpp:25:
In file included from /home/osslab/mros2-wasm-service-communication-socket-journal/mros2/embeddedRTPS/include/rtps/discovery/SPDPAgent.h:31:
In file included from /home/osslab/mros2-wasm-service-communication-socket-journal/mros2/embeddedRTPS/include/rtps/discovery/BuiltInEndpoints.h:30:
In file included from /home/osslab/mros2-wasm-service-communication-socket-journal/mros2/embeddedRTPS/include/rtps/entities/StatelessWriter.h:31:
In file included from /home/osslab/mros2-wasm-service-communication-socket-journal/mros2/embeddedRTPS/include/rtps/entities/Writer.h:28:
In file included from /home/osslab/mros2-wasm-service-communication-socket-journal/mros2/embeddedRTPS/include/rtps/ThreadPool.h:33:
In file included from /home/osslab/mros2-wasm-service-communication-socket-journal/mros2/embeddedRTPS/include/rtps/storages/ThreadSafeCircularBuffer.h:71:
In file included from /home/osslab/mros2-wasm-service-communication-socket-journal/mros2/embeddedRTPS/include/rtps/storages/ThreadSafeCircularBuffer.tpp:6:
/home/osslab/mros2-wasm-service-communication-socket-journal/mros2/embeddedRTPS/include/rtps/utils/Log.h:39:9: warning: 'PARTICIPANT_VERBOSE' macro redefined [-Wmacro-redefined]
   39 | #define PARTICIPANT_VERBOSE 1
      |         ^
/home/osslab/mros2-wasm-service-communication-socket-journal/mros2/embeddedRTPS/include/rtps/utils/Log.h:38:9: note: previous definition is here
   38 | #define PARTICIPANT_VERBOSE 0
      |         ^
In file included from /home/osslab/mros2-wasm-service-communication-socket-journal/mros2/embeddedRTPS/src/discovery/SEDPAgent.cpp:25:
In file included from /home/osslab/mros2-wasm-service-communication-socket-journal/mros2/embeddedRTPS/include/rtps/discovery/SEDPAgent.h:28:
In file included from /home/osslab/mros2-wasm-service-communication-socket-journal/mros2/embeddedRTPS/include/rtps/discovery/BuiltInEndpoints.h:28:
In file included from /home/osslab/mros2-wasm-service-communication-socket-journal/mros2/embeddedRTPS/include/rtps/entities/StatefulReader.h:31:
In file included from /home/osslab/mros2-wasm-service-communication-socket-journal/mros2/embeddedRTPS/include/rtps/entities/Reader.h:30:
In file included from /home/osslab/mros2-wasm-service-communication-socket-journal/mros2/embeddedRTPS/include/rtps/discovery/TopicData.h:34:
/home/osslab/mros2-wasm-service-communication-socket-journal/mros2/embeddedRTPS/include/rtps/common/Locator.h:87:3: warning: non-void function does not return a value in all control paths [-Wreturn-type]
   87 |   }
      |   ^
In file included from /home/osslab/mros2-wasm-service-communication-socket-journal/mros2/embeddedRTPS/src/discovery/SEDPAgent.cpp:25:
In file included from /home/osslab/mros2-wasm-service-communication-socket-journal/mros2/embeddedRTPS/include/rtps/discovery/SEDPAgent.h:28:
In file included from /home/osslab/mros2-wasm-service-communication-socket-journal/mros2/embeddedRTPS/include/rtps/discovery/BuiltInEndpoints.h:30:
In file included from /home/osslab/mros2-wasm-service-communication-socket-journal/mros2/embeddedRTPS/include/rtps/entities/StatelessWriter.h:31:
In file included from /home/osslab/mros2-wasm-service-communication-socket-journal/mros2/embeddedRTPS/include/rtps/entities/Writer.h:28:
In file included from /home/osslab/mros2-wasm-service-communication-socket-journal/mros2/embeddedRTPS/include/rtps/ThreadPool.h:33:
In file included from /home/osslab/mros2-wasm-service-communication-socket-journal/mros2/embeddedRTPS/include/rtps/storages/ThreadSafeCircularBuffer.h:71:
In file included from /home/osslab/mros2-wasm-service-communication-socket-journal/mros2/embeddedRTPS/include/rtps/storages/ThreadSafeCircularBuffer.tpp:6:
/home/osslab/mros2-wasm-service-communication-socket-journal/mros2/embeddedRTPS/include/rtps/utils/Log.h:39:9: warning: 'PARTICIPANT_VERBOSE' macro redefined [-Wmacro-redefined]
   39 | #define PARTICIPANT_VERBOSE 1
      |         ^
/home/osslab/mros2-wasm-service-communication-socket-journal/mros2/embeddedRTPS/include/rtps/utils/Log.h:38:9: note: previous definition is here
   38 | #define PARTICIPANT_VERBOSE 0
      |         ^
2 warnings generated.
2 warnings generated.
gmake[2]: *** [CMakeFiles/Makefile2:179: CMakeFiles/MODULE_echoback_string.dir/all] Error 2
gmake[1]: *** [CMakeFiles/Makefile2:186: CMakeFiles/MODULE_echoback_string.dir/rule] Error 2
gmake: *** [Makefile:169: MODULE_echoback_string] Error 2
CMake Deprecation Warning at CMakeLists.txt:2 (cmake_minimum_required):
  Compatibility with CMake < 3.10 will be removed from a future version of
  CMake.

  Update the VERSION argument <min> value.  Or, use the <min>...<max> syntax
  to tell CMake that the project requires at least <min> but has been updated
  to work with policies introduced by <max> or earlier.


CMake Deprecation Warning at /opt/wasi-sdk-21/share/cmake/wasi-sdk-pthread.cmake:4 (cmake_minimum_required):
  Compatibility with CMake < 3.10 will be removed from a future version of
  CMake.

  Update the VERSION argument <min> value.  Or, use the <min>...<max> syntax
  to tell CMake that the project requires at least <min> but has been updated
  to work with policies introduced by <max> or earlier.
Call Stack (most recent call first):
  /tmp/mros2-wasm-cr-rerun-20260927/wasm-build/CMakeFiles/3.31.10/CMakeSystem.cmake:6 (include)
  CMakeLists.txt:16 (project)


-- WAMR_ROOT=/home/osslab/mros2-wasm-service-communication-socket-journal/third_party/wamr
-- CARTOGRAPHER_ROOT=/home/osslab/mros2-wasm-service-communication-socket-journal/third_party/cartographer
-- CARTOGRAPHER_LIBRARY_ROOT=/home/osslab/mros2-wasm-service-communication-socket-journal/third_party/cartographer-library
-- ZLIB_LIBRARY=/home/osslab/mros2-wasm-service-communication-socket-journal/cmake_build/zlib-wasi/libz.a
-- CMAKE_APPNAME=echoback_string
CMake Deprecation Warning at cmsis-wasm/CMakeLists.txt:2 (cmake_minimum_required):
  Compatibility with CMake < 3.10 will be removed from a future version of
  CMake.

  Update the VERSION argument <min> value.  Or, use the <min>...<max> syntax
  to tell CMake that the project requires at least <min> but has been updated
  to work with policies introduced by <max> or earlier.


-- BUILD_TYPE debug
-- GCOV disabled
CMake Deprecation Warning at cmsis-wasm/src/CMakeLists.txt:1 (cmake_minimum_required):
  Compatibility with CMake < 3.10 will be removed from a future version of
  CMake.

  Update the VERSION argument <min> value.  Or, use the <min>...<max> syntax
  to tell CMake that the project requires at least <min> but has been updated
  to work with policies introduced by <max> or earlier.


-- cmsis_DIR=/home/osslab/mros2-wasm-service-communication-socket-journal/cmsis-wasm/public
CMake Deprecation Warning at lwip-wasm/CMakeLists.txt:2 (cmake_minimum_required):
  Compatibility with CMake < 3.10 will be removed from a future version of
  CMake.

  Update the VERSION argument <min> value.  Or, use the <min>...<max> syntax
  to tell CMake that the project requires at least <min> but has been updated
  to work with policies introduced by <max> or earlier.


-- cmsis_DIR=/home/osslab/mros2-wasm-service-communication-socket-journal/lwip-wasm/../cmsis-wasm/public
-- BUILD_TYPE debug
-- LWIP_DIR /home/osslab/mros2-wasm-service-communication-socket-journal/lwip-wasm
-- LWIP_CORE_DIR /home/osslab/mros2-wasm-service-communication-socket-journal/lwip-wasm/lwip
-- WAMR_SOCKET_CMAKE /home/osslab/mros2-wasm-service-communication-socket-journal/third_party/wamr/core/iwasm/libraries/lib-socket/lib_socket_wasi.cmake
-- lwip_DIR=/home/osslab/mros2-wasm-service-communication-socket-journal/lwip-wasm/public
-- mros2_DIR=/home/osslab/mros2-wasm-service-communication-socket-journal/mros2
-- apl_SRCS is : /home/osslab/mros2-wasm-service-communication-socket-journal/workspace/echoback_string/app.cpp
-- Configuring done (0.0s)
-- Generating done (0.0s)
-- Build files have been written to: /tmp/mros2-wasm-cr-rerun-20260927/wasm-build
[  2%] Building C object lwip-wasm/CMakeFiles/socket_wasi_ext.dir/__/third_party/wamr/core/iwasm/libraries/lib-socket/src/wasi/wasi_socket_ext.c.obj
[  4%] Building C object cmsis-wasm/src/CMakeFiles/cmsis.dir/api/cmsis_generic.c.obj
[  6%] Building C object cmsis-wasm/src/CMakeFiles/cmsis.dir/api/cmsis_message_queue.c.obj
[  8%] Building C object cmsis-wasm/src/CMakeFiles/cmsis.dir/api/cmsis_kernel.c.obj
[ 10%] Building C object cmsis-wasm/src/CMakeFiles/cmsis.dir/api/cmsis_mutexes.c.obj
[ 12%] Building C object cmsis-wasm/src/CMakeFiles/cmsis.dir/api/cmsis_semaphores.c.obj
[ 14%] Building C object cmsis-wasm/src/CMakeFiles/cmsis.dir/api/cmsis_thread.c.obj
[ 16%] Building C object cmsis-wasm/src/CMakeFiles/cmsis.dir/core/cmsis_wasm_memory.c.obj
[ 18%] Building C object cmsis-wasm/src/CMakeFiles/cmsis.dir/core/cmsis_wasm_message_queue.c.obj
[ 20%] Building C object cmsis-wasm/src/CMakeFiles/cmsis.dir/core/cmsis_wasm_queue.c.obj
[ 22%] Linking C static library libsocket_wasi_ext.a
[ 24%] Building C object cmsis-wasm/src/CMakeFiles/cmsis.dir/core/cmsis_wasm_thread_sync.c.obj
[ 24%] Built target socket_wasi_ext
[ 26%] Building C object cmsis-wasm/src/CMakeFiles/cmsis.dir/core/cmsis_wasm_time.c.obj
[ 28%] Building C object cmsis-wasm/src/CMakeFiles/cmsis.dir/core/wasm.c.obj
[ 30%] Building C object lwip-wasm/CMakeFiles/lwip.dir/src/netif/netif_wasm.c.obj
[ 32%] Building C object lwip-wasm/CMakeFiles/lwip.dir/src/core/lwip.c.obj
[ 34%] Building C object lwip-wasm/CMakeFiles/lwip.dir/src/core/igmp.c.obj
[ 36%] Linking C static library libcmsis.a
[ 36%] Built target cmsis
[ 38%] Building C object lwip-wasm/CMakeFiles/lwip.dir/src/core/udp.c.obj
[ 40%] Building C object lwip-wasm/CMakeFiles/lwip.dir/src/core/sys_utils.c.obj
[ 42%] Building C object lwip-wasm/CMakeFiles/lwip.dir/src/core/udp_multicast.c.obj
[ 44%] Building C object lwip-wasm/CMakeFiles/lwip.dir/src/core/udp_multicast_manager.c.obj
[ 46%] Building C object lwip-wasm/CMakeFiles/lwip.dir/Third_Party/STM32CubeF7/Middlewares/Third_Party/LwIP/system/OS/sys_arch.c.obj
/home/osslab/mros2-wasm-service-communication-socket-journal/lwip-wasm/src/core/udp_multicast.c:89:53: warning: format specifies type 'int' but the argument has type 'unsigned long' [-Wformat]
   89 |   printf("set TTL: ttl=%d, optlen=%d\n", info->ttl, sizeof(info->ttl));
      |                                   ~~                ^~~~~~~~~~~~~~~~~
      |                                   %lu
/home/osslab/mros2-wasm-service-communication-socket-journal/lwip-wasm/src/core/udp_multicast.c:68:13: warning: variable 'ipaddr' set but not used [-Wunused-but-set-variable]
   68 |   in_addr_t ipaddr;
      |             ^
[ 48%] Building C object lwip-wasm/CMakeFiles/lwip.dir/lwip/src/core/ipv4/ip4_addr.c.obj
2 warnings generated.
[ 50%] Building C object lwip-wasm/CMakeFiles/lwip.dir/lwip/src/core/pbuf.c.obj
[ 52%] Building C object lwip-wasm/CMakeFiles/lwip.dir/lwip/src/core/mem.c.obj
[ 54%] Building C object lwip-wasm/CMakeFiles/lwip.dir/lwip/src/core/memp.c.obj
[ 56%] Building C object lwip-wasm/CMakeFiles/lwip.dir/lwip/src/core/stats.c.obj
[ 58%] Building C object lwip-wasm/CMakeFiles/lwip.dir/lwip/src/core/sys.c.obj
[ 60%] Linking C static library liblwip.a
[ 60%] Built target lwip
[ 62%] Building CXX object CMakeFiles/MODULE_echoback_string.dir/mros2/src/mros2.cpp.obj
[ 64%] Building CXX object CMakeFiles/MODULE_echoback_string.dir/mros2/embeddedRTPS/src/communication/UdpDriver.cpp.obj
[ 66%] Building CXX object CMakeFiles/MODULE_echoback_string.dir/workspace/echoback_string/app.cpp.obj
[ 68%] Building CXX object CMakeFiles/MODULE_echoback_string.dir/mros2/embeddedRTPS/src/messages/MessageTypes.cpp.obj
In file included from /home/osslab/mros2-wasm-service-communication-socket-journal/mros2/embeddedRTPS/src/communication/UdpDriver.cpp:28:
/home/osslab/mros2-wasm-service-communication-socket-journal/mros2/embeddedRTPS/include/rtps/utils/Log.h:39:9: warning: 'PARTICIPANT_VERBOSE' macro redefined [-Wmacro-redefined]
   39 | #define PARTICIPANT_VERBOSE 1
      |         ^
/home/osslab/mros2-wasm-service-communication-socket-journal/mros2/embeddedRTPS/include/rtps/utils/Log.h:38:9: note: previous definition is here
   38 | #define PARTICIPANT_VERBOSE 0
      |         ^
1 warning generated.
[ 70%] Building CXX object CMakeFiles/MODULE_echoback_string.dir/mros2/embeddedRTPS/src/messages/MessageReceiver.cpp.obj
[ 72%] Building CXX object CMakeFiles/MODULE_echoback_string.dir/mros2/embeddedRTPS/src/discovery/TopicData.cpp.obj
In file included from /home/osslab/mros2-wasm-service-communication-socket-journal/workspace/echoback_string/app.cpp:1:
In file included from /home/osslab/mros2-wasm-service-communication-socket-journal/mros2/include/mros2.h:5:
In file included from /home/osslab/mros2-wasm-service-communication-socket-journal/mros2/embeddedRTPS/include/rtps/rtps.h:28:
In file included from /home/osslab/mros2-wasm-service-communication-socket-journal/mros2/embeddedRTPS/include/rtps/entities/Domain.h:28:
In file included from /home/osslab/mros2-wasm-service-communication-socket-journal/mros2/embeddedRTPS/include/rtps/ThreadPool.h:33:
In file included from /home/osslab/mros2-wasm-service-communication-socket-journal/mros2/embeddedRTPS/include/rtps/storages/ThreadSafeCircularBuffer.h:71:
In file included from /home/osslab/mros2-wasm-service-communication-socket-journal/mros2/embeddedRTPS/include/rtps/storages/ThreadSafeCircularBuffer.tpp:6:
/home/osslab/mros2-wasm-service-communication-socket-journal/mros2/embeddedRTPS/include/rtps/utils/Log.h:39:9: warning: 'PARTICIPANT_VERBOSE' macro redefined [-Wmacro-redefined]
   39 | #define PARTICIPANT_VERBOSE 1
      |         ^
/home/osslab/mros2-wasm-service-communication-socket-journal/mros2/embeddedRTPS/include/rtps/utils/Log.h:38:9: note: previous definition is here
   38 | #define PARTICIPANT_VERBOSE 0
      |         ^
In file included from /home/osslab/mros2-wasm-service-communication-socket-journal/mros2/src/mros2.cpp:1:
In file included from /home/osslab/mros2-wasm-service-communication-socket-journal/mros2/include/mros2.h:5:
In file included from /home/osslab/mros2-wasm-service-communication-socket-journal/mros2/embeddedRTPS/include/rtps/rtps.h:28:
In file included from /home/osslab/mros2-wasm-service-communication-socket-journal/mros2/embeddedRTPS/include/rtps/entities/Domain.h:28:
In file included from /home/osslab/mros2-wasm-service-communication-socket-journal/mros2/embeddedRTPS/include/rtps/ThreadPool.h:33:
In file included from /home/osslab/mros2-wasm-service-communication-socket-journal/mros2/embeddedRTPS/include/rtps/storages/ThreadSafeCircularBuffer.h:71:
In file included from /home/osslab/mros2-wasm-service-communication-socket-journal/mros2/embeddedRTPS/include/rtps/storages/ThreadSafeCircularBuffer.tpp:6:
/home/osslab/mros2-wasm-service-communication-socket-journal/mros2/embeddedRTPS/include/rtps/utils/Log.h:39:9: warning: 'PARTICIPANT_VERBOSE' macro redefined [-Wmacro-redefined]
   39 | #define PARTICIPANT_VERBOSE 1
      |         ^
/home/osslab/mros2-wasm-service-communication-socket-journal/mros2/embeddedRTPS/include/rtps/utils/Log.h:38:9: note: previous definition is here
   38 | #define PARTICIPANT_VERBOSE 0
      |         ^
In file included from /home/osslab/mros2-wasm-service-communication-socket-journal/workspace/echoback_string/app.cpp:1:
In file included from /home/osslab/mros2-wasm-service-communication-socket-journal/mros2/include/mros2.h:5:
In file included from /home/osslab/mros2-wasm-service-communication-socket-journal/mros2/embeddedRTPS/include/rtps/rtps.h:28:
In file included from /home/osslab/mros2-wasm-service-communication-socket-journal/mros2/embeddedRTPS/include/rtps/entities/Domain.h:30:
In file included from /home/osslab/mros2-wasm-service-communication-socket-journal/mros2/embeddedRTPS/include/rtps/entities/Participant.h:30:
In file included from /home/osslab/mros2-wasm-service-communication-socket-journal/mros2/embeddedRTPS/include/rtps/discovery/SEDPAgent.h:28:
In file included from /home/osslab/mros2-wasm-service-communication-socket-journal/mros2/embeddedRTPS/include/rtps/discovery/BuiltInEndpoints.h:28:
In file included from /home/osslab/mros2-wasm-service-communication-socket-journal/mros2/embeddedRTPS/include/rtps/entities/StatefulReader.h:31:
In file included from /home/osslab/mros2-wasm-service-communication-socket-journal/mros2/embeddedRTPS/include/rtps/entities/Reader.h:30:
In file included from /home/osslab/mros2-wasm-service-communication-socket-journal/mros2/embeddedRTPS/include/rtps/discovery/TopicData.h:34:
/home/osslab/mros2-wasm-service-communication-socket-journal/mros2/embeddedRTPS/include/rtps/common/Locator.h:87:3: warning: non-void function does not return a value in all control paths [-Wreturn-type]
   87 |   }
      |   ^
In file included from /home/osslab/mros2-wasm-service-communication-socket-journal/mros2/src/mros2.cpp:1:
In file included from /home/osslab/mros2-wasm-service-communication-socket-journal/mros2/include/mros2.h:5:
In file included from /home/osslab/mros2-wasm-service-communication-socket-journal/mros2/embeddedRTPS/include/rtps/rtps.h:28:
In file included from /home/osslab/mros2-wasm-service-communication-socket-journal/mros2/embeddedRTPS/include/rtps/entities/Domain.h:30:
In file included from /home/osslab/mros2-wasm-service-communication-socket-journal/mros2/embeddedRTPS/include/rtps/entities/Participant.h:30:
In file included from /home/osslab/mros2-wasm-service-communication-socket-journal/mros2/embeddedRTPS/include/rtps/discovery/SEDPAgent.h:28:
In file included from /home/osslab/mros2-wasm-service-communication-socket-journal/mros2/embeddedRTPS/include/rtps/discovery/BuiltInEndpoints.h:28:
In file included from /home/osslab/mros2-wasm-service-communication-socket-journal/mros2/embeddedRTPS/include/rtps/entities/StatefulReader.h:31:
In file included from /home/osslab/mros2-wasm-service-communication-socket-journal/mros2/embeddedRTPS/include/rtps/entities/Reader.h:30:
In file included from /home/osslab/mros2-wasm-service-communication-socket-journal/mros2/embeddedRTPS/include/rtps/discovery/TopicData.h:34:
/home/osslab/mros2-wasm-service-communication-socket-journal/mros2/embeddedRTPS/include/rtps/common/Locator.h:87:3: warning: non-void function does not return a value in all control paths [-Wreturn-type]
   87 |   }
      |   ^
In file included from /home/osslab/mros2-wasm-service-communication-socket-journal/mros2/embeddedRTPS/src/messages/MessageReceiver.cpp:25:
In file included from /home/osslab/mros2-wasm-service-communication-socket-journal/mros2/embeddedRTPS/include/rtps/messages/MessageReceiver.h:30:
In file included from /home/osslab/mros2-wasm-service-communication-socket-journal/mros2/embeddedRTPS/include/rtps/discovery/BuiltInEndpoints.h:28:
In file included from /home/osslab/mros2-wasm-service-communication-socket-journal/mros2/embeddedRTPS/include/rtps/entities/StatefulReader.h:31:
In file included from /home/osslab/mros2-wasm-service-communication-socket-journal/mros2/embeddedRTPS/include/rtps/entities/Reader.h:30:
In file included from /home/osslab/mros2-wasm-service-communication-socket-journal/mros2/embeddedRTPS/include/rtps/discovery/TopicData.h:34:
/home/osslab/mros2-wasm-service-communication-socket-journal/mros2/embeddedRTPS/include/rtps/common/Locator.h:87:3: warning: non-void function does not return a value in all control paths [-Wreturn-type]
   87 |   }
      |   ^
In file included from /home/osslab/mros2-wasm-service-communication-socket-journal/mros2/embeddedRTPS/src/discovery/TopicData.cpp:24:
In file included from /home/osslab/mros2-wasm-service-communication-socket-journal/mros2/embeddedRTPS/include/rtps/discovery/TopicData.h:34:
/home/osslab/mros2-wasm-service-communication-socket-journal/mros2/embeddedRTPS/include/rtps/common/Locator.h:87:3: warning: non-void function does not return a value in all control paths [-Wreturn-type]
   87 |   }
      |   ^
In file included from /home/osslab/mros2-wasm-service-communication-socket-journal/mros2/embeddedRTPS/src/messages/MessageReceiver.cpp:25:
In file included from /home/osslab/mros2-wasm-service-communication-socket-journal/mros2/embeddedRTPS/include/rtps/messages/MessageReceiver.h:30:
In file included from /home/osslab/mros2-wasm-service-communication-socket-journal/mros2/embeddedRTPS/include/rtps/discovery/BuiltInEndpoints.h:30:
In file included from /home/osslab/mros2-wasm-service-communication-socket-journal/mros2/embeddedRTPS/include/rtps/entities/StatelessWriter.h:31:
In file included from /home/osslab/mros2-wasm-service-communication-socket-journal/mros2/embeddedRTPS/include/rtps/entities/Writer.h:28:
In file included from /home/osslab/mros2-wasm-service-communication-socket-journal/mros2/embeddedRTPS/include/rtps/ThreadPool.h:33:
In file included from /home/osslab/mros2-wasm-service-communication-socket-journal/mros2/embeddedRTPS/include/rtps/storages/ThreadSafeCircularBuffer.h:71:
In file included from /home/osslab/mros2-wasm-service-communication-socket-journal/mros2/embeddedRTPS/include/rtps/storages/ThreadSafeCircularBuffer.tpp:6:
/home/osslab/mros2-wasm-service-communication-socket-journal/mros2/embeddedRTPS/include/rtps/utils/Log.h:39:9: warning: 'PARTICIPANT_VERBOSE' macro redefined [-Wmacro-redefined]
   39 | #define PARTICIPANT_VERBOSE 1
      |         ^
/home/osslab/mros2-wasm-service-communication-socket-journal/mros2/embeddedRTPS/include/rtps/utils/Log.h:38:9: note: previous definition is here
   38 | #define PARTICIPANT_VERBOSE 0
      |         ^
1 warning generated.
[ 74%] Building CXX object CMakeFiles/MODULE_echoback_string.dir/mros2/embeddedRTPS/src/discovery/ParticipantProxyData.cpp.obj
/home/osslab/mros2-wasm-service-communication-socket-journal/mros2/src/mros2.cpp:282:17: warning: anonymous non-C-compatible type given name for linkage purposes by typedef declaration; add a tag name here [-Wnon-c-typedef-for-linkage]
  282 |   typedef struct
      |                 ^
      |                  SubscribeDataType
/home/osslab/mros2-wasm-service-communication-socket-journal/mros2/src/mros2.cpp:290:34: note: type is not C-compatible due to this default member initializer
  290 |     bool service_response_only = false;
      |                                  ^~~~~
/home/osslab/mros2-wasm-service-communication-socket-journal/mros2/src/mros2.cpp:292:5: note: type is given name 'SubscribeDataType' for linkage purposes by this typedef declaration
  292 |   } SubscribeDataType;
      |     ^
2 warnings generated.
[ 76%] Building CXX object CMakeFiles/MODULE_echoback_string.dir/mros2/embeddedRTPS/src/discovery/SEDPAgent.cpp.obj
/home/osslab/mros2-wasm-service-communication-socket-journal/mros2/src/mros2.cpp:1017:95: warning: format specifies type 'unsigned long' but the argument has type 'int32_t' (aka 'int') [-Wformat]
 1017 |     MROS2_DEBUG("[MROS2LIB] message get [callback_handler] msg_sn_high: %lx msg_sn_low: %lx", cacheChange.sn.high, cacheChange.sn.low);
      |                                                                         ~~~                   ^~~~~~~~~~~~~~~~~~~
      |                                                                         %x
/home/osslab/mros2-wasm-service-communication-socket-journal/mros2/include/mros2/logging.h:30:44: note: expanded from macro 'MROS2_DEBUG'
   30 | #define MROS2_DEBUG(...)  CMSIS_IMPL_DEBUG(__VA_ARGS__)
      |                                            ^~~~~~~~~~~
/home/osslab/mros2-wasm-service-communication-socket-journal/cmsis-wasm/public/include/cmsis_impl_logger.h:24:51: note: expanded from macro 'CMSIS_IMPL_DEBUG'
   24 | #define CMSIS_IMPL_DEBUG(...)           syslog(LOG_DEBUG, __VA_ARGS__)
      |                                                           ^~~~~~~~~~~
/home/osslab/mros2-wasm-service-communication-socket-journal/cmsis-wasm/public/include/cmsis_impl_logger.h:13:10: note: expanded from macro 'syslog'
   13 |                 printf(__VA_ARGS__);    \
      |                        ^~~~~~~~~~~
/home/osslab/mros2-wasm-service-communication-socket-journal/workspace/echoback_string/templates.hpp:11:34: note: in instantiation of function template specialization 'mros2::Subscriber::callback_handler<std_msgs::msg::String>' requested here
   11 | template void mros2::Subscriber::callback_handler<std_msgs::msg::String>(void *callee, const rtps::ReaderCacheChange &cacheChange);
      |                                  ^
/home/osslab/mros2-wasm-service-communication-socket-journal/mros2/src/mros2.cpp:1017:116: warning: format specifies type 'unsigned long' but the argument has type 'uint32_t' (aka 'unsigned int') [-Wformat]
 1017 |     MROS2_DEBUG("[MROS2LIB] message get [callback_handler] msg_sn_high: %lx msg_sn_low: %lx", cacheChange.sn.high, cacheChange.sn.low);
      |                                                                                         ~~~                        ^~~~~~~~~~~~~~~~~~
      |                                                                                         %x
/home/osslab/mros2-wasm-service-communication-socket-journal/mros2/include/mros2/logging.h:30:44: note: expanded from macro 'MROS2_DEBUG'
   30 | #define MROS2_DEBUG(...)  CMSIS_IMPL_DEBUG(__VA_ARGS__)
      |                                            ^~~~~~~~~~~
/home/osslab/mros2-wasm-service-communication-socket-journal/cmsis-wasm/public/include/cmsis_impl_logger.h:24:51: note: expanded from macro 'CMSIS_IMPL_DEBUG'
   24 | #define CMSIS_IMPL_DEBUG(...)           syslog(LOG_DEBUG, __VA_ARGS__)
      |                                                           ^~~~~~~~~~~
/home/osslab/mros2-wasm-service-communication-socket-journal/cmsis-wasm/public/include/cmsis_impl_logger.h:13:10: note: expanded from macro 'syslog'
   13 |                 printf(__VA_ARGS__);    \
      |                        ^~~~~~~~~~~
In file included from /home/osslab/mros2-wasm-service-communication-socket-journal/mros2/embeddedRTPS/src/discovery/ParticipantProxyData.cpp:25:
In file included from /home/osslab/mros2-wasm-service-communication-socket-journal/mros2/embeddedRTPS/include/rtps/discovery/SPDPAgent.h:31:
In file included from /home/osslab/mros2-wasm-service-communication-socket-journal/mros2/embeddedRTPS/include/rtps/discovery/BuiltInEndpoints.h:28:
In file included from /home/osslab/mros2-wasm-service-communication-socket-journal/mros2/embeddedRTPS/include/rtps/entities/StatefulReader.h:31:
In file included from /home/osslab/mros2-wasm-service-communication-socket-journal/mros2/embeddedRTPS/include/rtps/entities/Reader.h:30:
In file included from /home/osslab/mros2-wasm-service-communication-socket-journal/mros2/embeddedRTPS/include/rtps/discovery/TopicData.h:34:
/home/osslab/mros2-wasm-service-communication-socket-journal/mros2/embeddedRTPS/include/rtps/common/Locator.h:87:3: warning: non-void function does not return a value in all control paths [-Wreturn-type]
   87 |   }
      |   ^
In file included from /home/osslab/mros2-wasm-service-communication-socket-journal/mros2/embeddedRTPS/src/discovery/ParticipantProxyData.cpp:25:
In file included from /home/osslab/mros2-wasm-service-communication-socket-journal/mros2/embeddedRTPS/include/rtps/discovery/SPDPAgent.h:31:
In file included from /home/osslab/mros2-wasm-service-communication-socket-journal/mros2/embeddedRTPS/include/rtps/discovery/BuiltInEndpoints.h:30:
In file included from /home/osslab/mros2-wasm-service-communication-socket-journal/mros2/embeddedRTPS/include/rtps/entities/StatelessWriter.h:31:
In file included from /home/osslab/mros2-wasm-service-communication-socket-journal/mros2/embeddedRTPS/include/rtps/entities/Writer.h:28:
In file included from /home/osslab/mros2-wasm-service-communication-socket-journal/mros2/embeddedRTPS/include/rtps/ThreadPool.h:33:
In file included from /home/osslab/mros2-wasm-service-communication-socket-journal/mros2/embeddedRTPS/include/rtps/storages/ThreadSafeCircularBuffer.h:71:
In file included from /home/osslab/mros2-wasm-service-communication-socket-journal/mros2/embeddedRTPS/include/rtps/storages/ThreadSafeCircularBuffer.tpp:6:
/home/osslab/mros2-wasm-service-communication-socket-journal/mros2/embeddedRTPS/include/rtps/utils/Log.h:39:9: warning: 'PARTICIPANT_VERBOSE' macro redefined [-Wmacro-redefined]
   39 | #define PARTICIPANT_VERBOSE 1
      |         ^
/home/osslab/mros2-wasm-service-communication-socket-journal/mros2/embeddedRTPS/include/rtps/utils/Log.h:38:9: note: previous definition is here
   38 | #define PARTICIPANT_VERBOSE 0
      |         ^
2 warnings generated.
[ 78%] Building CXX object CMakeFiles/MODULE_echoback_string.dir/mros2/embeddedRTPS/src/discovery/SPDPAgent.cpp.obj
5 warnings generated.
[ 80%] Building CXX object CMakeFiles/MODULE_echoback_string.dir/mros2/embeddedRTPS/src/storages/PBufWrapper.cpp.obj
In file included from /home/osslab/mros2-wasm-service-communication-socket-journal/mros2/embeddedRTPS/src/discovery/SEDPAgent.cpp:25:
In file included from /home/osslab/mros2-wasm-service-communication-socket-journal/mros2/embeddedRTPS/include/rtps/discovery/SEDPAgent.h:28:
In file included from /home/osslab/mros2-wasm-service-communication-socket-journal/mros2/embeddedRTPS/include/rtps/discovery/BuiltInEndpoints.h:28:
In file included from /home/osslab/mros2-wasm-service-communication-socket-journal/mros2/embeddedRTPS/include/rtps/entities/StatefulReader.h:31:
In file included from /home/osslab/mros2-wasm-service-communication-socket-journal/mros2/embeddedRTPS/include/rtps/entities/Reader.h:30:
In file included from /home/osslab/mros2-wasm-service-communication-socket-journal/mros2/embeddedRTPS/include/rtps/discovery/TopicData.h:34:
/home/osslab/mros2-wasm-service-communication-socket-journal/mros2/embeddedRTPS/include/rtps/common/Locator.h:87:3: warning: non-void function does not return a value in all control paths [-Wreturn-type]
   87 |   }
      |   ^
In file included from /home/osslab/mros2-wasm-service-communication-socket-journal/mros2/embeddedRTPS/src/discovery/SEDPAgent.cpp:25:
In file included from /home/osslab/mros2-wasm-service-communication-socket-journal/mros2/embeddedRTPS/include/rtps/discovery/SEDPAgent.h:28:
In file included from /home/osslab/mros2-wasm-service-communication-socket-journal/mros2/embeddedRTPS/include/rtps/discovery/BuiltInEndpoints.h:30:
In file included from /home/osslab/mros2-wasm-service-communication-socket-journal/mros2/embeddedRTPS/include/rtps/entities/StatelessWriter.h:31:
In file included from /home/osslab/mros2-wasm-service-communication-socket-journal/mros2/embeddedRTPS/include/rtps/entities/Writer.h:28:
In file included from /home/osslab/mros2-wasm-service-communication-socket-journal/mros2/embeddedRTPS/include/rtps/ThreadPool.h:33:
In file included from /home/osslab/mros2-wasm-service-communication-socket-journal/mros2/embeddedRTPS/include/rtps/storages/ThreadSafeCircularBuffer.h:71:
In file included from /home/osslab/mros2-wasm-service-communication-socket-journal/mros2/embeddedRTPS/include/rtps/storages/ThreadSafeCircularBuffer.tpp:6:
/home/osslab/mros2-wasm-service-communication-socket-journal/mros2/embeddedRTPS/include/rtps/utils/Log.h:39:9: warning: 'PARTICIPANT_VERBOSE' macro redefined [-Wmacro-redefined]
   39 | #define PARTICIPANT_VERBOSE 1
      |         ^
/home/osslab/mros2-wasm-service-communication-socket-journal/mros2/embeddedRTPS/include/rtps/utils/Log.h:38:9: note: previous definition is here
   38 | #define PARTICIPANT_VERBOSE 0
      |         ^
In file included from /home/osslab/mros2-wasm-service-communication-socket-journal/mros2/embeddedRTPS/src/discovery/SPDPAgent.cpp:25:
In file included from /home/osslab/mros2-wasm-service-communication-socket-journal/mros2/embeddedRTPS/include/rtps/discovery/SPDPAgent.h:31:
In file included from /home/osslab/mros2-wasm-service-communication-socket-journal/mros2/embeddedRTPS/include/rtps/discovery/BuiltInEndpoints.h:28:
In file included from /home/osslab/mros2-wasm-service-communication-socket-journal/mros2/embeddedRTPS/include/rtps/entities/StatefulReader.h:31:
In file included from /home/osslab/mros2-wasm-service-communication-socket-journal/mros2/embeddedRTPS/include/rtps/entities/Reader.h:30:
In file included from /home/osslab/mros2-wasm-service-communication-socket-journal/mros2/embeddedRTPS/include/rtps/discovery/TopicData.h:34:
/home/osslab/mros2-wasm-service-communication-socket-journal/mros2/embeddedRTPS/include/rtps/common/Locator.h:87:3: warning: non-void function does not return a value in all control paths [-Wreturn-type]
   87 |   }
      |   ^
In file included from /home/osslab/mros2-wasm-service-communication-socket-journal/mros2/embeddedRTPS/src/discovery/SPDPAgent.cpp:25:
In file included from /home/osslab/mros2-wasm-service-communication-socket-journal/mros2/embeddedRTPS/include/rtps/discovery/SPDPAgent.h:31:
In file included from /home/osslab/mros2-wasm-service-communication-socket-journal/mros2/embeddedRTPS/include/rtps/discovery/BuiltInEndpoints.h:30:
In file included from /home/osslab/mros2-wasm-service-communication-socket-journal/mros2/embeddedRTPS/include/rtps/entities/StatelessWriter.h:31:
In file included from /home/osslab/mros2-wasm-service-communication-socket-journal/mros2/embeddedRTPS/include/rtps/entities/Writer.h:28:
In file included from /home/osslab/mros2-wasm-service-communication-socket-journal/mros2/embeddedRTPS/include/rtps/ThreadPool.h:33:
In file included from /home/osslab/mros2-wasm-service-communication-socket-journal/mros2/embeddedRTPS/include/rtps/storages/ThreadSafeCircularBuffer.h:71:
In file included from /home/osslab/mros2-wasm-service-communication-socket-journal/mros2/embeddedRTPS/include/rtps/storages/ThreadSafeCircularBuffer.tpp:6:
/home/osslab/mros2-wasm-service-communication-socket-journal/mros2/embeddedRTPS/include/rtps/utils/Log.h:39:9: warning: 'PARTICIPANT_VERBOSE' macro redefined [-Wmacro-redefined]
   39 | #define PARTICIPANT_VERBOSE 1
      |         ^
/home/osslab/mros2-wasm-service-communication-socket-journal/mros2/embeddedRTPS/include/rtps/utils/Log.h:38:9: note: previous definition is here
   38 | #define PARTICIPANT_VERBOSE 0
      |         ^
2 warnings generated.
[ 82%] Building CXX object CMakeFiles/MODULE_echoback_string.dir/mros2/embeddedRTPS/src/ThreadPool.cpp.obj
In file included from /home/osslab/mros2-wasm-service-communication-socket-journal/mros2/embeddedRTPS/src/storages/PBufWrapper.cpp:26:
/home/osslab/mros2-wasm-service-communication-socket-journal/mros2/embeddedRTPS/include/rtps/utils/Log.h:39:9: warning: 'PARTICIPANT_VERBOSE' macro redefined [-Wmacro-redefined]
   39 | #define PARTICIPANT_VERBOSE 1
      |         ^
/home/osslab/mros2-wasm-service-communication-socket-journal/mros2/embeddedRTPS/include/rtps/utils/Log.h:38:9: note: previous definition is here
   38 | #define PARTICIPANT_VERBOSE 0
      |         ^
1 warning generated.
[ 84%] Building CXX object CMakeFiles/MODULE_echoback_string.dir/mros2/embeddedRTPS/src/entities/Participant.cpp.obj
2 warnings generated.
[ 86%] Building CXX object CMakeFiles/MODULE_echoback_string.dir/mros2/embeddedRTPS/src/entities/Domain.cpp.obj
In file included from /home/osslab/mros2-wasm-service-communication-socket-journal/mros2/embeddedRTPS/src/ThreadPool.cpp:25:
In file included from /home/osslab/mros2-wasm-service-communication-socket-journal/mros2/embeddedRTPS/include/rtps/ThreadPool.h:33:
In file included from /home/osslab/mros2-wasm-service-communication-socket-journal/mros2/embeddedRTPS/include/rtps/storages/ThreadSafeCircularBuffer.h:71:
In file included from /home/osslab/mros2-wasm-service-communication-socket-journal/mros2/embeddedRTPS/include/rtps/storages/ThreadSafeCircularBuffer.tpp:6:
/home/osslab/mros2-wasm-service-communication-socket-journal/mros2/embeddedRTPS/include/rtps/utils/Log.h:39:9: warning: 'PARTICIPANT_VERBOSE' macro redefined [-Wmacro-redefined]
   39 | #define PARTICIPANT_VERBOSE 1
      |         ^
/home/osslab/mros2-wasm-service-communication-socket-journal/mros2/embeddedRTPS/include/rtps/utils/Log.h:38:9: note: previous definition is here
   38 | #define PARTICIPANT_VERBOSE 0
      |         ^
In file included from /home/osslab/mros2-wasm-service-communication-socket-journal/mros2/embeddedRTPS/src/ThreadPool.cpp:28:
In file included from /home/osslab/mros2-wasm-service-communication-socket-journal/mros2/embeddedRTPS/include/rtps/entities/Writer.h:29:
In file included from /home/osslab/mros2-wasm-service-communication-socket-journal/mros2/embeddedRTPS/include/rtps/discovery/TopicData.h:34:
/home/osslab/mros2-wasm-service-communication-socket-journal/mros2/embeddedRTPS/include/rtps/common/Locator.h:87:3: warning: non-void function does not return a value in all control paths [-Wreturn-type]
   87 |   }
      |   ^
In file included from /home/osslab/mros2-wasm-service-communication-socket-journal/mros2/embeddedRTPS/src/entities/Participant.cpp:25:
In file included from /home/osslab/mros2-wasm-service-communication-socket-journal/mros2/embeddedRTPS/include/rtps/entities/Participant.h:30:
In file included from /home/osslab/mros2-wasm-service-communication-socket-journal/mros2/embeddedRTPS/include/rtps/discovery/SEDPAgent.h:28:
In file included from /home/osslab/mros2-wasm-service-communication-socket-journal/mros2/embeddedRTPS/include/rtps/discovery/BuiltInEndpoints.h:28:
In file included from /home/osslab/mros2-wasm-service-communication-socket-journal/mros2/embeddedRTPS/include/rtps/entities/StatefulReader.h:31:
In file included from /home/osslab/mros2-wasm-service-communication-socket-journal/mros2/embeddedRTPS/include/rtps/entities/Reader.h:30:
In file included from /home/osslab/mros2-wasm-service-communication-socket-journal/mros2/embeddedRTPS/include/rtps/discovery/TopicData.h:34:
/home/osslab/mros2-wasm-service-communication-socket-journal/mros2/embeddedRTPS/include/rtps/common/Locator.h:87:3: warning: non-void function does not return a value in all control paths [-Wreturn-type]
   87 |   }
      |   ^
2 warnings generated.
[ 88%] Building CXX object CMakeFiles/MODULE_echoback_string.dir/mros2/embeddedRTPS/src/entities/StatelessReader.cpp.obj
In file included from /home/osslab/mros2-wasm-service-communication-socket-journal/mros2/embeddedRTPS/src/entities/Participant.cpp:25:
In file included from /home/osslab/mros2-wasm-service-communication-socket-journal/mros2/embeddedRTPS/include/rtps/entities/Participant.h:30:
In file included from /home/osslab/mros2-wasm-service-communication-socket-journal/mros2/embeddedRTPS/include/rtps/discovery/SEDPAgent.h:28:
In file included from /home/osslab/mros2-wasm-service-communication-socket-journal/mros2/embeddedRTPS/include/rtps/discovery/BuiltInEndpoints.h:30:
In file included from /home/osslab/mros2-wasm-service-communication-socket-journal/mros2/embeddedRTPS/include/rtps/entities/StatelessWriter.h:31:
In file included from /home/osslab/mros2-wasm-service-communication-socket-journal/mros2/embeddedRTPS/include/rtps/entities/Writer.h:28:
In file included from /home/osslab/mros2-wasm-service-communication-socket-journal/mros2/embeddedRTPS/include/rtps/ThreadPool.h:33:
In file included from /home/osslab/mros2-wasm-service-communication-socket-journal/mros2/embeddedRTPS/include/rtps/storages/ThreadSafeCircularBuffer.h:71:
In file included from /home/osslab/mros2-wasm-service-communication-socket-journal/mros2/embeddedRTPS/include/rtps/storages/ThreadSafeCircularBuffer.tpp:6:
/home/osslab/mros2-wasm-service-communication-socket-journal/mros2/embeddedRTPS/include/rtps/utils/Log.h:39:9: warning: 'PARTICIPANT_VERBOSE' macro redefined [-Wmacro-redefined]
   39 | #define PARTICIPANT_VERBOSE 1
      |         ^
/home/osslab/mros2-wasm-service-communication-socket-journal/mros2/embeddedRTPS/include/rtps/utils/Log.h:38:9: note: previous definition is here
   38 | #define PARTICIPANT_VERBOSE 0
      |         ^
In file included from /home/osslab/mros2-wasm-service-communication-socket-journal/mros2/embeddedRTPS/src/entities/Domain.cpp:25:
In file included from /home/osslab/mros2-wasm-service-communication-socket-journal/mros2/embeddedRTPS/include/rtps/entities/Domain.h:28:
In file included from /home/osslab/mros2-wasm-service-communication-socket-journal/mros2/embeddedRTPS/include/rtps/ThreadPool.h:33:
In file included from /home/osslab/mros2-wasm-service-communication-socket-journal/mros2/embeddedRTPS/include/rtps/storages/ThreadSafeCircularBuffer.h:71:
In file included from /home/osslab/mros2-wasm-service-communication-socket-journal/mros2/embeddedRTPS/include/rtps/storages/ThreadSafeCircularBuffer.tpp:6:
/home/osslab/mros2-wasm-service-communication-socket-journal/mros2/embeddedRTPS/include/rtps/utils/Log.h:39:9: warning: 'PARTICIPANT_VERBOSE' macro redefined [-Wmacro-redefined]
   39 | #define PARTICIPANT_VERBOSE 1
      |         ^
/home/osslab/mros2-wasm-service-communication-socket-journal/mros2/embeddedRTPS/include/rtps/utils/Log.h:38:9: note: previous definition is here
   38 | #define PARTICIPANT_VERBOSE 0
      |         ^
In file included from /home/osslab/mros2-wasm-service-communication-socket-journal/mros2/embeddedRTPS/src/entities/Domain.cpp:25:
In file included from /home/osslab/mros2-wasm-service-communication-socket-journal/mros2/embeddedRTPS/include/rtps/entities/Domain.h:30:
In file included from /home/osslab/mros2-wasm-service-communication-socket-journal/mros2/embeddedRTPS/include/rtps/entities/Participant.h:30:
In file included from /home/osslab/mros2-wasm-service-communication-socket-journal/mros2/embeddedRTPS/include/rtps/discovery/SEDPAgent.h:28:
In file included from /home/osslab/mros2-wasm-service-communication-socket-journal/mros2/embeddedRTPS/include/rtps/discovery/BuiltInEndpoints.h:28:
In file included from /home/osslab/mros2-wasm-service-communication-socket-journal/mros2/embeddedRTPS/include/rtps/entities/StatefulReader.h:31:
In file included from /home/osslab/mros2-wasm-service-communication-socket-journal/mros2/embeddedRTPS/include/rtps/entities/Reader.h:30:
In file included from /home/osslab/mros2-wasm-service-communication-socket-journal/mros2/embeddedRTPS/include/rtps/discovery/TopicData.h:34:
/home/osslab/mros2-wasm-service-communication-socket-journal/mros2/embeddedRTPS/include/rtps/common/Locator.h:87:3: warning: non-void function does not return a value in all control paths [-Wreturn-type]
   87 |   }
      |   ^
In file included from /home/osslab/mros2-wasm-service-communication-socket-journal/mros2/embeddedRTPS/src/entities/StatelessReader.cpp:25:
In file included from /home/osslab/mros2-wasm-service-communication-socket-journal/mros2/embeddedRTPS/include/rtps/entities/StatelessReader.h:28:
In file included from /home/osslab/mros2-wasm-service-communication-socket-journal/mros2/embeddedRTPS/include/rtps/entities/Reader.h:30:
In file included from /home/osslab/mros2-wasm-service-communication-socket-journal/mros2/embeddedRTPS/include/rtps/discovery/TopicData.h:34:
/home/osslab/mros2-wasm-service-communication-socket-journal/mros2/embeddedRTPS/include/rtps/common/Locator.h:87:3: warning: non-void function does not return a value in all control paths [-Wreturn-type]
   87 |   }
      |   ^
In file included from /home/osslab/mros2-wasm-service-communication-socket-journal/mros2/embeddedRTPS/src/entities/StatelessReader.cpp:27:
/home/osslab/mros2-wasm-service-communication-socket-journal/mros2/embeddedRTPS/include/rtps/utils/Log.h:39:9: warning: 'PARTICIPANT_VERBOSE' macro redefined [-Wmacro-redefined]
   39 | #define PARTICIPANT_VERBOSE 1
      |         ^
/home/osslab/mros2-wasm-service-communication-socket-journal/mros2/embeddedRTPS/include/rtps/utils/Log.h:38:9: note: previous definition is here
   38 | #define PARTICIPANT_VERBOSE 0
      |         ^
2 warnings generated.
2 warnings generated.
[ 90%] Building C object CMakeFiles/MODULE_echoback_string.dir/mros2/embeddedRTPS/thirdparty/Micro-CDR/src/c/common.c.obj
[ 92%] Building C object CMakeFiles/MODULE_echoback_string.dir/mros2/embeddedRTPS/thirdparty/Micro-CDR/src/c/types/basic.c.obj
[ 94%] Building C object CMakeFiles/MODULE_echoback_string.dir/mros2/embeddedRTPS/thirdparty/Micro-CDR/src/c/types/string.c.obj
[ 96%] Building C object CMakeFiles/MODULE_echoback_string.dir/mros2/embeddedRTPS/thirdparty/Micro-CDR/src/c/types/sequence.c.obj
[ 98%] Building C object CMakeFiles/MODULE_echoback_string.dir/mros2/embeddedRTPS/thirdparty/Micro-CDR/src/c/types/array.c.obj
2 warnings generated.
2 warnings generated.
[100%] Linking CXX executable echoback_string.wasm
[100%] Built target MODULE_echoback_string
