host_utc=2026-09-30T08:10:18.118+00:00 host_mono_ns=2514837308883563 boot_start, 2514837308680910
host_utc=2026-09-30T08:10:18.317+00:00 host_mono_ns=2514837507986293 11 stderr
host_utc=2026-09-30T08:10:18.317+00:00 host_mono_ns=2514837508049202 22 stderr
host_utc=2026-09-30T08:10:18.317+00:00 host_mono_ns=2514837508060223 signal init: 137420288087616
host_utc=2026-09-30T08:10:18.317+00:00 host_mono_ns=2514837508068188 initします
host_utc=2026-09-30T08:10:18.318+00:00 host_mono_ns=2514837508797015 boot_end, 2514837508637203
host_utc=2026-09-30T08:10:18.319+00:00 host_mono_ns=2514837509292872 3 stderr
host_utc=2026-09-30T08:10:18.319+00:00 host_mono_ns=2514837509703578 initします
host_utc=2026-09-30T08:10:18.320+00:00 host_mono_ns=2514837510447173 boot_end, 2514837510304142
host_utc=2026-09-30T08:10:18.321+00:00 host_mono_ns=2514837511594901 netif_wasm: dynamic ip=0x030012ac mask=0x00ffffff
host_utc=2026-09-30T08:10:18.321+00:00 host_mono_ns=2514837512027509 initします
host_utc=2026-09-30T08:10:18.322+00:00 host_mono_ns=2514837512816820 boot_end, 2514837512701102
host_utc=2026-09-30T08:10:18.323+00:00 host_mono_ns=2514837513338886 initします
host_utc=2026-09-30T08:10:18.324+00:00 host_mono_ns=2514837514840163 boot_end, 2514837514691382
host_utc=2026-09-30T08:10:18.340+00:00 host_mono_ns=2514837530621279 LOG_NOTICE : 00000000.000 : osKernelStart
host_utc=2026-09-30T08:10:18.340+00:00 host_mono_ns=2514837530645033 mros2-posix start!
host_utc=2026-09-30T08:10:18.340+00:00 host_mono_ns=2514837530659902 app name: echoback_string
host_utc=2026-09-30T08:10:18.340+00:00 host_mono_ns=2514837530671934 LOG_DEBUG : 00000000.001 : mROS 2 initialization is completed
host_utc=2026-09-30T08:10:18.340+00:00 host_mono_ns=2514837530684869 
host_utc=2026-09-30T08:10:18.340+00:00 host_mono_ns=2514837530697182 LOG_DEBUG : 00000000.002 : [MROS2LIB] create_node
host_utc=2026-09-30T08:10:18.340+00:00 host_mono_ns=2514837530709235 LOG_DEBUG : 00000000.002 : [MROS2LIB] start creating participant
host_utc=2026-09-30T08:10:18.340+00:00 host_mono_ns=2514837530721328 LOG_DEBUG : 00000000.003 : [MROS2LIB] mros2_init task start
host_utc=2026-09-30T08:10:18.340+00:00 host_mono_ns=2514837530733010 LOG_DEBUG : 00000000.004 : /home/osslab/20260930-mros2-wasm-no-udp-recover-experiment/lwip-wasm/src/core/udp.c udp_init() 37: enter
host_utc=2026-09-30T08:10:18.340+00:00 host_mono_ns=2514837530745864 LOG_DEBUG : 00000000.004 : [MROS2LIB] Initilizing lwIP complete
host_utc=2026-09-30T08:10:18.340+00:00 host_mono_ns=2514837530757536 LOG_DEBUG : 00000000.018 : /home/osslab/20260930-mros2-wasm-no-udp-recover-experiment/lwip-wasm/src/core/udp.c udp_new() 318: enter
host_utc=2026-09-30T08:10:18.340+00:00 host_mono_ns=2514837530770340 LOG_DEBUG : 00000000.018 : /home/osslab/20260930-mros2-wasm-no-udp-recover-experiment/lwip-wasm/src/core/udp_multicast_manager.c udp_mc_info_alloc() 24: enter
host_utc=2026-09-30T08:10:18.340+00:00 host_mono_ns=2514837530783896 LOG_DEBUG : 00000000.019 : /home/osslab/20260930-mros2-wasm-no-udp-recover-experiment/lwip-wasm/src/core/udp_multicast_manager.c udp_mc_info_alloc() 42: mcp=0xdbe060 exit
host_utc=2026-09-30T08:10:18.341+00:00 host_mono_ns=2514837531547248 LOG_DEBUG : 00000000.019 : /home/osslab/20260930-mros2-wasm-no-udp-recover-experiment/lwip-wasm/src/core/udp.cinitします
host_utc=2026-09-30T08:10:18.342+00:00 host_mono_ns=2514837532346969 boot_end, 2514837532226882
host_utc=2026-09-30T08:10:18.342+00:00 host_mono_ns=2514837532876289 initします
host_utc=2026-09-30T08:10:18.344+00:00 host_mono_ns=2514837534222583 boot_end, 2514837534028025
host_utc=2026-09-30T08:10:18.344+00:00 host_mono_ns=2514837534461153  udp_new() 338: exit
host_utc=2026-09-30T08:10:18.344+00:00 host_mono_ns=2514837534490519 LOG_DEBUG : 00000000.019 : /home/osslab/20260930-mros2-wasm-no-udp-recover-experiment/lwip-wasm/src/core/udp.c udp_bind() 152: ipaddr=0x0 port=7401 enter
host_utc=2026-09-30T08:10:18.344+00:00 host_mono_ns=2514837534505186 LOG_DEBUG : 00000000.019 : /home/osslab/20260930-mros2-wasm-no-udp-recover-experiment/lwip-wasm/src/core/udp.c udp_bind() 165: mcp exist 0xdbe060
host_utc=2026-09-30T08:10:18.344+00:00 host_mono_ns=2514837534529763 LOG_DEBUG : 00000000.019 : /home/osslab/20260930-mros2-wasm-no-udp-recover-experiment/lwip-wasm/src/core/udp.c udp_bind() 236: exit
host_utc=2026-09-30T08:10:18.344+00:00 host_mono_ns=2514837534542587 LOG_DEBUG : 00000000.019 : /home/osslab/20260930-mros2-wasm-no-udp-recover-experiment/lwip-wasm/src/core/udp.c udp_recv() 251: enter
host_utc=2026-09-30T08:10:18.344+00:00 host_mono_ns=2514837534555091 LOG_DEBUG : 00000000.021 : /home/osslab/20260930-mros2-wasm-no-udp-recover-experiment/lwip-wasm/src/core/udp.c udp_recv() 262: exit
host_utc=2026-09-30T08:10:18.344+00:00 host_mono_ns=2514837534567123 LOG_DEBUG : 00000000.021 : /home/osslab/20260930-mros2-wasm-no-udp-recover-experiment/lwip-wasm/src/core/udp.c udp_new() 318: enter
host_utc=2026-09-30T08:10:18.344+00:00 host_mono_ns=2514837534578675 LOG_DEBUG : 00000000.021 : /home/osslab/20260930-mros2-wasm-no-udp-recover-experiment/lwip-wasm/src/core/udp_multicast_manager.c udp_mc_info_alloc() 24: enter
host_utc=2026-09-30T08:10:18.345+00:00 host_mono_ns=2514837535684955 LOG_DEBUG : 0000000initします
host_utc=2026-09-30T08:10:18.346+00:00 host_mono_ns=2514837536545812 boot_end, 2514837536374648
host_utc=2026-09-30T08:10:18.346+00:00 host_mono_ns=2514837536969522 initします
host_utc=2026-09-30T08:10:18.348+00:00 host_mono_ns=2514837538177645 boot_end, 2514837538037680
host_utc=2026-09-30T08:10:18.348+00:00 host_mono_ns=2514837538206990 0.023 : /home/osslab/20260930-mros2-wasm-no-udp-recover-experiment/lwip-wasm/src/core/udp_multicast_manager.c udp_mc_info_alloc() 42: mcp=0xdbe07c exit
host_utc=2026-09-30T08:10:18.348+00:00 host_mono_ns=2514837538218252 LOG_DEBUG : 00000000.023 : LOG_NOTICE : 00000000.023 : /home/osslab/20260930-mros2-wasm-no-udp-recover-experiment/lwip-wasm/src/core/udp.c udp_new() 338: exitthread_udp_recv:UP: mcp=0xdbe060
host_utc=2026-09-30T08:10:18.348+00:00 host_mono_ns=2514837538228030 LOG_DEBUG : 00000000.023 :
host_utc=2026-09-30T08:10:18.348+00:00 host_mono_ns=2514837538236556 /home/osslab/20260930-mros2-wasm-no-udp-recover-experiment/lwip-wasm/src/core/udp.c udp_bind() 152: ipaddr=0x0 port=7400 enter
host_utc=2026-09-30T08:10:18.348+00:00 host_mono_ns=2514837538245824 LOG_DEBUG : 00000000.023 : /home/osslab/20260930-mros2-wasm-no-udp-recover-experiment/lwip-wasm/src/core/udp.c udp_bind() 165: mcp exist 0xdbe07c
host_utc=2026-09-30T08:10:18.348+00:00 host_mono_ns=2514837538252546 LOG_DEBUG : 00000000.023 : /home/osslab/20260930-mros2-wasm-no-udp-recover-experiment/lwip-wasm/src/core/udp.c udp_bind() 236: exit
host_utc=2026-09-30T08:10:18.348+00:00 host_mono_ns=2514837538259139 LOG_DEBUG : 00000000.023 : /home/osslab/20260930-mros2-wasm-no-udp-recover-experiment/lwip-wasm/src/core/udp.c udp_recv() 251: enter
host_utc=2026-09-30T08:10:18.425+00:00 host_mono_ns=2514837615678741 LOG_DEBUG : 00000000.025 : /home/osslab/20260930-mros2-wasm-no-udp-recover-experiment/lwip-wasm/src/core/udp.c udp_recv() 262: exit
host_utc=2026-09-30T08:10:18.425+00:00 host_mono_ns=2514837615712164 LOG_DEBUG : 00000000.026 : LOG_NOTICE : 00000000.026 : /home/osslab/20260930-mros2-wasm-no-udp-recover-experiment/lwip-wasm/src/core/udp_multicast_manager.c udp_mc_joingroup() 78: enter ifaddr=0x30012ac groupaddr=0x100ffefthread_udp_recv:UP: mcp=0xdbe07c
host_utc=2026-09-30T08:10:18.425+00:00 host_mono_ns=2514837615729046 set TTL: ttl=255, optlen=4
host_utc=2026-09-30T08:10:18.425+00:00 host_mono_ns=2514837615741800 
host_utc=2026-09-30T08:10:18.425+00:00 host_mono_ns=2514837615754354 LOG_NOTICE : 00000000.027 : udp_mc_joingroup(): mcp=0xdbe060 ifaddr=0x30012ac groupaddr=0x100ffef
host_utc=2026-09-30T08:10:18.425+00:00 host_mono_ns=2514837615766828 set TTL: ttl=255, optlen=4
host_utc=2026-09-30T08:10:18.425+00:00 host_mono_ns=2514837615778269 LOG_NOTICE : 00000000.027 : udp_mc_joingroup(): mcp=0xdbe07c ifaddr=0x30012ac groupaddr=0x100ffef
host_utc=2026-09-30T08:10:18.425+00:00 host_mono_ns=2514837615790001 LOG_DEBUG : 00000000.027 : /home/osslab/20260930-mros2-wasm-no-udp-recover-experiment/lwip-wasm/src/core/udp_multicast_manager.c udp_mc_joingroup() 93: exit
host_utc=2026-09-30T08:10:18.425+00:00 host_mono_ns=2514837615819527 LOG_DEBUG : 00000000.103 : /home/osslab/20260930-mros2-wasm-no-udp-recover-experiment/lwip-wasm/src/core/udp.c udp_new() 318: enter
host_utc=2026-09-30T08:10:18.425+00:00 host_mono_ns=2514837615832592 LOG_DEBUG : 00000000.103 : /home/osslab/20260930-mros2-wasm-no-udp-recover-experiment/lwip-wasm/src/core/udp_multicast_manager.c udp_mc_info_alloc() 24: enter
host_utc=2026-09-30T08:10:18.426+00:00 host_mono_ns=2514837616766406 LOG_DEBUG : 00000000.104 : /home/osslab/20260930-mros2-wasm-no-udp-recover-experiment/lwip-wasm/src/core/udp_multicast_manager.cinitします
host_utc=2026-09-30T08:10:18.427+00:00 host_mono_ns=2514837617622353 boot_end, 2514837617433827
host_utc=2026-09-30T08:10:18.427+00:00 host_mono_ns=2514837618039942 initします
host_utc=2026-09-30T08:10:18.429+00:00 host_mono_ns=2514837619464614 boot_end, 2514837619271589
host_utc=2026-09-30T08:10:18.429+00:00 host_mono_ns=2514837619514548  udp_mc_info_alloc() 42: mcp=0xdbe098 exit
host_utc=2026-09-30T08:10:18.429+00:00 host_mono_ns=2514837619531961 LOG_DEBUG : 00000000.104 : /home/osslab/20260930-mros2-wasm-no-udp-recover-experiment/lwip-wasm/src/core/udp.c udp_new() 338: exit
host_utc=2026-09-30T08:10:18.429+00:00 host_mono_ns=2514837619547551 LOG_DEBUG : 00000000.104 : /home/osslab/20260930-mros2-wasm-no-udp-recover-experiment/lwip-wasm/src/core/udp.c udp_bind() 152: ipaddr=0x0 port=7411 enter
host_utc=2026-09-30T08:10:18.429+00:00 host_mono_ns=2514837619562439 LOG_DEBUG : 00000000.104 : /home/osslab/20260930-mros2-wasm-no-udp-recover-experiment/lwip-wasm/src/core/udp.c udp_bind() 165: mcp exist 0xdbe098
host_utc=2026-09-30T08:10:18.429+00:00 host_mono_ns=2514837619576535 LOG_DEBUG : 00000000.104 : /home/osslab/20260930-mros2-wasm-no-udp-recover-experiment/lwip-wasm/src/core/udp.c udp_bind() 236: exit
host_utc=2026-09-30T08:10:18.429+00:00 host_mono_ns=2514837619590612 LOG_DEBUG : 00000000.104 : /home/osslab/20260930-mros2-wasm-no-udp-recover-experiment/lwip-wasm/src/core/udp.c udp_recv() 251: enter
host_utc=2026-09-30T08:10:18.429+00:00 host_mono_ns=2514837619605009 LOG_DEBUG : 00000000.106 : /home/osslab/20260930-mros2-wasm-no-udp-recover-experiment/lwip-wasm/src/core/udp.c udp_recv() 262: exit
host_utc=2026-09-30T08:10:18.429+00:00 host_mono_ns=2514837619618394 LOG_DEBUG : 00000000.106 : /home/osslab/20260930-mros2-wasm-no-udp-recover-experiment/lwip-wasm/src/core/udp.c udp_new() 318: enter
host_utc=2026-09-30T08:10:18.430+00:00 host_mono_ns=2514837620671324 LOG_DEBUG : 00000000.107 : /home/osslab/20260930-mros2-wasm-no-udp-recover-experiment/lwip-wasm/src/core/udp_multicast_manager.c udp_mc_info_alloc() 24: enter
host_utc=2026-09-30T08:10:18.430+00:00 host_mono_ns=2514837620706590 LOG_NOTICE : 00000000.108 : LOG_DEBUG : 00000000.108 : /home/osslab/20260930-mros2-wasm-no-udp-recover-experiment/lwip-wasm/src/core/udp_multicast_manager.c udp_mc_info_alloc() 42: mcp=0xdbe0b4 exitthread_udp_recv:UP: mcp=0xdbe098
host_utc=2026-09-30T08:10:18.430+00:00 host_mono_ns=2514837620723422 LOG_DEBUG : 00000000.108 :
host_utc=2026-09-30T08:10:18.430+00:00 host_mono_ns=2514837620735976 /home/osslab/20260930-mros2-wasm-no-udp-recover-experiment/lwip-wasm/src/core/udp.c udp_new() 338: exit
host_utc=2026-09-30T08:10:18.430+00:00 host_mono_ns=2514837620748890 LOG_DEBUG : 00000000.108 : /home/osslab/20260930-mros2-wasm-no-udp-recover-experiment/lwip-wasm/src/core/udp.c udp_bind() 152: ipaddr=0x0 port=7410 enter
host_utc=2026-09-30T08:10:18.430+00:00 host_mono_ns=2514837620761504 LOG_DEBUG : 00000000.108 : /home/osslab/20260930-mros2-wasm-no-udp-recover-experiment/lwip-wasm/src/core/udp.c udp_bind() 165: mcp exist 0xdbe0b4
host_utc=2026-09-30T08:10:18.430+00:00 host_mono_ns=2514837620773757 LOG_DEBUG : 00000000.109 : /home/osslab/20260930-mros2-wasm-no-udp-recover-experiment/lwip-wasm/src/core/udp.c udp_bind() 236: exit
host_utc=2026-09-30T08:10:18.430+00:00 host_mono_ns=2514837621031013 LOG_DEBUG : 00000000.109 : /home/osslab/20260930-mros2-wasm-no-udp-recover-experiment/lwip-wasm/src/core/udp.cinitします
host_utc=2026-09-30T08:10:18.431+00:00 host_mono_ns=2514837621862945 boot_end, 2514837621671203
host_utc=2026-09-30T08:10:18.432+00:00 host_mono_ns=2514837622325840 initします
host_utc=2026-09-30T08:10:18.433+00:00 host_mono_ns=2514837623673886 boot_end, 2514837623465853
host_utc=2026-09-30T08:10:18.433+00:00 host_mono_ns=2514837623728109 initします
host_utc=2026-09-30T08:10:18.434+00:00 host_mono_ns=2514837624626336 boot_end, 2514837624440495
host_utc=2026-09-30T08:10:18.434+00:00 host_mono_ns=2514837624970145 initします
host_utc=2026-09-30T08:10:18.436+00:00 host_mono_ns=2514837626258790 boot_end, 2514837626070013
host_utc=2026-09-30T08:10:18.436+00:00 host_mono_ns=2514837626289468 initします
host_utc=2026-09-30T08:10:18.437+00:00 host_mono_ns=2514837627235305 boot_end, 2514837627057449
host_utc=2026-09-30T08:10:18.437+00:00 host_mono_ns=2514837627645270 initします
host_utc=2026-09-30T08:10:18.439+00:00 host_mono_ns=2514837629247116 boot_end, 2514837629042059
host_utc=2026-09-30T08:10:18.439+00:00 host_mono_ns=2514837629413891  udp_recv() 251: enter
host_utc=2026-09-30T08:10:18.439+00:00 host_mono_ns=2514837629441102 LOG_DEBUG : 00000000.110 : /home/osslab/20260930-mros2-wasm-no-udp-recover-experiment/lwip-wasm/src/core/udp.c udp_recv() 262: exit
host_utc=2026-09-30T08:10:18.439+00:00 host_mono_ns=2514837629456992 LOG_NOTICE : 00000000.112 : thread_udp_recv:UP: mcp=0xdbe0b4
host_utc=2026-09-30T08:10:18.439+00:00 host_mono_ns=2514837629469897 LOG_DEBUG : 00000000.116 : [MROS2LIB] successfully created participant
host_utc=2026-09-30T08:10:18.439+00:00 host_mono_ns=2514837629482100 [DEBUG] message_traits::TypeName<T *>().value(): std_msgs::msg::dds_::String_
host_utc=2026-09-30T08:10:18.439+00:00 host_mono_ns=2514837630177273 initします
host_utc=2026-09-30T08:10:18.440+00:00 host_mono_ns=2514837631081902 boot_end, 2514837630911921
host_utc=2026-09-30T08:10:18.441+00:00 host_mono_ns=2514837631495123 initします
host_utc=2026-09-30T08:10:18.442+00:00 host_mono_ns=2514837632791212 boot_end, 2514837632619167
host_utc=2026-09-30T08:10:18.449+00:00 host_mono_ns=2514837639869124 initします
host_utc=2026-09-30T08:10:18.451+00:00 host_mono_ns=2514837641223453 boot_end, 2514837641012104
host_utc=2026-09-30T08:10:18.451+00:00 host_mono_ns=2514837641675156 initします
host_utc=2026-09-30T08:10:18.453+00:00 host_mono_ns=2514837643366802 boot_end, 2514837643257105
host_utc=2026-09-30T08:10:18.453+00:00 host_mono_ns=2514837643611174 initします
host_utc=2026-09-30T08:10:18.454+00:00 host_mono_ns=2514837644966074 boot_end, 2514837644767038
host_utc=2026-09-30T08:10:18.455+00:00 host_mono_ns=2514837645450880 initします
host_utc=2026-09-30T08:10:18.457+00:00 host_mono_ns=2514837647268434 boot_end, 2514837647092832
host_utc=2026-09-30T08:10:18.457+00:00 host_mono_ns=2514837647449285 initします
host_utc=2026-09-30T08:10:18.458+00:00 host_mono_ns=2514837648826948 boot_end, 2514837648628243
host_utc=2026-09-30T08:10:18.459+00:00 host_mono_ns=2514837649202478 initします
host_utc=2026-09-30T08:10:18.460+00:00 host_mono_ns=2514837650562387 boot_end, 2514837650386835
host_utc=2026-09-30T08:10:23.548+00:00 host_mono_ns=2514842738441335 LOG_DEBUG : 00000000.118 : [MROS2LIB] message_traits::TypeName<T *>().value() std_msgs::msg::dds_::String_
host_utc=2026-09-30T08:10:23.548+00:00 host_mono_ns=2514842738499655 LOG_DEBUG : 00000000.118 : [MROS2LIB] create_publisher complete.
host_utc=2026-09-30T08:10:23.548+00:00 host_mono_ns=2514842738516557 LOG_DEBUG : 00000000.120 : [MROS2LIB] create_subscription complete.
host_utc=2026-09-30T08:10:23.548+00:00 host_mono_ns=2514842738530283 LOG_DEBUG : 00000000.137 : [MROS2LIB] Initilizing Domain complete
host_utc=2026-09-30T08:10:23.548+00:00 host_mono_ns=2514842738543869 LOG_NOTICE : 00000000.221 : ready to pub/sub message
host_utc=2026-09-30T08:10:23.548+00:00 host_mono_ns=2514842738557695 
host_utc=2026-09-30T08:10:23.548+00:00 host_mono_ns=2514842738570890 publishing msg: 'Hello from mros2-posix onto Linux: 0'
host_utc=2026-09-30T08:10:23.548+00:00 host_mono_ns=2514842738609563 publishing msg: 'Hello from mros2-posix onto Linux: 1'
host_utc=2026-09-30T08:10:23.548+00:00 host_mono_ns=2514842738622768 publishing msg: 'Hello from mros2-posix onto Linux: 2'
host_utc=2026-09-30T08:10:23.548+00:00 host_mono_ns=2514842738634780 publishing msg: 'Hello from mros2-posix onto Linux: 3'
host_utc=2026-09-30T08:10:23.548+00:00 host_mono_ns=2514842738648186 LOG_DEBUG : 00000003.720 : [MROS2LIB] subscriber matched with remote publisher
host_utc=2026-09-30T08:10:23.548+00:00 host_mono_ns=2514842738660299 LOG_DEBUG : 00000003.721 : [MROS2LIB] publisher matched with remote subscriber
host_utc=2026-09-30T08:10:23.548+00:00 host_mono_ns=2514842738671420 publishing msg: 'Hello from mros2-posix onto Linux: 4'
host_utc=2026-09-30T08:10:23.548+00:00 host_mono_ns=2514842738683262 LOG_DEBUG : 00000004.226 : [MROS2LIB] message get [callback_handler] msg_sn_high: 0 msg_sn_low: 1
host_utc=2026-09-30T08:10:23.548+00:00 host_mono_ns=2514842738694814 subscribed msg: 'Hello from mros2-posix onto Linux: 4'
host_utc=2026-09-30T08:10:23.548+00:00 host_mono_ns=2514842738707227 publishing msg: 'Hello from mros2-posix onto Linux: 5'
host_utc=2026-09-30T08:10:28.550+00:00 host_mono_ns=2514847740378352 LOG_DEBUG : 00000005.226 : [MROS2LIB] message get [callback_handler] msg_sn_high: 0 msg_sn_low: 2
host_utc=2026-09-30T08:10:28.550+00:00 host_mono_ns=2514847740443114 subscribed msg: 'Hello from mros2-posix onto Linux: 5'
host_utc=2026-09-30T08:10:28.550+00:00 host_mono_ns=2514847740468713 publishing msg: 'Hello from mros2-posix onto Linux: 6'
host_utc=2026-09-30T08:10:28.550+00:00 host_mono_ns=2514847740484733 LOG_DEBUG : 00000006.227 : [MROS2LIB] message get [callback_handler] msg_sn_high: 0 msg_sn_low: 3
host_utc=2026-09-30T08:10:28.550+00:00 host_mono_ns=2514847740499010 subscribed msg: 'Hello from mros2-posix onto Linux: 6'
host_utc=2026-09-30T08:10:28.550+00:00 host_mono_ns=2514847740513317 publishing msg: 'Hello from mros2-posix onto Linux: 7'
host_utc=2026-09-30T08:10:28.550+00:00 host_mono_ns=2514847740527233 LOG_DEBUG : 00000007.228 : [MROS2LIB] message get [callback_handler] msg_sn_high: 0 msg_sn_low: 4
host_utc=2026-09-30T08:10:28.550+00:00 host_mono_ns=2514847740540378 subscribed msg: 'Hello from mros2-posix onto Linux: 7'
host_utc=2026-09-30T08:10:28.550+00:00 host_mono_ns=2514847740554234 publishing msg: 'Hello from mros2-posix onto Linux: 8'
host_utc=2026-09-30T08:10:28.550+00:00 host_mono_ns=2514847740568561 LOG_DEBUG : 00000008.228 : [MROS2LIB] message get [callback_handler] msg_sn_high: 0 msg_sn_low: 5
host_utc=2026-09-30T08:10:28.550+00:00 host_mono_ns=2514847740581506 subscribed msg: 'Hello from mros2-posix onto Linux: 8'
host_utc=2026-09-30T08:10:28.550+00:00 host_mono_ns=2514847740595292 publishing msg: 'Hello from mros2-posix onto Linux: 9'
host_utc=2026-09-30T08:10:28.550+00:00 host_mono_ns=2514847740608948 LOG_DEBUG : 00000009.229 : [MROS2LIB] message get [callback_handler] msg_sn_high: 0 msg_sn_low: 6
host_utc=2026-09-30T08:10:28.550+00:00 host_mono_ns=2514847740621842 subscribed msg: 'Hello from mros2-posix onto Linux: 9'
host_utc=2026-09-30T08:10:33.553+00:00 host_mono_ns=2514852743805956 publishing msg: 'Hello from mros2-posix onto Linux: 10'
host_utc=2026-09-30T08:10:33.553+00:00 host_mono_ns=2514852743864567 LOG_DEBUG : 00000010.229 : [MROS2LIB] message get [callback_handler] msg_sn_high: 0 msg_sn_low: 7
host_utc=2026-09-30T08:10:33.553+00:00 host_mono_ns=2514852743879365 subscribed msg: 'Hello from mros2-posix onto Linux: 10'
host_utc=2026-09-30T08:10:33.553+00:00 host_mono_ns=2514852743892349 publishing msg: 'Hello from mros2-posix onto Linux: 11'
host_utc=2026-09-30T08:10:33.553+00:00 host_mono_ns=2514852743904222 LOG_DEBUG : 00000011.230 : [MROS2LIB] message get [callback_handler] msg_sn_high: 0 msg_sn_low: 8
host_utc=2026-09-30T08:10:33.553+00:00 host_mono_ns=2514852743915132 subscribed msg: 'Hello from mros2-posix onto Linux: 11'
host_utc=2026-09-30T08:10:33.553+00:00 host_mono_ns=2514852743926283 publishing msg: 'Hello from mros2-posix onto Linux: 12'
host_utc=2026-09-30T08:10:33.553+00:00 host_mono_ns=2514852743953735 LOG_DEBUG : 00000012.231 : [MROS2LIB] message get [callback_handler] msg_sn_high: 0 msg_sn_low: 9
host_utc=2026-09-30T08:10:33.553+00:00 host_mono_ns=2514852743962662 subscribed msg: 'Hello from mros2-posix onto Linux: 12'
host_utc=2026-09-30T08:10:33.553+00:00 host_mono_ns=2514852743971960 publishing msg: 'Hello from mros2-posix onto Linux: 13'
host_utc=2026-09-30T08:10:33.553+00:00 host_mono_ns=2514852743982540 LOG_DEBUG : 00000013.231 : [MROS2LIB] message get [callback_handler] msg_sn_high: 0 msg_sn_low: a
host_utc=2026-09-30T08:10:33.553+00:00 host_mono_ns=2514852743994222 subscribed msg: 'Hello from mros2-posix onto Linux: 13'
host_utc=2026-09-30T08:10:33.553+00:00 host_mono_ns=2514852744027424 publishing msg: 'Hello from mros2-posix onto Linux: 14'
host_utc=2026-09-30T08:10:33.553+00:00 host_mono_ns=2514852744041060 LOG_DEBUG : 00000014.232 : [MROS2LIB] message get [callback_handler] msg_sn_high: 0 msg_sn_low: b
host_utc=2026-09-30T08:10:33.553+00:00 host_mono_ns=2514852744050348 subscribed msg: 'Hello from mros2-posix onto Linux: 14'
host_utc=2026-09-30T08:10:33.742+00:00 host_mono_ns=2514852933048518 publishing msg: 'Hello from mros2-posix onto Linux: 15SIGUSR2 called, 137420288087616
host_utc=2026-09-30T08:10:33.742+00:00 host_mono_ns=2514852933101919 =======スレッドの同時停止開始=========
host_utc=2026-09-30T08:10:33.943+00:00 host_mono_ns=2514853133747454 [02:33:57:873 - 7CFBA7989840]: Load type section success.
host_utc=2026-09-30T08:10:33.943+00:00 host_mono_ns=2514853133814631 
host_utc=2026-09-30T08:10:33.943+00:00 host_mono_ns=2514853133832895 [02:33:57:893 - 7CFBA7989840]: Load import section success.
host_utc=2026-09-30T08:10:33.943+00:00 host_mono_ns=2514853133848455 
host_utc=2026-09-30T08:10:33.943+00:00 host_mono_ns=2514853133863103 [02:33:57:654 - 7CFBA7989840]: Load function section success.
host_utc=2026-09-30T08:10:33.943+00:00 host_mono_ns=2514853133877740 
host_utc=2026-09-30T08:10:33.943+00:00 host_mono_ns=2514853133891907 [02:33:57:655 - 7CFBA7989840]: Load table section success.
host_utc=2026-09-30T08:10:33.943+00:00 host_mono_ns=2514853133906495 
host_utc=2026-09-30T08:10:33.943+00:00 host_mono_ns=2514853133920862 [02:33:57:656 - 7CFBA7989840]: Load global section success.
host_utc=2026-09-30T08:10:33.943+00:00 host_mono_ns=2514853133935229 
host_utc=2026-09-30T08:10:33.943+00:00 host_mono_ns=2514853133949416 [02:33:57:658 - 7CFBA7989840]: Load export section success.
host_utc=2026-09-30T08:10:33.943+00:00 host_mono_ns=2514853133963843 
host_utc=2026-09-30T08:10:33.943+00:00 host_mono_ns=2514853133977879 [02:33:57:658 - 7CFBA7989840]: Load start section success.
host_utc=2026-09-30T08:10:33.943+00:00 host_mono_ns=2514853133992647 
host_utc=2026-09-30T08:10:33.943+00:00 host_mono_ns=2514853134036039 [02:33:57:661 - 7CFBA7989840]: Load table segment section success.
host_utc=2026-09-30T08:10:33.943+00:00 host_mono_ns=2514853134058462 
host_utc=2026-09-30T08:10:33.943+00:00 host_mono_ns=2514853134075123 [02:33:57:661 - 7CFBA7989840]: Load datacount section success.
host_utc=2026-09-30T08:10:33.943+00:00 host_mono_ns=2514853134092105 
host_utc=2026-09-30T08:10:33.943+00:00 host_mono_ns=2514853134108797 [02:33:57:662 - 7CFBA7989840]: Load code segment section success.
host_utc=2026-09-30T08:10:33.943+00:00 host_mono_ns=2514853134125649 
host_utc=2026-09-30T08:10:33.943+00:00 host_mono_ns=2514853134142721 [02:33:57:662 - 7CFBA7989840]: Load data segment section success.
host_utc=2026-09-30T08:10:33.943+00:00 host_mono_ns=2514853134159432 
host_utc=2026-09-30T08:10:33.944+00:00 host_mono_ns=2514853134176294 [02:33:57:663 - 7CFBA7989840]: Ignore custom section [.debug_abbrev].
host_utc=2026-09-30T08:10:33.944+00:00 host_mono_ns=2514853134194068 [02:33:57:663 - 7CFBA7989840]: Ignore custom section [.debug_info].
host_utc=2026-09-30T08:10:33.944+00:00 host_mono_ns=2514853134209627 [02:33:57:663 - 7CFBA7989840]: Ignore custom section [.debug_ranges].
host_utc=2026-09-30T08:10:33.944+00:00 host_mono_ns=2514853134224916 [02:33:57:664 - 7CFBA7989840]: Ignore custom section [.debug_str].
host_utc=2026-09-30T08:10:33.944+00:00 host_mono_ns=2514853134254823 [02:33:57:664 - 7CFBA7989840]: Ignore custom section [.debug_line].
host_utc=2026-09-30T08:10:33.944+00:00 host_mono_ns=2514853134267426 [02:33:57:665 - 7CFBA7989840]: Ignore custom section [.debug_loc].
host_utc=2026-09-30T08:10:33.944+00:00 host_mono_ns=2514853134279710 [02:33:57:665 - 7CFBA7989840]: Ignore custom section [name].
host_utc=2026-09-30T08:10:33.944+00:00 host_mono_ns=2514853134292163 [02:33:57:666 - 7CFBA7989840]: Ignore custom section [producers].
host_utc=2026-09-30T08:10:33.944+00:00 host_mono_ns=2514853134304527 [02:33:57:666 - 7CFBA7989840]: Ignore custom section [target_features].
host_utc=2026-09-30T08:10:33.944+00:00 host_mono_ns=2514853134317060 [02:33:57:666 - 7CFBA7989840]: Found aux __heap_base global, value: 7855056
host_utc=2026-09-30T08:10:33.944+00:00 host_mono_ns=2514853134329864 [02:33:57:667 - 7CFBA7989840]: Found aux __data_end global, value: 1301444
host_utc=2026-09-30T08:10:33.944+00:00 host_mono_ns=2514853134342248 [02:33:57:667 - 7CFBA7989840]: Found aux stack top global, value: 7855056, global index: 0, stack size: 6553600
host_utc=2026-09-30T08:10:33.944+00:00 host_mono_ns=2514853134355663 [02:33:57:668 - 7CFBA7989840]: Found malloc function, name: malloc, index: 3154
host_utc=2026-09-30T08:10:33.944+00:00 host_mono_ns=2514853134367846 [02:33:57:669 - 7CFBA7989840]: Found free function, name: free, index: 3156
host_utc=2026-09-30T08:10:33.944+00:00 host_mono_ns=2514853134380220 [02:33:57:396 - 7CFBA7989840]: Load module success.
host_utc=2026-09-30T08:10:33.944+00:00 host_mono_ns=2514853134392783 
host_utc=2026-09-30T08:10:33.944+00:00 host_mono_ns=2514853134404606 [02:33:57:405 - 7CFBA7989840]: Memory instantiate:
host_utc=2026-09-30T08:10:33.944+00:00 host_mono_ns=2514853134416618 [02:33:57:406 - 7CFBA7989840]:   page bytes: 65536, init pages: 16384, max pages: 16384
host_utc=2026-09-30T08:10:33.944+00:00 host_mono_ns=2514853134429192 [02:33:57:406 - 7CFBA7989840]:   heap offset: 1073741824, heap size: 0
host_utc=2026-09-30T08:10:33.944+00:00 host_mono_ns=2514853134441585 
host_utc=2026-09-30T08:10:33.944+00:00 host_mono_ns=2514853134453328 [02:33:57:433 - 7CFBA7989840]: Memory instantiate success.
host_utc=2026-09-30T08:10:33.944+00:00 host_mono_ns=2514853134465531 [02:33:57:560 - 7CFBA7989840]: warning: failed to link import function (env, pthread_exit)
host_utc=2026-09-30T08:10:33.944+00:00 host_mono_ns=2514853134478245 [02:33:57:910 - 7CFBA7989840]: warning: failed to link import function (env, pthread_exit)
host_utc=2026-09-30T08:10:33.944+00:00 host_mono_ns=2514853134490738 [02:33:57:418 - 7CFBA7704640]: warning: failed to link import function (env, pthread_exit)
host_utc=2026-09-30T08:10:33.944+00:00 host_mono_ns=2514853134504845 [02:33:57:541 - 7CFBA7704640]: warning: failed to link import function (env, pthread_exit)
host_utc=2026-09-30T08:10:33.944+00:00 host_mono_ns=2514853134519142 [02:33:57:580 - 7CFBA7989840]: warning: failed to link import function (env, pthread_exit)
host_utc=2026-09-30T08:10:33.944+00:00 host_mono_ns=2514853134533559 [02:33:57:812 - 7CFBA7989840]: warning: failed to link import function (env, pthread_exit)
host_utc=2026-09-30T08:10:33.944+00:00 host_mono_ns=2514853134548247 [02:33:57:559 - 7CFBA7989840]: warning: failed to link import function (env, pthread_exit)
host_utc=2026-09-30T08:10:33.944+00:00 host_mono_ns=2514853134563396 [02:33:57:161 - 7CFBA7989840]: warning: failed to link import function (env, pthread_exit)
host_utc=2026-09-30T08:10:33.944+00:00 host_mono_ns=2514853134578584 [02:33:57:006 - 7CFBA7989840]: warning: failed to link import function (env, pthread_exit)
host_utc=2026-09-30T08:10:33.944+00:00 host_mono_ns=2514853134593412 [02:33:57:656 - 7CFBA7704640]: warning: failed to link import function (env, pthread_exit)
host_utc=2026-09-30T08:10:33.944+00:00 host_mono_ns=2514853134608661 [02:33:57:386 - 7CFBA7704640]: warning: failed to link import function (env, pthread_exit)
host_utc=2026-09-30T08:10:33.944+00:00 host_mono_ns=2514853134634921 [02:33:57:230 - 7CFBA7704640]: warning: failed to link import function (env, pthread_exit)
host_utc=2026-09-30T08:10:33.944+00:00 host_mono_ns=2514853134650560 checkpoint
host_utc=2026-09-30T08:10:33.944+00:00 host_mono_ns=2514853134665699 do_checkpoint_1
host_utc=2026-09-30T08:10:33.944+00:00 host_mono_ns=2514853134680607 wasm_cluster_increase_checkpointing_counter called 1
host_utc=2026-09-30T08:10:33.944+00:00 host_mono_ns=2514853134696347 wasm_cluster_increase_checkpointing_counter called 2
host_utc=2026-09-30T08:10:33.944+00:00 host_mono_ns=2514853134711646 wasm_cluster_increase_checkpointing_counter called 3
host_utc=2026-09-30T08:10:33.944+00:00 host_mono_ns=2514853134727185 do_checkpoint_2
host_utc=2026-09-30T08:10:33.944+00:00 host_mono_ns=2514853134742344 checkpoint
host_utc=2026-09-30T08:10:33.944+00:00 host_mono_ns=2514853134756651 do_checkpoint_1
host_utc=2026-09-30T08:10:33.944+00:00 host_mono_ns=2514853134771168 wasm_cluster_increase_checkpointing_counter called 1
host_utc=2026-09-30T08:10:33.944+00:00 host_mono_ns=2514853134786477 wasm_cluster_increase_checkpointing_counter called 2
host_utc=2026-09-30T08:10:33.944+00:00 host_mono_ns=2514853134801525 wasm_cluster_increase_checkpointing_counter called 3
host_utc=2026-09-30T08:10:33.944+00:00 host_mono_ns=2514853134812636 do_checkpoint_2
host_utc=2026-09-30T08:10:33.944+00:00 host_mono_ns=2514853134823126 checkpoint
host_utc=2026-09-30T08:10:33.944+00:00 host_mono_ns=2514853134833456 do_checkpoint_1
host_utc=2026-09-30T08:10:33.944+00:00 host_mono_ns=2514853134847152 wasm_cluster_increase_checkpointing_counter called 1
host_utc=2026-09-30T08:10:33.944+00:00 host_mono_ns=2514853134862030 wasm_cluster_increase_checkpointing_counter called 2
host_utc=2026-09-30T08:10:33.944+00:00 host_mono_ns=2514853134874002 wasm_cluster_increase_checkpointing_counter called 3
host_utc=2026-09-30T08:10:33.944+00:00 host_mono_ns=2514853134888430 do_checkpoint_2
host_utc=2026-09-30T08:10:33.944+00:00 host_mono_ns=2514853134901404 checkpoint
host_utc=2026-09-30T08:10:33.944+00:00 host_mono_ns=2514853134911864 do_checkpoint_1
host_utc=2026-09-30T08:10:33.944+00:00 host_mono_ns=2514853134922384 wasm_cluster_increase_checkpointing_counter called 1
host_utc=2026-09-30T08:10:33.944+00:00 host_mono_ns=2514853134933074 wasm_cluster_increase_checkpointing_counter called 2
host_utc=2026-09-30T08:10:33.944+00:00 host_mono_ns=2514853134946109 wasm_cluster_increase_checkpointing_counter called 3
host_utc=2026-09-30T08:10:33.944+00:00 host_mono_ns=2514853134959835 do_checkpoint_2
host_utc=2026-09-30T08:10:33.944+00:00 host_mono_ns=2514853134970615 do_checkpoint_1
host_utc=2026-09-30T08:10:33.944+00:00 host_mono_ns=2514853134984211 wasm_cluster_increase_checkpointing_counter called 1
host_utc=2026-09-30T08:10:33.944+00:00 host_mono_ns=2514853134998718 wasm_cluster_increase_checkpointing_counter called 2
host_utc=2026-09-30T08:10:33.944+00:00 host_mono_ns=2514853135071115 wasm_cluster_increase_checkpointmemory, 451
host_utc=2026-09-30T08:10:33.944+00:00 host_mono_ns=2514853135086704 memory, 190
host_utc=2026-09-30T08:10:33.944+00:00 host_mono_ns=2514853135097705 memory, 251
host_utc=2026-09-30T08:10:33.944+00:00 host_mono_ns=2514853135108305 memory, 280
host_utc=2026-09-30T08:10:33.944+00:00 host_mono_ns=2514853135118715 memory, 140
host_utc=2026-09-30T08:10:33.944+00:00 host_mono_ns=2514853135132811 memory, 220
host_utc=2026-09-30T08:10:33.944+00:00 host_mono_ns=2514853135146858 memory, 621
host_utc=2026-09-30T08:10:33.944+00:00 host_mono_ns=2514853135160704 memory, 761
host_utc=2026-09-30T08:10:33.945+00:00 host_mono_ns=2514853135174570 memory, 300
host_utc=2026-09-30T08:10:33.945+00:00 host_mono_ns=2514853135188627 memory, 130
host_utc=2026-09-30T08:10:33.945+00:00 host_mono_ns=2514853135202874 memory, 251
host_utc=2026-09-30T08:10:33.945+00:00 host_mono_ns=2514853135215077 global, 139423
host_utc=2026-09-30T08:10:33.945+00:00 host_mono_ns=2514853135229133 global, 249912
host_utc=2026-09-30T08:10:33.945+00:00 host_mono_ns=2514853135243260 global, 257026
host_utc=2026-09-30T08:10:33.945+00:00 host_mono_ns=2514853135267736 global, 289858
host_utc=2026-09-30T08:10:33.945+00:00 host_mono_ns=2514853135282013 global, 305267
host_utc=2026-09-30T08:10:33.945+00:00 host_mono_ns=2514853135296180 global, 352887
host_utc=2026-09-30T08:10:33.945+00:00 host_mono_ns=2514853135310036 global, 543026
host_utc=2026-09-30T08:10:33.945+00:00 host_mono_ns=2514853135324113 global, 559868
host_utc=2026-09-30T08:10:33.945+00:00 host_mono_ns=2514853135338370 global, 588311
host_utc=2026-09-30T08:10:33.945+00:00 host_mono_ns=2514853135353128 global, 606957
host_utc=2026-09-30T08:10:33.945+00:00 host_mono_ns=2514853135366974 global, 651421
host_utc=2026-09-30T08:10:33.945+00:00 host_mono_ns=2514853135381040 program counter, 583652
host_utc=2026-09-30T08:10:33.945+00:00 host_mono_ns=2514853135395247 program counter, 537135
host_utc=2026-09-30T08:10:33.945+00:00 host_mono_ns=2514853135409123 program counter, 551972
host_utc=2026-09-30T08:10:33.945+00:00 host_mono_ns=2514853135423270 program counter, 531444
host_utc=2026-09-30T08:10:33.945+00:00 host_mono_ns=2514853135437066 ing_counter called 3
host_utc=2026-09-30T08:10:33.945+00:00 host_mono_ns=2514853135450972 do_checkpoint_2
host_utc=2026-09-30T08:10:33.945+00:00 host_mono_ns=2514853135465490 do_checkpoint_1
host_utc=2026-09-30T08:10:33.945+00:00 host_mono_ns=2514853135478284 wasm_cluster_increase_checkpointing_counter called 1
host_utc=2026-09-30T08:10:33.945+00:00 host_mono_ns=2514853135493032 wasm_cluster_increase_checkpointing_counter called 2
host_utc=2026-09-30T08:10:33.945+00:00 host_mono_ns=2514853135507129 wasm_cluster_increase_checkpointing_counter called 3
host_utc=2026-09-30T08:10:33.945+00:00 host_mono_ns=2514853135521536 do_checkpoint_2
host_utc=2026-09-30T08:10:33.945+00:00 host_mono_ns=2514853135535592 do_checkpoint_1
host_utc=2026-09-30T08:10:33.945+00:00 host_mono_ns=2514853135549829 wasm_cluster_increase_checkpointing_counter called 1
host_utc=2026-09-30T08:10:33.945+00:00 host_mono_ns=2514853135564737 wasm_cluster_increase_checkpointing_counter called 2
host_utc=2026-09-30T08:10:33.945+00:00 host_mono_ns=2514853135576219 wasm_cluster_increase_checkpointing_counter called 3
host_utc=2026-09-30T08:10:33.945+00:00 host_mono_ns=2514853135590416 do_checkpoint_1
host_utc=2026-09-30T08:10:33.945+00:00 host_mono_ns=2514853135604472 wasm_cluster_increase_checkpointing_counter called 1
host_utc=2026-09-30T08:10:33.945+00:00 host_mono_ns=2514853135619331 do_checkpoint_2
host_utc=2026-09-30T08:10:33.945+00:00 host_mono_ns=2514853135632195 do_checkpoint_1
host_utc=2026-09-30T08:10:33.945+00:00 host_mono_ns=2514853135646241 wasm_cluster_increase_checkpointing_counter called 1
host_utc=2026-09-30T08:10:33.945+00:00 host_mono_ns=2514853135660869 wasm_cluster_increase_checkpointing_counter called 2
host_utc=2026-09-30T08:10:33.945+00:00 host_mono_ns=2514853135675657 wasm_cluster_increase_checkpointing_counter called 3
host_utc=2026-09-30T08:10:33.945+00:00 host_mono_ns=2514853135687399 wasm_cluster_increase_checkpointing_counter called 2
host_utc=2026-09-30T08:10:33.945+00:00 host_mono_ns=2514853135698089 do_checkpoint_1
host_utc=2026-09-30T08:10:33.945+00:00 host_mono_ns=2514853135708689 wasm_cluster_increase_checkpointing_counter called 1
host_utc=2026-09-30T08:10:33.945+00:00 host_mono_ns=2514853135719370 wasm_cluster_increase_checkpointing_counter called 3
host_utc=2026-09-30T08:10:33.945+00:00 host_mono_ns=2514853135730060 do_checkpoint_2
host_utc=2026-09-30T08:10:33.945+00:00 host_mono_ns=2514853135740520 do_checkpoint_1
host_utc=2026-09-30T08:10:33.945+00:00 host_mono_ns=2514853135750989 wasm_cluster_increase_checkpointing_counter called 1
host_utc=2026-09-30T08:10:33.945+00:00 host_mono_ns=2514853135761519 wasm_cluster_increase_checkpointing_counter called 2
host_utc=2026-09-30T08:10:33.945+00:00 host_mono_ns=2514853135773933 wasm_cluster_increase_checkpointing_counter called 3
host_utc=2026-09-30T08:10:33.945+00:00 host_mono_ns=2514853135788450 do_checkpoint_2
host_utc=2026-09-30T08:10:33.945+00:00 host_mono_ns=2514853135802937 do_checkpoint_2
host_utc=2026-09-30T08:10:33.945+00:00 host_mono_ns=2514853135823767 wasm_cluster_increase_checkpointing_counter called 2
host_utc=2026-09-30T08:10:33.945+00:00 host_mono_ns=2514853135834697 wasm_cluster_increase_checkpointing_counter called 3
host_utc=2026-09-30T08:10:33.945+00:00 host_mono_ns=2514853135845408 do_checkpoint_1
host_utc=2026-09-30T08:10:33.945+00:00 host_mono_ns=2514853135858643 do_checkpoint_2
host_utc=2026-09-30T08:10:33.945+00:00 host_mono_ns=2514853135873050 wasm_cluster_increase_checkpointing_counter called 1
host_utc=2026-09-30T08:10:33.945+00:00 host_mono_ns=2514853135887106 wasm_cluster_increase_checkpointing_counter called 2
host_utc=2026-09-30T08:10:33.945+00:00 host_mono_ns=2514853135901694 wasm_cluster_increase_checkpointing_counter called 3
host_utc=2026-09-30T08:10:33.945+00:00 host_mono_ns=2514853135916101 do_checkpoint_2
host_utc=2026-09-30T08:10:33.945+00:00 host_mono_ns=2514853135930999 do_checkpoint_3
host_utc=2026-09-30T08:10:33.945+00:00 host_mono_ns=2514853135945026 do_checkpoint_3
host_utc=2026-09-30T08:10:33.945+00:00 host_mono_ns=2514853135959133 11-Thread checkpoint started
host_utc=2026-09-30T08:10:33.945+00:00 host_mono_ns=2514853135973249 10-Thread checkpoint started
host_utc=2026-09-30T08:10:33.945+00:00 host_mono_ns=2514853135987847 do_checkpoint_3
host_utc=2026-09-30T08:10:33.945+00:00 host_mono_ns=2514853136011782 do_checkpoint_3
host_utc=2026-09-30T08:10:33.945+00:00 host_mono_ns=2514853136032191 do_checkpoint_3
host_utc=2026-09-30T08:10:33.945+00:00 host_mono_ns=2514853136046277 6-Thread checkpoint started
host_utc=2026-09-30T08:10:33.945+00:00 host_mono_ns=2514853136061175 7-Thread checkpoint started
host_utc=2026-09-30T08:10:33.945+00:00 host_mono_ns=2514853136075032 do_checkpoint_3
host_utc=2026-09-30T08:10:33.945+00:00 host_mono_ns=2514853136088347 8-Thread checkpoint started
host_utc=2026-09-30T08:10:33.945+00:00 host_mono_ns=2514853136102043 9-Thread checkpoint started
host_utc=2026-09-30T08:10:33.945+00:00 host_mono_ns=2514853136115979 do_checkpoint_3
host_utc=2026-09-30T08:10:33.945+00:00 host_mono_ns=2514853136129494 do_checkpoint_3
host_utc=2026-09-30T08:10:33.945+00:00 host_mono_ns=2514853136143781 2-Thread checkpoint started
host_utc=2026-09-30T08:10:33.945+00:00 host_mono_ns=2514853136157818 3-Thread checkpoint started
host_utc=2026-09-30T08:10:33.946+00:00 host_mono_ns=2514853136171854 do_checkpoint_3
host_utc=2026-09-30T08:10:33.946+00:00 host_mono_ns=2514853136185540 do_checkpoint_3
host_utc=2026-09-30T08:10:33.946+00:00 host_mono_ns=2514853136198595 1-Thread checkpoint started
host_utc=2026-09-30T08:10:33.946+00:00 host_mono_ns=2514853136211489 4-Thread checkpoint started
host_utc=2026-09-30T08:10:33.946+00:00 host_mono_ns=2514853136225546 do_checkpoint_3
host_utc=2026-09-30T08:10:33.946+00:00 host_mono_ns=2514853136239122 main-Thread checkpoint started
host_utc=2026-09-30T08:10:33.946+00:00 host_mono_ns=2514853136253098 do_checkpoint_3
host_utc=2026-09-30T08:10:33.946+00:00 host_mono_ns=2514853136266203 5-Thread checkpoint started
host_utc=2026-09-30T08:10:33.946+00:00 host_mono_ns=2514853136280420 Stack: [ 22 21 20 19 18 17 16 15 14 13 12 11 10 9 8 7 6 5 4 3 2 1 0 ]
host_utc=2026-09-30T08:10:33.946+00:00 host_mono_ns=2514853136295328 Stack: [ 1 1 1 1 1 1 1 1 1 1 1 1 1 1 1 1 1 1 1 1 1 1 1 ]
host_utc=2026-09-30T08:10:33.946+00:00 host_mono_ns=2514853136309264 Stack: [ 11 10 9 8 7 6 5 3 2 1 0 ]
host_utc=2026-09-30T08:10:33.946+00:00 host_mono_ns=2514853136322880 Stack: [ 2 1 1 1 1 1 1 2 1 1 1 ]
host_utc=2026-09-30T08:10:33.946+00:00 host_mono_ns=2514853136336445 Stack: [ 11 10 9 8 7 6 5 3 2 1 0 ]
host_utc=2026-09-30T08:10:33.946+00:00 host_mono_ns=2514853136349600 Stack: [ 2 1 1 1 1 1 1 2 1 1 1 ]
host_utc=2026-09-30T08:10:33.946+00:00 host_mono_ns=2514853136362475 Stack: [ 11 10 9 8 7 6 5 3 2 1 0 ]
host_utc=2026-09-30T08:10:33.946+00:00 host_mono_ns=2514853136375339 Stack: [ 2 1 1 1 1 1 1 2 1 1 1 ]
host_utc=2026-09-30T08:10:33.946+00:00 host_mono_ns=2514853136388574 [2026-09-30 08:10:33.944] [info] stack_count=23, stack_size=23
host_utc=2026-09-30T08:10:33.946+00:00 host_mono_ns=2514853136412389 
host_utc=2026-09-30T08:10:33.946+00:00 host_mono_ns=2514853136425794 [2026-09-30 08:10:33.944] [info] local_count=22, local_size=22
host_utc=2026-09-30T08:10:33.946+00:00 host_mono_ns=2514853136440282 
host_utc=2026-09-30T08:10:33.946+00:00 host_mono_ns=2514853136453637 Stack: [ 11 10 9 8 7 6 5 3 2 1 0 ]
host_utc=2026-09-30T08:10:33.946+00:00 host_mono_ns=2514853136467052 Stack: [ 2 1 1 1 1 1 1 2 1 1 1 ]
host_utc=2026-09-30T08:10:33.946+00:00 host_mono_ns=2514853136480488 [2026-09-30 08:10:33.944] [info] stack_count=11, stack_size=13
host_utc=2026-09-30T08:10:33.946+00:00 host_mono_ns=2514853136493592 
host_utc=2026-09-30T08:10:33.946+00:00 host_mono_ns=2514853136506286 [2026-09-30 08:10:33.944] [info] local_count=5, local_size=6
host_utc=2026-09-30T08:10:33.946+00:00 host_mono_ns=2514853136519421 
host_utc=2026-09-30T08:10:33.946+00:00 host_mono_ns=2514853136532516 Stack: [ 22 21 20 19 18 17 16 15 14 13 12 11 10 9 8 7 6 5 4 3 2 1 0 ]
host_utc=2026-09-30T08:10:33.946+00:00 host_mono_ns=2514853136546713 Stack: [ 1 1 1 1 1 1 1 1 1 1 1 1 1 1 1 1 1 1 1 1 1 1 1 ]
host_utc=2026-09-30T08:10:33.946+00:00 host_mono_ns=2514853136560950 [2026-09-30 08:10:33.944] [info] stack_count=11, stack_size=13
host_utc=2026-09-30T08:10:33.946+00:00 host_mono_ns=2514853136574405 
host_utc=2026-09-30T08:10:33.946+00:00 host_mono_ns=2514853136587941 [2026-09-30 08:10:33.944] [info] local_count=5, local_size=6
host_utc=2026-09-30T08:10:33.946+00:00 host_mono_ns=2514853136602508 
host_utc=2026-09-30T08:10:33.946+00:00 host_mono_ns=2514853136615773 [2026-09-30 08:10:33.944] [info] locals: {count=5, size=6}
host_utc=2026-09-30T08:10:33.946+00:00 host_mono_ns=2514853136630130 
host_utc=2026-09-30T08:10:33.946+00:00 host_mono_ns=2514853136644077 [2026-09-30 08:10:33.944] [info] value_stack: {count=6, size=7}
host_utc=2026-09-30T08:10:33.946+00:00 host_mono_ns=2514853136657963 
host_utc=2026-09-30T08:10:33.946+00:00 host_mono_ns=2514853136670827 program counter, 550830
host_utc=2026-09-30T08:10:33.946+00:00 host_mono_ns=2514853136685555 program counter, 511517
host_utc=2026-09-30T08:10:33.946+00:00 host_mono_ns=2514853136700183 Stack: [ 10 9 8 6 5 4 3 2 1 0 ]
host_utc=2026-09-30T08:10:33.946+00:00 host_mono_ns=2514853136715622 Stack: [ 1 1 1 2 1 1 1 1 1 1 ]
host_utc=2026-09-30T08:10:33.946+00:00 host_mono_ns=2514853136730310 [2026-09-30 08:10:33.944] [info] stack_count=11, stack_size=13
host_utc=2026-09-30T08:10:33.946+00:00 host_mono_ns=2514853136745138 
host_utc=2026-09-30T08:10:33.946+00:00 host_mono_ns=2514853136759845 [2026-09-30 08:10:33.944] [info] local_count=5, local_size=6
host_utc=2026-09-30T08:10:33.946+00:00 host_mono_ns=2514853136774784 
host_utc=2026-09-30T08:10:33.946+00:00 host_mono_ns=2514853136789181 [2026-09-30 08:10:33.944] [info] locals: {count=5, size=6}
host_utc=2026-09-30T08:10:33.946+00:00 host_mono_ns=2514853136804570 
host_utc=2026-09-30T08:10:33.946+00:00 host_mono_ns=2514853136818967 [2026-09-30 08:10:33.944] [info] value_stack: {count=6, size=7}
host_utc=2026-09-30T08:10:33.946+00:00 host_mono_ns=2514853136833815 
host_utc=2026-09-30T08:10:33.946+00:00 host_mono_ns=2514853136848072 Stack: [ 11 10 9 8 Stack: [ 10 26-09-30 08:10:33.944] [info] locals: {count=5, size=6}
host_utc=2026-09-30T08:10:33.946+00:00 host_mono_ns=2514853136862690 
host_utc=2026-09-30T08:10:33.946+00:00 host_mono_ns=2514853136876997 7 9 6 5 [2026-09-30 08:10:33.944] [info] value_stack: {count=6, size=7}
host_utc=2026-09-30T08:10:33.946+00:00 host_mono_ns=2514853136891905 
host_utc=2026-09-30T08:10:33.946+00:00 host_mono_ns=2514853136906653 Stack: [ 10 9 8 6 5 4 3 2 Stack: 3 1 2 1 0 0 ]
host_utc=2026-09-30T08:10:33.946+00:00 host_mono_ns=2514853136920599 Stack: [ ]
host_utc=2026-09-30T08:10:33.946+00:00 host_mono_ns=2514853136934626 [2026-09-30 08:10:33.944] [info] stack_count=23, stack_size=23
host_utc=2026-09-30T08:10:33.946+00:00 host_mono_ns=2514853136948622 
host_utc=2026-09-30T08:10:33.946+00:00 host_mono_ns=2514853136963871 program counter, 388263
host_utc=2026-09-30T08:10:33.946+00:00 host_mono_ns=2514853136992775 program counter, 381280
host_utc=2026-09-30T08:10:33.946+00:00 host_mono_ns=2514853137019195 program counter, 390678
host_utc=2026-09-30T08:10:33.946+00:00 host_mono_ns=2514853137040966 Stack: [ 2 1 1 1 1 1 1 2 1 1 1 8 ]
host_utc=2026-09-30T08:10:33.946+00:00 host_mono_ns=2514853137056596 6 5 4 3 2 1 0 ]
host_utc=2026-09-30T08:10:33.946+00:00 host_mono_ns=2514853137071845 Stack: [ 1 1 1 2 1 1 1 1 [2026-09-30 08:10:33.944] [info] local_count=22, local_size=22
host_utc=2026-09-30T08:10:33.946+00:00 host_mono_ns=2514853137084629 
host_utc=2026-09-30T08:10:33.946+00:00 host_mono_ns=2514853137096131 [ 22 [2026-09-30 08:10:33.944] [info] stack_count=11, stack_size=13
host_utc=2026-09-30T08:10:33.946+00:00 host_mono_ns=2514853137110658 
host_utc=2026-09-30T08:10:33.946+00:00 host_mono_ns=2514853137125526 1 1 1 1 2 [ ]
host_utc=2026-09-30T08:10:33.946+00:00 host_mono_ns=2514853137140114 Stack: [ 11 10 9 8 7 6 5 [2026-09-30 08:10:33.944] [info] stack_count=10, stack_size=11
host_utc=2026-09-30T08:10:33.946+00:00 host_mono_ns=2514853137154521 
host_utc=2026-09-30T08:10:33.946+00:00 host_mono_ns=2514853137168938 3 1 1 1 1 1 1 ]
host_utc=2026-09-30T08:10:33.947+00:00 host_mono_ns=2514853137182704 [2026-09-30 08:10:33.944] [info] stack_count=10, stack_size=11
host_utc=2026-09-30T08:10:33.947+00:00 host_mono_ns=2514853137197422 
host_utc=2026-09-30T08:10:33.947+00:00 host_mono_ns=2514853137211629 2 1 0 ]
host_utc=2026-09-30T08:10:33.947+00:00 host_mono_ns=2514853137226076 Stack: [ 2 1 1 1 1 1 1 2 1 1 1 ]
host_utc=2026-09-30T08:10:33.947+00:00 host_mono_ns=2514853137239982 [2026-09-30 08:10:33.944] [info] stack_count=11, stack_size=13
host_utc=2026-09-30T08:10:33.947+00:00 host_mono_ns=2514853137253408 
host_utc=2026-09-30T08:10:33.947+00:00 host_mono_ns=2514853137267414 Stack: [ 22 21 20 19 18 17 16 15 14 13 12 11 10 [2026-09-30 08:10:33.944] [info] locals: {count=22, size=22}
host_utc=2026-09-30T08:10:33.947+00:00 host_mono_ns=2514853137282092 
host_utc=2026-09-30T08:10:33.947+00:00 host_mono_ns=2514853137295748 21 20 19 18 17 16 15 14 13 12 11 10 9 8 7 6 [2026-09-30 08:10:33.944] [info] locals: {count=5, size=6}
host_utc=2026-09-30T08:10:33.947+00:00 host_mono_ns=2514853137310195 
host_utc=2026-09-30T08:10:33.947+00:00 host_mono_ns=2514853137324422 5 4 3 2 1 program counter, 393824
host_utc=2026-09-30T08:10:33.947+00:00 host_mono_ns=2514853137338829 program counter, 368486
host_utc=2026-09-30T08:10:33.947+00:00 host_mono_ns=2514853137352465 Stack: Stack: [ 10 9 8 6 5 4 3 2 1 0 Stack: [2026-09-30 08:10:33.944] [info] local_count=8, local_size=9
host_utc=2026-09-30T08:10:33.947+00:00 host_mono_ns=2514853137366792 
host_utc=2026-09-30T08:10:33.947+00:00 host_mono_ns=2514853137380237 9 0 8 7 6 5 4 Stack: [2026-09-30 08:10:33.944] [info] locals: {count=8, size=9}
host_utc=2026-09-30T08:10:33.947+00:00 host_mono_ns=2514853137394424 
host_utc=2026-09-30T08:10:33.947+00:00 host_mono_ns=2514853137407519 3 2 1 0 ]
host_utc=2026-09-30T08:10:33.947+00:00 host_mono_ns=2514853137421576 Stack: [ 1 1 1 1 1 1 1 1 1 1 1 1 1 1 1 [ [ ]
host_utc=2026-09-30T08:10:33.947+00:00 host_mono_ns=2514853137434680 1 1 1 1 1 [ Stack: 1 [ 76 1 11 1 1 1 2 1 1 1 1 75 [2026-09-30 08:10:33.944] [info] local_count=5, local_size=6
host_utc=2026-09-30T08:10:33.947+00:00 host_mono_ns=2514853137448226 
host_utc=2026-09-30T08:10:33.947+00:00 host_mono_ns=2514853137462172 74 73 72 71 70 69 68 [2026-09-30 08:10:33.944] [info] locals: {count=22, size=22}
host_utc=2026-09-30T08:10:33.947+00:00 host_mono_ns=2514853137477030 
host_utc=2026-09-30T08:10:33.947+00:00 host_mono_ns=2514853137491768 [2026-09-30 08:10:33.944] [info] value_stack: {count=1, size=1}
host_utc=2026-09-30T08:10:33.947+00:00 host_mono_ns=2514853137506516 
host_utc=2026-09-30T08:10:33.947+00:00 host_mono_ns=2514853137518048 10 Stack: [ 76 75 74 73 72 71 70 69 68 67 66 65 64 63 62 61 60 59 58 57 56 55 [2 9 8 7 6 5 3 2 1 0 ]
host_utc=2026-09-30T08:10:33.947+00:00 host_mono_ns=2514853137529129 Stack: [ 2 1 1 1 1 1 1 2 1 1 1 ]
host_utc=2026-09-30T08:10:33.947+00:00 host_mono_ns=2514853137539879 1 1 1 1 1 1 ]
host_utc=2026-09-30T08:10:33.947+00:00 host_mono_ns=2514853137561650 [2026-09-30 08:10:33.944] [info] stack_count=10, stack_size=11
host_utc=2026-09-30T08:10:33.947+00:00 host_mono_ns=2514853137576819 
host_utc=2026-09-30T08:10:33.947+00:00 host_mono_ns=2514853137590815 [2026-09-30 08:10:33.944] [info] local_count=8, local_size=9
host_utc=2026-09-30T08:10:33.947+00:00 host_mono_ns=2514853137605202 
host_utc=2026-09-30T08:10:33.947+00:00 host_mono_ns=2514853137619269 53 [2026-09-30 08:10:33.944] [info] value_stack: {count=2, size=2}
host_utc=2026-09-30T08:10:33.947+00:00 host_mono_ns=2514853137633596 
host_utc=2026-09-30T08:10:33.947+00:00 host_mono_ns=2514853137647292 1 67 1 66 65 [2026-09-30 08:10:33.944] [info] locals: {count=8, size=9}
host_utc=2026-09-30T08:10:33.947+00:00 host_mono_ns=2514853137661649 
host_utc=2026-09-30T08:10:33.947+00:00 host_mono_ns=2514853137675706 1 1 1 1 1 1 1 1 1 1 1 1 1 1 ]
host_utc=2026-09-30T08:10:33.947+00:00 host_mono_ns=2514853137689913 [2026-09-30 08:10:33.944] [info] value_stack: {count=2, size=2}
host_utc=2026-09-30T08:10:33.947+00:00 host_mono_ns=2514853137703929 
host_utc=2026-09-30T08:10:33.947+00:00 host_mono_ns=2514853137717064 64 63 1 52 62 1 1 51 ]
host_utc=2026-09-30T08:10:33.947+00:00 host_mono_ns=2514853137731040 Stack: [ 9 50 49 48 47 46 45 9 9 44 61 [2026-09-30 08:10:33.944] [info] stack_count=23, stack_size=23
host_utc=2026-09-30T08:10:33.947+00:00 host_mono_ns=2514853137745137 
host_utc=2026-09-30T08:10:33.947+00:00 host_mono_ns=2514853137758492 43 60 59 9 Stack: 9 8 7 6 42 [2026-09-30 08:10:33.944] [info] local_count=22, local_size=22
host_utc=2026-09-30T08:10:33.947+00:00 host_mono_ns=2514853137771948 
host_utc=2026-09-30T08:10:33.947+00:00 host_mono_ns=2514853137785834 58 5 4 3 2 1 0 ]
host_utc=2026-09-30T08:10:33.947+00:00 host_mono_ns=2514853137799630 Stack: [ 1 [2 56 55 54 [ 53 52 51 50 49 1 9 1 1 1 1 9 9 9 48 1 9 [2026-09-30 08:10:33.944] [info] local_count=8, local_size=9
host_utc=2026-09-30T08:10:33.947+00:00 host_mono_ns=2514853137814979 
host_utc=2026-09-30T08:10:33.947+00:00 host_mono_ns=2514853137829346 1 47 8 7 6 5 4 3 2 1 0 ]
host_utc=2026-09-30T08:10:33.947+00:00 host_mono_ns=2514853137844064 46 1 1 Stack: [ 1 1 1 1 1 1 1 1 1 1 1 1 1 1 ]
host_utc=2026-09-30T08:10:33.947+00:00 host_mono_ns=2514853137857850 1 1 41 1 1 ]
host_utc=2026-09-30T08:10:33.947+00:00 host_mono_ns=2514853137872147 [2026-09-30 08:10:33.944] [info] stack_count=14, stack_size=14
host_utc=2026-09-30T08:10:33.947+00:00 host_mono_ns=2514853137885923 
host_utc=2026-09-30T08:10:33.947+00:00 host_mono_ns=2514853137899839 [2026-09-30 08:10:33.944] [info] local_count=9, local_size=9
host_utc=2026-09-30T08:10:33.947+00:00 host_mono_ns=2514853137914206 
host_utc=2026-09-30T08:10:33.947+00:00 host_mono_ns=2514853137927692 40 39 38 37 36 35 34 33 32 31 30 29 28 27 26 25 24 23 22 21 20 19 18 17 16 [2026-09-30 08:10:33.944] [info] locals: {count=8, size=9}
host_utc=2026-09-30T08:10:33.947+00:00 host_mono_ns=2514853137942139 
host_utc=2026-09-30T08:10:33.947+00:00 host_mono_ns=2514853137992113 15 14 13 12 11 45 44 43 42 41 40 39 38 37 36 35 34 33 32 31 30 29 28 27 26 25 24 23 22 21 20 19 18 17 16 15 14 13 [2026-09-30 08:10:33.944] [info] locals: {count=5, size=6}
host_utc=2026-09-30T08:10:33.947+00:00 host_mono_ns=2514853138018503 
host_utc=2026-09-30T08:10:33.947+00:00 host_mono_ns=2514853138038942 12 11 10 9 8 7 6 5 4 3 2 1 0 [2026-09-30 08:10:33.944] [info] local_count=5, local_size=6
host_utc=2026-09-30T08:10:33.947+00:00 host_mono_ns=2514853138053329 
host_utc=2026-09-30T08:10:33.947+00:00 host_mono_ns=2514853138066544 [2026-09-30 08:10:33.944] [info] stack_count=23, stack_size=23
host_utc=2026-09-30T08:10:33.947+00:00 host_mono_ns=2514853138080460 
host_utc=2026-09-30T08:10:33.947+00:00 host_mono_ns=2514853138094367 10 Stack: [2026-09-30 08:10:33.944] [info] local_count=22, local_size=22
host_utc=2026-09-30T08:10:33.947+00:00 host_mono_ns=2514853138108854 
host_utc=2026-09-30T08:10:33.947+00:00 host_mono_ns=2514853138122239 9 8 7 6 5 4 3 2 1 0 ]
host_utc=2026-09-30T08:10:33.947+00:00 host_mono_ns=2514853138146175 Stack: [ 1 1 1 1 1 1 1 1 1 1 1 1 1 1 1 1 1 1 1 1 1 1 1 1 1 1 1 1 1 1 1 1 1 1 1 1 1 1 1 1 1 1 1 ]
host_utc=2026-09-30T08:10:33.947+00:00 host_mono_ns=2514853138160732 1 [ [2026-09-30 08:10:33.944] [info] local_count=5, local_size=6
host_utc=2026-09-30T08:10:33.948+00:00 host_mono_ns=2514853138174909 
host_utc=2026-09-30T08:10:33.948+00:00 host_mono_ns=2514853138188264 1 1 1 1 1 1 1 1 1 1 1 1 1 1 1 1 1 1 1 1 1 1 [2026-09-30 08:10:33.944] [info] value_stack: {count=2, size=2}
host_utc=2026-09-30T08:10:33.948+00:00 host_mono_ns=2514853138201870 
host_utc=2026-09-30T08:10:33.948+00:00 host_mono_ns=2514853138214995 [ 1 1 1 1 1 1 1 1 1 1 1 1 1 1 1 1 1 1 1 1 1 1 1 1 1 1 1 1 1 1 1 1 1 1 1 1 1 1 1 1 1 1 1 1 1 1 1 63 1 Stack: 63 [2026-09-30 08:10:33.944] [info] value_stack: {count=6, size=7}
host_utc=2026-09-30T08:10:33.948+00:00 host_mono_ns=2514853138228711 
host_utc=2026-09-30T08:10:33.948+00:00 host_mono_ns=2514853138241735 63 [ 9 9 1 Stack: [ 10 9 8 6 5 4 3 2 1 62 0 ]
host_utc=2026-09-30T08:10:33.948+00:00 host_mono_ns=2514853138256112 Stack: [ 1 1 1 2 1 1 1 1 1 1 ]
host_utc=2026-09-30T08:10:33.948+00:00 host_mono_ns=2514853138270299 61 [2 1 [2026-09-30 08:10:33.944] [info] local_count=8, local_size=9
host_utc=2026-09-30T08:10:33.948+00:00 host_mono_ns=2514853138284276 
host_utc=2026-09-30T08:10:33.948+00:00 host_mono_ns=2514853138298492 1 1 1 1 1 [2026-09-30 08:10:33.944] [info] locals: {count=8, size=9}
host_utc=2026-09-30T08:10:33.948+00:00 host_mono_ns=2514853138312729 
host_utc=2026-09-30T08:10:33.948+00:00 host_mono_ns=2514853138326726 59 58 57 56 9 55 54 53 52 51 50 49 48 47 46 45 44 43 42 [2026-09-30 08:10:33.944] [info] value_stack: {count=2, size=2}
host_utc=2026-09-30T08:10:33.948+00:00 host_mono_ns=2514853138341494 
host_utc=2026-09-30T08:10:33.948+00:00 host_mono_ns=2514853138355630 41 9 9 8 1 Stack: [ 9 9 9 9 9 1 [2026-09-30 08:10:33.944] [info] locals: {count=5, size=6}
host_utc=2026-09-30T08:10:33.948+00:00 host_mono_ns=2514853138370388 
host_utc=2026-09-30T08:10:33.948+00:00 host_mono_ns=2514853138384325 7 40 6 5 4 3 39 2 1 0 1 38 [2026-09-30 08:10:33.944] [info] value_stack: {count=6, size=7}
host_utc=2026-09-30T08:10:33.948+00:00 host_mono_ns=2514853138398782 
host_utc=2026-09-30T08:10:33.948+00:00 host_mono_ns=2514853138412518 1 8 7 6 5 4 3 2 1 0 1 ]
host_utc=2026-09-30T08:10:33.948+00:00 host_mono_ns=2514853138427025 1 1 1 1 Stack: [ 1 1 1 ]
host_utc=2026-09-30T08:10:33.948+00:00 host_mono_ns=2514853138441923 1 1 1 Stack: Stack: [ 026-09-30 08:10:33.944] [info] locals: {count=22, size=22}
host_utc=2026-09-30T08:10:33.948+00:00 host_mono_ns=2514853138456120 
host_utc=2026-09-30T08:10:33.948+00:00 host_mono_ns=2514853138470027 1 1 1 [ 10 ]
host_utc=2026-09-30T08:10:33.948+00:00 host_mono_ns=2514853138484083 1 1 1 1 1 1 1 [ 026-09-30 08:10:33.945] [info] stack_count=77, stack_size=77
host_utc=2026-09-30T08:10:33.948+00:00 host_mono_ns=2514853138498751 
host_utc=2026-09-30T08:10:33.948+00:00 host_mono_ns=2514853138512747 1 37 36 35 1 34 1 1 1 [2026-09-30 08:10:33.945] [info] local_count=77, local_size=77
host_utc=2026-09-30T08:10:33.948+00:00 host_mono_ns=2514853138526523 
host_utc=2026-09-30T08:10:33.948+00:00 host_mono_ns=2514853138540530 1 9 1 [ 33 1 1 1 32 1 31 30 29 28 27 1 1 1 [2026-09-30 08:10:33.945] [info] value_stack: {count=1, size=1}
host_utc=2026-09-30T08:10:33.948+00:00 host_mono_ns=2514853138554596 
host_utc=2026-09-30T08:10:33.948+00:00 host_mono_ns=2514853138567861 Stack: [ 76 75 74 26 73 72 71 70 69 68 67 66 65 64 63 62 61 60 [2026-09-30 08:10:33.944] [info] stack_count=14, stack_size=14
host_utc=2026-09-30T08:10:33.948+00:00 host_mono_ns=2514853138581327 
host_utc=2026-09-30T08:10:33.948+00:00 host_mono_ns=2514853138593490 8 [2026-09-30 08:10:33.945] [info] local_count=9, local_size=9
host_utc=2026-09-30T08:10:33.948+00:00 host_mono_ns=2514853138607627 
host_utc=2026-09-30T08:10:33.948+00:00 host_mono_ns=2514853138621142  6 5 4 3 2 1 0 ]
host_utc=2026-09-30T08:10:33.948+00:00 host_mono_ns=2514853138634828 25 [2026-09-30 08:10:33.945] [info] value_stack: {count=1, size=1}
host_utc=2026-09-30T08:10:33.948+00:00 host_mono_ns=2514853138659254 
host_utc=2026-09-30T08:10:33.948+00:00 host_mono_ns=2514853138672710 24 1 1 1 1 23 1 22 21 20 19 1 1 1 1 1 [2026-09-30 08:10:33.945] [info] locals: {count=9, size=9}
host_utc=2026-09-30T08:10:33.948+00:00 host_mono_ns=2514853138687397 
host_utc=2026-09-30T08:10:33.948+00:00 host_mono_ns=2514853138701644 18 Stack: [ 76 75 74 73 72 1 1 1 1 1 ]
host_utc=2026-09-30T08:10:33.948+00:00 host_mono_ns=2514853138715450 71 1 1 ]
host_utc=2026-09-30T08:10:33.948+00:00 host_mono_ns=2514853138729016 70 Stack: 17 16 15 14 1 13 12[59 11 58 10 9 69 57 8 [2026-09-30 08:10:33.944] [info] locals: {count=5, size=6}
host_utc=2026-09-30T08:10:33.948+00:00 host_mono_ns=2514853138742732 
host_utc=2026-09-30T08:10:33.948+00:00 host_mono_ns=2514853138755987 56 ]
host_utc=2026-09-30T08:10:33.948+00:00 host_mono_ns=2514853138769583 55 7 6 5 4 3 54 53 52 51 50 49 48 47 46 45 44 2 43 42 41 40 39 38 37 36 35 34 33 32 31 30 29 28 27 26 25 24 23 22 21 20 19 18 17 16 15 14 13 12 68 [2 26-09-30 08:10:33.945] [info] value_stack: {count=6, size=7}
host_utc=2026-09-30T08:10:33.948+00:00 host_mono_ns=2514853138785723 
host_utc=2026-09-30T08:10:33.948+00:00 host_mono_ns=2514853138799129 67 66 65 1 10 9 64 8 7 0 63 62 61 [ ]
host_utc=2026-09-30T08:10:33.948+00:00 host_mono_ns=2514853138812724 60 59 58 57 56 55 Stack: 54 53 52 51 [ 1 1 50 1 1 1 1 49 48 47 46 1 1 1 1 45 1 1 1 2 1 1 1 1 1 1 ]
host_utc=2026-09-30T08:10:33.948+00:00 host_mono_ns=2514853138826450 Stack: [ 10 9 8 6 5 4 3 [2026-09-30 08:10:33.945] [info] stack_count=10, stack_size=11
host_utc=2026-09-30T08:10:33.948+00:00 host_mono_ns=2514853138840296 
host_utc=2026-09-30T08:10:33.948+00:00 host_mono_ns=2514853138853571 6 1 5 44 2 1 0 ]
host_utc=2026-09-30T08:10:33.948+00:00 host_mono_ns=2514853138867127 Stack: 43 [ [2026-09-30 08:10:33.945] [info] local_count=8, local_size=9
host_utc=2026-09-30T08:10:33.948+00:00 host_mono_ns=2514853138880893 
host_utc=2026-09-30T08:10:33.948+00:00 host_mono_ns=2514853138894048 4 1 [2026-09-30 08:10:33.945] [info] local_count=9, local_size=9
host_utc=2026-09-30T08:10:33.948+00:00 host_mono_ns=2514853138908706 
host_utc=2026-09-30T08:10:33.948+00:00 host_mono_ns=2514853138923043 3 1 1 1 1 1 1 1 [2026-09-30 08:10:33.945] [info] locals: {count=8, size=9}
host_utc=2026-09-30T08:10:33.948+00:00 host_mono_ns=2514853138937450 
host_utc=2026-09-30T08:10:33.948+00:00 host_mono_ns=2514853138951577 1 [2026-09-30 08:10:33.945] [info] value_stack: {count=2, size=2}
host_utc=2026-09-30T08:10:33.948+00:00 host_mono_ns=2514853138964902 
host_utc=2026-09-30T08:10:33.948+00:00 host_mono_ns=2514853138977886 42 41 1 40 Stack: [ 9 1 2 2 1 1 9 [2026-09-30 08:10:33.945] [info] locals: {count=77, size=77}
host_utc=2026-09-30T08:10:33.948+00:00 host_mono_ns=2514853138991302 
host_utc=2026-09-30T08:10:33.948+00:00 host_mono_ns=2514853139013474 39 [2026-09-30 08:10:33.945] [info] value_stack: {count=0, size=0}
host_utc=2026-09-30T08:10:33.948+00:00 host_mono_ns=2514853139032459 
host_utc=2026-09-30T08:10:33.948+00:00 host_mono_ns=2514853139045895 [2026-09-30 08:10:33.944] [info] locals: {count=8, size=9}
host_utc=2026-09-30T08:10:33.948+00:00 host_mono_ns=2514853139059711 
host_utc=2026-09-30T08:10:33.948+00:00 host_mono_ns=2514853139073778 1 1 1 1 9 Stack: 9 1 0 ]
host_utc=2026-09-30T08:10:33.948+00:00 host_mono_ns=2514853139088175 Stack: [ 1 1 1 1 Stack: [ 9 [2026-09-30 08:10:33.945] [info] value_stack: {count=5, size=5}
host_utc=2026-09-30T08:10:33.948+00:00 host_mono_ns=2514853139099947 
host_utc=2026-09-30T08:10:33.948+00:00 host_mono_ns=2514853139111579 9 1 38 9 [ 9 9 9 37 1 240 1 240 36 1 1 35 1 1 1 1 1 1 1 1 1 8 8 1 ]
host_utc=2026-09-30T08:10:33.948+00:00 host_mono_ns=2514853139125656 1 1 7 6 1 1 1 1 1 1 34 7 5 4 3 2 1 0 ]
host_utc=2026-09-30T08:10:33.948+00:00 host_mono_ns=2514853139140644 Stack: 1 6 33 5 240 4 1 240 240 1 32 1 31 1 1 1 30 29 28 [ 1 3 240 2 240 239 238 237 236 235 234 1 1 0 27 1 26 25 [2026-09-30 08:10:33.945] [info] local_count=77, local_size=77
host_utc=2026-09-30T08:10:33.948+00:00 host_mono_ns=2514853139166613 
host_utc=2026-09-30T08:10:33.949+00:00 host_mono_ns=2514853139181030 1 1 1 1 1 1 1 1 1 1 1 1 1 1 1 1 1 1 ]
host_utc=2026-09-30T08:10:33.949+00:00 host_mono_ns=2514853139195497 233 232 231 230 229 228 227 226 225 1 224 1 1 1 1 1 [2026-09-30 08:10:33.945] [info] stack_count=14, stack_size=14
host_utc=2026-09-30T08:10:33.949+00:00 host_mono_ns=2514853139210315 
host_utc=2026-09-30T08:10:33.949+00:00 host_mono_ns=2514853139224322 [ 1 ]
host_utc=2026-09-30T08:10:33.949+00:00 host_mono_ns=2514853139238829 [2026-09-30 08:10:33.945] [info] local_count=9, local_size=9
host_utc=2026-09-30T08:10:33.949+00:00 host_mono_ns=2514853139252736 
host_utc=2026-09-30T08:10:33.949+00:00 host_mono_ns=2514853139266872 1 1 Stack: 1 [ [ 223 24 1 23 [2 1 222 1 [2026-09-30 08:10:33.945] [info] stack_count=10, stack_size=11
host_utc=2026-09-30T08:10:33.949+00:00 host_mono_ns=2514853139280989 
host_utc=2026-09-30T08:10:33.949+00:00 host_mono_ns=2514853139295226 0 1 21 ]
host_utc=2026-09-30T08:10:33.949+00:00 host_mono_ns=2514853139308882 Stack: [ 1 1 ]
host_utc=2026-09-30T08:10:33.949+00:00 host_mono_ns=2514853139323028 1 [2026-09-30 08:10:33.945] [info] local_count=8, local_size=9
host_utc=2026-09-30T08:10:33.949+00:00 host_mono_ns=2514853139337776 
host_utc=2026-09-30T08:10:33.949+00:00 host_mono_ns=2514853139352204 1 Stack: 221 [ 63 1 63 63 1 1 1 1 1 [2026-09-30 08:10:33.945] [info] locals: {count=9, size=9}
host_utc=2026-09-30T08:10:33.949+00:00 host_mono_ns=2514853139367192 
host_utc=2026-09-30T08:10:33.949+00:00 host_mono_ns=2514853139381529 20 [2026-09-30 08:10:33.945] [info] local_count=63, local_size=63
host_utc=2026-09-30T08:10:33.949+00:00 host_mono_ns=2514853139396267 
host_utc=2026-09-30T08:10:33.949+00:00 host_mono_ns=2514853139410253 19 18 17 16 15 14 13 12 11 10 9 8 7 6 5 4 3 2 1 1 1 1 ]
host_utc=2026-09-30T08:10:33.949+00:00 host_mono_ns=2514853139424650 [2026-09-30 08:10:33.945] [info] locals: {count=77, size=77}
host_utc=2026-09-30T08:10:33.949+00:00 host_mono_ns=2514853139439238 
host_utc=2026-09-30T08:10:33.949+00:00 host_mono_ns=2514853139453435 1 220 1 219 218 1 217 216 215 1 1 1 1 1 1 0 214 213 212 211 210 209 208 207 206 205 204 203 202 201 200 199 1 1 1 1 1 1 1 1 1 1 1 1 1 1 1 1 1 1 1 1 1 1 1 Stack: ]
host_utc=2026-09-30T08:10:33.949+00:00 host_mono_ns=2514853139468183 [2026-09-30 08:10:33.945] [info] stack_count=2, stack_size=2
host_utc=2026-09-30T08:10:33.949+00:00 host_mono_ns=2514853139482880 
host_utc=2026-09-30T08:10:33.949+00:00 host_mono_ns=2514853139497037 62 61 [2026-09-30 08:10:33.945] [info] local_count=2, local_size=2
host_utc=2026-09-30T08:10:33.949+00:00 host_mono_ns=2514853139511374 
host_utc=2026-09-30T08:10:33.949+00:00 host_mono_ns=2514853139525711 60 1 59 58 57 [2 Stack: 198 1 197 196 195 194 193 192 191 190 Stack: 1 1 1 [ [2026-09-30 08:10:33.945] [info] value_stack: {count=5, size=5}
host_utc=2026-09-30T08:10:33.949+00:00 host_mono_ns=2514853139540630 
host_utc=2026-09-30T08:10:33.949+00:00 host_mono_ns=2514853139555107 1 1 1 [ [ 1 9 9 1 189 1 ]
host_utc=2026-09-30T08:10:33.949+00:00 host_mono_ns=2514853139569714 188 187 186 185 184 183 54 240 182 [2026-09-30 08:10:33.945] [info] stack_count=14, stack_size=14
host_utc=2026-09-30T08:10:33.949+00:00 host_mono_ns=2514853139584402 
host_utc=2026-09-30T08:10:33.949+00:00 host_mono_ns=2514853139598228 9 9 9 8 7 6 5 4 3 2 1 0 ]
host_utc=2026-09-30T08:10:33.949+00:00 host_mono_ns=2514853139612425 Stack: 1 [2026-09-30 08:10:33.945] [info] local_count=9, local_size=9
host_utc=2026-09-30T08:10:33.949+00:00 host_mono_ns=2514853139626993 
host_utc=2026-09-30T08:10:33.949+00:00 host_mono_ns=2514853139640719 1 1 1 1 1 1 1 1 1 1 1 1 1 1 1 1 1 1 1 1 1 1 1 1 1 1 181 53 1 Stack: 52 51 50 49 48 47 46 45 44 43 42 41 40 39 38 37 36 [ 35 [2 1 240 180 240 240 179 1 178 177 240 1 176 240 240 33 [2026-09-30 08:10:33.945] [info] value_stack: {count=0, size=0}
host_utc=2026-09-30T08:10:33.949+00:00 host_mono_ns=2514853139656318 
host_utc=2026-09-30T08:10:33.949+00:00 host_mono_ns=2514853139670054 239 [ 175 238 237 236 235 32 1 234 174 1 1 233 232 173 172 171 1 0 Stack: [ 93 170 92 1 169 231 1 ]
host_utc=2026-09-30T08:10:33.949+00:00 host_mono_ns=2514853139700772 168 91 31 230 167 166 165 Stack: 229 228 227 164 163 30 [ [2026-09-30 08:10:33.945] [info] local_count=9, local_size=9
host_utc=2026-09-30T08:10:33.949+00:00 host_mono_ns=2514853139716111 
host_utc=2026-09-30T08:10:33.949+00:00 host_mono_ns=2514853139730128 162 [2026-09-30 08:10:33.945] [info] locals: {count=63, size=63}
host_utc=2026-09-30T08:10:33.949+00:00 host_mono_ns=2514853139744615 
host_utc=2026-09-30T08:10:33.949+00:00 host_mono_ns=2514853139758952 1 [2026-09-30 08:10:33.945] [info] value_stack: {count=3, size=3}
host_utc=2026-09-30T08:10:33.949+00:00 host_mono_ns=2514853139773570 
host_utc=2026-09-30T08:10:33.949+00:00 host_mono_ns=2514853139787606 1 1 ]
host_utc=2026-09-30T08:10:33.949+00:00 host_mono_ns=2514853139801042 [ ]
host_utc=2026-09-30T08:10:33.949+00:00 host_mono_ns=2514853139815880 1 1 29 [2026-09-30 08:10:33.945] [info] local_count=2, local_size=2
host_utc=2026-09-30T08:10:33.949+00:00 host_mono_ns=2514853139827101 
host_utc=2026-09-30T08:10:33.949+00:00 host_mono_ns=2514853139841388 Stack: 28 [ 18 1 17 16 15 1 1 1 14 27 26 1 13 25 1 1 12 24 23 22 21 20 11 10 9 8 7 6 5 4 3 2 1 0 ]
host_utc=2026-09-30T08:10:33.949+00:00 host_mono_ns=2514853139856867 Stack: [ 1 1 1 1 1 1 1 1 1 1 1 1 1 1 1 1 1 1 1 ]
host_utc=2026-09-30T08:10:33.949+00:00 host_mono_ns=2514853139872306 226 [2026-09-30 08:10:33.945] [info] stack_count=19, stack_size=19
host_utc=2026-09-30T08:10:33.949+00:00 host_mono_ns=2514853139887625 
host_utc=2026-09-30T08:10:33.949+00:00 host_mono_ns=2514853139900269 1 19 1 1 1 ]
host_utc=2026-09-30T08:10:33.949+00:00 host_mono_ns=2514853139914837 1 1 1 1 1 1 1 1 1 1 1 1 1 1 1 1 1 1 1 1 1 1 1 1 1 1 1 1 1 1 1 1 1 1 1 1 1 1 1 1 1 1 1 1 1 1 1 1 18 1 1 17 16 15 14 [2 1 161 225 160 [2026-09-30 08:10:33.945] [info] locals: {count=9, size=9}
host_utc=2026-09-30T08:10:33.949+00:00 host_mono_ns=2514853139930797 
host_utc=2026-09-30T08:10:33.949+00:00 host_mono_ns=2514853139945404 13 12 11 1 1 1 1 1 1 10 1 [28 7 224 6 5 4 3 2 1 0 ]
host_utc=2026-09-30T08:10:33.949+00:00 host_mono_ns=2514853139960102 Stack: [ 1 1 1 1 1 1 1 1 1 1 1 1 1 1 1 1 [2026-09-30 08:10:33.945] [info] locals: {count=9, size=9}
host_utc=2026-09-30T08:10:33.949+00:00 host_mono_ns=2514853139974559 
host_utc=2026-09-30T08:10:33.949+00:00 host_mono_ns=2514853139989097 1 159 1 1 1 1 1 1 158 1 157 1 1 Stack: 223 156 [ 155 154 153 152 151 1 0 222 89 ]
host_utc=2026-09-30T08:10:33.949+00:00 host_mono_ns=2514853140014355 150 88 Stack: [ 87 221 1 [2026-09-30 08:10:33.945] [info] stack_count=77, stack_size=77
host_utc=2026-09-30T08:10:33.949+00:00 host_mono_ns=2514853140036056 
host_utc=2026-09-30T08:10:33.949+00:00 host_mono_ns=2514853140051104 220 148 147 146 145 144 143 219 218 217 1 142 141 140 [2026-09-30 08:10:33.945] [info] local_count=77, local_size=77
host_utc=2026-09-30T08:10:33.949+00:00 host_mono_ns=2514853140066263 
host_utc=2026-09-30T08:10:33.949+00:00 host_mono_ns=2514853140080760 ]
host_utc=2026-09-30T08:10:33.949+00:00 host_mono_ns=2514853140095648 139 138 1 137 136 135 134 133 132 131 130 129 128 Stack: 1 [ 63 127 1 1 1 1 1 126 86 125 124 123 216 122 85 1 121 ]
host_utc=2026-09-30T08:10:33.949+00:00 host_mono_ns=2514853140110677 120 119 84 [2026-09-30 08:10:33.945] [info] locals: {count=19, size=19}
host_utc=2026-09-30T08:10:33.949+00:00 host_mono_ns=2514853140125154 
host_utc=2026-09-30T08:10:33.949+00:00 host_mono_ns=2514853140139621 1 [2026-09-30 08:10:33.945] [info] value_stack: {count=0, size=0}
host_utc=2026-09-30T08:10:33.949+00:00 host_mono_ns=2514853140154589 
host_utc=2026-09-30T08:10:33.949+00:00 host_mono_ns=2514853140168566 118 [2026-09-30 08:10:33.945] [info] locals: {count=2, size=2}
host_utc=2026-09-30T08:10:33.950+00:00 host_mono_ns=2514853140179687 
host_utc=2026-09-30T08:10:33.950+00:00 host_mono_ns=2514853140191890 83 82 81 63 80 79 78 77 76 75 117 63 74 62 61 116 60 59 115 114 113 112 58 [2026-09-30 08:10:33.945] [info] value_stack: {count=0, size=0}
host_utc=2026-09-30T08:10:33.950+00:00 host_mono_ns=2514853140216026 
host_utc=2026-09-30T08:10:33.950+00:00 host_mono_ns=2514853140227106 57 73 111 Stack: [2026-09-30 08:10:33.945] [info] stack_count=2, stack_size=2
host_utc=2026-09-30T08:10:33.950+00:00 host_mono_ns=2514853140238077 
host_utc=2026-09-30T08:10:33.950+00:00 host_mono_ns=2514853140248587 [ 110 109 108 107 106 72 93 92 91 90 89 88 87 86 85 84 83 82 81 80 79 78 77 76 75 74 73 72 71 70 69 [2026-09-30 08:10:33.945] [info] local_count=2, local_size=2
host_utc=2026-09-30T08:10:33.950+00:00 host_mono_ns=2514853140259908 
host_utc=2026-09-30T08:10:33.950+00:00 host_mono_ns=2514853140270478 56 68 67 55 54 53 105 1 1 1 1 1 1 1 1 1 1 1 1 1 1 1 1 1 1 1 1 1 1 1 1 1 1 1 1 1 1 1 1 1 1 1 1 1 52 51 50 49 48 47 46 45 44 43 42 41 40 39 38 37 36 35 [2 1 33 [2026-09-30 08:10:33.945] [info] locals: {count=77, size=77}
host_utc=2026-09-30T08:10:33.950+00:00 host_mono_ns=2514853140282000 
host_utc=2026-09-30T08:10:33.950+00:00 host_mono_ns=2514853140292440 71 70 69 68 67 66 65 Stack: [2026-09-30 08:10:33.945] [info] value_stack: {count=0, size=0}
host_utc=2026-09-30T08:10:33.950+00:00 host_mono_ns=2514853140303220 
host_utc=2026-09-30T08:10:33.950+00:00 host_mono_ns=2514853140313680 64 104 32 103 102 101 [ 31 30 29 9 026-09-30 08:10:33.945] [info] stack_count=77, stack_size=77
host_utc=2026-09-30T08:10:33.950+00:00 host_mono_ns=2514853140324430 
host_utc=2026-09-30T08:10:33.950+00:00 host_mono_ns=2514853140334960 100 63 215 Stack: 99 [ 44 98 97 43 [2026-09-30 08:10:33.945] [info] local_count=77, local_size=77
host_utc=2026-09-30T08:10:33.950+00:00 host_mono_ns=2514853140345741 
host_utc=2026-09-30T08:10:33.950+00:00 host_mono_ns=2514853140356271 62 214 213 66 212 211 210 209 208 207 206 205 204 203 202 201 200 199 198 197 196 195 194 193 192 191 8 1 61 42 1 65 1 Stack: 7 96 6 64 [ 95 94 93 92 28 5 60 91 90 27 89 190 [2026-09-30 08:10:33.945] [info] stack_count=14, stack_size=14
host_utc=2026-09-30T08:10:33.950+00:00 host_mono_ns=2514853140367812 
host_utc=2026-09-30T08:10:33.950+00:00 host_mono_ns=2514853140378493 59 63 88 189 [20 87 187 86 186 185 240 58 57 56 [2026-09-30 08:10:33.945] [info] locals: {count=9, size=9}
host_utc=2026-09-30T08:10:33.950+00:00 host_mono_ns=2514853140389393 
host_utc=2026-09-30T08:10:33.950+00:00 host_mono_ns=2514853140399943 55 184 183 182 181 180 62 85 4 26 84 61 ]
host_utc=2026-09-30T08:10:33.950+00:00 host_mono_ns=2514853140435320 3 25 24 23 41 60 22 40 39 38 37 36 35 34 240 21 83 179 59 54 33 240 [2026-09-30 08:10:33.945] [info] value_stack: {count=5, size=5}
host_utc=2026-09-30T08:10:33.950+00:00 host_mono_ns=2514853140446922 
host_utc=2026-09-30T08:10:33.950+00:00 host_mono_ns=2514853140457472 82 81 80 79 78 77 76 75 74 73 72 71 70 69 68 [2066 178 58 53 177 176 175 174 2 57 240 65 173 1 0 ]
host_utc=2026-09-30T08:10:33.950+00:00 host_mono_ns=2514853140469204 Stack: 56 172 [2026-09-30 08:10:33.945] [info] stack_count=66, stack_size=66
host_utc=2026-09-30T08:10:33.950+00:00 host_mono_ns=2514853140483902 
host_utc=2026-09-30T08:10:33.950+00:00 host_mono_ns=2514853140495944 Stack: 52 64 Stack: [ 240 171 [ 32 63 170 31 [ 55 169 20 1 1 1 1 63 19 168 62 1 61 240 167 18 30 1 1 1 240 51 63 17 60 29 166 240 63 62 16 59 58 57 56 55 28 165 27 240 15 54 164 26 240 240 240 240 54 53 50 [2026-09-30 08:10:33.946] [info] locals: {count=63, size=63}
host_utc=2026-09-30T08:10:33.950+00:00 host_mono_ns=2514853140510592 
host_utc=2026-09-30T08:10:33.950+00:00 host_mono_ns=2514853140525130 239 53 238 [ 52 14 13 51 61 1 49 163 ]
host_utc=2026-09-30T08:10:33.950+00:00 host_mono_ns=2514853140540258 52 48 240 60 Stack: 47 237 46 239 236 235 234 50 12 45 44 43 42 25 49 48 47 46 51 11 233 59 45 58 41 238 57 [2 56 232 55 162 10 231 230 229 228 161 160 159 158 44 50 227 24 [2026-09-30 08:10:33.946] [info] locals: {count=10, size=10}
host_utc=2026-09-30T08:10:33.950+00:00 host_mono_ns=2514853140556238 
host_utc=2026-09-30T08:10:33.950+00:00 host_mono_ns=2514853140571056 43 39 237 49 23 22 21 20 [ 48 42 54 236 41 [2026-09-30 08:10:33.946] [info] value_stack: {count=0, size=0}
host_utc=2026-09-30T08:10:33.950+00:00 host_mono_ns=2514853140596885 
host_utc=2026-09-30T08:10:33.950+00:00 host_mono_ns=2514853140612565 18 157 9 226 225 156 17 235 155 154 153 152 151 150 8 47 16 149 53 38 46 19 Stack: [ 20 19 18 52 40 15 18 17 45 14 13 51 148 234 16 224 147 146 44 233 232 7 223 43 50 42 6 15 37 222 49 48 12 41 14 5 36 35 34 33 32 221 47 231 40 39 31 4 46 45 230 220 38 145 39 30 219 229 3 144 29 28 27 26 37 228 227 143 142 141 140 139 2 36 44 226 13 11 43 225 224 138 38 35 10 12 11 1 218 25 42 9 8 7 6 34 217 0 41 40 39 24 17 37 ]
host_utc=2026-09-30T08:10:33.950+00:00 host_mono_ns=2514853140631531 Stack: 23 22 21 33 10 137 36 35 34 33 [ 32 31 30 136 16 32 31 30 29 1 1 29 28 27 26 25 24 23 216 38 28 9 1 215 15 27 22 135 14 26 134 133 132 131 5 25 214 8 13 24 130 1 223 12 11 23 21 7 1 1 1 1 1 1 222 221 220 219 218 6 22 21 129 1 37 20 20 5 4 3 2 1 0 ]
host_utc=2026-09-30T08:10:33.950+00:00 host_mono_ns=2514853140648483 Stack: [ 1 1 36 1 1 1 1 213 10 19 4 212 211 35 210 209 18 20 217 208 34 19 128 19 216 3 33 127 126 125 124 123 1 207 18 122 32 31 30 29 28 27 26 25 206 1 1 2 9 121 1 0 1 17 8 18 215 17 16 1 1 1 1 1 1 1 24 214 213 212 211 210 7 120 16 1 1 1 1 205 1 ]
host_utc=2026-09-30T08:10:33.950+00:00 host_mono_ns=2514853140664713 119 118 117 1 204 1 17 1 6 15 16 15 1 1 203 5 14 14 1 4 209 116 1 15 208 202 13 3 14 Stack: 201 207 12 2 1 [ 200 199 198 197 206 205 204 203 202 201 1 1 13 1 1 1 1 1 1 196 115 1 11 12 200 1 114 113 112 1 1 1 1 1 1 10 9 8 7 6 5 4 3 2 199 198 1 11 1 1 197 111 1 1 1 23 196 13 0 1 1 110 12 1 1 1 109 1 ]
host_utc=2026-09-30T08:10:33.950+00:00 host_mono_ns=2514853140681275 1 11 108 1 0 10 10 1 1 195 1 1 9 ]
host_utc=2026-09-30T08:10:33.950+00:00 host_mono_ns=2514853140696223 1 1 1 1 9 195 8 7 6 Stack: Stack: [ 1 1 [ 1 8 5 4 3 2 1 194 1 194 1 193 22 1 1 1 1 1 1 1 192 1 1 193 7 1 1 1 ]
host_utc=2026-09-30T08:10:33.950+00:00 host_mono_ns=2514853140709628 1 0 ]
host_utc=2026-09-30T08:10:33.950+00:00 host_mono_ns=2514853140720649 [ 1 1 192 [2026-09-30 08:10:33.946] [info] local_count=19, local_size=19
host_utc=2026-09-30T08:10:33.950+00:00 host_mono_ns=2514853140731419 
host_utc=2026-09-30T08:10:33.950+00:00 host_mono_ns=2514853140741969 1 21 1 191 1 1 1 1 1 Stack: 20 6 191 1 107 5 1 1 1 190 4 1 1 1 1 1 1 1 1 189 1 1 1 1 1 1 1 1 1 1 1 1 1 1 1 106 1 19 3 1 1 2 1 1 1 18 1 [ 1 0 1 1 1 1 1 1 ]
host_utc=2026-09-30T08:10:33.950+00:00 host_mono_ns=2514853140753140 ]
host_utc=2026-09-30T08:10:33.950+00:00 host_mono_ns=2514853140764031 1 1 1 [2026-09-30 08:10:33.946] [info] locals: {count=19, size=19}
host_utc=2026-09-30T08:10:33.950+00:00 host_mono_ns=2514853140774681 
host_utc=2026-09-30T08:10:33.950+00:00 host_mono_ns=2514853140785141 1 1 188 17 1 1 190 1 1 1 16 Stack: 1 1 1 189 15 [ 1 1 1 1 1 1 1 188 187 186 185 105 187 1 1 1 1 104 103 186 1 184 102 1 1 1 1 183 101 100 99 98 97 96 182 [20 1 1 180 1 1 1 179 1 1 1 1 185 1 178 1 184 183 177 176 175 1 174 14 173 172 171 1 170 169 168 167 166 13 1 95 1 94 1 1 165 1 93 1 1 1 1 1 1 92 [2026-09-30 08:10:33.946] [info] stack_count=21, stack_size=21
host_utc=2026-09-30T08:10:33.950+00:00 host_mono_ns=2514853140797334 
host_utc=2026-09-30T08:10:33.950+00:00 host_mono_ns=2514853140807904 1 1 1 91 [ 12 12 1 1 182 11 11 10 164 181 180 179 90 ]
host_utc=2026-09-30T08:10:33.950+00:00 host_mono_ns=2514853140819696 10 9 8 7 178 9 1 89 163 [2026-09-30 08:10:33.946] [info] stack_count=45, stack_size=45
host_utc=2026-09-30T08:10:33.950+00:00 host_mono_ns=2514853140830476 
host_utc=2026-09-30T08:10:33.950+00:00 host_mono_ns=2514853140840926 1 162 161 160 159 158 157 156 155 154 153 152 151 150 1 6 ]
host_utc=2026-09-30T08:10:33.950+00:00 host_mono_ns=2514853140851807 [2026-09-30 08:10:33.946] [info] local_count=45, local_size=45
host_utc=2026-09-30T08:10:33.950+00:00 host_mono_ns=2514853140862457 
host_utc=2026-09-30T08:10:33.950+00:00 host_mono_ns=2514853140872897 177 8 88 [2026-09-30 08:10:33.946] [info] local_count=21, local_size=21
host_utc=2026-09-30T08:10:33.950+00:00 host_mono_ns=2514853140883657 
host_utc=2026-09-30T08:10:33.950+00:00 host_mono_ns=2514853140894057 87 1 1 1 1 1 1 5 149 1 1 1 1 1 1 148 4 7 1 1 1 1 [2026-09-30 08:10:33.946] [info] stack_count=66, stack_size=66
host_utc=2026-09-30T08:10:33.950+00:00 host_mono_ns=2514853140919354 
host_utc=2026-09-30T08:10:33.950+00:00 host_mono_ns=2514853140934643 1 147 1 1 1 1 1 1 1 1 1 1 1 1 1 1 1 1 1 1 1 1 146 [2026-09-30 08:10:33.946] [info] local_count=63, local_size=63
host_utc=2026-09-30T08:10:33.950+00:00 host_mono_ns=2514853140950042 
host_utc=2026-09-30T08:10:33.950+00:00 host_mono_ns=2514853140964890 176 1 1 1 1 1 1 5 175 86 1 174 [2026-09-30 08:10:33.946] [info] locals: {count=21, size=21}
host_utc=2026-09-30T08:10:33.950+00:00 host_mono_ns=2514853140979859 
host_utc=2026-09-30T08:10:33.950+00:00 host_mono_ns=2514853140994937 85 1 1 1 1 1 1 1 1 1 1 1 1 1 1 1 1 1 1 1 1 1 1 1 1 1 1 1 1 1 1 1 145 4 144 143 142 141 140 139 1 138 137 1 1 1 1 1 [2026-09-30 08:10:33.946] [info] locals: {count=45, size=45}
host_utc=2026-09-30T08:10:33.950+00:00 host_mono_ns=2514853141021628 
host_utc=2026-09-30T08:10:33.950+00:00 host_mono_ns=2514853141042828 136 1 135 Stack: 3 1 1 1 1 1 1 84 134 133 132 131 130 129 128 127 126 125 124 123 122 [ 1 2 1 83 17 1 121 16 1 15 14 120 [2026-09-30 08:10:33.946] [info] value_stack: {count=0, size=0}
host_utc=2026-09-30T08:10:33.950+00:00 host_mono_ns=2514853141059078 
host_utc=2026-09-30T08:10:33.950+00:00 host_mono_ns=2514853141074497 1 119 118 13 12 1 1 3 0 117 1 2 170 116 115 114 ]
host_utc=2026-09-30T08:10:33.950+00:00 host_mono_ns=2514853141090077 169 168 167 1 82 113 112 111 166 1 165 Stack: [ 11 81 1 [2026-09-30 08:10:33.946] [info] locals: {count=63, size=63}
host_utc=2026-09-30T08:10:33.950+00:00 host_mono_ns=2514853141105857 
host_utc=2026-09-30T08:10:33.950+00:00 host_mono_ns=2514853141121176 164 10 110 80 1 163 162 161 160 159 158 109 79 78 77 76 75 74 73 72 71 70 69 68 67 66 65 64 63 62 61 60 1 1 108 107 106 105 9 1 1 Stack: 1 1 8 1 1 157 [2026-09-30 08:10:33.946] [info] value_stack: {count=3, size=3}
host_utc=2026-09-30T08:10:33.950+00:00 host_mono_ns=2514853141135823 
host_utc=2026-09-30T08:10:33.950+00:00 host_mono_ns=2514853141151162 0 1 1 1 1 ]
host_utc=2026-09-30T08:10:33.950+00:00 host_mono_ns=2514853141164638 Stack: [ 1 [ 1 1 1 1 1 1 1 1 1 1 7 1 1 1 1 1 59 1 13 1 1 1 1 1 1 1 6 12 1 1 58 1 1 1 1 1 1 156 5 4 1 1 57 56 1 1 1 155 3 1 104 1 1 154 1 1 1 1 1 1 1 153 55 54 53 52 51 50 49 48 47 46 45 44 43 42 41 40 39 103 1 11 38 152 151 150 149 148 147 146 145 144 143 142 141 140 1 10 1 139 9 1 Stack: 102 2 1 1 1 1 101 100 8 37 1 1 1 1 1 7 1 1 ]
host_utc=2026-09-30T08:10:33.951+00:00 host_mono_ns=2514853141177011 99 1 1 1 138 1 1 1 1 1 1 [2026-09-30 08:10:33.946] [info] stack_count=13, stack_size=13
host_utc=2026-09-30T08:10:33.951+00:00 host_mono_ns=2514853141187982 
host_utc=2026-09-30T08:10:33.951+00:00 host_mono_ns=2514853141198532 1 36 1 137 136 135 0 6 35 ]
host_utc=2026-09-30T08:10:33.951+00:00 host_mono_ns=2514853141209362 Stack: [ 1 [ 34 [ 134 98 ]
host_utc=2026-09-30T08:10:33.951+00:00 host_mono_ns=2514853141220012 18 133 97 1 96 95 94 132 93 92 1 1 1 1 1 1 1 131 1 91 1 1 1 130 129 128 5 33 127 1 32 126 1 1 90 31 30 29 28 89 88 1 87 1 1 86 [ 27 1 1 1 ]
host_utc=2026-09-30T08:10:33.951+00:00 host_mono_ns=2514853141231153 26 25 [2026-09-30 08:10:33.946] [info] stack_count=18, stack_size=18
host_utc=2026-09-30T08:10:33.951+00:00 host_mono_ns=2514853141241874 
host_utc=2026-09-30T08:10:33.951+00:00 host_mono_ns=2514853141252333 1 1 [2026-09-30 08:10:33.946] [info] local_count=18, local_size=18
host_utc=2026-09-30T08:10:33.951+00:00 host_mono_ns=2514853141263124 
host_utc=2026-09-30T08:10:33.951+00:00 host_mono_ns=2514853141273544 4 3 2 1 0 24 1 [2026-09-30 08:10:33.946] [info] locals: {count=13, size=13}
host_utc=2026-09-30T08:10:33.951+00:00 host_mono_ns=2514853141284174 
host_utc=2026-09-30T08:10:33.951+00:00 host_mono_ns=2514853141294523 23 1 1 Stack: 85 1 22 84 1 21 20 19 83 1 [2026-09-30 08:10:33.946] [info] value_stack: {count=0, size=0}
host_utc=2026-09-30T08:10:33.951+00:00 host_mono_ns=2514853141305283 
host_utc=2026-09-30T08:10:33.951+00:00 host_mono_ns=2514853141315723 124 123 122 121 120 119 118 117 116 115 114 [2026-09-30 08:10:33.946] [info] locals: {count=94, size=94}
host_utc=2026-09-30T08:10:33.951+00:00 host_mono_ns=2514853141337043 
host_utc=2026-09-30T08:10:33.951+00:00 host_mono_ns=2514853141347684 Stack: [ 7 6 5 4 3 2 1 0 ]
host_utc=2026-09-30T08:10:33.951+00:00 host_mono_ns=2514853141358274 Stack: [ 1 1 1 1 1 1 1 1 ]
host_utc=2026-09-30T08:10:33.951+00:00 host_mono_ns=2514853141368884 [2026-09-30 08:10:33.946] [info] value_stack: {count=0, size=0}
host_utc=2026-09-30T08:10:33.951+00:00 host_mono_ns=2514853141379684 
host_utc=2026-09-30T08:10:33.951+00:00 host_mono_ns=2514853141390074 17 1 16 15 14 13 12 11 10 9 8 7 6 5 4 3 1 18 2 17 16 15 14 1 1 1 82 1 1 1 0 81 113 1 ]
host_utc=2026-09-30T08:10:33.951+00:00 host_mono_ns=2514853141400904 1 1 1 80 79 [ 1 1 1 1 112 1 1 1 1 111 1 13 Stack: 12 11 10 9 78 [ 1 1 1 1 1 77 1 Stack: [ 37 36 76 8 1 35 34 33 32 31 30 29 28 75 7 110 [2026-09-30 08:10:33.946] [info] stack_count=8, stack_size=8
host_utc=2026-09-30T08:10:33.951+00:00 host_mono_ns=2514853141412296 
host_utc=2026-09-30T08:10:33.951+00:00 host_mono_ns=2514853141422826 27 109 26 25 108 107 106 105 1 6 1 5 [2026-09-30 08:10:33.947] [info] local_count=8, local_size=8
host_utc=2026-09-30T08:10:33.951+00:00 host_mono_ns=2514853141433586 
host_utc=2026-09-30T08:10:33.951+00:00 host_mono_ns=2514853141444116 104 1 103 102 101 100 99 98 1 24 97 96 95 1 23 1 94 22 21 1 20 1 [2026-09-30 08:10:33.947] [info] locals: {count=8, size=8}
host_utc=2026-09-30T08:10:33.951+00:00 host_mono_ns=2514853141454926 
host_utc=2026-09-30T08:10:33.951+00:00 host_mono_ns=2514853141465326 19 18 17 1 1 1 16 15 1 93 1 [2 4 1 1 1 1 1 1 3 1 1 1 1 1 1 1 1 1 1 1 1 1 1 1 73 1 2 1 72 71 92 1 1 1 70 [2026-01 1 [ 1 91 1 0 13 1 ]
host_utc=2026-09-30T08:10:33.951+00:00 host_mono_ns=2514853141476257 Stack: [ 1 1 1 90 12 1 1 1 1 14 69 89 88 87 86 1 1 13 1 1 1 85 1 1 12 1 1 68 1 1 1 1 1 1 1 1 1 67 [2026-09-30 08:10:33.947] [info] value_stack: {count=0, size=0}
host_utc=2026-09-30T08:10:33.951+00:00 host_mono_ns=2514853141487598 
host_utc=2026-09-30T08:10:33.951+00:00 host_mono_ns=2514853141498128 11 11 1 66 1 84 1 65 1 1 1 83 1 1 1 1 1 1 1 1 1 1 10 1 ]
host_utc=2026-09-30T08:10:33.951+00:00 host_mono_ns=2514853141508988 1 1 10 [2026-09-30 08:10:33.947] [info] stack_count=14, stack_size=14
host_utc=2026-09-30T08:10:33.951+00:00 host_mono_ns=2514853141519779 
host_utc=2026-09-30T08:10:33.951+00:00 host_mono_ns=2514853141532633 9 8 Stack: 9 [2026-09-30 08:10:33.947] [info] local_count=14, local_size=14
host_utc=2026-09-30T08:10:33.951+00:00 host_mono_ns=2514853141547982 
host_utc=2026-09-30T08:10:33.951+00:00 host_mono_ns=2514853141563331 8 82 [ 1 64 7 1 62 81 6 1 7 [2026-09-30 08:10:33.947] [info] locals: {count=14, size=14}
host_utc=2026-09-30T08:10:33.951+00:00 host_mono_ns=2514853141576977 
host_utc=2026-09-30T08:10:33.951+00:00 host_mono_ns=2514853141587567 1 5 1 1 [ 1 1 1 1 1 1 6 1 1 4 5 4 3 2 1 0 ]
host_utc=2026-09-30T08:10:33.951+00:00 host_mono_ns=2514853141598337 Stack: [ 1 1 1 1 1 1 62 3 1 80 1 2 1 1 1 0 1 1 1 1 1 1 1 1 1 1 1 1 1 1 1 1 Stack: 1 1 1 79 [ 7 6 5 1 ]
host_utc=2026-09-30T08:10:33.951+00:00 host_mono_ns=2514853141612294 1 1 1 1 Stack: [ 1 1 1 1 1 78 4 1 1 1 1 1 1 1 1 1 3 61 1 1 1 1 77 1 2 1 1 1 1 1 1 1 1 1 1 1 1 1 1 0 1 1 1 63 1 1 1 1 1 1 1 1 1 1 1 1 1 1 1 1 ]
host_utc=2026-09-30T08:10:33.951+00:00 host_mono_ns=2514853141626360 1 1 1 1 1 1 1 1 1 62 Stack: [ 1 1 1 1 1 1 1 1 1 1 61 1 1 1 1 1 1 1 1 1 1 1 1 ]
host_utc=2026-09-30T08:10:33.951+00:00 host_mono_ns=2514853141637391 1 1 1 60 1 1 1 76 1 1 75 59 1 1 1 1 1 1 58 1 1 1 57 1 60 1 1 1 74 1 1 1 1 1 73 1 1 1 ]
host_utc=2026-09-30T08:10:33.951+00:00 host_mono_ns=2514853141648261 59 1 ]
host_utc=2026-09-30T08:10:33.951+00:00 host_mono_ns=2514853141658892 1 1 [2026-09-30 08:10:33.947] [info] stack_count=94, stack_size=94
host_utc=2026-09-30T08:10:33.951+00:00 host_mono_ns=2514853141669602 
host_utc=2026-09-30T08:10:33.951+00:00 host_mono_ns=2514853141680052 1 72 1 1 1 1 1 1 1 1 1 1 1 1 1 1 1 1 1 1 [2026-09-30 08:10:33.947] [info] stack_count=19, stack_size=19
host_utc=2026-09-30T08:10:33.951+00:00 host_mono_ns=2514853141699037 
host_utc=2026-09-30T08:10:33.951+00:00 host_mono_ns=2514853141709627 1 1 1 1 1 1 1 1 1 ]
host_utc=2026-09-30T08:10:33.951+00:00 host_mono_ns=2514853141720268 1 1 1 1 1 ]
host_utc=2026-09-30T08:10:33.951+00:00 host_mono_ns=2514853141730888 [2026-09-30 08:10:33.947] [info] local_count=19, local_size=19
host_utc=2026-09-30T08:10:33.951+00:00 host_mono_ns=2514853141741668 
host_utc=2026-09-30T08:10:33.951+00:00 host_mono_ns=2514853141752979 58 71 [2026-09-30 08:10:33.947] [info] local_count=94, local_size=94
host_utc=2026-09-30T08:10:33.951+00:00 host_mono_ns=2514853141763950 
host_utc=2026-09-30T08:10:33.951+00:00 host_mono_ns=2514853141775943 ]
host_utc=2026-09-30T08:10:33.951+00:00 host_mono_ns=2514853141787054 70 69 68 67 1 1 1 66 1 65 56 1 1 1 57 56 1 1 [2026-09-30 08:10:33.947] [info] local_count=38, local_size=38
host_utc=2026-09-30T08:10:33.951+00:00 host_mono_ns=2514853141798115 
host_utc=2026-09-30T08:10:33.951+00:00 host_mono_ns=2514853141808564 55 [2026-09-30 08:10:33.947] [info] stack_count=14, stack_size=14
host_utc=2026-09-30T08:10:33.951+00:00 host_mono_ns=2514853141821469 
host_utc=2026-09-30T08:10:33.951+00:00 host_mono_ns=2514853141832299 1 1 1 1 1 1 1 1 1 1 1 1 1 1 1 1 1 1 1 1 1 1 1 1 1 1 1 1 1 1 1 [2026-09-30 08:10:33.947] [info] local_count=14, local_size=14
host_utc=2026-09-30T08:10:33.951+00:00 host_mono_ns=2514853141843049 
host_utc=2026-09-30T08:10:33.951+00:00 host_mono_ns=2514853141853509 55 54 53 1 1 1 1 1 1 1 1 1 1 1 1 1 1 1 1 1 1 1 1 1 1 1 1 1 1 1 1 1 1 1 [2026-09-30 08:10:33.947] [info] value_stack: {count=0, size=0}
host_utc=2026-09-30T08:10:33.951+00:00 host_mono_ns=2514853141864460 
host_utc=2026-09-30T08:10:33.951+00:00 host_mono_ns=2514853141874900 1 52 1 54 [2026-09-30 08:10:33.947] [info] stack_count=66, stack_size=66
host_utc=2026-09-30T08:10:33.951+00:00 host_mono_ns=2514853141885440 
host_utc=2026-09-30T08:10:33.951+00:00 host_mono_ns=2514853141931006 64 63 62 61 60[51 50 Stack: 59 49 [ 48 47 33 32 53 52 51 31 30 50 29 28 27 26 1 49 48 47 46 45 25 1 1 1 1 46 44 24 1 43 23 1 42 1 1 1 1 41 40 39 38 1 1 1 22 1 1 58 45 1 57 1 1 1 1 1 44 1 37 1 1 1 1 1 1 1 1 1 1 1 1 1 1 1 56 1 1 1 55 54 21 1 53 1 1 1 20 52 19 [2026-09-30 08:10:33.947] [info] locals: {count=8, size=8}
host_utc=2026-09-30T08:10:33.951+00:00 host_mono_ns=2514853141945563 
host_utc=2026-09-30T08:10:33.951+00:00 host_mono_ns=2514853141956223 36 Stack: 1 35 34 33 32 31 30 29 [ 1 [2026-09-30 08:10:33.947] [info] value_stack: {count=0, size=0}
host_utc=2026-09-30T08:10:33.951+00:00 host_mono_ns=2514853141967064 
host_utc=2026-09-30T08:10:33.951+00:00 host_mono_ns=2514853141977353 1 18 51 17 1 1 50 49 1 155 48 [2026-09-30 08:10:33.947] [info] value_stack: {count=0, size=0}
host_utc=2026-09-30T08:10:33.951+00:00 host_mono_ns=2514853141988174 
host_utc=2026-09-30T08:10:33.951+00:00 host_mono_ns=2514853141998483 1 Stack: 16 1 1 [2026-09-30 08:10:33.947] [info] locals: {count=94, size=94}
host_utc=2026-09-30T08:10:33.951+00:00 host_mono_ns=2514853142025214 
host_utc=2026-09-30T08:10:33.951+00:00 host_mono_ns=2514853142035844 28 1 1 27 1 1 1 1 1 1 1 1 1 1 1 1 1 1 1 43 [ 1 15 [2026-09-30 08:10:33.947] [info] value_stack: {count=0, size=0}
host_utc=2026-09-30T08:10:33.951+00:00 host_mono_ns=2514853142046704 
host_utc=2026-09-30T08:10:33.951+00:00 host_mono_ns=2514853142057004 1 1 Stack: 47 0 46 [2026-09-30 08:10:33.947] [info] locals: {count=63, size=63}
host_utc=2026-09-30T08:10:33.951+00:00 host_mono_ns=2514853142067634 
host_utc=2026-09-30T08:10:33.951+00:00 host_mono_ns=2514853142077953 155 45 1 155 1 14 44 43 42 41 40 1 [2026-09-30 08:10:33.947] [info] value_stack: {count=3, size=3}
host_utc=2026-09-30T08:10:33.951+00:00 host_mono_ns=2514853142088694 
host_utc=2026-09-30T08:10:33.951+00:00 host_mono_ns=2514853142098943 155 13 ]
host_utc=2026-09-30T08:10:33.951+00:00 host_mono_ns=2514853142109533 1 [ 12 Stack: 26 42 1 155 155 155 1 7 25 41 40 39 38 37 36 35 34 33 [ 1 24 23 22 21 20 19 32 1 1 1 1 1 39 Stack: 11 31 30 29 28 27 26 38 1 6 [ 37 36 1 1 35 Stack: 1 25 34 33 32 31 30 29 24 [ 1 155 ]
host_utc=2026-09-30T08:10:33.951+00:00 host_mono_ns=2514853142129240 18 10 5 37 17 155 155 1 9 36 4 1 1 1 1 1 1 8 7 6 5 4 35 34 28 3 2 1 0 1 16 3 2 1 0 33 27 26 25 ]
host_utc=2026-09-30T08:10:33.951+00:00 host_mono_ns=2514853142140011 15 155 24 ]
host_utc=2026-09-30T08:10:33.951+00:00 host_mono_ns=2514853142150510 155 14 23 13 [2026-09-30 08:10:33.947] [info] stack_count=2, stack_size=2
host_utc=2026-09-30T08:10:33.951+00:00 host_mono_ns=2514853142161130 
host_utc=2026-09-30T08:10:33.952+00:00 host_mono_ns=2514853142171460 22 23 12 ]
host_utc=2026-09-30T08:10:33.952+00:00 host_mono_ns=2514853142181890 18 Stack: 21 22 20 [2026-09-30 08:10:33.947] [info] local_count=2, local_size=2
host_utc=2026-09-30T08:10:33.952+00:00 host_mono_ns=2514853142192460 
host_utc=2026-09-30T08:10:33.952+00:00 host_mono_ns=2514853142202639 21 1 [ 1 1 1 1 1 1 1 1 1 1 19 20 [2026-09-30 08:10:33.947] [info] locals: {count=2, size=2}
host_utc=2026-09-30T08:10:33.952+00:00 host_mono_ns=2514853142213319 
host_utc=2026-09-30T08:10:33.952+00:00 host_mono_ns=2514853142223478 32 31 30 29 28 27 [2026-09-30 08:10:33.947] [info] value_stack: {count=0, size=0}
host_utc=2026-09-30T08:10:33.952+00:00 host_mono_ns=2514853142234078 
host_utc=2026-09-30T08:10:33.952+00:00 host_mono_ns=2514853142244288 155 26 155 1 25 155 1 1 1 1 1 1 1 24 call_stack size: 9
host_utc=2026-09-30T08:10:33.952+00:00 host_mono_ns=2514853142254938 Stack: 23 [ 1 1 CallStackEntry: fidx=3354, offset=26
host_utc=2026-09-30T08:10:33.952+00:00 host_mono_ns=2514853142265488 17 [2026-09-30 08:10:33.947] [info] stack_count=247, stack_size=247
host_utc=2026-09-30T08:10:33.952+00:00 host_mono_ns=2514853142276098 
host_utc=2026-09-30T08:10:33.952+00:00 host_mono_ns=2514853142286247 1 1 1 18 2026-09-30 08:10:33.947] [info] local_count=240, local_size=240
host_utc=2026-09-30T08:10:33.952+00:00 host_mono_ns=2514853142296717 
host_utc=2026-09-30T08:10:33.952+00:00 host_mono_ns=2514853142306976 17 16 15 14 13 12 11 10 9 22 8 7 6 5 4 3 21 pc:
host_utc=2026-09-30T08:10:33.952+00:00 host_mono_ns=2514853142317696 2 1 0 155 1 20 1 1   pc: (3354, 26)
host_utc=2026-09-30T08:10:33.952+00:00 host_mono_ns=2514853142328306 locals:
host_utc=2026-09-30T08:10:33.952+00:00 host_mono_ns=2514853142338836 19   types: 1 1
host_utc=2026-09-30T08:10:33.952+00:00 host_mono_ns=2514853142349326   values: 11 80215372
host_utc=2026-09-30T08:10:33.952+00:00 host_mono_ns=2514853142359686 154 1 1 1 value_stack:
host_utc=2026-09-30T08:10:33.952+00:00 host_mono_ns=2514853142370175 1 ]
host_utc=2026-09-30T08:10:33.952+00:00 host_mono_ns=2514853142380545 16 11 1 1 1 1 1 ]
host_utc=2026-09-30T08:10:33.952+00:00 host_mono_ns=2514853142390975 15 10   types:
host_utc=2026-09-30T08:10:33.952+00:00 host_mono_ns=2514853142401485 [2026-09-30 08:10:33.947] [info] stack_count=8, stack_size=8
host_utc=2026-09-30T08:10:33.952+00:00 host_mono_ns=2514853142412145 
host_utc=2026-09-30T08:10:33.952+00:00 host_mono_ns=2514853142422384 1 1 [2026-09-30 08:10:33.947] [info] local_count=8, local_size=8
host_utc=2026-09-30T08:10:33.952+00:00 host_mono_ns=2514853142432844 
host_utc=2026-09-30T08:10:33.952+00:00 host_mono_ns=2514853142443073 1 1 1 1 1 1 153 1 1 1 152 151 150 Stack: 14 18 1 17 1 16 [ 149   values:
host_utc=2026-09-30T08:10:33.952+00:00 host_mono_ns=2514853142453673 13 1 1 label stack:
host_utc=2026-09-30T08:10:33.952+00:00 host_mono_ns=2514853142464253   size: 1
host_utc=2026-09-30T08:10:33.952+00:00 host_mono_ns=2514853142474733 1 1 1 1 1 9 1 1 1 8 1 1 1 7     begins: 0
host_utc=2026-09-30T08:10:33.952+00:00 host_mono_ns=2514853142485323 1 148 6 19 ]
host_utc=2026-09-30T08:10:33.952+00:00 host_mono_ns=2514853142495683     targets: 57
host_utc=2026-09-30T08:10:33.952+00:00 host_mono_ns=2514853142506242 5 4 3 147 18     stack_pointers: 0
host_utc=2026-09-30T08:10:33.952+00:00 host_mono_ns=2514853142516893 1 15 1 1 14 1 [2026-09-30 08:10:33.947] [info] value_stack: {count=0, size=0}
host_utc=2026-09-30T08:10:33.952+00:00 host_mono_ns=2514853142527603 
host_utc=2026-09-30T08:10:33.952+00:00 host_mono_ns=2514853142537862 1 12 [ 146 11 Stack: 10 [ 1 [ 1 145 144 143 142 141 140 0 1 1 1 17 [2026-09-30 08:10:33.947] [info] locals: {count=240, size=240}
host_utc=2026-09-30T08:10:33.952+00:00 host_mono_ns=2514853142555496 
host_utc=2026-09-30T08:10:33.952+00:00 host_mono_ns=2514853142566015 16 1 8 1     cell_nums: 0
host_utc=2026-09-30T08:10:33.952+00:00 host_mono_ns=2514853142576575 1 1 1 CallStackEntry: fidx=3328, offset=31
host_utc=2026-09-30T08:10:33.952+00:00 host_mono_ns=2514853142587266 1 1 1 1 1 1 1 1 15 1 139 ]
host_utc=2026-09-30T08:10:33.952+00:00 host_mono_ns=2514853142597775 7 1 2 138 1 1 1 1 137 136 135 0 Stack: 134 [ 1 1 ]
host_utc=2026-09-30T08:10:33.952+00:00 host_mono_ns=2514853142608415 133 Stack: [ 1 Stack: 1 1 1 [2026-09-30 08:10:33.947] [info] locals: {count=34, size=34}
host_utc=2026-09-30T08:10:33.952+00:00 host_mono_ns=2514853142619006 
host_utc=2026-09-30T08:10:33.952+00:00 host_mono_ns=2514853142629285 pc:
host_utc=2026-09-30T08:10:33.952+00:00 host_mono_ns=2514853142639705 14 [ 132 131 130   pc: (3328, 31)
host_utc=2026-09-30T08:10:33.952+00:00 host_mono_ns=2514853142650204 ]
host_utc=2026-09-30T08:10:33.952+00:00 host_mono_ns=2514853142660494 13 12 6 1 [2026-09-30 08:10:33.947] [info] value_stack: {count=0, size=0}
host_utc=2026-09-30T08:10:33.952+00:00 host_mono_ns=2514853142671064 
host_utc=2026-09-30T08:10:33.952+00:00 host_mono_ns=2514853142681243 11 1 1 1 10 1 1 1 1 1 Stack: [ 24 129 1 1 1 1 1 026-09-30 08:10:33.947] [info] stack_count=2, stack_size=2
host_utc=2026-09-30T08:10:33.952+00:00 host_mono_ns=2514853142691963 
host_utc=2026-09-30T08:10:33.952+00:00 host_mono_ns=2514853142702273 13 12 11 10 9 8 7 6 5 4 3 2 1 0 ]
host_utc=2026-09-30T08:10:33.952+00:00 host_mono_ns=2514853142712773 Stack: [ [2026-09-30 08:10:33.947] [info] local_count=2, local_size=2
host_utc=2026-09-30T08:10:33.952+00:00 host_mono_ns=2514853142723262 
host_utc=2026-09-30T08:10:33.952+00:00 host_mono_ns=2514853142733532 9 8 7 6 5 4 3 2 1 1 0 1 1 ]
host_utc=2026-09-30T08:10:33.952+00:00 host_mono_ns=2514853142744062 Stack: [ 1 1 1 1 1 [2026-09-30 08:10:33.947] [info] value_stack: {count=0, size=0}
host_utc=2026-09-30T08:10:33.952+00:00 host_mono_ns=2514853142754562 
host_utc=2026-09-30T08:10:33.952+00:00 host_mono_ns=2514853142764871 12 1 5 locals:
host_utc=2026-09-30T08:10:33.952+00:00 host_mono_ns=2514853142775331 1 1 1 4 3 11 1 1 1 1 1 1 10 1 1 1 1 1 1 1 1 1 2 1 1 1 1 1 1 1 1 1 1 1 1 1 1 1 1 1 ]
host_utc=2026-09-30T08:10:33.952+00:00 host_mono_ns=2514853142785921 1   types: 1 1 1 1 1 1 1 1
host_utc=2026-09-30T08:10:33.952+00:00 host_mono_ns=2514853142796471 1 1 1 1 1 1 1 9 0 1 1 1 8 7 ]
host_utc=2026-09-30T08:10:33.952+00:00 host_mono_ns=2514853142806911 1 1 1 1 1 1 1 1 1 1 1 1 1 1 1 Stack: 1 ]
host_utc=2026-09-30T08:10:33.952+00:00 host_mono_ns=2514853142817410 [ 1 1 1 1 1 1   values: 11 80215372 80215396 0 0 0 0 0
host_utc=2026-09-30T08:10:33.952+00:00 host_mono_ns=2514853142828191 1 1 1 1 6 value_stack:
host_utc=2026-09-30T08:10:33.952+00:00 host_mono_ns=2514853142838540   types:
host_utc=2026-09-30T08:10:33.952+00:00 host_mono_ns=2514853142848870   values:
host_utc=2026-09-30T08:10:33.952+00:00 host_mono_ns=2514853142859259 label stack:
host_utc=2026-09-30T08:10:33.952+00:00 host_mono_ns=2514853142869639   size: 1
host_utc=2026-09-30T08:10:33.952+00:00 host_mono_ns=2514853142879959 1 1 1 1 1 1     begins: 0
host_utc=2026-09-30T08:10:33.952+00:00 host_mono_ns=2514853142890358 1 1 1 1 1 call_stack size: 10
host_utc=2026-09-30T08:10:33.952+00:00 host_mono_ns=2514853142900878 CallStackEntry: fidx=3354, offset=26
host_utc=2026-09-30T08:10:33.952+00:00 host_mono_ns=2514853142911368 1 5 128 pc:
host_utc=2026-09-30T08:10:33.952+00:00 host_mono_ns=2514853142921788 1 [2026-09-30 08:10:33.947] [info] stack_count=14, stack_size=14
host_utc=2026-09-30T08:10:33.952+00:00 host_mono_ns=2514853142932398 
host_utc=2026-09-30T08:10:33.952+00:00 host_mono_ns=2514853142942627 127   pc: (3354, 26)
host_utc=2026-09-30T08:10:33.952+00:00 host_mono_ns=2514853142953007 1 1 126 125 124 123 122 121 1 4 1     targets: 622
host_utc=2026-09-30T08:10:33.952+00:00 host_mono_ns=2514853142963577 120 1 locals:
host_utc=2026-09-30T08:10:33.952+00:00 host_mono_ns=2514853142980038 23 119     stack_pointers: 0
host_utc=2026-09-30T08:10:33.952+00:00 host_mono_ns=2514853142990618 22 21 1     cell_nums: 0
host_utc=2026-09-30T08:10:33.952+00:00 host_mono_ns=2514853143015064 [2026-09-30 08:10:33.947] [info] local_count=14, local_size=14
host_utc=2026-09-30T08:10:33.952+00:00 host_mono_ns=2514853143029601 
host_utc=2026-09-30T08:10:33.952+00:00 host_mono_ns=2514853143040031 CallStackEntry: fidx=1363, offset=109
host_utc=2026-09-30T08:10:33.952+00:00 host_mono_ns=2514853143050601 pc:
host_utc=2026-09-30T08:10:33.952+00:00 host_mono_ns=2514853143060991   pc: (1363, 109)
host_utc=2026-09-30T08:10:33.952+00:00 host_mono_ns=2514853143071530 locals:
host_utc=2026-09-30T08:10:33.952+00:00 host_mono_ns=2514853143082040 1 3   types: 1 1 1 1 1 1 1 1 1 1 1 1 1 1
host_utc=2026-09-30T08:10:33.952+00:00 host_mono_ns=2514853143092670 1   values: 40824368 80215360 16 80215344 40824368 35 40824368 527584 40824368 35 527584 0 0 0
host_utc=2026-09-30T08:10:33.952+00:00 host_mono_ns=2514853143103461 value_stack:
host_utc=2026-09-30T08:10:33.952+00:00 host_mono_ns=2514853143113840   types:
host_utc=2026-09-30T08:10:33.952+00:00 host_mono_ns=2514853143124080 1 118 1 117 116 115 2 1 1 1 1 [2026-09-30 08:10:33.947] [info] locals: {count=14, size=14}
host_utc=2026-09-30T08:10:33.952+00:00 host_mono_ns=2514853143134600 
host_utc=2026-09-30T08:10:33.952+00:00 host_mono_ns=2514853143144889 1 1 0   types: 1 1
host_utc=2026-09-30T08:10:33.952+00:00 host_mono_ns=2514853143155259 1 1 1 1 1 114 20 [2026-09-30 08:10:33.947] [info] value_stack: {count=0, size=0}
host_utc=2026-09-30T08:10:33.952+00:00 host_mono_ns=2514853143165779 
host_utc=2026-09-30T08:10:33.953+00:00 host_mono_ns=2514853143176098 1 113 19 1 112 1 18 111   values: 6 47377980
host_utc=2026-09-30T08:10:33.953+00:00 host_mono_ns=2514853143186658 17 16 15 14 13 12 11 10 9 8 ]
host_utc=2026-09-30T08:10:33.953+00:00 host_mono_ns=2514853143197088 7 6 1 value_stack:
host_utc=2026-09-30T08:10:33.953+00:00 host_mono_ns=2514853143207427 Stack: 1 1 [   values:
host_utc=2026-09-30T08:10:33.953+00:00 host_mono_ns=2514853143217807 Stack: 1   types:
host_utc=2026-09-30T08:10:33.953+00:00 host_mono_ns=2514853143228166 [ 7 6 1 110   values:
host_utc=2026-09-30T08:10:33.953+00:00 host_mono_ns=2514853143238506 1 1 5 1 5 1 1 109 1 1 4 3 2 1 1 1 108 1 1 1 1 0 ]
host_utc=2026-09-30T08:10:33.953+00:00 host_mono_ns=2514853143249216 Stack: [ 1 1 1 1 107 label stack:
host_utc=2026-09-30T08:10:33.953+00:00 host_mono_ns=2514853143259626 4 1 1 1 1 106 1 1 1 1 3 label stack:
host_utc=2026-09-30T08:10:33.953+00:00 host_mono_ns=2514853143270076 1 1 105 104 103 2 1 1 1 102   size: 1
host_utc=2026-09-30T08:10:33.953+00:00 host_mono_ns=2514853143280716   size: 1
host_utc=2026-09-30T08:10:33.953+00:00 host_mono_ns=2514853143291185 1 1 1 0 101     begins: 0
host_utc=2026-09-30T08:10:33.953+00:00 host_mono_ns=2514853143301475     targets: 57
host_utc=2026-09-30T08:10:33.953+00:00 host_mono_ns=2514853143311794     stack_pointers: 0
host_utc=2026-09-30T08:10:33.953+00:00 host_mono_ns=2514853143322194     cell_nums: 0
host_utc=2026-09-30T08:10:33.953+00:00 host_mono_ns=2514853143332654 ]
host_utc=2026-09-30T08:10:33.953+00:00 host_mono_ns=2514853143342943 1 1 100     begins: 0
host_utc=2026-09-30T08:10:33.953+00:00 host_mono_ns=2514853143353293 1 1 1 1 1 1 1 1 1 99 Stack: 1 CallStackEntry: fidx=3328, offset=31
host_utc=2026-09-30T08:10:33.953+00:00 host_mono_ns=2514853143363813 1 1 [ 1 1 1 1 1 1 1 1 1 pc:
host_utc=2026-09-30T08:10:33.953+00:00 host_mono_ns=2514853143374162   pc: (3328, 31)
host_utc=2026-09-30T08:10:33.953+00:00 host_mono_ns=2514853143384572 1 1 1 1 ]
host_utc=2026-09-30T08:10:33.953+00:00 host_mono_ns=2514853143394931 locals:
host_utc=2026-09-30T08:10:33.953+00:00 host_mono_ns=2514853143405341 1 026-09-30 08:10:33.948] [info] stack_count=8, stack_size=8
host_utc=2026-09-30T08:10:33.953+00:00 host_mono_ns=2514853143415971 
host_utc=2026-09-30T08:10:33.953+00:00 host_mono_ns=2514853143426311 1 1 1 1 1 1 1   types: 1 1 1 1 1 1 1 1
host_utc=2026-09-30T08:10:33.953+00:00 host_mono_ns=2514853143443884 1 [ 1   values: 6 47377980 47378004 0 0 0 0 0
host_utc=2026-09-30T08:10:33.953+00:00 host_mono_ns=2514853143454734 1 1 1 1 1 1 1 1 1 value_stack:
host_utc=2026-09-30T08:10:33.953+00:00 host_mono_ns=2514853143465264 98 1 1 1 97 1 1 1 1   types:
host_utc=2026-09-30T08:10:33.953+00:00 host_mono_ns=2514853143475684 1 [2026-09-30 08:10:33.948] [info] locals: {count=8, size=8}
host_utc=2026-09-30T08:10:33.953+00:00 host_mono_ns=2514853143486244 
host_utc=2026-09-30T08:10:33.953+00:00 host_mono_ns=2514853143496604 ]
host_utc=2026-09-30T08:10:33.953+00:00 host_mono_ns=2514853143506963 1 1 026-09-30 08:10:33.948] [info] value_stack: {count=0, size=0}
host_utc=2026-09-30T08:10:33.953+00:00 host_mono_ns=2514853143517463 
host_utc=2026-09-30T08:10:33.953+00:00 host_mono_ns=2514853143527772 1 1 1 1 1 1 1 1 1 1 1 1 1 1 1 1 ]
host_utc=2026-09-30T08:10:33.953+00:00 host_mono_ns=2514853143538102 1   [2026-09-30 08:
host_utc=2026-09-30T08:10:33.953+00:00 host_mono_ns=2514853143548421 1     stack_pointers: 0
host_utc=2026-09-30T08:10:33.953+00:00 host_mono_ns=2514853143558921 1 1 1 1 1     cell_nums: 1
host_utc=2026-09-30T08:10:33.953+00:00 host_mono_ns=2514853143569331 CallStackEntry: fidx=817, offset=126
host_utc=2026-09-30T08:10:33.953+00:00 host_mono_ns=2514853143579741 pc:
host_utc=2026-09-30T08:10:33.953+00:00 host_mono_ns=2514853143590120 1 [2pc: (817, 126)
host_utc=2026-09-30T08:10:33.953+00:00 host_mono_ns=2514853143600440 1 1 1 1 1 1 1 1 1 locals:
host_utc=2026-09-30T08:10:33.953+00:00 host_mono_ns=2514853143610769   types: 1 1 1 1 1 1 1 1 1 1 1 1 1 1 1 1 1 1 1 1 1 1 1 1 1 1 1 1 1 1 1 1 1 1 1 1 1 1 1 1 1 1 1 1 1
host_utc=2026-09-30T08:10:33.953+00:00 host_mono_ns=2514853143621500 96   values:
host_utc=2026-09-30T08:10:33.953+00:00 host_mono_ns=2514853143631789 95 94 1 1 label stack:
host_utc=2026-09-30T08:10:33.953+00:00 host_mono_ns=2514853143642199 1 93 1 1 1 1 1 1 1 1 1 [2026-09-30 08:10:33.948] [info] stack_count=38, stack_size=38
host_utc=2026-09-30T08:10:33.953+00:00 host_mono_ns=2514853143652949 
host_utc=2026-09-30T08:10:33.953+00:00 host_mono_ns=2514853143663188 1 1 1 1 1 Stack: [2026-09-30 08:10:33.948] [info] local_count=38, local_size=38
host_utc=2026-09-30T08:10:33.953+00:00 host_mono_ns=2514853143673818 
host_utc=2026-09-30T08:10:33.953+00:00 host_mono_ns=2514853143684058 [ 1 1 [2026-09-30 08:10:33.948] [info] stack_count=25, stack_size=25
host_utc=2026-09-30T08:10:33.953+00:00 host_mono_ns=2514853143694618 
host_utc=2026-09-30T08:10:33.953+00:00 host_mono_ns=2514853143704917 0   values: 527584 80215344 16 80215328 527584 527584 4 80215332 80215332 527584 1 1 1 1000 527584 0 1 0 0 0 0 527584 550804 11988 58 527584 2 255 2 2 2 2 1 1 1 527584 0 527584 41828 527584 1 1 2 0 0
host_utc=2026-09-30T08:10:33.953+00:00 host_mono_ns=2514853143716309 1   size: 1
host_utc=2026-09-30T08:10:33.953+00:00 host_mono_ns=2514853143726798 ]
host_utc=2026-09-30T08:10:33.953+00:00 host_mono_ns=2514853143737178 Stack: [ 1 1 1 [2026-09-30 08:10:33.948] [info] local_count=25, local_size=25
host_utc=2026-09-30T08:10:33.953+00:00 host_mono_ns=2514853143747658 
host_utc=2026-09-30T08:10:33.953+00:00 host_mono_ns=2514853143757907 1 1 1 [2026-09-30 08:10:33.948] [info] locals: {count=19, size=19}
host_utc=2026-09-30T08:10:33.953+00:00 host_mono_ns=2514853143768397 
host_utc=2026-09-30T08:10:33.953+00:00 host_mono_ns=2514853143778636 1 1 1 1 1 1 1 1 1 1 1 1 1 1 1 1 1 1 1 [2026-09-30 08:10:33.948] [info] value_stack: {count=0, size=0}
host_utc=2026-09-30T08:10:33.953+00:00 host_mono_ns=2514853143789226 
host_utc=2026-09-30T08:10:33.953+00:00 host_mono_ns=2514853143799456 ]
host_utc=2026-09-30T08:10:33.953+00:00 host_mono_ns=2514853143809765 1     begins: 0
host_utc=2026-09-30T08:10:33.953+00:00 host_mono_ns=2514853143820175 1 92 1 1 1 1 1 1 1 91     targets: 622
host_utc=2026-09-30T08:10:33.953+00:00 host_mono_ns=2514853143830615 1 90 89     stack_pointers: 0
host_utc=2026-09-30T08:10:33.953+00:00 host_mono_ns=2514853143841054 1 88     cell_nums: 0
host_utc=2026-09-30T08:10:33.953+00:00 host_mono_ns=2514853143857545 87 86 85 CallStackEntry: fidx=1363, offset=109
host_utc=2026-09-30T08:10:33.953+00:00 host_mono_ns=2514853143868216 1 84 Stack: 83 1 1 1 1 [2026-09-30 08:10:33.948] [info] locals: {count=25, size=25}
host_utc=2026-09-30T08:10:33.953+00:00 host_mono_ns=2514853143878796 
host_utc=2026-09-30T08:10:33.953+00:00 host_mono_ns=2514853143889125 1 1 1 pc:
host_utc=2026-09-30T08:10:33.953+00:00 host_mono_ns=2514853143899565 1 1 [ ]
host_utc=2026-09-30T08:10:33.953+00:00 host_mono_ns=2514853143909884 [2026-09-30 0
host_utc=2026-09-30T08:10:33.953+00:00 host_mono_ns=2514853143920254 :10:33.948] [info] value_stack: {count=0, size=0}
host_utc=2026-09-30T08:10:33.953+00:00 host_mono_ns=2514853143930724 
host_utc=2026-09-30T08:10:33.953+00:00 host_mono_ns=2514853143940943 1 12 1   types:
host_utc=2026-09-30T08:10:33.953+00:00 host_mono_ns=2514853143951403   values:
host_utc=2026-09-30T08:10:33.953+00:00 host_mono_ns=2514853143961853 label stack:
host_utc=2026-09-30T08:10:33.953+00:00 host_mono_ns=2514853143972162   size: 3
host_utc=2026-09-30T08:10:33.953+00:00 host_mono_ns=2514853143982512 1 1     begins: 0 87 89
host_utc=2026-09-30T08:10:33.953+00:00 host_mono_ns=2514853143993001     targets: 401 4294967295 89
host_utc=2026-09-30T08:10:33.953+00:00 host_mono_ns=2514853144009733     stack_pointers: 0 0 0
host_utc=2026-09-30T08:10:33.953+00:00 host_mono_ns=2514853144023319   pc: (1363, 109)
host_utc=2026-09-30T08:10:33.953+00:00 host_mono_ns=2514853144033698     cell_nums: 0 0 0
host_utc=2026-09-30T08:10:33.953+00:00 host_mono_ns=2514853144044038 1 locals:
host_utc=2026-09-30T08:10:33.953+00:00 host_mono_ns=2514853144054327 1   types: 1 1 1 1 1 1 1 1 1 1 1 1 1 1
host_utc=2026-09-30T08:10:33.953+00:00 host_mono_ns=2514853144065037 1 1 1 1 1 1 1   values: 40824368 47377968 16 47377952 40824368 43 40824368 603580 40824368 43 603580 0 0 0
host_utc=2026-09-30T08:10:33.953+00:00 host_mono_ns=2514853144075778 82 11 value_stack:
host_utc=2026-09-30T08:10:33.953+00:00 host_mono_ns=2514853144086127   types:
host_utc=2026-09-30T08:10:33.953+00:00 host_mono_ns=2514853144096597 81   values:
host_utc=2026-09-30T08:10:33.953+00:00 host_mono_ns=2514853144106907 label stack:
host_utc=2026-09-30T08:10:33.953+00:00 host_mono_ns=2514853144117276   size: 1
host_utc=2026-09-30T08:10:33.953+00:00 host_mono_ns=2514853144127606 1 1 10 CallStackEntry: fidx=1348, offset=131
host_utc=2026-09-30T08:10:33.953+00:00 host_mono_ns=2514853144138126     begins: 0
host_utc=2026-09-30T08:10:33.953+00:00 host_mono_ns=2514853144148595 9 8     targets: 142
host_utc=2026-09-30T08:10:33.953+00:00 host_mono_ns=2514853144158945     stack_pointers: 0
host_utc=2026-09-30T08:10:33.954+00:00 host_mono_ns=2514853144169335 7 6 5 4 3 2 1     cell_nums: 1
host_utc=2026-09-30T08:10:33.954+00:00 host_mono_ns=2514853144179814 CallStackEntry: fidx=1017, offset=57
host_utc=2026-09-30T08:10:33.954+00:00 host_mono_ns=2514853144190244 pc:
host_utc=2026-09-30T08:10:33.954+00:00 host_mono_ns=2514853144200634 1 80 [2026-09-30 08:10:33.948] [info] stack_count=2, stack_size=2
host_utc=2026-09-30T08:10:33.954+00:00 host_mono_ns=2514853144211134 
host_utc=2026-09-30T08:10:33.954+00:00 host_mono_ns=2514853144221393 Stack: 1 79 78 1 1 77 [2026-09-30 08:10:33.948] [info] local_count=2, local_size=2
host_utc=2026-09-30T08:10:33.954+00:00 host_mono_ns=2514853144231983 
host_utc=2026-09-30T08:10:33.954+00:00 host_mono_ns=2514853144242403 [ 1 1 1 26 pc:
host_utc=2026-09-30T08:10:33.954+00:00 host_mono_ns=2514853144252702   pc: (1348, 131)
host_utc=2026-09-30T08:10:33.954+00:00 host_mono_ns=2514853144262961   pc: (1017, 57)
host_utc=2026-09-30T08:10:33.954+00:00 host_mono_ns=2514853144273311 0 locals:
host_utc=2026-09-30T08:10:33.954+00:00 host_mono_ns=2514853144283530 locals:
host_utc=2026-09-30T08:10:33.954+00:00 host_mono_ns=2514853144293890   types: 1 1 1 1 1 1 1 1 1 1 1 1 1 1 1 1 1 1 1
host_utc=2026-09-30T08:10:33.954+00:00 host_mono_ns=2514853144304450 1   types: 1 1 1 1 1 1 1 1
host_utc=2026-09-30T08:10:33.954+00:00 host_mono_ns=2514853144314920 [ 1 76   values: 1000 80215328 16 80215312 0 1 0 1 0 1 0 0 1000 0 1000 0 0 0 0
host_utc=2026-09-30T08:10:33.954+00:00 host_mono_ns=2514853144331892   values: 603580 47377952 16 47377936 603580 603580 0 0
host_utc=2026-09-30T08:10:33.954+00:00 host_mono_ns=2514853144342692 25 1 1 1 75 24 value_stack:
host_utc=2026-09-30T08:10:33.954+00:00 host_mono_ns=2514853144353092   types:
host_utc=2026-09-30T08:10:33.954+00:00 host_mono_ns=2514853144363491   values:
host_utc=2026-09-30T08:10:33.954+00:00 host_mono_ns=2514853144373761 label stack:
host_utc=2026-09-30T08:10:33.954+00:00 host_mono_ns=2514853144384070   size: 1
host_utc=2026-09-30T08:10:33.954+00:00 host_mono_ns=2514853144394330     begins: 0
host_utc=2026-09-30T08:10:33.954+00:00 host_mono_ns=2514853144404649 ]
host_utc=2026-09-30T08:10:33.954+00:00 host_mono_ns=2514853144414878 1 23     targets: 83
host_utc=2026-09-30T08:10:33.954+00:00 host_mono_ns=2514853144425338 Stack: 1 1     stack_pointers: 0
host_utc=2026-09-30T08:10:33.954+00:00 host_mono_ns=2514853144435918     cell_nums: 0
host_utc=2026-09-30T08:10:33.954+00:00 host_mono_ns=2514853144446368 CallStackEntry: fidx=1187, offset=96
host_utc=2026-09-30T08:10:33.954+00:00 host_mono_ns=2514853144456748 pc:
host_utc=2026-09-30T08:10:33.954+00:00 host_mono_ns=2514853144467107   pc: (1187, 96)
host_utc=2026-09-30T08:10:33.954+00:00 host_mono_ns=2514853144477437 1 1 [2026-09-30 08:10:33.948] [info] value_stack: {count=0, size=0}
host_utc=2026-09-30T08:10:33.954+00:00 host_mono_ns=2514853144487916 
host_utc=2026-09-30T08:10:33.954+00:00 host_mono_ns=2514853144498266 22 74 1 call_stack size: 6
host_utc=2026-09-30T08:10:33.954+00:00 host_mono_ns=2514853144508816 21 [ value_stack:
host_utc=2026-09-30T08:10:33.954+00:00 host_mono_ns=2514853144519276 locals:
host_utc=2026-09-30T08:10:33.954+00:00 host_mono_ns=2514853144529615 CallStackEntry: fidx=3354, offset=26
host_utc=2026-09-30T08:10:33.954+00:00 host_mono_ns=2514853144539955 pc:
host_utc=2026-09-30T08:10:33.954+00:00 host_mono_ns=2514853144550445 1 1 1 1   types:
host_utc=2026-09-30T08:10:33.954+00:00 host_mono_ns=2514853144560934   types: 1 1 1 1 1 1 1 1 1 1 1 1 1
host_utc=2026-09-30T08:10:33.954+00:00 host_mono_ns=2514853144571514 1 73 1   values:
host_utc=2026-09-30T08:10:33.954+00:00 host_mono_ns=2514853144581834 1 1 72 1 1 1 label stack:
host_utc=2026-09-30T08:10:33.954+00:00 host_mono_ns=2514853144592254 [2026-09-30 08:10:33.948] [info] local_count=62, local_size=62
host_utc=2026-09-30T08:10:33.954+00:00 host_mono_ns=2514853144602834 
host_utc=2026-09-30T08:10:33.954+00:00 host_mono_ns=2514853144613133   size: 2
host_utc=2026-09-30T08:10:33.954+00:00 host_mono_ns=2514853144623513     begins: 0 74
host_utc=2026-09-30T08:10:33.954+00:00 host_mono_ns=2514853144633892 20 1   values: 603580 47377936 16 47377920 603580 1 1 1 1 4000 0 0 0
host_utc=2026-09-30T08:10:33.954+00:00 host_mono_ns=2514853144644322     targets: 176 4294967295
host_utc=2026-09-30T08:10:33.954+00:00 host_mono_ns=2514853144654822 19 1 1 1     stack_pointers: 0 0
host_utc=2026-09-30T08:10:33.954+00:00 host_mono_ns=2514853144665372 1     cell_nums: 1 0
host_utc=2026-09-30T08:10:33.954+00:00 host_mono_ns=2514853144675751 CallStackEntry: fidx=1376, offset=341
host_utc=2026-09-30T08:10:33.954+00:00 host_mono_ns=2514853144686291 pc:
host_utc=2026-09-30T08:10:33.954+00:00 host_mono_ns=2514853144696611 71   pc: (3354, 26)
host_utc=2026-09-30T08:10:33.954+00:00 host_mono_ns=2514853144707131 value_stack:
host_utc=2026-09-30T08:10:33.954+00:00 host_mono_ns=2514853144741475   pc: (1376, 341)
host_utc=2026-09-30T08:10:33.954+00:00 host_mono_ns=2514853144752336 locals:
host_utc=2026-09-30T08:10:33.954+00:00 host_mono_ns=2514853144762836 1 locals:
host_utc=2026-09-30T08:10:33.954+00:00 host_mono_ns=2514853144773215   types:
host_utc=2026-09-30T08:10:33.954+00:00 host_mono_ns=2514853144783755 1   types: 1 1 1 1 1 1 1 1 1 1 1 1 1 1 1 1 1 1 1 1 1 1 1 1 1 1 1 1 1 1 1 1 1 1 1 1 1 1 1 1 1 1 1 1 1 1 1 1 1 1 1 1 1 1 1 1 1 1 1 1 1 1 1
host_utc=2026-09-30T08:10:33.954+00:00 host_mono_ns=2514853144794626   types: 1 1
host_utc=2026-09-30T08:10:33.954+00:00 host_mono_ns=2514853144811929 70   values: 2 20963708
host_utc=2026-09-30T08:10:33.954+00:00 host_mono_ns=2514853144822609 value_stack:
host_utc=2026-09-30T08:10:33.954+00:00 host_mono_ns=2514853144832958 1 ]
host_utc=2026-09-30T08:10:33.954+00:00 host_mono_ns=2514853144843598 18 1 69 17   values: 1000 80215312 112 80215200 0 80 80215280 80215280 0 32 80215232 80215232 0 80 80215280 80215280 1000 4294967295 1000 4294967295 0 1 0 0 0 0 0 0 0 0 0 0 1000 8 80215208 80215208 32 80215232 80215232 80 80215280 80215280 8 80215208 80215208 0 0 0 0 0 0 0 0 0 0 0 0 0 0 0 0 0 0
host_utc=2026-09-30T08:10:33.954+00:00 host_mono_ns=2514853144855391 16 value_stack:
host_utc=2026-09-30T08:10:33.954+00:00 host_mono_ns=2514853144865860 1 15   types: 1 1 1
host_utc=2026-09-30T08:10:33.954+00:00 host_mono_ns=2514853144876350 68   values:
host_utc=2026-09-30T08:10:33.954+00:00 host_mono_ns=2514853144886670   types:
host_utc=2026-09-30T08:10:33.954+00:00 host_mono_ns=2514853144897009   values:
host_utc=2026-09-30T08:10:33.954+00:00 host_mono_ns=2514853144907349 label stack:
host_utc=2026-09-30T08:10:33.954+00:00 host_mono_ns=2514853144917678   size: 1
host_utc=2026-09-30T08:10:33.954+00:00 host_mono_ns=2514853144928008     begins: 0
host_utc=2026-09-30T08:10:33.954+00:00 host_mono_ns=2514853144938377     targets: 57
host_utc=2026-09-30T08:10:33.954+00:00 host_mono_ns=2514853144948727     stack_pointers: 0
host_utc=2026-09-30T08:10:33.954+00:00 host_mono_ns=2514853144959197     cell_nums: 0
host_utc=2026-09-30T08:10:33.954+00:00 host_mono_ns=2514853144969606 CallStackEntry: fidx=3328, offset=31
host_utc=2026-09-30T08:10:33.954+00:00 host_mono_ns=2514853144980076 pc:
host_utc=2026-09-30T08:10:33.954+00:00 host_mono_ns=2514853144990526 [2026-09-30 08:10:33.948] [info] value_stack: {count=0, size=0}
host_utc=2026-09-30T08:10:33.954+00:00 host_mono_ns=2514853145009402 
host_utc=2026-09-30T08:10:33.954+00:00 host_mono_ns=2514853145023538 14 13 12 11 10 9 8 7 6 5 4 3 2 1 0 ]
host_utc=2026-09-30T08:10:33.954+00:00 host_mono_ns=2514853145034229 Stack: [ 1 1 1 1 1 1 1 1 1 1 1 1 1 1 1 1 1 1 1 1 1 1 1 1 1 1 1 ]
host_utc=2026-09-30T08:10:33.954+00:00 host_mono_ns=2514853145044879 Stack: [ 33 [2026-09-30 08:10:33.948] [info] locals: {count=62, size=62}
host_utc=2026-09-30T08:10:33.954+00:00 host_mono_ns=2514853145055429 
host_utc=2026-09-30T08:10:33.954+00:00 host_mono_ns=2514853145065648 32 31 30 29 28 27 26 25 24 23 22 21 20 19 18 [2 1 1 Stack: [   values: 80215232 80215232 80215232
host_utc=2026-09-30T08:10:33.954+00:00 host_mono_ns=2514853145076529 label stack:
host_utc=2026-09-30T08:10:33.954+00:00 host_mono_ns=2514853145086848 label stack:
host_utc=2026-09-30T08:10:33.954+00:00 host_mono_ns=2514853145097167 [2026-09-30 08:10:33.948] [info] local_count=240, local_size=240
host_utc=2026-09-30T08:10:33.954+00:00 host_mono_ns=2514853145107737 
host_utc=2026-09-30T08:10:33.954+00:00 host_mono_ns=2514853145118067   size: 3
host_utc=2026-09-30T08:10:33.954+00:00 host_mono_ns=2514853145128417   size: 2
host_utc=2026-09-30T08:10:33.954+00:00 host_mono_ns=2514853145138796 1 67     begins: 0 55 57
host_utc=2026-09-30T08:10:33.954+00:00 host_mono_ns=2514853145149316 1 1 16 66 1 1 65     begins: 0 171
host_utc=2026-09-30T08:10:33.954+00:00 host_mono_ns=2514853145159906 15 14 21     targets: 489 4294967295
host_utc=2026-09-30T08:10:33.955+00:00 host_mono_ns=2514853145170466     stack_pointers: 0 0
host_utc=2026-09-30T08:10:33.955+00:00 host_mono_ns=2514853145181066     cell_nums: 1 0
host_utc=2026-09-30T08:10:33.955+00:00 host_mono_ns=2514853145191556 13 1     targets: 139 4294967295 57
host_utc=2026-09-30T08:10:33.955+00:00 host_mono_ns=2514853145202206 [2026-09-30 08:10:33.948] [info] stack_count=27, stack_size=27
host_utc=2026-09-30T08:10:33.955+00:00 host_mono_ns=2514853145212846 
host_utc=2026-09-30T08:10:33.955+00:00 host_mono_ns=2514853145223176     stack_pointers: 0 0 0
host_utc=2026-09-30T08:10:33.955+00:00 host_mono_ns=2514853145233896     cell_nums: 0 0 0
host_utc=2026-09-30T08:10:33.955+00:00 host_mono_ns=2514853145244416 [2026-09-30 08:10:33.948] [info] local_count=27, local_size=27
host_utc=2026-09-30T08:10:33.955+00:00 host_mono_ns=2514853145261628 
host_utc=2026-09-30T08:10:33.955+00:00 host_mono_ns=2514853145272118 1 64 20 CallStackEntry: fidx=1348, offset=131
host_utc=2026-09-30T08:10:33.955+00:00 host_mono_ns=2514853145282628 pc:
host_utc=2026-09-30T08:10:33.955+00:00 host_mono_ns=2514853145293038   pc: (1348, 131)
host_utc=2026-09-30T08:10:33.955+00:00 host_mono_ns=2514853145303537 locals:
host_utc=2026-09-30T08:10:33.955+00:00 host_mono_ns=2514853145314047 1 1 1 1   types: 1 1 1 1 1 1 1 1 1 1 1 1 1 1 1 1 1 1 1
host_utc=2026-09-30T08:10:33.955+00:00 host_mono_ns=2514853145324828 63 1   values: 4000 47377920 16 47377904 0 1 0 1 0 1 0 0 4000 0 4000 0 0 0 0
host_utc=2026-09-30T08:10:33.955+00:00 host_mono_ns=2514853145335508 1 12 1 62   pc: (3328, 31)
host_utc=2026-09-30T08:10:33.955+00:00 host_mono_ns=2514853145346008 value_stack:
host_utc=2026-09-30T08:10:33.955+00:00 host_mono_ns=2514853145356367   types:
host_utc=2026-09-30T08:10:33.955+00:00 host_mono_ns=2514853145366657   values:
host_utc=2026-09-30T08:10:33.955+00:00 host_mono_ns=2514853145376926 label stack:
host_utc=2026-09-30T08:10:33.955+00:00 host_mono_ns=2514853145387115   size: 2
host_utc=2026-09-30T08:10:33.955+00:00 host_mono_ns=2514853145397445 1 61 locals:
host_utc=2026-09-30T08:10:33.955+00:00 host_mono_ns=2514853145407694   types: 1 1 1 1 1 1 1 1
host_utc=2026-09-30T08:10:33.955+00:00 host_mono_ns=2514853145418214 19 1 ]
host_utc=2026-09-30T08:10:33.955+00:00 host_mono_ns=2514853145428584     begins: 0 74
host_utc=2026-09-30T08:10:33.955+00:00 host_mono_ns=2514853145438913     targets: 176 4294967295
host_utc=2026-09-30T08:10:33.955+00:00 host_mono_ns=2514853145449243     stack_pointers: 0 0
host_utc=2026-09-30T08:10:33.955+00:00 host_mono_ns=2514853145459602     cell_nums: 1 0
host_utc=2026-09-30T08:10:33.955+00:00 host_mono_ns=2514853145469952 CallStackEntry: fidx=1376, offset=341
host_utc=2026-09-30T08:10:33.955+00:00 host_mono_ns=2514853145480371 pc:
host_utc=2026-09-30T08:10:33.955+00:00 host_mono_ns=2514853145490651   pc: (1376, 341)
host_utc=2026-09-30T08:10:33.955+00:00 host_mono_ns=2514853145501061 locals:
host_utc=2026-09-30T08:10:33.955+00:00 host_mono_ns=2514853145511440 [2026-09-30 08:10:33.948] [info] stack_count=13, stack_size=13
host_utc=2026-09-30T08:10:33.955+00:00 host_mono_ns=2514853145522040 
host_utc=2026-09-30T08:10:33.955+00:00 host_mono_ns=2514853145532270 11 60 18 [2026-09-30 08:10:33.948] [info] local_count=13, local_size=13
host_utc=2026-09-30T08:10:33.955+00:00 host_mono_ns=2514853145542829 
host_utc=2026-09-30T08:10:33.955+00:00 host_mono_ns=2514853145553109 17 10   values: 2 20963708 20963732 0 0 0 0 0
host_utc=2026-09-30T08:10:33.955+00:00 host_mono_ns=2514853145563669 16 CallStackEntry: fidx=3322, offset=427
host_utc=2026-09-30T08:10:33.955+00:00 host_mono_ns=2514853145574299   types: 1 1 1 1 1 1 1 1 1 1 1 1 1 1 1 1 1 1 1 1 1 1 1 1 1 1 1 1 1 1 1 1 1 1 1 1 1 1 1 1 1 1 1 1 1 1 1 1 1 1 1 1 1 1 1 1 1 1 1 1 1 1 1
host_utc=2026-09-30T08:10:33.955+00:00 host_mono_ns=2514853145585260 1 59 58 57 56 55 54 53 1   values: 4000 47377904 112 47377792 0 80 47377872 47377872 0 32 47377824 47377824 0 80 47377872 47377872 4000 4294967295 4000 4294967295 0 1 0 0 0 0 0 0 0 0 0 0 4000 8 47377800 47377800 32 47377824 47377824 80 47377872 47377872 8 47377800 47377800 0 0 0 0 0 0 0 0 0 0 0 0 0 0 0 0 0 0
host_utc=2026-09-30T08:10:33.955+00:00 host_mono_ns=2514853145596761 52 [2026-09-30 08:10:33.948] [info] value_stack: {count=0, size=0}
host_utc=2026-09-30T08:10:33.955+00:00 host_mono_ns=2514853145607341 
host_utc=2026-09-30T08:10:33.955+00:00 host_mono_ns=2514853145617641 pc:
host_utc=2026-09-30T08:10:33.955+00:00 host_mono_ns=2514853145627960 51 15 9 value_stack:
host_utc=2026-09-30T08:10:33.955+00:00 host_mono_ns=2514853145638390   pc: (3322, 427)
host_utc=2026-09-30T08:10:33.955+00:00 host_mono_ns=2514853145648750   types:
host_utc=2026-09-30T08:10:33.955+00:00 host_mono_ns=2514853145659069 50 14 locals:
host_utc=2026-09-30T08:10:33.955+00:00 host_mono_ns=2514853145675400 49 value_stack:
host_utc=2026-09-30T08:10:33.955+00:00 host_mono_ns=2514853145685880 [2026-09-30 08:10:33.948] [info] locals: {count=13, size=13}
host_utc=2026-09-30T08:10:33.955+00:00 host_mono_ns=2514853145696400 
host_utc=2026-09-30T08:10:33.955+00:00 host_mono_ns=2514853145706729 13 1   types: 1 1 1 1 1 1 1 1 1
host_utc=2026-09-30T08:10:33.955+00:00 host_mono_ns=2514853145717239 [ 14 48   types: 1 1 1
host_utc=2026-09-30T08:10:33.955+00:00 host_mono_ns=2514853145727659 8   values:
host_utc=2026-09-30T08:10:33.955+00:00 host_mono_ns=2514853145738118   values: 80215232 80215280 80215208 80215168 2 0 80215188 80215264 1
host_utc=2026-09-30T08:10:33.955+00:00 host_mono_ns=2514853145748819 47 46 7 6 5 label stack:
host_utc=2026-09-30T08:10:33.955+00:00 host_mono_ns=2514853145759198   size: 1
host_utc=2026-09-30T08:10:33.955+00:00 host_mono_ns=2514853145769638     begins: 0
host_utc=2026-09-30T08:10:33.955+00:00 host_mono_ns=2514853145779998 12 1 1 13 4 3 2     targets: 622
host_utc=2026-09-30T08:10:33.955+00:00 host_mono_ns=2514853145790377 45 44 43 42 41 40 39 38     stack_pointers: 0
host_utc=2026-09-30T08:10:33.955+00:00 host_mono_ns=2514853145800977 1     cell_nums: 0
host_utc=2026-09-30T08:10:33.955+00:00 host_mono_ns=2514853145811407 CallStackEntry: fidx=1363, offset=109
host_utc=2026-09-30T08:10:33.955+00:00 host_mono_ns=2514853145821857 pc:
host_utc=2026-09-30T08:10:33.955+00:00 host_mono_ns=2514853145832216   pc: (1363, 109)
host_utc=2026-09-30T08:10:33.955+00:00 host_mono_ns=2514853145842666 locals:
host_utc=2026-09-30T08:10:33.955+00:00 host_mono_ns=2514853145853086 37   types: 1 1 1 1 1 1 1 1 1 1 1 1 1 1
host_utc=2026-09-30T08:10:33.955+00:00 host_mono_ns=2514853145863716 0 [2026-09-30 08:10:33.948] [info] value_stack: {count=0, size=0}
host_utc=2026-09-30T08:10:33.955+00:00 host_mono_ns=2514853145874326 
host_utc=2026-09-30T08:10:33.955+00:00 host_mono_ns=2514853145884525 36 1 12 value_stack:
host_utc=2026-09-30T08:10:33.955+00:00 host_mono_ns=2514853145894825 35 34 33   types: 1 1 1 1 1
host_utc=2026-09-30T08:10:33.955+00:00 host_mono_ns=2514853145905455 1 32 31 30 29 28 27   values: 7855136 20963696 16 20963680 7855136 95 7855136 1165076 7855136 95 1165076 0 0 0
host_utc=2026-09-30T08:10:33.955+00:00 host_mono_ns=2514853145916315 1 1   values: 80215188 80215188 80215188 80215188 80215188
host_utc=2026-09-30T08:10:33.955+00:00 host_mono_ns=2514853145927025 1 11 [2026-09-30 08:10:33.948] [info] locals: {count=240, size=240}
host_utc=2026-09-30T08:10:33.955+00:00 host_mono_ns=2514853145937696 
host_utc=2026-09-30T08:10:33.955+00:00 host_mono_ns=2514853145947935 10   values: 47377824 47377824 47377824
host_utc=2026-09-30T08:10:33.955+00:00 host_mono_ns=2514853145958455 11 label stack:
host_utc=2026-09-30T08:10:33.955+00:00 host_mono_ns=2514853145968794 9 8 1 label stack:
host_utc=2026-09-30T08:10:33.955+00:00 host_mono_ns=2514853145979134   size: [
host_utc=2026-09-30T08:10:33.955+00:00 host_mono_ns=2514853145989513   size: 2
host_utc=2026-09-30T08:10:33.955+00:00 host_mono_ns=2514853145999903 ]
host_utc=2026-09-30T08:10:33.955+00:00 host_mono_ns=2514853146020632 7 6 value_stack:
host_utc=2026-09-30T08:10:33.955+00:00 host_mono_ns=2514853146031122 10 1 1 1 1     begins: 0 56
host_utc=2026-09-30T08:10:33.955+00:00 host_mono_ns=2514853146041542 Stack: [ 1 1 26 1 1 1 1 1 1     targets: 1233 4294967295
host_utc=2026-09-30T08:10:33.955+00:00 host_mono_ns=2514853146052112   types:
host_utc=2026-09-30T08:10:33.955+00:00 host_mono_ns=2514853146062441 1 1 9     begins: 0 171
host_utc=2026-09-30T08:10:33.955+00:00 host_mono_ns=2514853146072821 1 1 1 1 1 1   values:
host_utc=2026-09-30T08:10:33.955+00:00 host_mono_ns=2514853146083200 label stack:
host_utc=2026-09-30T08:10:33.955+00:00 host_mono_ns=2514853146093460   size: 1
host_utc=2026-09-30T08:10:33.955+00:00 host_mono_ns=2514853146103849     begins: 0
host_utc=2026-09-30T08:10:33.955+00:00 host_mono_ns=2514853146114159     targets: 142
host_utc=2026-09-30T08:10:33.955+00:00 host_mono_ns=2514853146124418     stack_pointers: 0
host_utc=2026-09-30T08:10:33.955+00:00 host_mono_ns=2514853146146290     cell_nums: 1
host_utc=2026-09-30T08:10:33.955+00:00 host_mono_ns=2514853146156759 CallStackEntry: fidx=1294, offset=700
host_utc=2026-09-30T08:10:33.955+00:00 host_mono_ns=2514853146167249 1 1 1 1 5 1 Stack: 1 1 4 3 1 1 1     targets: 489 4294967295
host_utc=2026-09-30T08:10:33.956+00:00 host_mono_ns=2514853146177889 1 2 1 [     stack_pointers: 0 0
host_utc=2026-09-30T08:10:33.956+00:00 host_mono_ns=2514853146188349 pc:
host_utc=2026-09-30T08:10:33.956+00:00 host_mono_ns=2514853146198739 8 25 7   pc: (1294, 700)
host_utc=2026-09-30T08:10:33.956+00:00 host_mono_ns=2514853146209048 locals:
host_utc=2026-09-30T08:10:33.956+00:00 host_mono_ns=2514853146219368 1 1 1 6 5 0     cell_nums: 1 0
host_utc=2026-09-30T08:10:33.956+00:00 host_mono_ns=2514853146229767 7 CallStackEntry: fidx=3320, offset=189
host_utc=2026-09-30T08:10:33.956+00:00 host_mono_ns=2514853146240267 pc:
host_utc=2026-09-30T08:10:33.956+00:00 host_mono_ns=2514853146250627   pc: (3320, 189)
host_utc=2026-09-30T08:10:33.956+00:00 host_mono_ns=2514853146261207 1 1   types: 1 1 1 1 1 1 1 1 1 1 1 1 1 1 1 1 1 1 1 1 1 1 1 1 1 1 1 1 1 1 1 1 1 1 1 1 1 1 1 1 1 1 1 1 1 1 1 1 1 1 1 1 1 1 1 1 1 1 1 1 1 1 1 1 1 1 1 1 1 1 1 1 1 1 1 1 1 1 1 1 1 1 1 1 1 1 1 1 1 1 1 1 1 1 1 1 1 1 1 1 1 1 1 1 1 1 1 1 1 1 1 1 1 1 1 1 1 1 1 1 1 1 1 1 1 1 1 1 1 1 1 1 1 1 1 1 1 1 1 1 1 1 1 1 1 1 1 1 1 1 1 1 1 1 1 1 1 1 1 1 1 1 1 1 1 1 1 1 1 1 1 1 1 1 1 1 1 1 1 1 1 1 1 1 1 1 1 1 1 1 1 1 1 1 1 1 1 1 1 1 1 1 1 1 1 1 1 1 1 1 1 1 1 1 1 1 1 1 1 1 1 1 1 1 1 1 1 1 1 1 1 1 1 1 1 1 1 1 1 1
host_utc=2026-09-30T08:10:33.956+00:00 host_mono_ns=2514853146273881     stack_pointers: 0 0
host_utc=2026-09-30T08:10:33.956+00:00 host_mono_ns=2514853146284731 24 1 23 4 1 1 1   values: 1165076 20963680 320 20963360 1165076 1165076 14409824 65535 20964368 20964368 0 20964368 0 0 1 0 0 0 0 0 0 0 0 0 0 0 0 0 0 0 0 0 0 23 23 1000 0 23 1000 23 7295 9033 208 20963568 14409824 2690 224 20963584 11519 0 0 14409824 5 0 5 0 0 1 0 0 16 14409824 5 20964368 65535 0 272 20963632 20963632 268 20963628 20963628 0 0 0 0 0 0 0 0 0 0 0 0 0 0 0 0 0 0 0 0 0 0 0 0 0 0 0 0 0 0 0 0 0 0 0 0 0 0 0 0 0 0 0 0 0 0 0 0 0 0 0 0 0 0 0 0 0 0 0 0 0 0 0 0 0 0 0 0 0 0 0 0 0 0 0 0 0 0 0 0 0 0 0 0 0 0 0 0 0 0 0 0 0 0 0 0 0 0 0 0 0 0 0 0 0 0 0 0 0 0 0 0 0 0 0 0 0 0 0 0 0 0 0 0 0 0 0 0 0 0 0 0 0 0 0 0 0 0 0 0 0 0 0 0 0 0 0 0 0 0 0 0 0 0 0 0 0 0 0 0 0 0 0 0 0 0 0 0
host_utc=2026-09-30T08:10:33.956+00:00 host_mono_ns=2514853146297555 22 locals:
host_utc=2026-09-30T08:10:33.956+00:00 host_mono_ns=2514853146308256 6 value_stack:
host_utc=2026-09-30T08:10:33.956+00:00 host_mono_ns=2514853146318765 21 3 20 19 18 17 16 15 14 13 5 4     cell_nums: 1 0
host_utc=2026-09-30T08:10:33.956+00:00 host_mono_ns=2514853146329355 2 1 0 ]
host_utc=2026-09-30T08:10:33.956+00:00 host_mono_ns=2514853146339775 Stack: [ 1 CallStackEntry: fidx=3322, offset=427
host_utc=2026-09-30T08:10:33.956+00:00 host_mono_ns=2514853146350385 ]
host_utc=2026-09-30T08:10:33.956+00:00 host_mono_ns=2514853146360765 1 Stack: 1 3   types: 1 1 1 1 1 1 2 1
host_utc=2026-09-30T08:10:33.956+00:00 host_mono_ns=2514853146371295 1 [ 13 pc:
host_utc=2026-09-30T08:10:33.956+00:00 host_mono_ns=2514853146381674 2 1 0 ]
host_utc=2026-09-30T08:10:33.956+00:00 host_mono_ns=2514853146392094 Stack: Stack:   values: 80215188 2 80215168 999991584 1 80215152 4294931149555236864
host_utc=2026-09-30T08:10:33.956+00:00 host_mono_ns=2514853146402704   types: 1 1 1 1 1 1 1
host_utc=2026-09-30T08:10:33.956+00:00 host_mono_ns=2514853146413234 12 11 10 9 1   pc: (3322, 427)
host_utc=2026-09-30T08:10:33.956+00:00 host_mono_ns=2514853146423844 [ 1 value_stack:
host_utc=2026-09-30T08:10:33.956+00:00 host_mono_ns=2514853146434234 1 1 1   types: 1 1
host_utc=2026-09-30T08:10:33.956+00:00 host_mono_ns=2514853146444733 1   values: 5 5 5 5 5 5 5
host_utc=2026-09-30T08:10:33.956+00:00 host_mono_ns=2514853146455253 12 1 1   values: 0 0
host_utc=2026-09-30T08:10:33.956+00:00 host_mono_ns=2514853146465573 1 1 1 [ label stack:
host_utc=2026-09-30T08:10:33.956+00:00 host_mono_ns=2514853146475852   size: 2
host_utc=2026-09-30T08:10:33.956+00:00 host_mono_ns=2514853146492514 label stack:
host_utc=2026-09-30T08:10:33.956+00:00 host_mono_ns=2514853146502923 8 1 1     begins: 0 19
host_utc=2026-09-30T08:10:33.956+00:00 host_mono_ns=2514853146513313 locals:
host_utc=2026-09-30T08:10:33.956+00:00 host_mono_ns=2514853146523723 1 1 1 1 1     targets: 234 4294967295
host_utc=2026-09-30T08:10:33.956+00:00 host_mono_ns=2514853146534223     stack_pointers: 0 0
host_utc=2026-09-30T08:10:33.956+00:00 host_mono_ns=2514853146544632     cell_nums: 1 0
host_utc=2026-09-30T08:10:33.956+00:00 host_mono_ns=2514853146554882 CallStackEntry: fidx=3314, offset=24
host_utc=2026-09-30T08:10:33.956+00:00 host_mono_ns=2514853146565301 1 1 1 1 1 1 1 1 1 11   size: 2
host_utc=2026-09-30T08:10:33.956+00:00 host_mono_ns=2514853146575761 1 1 7 1 1     begins: 0 530
host_utc=2026-09-30T08:10:33.956+00:00 host_mono_ns=2514853146586261   types: 1 1 1 1 1 1 1 1 1
host_utc=2026-09-30T08:10:33.956+00:00 host_mono_ns=2514853146596721 1 1 1 1 6 5   values: 47377824 47377872 47377800 47377760 2 0 47377780 47377856 1
host_utc=2026-09-30T08:10:33.956+00:00 host_mono_ns=2514853146607351 1 1 ]
host_utc=2026-09-30T08:10:33.956+00:00 host_mono_ns=2514853146617760 1 1 [2026-09-30 08:10:33.948] [info] stack_count=8, stack_size=8
host_utc=2026-09-30T08:10:33.956+00:00 host_mono_ns=2514853146628360 
host_utc=2026-09-30T08:10:33.956+00:00 host_mono_ns=2514853146638680     targets: 2654 530
host_utc=2026-09-30T08:10:33.956+00:00 host_mono_ns=2514853146649080 1 4 1 [2026-09-30 08:10:33.948] [info] local_count=8, local_size=8
host_utc=2026-09-30T08:10:33.956+00:00 host_mono_ns=2514853146659750 
host_utc=2026-09-30T08:10:33.956+00:00 host_mono_ns=2514853146670089 1 1 pc:
host_utc=2026-09-30T08:10:33.956+00:00 host_mono_ns=2514853146680329 1 1 1 1 value_stack:
host_utc=2026-09-30T08:10:33.956+00:00 host_mono_ns=2514853146690668 1 1 1 1 1 1 1 1 1 1 1     stack_pointers: 0 0
host_utc=2026-09-30T08:10:33.956+00:00 host_mono_ns=2514853146701268 1 1 1 1 1 1 1 [2026-09-30 08:10:33.948] [info] value_stack: {count=0, size=0}
host_utc=2026-09-30T08:10:33.956+00:00 host_mono_ns=2514853146711958 
host_utc=2026-09-30T08:10:33.956+00:00 host_mono_ns=2514853146722188 1 10   types: 1 1 1 1 1
host_utc=2026-09-30T08:10:33.956+00:00 host_mono_ns=2514853146732718 1 Stack: [ 13 12 1   values: 47377780 47377780 47377780 47377780 47377780
host_utc=2026-09-30T08:10:33.956+00:00 host_mono_ns=2514853146743378 1 1 11     cell_nums: 0 0
host_utc=2026-09-30T08:10:33.956+00:00 host_mono_ns=2514853146753777 label stack:
host_utc=2026-09-30T08:10:33.956+00:00 host_mono_ns=2514853146764097 9   pc: (3314, 24)
host_utc=2026-09-30T08:10:33.956+00:00 host_mono_ns=2514853146774547 1 3 locals:
host_utc=2026-09-30T08:10:33.956+00:00 host_mono_ns=2514853146784966 1 1 1 1 8 1   types: 1 1 1 2 1
host_utc=2026-09-30T08:10:33.956+00:00 host_mono_ns=2514853146795506 2 7 1 1 0 1 6 10   values: 80215188 128 2 4294931149555236864
host_utc=2026-09-30T08:10:33.956+00:00 host_mono_ns=2514853146806206   size: 2
host_utc=2026-09-30T08:10:33.956+00:00 host_mono_ns=2514853146816546 5 4 3 CallStackEntry: fidx=1243, offset=383
host_utc=2026-09-30T08:10:33.956+00:00 host_mono_ns=2514853146827066     begins: 0 56
host_utc=2026-09-30T08:10:33.956+00:00 host_mono_ns=2514853146837475 ]
host_utc=2026-09-30T08:10:33.956+00:00 host_mono_ns=2514853146847785 pc:
host_utc=2026-09-30T08:10:33.956+00:00 host_mono_ns=2514853146858094   pc: (1243, 383)
host_utc=2026-09-30T08:10:33.956+00:00 host_mono_ns=2514853146868344 locals:
host_utc=2026-09-30T08:10:33.956+00:00 host_mono_ns=2514853146878733 1 value_stack:
host_utc=2026-09-30T08:10:33.956+00:00 host_mono_ns=2514853146889093 Stack: [ 1 1 1 1 1 1     targets: 1233 4294967295
host_utc=2026-09-30T08:10:33.956+00:00 host_mono_ns=2514853146899603 1 2 1     stack_pointers: 0 0
host_utc=2026-09-30T08:10:33.956+00:00 host_mono_ns=2514853146909982 9 1 1 1 1 1 1 1     cell_nums: 1 0
host_utc=2026-09-30T08:10:33.956+00:00 host_mono_ns=2514853146920392   types: 1 1 1 1 1 2
host_utc=2026-09-30T08:10:33.956+00:00 host_mono_ns=2514853146936933 1 1 CallStackEntry: fidx=3320, offset=189
host_utc=2026-09-30T08:10:33.956+00:00 host_mono_ns=2514853146947644 0   types: 1 1 1 1 1 1 1 1 1 1 1 1 1 1 1 1 1 1 1 1 1 1 1 1 1 1 1 1 1 1 1 1 1 1 1 1 1 1 1 1 1 1 1 1 1 1 1 1 1 1 1 1 1 1 1 1 1 1 1 1 1 1 1 1 1 1 1 1 1 1 1 1 1 1 1 1 1
host_utc=2026-09-30T08:10:33.956+00:00 host_mono_ns=2514853146958785 1   values: 4294967290 4294967223 0 80215188 2 4294931149555236864
host_utc=2026-09-30T08:10:33.956+00:00 host_mono_ns=2514853146969385 1 ]
host_utc=2026-09-30T08:10:33.956+00:00 host_mono_ns=2514853146979644 Stack: 1 label stack:
host_utc=2026-09-30T08:10:33.956+00:00 host_mono_ns=2514853146989984   size: 2
host_utc=2026-09-30T08:10:33.956+00:00 host_mono_ns=2514853147006134 1 1 1 1 1 1 1 1 1 [ ]
host_utc=2026-09-30T08:10:33.956+00:00 host_mono_ns=2514853147019800 8 pc:
host_utc=2026-09-30T08:10:33.956+00:00 host_mono_ns=2514853147030470   values: 5 20964368 65535 0 20963632 20963628 20963360 80 20963280 20964368 65535 0 1 0 0 0 0 0 0 0 20963632 0 20963632 0 1 1 1 0 0 0 0 0 5 1 0 44 20963324 20963324 16 20963296 20963296 40 20963320 20963320 65535 0 0 0 0 0 0 0 0 0 0 0 0 0 0 0 0 0 0 0 0 0 0 0 0 0 0 0 0 0 0 0 0
host_utc=2026-09-30T08:10:33.956+00:00 host_mono_ns=2514853147041962 1 1 1 7 1 value_stack:
host_utc=2026-09-30T08:10:33.956+00:00 host_mono_ns=2514853147052452   types:
host_utc=2026-09-30T08:10:33.956+00:00 host_mono_ns=2514853147062911 [2026-09-30 08:10:33.948] [info] stack_count=14, stack_size=14
host_utc=2026-09-30T08:10:33.956+00:00 host_mono_ns=2514853147073441 
host_utc=2026-09-30T08:10:33.956+00:00 host_mono_ns=2514853147083881 1 1 [2026-09-30 08:10:33.948] [info] local_count=14, local_size=14
host_utc=2026-09-30T08:10:33.956+00:00 host_mono_ns=2514853147094421 
host_utc=2026-09-30T08:10:33.956+00:00 host_mono_ns=2514853147104791 1 ]
host_utc=2026-09-30T08:10:33.956+00:00 host_mono_ns=2514853147115090 1 1 1   values:
host_utc=2026-09-30T08:10:33.956+00:00 host_mono_ns=2514853147125490 1 ]
host_utc=2026-09-30T08:10:33.956+00:00 host_mono_ns=2514853147135779 label stack:
host_utc=2026-09-30T08:10:33.956+00:00 host_mono_ns=2514853147146038     begins: 0 6
host_utc=2026-09-30T08:10:33.956+00:00 host_mono_ns=2514853147156378 1 1 1 1 1   size: 2
host_utc=2026-09-30T08:10:33.956+00:00 host_mono_ns=2514853147166838 1 1 6 5 4 3 2 1 0 1 ]
host_utc=2026-09-30T08:10:33.957+00:00 host_mono_ns=2514853147177107 1 Stack: [ 1   pc: (3320, 189)
host_utc=2026-09-30T08:10:33.957+00:00 host_mono_ns=2514853147187557 locals:
host_utc=2026-09-30T08:10:33.957+00:00 host_mono_ns=2514853147197876 1     targets: 47 4294967295
host_utc=2026-09-30T08:10:33.957+00:00 host_mono_ns=2514853147236509 [2026-09-30 08:10:33.948] [info] stack_count=15, stack_size=15
host_utc=2026-09-30T08:10:33.957+00:00 host_mono_ns=2514853147248051 
host_utc=2026-09-30T08:10:33.957+00:00 host_mono_ns=2514853147258391   types: 1 1 1 1 1 1 2 1
host_utc=2026-09-30T08:10:33.957+00:00 host_mono_ns=2514853147268911     stack_pointers: 0 0
host_utc=2026-09-30T08:10:33.957+00:00 host_mono_ns=2514853147279270     cell_nums: 1 0
host_utc=2026-09-30T08:10:33.957+00:00 host_mono_ns=2514853147289670   values: 47377780 2 47377760 999988838 1 47377744 17179821243575042048
host_utc=2026-09-30T08:10:33.957+00:00 host_mono_ns=2514853147300410 [2026-09-30 08:10:33.948] [info] local_count=15, local_size=15
host_utc=2026-09-30T08:10:33.957+00:00 host_mono_ns=2514853147310910 
host_utc=2026-09-30T08:10:33.957+00:00 host_mono_ns=2514853147321219 1 1 1 1 1 1 1 1 1 1 1 1 1 1 1 1 1 1 1 1 [2026-09-30 08:10:33.948] [info] local_count=22, local_size=22
host_utc=2026-09-30T08:10:33.957+00:00 host_mono_ns=2514853147331990 
host_utc=2026-09-30T08:10:33.957+00:00 host_mono_ns=2514853147342219 [2026-09-30 08:10:33.948] [info] locals: {count=14, size=14}
host_utc=2026-09-30T08:10:33.957+00:00 host_mono_ns=2514853147352809 
host_utc=2026-09-30T08:10:33.957+00:00 host_mono_ns=2514853147363109 1 [2026-09-30 08:10:33.948] [info] value_stack: {count=0, size=0}
host_utc=2026-09-30T08:10:33.957+00:00 host_mono_ns=2514853147381784 
host_utc=2026-09-30T08:10:33.957+00:00 host_mono_ns=2514853147392163 1 [2026-09-30 08:10:33.948] [info] locals: {count=22, size=22}
host_utc=2026-09-30T08:10:33.957+00:00 host_mono_ns=2514853147402783 
host_utc=2026-09-30T08:10:33.957+00:00 host_mono_ns=2514853147413093 1 1 value_stack:
host_utc=2026-09-30T08:10:33.957+00:00 host_mono_ns=2514853147423483 1 1 1 1 1   types: 1 1
host_utc=2026-09-30T08:10:33.957+00:00 host_mono_ns=2514853147433902   values: 0 0
host_utc=2026-09-30T08:10:33.957+00:00 host_mono_ns=2514853147444352 1 1 1 [2026-09-30 08:10:33.948] [info] value_stack: {count=0, size=0}
host_utc=2026-09-30T08:10:33.957+00:00 host_mono_ns=2514853147454902 
host_utc=2026-09-30T08:10:33.957+00:00 host_mono_ns=2514853147465041 1 label stack:
host_utc=2026-09-30T08:10:33.957+00:00 host_mono_ns=2514853147475521   size: 2
host_utc=2026-09-30T08:10:33.957+00:00 host_mono_ns=2514853147485870 1     begins: 0 140
host_utc=2026-09-30T08:10:33.957+00:00 host_mono_ns=2514853147496280 1 1 1 Stack: 1     targets: 675 4294967295
host_utc=2026-09-30T08:10:33.957+00:00 host_mono_ns=2514853147506790     stack_pointers: 0 0
host_utc=2026-09-30T08:10:33.957+00:00 host_mono_ns=2514853147517109     cell_nums: 1 0
host_utc=2026-09-30T08:10:33.957+00:00 host_mono_ns=2514853147527489 CallStackEntry: fidx=1244, offset=136
host_utc=2026-09-30T08:10:33.957+00:00 host_mono_ns=2514853147537859 pc:
host_utc=2026-09-30T08:10:33.957+00:00 host_mono_ns=2514853147548138 1 ]
host_utc=2026-09-30T08:10:33.957+00:00 host_mono_ns=2514853147558508 1 1   pc: (1244, 136)
host_utc=2026-09-30T08:10:33.957+00:00 host_mono_ns=2514853147568917 1 [ locals:
host_utc=2026-09-30T08:10:33.957+00:00 host_mono_ns=2514853147579257 1 1 1 1 1 1 1 1 1 1 1 ]
host_utc=2026-09-30T08:10:33.957+00:00 host_mono_ns=2514853147589576 1 1 1 1 1     begins: 0 19
host_utc=2026-09-30T08:10:33.957+00:00 host_mono_ns=2514853147600066 1 1 1 7 1 Stack:   types: 1 1 1 1 1 1 1 1 1 1 1 1 1 1 1 1 1 1 1 1 1 1
host_utc=2026-09-30T08:10:33.957+00:00 host_mono_ns=2514853147610706 6 [ 1 1 9   values: 5 20963324 1 0 20963296 20963320 20963280 32 20963248 5 20963324 1 0 65535 0 20963296 20963320 0 0 0 0 0
host_utc=2026-09-30T08:10:33.957+00:00 host_mono_ns=2514853147621477 8     targets: 234 4294967295
host_utc=2026-09-30T08:10:33.957+00:00 host_mono_ns=2514853147631776 1     stack_pointers: 0 0
host_utc=2026-09-30T08:10:33.957+00:00 host_mono_ns=2514853147642306 7 6 5 4 3 1 1     cell_nums: 1 0
host_utc=2026-09-30T08:10:33.957+00:00 host_mono_ns=2514853147652766 1 2 1 5 1 1 [ 1 3 1 1 1 CallStackEntry: fidx=3314, offset=24
host_utc=2026-09-30T08:10:33.957+00:00 host_mono_ns=2514853147663416 2 value_stack:
host_utc=2026-09-30T08:10:33.957+00:00 host_mono_ns=2514853147673755 0 pc:
host_utc=2026-09-30T08:10:33.957+00:00 host_mono_ns=2514853147684055   types: 1
host_utc=2026-09-30T08:10:33.957+00:00 host_mono_ns=2514853147694424 1 1 1 1 1 0 1 1 1 1 1 ]
host_utc=2026-09-30T08:10:33.957+00:00 host_mono_ns=2514853147704794   values: 27
host_utc=2026-09-30T08:10:33.957+00:00 host_mono_ns=2514853147715164 ]
host_utc=2026-09-30T08:10:33.957+00:00 host_mono_ns=2514853147725533 1 1 1 1 1 1 1[2026-09-30 08:10:33.948] [info] locals: {count=15, size=15}
host_utc=2026-09-30T08:10:33.957+00:00 host_mono_ns=2514853147736163 
host_utc=2026-09-30T08:10:33.957+00:00 host_mono_ns=2514853147746343 label stack:
host_utc=2026-09-30T08:10:33.957+00:00 host_mono_ns=2514853147756592 Stack:   size: 1
host_utc=2026-09-30T08:10:33.957+00:00 host_mono_ns=2514853147766962     begins: 0
host_utc=2026-09-30T08:10:33.957+00:00 host_mono_ns=2514853147777241 [     targets: 179
host_utc=2026-09-30T08:10:33.957+00:00 host_mono_ns=2514853147787621     stack_pointers: 0
host_utc=2026-09-30T08:10:33.957+00:00 host_mono_ns=2514853147798030     cell_nums: 1
host_utc=2026-09-30T08:10:33.957+00:00 host_mono_ns=2514853147808380 [2026-09-30 08:10:33.949] [info] value_stack: {count=0, size=0}
host_utc=2026-09-30T08:10:33.957+00:00 host_mono_ns=2514853147818920 
host_utc=2026-09-30T08:10:33.957+00:00 host_mono_ns=2514853147829039 1   pc: (3314, 24)
host_utc=2026-09-30T08:10:33.957+00:00 host_mono_ns=2514853147845630 Stack: 1 1 1 1 1 1 1 1 1 1 ]
host_utc=2026-09-30T08:10:33.957+00:00 host_mono_ns=2514853147856220 1 [ 1 1 1 1 1 1 1 1 1 1 1 1 1 1 ]
host_utc=2026-09-30T08:10:33.957+00:00 host_mono_ns=2514853147866650 1 1 1 1 locals:
host_utc=2026-09-30T08:10:33.957+00:00 host_mono_ns=2514853147877050 1 1 1 1 1 1 1 1 1 1 1 1 1 1 1 1 1 Stack:   types: 1 1 1 2 1
host_utc=2026-09-30T08:10:33.957+00:00 host_mono_ns=2514853147887730 1 1 1 [2026-09-30 08:10:33.949] [info] locals: {count=14, size=14}
host_utc=2026-09-30T08:10:33.957+00:00 host_mono_ns=2514853147898350 
host_utc=2026-09-30T08:10:33.957+00:00 host_mono_ns=2514853147908709   values: 47377780 128 2 17179821243575042048
host_utc=2026-09-30T08:10:33.957+00:00 host_mono_ns=2514853147919329 13 12 11 10 1 1 1 1 1 1 1 1 1 1 1 1 1 1 [2026-09-30 08:10:33.949] [info] value_stack: {count=0, size=0}
host_utc=2026-09-30T08:10:33.957+00:00 host_mono_ns=2514853147930020 
host_utc=2026-09-30T08:10:33.957+00:00 host_mono_ns=2514853147940259 1 1 1 value_stack:
host_utc=2026-09-30T08:10:33.957+00:00 host_mono_ns=2514853147950558 1 1 1 9   types: 1 1 1 1 1 2
host_utc=2026-09-30T08:10:33.957+00:00 host_mono_ns=2514853147960938 1   values: 4294967290 4294967223 0 47377780 2 17179821243575042048
host_utc=2026-09-30T08:10:33.957+00:00 host_mono_ns=2514853147971508 8 7 6 label stack:
host_utc=2026-09-30T08:10:33.957+00:00 host_mono_ns=2514853147981978 1 5   size: 2
host_utc=2026-09-30T08:10:33.957+00:00 host_mono_ns=2514853147992367 4 3 2 1     begins: 0 6
host_utc=2026-09-30T08:10:33.957+00:00 host_mono_ns=2514853148009219 1 1 1 1 1 1 1 0 ]
host_utc=2026-09-30T08:10:33.957+00:00 host_mono_ns=2514853148023176 Stack: [ 1 1 1 1 1 1 1 1 1 1 1 1 1 1 1 1 1 Stack: 1 1     targets: 47 4294967295
host_utc=2026-09-30T08:10:33.957+00:00 host_mono_ns=2514853148033916 1 1 [2026-09-30 08:10:33.949] [info] stack_count=10, stack_size=10
host_utc=2026-09-30T08:10:33.957+00:00 host_mono_ns=2514853148044486 
host_utc=2026-09-30T08:10:33.957+00:00 host_mono_ns=2514853148054785 1 [ 1 1 1 1 1 1 1 1 7 1 1 1 6 5 4 3 1 1 1 1 1     cell_nums: 1 0
host_utc=2026-09-30T08:10:33.957+00:00 host_mono_ns=2514853148065285 1 1 1 1 1 1 1 1 1 1 1 1 1 1 1 1 1 1 1 1 1 1 1 1 1 1 1 1 ]
host_utc=2026-09-30T08:10:33.957+00:00 host_mono_ns=2514853148076005 [2026-09-30 08:10:33.949] [info] local_count=10, local_size=10
host_utc=2026-09-30T08:10:33.957+00:00 host_mono_ns=2514853148086535 
host_utc=2026-09-30T08:10:33.957+00:00 host_mono_ns=2514853148096795 1 1 [2026-09-30 08:10:33.949] [info] stack_count=8, stack_size=8
host_utc=2026-09-30T08:10:33.957+00:00 host_mono_ns=2514853148107385 
host_utc=2026-09-30T08:10:33.957+00:00 host_mono_ns=2514853148117574 1 2026-09-30 08:10:33.949] [info] Success to dump frame stack
host_utc=2026-09-30T08:10:33.957+00:00 host_mono_ns=2514853148128254 
host_utc=2026-09-30T08:10:33.957+00:00 host_mono_ns=2514853148138493 stack, 4965351
host_utc=2026-09-30T08:10:33.957+00:00 host_mono_ns=2514853148148993 1 1 1 1 1 1 1 1 1 1 1 1 1 1 1 1 1 1 1 1 1 1 1 1 1 1 2 1 0 ]
host_utc=2026-09-30T08:10:33.957+00:00 host_mono_ns=2514853148159573 Stack: [ 1 1 1 1 1 1 1 1 ]
host_utc=2026-09-30T08:10:33.958+00:00 host_mono_ns=2514853148170013 1 1 1 1 1 1 1 1 1 1 1 1 1 1 1[2026-09-30 08:10:33.949] [info] Success to dump frame stack
host_utc=2026-09-30T08:10:33.958+00:00 host_mono_ns=2514853148180753 
host_utc=2026-09-30T08:10:33.958+00:00 host_mono_ns=2514853148191023 1 1 [2026-09-30 08:10:33.949] [info] locals: {count=10, size=10}
host_utc=2026-09-30T08:10:33.958+00:00 host_mono_ns=2514853148201523 
host_utc=2026-09-30T08:10:33.958+00:00 host_mono_ns=2514853148211762 stack, 5035804
host_utc=2026-09-30T08:10:33.958+00:00 host_mono_ns=2514853148222051 11-thread attrs, 43963
host_utc=2026-09-30T08:10:33.958+00:00 host_mono_ns=2514853148232481 1 1 1 1 1 1 1 1 1 1 1 1 1 1 026-09-30 08:10:33.949] [info] local_count=8, local_size=8
host_utc=2026-09-30T08:10:33.958+00:00 host_mono_ns=2514853148243081 
host_utc=2026-09-30T08:10:33.958+00:00 host_mono_ns=2514853148253330 1 [2026-09-30 08:10:33.949] [info] value_stack: {count=0, size=0}
host_utc=2026-09-30T08:10:33.958+00:00 host_mono_ns=2514853148270062 
host_utc=2026-09-30T08:10:33.958+00:00 host_mono_ns=2514853148280442 1 1 1 1 1 1 1 1 1 1 1 1 1 [02:34:13:400 - 7CFBA7424640]: 1 1 1 1 1 1 1 Success to dump img for wamr
host_utc=2026-09-30T08:10:33.958+00:00 host_mono_ns=2514853148291232 1
host_utc=2026-09-30T08:10:33.958+00:00 host_mono_ns=2514853148301501 do_checkpoint_4
host_utc=2026-09-30T08:10:33.958+00:00 host_mono_ns=2514853148311891 wasm_cluster_increase_checkpointing_counter called 1
host_utc=2026-09-30T08:10:33.958+00:00 host_mono_ns=2514853148322702 wasm_cluster_increase_checkpointing_counter called 2
host_utc=2026-09-30T08:10:33.958+00:00 host_mono_ns=2514853148333312 wasm_cluster_increase_checkpointing_counter called 3
host_utc=2026-09-30T08:10:33.958+00:00 host_mono_ns=2514853148343791 [2026-09-30 08:10:33.949] [info] value_stack: {count=0, size=0}
host_utc=2026-09-30T08:10:33.958+00:00 host_mono_ns=2514853148354341 
host_utc=2026-09-30T08:10:33.958+00:00 host_mono_ns=2514853148364661 1 Stack: 1 1 1 1 Stack: 1 1 [ 1 0 ]
host_utc=2026-09-30T08:10:33.958+00:00 host_mono_ns=2514853148375141 Stack: [2026-09-30 08:10:33.949] [info] local_count=8, local_size=8
host_utc=2026-09-30T08:10:33.958+00:00 host_mono_ns=2514853148385640 
host_utc=2026-09-30T08:10:33.958+00:00 host_mono_ns=2514853148395870 1 1 1 1 1 1 [ 1 1 1 1 1 1 1 1 1 1 1 1 1 1 1 25 [ 1 1 1 ]
host_utc=2026-09-30T08:10:33.958+00:00 host_mono_ns=2514853148406380 [2026-09-30 08:10:33.949] [info] locals: {count=8, size=8}
host_utc=2026-09-30T08:10:33.958+00:00 host_mono_ns=2514853148416859 
host_utc=2026-09-30T08:10:33.958+00:00 host_mono_ns=2514853148427039 1 1 1 1 1 1 1 1 1 1 1 1 1 24 1 [2026-09-30 08:10:33.949] [info] value_stack: {count=0, size=0}
host_utc=2026-09-30T08:10:33.958+00:00 host_mono_ns=2514853148437538 
host_utc=2026-09-30T08:10:33.958+00:00 host_mono_ns=2514853148447758 1 [2026-09-30 08:10:33.949] [info] stack_count=2, stack_size=2
host_utc=2026-09-30T08:10:33.958+00:00 host_mono_ns=2514853148458358 
host_utc=2026-09-30T08:10:33.958+00:00 host_mono_ns=2514853148468557 1 1 1 23 1 1 1 1 1 1 1 1 1 1 1 1 ]
host_utc=2026-09-30T08:10:33.958+00:00 host_mono_ns=2514853148478877 22 [02:34:13:478 - 7CFBA76BB640]: Su026-09-30 0mp img for wamr
host_utc=2026-09-30T08:10:33.958+00:00 host_mono_ns=2514853148489477 1 1 1 1 1 1 1 1 1 1 1 1 1 1 1 1 ]
host_utc=2026-09-30T08:10:33.958+00:00 host_mono_ns=2514853148499876 1 [2026-09-30 08:10:33.949] [info] local_count=34, local_size=34
host_utc=2026-09-30T08:10:33.958+00:00 host_mono_ns=2514853148510346 
host_utc=2026-09-30T08:10:33.958+00:00 host_mono_ns=2514853148520535 
host_utc=2026-09-30T08:10:33.958+00:00 host_mono_ns=2514853148530674 [2026-09-30 08:10:33.949] [info] stack_count=14, stack_size=14
host_utc=2026-09-30T08:10:33.958+00:00 host_mono_ns=2514853148541094 
host_utc=2026-09-30T08:10:33.958+00:00 host_mono_ns=2514853148551333 1 21 2026-09-30 08:10:33.949] [info] local_count=14, local_size=14
host_utc=2026-09-30T08:10:33.958+00:00 host_mono_ns=2514853148561703 
host_utc=2026-09-30T08:10:33.958+00:00 host_mono_ns=2514853148571942 2-thread attrs, 89589
host_utc=2026-09-30T08:10:33.958+00:00 host_mono_ns=2514853148582342 Stack: [ 1 0 ]
host_utc=2026-09-30T08:10:33.958+00:00 host_mono_ns=2514853148592631 Stack: [ 1 1 do_checkpoint_4
host_utc=2026-09-30T08:10:33.958+00:00 host_mono_ns=2514853148603081 ]
host_utc=2026-09-30T08:10:33.958+00:00 host_mono_ns=2514853148613371 20 1 19 18 1 17 1 16 wasm_cluster_increase_checkpointing_counter called 1
host_utc=2026-09-30T08:10:33.958+00:00 host_mono_ns=2514853148624091 wasm_cluster_increase_checkpointing_counter called 2
host_utc=2026-09-30T08:10:33.958+00:00 host_mono_ns=2514853148634631 wasm_cluster_increase_checkpointing_counter called 3
host_utc=2026-09-30T08:10:33.958+00:00 host_mono_ns=2514853148645211 1 15 1 1 1 1 14 [2026-09-30 08:10:33.949] [info] value_stack: {count=0, size=0}
host_utc=2026-09-30T08:10:33.958+00:00 host_mono_ns=2514853148655801 
host_utc=2026-09-30T08:10:33.958+00:00 host_mono_ns=2514853148672172 Stack: 1 [2026-09-30 08:10:33.949] [info] stack_count=247, stack_size=247
host_utc=2026-09-30T08:10:33.958+00:00 host_mono_ns=2514853148682902 
host_utc=2026-09-30T08:10:33.958+00:00 host_mono_ns=2514853148693181 13 [2026-09-30 08:10:33.949] [info] local_count=240, local_size=240
host_utc=2026-09-30T08:10:33.958+00:00 host_mono_ns=2514853148703701 
host_utc=2026-09-30T08:10:33.958+00:00 host_mono_ns=2514853148713981 12 24 11 10 9 23 22 21 20 8 stack, 5170809
host_utc=2026-09-30T08:10:33.958+00:00 host_mono_ns=2514853148724521 1 1 1 1 1 1 1 1 1 1 1 1 1 1 1 1 1 1 1 1 1 1 1 1 1 1 19 1 1 1 1 18 26-09-30 08:10:33.949] [info] local_count=2, local_size=2
host_utc=2026-09-30T08:10:33.958+00:00 host_mono_ns=2514853148735231 
host_utc=2026-09-30T08:10:33.958+00:00 host_mono_ns=2514853148745440 7 17 6 [2026-09-30 08:10:33.949] [info] locals: {count=2, size=2}
host_utc=2026-09-30T08:10:33.958+00:00 host_mono_ns=2514853148755910 
host_utc=2026-09-30T08:10:33.958+00:00 host_mono_ns=2514853148766059 [2026-09-30 08:10:33.949] [info] value_stack: {count=0, size=0}
host_utc=2026-09-30T08:10:33.958+00:00 host_mono_ns=2514853148776449 
host_utc=2026-09-30T08:10:33.958+00:00 host_mono_ns=2514853148786628 1 call_stack size: 6
host_utc=2026-09-30T08:10:33.958+00:00 host_mono_ns=2514853148797048 CallStackEntry: fidx=3354, offset=26
host_utc=2026-09-30T08:10:33.958+00:00 host_mono_ns=2514853148807517 pc:
host_utc=2026-09-30T08:10:33.958+00:00 host_mono_ns=2514853148817757   pc: (3354, 26)
host_utc=2026-09-30T08:10:33.958+00:00 host_mono_ns=2514853148828056 locals:
host_utc=2026-09-30T08:10:33.958+00:00 host_mono_ns=2514853148838336 1   types: 1 1
host_utc=2026-09-30T08:10:33.958+00:00 host_mono_ns=2514853148848615   values: 3 27583516
host_utc=2026-09-30T08:10:33.958+00:00 host_mono_ns=2514853148859065 value_stack:
host_utc=2026-09-30T08:10:33.958+00:00 host_mono_ns=2514853148869384   types:
host_utc=2026-09-30T08:10:33.958+00:00 host_mono_ns=2514853148879824 [2026-09-30 08:10:33.949] [info] local_count=240, local_size=240
host_utc=2026-09-30T08:10:33.958+00:00 host_mono_ns=2514853148890234 
host_utc=2026-09-30T08:10:33.958+00:00 host_mono_ns=2514853148900433 6-thread attrs, 41939
host_utc=2026-09-30T08:10:33.958+00:00 host_mono_ns=2514853148910843 5 4 3 2 1 0 ]
host_utc=2026-09-30T08:10:33.958+00:00 host_mono_ns=2514853148921222 Stack: [ 1 1 1 1 1 1 1 1 1 1 1 1 1 1 1 1 1 1 1 1 1 1 1 1 1 1 ]
host_utc=2026-09-30T08:10:33.958+00:00 host_mono_ns=2514853148931742   values:
host_utc=2026-09-30T08:10:33.958+00:00 host_mono_ns=2514853148942022 1 label stack:
host_utc=2026-09-30T08:10:33.958+00:00 host_mono_ns=2514853148952341 1 [2026-09-30 08:10:33.949] [info] locals: {count=14, size=14}
host_utc=2026-09-30T08:10:33.958+00:00 host_mono_ns=2514853148962801 
host_utc=2026-09-30T08:10:33.958+00:00 host_mono_ns=2514853148973040 1     begins: 0
host_utc=2026-09-30T08:10:33.958+00:00 host_mono_ns=2514853148983510 1     targets: 57
host_utc=2026-09-30T08:10:33.958+00:00 host_mono_ns=2514853148993900 [02:34:13:631 - 7CFBA7596640]: Success to dump img for wamr
host_utc=2026-09-30T08:10:33.958+00:00 host_mono_ns=2514853149010040 
host_utc=2026-09-30T08:10:33.958+00:00 host_mono_ns=2514853149023435 do_checkpoint_4
host_utc=2026-09-30T08:10:33.958+00:00 host_mono_ns=2514853149033965     stack_pointers: 0
host_utc=2026-09-30T08:10:33.958+00:00 host_mono_ns=2514853149044335 1 1 16     cell_nums: 0
host_utc=2026-09-30T08:10:33.958+00:00 host_mono_ns=2514853149054745 15 14 13 CallStackEntry: fidx=3328, offset=31
host_utc=2026-09-30T08:10:33.958+00:00 host_mono_ns=2514853149065244 12 1 [2026-09-30 08:10:33.949] [info] value_stack: {count=0, size=0}
host_utc=2026-09-30T08:10:33.958+00:00 host_mono_ns=2514853149075764 
host_utc=2026-09-30T08:10:33.958+00:00 host_mono_ns=2514853149085954 pc:
host_utc=2026-09-30T08:10:33.958+00:00 host_mono_ns=2514853149096393   pc: (3328, 31)
host_utc=2026-09-30T08:10:33.958+00:00 host_mono_ns=2514853149106813 locals:
host_utc=2026-09-30T08:10:33.958+00:00 host_mono_ns=2514853149116972   types: 1 1 1 1 1 1 1 1
host_utc=2026-09-30T08:10:33.958+00:00 host_mono_ns=2514853149133864   values: 3 27583516 27583540 0 0 0 0 0
host_utc=2026-09-30T08:10:33.958+00:00 host_mono_ns=2514853149144444 value_stack:
host_utc=2026-09-30T08:10:33.958+00:00 host_mono_ns=2514853149154824   types:
host_utc=2026-09-30T08:10:33.958+00:00 host_mono_ns=2514853149165203   values:
host_utc=2026-09-30T08:10:33.959+00:00 host_mono_ns=2514853149175433 label stack:
host_utc=2026-09-30T08:10:33.959+00:00 host_mono_ns=2514853149185732   size: 1
host_utc=2026-09-30T08:10:33.959+00:00 host_mono_ns=2514853149196202     begins: 0
host_utc=2026-09-30T08:10:33.959+00:00 host_mono_ns=2514853149206561     targets: 622
host_utc=2026-09-30T08:10:33.959+00:00 host_mono_ns=2514853149217011     stack_pointers: 0
host_utc=2026-09-30T08:10:33.959+00:00 host_mono_ns=2514853149227391     cell_nums: 0
host_utc=2026-09-30T08:10:33.959+00:00 host_mono_ns=2514853149237820 CallStackEntry: fidx=1363, offset=109
host_utc=2026-09-30T08:10:33.959+00:00 host_mono_ns=2514853149248290 pc:
host_utc=2026-09-30T08:10:33.959+00:00 host_mono_ns=2514853149258580   pc: (1363, 109)
host_utc=2026-09-30T08:10:33.959+00:00 host_mono_ns=2514853149268929 locals:
host_utc=2026-09-30T08:10:33.959+00:00 host_mono_ns=2514853149279209 wasm_cluster_increase_checkpointing_counter called 1
host_utc=2026-09-30T08:10:33.959+00:00 host_mono_ns=2514853149289859 Stack: [2026-09-30 08:10:33.949] [info] stack_count=26, stack_size=26
host_utc=2026-09-30T08:10:33.959+00:00 host_mono_ns=2514853149300409 
host_utc=2026-09-30T08:10:33.959+00:00 host_mono_ns=2514853149310638 [2026-09-30 08:10:33.949] [info] locals: {count=240, size=240}
host_utc=2026-09-30T08:10:33.959+00:00 host_mono_ns=2514853149321198 
host_utc=2026-09-30T08:10:33.959+00:00 host_mono_ns=2514853149331417 11 wasm_cluster_increase_checkpointing_counter called 2
host_utc=2026-09-30T08:10:33.959+00:00 host_mono_ns=2514853149342128 wasm_cluster_increase_checkpointing_counter called 3
host_utc=2026-09-30T08:10:33.959+00:00 host_mono_ns=2514853149352848 10 9 1   types: 1 1 1 1 1 1 1 1 1 1 1 1 1 1
host_utc=2026-09-30T08:10:33.959+00:00 host_mono_ns=2514853149363478 [ 1 1 1 1 1 [2026-09-30 08:10:33.949] [info] local_count=25, local_size=25
host_utc=2026-09-30T08:10:33.959+00:00 host_mono_ns=2514853149374028 
host_utc=2026-09-30T08:10:33.959+00:00 host_mono_ns=2514853149384317   values: 7855136 27583504 16 27583488 7855136 95 7855136 1165032 7855136 95 1165032 0 0 0
host_utc=2026-09-30T08:10:33.959+00:00 host_mono_ns=2514853149394977 7 1 value_stack:
host_utc=2026-09-30T08:10:33.959+00:00 host_mono_ns=2514853149405437 1 1   types:
host_utc=2026-09-30T08:10:33.959+00:00 host_mono_ns=2514853149415797 1 1 1 6 8   values:
host_utc=2026-09-30T08:10:33.959+00:00 host_mono_ns=2514853149426216 7 5 6 5 1 label stack:
host_utc=2026-09-30T08:10:33.959+00:00 host_mono_ns=2514853149436576 1   size: 1
host_utc=2026-09-30T08:10:33.959+00:00 host_mono_ns=2514853149446925 1 1 1     begins: 0
host_utc=2026-09-30T08:10:33.959+00:00 host_mono_ns=2514853149457255 1     targets: 142
host_utc=2026-09-30T08:10:33.959+00:00 host_mono_ns=2514853149467544 4     stack_pointers: 0
host_utc=2026-09-30T08:10:33.959+00:00 host_mono_ns=2514853149477974 1 1 1 1     cell_nums: 1
host_utc=2026-09-30T08:10:33.959+00:00 host_mono_ns=2514853149488414 1 CallStackEntry: fidx=1294, offset=700
host_utc=2026-09-30T08:10:33.959+00:00 host_mono_ns=2514853149498874 pc:
host_utc=2026-09-30T08:10:33.959+00:00 host_mono_ns=2514853149509153   pc: (1294, 700)
host_utc=2026-09-30T08:10:33.959+00:00 host_mono_ns=2514853149519523 locals:
host_utc=2026-09-30T08:10:33.959+00:00 host_mono_ns=2514853149530083 1 1 1 1 1 1 1 1 3   types: 1 1 1 1 1 1 1 1 1 1 1 1 1 1 1 1 1 1 1 1 1 1 1 1 1 1 1 1 1 1 1 1 1 1 1 1 1 1 1 1 1 1 1 1 1 1 1 1 1 1 1 1 1 1 1 1 1 1 1 1 1 1 1 1 1 1 1 1 1 1 1 1 1 1 1 1 1 1 1 1 1 1 1 1 1 1 1 1 1 1 1 1 1 1 1 1 1 1 1 1 1 1 1 1 1 1 1 1 1 1 1 1 1 1 1 1 1 1 1 1 1 1 1 1 1 1 1 1 1 1 1 1 1 1 1 1 1 1 1 1 1 1 1 1 1 1 1 1 1 1 1 1 1 1 1 1 1 1 1 1 1 1 1 1 1 1 1 1 1 1 1 1 1 1 1 1 1 1 1 1 1 1 1 1 1 1 1 1 1 1 1 1 1 1 1 1 1 1 1 1 1 1 1 1 1 1 1 1 1 1 1 1 1 1 1 1 1 1 1 1 1 1 1 1 1 1 1 1 1 1 1 1 1 1 1 1 1 1 1 1
host_utc=2026-09-30T08:10:33.959+00:00 host_mono_ns=2514853149548568 2 1 0 ]
host_utc=2026-09-30T08:10:33.959+00:00 host_mono_ns=2514853149559418 Stack: [ 1 1 1 1 1 1 1 1 1 1 1 1 1 1 1 1 1 1 1 1 1 1 1 1 1 ]
host_utc=2026-09-30T08:10:33.959+00:00 host_mono_ns=2514853149570218 4 [2026-09-30 08:10:33.949] [info] locals: {count=2, size=2}
host_utc=2026-09-30T08:10:33.959+00:00 host_mono_ns=2514853149580728 
host_utc=2026-09-30T08:10:33.959+00:00 host_mono_ns=2514853149590948   values: 1165032 27583488 320 275 locals: {count=240, size=240}
host_utc=2026-09-30T08:10:33.959+00:00 host_mono_ns=2514853149601648 
host_utc=2026-09-30T08:10:33.959+00:00 host_mono_ns=2514853149612098 5535 27584176 27584176 0 27584176 0 0 1 0 0 0 0 0 0 0 0 0 0 0 0 0 0 0 0 0 0 26 26 1000 0 26 1000 26 7295 9033 208 27583376 14409852 2690 224 27583392 11519 0 0 14409852 15 0 15 0 0 1 0 0 16 14409852 15 27584176 65535 0 272 27583440 27583440 268 27583436 27583436 204 204 0 204 0 0 1 0 0 0 0 0 0 0 0 0 0 0 0 0 0 0 0 0 0 0 0 0 0 0 0 0 0 0 0 0 0 0 0 0 0 0 0 0 0 0 0 0 0 0 0 0 0 0 0 0 0 0 0 0 0 0 0 0 0 0 0 0 0 0 0 0 0 0 0 0 0 0 0 0 0 0 0 0 0 0 0 0 0 0 0 0 0 0 0 0 0 0 0 0 0 0 0 0 0 0 0 0 0 0 0 0 0 0 0 0 0 0 204 0 640 65535 204 638876 638876 0 638876 0 0 1 0 0 0 0 0 0 0 0 0 0 0 0 0 0 0 0 0 0 0 0 638876 638892 27584176 204 1165032 42 1165032 31300 1165032 638876 272 27583440 27583440 4 27583444 59420 65535 59420
host_utc=2026-09-30T08:10:33.959+00:00 host_mono_ns=2514853149624731 3 2 1 0 ]
host_utc=2026-09-30T08:10:33.959+00:00 host_mono_ns=2514853149635211 Stack: [ 1 1 1 1 1 1 1 1 ]
host_utc=2026-09-30T08:10:33.959+00:00 host_mono_ns=2514853149645751 1 [2026-09-30 08:10:33.949] [info] value_stack: {count=7, size=7}
host_utc=2026-09-30T08:10:33.959+00:00 host_mono_ns=2514853149656271 
host_utc=2026-09-30T08:10:33.959+00:00 host_mono_ns=2514853149697038 value_stack:
host_utc=2026-09-30T08:10:33.959+00:00 host_mono_ns=2514853149708359   types: 1 1 1 1 1 1 1
host_utc=2026-09-30T08:10:33.959+00:00 host_mono_ns=2514853149718949   values: 15 15 15 15 15 15 15
host_utc=2026-09-30T08:10:33.959+00:00 host_mono_ns=2514853149729580 label stack:
host_utc=2026-09-30T08:10:33.959+00:00 host_mono_ns=2514853149739929   size: 2
host_utc=2026-09-30T08:10:33.959+00:00 host_mono_ns=2514853149750379     begins: 0 530
host_utc=2026-09-30T08:10:33.959+00:00 host_mono_ns=2514853149760798     targets: 2654 530
host_utc=2026-09-30T08:10:33.959+00:00 host_mono_ns=2514853149771168 Stack: [ ]
host_utc=2026-09-30T08:10:33.959+00:00 host_mono_ns=2514853149781618 13 [2026-09-30 08:10:33.949] [info] value_stack: {count=7, size=7}
host_utc=2026-09-30T08:10:33.959+00:00 host_mono_ns=2514853149792308 
host_utc=2026-09-30T08:10:33.959+00:00 host_mono_ns=2514853149802537     stack_pointers: 0 0
host_utc=2026-09-30T08:10:33.959+00:00 host_mono_ns=2514853149813017     cell_nums: 0 0
host_utc=2026-09-30T08:10:33.959+00:00 host_mono_ns=2514853149823357 CallStackEntry: fidx=1243, offset=383
host_utc=2026-09-30T08:10:33.959+00:00 host_mono_ns=2514853149833857 pc:
host_utc=2026-09-30T08:10:33.959+00:00 host_mono_ns=2514853149844276   pc: (1243, 383)
host_utc=2026-09-30T08:10:33.959+00:00 host_mono_ns=2514853149854596 locals:
host_utc=2026-09-30T08:10:33.959+00:00 host_mono_ns=2514853149864985   types: 1 1 1 1 1 1 1 1 1 1 1 1 1 1 1 1 1 1 1 1 1 1 1 1 1 1 1 1 1 1 1 1 1 1 1 1 1 1 1 1 1 1 1 1 1 1 1 1 1 1 1 1 1 1 1 1 1 1 1 1 1 1 1 1 1 1 1 1 1 1 1 1 1 1 1 1 1
host_utc=2026-09-30T08:10:33.959+00:00 host_mono_ns=2514853149876347   values: 15 27584176 65535 0 27583440 27583436 27583168 80 27583088 27584176 65535 0 1 0 0 0 0 0 0 0 27583440 0 27583440 0 1 1 1 0 0 0 0 0 15 1 0 44 27583132 27583132 16 27583104 27583104 40 27583128 27583128 65535 0 0 0 0 0 0 0 0 0 0 0 0 0 0 0 0 0 0 0 0 0 0 0 0 0 0 0 0 0 0 0 0
host_utc=2026-09-30T08:10:33.959+00:00 host_mono_ns=2514853149887989 value_stack:
host_utc=2026-09-30T08:10:33.959+00:00 host_mono_ns=2514853149898368   types:
host_utc=2026-09-30T08:10:33.959+00:00 host_mono_ns=2514853149915310   values:
host_utc=2026-09-30T08:10:33.959+00:00 host_mono_ns=2514853149925840 label stack:
host_utc=2026-09-30T08:10:33.959+00:00 host_mono_ns=2514853149936250   size: 2
host_utc=2026-09-30T08:10:33.959+00:00 host_mono_ns=2514853149946549     begins: 0 140
host_utc=2026-09-30T08:10:33.959+00:00 host_mono_ns=2514853149956839     targets: 675 4294967295
host_utc=2026-09-30T08:10:33.959+00:00 host_mono_ns=2514853149967208     stack_pointers: 0 0
host_utc=2026-09-30T08:10:33.959+00:00 host_mono_ns=2514853149977678     cell_nums: 1 0
host_utc=2026-09-30T08:10:33.959+00:00 host_mono_ns=2514853149988108 CallStackEntry: fidx=1244, offset=136
host_utc=2026-09-30T08:10:33.959+00:00 host_mono_ns=2514853149998548 pc:
host_utc=2026-09-30T08:10:33.959+00:00 host_mono_ns=2514853150018455   pc: (1244, 136)
host_utc=2026-09-30T08:10:33.959+00:00 host_mono_ns=2514853150028935 locals:
host_utc=2026-09-30T08:10:33.959+00:00 host_mono_ns=2514853150039345 Stack: [ 13   types: 1 1 1 1 1 1 1 1 1 1 1 1 1 1 1 1 1 1 1 1 1 1
host_utc=2026-09-30T08:10:33.959+00:00 host_mono_ns=2514853150050135 12 [2026-09-30 08:10:33.949] [info] stack_count=8, stack_size=8
host_utc=2026-09-30T08:10:33.959+00:00 host_mono_ns=2514853150060705 
host_utc=2026-09-30T08:10:33.959+00:00 host_mono_ns=2514853150070954 11 10 9 8 7 6 5 4 3 2 1 0 ]
host_utc=2026-09-30T08:10:33.959+00:00 host_mono_ns=2514853150081344 Stack: [ 1 1 1 1 1 1 1 1 1 1 1 1 1 1 ]
host_utc=2026-09-30T08:10:33.959+00:00 host_mono_ns=2514853150091804 12 [2026-09-30 08:10:33.949] [info] stack_count=14, stack_size=14
host_utc=2026-09-30T08:10:33.959+00:00 host_mono_ns=2514853150102304 
host_utc=2026-09-30T08:10:33.959+00:00 host_mono_ns=2514853150112643   values: 15 27583132 1 0 27583104 27583128 27583088 32 27583056 15 27583132 1 0 65535 0 27583104 27583128 0 0 0 0 0
host_utc=2026-09-30T08:10:33.959+00:00 host_mono_ns=2514853150123333 value_stack:
host_utc=2026-09-30T08:10:33.959+00:00 host_mono_ns=2514853150133673   types: 1
host_utc=2026-09-30T08:10:33.959+00:00 host_mono_ns=2514853150144053   values: 27
host_utc=2026-09-30T08:10:33.959+00:00 host_mono_ns=2514853150154292 label stack:
host_utc=2026-09-30T08:10:33.959+00:00 host_mono_ns=2514853150164461   size: 1
host_utc=2026-09-30T08:10:33.960+00:00 host_mono_ns=2514853150174781     begins: 0
host_utc=2026-09-30T08:10:33.960+00:00 host_mono_ns=2514853150185090     targets: 179
host_utc=2026-09-30T08:10:33.960+00:00 host_mono_ns=2514853150195450     stack_pointers: 0
host_utc=2026-09-30T08:10:33.960+00:00 host_mono_ns=2514853150205819     cell_nums: 1
host_utc=2026-09-30T08:10:33.960+00:00 host_mono_ns=2514853150216179 [2026-09-30 08:10:33.949] [info] locals: {count=25, size=25}
host_utc=2026-09-30T08:10:33.960+00:00 host_mono_ns=2514853150226769 
host_utc=2026-09-30T08:10:33.960+00:00 host_mono_ns=2514853150237008 11 10 9 8 7 6 5 4 3 2 1 0 ]
host_utc=2026-09-30T08:10:33.960+00:00 host_mono_ns=2514853150247368 Stack: [ 1 1 1 1 1 1 [2026-09-30 08:10:33.949] [info] value_stack: {count=1, size=1}
host_utc=2026-09-30T08:10:33.960+00:00 host_mono_ns=2514853150257928 
host_utc=2026-09-30T08:10:33.960+00:00 host_mono_ns=2514853150268187 1 1 1 1 1 1 1 1 ]
host_utc=2026-09-30T08:10:33.960+00:00 host_mono_ns=2514853150278457 [2026-09-30 08:10:33.949] [info] value_stack: {count=0, size=0}
host_utc=2026-09-30T08:10:33.960+00:00 host_mono_ns=2514853150288876 
host_utc=2026-09-30T08:10:33.960+00:00 host_mono_ns=2514853150299015 call_stack size: 10
host_utc=2026-09-30T08:10:33.960+00:00 host_mono_ns=2514853150309455 CallStackEntry: fidx=3354, offset=26
host_utc=2026-09-30T08:10:33.960+00:00 host_mono_ns=2514853150319835 pc:
host_utc=2026-09-30T08:10:33.960+00:00 host_mono_ns=2514853150330174   pc: (3354, 26)
host_utc=2026-09-30T08:10:33.960+00:00 host_mono_ns=2514853150340494 locals:
host_utc=2026-09-30T08:10:33.960+00:00 host_mono_ns=2514853150350813   types: 1 1
host_utc=2026-09-30T08:10:33.960+00:00 host_mono_ns=2514853150361233 [2026-09-30 08:10:33.949] [info] local_count=14, local_size=14
host_utc=2026-09-30T08:10:33.960+00:00 host_mono_ns=2514853150378465 
host_utc=2026-09-30T08:10:33.960+00:00 host_mono_ns=2514853150388815 [2026-09-30 08:10:33.949] [info] locals: {count=14, size=14}
host_utc=2026-09-30T08:10:33.960+00:00 host_mono_ns=2514853150399425 
host_utc=2026-09-30T08:10:33.960+00:00 host_mono_ns=2514853150409654 [2026-09-30 08:10:33.949] [info] value_stack: {count=0, size=0}
host_utc=2026-09-30T08:10:33.960+00:00 host_mono_ns=2514853150420164 
host_utc=2026-09-30T08:10:33.960+00:00 host_mono_ns=2514853150430323 Stack: [ 7 6 5 4 3 2 1 0 ]
host_utc=2026-09-30T08:10:33.960+00:00 host_mono_ns=2514853150440723 Stack: [2[ 7 6 5 4 3 2 1 0 ]
host_utc=2026-09-30T08:10:33.960+00:00 host_mono_ns=2514853150451123 Stack: [ 1 1 1 1 1 1 1 [2026-09-30 08:10:33.949] [info] local_count=155, local_size=155
host_utc=2026-09-30T08:10:33.960+00:00 host_mono_ns=2514853150461683 
host_utc=2026-09-30T08:10:33.960+00:00 host_mono_ns=2514853150471852   values: 7 53997852
host_utc=2026-09-30T08:10:33.960+00:00 host_mono_ns=2514853150482332 1 1 1 1 [21 6-09-30 08:10:33.949] [info] stack_count=14, stack_size=14
host_utc=2026-09-30T08:10:33.960+00:00 host_mono_ns=2514853150492862 
host_utc=2026-09-30T08:10:33.960+00:00 host_mono_ns=2514853150503071 ]
host_utc=2026-09-30T08:10:33.960+00:00 host_mono_ns=2514853150513400 [2026-09-30 08:10:33.949] [info] stack_count=8, stack_size=8
host_utc=2026-09-30T08:10:33.960+00:00 host_mono_ns=2514853150523810 
host_utc=2026-09-30T08:10:33.960+00:00 host_mono_ns=2514853150534059 1 1 1 ]
host_utc=2026-09-30T08:10:33.960+00:00 host_mono_ns=2514853150544389 [2026-09-30 08:10:33.949] [info] local_count=8, local_size=8
host_utc=2026-09-30T08:10:33.960+00:00 host_mono_ns=2514853150554919 
host_utc=2026-09-30T08:10:33.960+00:00 host_mono_ns=2514853150565138 [2026-09-30 08:10:33.949] [info] local_count=8, local_size=8
host_utc=2026-09-30T08:10:33.960+00:00 host_mono_ns=2514853150575538 
host_utc=2026-09-30T08:10:33.960+00:00 host_mono_ns=2514853150585657 [2026-09-30 08:10:33.949] [info] local_count=25, local_size=25
host_utc=2026-09-30T08:10:33.960+00:00 host_mono_ns=2514853150596087 
host_utc=2026-09-30T08:10:33.960+00:00 host_mono_ns=2514853150606266 [2026-09-30 08:10:33.949] [info] local_count=14, local_size=14
host_utc=2026-09-30T08:10:33.960+00:00 host_mono_ns=2514853150616726 
host_utc=2026-09-30T08:10:33.960+00:00 host_mono_ns=2514853150626985 [2026-09-30 08:10:33.949] [info] stack_count=8, stack_size=8
host_utc=2026-09-30T08:10:33.960+00:00 host_mono_ns=2514853150637365 
host_utc=2026-09-30T08:10:33.960+00:00 host_mono_ns=2514853150647654 [2026-09-30 08:10:33.949] [info] locals: {count=25, size=25}
host_utc=2026-09-30T08:10:33.960+00:00 host_mono_ns=2514853150658034 
host_utc=2026-09-30T08:10:33.960+00:00 host_mono_ns=2514853150668203 [2026-09-30 08:10:33.949] [info] value_stack: {count=0, size=0}
host_utc=2026-09-30T08:10:33.960+00:00 host_mono_ns=2514853150678623 
host_utc=2026-09-30T08:10:33.960+00:00 host_mono_ns=2514853150688802 value_stack:
host_utc=2026-09-30T08:10:33.960+00:00 host_mono_ns=2514853150699041 [2026-09-30 08:10:33.949] [info] locals: {count=14, size=14}
host_utc=2026-09-30T08:10:33.960+00:00 host_mono_ns=2514853150709481 
host_utc=2026-09-30T08:10:33.960+00:00 host_mono_ns=2514853150719560 [2026-09-30 08:10:33.949] [info] value_stack: {count=0, size=0}
host_utc=2026-09-30T08:10:33.960+00:00 host_mono_ns=2514853150729990 
host_utc=2026-09-30T08:10:33.960+00:00 host_mono_ns=2514853150740209 Stack: [ 7 6 5 4 3 2 1 0 ]
host_utc=2026-09-30T08:10:33.960+00:00 host_mono_ns=2514853150750589 Stack: [ 1 1 1 1 1 1 1 1 ]
host_utc=2026-09-30T08:10:33.960+00:00 host_mono_ns=2514853150760998 [2026-09-30 08:10:33.949] [info] stack_count=8, stack_size=8
host_utc=2026-09-30T08:10:33.960+00:00 host_mono_ns=2514853150771398 
host_utc=2026-09-30T08:10:33.960+00:00 host_mono_ns=2514853150781597 Stack: [2026-09-30 08:10:33.949] [info] local_count=8, local_size=8
host_utc=2026-09-30T08:10:33.960+00:00 host_mono_ns=2514853150792147 
host_utc=2026-09-30T08:10:33.960+00:00 host_mono_ns=2514853150802316 [2026-09-30 08:10:33.949] [info] locals: {count=8, size=8}
host_utc=2026-09-30T08:10:33.960+00:00 host_mono_ns=2514853150819238 
host_utc=2026-09-30T08:10:33.960+00:00 host_mono_ns=2514853150829437 [2026-09-30 08:10:33.949] [info] value_stack: {count=0, size=0}
host_utc=2026-09-30T08:10:33.960+00:00 host_mono_ns=2514853150839837 
host_utc=2026-09-30T08:10:33.960+00:00 host_mono_ns=2514853150849976 [ 37 26-09-30 08:10:33.949] [info] local_count=8, local_size=8
host_utc=2026-09-30T08:10:33.960+00:00 host_mono_ns=2514853150860436 
host_utc=2026-09-30T08:10:33.960+00:00 host_mono_ns=2514853150870635 [2026-09-30 08:10:33.949] [info] locals: {count=8, size=8}
host_utc=2026-09-30T08:10:33.960+00:00 host_mono_ns=2514853150881055 
host_utc=2026-09-30T08:10:33.960+00:00 host_mono_ns=2514853150891194 [2026-09-30 08:10:33.949] [info] value_stack: {count=0, size=0}
host_utc=2026-09-30T08:10:33.960+00:00 host_mono_ns=2514853150901564 
host_utc=2026-09-30T08:10:33.960+00:00 host_mono_ns=2514853150911813 Stack: [ 1 0 Stack: ]
host_utc=2026-09-30T08:10:33.960+00:00 host_mono_ns=2514853150922143 Stack: [ 1 1 ]
host_utc=2026-09-30T08:10:33.960+00:00 host_mono_ns=2514853150932552 [ [2026-09-30 08:10:33.949] [info] stack_count=2, stack_size=2
host_utc=2026-09-30T08:10:33.960+00:00 host_mono_ns=2514853150943082 
host_utc=2026-09-30T08:10:33.960+00:00 host_mono_ns=2514853150953322 1 36 35 34 33 32 31 30 29 28 27 26 25 24 23 22 21 20 19 18 17 16 15 14 13 12 11 10 9 8 7 6 5 4 3 2 1 0 ]
host_utc=2026-09-30T08:10:33.960+00:00 host_mono_ns=2514853150963902 Stack: [ [2026-09-30 08:10:33.949] [info] local_count=2, local_size=2
host_utc=2026-09-30T08:10:33.960+00:00 host_mono_ns=2514853150974451 
host_utc=2026-09-30T08:10:33.960+00:00 host_mono_ns=2514853150984721 0 ]
host_utc=2026-09-30T08:10:33.960+00:00 host_mono_ns=2514853150995010 Stack: [2026-09-30 08:10:33.949] [info] locals: {count=8, size=8}
host_utc=2026-09-30T08:10:33.960+00:00 host_mono_ns=2514853151010500 
host_utc=2026-09-30T08:10:33.960+00:00 host_mono_ns=2514853151023775 1 1 ]
host_utc=2026-09-30T08:10:33.960+00:00 host_mono_ns=2514853151034264 1 1 1 [ 1 1 1 [2026-09-30 08:10:33.949] [info] locals: {count=155, size=155}
host_utc=2026-09-30T08:10:33.960+00:00 host_mono_ns=2514853151044995 
host_utc=2026-09-30T08:10:33.960+00:00 host_mono_ns=2514853151055274 1 1 1 1 1 1 1 1 1 026-09-30 08:10:33.949] [info] Success to dump frame stack
host_utc=2026-09-30T08:10:33.960+00:00 host_mono_ns=2514853151065974 
host_utc=2026-09-30T08:10:33.960+00:00 host_mono_ns=2514853151076264 stack, 5576517
host_utc=2026-09-30T08:10:33.960+00:00 host_mono_ns=2514853151086633 3-thread attrs, 39545
host_utc=2026-09-30T08:10:33.960+00:00 host_mono_ns=2514853151097033 Stack: [ 1 0 ]
host_utc=2026-09-30T08:10:33.960+00:00 host_mono_ns=2514853151107393 Stack: [ 1 1 ]
host_utc=2026-09-30T08:10:33.960+00:00 host_mono_ns=2514853151117692 [2026-09-30 08:10:33.949] [info] stack_count=2, stack_size=2
host_utc=2026-09-30T08:10:33.960+00:00 host_mono_ns=2514853151128182 
host_utc=2026-09-30T08:10:33.960+00:00 host_mono_ns=2514853151138431   types:
host_utc=2026-09-30T08:10:33.960+00:00 host_mono_ns=2514853151148911 [2026-09-30 08:10:33.949] [info] locals: {count=2, size=2}
host_utc=2026-09-30T08:10:33.960+00:00 host_mono_ns=2514853151159351 
host_utc=2026-09-30T08:10:33.961+00:00 host_mono_ns=2514853151169560 1 1 1 1 026-09-30 08:10:33.949] [info] stack_count=2, stack_size=2
host_utc=2026-09-30T08:10:33.961+00:00 host_mono_ns=2514853151180030 
host_utc=2026-09-30T08:10:33.961+00:00 host_mono_ns=2514853151190189 label stack:
host_utc=2026-09-30T08:10:33.961+00:00 host_mono_ns=2514853151200609   size: 1
host_utc=2026-09-30T08:10:33.961+00:00 host_mono_ns=2514853151210978     begins: 0
host_utc=2026-09-30T08:10:33.961+00:00 host_mono_ns=2514853151221318     targets: 57
host_utc=2026-09-30T08:10:33.961+00:00 host_mono_ns=2514853151231768 [2026-09-30 08:10:33.949] [info] local_count=2, local_size=2
host_utc=2026-09-30T08:10:33.961+00:00 host_mono_ns=2514853151242237 
host_utc=2026-09-30T08:10:33.961+00:00 host_mono_ns=2514853151252477 1 1 1 1 1 1 1 1 1 1 1 1 1 1 1 1 1 1 ]
host_utc=2026-09-30T08:10:33.961+00:00 host_mono_ns=2514853151273887 [2026-09-30 08:10:33.949] [info] locals: {count=8, size=8}
host_utc=2026-09-30T08:10:33.961+00:00 host_mono_ns=2514853151284517 
host_utc=2026-09-30T08:10:33.961+00:00 host_mono_ns=2514853151294827 [2026-09-30 08:10:33.949] [info] local_count=2, local_size=2
host_utc=2026-09-30T08:10:33.961+00:00 host_mono_ns=2514853151305236 
host_utc=2026-09-30T08:10:33.961+00:00 host_mono_ns=2514853151315416 [2026-09-30 08:10:33.949] [info] value_stack: {count=0, size=0}
host_utc=2026-09-30T08:10:33.961+00:00 host_mono_ns=2514853151325775 
host_utc=2026-09-30T08:10:33.961+00:00 host_mono_ns=2514853151335924 [2026-09-30 08:10:33.949] [info] locals: {count=2, size=2}
host_utc=2026-09-30T08:10:33.961+00:00 host_mono_ns=2514853151346264 
host_utc=2026-09-30T08:10:33.961+00:00 host_mono_ns=2514853151356473     stack_pointers: 0
host_utc=2026-09-30T08:10:33.961+00:00 host_mono_ns=2514853151366883 [2026-09-30 08:10:33.949] [info] value_stack: {count=0, size=0}
host_utc=2026-09-30T08:10:33.961+00:00 host_mono_ns=2514853151377333 
host_utc=2026-09-30T08:10:33.961+00:00 host_mono_ns=2514853151387552     cell_nums: 0
host_utc=2026-09-30T08:10:33.961+00:00 host_mono_ns=2514853151397952 [2026-09-30 08:10:33.949] [info] value_stack: {count=16, size=16}
host_utc=2026-09-30T08:10:33.961+00:00 host_mono_ns=2514853151408582 
host_utc=2026-09-30T08:10:33.961+00:00 host_mono_ns=2514853151418791 [02:34:13:122 - 7CFBA7672640]: [2026-09-30 08:10:33.949] [info] stack_count=38, stack_size=38
host_utc=2026-09-30T08:10:33.961+00:00 host_mono_ns=2514853151429421 
host_utc=2026-09-30T08:10:33.961+00:00 host_mono_ns=2514853151439630 Stack: [ 13 CallStackEntry: fidx=3328, offset=31
host_utc=2026-09-30T08:10:33.961+00:00 host_mono_ns=2514853151450240 [2026-09-30 08:10:33.949] [info] local_count=37, local_size=37
host_utc=2026-09-30T08:10:33.961+00:00 host_mono_ns=2514853151460710 
host_utc=2026-09-30T08:10:33.961+00:00 host_mono_ns=2514853151470960 Stack: Success to dump img for wamr
host_utc=2026-09-30T08:10:33.961+00:00 host_mono_ns=2514853151481570 [ [2026-09-30 08:10:33.949] [info] locals: {count=2, size=2}
host_utc=2026-09-30T08:10:33.961+00:00 host_mono_ns=2514853151492029 
host_utc=2026-09-30T08:10:33.961+00:00 host_mono_ns=2514853151502309 0 ]
host_utc=2026-09-30T08:10:33.961+00:00 host_mono_ns=2514853151512528 Stack:
host_utc=2026-09-30T08:10:33.961+00:00 host_mono_ns=2514853151522908 [ call_stack size: 6
host_utc=2026-09-30T08:10:33.961+00:00 host_mono_ns=2514853151533347 12 CallStackEntry: fidx=3354, offset=26
host_utc=2026-09-30T08:10:33.961+00:00 host_mono_ns=2514853151543697 2026-09-30 08:10:33.949] [info] value_stack: {count=0, size=0}
host_utc=2026-09-30T08:10:33.961+00:00 host_mono_ns=2514853151554247 
host_utc=2026-09-30T08:10:33.961+00:00 host_mono_ns=2514853151564416 do_checkpoint_4
host_utc=2026-09-30T08:10:33.961+00:00 host_mono_ns=2514853151574976 [2026-09-30 08:10:33.949] [info] value_stack: {count=0, size=0}
host_utc=2026-09-30T08:10:33.961+00:00 host_mono_ns=2514853151585436 
host_utc=2026-09-30T08:10:33.961+00:00 host_mono_ns=2514853151595615 11 call_stack size: 6
host_utc=2026-09-30T08:10:33.961+00:00 host_mono_ns=2514853151606085 pc:
host_utc=2026-09-30T08:10:33.961+00:00 host_mono_ns=2514853151616675 [2026-09-30 08:10:33.950] [info] locals: {count=37, size=37}
host_utc=2026-09-30T08:10:33.961+00:00 host_mono_ns=2514853151627064 
host_utc=2026-09-30T08:10:33.961+00:00 host_mono_ns=2514853151637354 CallStackEntry: fidx=3354, offset=26
host_utc=2026-09-30T08:10:33.961+00:00 host_mono_ns=2514853151647754 pc:
host_utc=2026-09-30T08:10:33.961+00:00 host_mono_ns=2514853151658213 wasm_cluster_increase_checkpointing_counter called 1
host_utc=2026-09-30T08:10:33.961+00:00 host_mono_ns=2514853151668803 [2026-09-30 08:10:33.950] [info] value_stack: {count=1, size=1}
host_utc=2026-09-30T08:10:33.961+00:00 host_mono_ns=2514853151679133 
host_utc=2026-09-30T08:10:33.961+00:00 host_mono_ns=2514853151689272   pc: (3354, 26)
host_utc=2026-09-30T08:10:33.961+00:00 host_mono_ns=2514853151699601 1 call_stack size: 13
host_utc=2026-09-30T08:10:33.961+00:00 host_mono_ns=2514853151716333 locals:
host_utc=2026-09-30T08:10:33.961+00:00 host_mono_ns=2514853151726893 10   types: 1 1
host_utc=2026-09-30T08:10:33.961+00:00 host_mono_ns=2514853151737293 CallStackEntry: fidx=3354, offset=26
host_utc=2026-09-30T08:10:33.961+00:00 host_mono_ns=2514853151747762 9 pc:
host_utc=2026-09-30T08:10:33.961+00:00 host_mono_ns=2514853151758182 1 8 Stack:   pc: (3354, 26)
host_utc=2026-09-30T08:10:33.961+00:00 host_mono_ns=2514853151768662 [ 7 pc:
host_utc=2026-09-30T08:10:33.961+00:00 host_mono_ns=2514853151778991 wasm_cluster_increase_checkpointing_counter called 2
host_utc=2026-09-30T08:10:33.961+00:00 host_mono_ns=2514853151789632 ]
host_utc=2026-09-30T08:10:33.961+00:00 host_mono_ns=2514853151799951 14 wasm_cluster_increase_checkpointing_counter called 3
host_utc=2026-09-30T08:10:33.961+00:00 host_mono_ns=2514853151810631 [2 [2026-09-30 08:10:33.950] [info] local_count=2, local_size=2
host_utc=2026-09-30T08:10:33.961+00:00 host_mono_ns=2514853151821051 
host_utc=2026-09-30T08:10:33.961+00:00 host_mono_ns=2514853151831280 [2026-09-30 08:10:33.950] [info] locals: {count=2, size=2}
host_utc=2026-09-30T08:10:33.961+00:00 host_mono_ns=2514853151841730 
host_utc=2026-09-30T08:10:33.961+00:00 host_mono_ns=2514853151852100 [2026-09-30 08:10:33.950] [info] value_stack: {count=0, size=0}
host_utc=2026-09-30T08:10:33.961+00:00 host_mono_ns=2514853151862559 
host_utc=2026-09-30T08:10:33.961+00:00 host_mono_ns=2514853151872779 call_stack size: 13
host_utc=2026-09-30T08:10:33.961+00:00 host_mono_ns=2514853151883268 CallStackEntry: fidx=3354, offset=26
host_utc=2026-09-30T08:10:33.961+00:00 host_mono_ns=2514853151893748 pc:
host_utc=2026-09-30T08:10:33.961+00:00 host_mono_ns=2514853151904048   pc: (3354, 26)
host_utc=2026-09-30T08:10:33.961+00:00 host_mono_ns=2514853151914337 locals:
host_utc=2026-09-30T08:10:33.961+00:00 host_mono_ns=2514853151924587   types: 1 1
host_utc=2026-09-30T08:10:33.961+00:00 host_mono_ns=2514853151934936 12   values: 8 60552588
host_utc=2026-09-30T08:10:33.961+00:00 host_mono_ns=2514853151945476 11 10 9 8 7 6 value_stack:
host_utc=2026-09-30T08:10:33.961+00:00 host_mono_ns=2514853151955956 5 4 3 2 1 0 ]
host_utc=2026-09-30T08:10:33.961+00:00 host_mono_ns=2514853151966335 Stack:   types:
host_utc=2026-09-30T08:10:33.961+00:00 host_mono_ns=2514853151976695 [ 1 1 1 1 1   values: 5 40823388
host_utc=2026-09-30T08:10:33.961+00:00 host_mono_ns=2514853151987205   values:
host_utc=2026-09-30T08:10:33.961+00:00 host_mono_ns=2514853151997584 1 1 1 1 1   pc: (3354, 26)
host_utc=2026-09-30T08:10:33.961+00:00 host_mono_ns=2514853152014957   pc: (3328, 31)
host_utc=2026-09-30T08:10:33.961+00:00 host_mono_ns=2514853152028733 label stack:
host_utc=2026-09-30T08:10:33.961+00:00 host_mono_ns=2514853152039273 locals:
host_utc=2026-09-30T08:10:33.961+00:00 host_mono_ns=2514853152049573 locals:
host_utc=2026-09-30T08:10:33.961+00:00 host_mono_ns=2514853152059842   types: 1 1
host_utc=2026-09-30T08:10:33.961+00:00 host_mono_ns=2514853152070282   types: 1 1 1 1 1 1 1 1
host_utc=2026-09-30T08:10:33.961+00:00 host_mono_ns=2514853152080732 value_stack:
host_utc=2026-09-30T08:10:33.961+00:00 host_mono_ns=2514853152090991   values: 4 34203580
host_utc=2026-09-30T08:10:33.961+00:00 host_mono_ns=2514853152101501   types:
host_utc=2026-09-30T08:10:33.961+00:00 host_mono_ns=2514853152111850   size: 1
host_utc=2026-09-30T08:10:33.961+00:00 host_mono_ns=2514853152122270 value_stack:
host_utc=2026-09-30T08:10:33.961+00:00 host_mono_ns=2514853152132620   types:
host_utc=2026-09-30T08:10:33.961+00:00 host_mono_ns=2514853152142959   values:
host_utc=2026-09-30T08:10:33.961+00:00 host_mono_ns=2514853152153379   values: 7 53997852 53997876 0 0 0 0 0
host_utc=2026-09-30T08:10:33.961+00:00 host_mono_ns=2514853152163879     begins: 0
host_utc=2026-09-30T08:10:33.962+00:00 host_mono_ns=2514853152174338   values:
host_utc=2026-09-30T08:10:33.962+00:00 host_mono_ns=2514853152184678 6 1 5 label stack:
host_utc=2026-09-30T08:10:33.962+00:00 host_mono_ns=2514853152195078 label stack:
host_utc=2026-09-30T08:10:33.962+00:00 host_mono_ns=2514853152212070     targets: 57
host_utc=2026-09-30T08:10:33.962+00:00 host_mono_ns=2514853152222660   size: 1
host_utc=2026-09-30T08:10:33.962+00:00 host_mono_ns=2514853152233150 4     stack_pointers: 0
host_utc=2026-09-30T08:10:33.962+00:00 host_mono_ns=2514853152243569     begins: 0
host_utc=2026-09-30T08:10:33.962+00:00 host_mono_ns=2514853152253879     targets: 57
host_utc=2026-09-30T08:10:33.962+00:00 host_mono_ns=2514853152264128     stack_pointers: 0
host_utc=2026-09-30T08:10:33.962+00:00 host_mono_ns=2514853152274528 3 2 value_stack:
host_utc=2026-09-30T08:10:33.962+00:00 host_mono_ns=2514853152284937 locals:
host_utc=2026-09-30T08:10:33.962+00:00 host_mono_ns=2514853152295327   types:
host_utc=2026-09-30T08:10:33.962+00:00 host_mono_ns=2514853152305606 1   values:
host_utc=2026-09-30T08:10:33.962+00:00 host_mono_ns=2514853152315906 label stack:
host_utc=2026-09-30T08:10:33.962+00:00 host_mono_ns=2514853152326205 1   types: 1 1
host_utc=2026-09-30T08:10:33.962+00:00 host_mono_ns=2514853152336595   size: 1
host_utc=2026-09-30T08:10:33.962+00:00 host_mono_ns=2514853152347045     cell_nums: 0
host_utc=2026-09-30T08:10:33.962+00:00 host_mono_ns=2514853152357384   values: 9 67106844
host_utc=2026-09-30T08:10:33.962+00:00 host_mono_ns=2514853152367734 value_stack:
host_utc=2026-09-30T08:10:33.962+00:00 host_mono_ns=2514853152378093   types:
host_utc=2026-09-30T08:10:33.962+00:00 host_mono_ns=2514853152388413   values:
host_utc=2026-09-30T08:10:33.962+00:00 host_mono_ns=2514853152398742 CallStackEntry: fidx=3328, offset=31
host_utc=2026-09-30T08:10:33.962+00:00 host_mono_ns=2514853152409082 pc:
host_utc=2026-09-30T08:10:33.962+00:00 host_mono_ns=2514853152419421   size: 1
host_utc=2026-09-30T08:10:33.962+00:00 host_mono_ns=2514853152429731   pc: (3328, 31)
host_utc=2026-09-30T08:10:33.962+00:00 host_mono_ns=2514853152440010 label stack:
host_utc=2026-09-30T08:10:33.962+00:00 host_mono_ns=2514853152450270 1     begins: 0
host_utc=2026-09-30T08:10:33.962+00:00 host_mono_ns=2514853152460609   size: 1
host_utc=2026-09-30T08:10:33.962+00:00 host_mono_ns=2514853152470869 0 1     targets: 57
host_utc=2026-09-30T08:10:33.962+00:00 host_mono_ns=2514853152481409     begins: 0
host_utc=2026-09-30T08:10:33.962+00:00 host_mono_ns=2514853152491728 ]
host_utc=2026-09-30T08:10:33.962+00:00 host_mono_ns=2514853152502007 Stack: [ 1 1     stack_pointers: 0
host_utc=2026-09-30T08:10:33.962+00:00 host_mono_ns=2514853152512447     cell_nums: 0
host_utc=2026-09-30T08:10:33.962+00:00 host_mono_ns=2514853152522757 CallStackEntry: fidx=3328, offset=31
host_utc=2026-09-30T08:10:33.962+00:00 host_mono_ns=2514853152533216 pc:
host_utc=2026-09-30T08:10:33.962+00:00 host_mono_ns=2514853152543566   pc: (3328, 31)
host_utc=2026-09-30T08:10:33.962+00:00 host_mono_ns=2514853152553825 locals:
host_utc=2026-09-30T08:10:33.962+00:00 host_mono_ns=2514853152564185 ]
host_utc=2026-09-30T08:10:33.962+00:00 host_mono_ns=2514853152574464 1 1 1 1 [2  targets: 57
host_utc=2026-09-30T08:10:33.962+00:00 host_mono_ns=2514853152584774   types: 1 1 1 1 1 1 1 1
host_utc=2026-09-30T08:10:33.962+00:00 host_mono_ns=2514853152595184 1     begins: 0
host_utc=2026-09-30T08:10:33.962+00:00 host_mono_ns=2514853152605543     targets: 622
host_utc=2026-09-30T08:10:33.962+00:00 host_mono_ns=2514853152615923 1 1 1     stack_pointers: 0
host_utc=2026-09-30T08:10:33.962+00:00 host_mono_ns=2514853152626352 1 1     cell_nums: 0
host_utc=2026-09-30T08:10:33.962+00:00 host_mono_ns=2514853152636772 CallStackEntry: fidx=1363, offset=109
host_utc=2026-09-30T08:10:33.962+00:00 host_mono_ns=2514853152647272 locals:
host_utc=2026-09-30T08:10:33.962+00:00 host_mono_ns=2514853152657561     stack_pointers: 0
host_utc=2026-09-30T08:10:33.962+00:00 host_mono_ns=2514853152667991   values: 5 40823388 40823412 0 0 0 0 0
host_utc=2026-09-30T08:10:33.962+00:00 host_mono_ns=2514853152678451     cell_nums: 0
host_utc=2026-09-30T08:10:33.962+00:00 host_mono_ns=2514853152688780 CallStackEntry: fidx=3328, offset=31
host_utc=2026-09-30T08:10:33.962+00:00 host_mono_ns=2514853152706354     cell_nums: 0
host_utc=2026-09-30T08:10:33.962+00:00 host_mono_ns=2514853152716803 [ pc:
host_utc=2026-09-30T08:10:33.962+00:00 host_mono_ns=2514853152727173 pc:
host_utc=2026-09-30T08:10:33.962+00:00 host_mono_ns=2514853152737562 CallStackEntry: fidx=3328, offset=31
host_utc=2026-09-30T08:10:33.962+00:00 host_mono_ns=2514853152748042 pc:
host_utc=2026-09-30T08:10:33.962+00:00 host_mono_ns=2514853152758432 [2026-09-30 08:10:33.950] [info] value_stack: {count=0, size=0}
host_utc=2026-09-30T08:10:33.962+00:00 host_mono_ns=2514853152768962 
host_utc=2026-09-30T08:10:33.962+00:00 host_mono_ns=2514853152779291   types: 1 1 1 1 1 1 1 1
host_utc=2026-09-30T08:10:33.962+00:00 host_mono_ns=2514853152789581 value_stack:
host_utc=2026-09-30T08:10:33.962+00:00 host_mono_ns=2514853152799990   types:
host_utc=2026-09-30T08:10:33.962+00:00 host_mono_ns=2514853152810220   values:
host_utc=2026-09-30T08:10:33.962+00:00 host_mono_ns=2514853152820529 label stack:
host_utc=2026-09-30T08:10:33.962+00:00 host_mono_ns=2514853152830779   size: 1
host_utc=2026-09-30T08:10:33.962+00:00 host_mono_ns=2514853152841208 1   values: 4 34203580 34203604 0 0 0 0 0
host_utc=2026-09-30T08:10:33.962+00:00 host_mono_ns=2514853152851758 1   pc: (1363, 109)
host_utc=2026-09-30T08:10:33.962+00:00 host_mono_ns=2514853152862228     begins: 0
host_utc=2026-09-30T08:10:33.962+00:00 host_mono_ns=2514853152872517 value_stack:
host_utc=2026-09-30T08:10:33.962+00:00 host_mono_ns=2514853152882827   pc: (3328, 31)
host_utc=2026-09-30T08:10:33.962+00:00 host_mono_ns=2514853152893207 locals:
host_utc=2026-09-30T08:10:33.962+00:00 host_mono_ns=2514853152903526   types:
host_utc=2026-09-30T08:10:33.962+00:00 host_mono_ns=2514853152913765 locals:
host_utc=2026-09-30T08:10:33.962+00:00 host_mono_ns=2514853152924155     targets: 622
host_utc=2026-09-30T08:10:33.962+00:00 host_mono_ns=2514853152934495     stack_pointers: 0
host_utc=2026-09-30T08:10:33.962+00:00 host_mono_ns=2514853152944964   pc: (3328, 31)
host_utc=2026-09-30T08:10:33.962+00:00 host_mono_ns=2514853152955324   types: 1 1 1 1 1 1 1 1 1 1 1 1 1 1
host_utc=2026-09-30T08:10:33.962+00:00 host_mono_ns=2514853152965894 Stack:     cell_nums: 0
host_utc=2026-09-30T08:10:33.962+00:00 host_mono_ns=2514853152976314   values: 7855136 53997840 16 53997824 7855136 43 7855136 607964 7855136 43 607964 0 0 0
host_utc=2026-09-30T08:10:33.962+00:00 host_mono_ns=2514853152986934 [ value_stack:
host_utc=2026-09-30T08:10:33.962+00:00 host_mono_ns=2514853152997313 CallStackEntry: fidx=1363, offset=109
host_utc=2026-09-30T08:10:33.962+00:00 host_mono_ns=2514853153013414   types:
host_utc=2026-09-30T08:10:33.962+00:00 host_mono_ns=2514853153026769 locals:
host_utc=2026-09-30T08:10:33.962+00:00 host_mono_ns=2514853153037108 pc:
host_utc=2026-09-30T08:10:33.962+00:00 host_mono_ns=2514853153047548   values:
host_utc=2026-09-30T08:10:33.962+00:00 host_mono_ns=2514853153057878 label stack:
host_utc=2026-09-30T08:10:33.962+00:00 host_mono_ns=2514853153068157   pc: (1363, 109)
host_utc=2026-09-30T08:10:33.962+00:00 host_mono_ns=2514853153078507   size: 1
host_utc=2026-09-30T08:10:33.962+00:00 host_mono_ns=2514853153088786 ]
host_utc=2026-09-30T08:10:33.962+00:00 host_mono_ns=2514853153099066   types: 1 1 1 1 1 1 1 1
host_utc=2026-09-30T08:10:33.962+00:00 host_mono_ns=2514853153109565 locals:
host_utc=2026-09-30T08:10:33.962+00:00 host_mono_ns=2514853153119845   types: 1 1 1 1 1 1 1 1
host_utc=2026-09-30T08:10:33.962+00:00 host_mono_ns=2514853153130285     begins: 0
host_utc=2026-09-30T08:10:33.962+00:00 host_mono_ns=2514853153164229     targets: 142
host_utc=2026-09-30T08:10:33.963+00:00 host_mono_ns=2514853153175119 13 [2values: 9 67106844 67106868 0 0 0 0 0
host_utc=2026-09-30T08:10:33.963+00:00 host_mono_ns=2514853153185729 12     stack_pointers: 0
host_utc=2026-09-30T08:10:33.963+00:00 host_mono_ns=2514853153196239 11   values:
host_utc=2026-09-30T08:10:33.963+00:00 host_mono_ns=2514853153206619 [2026-09-30 08:10:33.950] [info] local_count=14, local_size=14
host_utc=2026-09-30T08:10:33.963+00:00 host_mono_ns=2514853153224042 
host_utc=2026-09-30T08:10:33.963+00:00 host_mono_ns=2514853153234441 value_stack:
host_utc=2026-09-30T08:10:33.963+00:00 host_mono_ns=2514853153244731 10   types:
host_utc=2026-09-30T08:10:33.963+00:00 host_mono_ns=2514853153255201   values:
host_utc=2026-09-30T08:10:33.963+00:00 host_mono_ns=2514853153265520 9 label stack:
host_utc=2026-09-30T08:10:33.963+00:00 host_mono_ns=2514853153275729 8 7 6 5     cell_nums: 1
host_utc=2026-09-30T08:10:33.963+00:00 host_mono_ns=2514853153286009   size: 1
host_utc=2026-09-30T08:10:33.963+00:00 host_mono_ns=2514853153296308 4   values: 8 60552588 60552612 0 0 0 0 0
host_utc=2026-09-30T08:10:33.963+00:00 host_mono_ns=2514853153306788     begins: 0
host_utc=2026-09-30T08:10:33.963+00:00 host_mono_ns=2514853153317168 3 value_stack:
host_utc=2026-09-30T08:10:33.963+00:00 host_mono_ns=2514853153327497   types:
host_utc=2026-09-30T08:10:33.963+00:00 host_mono_ns=2514853153337797 [2026-09-30 0
host_utc=2026-09-30T08:10:33.963+00:00 host_mono_ns=2514853153348146 :10:33.950] [info] locals: {count=14, size=14}
host_utc=2026-09-30T08:10:33.963+00:00 host_mono_ns=2514853153358666 
host_utc=2026-09-30T08:10:33.963+00:00 host_mono_ns=2514853153368966  2types: 1 1 1 1 1 1 1 1 1 1 1 1 1 1
host_utc=2026-09-30T08:10:33.963+00:00 host_mono_ns=2514853153379435   size: 1
host_utc=2026-09-30T08:10:33.963+00:00 host_mono_ns=2514853153389715     begins: 0
host_utc=2026-09-30T08:10:33.963+00:00 host_mono_ns=2514853153400004     targets: 622
host_utc=2026-09-30T08:10:33.963+00:00 host_mono_ns=2514853153410324     stack_pointers: 0
host_utc=2026-09-30T08:10:33.963+00:00 host_mono_ns=2514853153420854   values: 7855136 40823376 16 40823360 7855136 95 7855136 1164944 7855136 95 1164944 0 0 0
host_utc=2026-09-30T08:10:33.963+00:00 host_mono_ns=2514853153431564 2     cell_nums: 0
host_utc=2026-09-30T08:10:33.963+00:00 host_mono_ns=2514853153441964 Stack: CallStackEntry: fidx=1363, offset=109
host_utc=2026-09-30T08:10:33.963+00:00 host_mono_ns=2514853153452564 [ 7 6 5 4 pc:
host_utc=2026-09-30T08:10:33.963+00:00 host_mono_ns=2514853153462973 3   pc: (1363, 109)
host_utc=2026-09-30T08:10:33.963+00:00 host_mono_ns=2514853153473413 2 1 value_stack:
host_utc=2026-09-30T08:10:33.963+00:00 host_mono_ns=2514853153483732 1   types:
host_utc=2026-09-30T08:10:33.963+00:00 host_mono_ns=2514853153494162 CallStackEntry: fidx=1017, offset=57
host_utc=2026-09-30T08:10:33.963+00:00 host_mono_ns=2514853153504592   values:
host_utc=2026-09-30T08:10:33.963+00:00 host_mono_ns=2514853153514901 label stack:
host_utc=2026-09-30T08:10:33.963+00:00 host_mono_ns=2514853153525191   size: 1
host_utc=2026-09-30T08:10:33.963+00:00 host_mono_ns=2514853153535520 pc:
host_utc=2026-09-30T08:10:33.963+00:00 host_mono_ns=2514853153545870     begins: 0
host_utc=2026-09-30T08:10:33.963+00:00 host_mono_ns=2514853153556219     targets: 142
host_utc=2026-09-30T08:10:33.963+00:00 host_mono_ns=2514853153566539   pc: (1017, 57)
host_utc=2026-09-30T08:10:33.963+00:00 host_mono_ns=2514853153576818     stack_pointers: 0
host_utc=2026-09-30T08:10:33.963+00:00 host_mono_ns=2514853153587168 locals:
host_utc=2026-09-30T08:10:33.963+00:00 host_mono_ns=2514853153597467 0     cell_nums: 1
host_utc=2026-09-30T08:10:33.963+00:00 host_mono_ns=2514853153607777 CallStackEntry: fidx=1294, offset=700
host_utc=2026-09-30T08:10:33.963+00:00 host_mono_ns=2514853153618207   types: 1 1 1 1 1 1 1 1 1 1 1 1 1 1
host_utc=2026-09-30T08:10:33.963+00:00 host_mono_ns=2514853153628787 0   values: 7855136 34203568 16 34203552 7855136 95 7855136 1164988 7855136 95 1164988 0 0 0
host_utc=2026-09-30T08:10:33.963+00:00 host_mono_ns=2514853153639477 ]
host_utc=2026-09-30T08:10:33.963+00:00 host_mono_ns=2514853153649826 pc:
host_utc=2026-09-30T08:10:33.963+00:00 host_mono_ns=2514853153660196 ]
host_utc=2026-09-30T08:10:33.963+00:00 host_mono_ns=2514853153670455   pc: (1294, 700)
host_utc=2026-09-30T08:10:33.963+00:00 host_mono_ns=2514853153680915 Stack: [ locals:
host_utc=2026-09-30T08:10:33.963+00:00 host_mono_ns=2514853153691275 1 1 1 1 1 1 1 1 1 1 1 1 1 1 ]
host_utc=2026-09-30T08:10:33.963+00:00 host_mono_ns=2514853153707956 locals:
host_utc=2026-09-30T08:10:33.963+00:00 host_mono_ns=2514853153718436 [2026-09-30 08:10:33.950] [info] stack_count=14, stack_size=14
host_utc=2026-09-30T08:10:33.963+00:00 host_mono_ns=2514853153729086 
host_utc=2026-09-30T08:10:33.963+00:00 host_mono_ns=2514853153739436 [2026-09-30 08:10:33.950] [info] local_count=14, local_size=14
host_utc=2026-09-30T08:10:33.963+00:00 host_mono_ns=2514853153749855 
host_utc=2026-09-30T08:10:33.963+00:00 host_mono_ns=2514853153760095     targets: 622
host_utc=2026-09-30T08:10:33.963+00:00 host_mono_ns=2514853153770424 [2026-09-30 08:10:33.950] [info] locals: {count=14, size=14}
host_utc=2026-09-30T08:10:33.963+00:00 host_mono_ns=2514853153781014 
host_utc=2026-09-30T08:10:33.963+00:00 host_mono_ns=2514853153791284     stack_pointers: 0
host_utc=2026-09-30T08:10:33.963+00:00 host_mono_ns=2514853153801683 [2026-09-30 08:10:33.950] [info] value_stack: {count=0, size=0}
host_utc=2026-09-30T08:10:33.963+00:00 host_mono_ns=2514853153812183 
host_utc=2026-09-30T08:10:33.963+00:00 host_mono_ns=2514853153822352   types: 1 1 1 1 1 1 1 1
host_utc=2026-09-30T08:10:33.963+00:00 host_mono_ns=2514853153832712 Stack: [ 7 Stack:   values: 607964 53997824 16 53997808 607964 607964 0 0
host_utc=2026-09-30T08:10:33.963+00:00 host_mono_ns=2514853153843342 value_stack:
host_utc=2026-09-30T08:10:33.963+00:00 host_mono_ns=2514853153853571   types:
host_utc=2026-09-30T08:10:33.963+00:00 host_mono_ns=2514853153863901 [ 1 6 1   values:
host_utc=2026-09-30T08:10:33.963+00:00 host_mono_ns=2514853153874591 5 1   types: 1 1 1 1 1 1 1 1 1 1 1 1 1 1 1 1 1 1 1 1 1 1 1 1 1 1 1 1 1 1 1 1 1 1 1 1 1 1 1 1 1 1 1 1 1 1 1 1 1 1 1 1 1 1 1 1 1 1 1 1 1 1 1 1 1 1 1 1 1 1 1 1 1 1 1 1 1 1 1 1 1 1 1 1 1 1 1 1 1 1 1 1 1 1 1 1 1 1 1 1 1 1 1 1 1 1 1 1 1 1 1 1 1 1 1 1 1 1 1 1 1 1 1 1 1 1 1 1 1 1 1 1 1 1 1 1 1 1 1 1 1 1 1 1 1 1 1 1 1 1 1 1 1 1 1 1 1 1 1 1 1 1 1 1 1 1 1 1 1 1 1 1 1 1 1 1 1 1 1 1 1 1 1 1 1 1 1 1 1 1 1 1 1 1 1 1 1 1 1 1 1 1 1 1 1 1 1 1 1 1 1 1 1 1 1 1 1 1 1 1 1 1 1 1 1 1 1 1 1 1 1 1 1 1 1 1 1 1 1 1
host_utc=2026-09-30T08:10:33.963+00:00 host_mono_ns=2514853153886944 4 label stack:
host_utc=2026-09-30T08:10:33.963+00:00 host_mono_ns=2514853153897474     cell_nums: 0
host_utc=2026-09-30T08:10:33.963+00:00 host_mono_ns=2514853153907994   size: 1
host_utc=2026-09-30T08:10:33.963+00:00 host_mono_ns=2514853153918304 value_stack:
host_utc=2026-09-30T08:10:33.963+00:00 host_mono_ns=2514853153928513   values:
host_utc=2026-09-30T08:10:33.963+00:00 host_mono_ns=2514853153938732   types:
host_utc=2026-09-30T08:10:33.963+00:00 host_mono_ns=2514853153949012 label stack:
host_utc=2026-09-30T08:10:33.963+00:00 host_mono_ns=2514853153959381     begins: 0
host_utc=2026-09-30T08:10:33.963+00:00 host_mono_ns=2514853153969631 1   values:
host_utc=2026-09-30T08:10:33.963+00:00 host_mono_ns=2514853153980060     targets: 622
host_utc=2026-09-30T08:10:33.963+00:00 host_mono_ns=2514853153990350 label stack:
host_utc=2026-09-30T08:10:33.963+00:00 host_mono_ns=2514853154007803   size: 1
host_utc=2026-09-30T08:10:33.963+00:00 host_mono_ns=2514853154021589     begins: 0
host_utc=2026-09-30T08:10:33.963+00:00 host_mono_ns=2514853154031989     targets: 142
host_utc=2026-09-30T08:10:33.963+00:00 host_mono_ns=2514853154042328 3     stack_pointers: 0
host_utc=2026-09-30T08:10:33.963+00:00 host_mono_ns=2514853154052868 CallStackEntry: fidx=1363, offset=109
host_utc=2026-09-30T08:10:33.963+00:00 host_mono_ns=2514853154063318     cell_nums: 0
host_utc=2026-09-30T08:10:33.963+00:00 host_mono_ns=2514853154073637   size: 1
host_utc=2026-09-30T08:10:33.963+00:00 host_mono_ns=2514853154083997     stack_pointers: 0
host_utc=2026-09-30T08:10:33.963+00:00 host_mono_ns=2514853154094386 pc:
host_utc=2026-09-30T08:10:33.963+00:00 host_mono_ns=2514853154104666     begins: 0
host_utc=2026-09-30T08:10:33.963+00:00 host_mono_ns=2514853154114985     targets: 83
host_utc=2026-09-30T08:10:33.963+00:00 host_mono_ns=2514853154125315     cell_nums: 1
host_utc=2026-09-30T08:10:33.963+00:00 host_mono_ns=2514853154142036   pc: (1363, 109)
host_utc=2026-09-30T08:10:33.963+00:00 host_mono_ns=2514853154152456     stack_pointers: 0
host_utc=2026-09-30T08:10:33.963+00:00 host_mono_ns=2514853154162936 2 1 locals:
host_utc=2026-09-30T08:10:33.964+00:00 host_mono_ns=2514853154173396 1 1 1 1 ]
host_utc=2026-09-30T08:10:33.964+00:00 host_mono_ns=2514853154183785     cell_nums: 0
host_utc=2026-09-30T08:10:33.964+00:00 host_mono_ns=2514853154194205   types: 1 1 1 1 1 1 1 1 1 1 1 1 1 1
host_utc=2026-09-30T08:10:33.964+00:00 host_mono_ns=2514853154204655   [2026-09-30 08:10:33.950] [info] stack_count=8, stack_size=8
host_utc=2026-09-30T08:10:33.964+00:00 host_mono_ns=2514853154215185 
host_utc=2026-09-30T08:10:33.964+00:00 host_mono_ns=2514853154225594 values: 1164944 40823360 320 40823040 1164944 1164944 14409908 65535 47378640 47378640 0 47378640 0 0 1 0 0 0 0 0 0 0 0 0 0 0 0 0 0 0 0 0 0 112 112 1000 0 112 1000 112 7295 9033 208 40823248 14409908 2690 224 40823264 11519 0 0 14409908 12 0 12 0 0 1 0 0 16 14409908 12 47378640 65535 0 272 40823312 40823312 268 40823308 40823308 48 48 0 48 0 0 1 0 0 0 0 0 0 0 0 0 0 0 0 0 0 0 0 0 0 0 0 0 0 0 0 0 0 0 0 0 0 0 0 0 0 0 0 0 0 0 0 0 0 0 0 0 0 0 0 0 0 0 0 0 0 0 0 0 0 0 0 0 0 0 0 0 0 0 0 0 0 0 0 0 0 0 0 0 0 0 0 0 0 0 0 0 0 0 0 0 0 0 0 0 0 0 0 0 0 0 0 0 0 0 0 0 0 0 0 0 0 0 48 0 640 65535 48 638876 638876 0 638876 0 0 1 0 0 0 0 0 0 0 0 0 0 0 0 0 0 0 0 0 0 0 0 638876 638892 47378640 48 1164944 42 1164944 31300 1164944 638876 272 40823312 40823312 4 40823316 61980 65535 61980
host_utc=2026-09-30T08:10:33.964+00:00 host_mono_ns=2514853154238599   values: 40824368 67106832 16 67106816 40824368 36 40824368 31300 40824368 36 31300 0 0 0
host_utc=2026-09-30T08:10:33.964+00:00 host_mono_ns=2514853154249459 CallStackEntry: fidx=486, offset=157
host_utc=2026-09-30T08:10:33.964+00:00 host_mono_ns=2514853154259939 CallStackEntry: fidx=1294, offset=700
host_utc=2026-09-30T08:10:33.964+00:00 host_mono_ns=2514853154270509 value_stack:
host_utc=2026-09-30T08:10:33.964+00:00 host_mono_ns=2514853154280829   types:
host_utc=2026-09-30T08:10:33.964+00:00 host_mono_ns=2514853154291128   values:
host_utc=2026-09-30T08:10:33.964+00:00 host_mono_ns=2514853154301448 pc:
host_utc=2026-09-30T08:10:33.964+00:00 host_mono_ns=2514853154311807 label stack:
host_utc=2026-09-30T08:10:33.964+00:00 host_mono_ns=2514853154322197   size: 1
host_utc=2026-09-30T08:10:33.964+00:00 host_mono_ns=2514853154332506 pc:
host_utc=2026-09-30T08:10:33.964+00:00 host_mono_ns=2514853154342866   pc: (1294, 700)
host_utc=2026-09-30T08:10:33.964+00:00 host_mono_ns=2514853154353135 value_stack:
host_utc=2026-09-30T08:10:33.964+00:00 host_mono_ns=2514853154363345     begins: 0
host_utc=2026-09-30T08:10:33.964+00:00 host_mono_ns=2514853154373604   pc: (486, 157)
host_utc=2026-09-30T08:10:33.964+00:00 host_mono_ns=2514853154383963   types: 1 1 1 1 1 1 1
host_utc=2026-09-30T08:10:33.964+00:00 host_mono_ns=2514853154394443   values: 12 12 12 12 12 12 12
host_utc=2026-09-30T08:10:33.964+00:00 host_mono_ns=2514853154404913 locals:
host_utc=2026-09-30T08:10:33.964+00:00 host_mono_ns=2514853154415303     targets: 142
host_utc=2026-09-30T08:10:33.964+00:00 host_mono_ns=2514853154425742 locals:
host_utc=2026-09-30T08:10:33.964+00:00 host_mono_ns=2514853154436172 [2026-09-30 08:10:33.950] [info] local_count=8, local_size=8
host_utc=2026-09-30T08:10:33.964+00:00 host_mono_ns=2514853154446652 
host_utc=2026-09-30T08:10:33.964+00:00 host_mono_ns=2514853154456911 [2026-09-30 08:10:33.950] [info] locals: {count=8, size=8}
host_utc=2026-09-30T08:10:33.964+00:00 host_mono_ns=2514853154467451 
host_utc=2026-09-30T08:10:33.964+00:00 host_mono_ns=2514853154477801   stack_pointers: 0
host_utc=2026-09-30T08:10:33.964+00:00 host_mono_ns=2514853154488391   types: 1 1 1 1 1 1 1 1 1 1 1 1 1 1 1 1 1 1 1 1 1 1 1 1 1 1 1 1 1 1 1 1 1 1 1 1 1 1 1 1 1 1 1 1 1 1 1 1 1 1 1 1 1 1 1 1 1 1 1 1 1 1 1 1 1 1 1 1 1 1 1 1 1 1 1 1 1 1 1 1 1 1 1 1 1 1 1 1 1 1 1 1 1 1 1 1 1 1 1 1 1 1 1 1 1 1 1 1 1 1 1 1 1 1 1 1 1 1 1 1 1 1 1 1 1 1 1 1 1 1 1 1 1 1 1 1 1 1 1 1 1 1 1 1 1 1 1 1 1 1 1 1 1 1 1 1 1 1 1 1 1 1 1 1 1 1 1 1 1 1 1 1 1 1 1 1 1 1 1 1 1 1 1 1 1 1 1 1 1 1 1 1 1 1 1 1 1 1 1 1 1 1 1 1 1 1 1 1 1 1 1 1 1 1 1 1 1 1 1 1 1 1 1 1 1 1 1 1 1 1 1 1 1 1 1 1 1 1 1 1
host_utc=2026-09-30T08:10:33.964+00:00 host_mono_ns=2514853154506655     cell_nums: 1
host_utc=2026-09-30T08:10:33.964+00:00 host_mono_ns=2514853154517085 [2026-09-30 08:10:33.950] [info] value_stack: {count=0, size=0}
host_utc=2026-09-30T08:10:33.964+00:00 host_mono_ns=2514853154527635 
host_utc=2026-09-30T08:10:33.964+00:00 host_mono_ns=2514853154537924 CallStackEntry: fidx=866, offset=106
host_utc=2026-09-30T08:10:33.964+00:00 host_mono_ns=2514853154548344 pc:
host_utc=2026-09-30T08:10:33.964+00:00 host_mono_ns=2514853154558684 Stack:   pc: (866, 106)
host_utc=2026-09-30T08:10:33.964+00:00 host_mono_ns=2514853154569133 [   types: 1 1 1 1 1 1 1 1 1 1 1 1 1 1 1 1 1 1 1 1 1 1 1 1 1
host_utc=2026-09-30T08:10:33.964+00:00 host_mono_ns=2514853154579763 1 locals:
host_utc=2026-09-30T08:10:33.964+00:00 host_mono_ns=2514853154590083 0 CallStackEntry: fidx=1187, offset=96
host_utc=2026-09-30T08:10:33.964+00:00 host_mono_ns=2514853154600493   types: 1 1 1 1 1 1 1 1 1 1 1 1 1 1 1
host_utc=2026-09-30T08:10:33.964+00:00 host_mono_ns=2514853154611233   values: 1164988 34203552 320 34203232 1164988 1164988 14409880 65535 34204240 34204240 0 34204240 0 0 1 0 0 0 0 0 0 0 0 0 0 0 0 0 0 0 0 0 0 108 108 1000 0 108 1000 108 7295 9033 208 34203440 14409880 2690 224 34203456 11519 0 0 14409880 6 0 6 0 0 1 0 0 16 14409880 6 34204240 65535 0 272 34203504 34203504 268 34203500 34203500 104 104 0 104 0 0 1 0 0 0 0 0 0 0 0 0 0 0 0 0 0 0 0 0 0 0 0 0 0 0 0 0 0 0 0 0 0 0 0 0 0 0 0 0 0 0 0 0 0 0 0 0 0 0 0 0 0 0 0 0 0 0 0 0 0 0 0 0 0 0 0 0 0 0 0 0 0 0 0 0 0 0 0 0 0 0 0 0 0 0 0 0 0 0 0 0 0 0 0 0 0 0 0 0 0 0 0 0 0 0 0 0 0 0 0 0 0 0 104 0 640 65535 104 638876 638876 0 638876 0 0 1 0 0 0 0 0 0 0 0 0 0 0 0 0 0 0 0 0 0 0 0 638876 638892 34204240 104 1164988 42 1164988 31300 1164988 638876 272 34203504 34203504 4 34203508 62236 65535 62236
host_utc=2026-09-30T08:10:33.964+00:00 host_mono_ns=2514853154623917 pc:
host_utc=2026-09-30T08:10:33.964+00:00 host_mono_ns=2514853154634537   values: 53998960 60552576 32 60552544 53998960 24 60552568 60552568 1294204 24 60552568 60552568 53998960 53998960 7855136 24 60552568 60552568 53998960 0 0 0 0 0 0
host_utc=2026-09-30T08:10:33.964+00:00 host_mono_ns=2514853154645628 value_stack:
host_utc=2026-09-30T08:10:33.964+00:00 host_mono_ns=2514853154655947 label stack:
host_utc=2026-09-30T08:10:33.964+00:00 host_mono_ns=2514853154666337   pc: (1187, 96)
host_utc=2026-09-30T08:10:33.964+00:00 host_mono_ns=2514853154676717   size: 2
host_utc=2026-09-30T08:10:33.964+00:00 host_mono_ns=2514853154686956   types: 1 1 1 1 1 1 1
host_utc=2026-09-30T08:10:33.964+00:00 host_mono_ns=2514853154697316     begins: 0 530
host_utc=2026-09-30T08:10:33.964+00:00 host_mono_ns=2514853154707785 0 ]
host_utc=2026-09-30T08:10:33.964+00:00 host_mono_ns=2514853154718105 ]
host_utc=2026-09-30T08:10:33.964+00:00 host_mono_ns=2514853154728384 Stack: [ 1   values: 6 6 6 6 6 6 6
host_utc=2026-09-30T08:10:33.964+00:00 host_mono_ns=2514853154738964 1 ]
host_utc=2026-09-30T08:10:33.964+00:00 host_mono_ns=2514853154749344 locals:
host_utc=2026-09-30T08:10:33.964+00:00 host_mono_ns=2514853154759723 [2026-09-30 08:10:33.950] [info] stack_count=2, stack_size=2
host_utc=2026-09-30T08:10:33.964+00:00 host_mono_ns=2514853154770253 
host_utc=2026-09-30T08:10:33.964+00:00 host_mono_ns=2514853154780583   types: 1 1 1 1 1 1 1 1 1 1 1 1 1
host_utc=2026-09-30T08:10:33.964+00:00 host_mono_ns=2514853154791163 value_stack:
host_utc=2026-09-30T08:10:33.964+00:00 host_mono_ns=2514853154801502 [2026-09-30 08:10:33.950] [info] local_count=2, local_size=2
host_utc=2026-09-30T08:10:33.964+00:00 host_mono_ns=2514853154811992 
host_utc=2026-09-30T08:10:33.964+00:00 host_mono_ns=2514853154822312   values: 607964 53997808 16 53997792 607964 1 1 1 1 4000 0 0 0
host_utc=2026-09-30T08:10:33.964+00:00 host_mono_ns=2514853154832972   values: 31300 67106816 16 67106800 31300 31300 0 31300 0 0 1 0 31300 0 0
host_utc=2026-09-30T08:10:33.964+00:00 host_mono_ns=2514853154849603 Stack: [2026-09-30 08:10:33.950] [info] locals: {count=2, size=2}
host_utc=2026-09-30T08:10:33.964+00:00 host_mono_ns=2514853154860364 
host_utc=2026-09-30T08:10:33.964+00:00 host_mono_ns=2514853154870683 value_stack:
host_utc=2026-09-30T08:10:33.964+00:00 host_mono_ns=2514853154880932 label stack:
host_utc=2026-09-30T08:10:33.964+00:00 host_mono_ns=2514853154891182   types:
host_utc=2026-09-30T08:10:33.964+00:00 host_mono_ns=2514853154901471     targets: 2654 530
host_utc=2026-09-30T08:10:33.964+00:00 host_mono_ns=2514853154911961   types: 1
host_utc=2026-09-30T08:10:33.964+00:00 host_mono_ns=2514853154922331 [2026-09-30 08:10:33.950] [info] value_stack: {count=0, size=0}
host_utc=2026-09-30T08:10:33.964+00:00 host_mono_ns=2514853154932730 
host_utc=2026-09-30T08:10:33.964+00:00 host_mono_ns=2514853154943000 value_stack:
host_utc=2026-09-30T08:10:33.964+00:00 host_mono_ns=2514853154953159     stack_pointers: 0 0
host_utc=2026-09-30T08:10:33.964+00:00 host_mono_ns=2514853154963549     cell_nums: 0 0
host_utc=2026-09-30T08:10:33.964+00:00 host_mono_ns=2514853154973888 [   types:
host_utc=2026-09-30T08:10:33.964+00:00 host_mono_ns=2514853154984318 1 1 1 1 call_stack size: 9
host_utc=2026-09-30T08:10:33.964+00:00 host_mono_ns=2514853154994767   size: 2
host_utc=2026-09-30T08:10:33.964+00:00 host_mono_ns=2514853155011970   values:
host_utc=2026-09-30T08:10:33.964+00:00 host_mono_ns=2514853155025616     begins: 0 530
host_utc=2026-09-30T08:10:33.964+00:00 host_mono_ns=2514853155036025   values: 53998960
host_utc=2026-09-30T08:10:33.964+00:00 host_mono_ns=2514853155046455   values:
host_utc=2026-09-30T08:10:33.964+00:00 host_mono_ns=2514853155056805 label stack:
host_utc=2026-09-30T08:10:33.964+00:00 host_mono_ns=2514853155067054     targets: 2654 530
host_utc=2026-09-30T08:10:33.964+00:00 host_mono_ns=2514853155077454 label stack:
host_utc=2026-09-30T08:10:33.964+00:00 host_mono_ns=2514853155087653 label stack:
host_utc=2026-09-30T08:10:33.964+00:00 host_mono_ns=2514853155097872     stack_pointers: 0 0
host_utc=2026-09-30T08:10:33.964+00:00 host_mono_ns=2514853155108212   size: 1
host_utc=2026-09-30T08:10:33.964+00:00 host_mono_ns=2514853155118521   size: 3
host_utc=2026-09-30T08:10:33.964+00:00 host_mono_ns=2514853155128731     begins: 0
host_utc=2026-09-30T08:10:33.964+00:00 host_mono_ns=2514853155139050 1     targets: 213
host_utc=2026-09-30T08:10:33.964+00:00 host_mono_ns=2514853155149430 1 CallStackEntry: fidx=3354, offset=26
host_utc=2026-09-30T08:10:33.964+00:00 host_mono_ns=2514853155159920     stack_pointers: 0
host_utc=2026-09-30T08:10:33.965+00:00 host_mono_ns=2514853155170449 1 1 ]
host_utc=2026-09-30T08:10:33.965+00:00 host_mono_ns=2514853155180759 pc:
host_utc=2026-09-30T08:10:33.965+00:00 host_mono_ns=2514853155190988     cell_nums: 1
host_utc=2026-09-30T08:10:33.965+00:00 host_mono_ns=2514853155201338 [2026-09-30 08:10:33.950] [info] stack_count=8, stack_size=8
host_utc=2026-09-30T08:10:33.965+00:00 host_mono_ns=2514853155211848 
host_utc=2026-09-30T08:10:33.965+00:00 host_mono_ns=2514853155222167   size: 2
host_utc=2026-09-30T08:10:33.965+00:00 host_mono_ns=2514853155232507 CallStackEntry: fidx=1243, offset=383
host_utc=2026-09-30T08:10:33.965+00:00 host_mono_ns=2514853155243067 [2026-09-30 08:10:33.950] [info] local_count=8, local_size=8
host_utc=2026-09-30T08:10:33.965+00:00 host_mono_ns=2514853155253546 
host_utc=2026-09-30T08:10:33.965+00:00 host_mono_ns=2514853155263776     begins: 0 55 57
host_utc=2026-09-30T08:10:33.965+00:00 host_mono_ns=2514853155274306 pc:
host_utc=2026-09-30T08:10:33.965+00:00 host_mono_ns=2514853155284525   pc: (1243, 383)
host_utc=2026-09-30T08:10:33.965+00:00 host_mono_ns=2514853155294794 locals:
host_utc=2026-09-30T08:10:33.965+00:00 host_mono_ns=2514853155305214     targets: 139 4294967295 57
host_utc=2026-09-30T08:10:33.965+00:00 host_mono_ns=2514853155315694     stack_pointers: 0 0 0
host_utc=2026-09-30T08:10:33.965+00:00 host_mono_ns=2514853155326073     cell_nums: 0 0 0
host_utc=2026-09-30T08:10:33.965+00:00 host_mono_ns=2514853155336443   pc: (3354, 26)
host_utc=2026-09-30T08:10:33.965+00:00 host_mono_ns=2514853155353255 CallStackEntry: fidx=1348, offset=131
host_utc=2026-09-30T08:10:33.965+00:00 host_mono_ns=2514853155363745 locals:
host_utc=2026-09-30T08:10:33.965+00:00 host_mono_ns=2514853155374184     cell_nums: 0 0
host_utc=2026-09-30T08:10:33.965+00:00 host_mono_ns=2514853155384604 [2026-09-30 08:10:33.950] [info] locals: {count=8, size=8}
host_utc=2026-09-30T08:10:33.965+00:00 host_mono_ns=2514853155395184 
host_utc=2026-09-30T08:10:33.965+00:00 host_mono_ns=2514853155405534   types: 1 1
host_utc=2026-09-30T08:10:33.965+00:00 host_mono_ns=2514853155415903   types: 1 1 1 1 1 1 1 1 1 1 1 1 1 1 1 1 1 1 1 1 1 1 1 1 1 1 1 1 1 1 1 1 1 1 1 1 1 1 1 1 1 1 1 1 1 1 1 1 1 1 1 1 1 1 1 1 1 1 1 1 1 1 1 1 1 1 1 1 1 1 1 1 1 1 1 1 1
host_utc=2026-09-30T08:10:33.965+00:00 host_mono_ns=2514853155426894 CallStackEntry: fidx=509, offset=72
host_utc=2026-09-30T08:10:33.965+00:00 host_mono_ns=2514853155437554     begins: 0 87
host_utc=2026-09-30T08:10:33.965+00:00 host_mono_ns=2514853155447974     targets: 133 4294967295
host_utc=2026-09-30T08:10:33.965+00:00 host_mono_ns=2514853155458413     stack_pointers: 0 0
host_utc=2026-09-30T08:10:33.965+00:00 host_mono_ns=2514853155468773 [2026-09-30 08:10:33.950] [info] value_stack: {count=0, size=0}
host_utc=2026-09-30T08:10:33.965+00:00 host_mono_ns=2514853155479323 
host_utc=2026-09-30T08:10:33.965+00:00 host_mono_ns=2514853155489582   values: 1 14408748
host_utc=2026-09-30T08:10:33.965+00:00 host_mono_ns=2514853155499952 value_stack:
host_utc=2026-09-30T08:10:33.965+00:00 host_mono_ns=2514853155510221   types:
host_utc=2026-09-30T08:10:33.965+00:00 host_mono_ns=2514853155520581   values:
host_utc=2026-09-30T08:10:33.965+00:00 host_mono_ns=2514853155530961 label stack:
host_utc=2026-09-30T08:10:33.965+00:00 host_mono_ns=2514853155541220   size: 1
host_utc=2026-09-30T08:10:33.965+00:00 host_mono_ns=2514853155551559     begins: 0
host_utc=2026-09-30T08:10:33.965+00:00 host_mono_ns=2514853155561899     targets: 57
host_utc=2026-09-30T08:10:33.965+00:00 host_mono_ns=2514853155572269 CallStackEntry: fidx=1243, offset=383
host_utc=2026-09-30T08:10:33.965+00:00 host_mono_ns=2514853155582758 pc:
host_utc=2026-09-30T08:10:33.965+00:00 host_mono_ns=2514853155593198 pc:
host_utc=2026-09-30T08:10:33.965+00:00 host_mono_ns=2514853155603457 Stack:     stack_pointers: 0
host_utc=2026-09-30T08:10:33.965+00:00 host_mono_ns=2514853155613957   pc: (1348, 131)
host_utc=2026-09-30T08:10:33.965+00:00 host_mono_ns=2514853155624417   pc: (509, 72)
host_utc=2026-09-30T08:10:33.965+00:00 host_mono_ns=2514853155634817     cell_nums: 0
host_utc=2026-09-30T08:10:33.965+00:00 host_mono_ns=2514853155645116 locals:
host_utc=2026-09-30T08:10:33.965+00:00 host_mono_ns=2514853155655456 CallStackEntry: fidx=3328, offset=31
host_utc=2026-09-30T08:10:33.965+00:00 host_mono_ns=2514853155665936 pc:
host_utc=2026-09-30T08:10:33.965+00:00 host_mono_ns=2514853155676185   pc: (3328, 31)
host_utc=2026-09-30T08:10:33.965+00:00 host_mono_ns=2514853155686484 locals:
host_utc=2026-09-30T08:10:33.965+00:00 host_mono_ns=2514853155696844 pc:
host_utc=2026-09-30T08:10:33.965+00:00 host_mono_ns=2514853155707063   types: 1 1 1 1 1 1 1 1
host_utc=2026-09-30T08:10:33.965+00:00 host_mono_ns=2514853155717403     cell_nums: 0 0
host_utc=2026-09-30T08:10:33.965+00:00 host_mono_ns=2514853155727772 locals:
host_utc=2026-09-30T08:10:33.965+00:00 host_mono_ns=2514853155738252   types: 1 1 1 1 1 1 1 1 1 1 1 1 1 1 1 1 1 1 1
host_utc=2026-09-30T08:10:33.965+00:00 host_mono_ns=2514853155748942 CallStackEntry: fidx=869, offset=167
host_utc=2026-09-30T08:10:33.965+00:00 host_mono_ns=2514853155759392   pc: (1243, 383)
host_utc=2026-09-30T08:10:33.965+00:00 host_mono_ns=2514853155769842   values: 4000 53997792 16 53997776 0 1 0 1 0 1 0 0 4000 0 4000 0 0 0 0
host_utc=2026-09-30T08:10:33.965+00:00 host_mono_ns=2514853155803796   values: 12 47378640 65535 0 40823312 40823308 40823040 80 40822960 47378640 65535 0 1 0 0 0 0 0 0 0 40823312 0 40823312 0 1 1 1 0 0 0 0 0 12 1 0 44 40823004 40823004 16 40822976 40822976 40 40823000 40823000 65535 0 0 0 0 0 0 0 0 0 0 0 0 0 0 0 0 0 0 0 0 0 0 0 0 0 0 0 0 0 0 0 0
host_utc=2026-09-30T08:10:33.965+00:00 host_mono_ns=2514853155822331 [ pc:
host_utc=2026-09-30T08:10:33.965+00:00 host_mono_ns=2514853155833031 value_stack:
host_utc=2026-09-30T08:10:33.965+00:00 host_mono_ns=2514853155843491   types:
host_utc=2026-09-30T08:10:33.965+00:00 host_mono_ns=2514853155853831   values:
host_utc=2026-09-30T08:10:33.965+00:00 host_mono_ns=2514853155864180 label stack:
host_utc=2026-09-30T08:10:33.965+00:00 host_mono_ns=2514853155874480   size: 2
host_utc=2026-09-30T08:10:33.965+00:00 host_mono_ns=2514853155884809     begins: 0 74
host_utc=2026-09-30T08:10:33.965+00:00 host_mono_ns=2514853155895149   values: 1 14408748 14408772 0 0 0 0 0
host_utc=2026-09-30T08:10:33.965+00:00 host_mono_ns=2514853155905598   pc: (869, 167)
host_utc=2026-09-30T08:10:33.965+00:00 host_mono_ns=2514853155915908     targets: 176 4294967295
host_utc=2026-09-30T08:10:33.965+00:00 host_mono_ns=2514853155926418 value_stack:
host_utc=2026-09-30T08:10:33.965+00:00 host_mono_ns=2514853155936797   types: 1 1 1 1 1 1 1 1 1 1
host_utc=2026-09-30T08:10:33.965+00:00 host_mono_ns=2514853155947267   types:
host_utc=2026-09-30T08:10:33.965+00:00 host_mono_ns=2514853155957647     stack_pointers: 0 0
host_utc=2026-09-30T08:10:33.965+00:00 host_mono_ns=2514853155968046   values:
host_utc=2026-09-30T08:10:33.965+00:00 host_mono_ns=2514853155978376     cell_nums: 1 0
host_utc=2026-09-30T08:10:33.965+00:00 host_mono_ns=2514853155988785 label stack:
host_utc=2026-09-30T08:10:33.965+00:00 host_mono_ns=2514853155999135 CallStackEntry: fidx=1376, offset=341
host_utc=2026-09-30T08:10:33.965+00:00 host_mono_ns=2514853156017840 value_stack:
host_utc=2026-09-30T08:10:33.965+00:00 host_mono_ns=2514853156028360   values: 53998960 60552544 16 60552528 53998960 53998964 53998960 53998972 0 0
host_utc=2026-09-30T08:10:33.965+00:00 host_mono_ns=2514853156039070 pc:
host_utc=2026-09-30T08:10:33.965+00:00 host_mono_ns=2514853156049430   pc: (1376, 341)
host_utc=2026-09-30T08:10:33.965+00:00 host_mono_ns=2514853156059820 locals:
host_utc=2026-09-30T08:10:33.965+00:00 host_mono_ns=2514853156070109 value_stack:
host_utc=2026-09-30T08:10:33.965+00:00 host_mono_ns=2514853156080369   types:
host_utc=2026-09-30T08:10:33.965+00:00 host_mono_ns=2514853156090638   values:
host_utc=2026-09-30T08:10:33.965+00:00 host_mono_ns=2514853156100917 label stack:
host_utc=2026-09-30T08:10:33.965+00:00 host_mono_ns=2514853156111127   size: 1
host_utc=2026-09-30T08:10:33.965+00:00 host_mono_ns=2514853156121456 locals:
host_utc=2026-09-30T08:10:33.965+00:00 host_mono_ns=2514853156131736   types:
host_utc=2026-09-30T08:10:33.965+00:00 host_mono_ns=2514853156142035 locals:
host_utc=2026-09-30T08:10:33.965+00:00 host_mono_ns=2514853156152284     begins: 0
host_utc=2026-09-30T08:10:33.965+00:00 host_mono_ns=2514853156162614   values:
host_utc=2026-09-30T08:10:33.966+00:00 host_mono_ns=2514853156172923   types: 1 1 1 1 1 1 1 1 1 1 1 1 1 1 1 1 1 1 1 1 1 1 1 1 1 1 1
host_utc=2026-09-30T08:10:33.966+00:00 host_mono_ns=2514853156183714   types: 1 1 1 1 1 1 1 1 1 1 1 1 1 1 1 1 1 1 1 1 1 1 1 1 1 1 1 1 1 1 1 1 1 1 1 1 1 1 1 1 1 1 1 1 1 1 1 1 1 1 1 1 1 1 1 1 1 1 1 1 1 1 1
host_utc=2026-09-30T08:10:33.966+00:00 host_mono_ns=2514853156194725 1   types: 1 1 1 1 1 1 1 1 1 1 1 1 1 1 1 1 1 1 1 1 1 1 1 1 1 1 1 1 1 1 1 1 1 1 1 1 1 1 1 1 1 1 1 1 1 1 1 1 1 1 1 1 1 1 1 1 1 1 1 1 1 1 1 1 1 1 1 1 1 1 1 1 1 1 1 1 1
host_utc=2026-09-30T08:10:33.966+00:00 host_mono_ns=2514853156205775 0   values: 31300 67106800 16 67106784 31300 1 1 1 28 31328 8 67106792 67106792 0 1 0 0 1 0 24 31324 0 555176 11988 54 0 0
host_utc=2026-09-30T08:10:33.966+00:00 host_mono_ns=2514853156216706 ]
host_utc=2026-09-30T08:10:33.966+00:00 host_mono_ns=2514853156227056 value_stack:
host_utc=2026-09-30T08:10:33.966+00:00 host_mono_ns=2514853156237335 Stack: [ 1 1 ]
host_utc=2026-09-30T08:10:33.966+00:00 host_mono_ns=2514853156247875   values: 6 34204240 65535 0 34203504 34203500 34203232 80 34203152 34204240 65535 0 1 0 0 0 0 0 0 0 34203504 0 34203504 0 1 1 1 0 0 0 0 0 6 1 0 44 34203196 34203196 16 34203168 34203168 40 34203192 34203192 65535 0 0 0 0 0 0 0 0 0 0 0 0 0 0 0 0 0 0 0 0 0 0 0 0 0 0 0 0 0 0 0 0
host_utc=2026-09-30T08:10:33.966+00:00 host_mono_ns=2514853156265809 [2026-09-30 08:10:33.950] [info] stack_count=2, stack_size=2
host_utc=2026-09-30T08:10:33.966+00:00 host_mono_ns=2514853156276649 
host_utc=2026-09-30T08:10:33.966+00:00 host_mono_ns=2514853156287139 label stack:
host_utc=2026-09-30T08:10:33.966+00:00 host_mono_ns=2514853156297529 value_stack:
host_utc=2026-09-30T08:10:33.966+00:00 host_mono_ns=2514853156307828   size: 2
host_utc=2026-09-30T08:10:33.966+00:00 host_mono_ns=2514853156318118     begins: 0 140
host_utc=2026-09-30T08:10:33.966+00:00 host_mono_ns=2514853156328487 [2026-09-30 08:10:33.950] [info] locals: {count=2, size=2}
host_utc=2026-09-30T08:10:33.966+00:00 host_mono_ns=2514853156338947 
host_utc=2026-09-30T08:10:33.966+00:00 host_mono_ns=2514853156349156   types:
host_utc=2026-09-30T08:10:33.966+00:00 host_mono_ns=2514853156359466   size: 1
host_utc=2026-09-30T08:10:33.966+00:00 host_mono_ns=2514853156369745 [2026-09-30 08:10:33.950] [info] value_stack: {count=0, size=0}
host_utc=2026-09-30T08:10:33.966+00:00 host_mono_ns=2514853156380285 
host_utc=2026-09-30T08:10:33.966+00:00 host_mono_ns=2514853156390494     targets: 675 4294967295
host_utc=2026-09-30T08:10:33.966+00:00 host_mono_ns=2514853156400944 call_stack size: 13
host_utc=2026-09-30T08:10:33.966+00:00 host_mono_ns=2514853156411524 CallStackEntry: fidx=3354, offset=26
host_utc=2026-09-30T08:10:33.966+00:00 host_mono_ns=2514853156421984 pc:
host_utc=2026-09-30T08:10:33.966+00:00 host_mono_ns=2514853156432263     stack_pointers: 0 0
host_utc=2026-09-30T08:10:33.966+00:00 host_mono_ns=2514853156442693   pc: (3354, 26)
host_utc=2026-09-30T08:10:33.966+00:00 host_mono_ns=2514853156453103   values: 4000 53997776 112 53997664 0 80 53997744 53997744 0 32 53997696 53997696 0 80 53997744 53997744 4000 4294967295 4000 4294967295 0 1 0 0 0 0 0 0 0 0 0 0 4000 8 53997672 53997672 32 53997696 53997696 80 53997744 53997744 8 53997672 53997672 0 0 0 0 0 0 0 0 0 0 0 0 0 0 0 0 0 0
host_utc=2026-09-30T08:10:33.966+00:00 host_mono_ns=2514853156464604 locals:
host_utc=2026-09-30T08:10:33.966+00:00 host_mono_ns=2514853156474964 value_stack:
host_utc=2026-09-30T08:10:33.966+00:00 host_mono_ns=2514853156485163     targets: 98
host_utc=2026-09-30T08:10:33.966+00:00 host_mono_ns=2514853156495493   types: 1 1 1
host_utc=2026-09-30T08:10:33.966+00:00 host_mono_ns=2514853156505852   types: 1 1
host_utc=2026-09-30T08:10:33.966+00:00 host_mono_ns=2514853156516332   values: 53997696 53997696 53997696
host_utc=2026-09-30T08:10:33.966+00:00 host_mono_ns=2514853156526872 label stack:
host_utc=2026-09-30T08:10:33.966+00:00 host_mono_ns=2514853156537141     stack_pointers: 0
host_utc=2026-09-30T08:10:33.966+00:00 host_mono_ns=2514853156547561   size: 2
host_utc=2026-09-30T08:10:33.966+00:00 host_mono_ns=2514853156557931   values:
host_utc=2026-09-30T08:10:33.966+00:00 host_mono_ns=2514853156568280     begins: 0
host_utc=2026-09-30T08:10:33.966+00:00 host_mono_ns=2514853156578580   types:
host_utc=2026-09-30T08:10:33.966+00:00 host_mono_ns=2514853156589020     begins: 0 171
host_utc=2026-09-30T08:10:33.966+00:00 host_mono_ns=2514853156599349     targets: 489 4294967295
host_utc=2026-09-30T08:10:33.966+00:00 host_mono_ns=2514853156609799   values: 10 73661116
host_utc=2026-09-30T08:10:33.966+00:00 host_mono_ns=2514853156620188     stack_pointers: 0 0
host_utc=2026-09-30T08:10:33.966+00:00 host_mono_ns=2514853156630588 value_stack:
host_utc=2026-09-30T08:10:33.966+00:00 host_mono_ns=2514853156640918   types:
host_utc=2026-09-30T08:10:33.966+00:00 host_mono_ns=2514853156651277     targets: 622
host_utc=2026-09-30T08:10:33.966+00:00 host_mono_ns=2514853156661717   values:
host_utc=2026-09-30T08:10:33.966+00:00 host_mono_ns=2514853156672127     cell_nums: 1 0
host_utc=2026-09-30T08:10:33.966+00:00 host_mono_ns=2514853156682436     cell_nums: 1 0
host_utc=2026-09-30T08:10:33.966+00:00 host_mono_ns=2514853156699368 label stack:
host_utc=2026-09-30T08:10:33.966+00:00 host_mono_ns=2514853156709808     stack_pointers: 0
host_utc=2026-09-30T08:10:33.966+00:00 host_mono_ns=2514853156720217     cell_nums: 0
host_utc=2026-09-30T08:10:33.966+00:00 host_mono_ns=2514853156730497   size: 4
host_utc=2026-09-30T08:10:33.966+00:00 host_mono_ns=2514853156740776 label stack:
host_utc=2026-09-30T08:10:33.966+00:00 host_mono_ns=2514853156751086 CallStackEntry: fidx=1363, offset=109
host_utc=2026-09-30T08:10:33.966+00:00 host_mono_ns=2514853156761485   size: 2
host_utc=2026-09-30T08:10:33.966+00:00 host_mono_ns=2514853156771705     begins: 0 43 45 144
host_utc=2026-09-30T08:10:33.966+00:00 host_mono_ns=2514853156782194 pc:
host_utc=2026-09-30T08:10:33.966+00:00 host_mono_ns=2514853156792484 CallStackEntry: fidx=3322, offset=427
host_utc=2026-09-30T08:10:33.966+00:00 host_mono_ns=2514853156802854     targets: 233 4294967295 45 176
host_utc=2026-09-30T08:10:33.966+00:00 host_mono_ns=2514853156813233   values:
host_utc=2026-09-30T08:10:33.966+00:00 host_mono_ns=2514853156823493     begins: 0 140
host_utc=2026-09-30T08:10:33.966+00:00 host_mono_ns=2514853156833722 label stack:
host_utc=2026-09-30T08:10:33.966+00:00 host_mono_ns=2514853156843971   size: 1
host_utc=2026-09-30T08:10:33.966+00:00 host_mono_ns=2514853156854311     stack_pointers: 0 0 0 0
host_utc=2026-09-30T08:10:33.966+00:00 host_mono_ns=2514853156864821     targets: 675 4294967295
host_utc=2026-09-30T08:10:33.966+00:00 host_mono_ns=2514853156875240     begins: 0
host_utc=2026-09-30T08:10:33.966+00:00 host_mono_ns=2514853156885610 pc:
host_utc=2026-09-30T08:10:33.966+00:00 host_mono_ns=2514853156895809   pc: (3322, 427)
host_utc=2026-09-30T08:10:33.966+00:00 host_mono_ns=2514853156906079 locals:
host_utc=2026-09-30T08:10:33.966+00:00 host_mono_ns=2514853156916368     stack_pointers: 0 0
host_utc=2026-09-30T08:10:33.966+00:00 host_mono_ns=2514853156926738     targets: 57
host_utc=2026-09-30T08:10:33.966+00:00 host_mono_ns=2514853156936967     cell_nums: 0
host_utc=2026-09-30T08:10:33.966+00:00 host_mono_ns=2514853156947306     stack_pointers: 0
host_utc=2026-09-30T08:10:33.966+00:00 host_mono_ns=2514853156957696   types: 1 1 1 1 1 1 1 1 1
host_utc=2026-09-30T08:10:33.966+00:00 host_mono_ns=2514853156968156   pc: (1363, 109)
host_utc=2026-09-30T08:10:33.966+00:00 host_mono_ns=2514853156978415     cell_nums: 1 0
host_utc=2026-09-30T08:10:33.966+00:00 host_mono_ns=2514853156988735 locals:
host_utc=2026-09-30T08:10:33.966+00:00 host_mono_ns=2514853156999064   values: 53997696 53997744 53997672 53997632 2 0 53997652 53997728 1
host_utc=2026-09-30T08:10:33.966+00:00 host_mono_ns=2514853157018721 CallStackEntry: fidx=1244, offset=136
host_utc=2026-09-30T08:10:33.966+00:00 host_mono_ns=2514853157029381 pc:
host_utc=2026-09-30T08:10:33.966+00:00 host_mono_ns=2514853157039691   pc: (1244, 136)
host_utc=2026-09-30T08:10:33.966+00:00 host_mono_ns=2514853157049930 locals:
host_utc=2026-09-30T08:10:33.966+00:00 host_mono_ns=2514853157060270 CallStackEntry: fidx=534, offset=155
host_utc=2026-09-30T08:10:33.966+00:00 host_mono_ns=2514853157070750   types: 1 1 1 1 1 1 1 1 1 1 1 1 1 1 1 1 1 1 1 1 1 1
host_utc=2026-09-30T08:10:33.966+00:00 host_mono_ns=2514853157081350 pc:
host_utc=2026-09-30T08:10:33.966+00:00 host_mono_ns=2514853157091559   types: 1 1 1 1 1 1 1 1 1 1 1 1 1 1
host_utc=2026-09-30T08:10:33.966+00:00 host_mono_ns=2514853157102139 value_stack:
host_utc=2026-09-30T08:10:33.966+00:00 host_mono_ns=2514853157112478 CallStackEntry: fidx=1244, offset=136
host_utc=2026-09-30T08:10:33.966+00:00 host_mono_ns=2514853157122858 pc:
host_utc=2026-09-30T08:10:33.966+00:00 host_mono_ns=2514853157133127   types: 1 1 1 1 1
host_utc=2026-09-30T08:10:33.966+00:00 host_mono_ns=2514853157143597   values: 6 34203196 1 0 34203168 34203192 34203152 32 34203120 6 34203196 1 0 65535 0 34203168 34203192 0 0 0 0 0
host_utc=2026-09-30T08:10:33.966+00:00 host_mono_ns=2514853157154408     cell_nums: 0
host_utc=2026-09-30T08:10:33.966+00:00 host_mono_ns=2514853157164787     cell_nums: 0 0 0 0
host_utc=2026-09-30T08:10:33.967+00:00 host_mono_ns=2514853157181499 value_stack:
host_utc=2026-09-30T08:10:33.967+00:00 host_mono_ns=2514853157192079 CallStackEntry: fidx=3328, offset=31
host_utc=2026-09-30T08:10:33.967+00:00 host_mono_ns=2514853157202579 CallStackEntry: fidx=1309, offset=183
host_utc=2026-09-30T08:10:33.967+00:00 host_mono_ns=2514853157212978 pc:
host_utc=2026-09-30T08:10:33.967+00:00 host_mono_ns=2514853157223258   values: 7855136 14408736 16 14408720 7855136 7 7855136 0 7855136 7 0 0 0 0
host_utc=2026-09-30T08:10:33.967+00:00 host_mono_ns=2514853157233958 pc:
host_utc=2026-09-30T08:10:33.967+00:00 host_mono_ns=2514853157244288   values: 53997652 53997652 53997652 53997652 53997652
host_utc=2026-09-30T08:10:33.967+00:00 host_mono_ns=2514853157254908   pc: (1309, 183)
host_utc=2026-09-30T08:10:33.967+00:00 host_mono_ns=2514853157265257 value_stack:
host_utc=2026-09-30T08:10:33.967+00:00 host_mono_ns=2514853157275607   pc: (534, 155)
host_utc=2026-09-30T08:10:33.967+00:00 host_mono_ns=2514853157285906 locals:
host_utc=2026-09-30T08:10:33.967+00:00 host_mono_ns=2514853157296256   pc: (1244, 136)
host_utc=2026-09-30T08:10:33.967+00:00 host_mono_ns=2514853157306445   types: 1
host_utc=2026-09-30T08:10:33.967+00:00 host_mono_ns=2514853157316714 locals:
host_utc=2026-09-30T08:10:33.967+00:00 host_mono_ns=2514853157326934 locals:
host_utc=2026-09-30T08:10:33.967+00:00 host_mono_ns=2514853157337203   types: 1 1 1 1 1 1 1 1 1 1 1 1 1 1 1 1 1 1 1 1 1 1
host_utc=2026-09-30T08:10:33.967+00:00 host_mono_ns=2514853157347783   types: 1 1 1 1 1 1 1 1 1 1 1 1 1 1 1 1 1 1 1 1 1 1 1 1 1
host_utc=2026-09-30T08:10:33.967+00:00 host_mono_ns=2514853157358463   types: 1 1 1 1 1 1 1 1 1 1 1 1 1 1 1 1 1 1 1 1 1 1
host_utc=2026-09-30T08:10:33.967+00:00 host_mono_ns=2514853157368893   types:
host_utc=2026-09-30T08:10:33.967+00:00 host_mono_ns=2514853157379373   pc: (3328, 31)
host_utc=2026-09-30T08:10:33.967+00:00 host_mono_ns=2514853157389822   values:
host_utc=2026-09-30T08:10:33.967+00:00 host_mono_ns=2514853157400162 label stack:
host_utc=2026-09-30T08:10:33.967+00:00 host_mono_ns=2514853157410371   size: 1
host_utc=2026-09-30T08:10:33.967+00:00 host_mono_ns=2514853157420611 locals:
host_utc=2026-09-30T08:10:33.967+00:00 host_mono_ns=2514853157430820   values: 31324 0 67106784 16 67106768 15232 0 0 0 0 0 0 0 0 0 31324 14409728 4294967295 0 0 0 0 0 0 0
host_utc=2026-09-30T08:10:33.967+00:00 host_mono_ns=2514853157441490 value_stack:
host_utc=2026-09-30T08:10:33.967+00:00 host_mono_ns=2514853157451820   types:
host_utc=2026-09-30T08:10:33.967+00:00 host_mono_ns=2514853157462189   values:
host_utc=2026-09-30T08:10:33.967+00:00 host_mono_ns=2514853157472479   types: 1 1 1 1 1 1 1 1
host_utc=2026-09-30T08:10:33.967+00:00 host_mono_ns=2514853157482968 label stack:
host_utc=2026-09-30T08:10:33.967+00:00 host_mono_ns=2514853157493288   size: 4
host_utc=2026-09-30T08:10:33.967+00:00 host_mono_ns=2514853157503637   values: 12 40823004 1 0 40822976 40823000 40822960 32 40822928 12 40823004 1 0 65535 0 40822976 40823000 0 0 0 0 0
host_utc=2026-09-30T08:10:33.967+00:00 host_mono_ns=2514853157514458     begins: 0 65 159 161
host_utc=2026-09-30T08:10:33.967+00:00 host_mono_ns=2514853157525008 value_stack:
host_utc=2026-09-30T08:10:33.967+00:00 host_mono_ns=2514853157535357   values: 10 73661116 73661140 0 0 0 0 0
host_utc=2026-09-30T08:10:33.967+00:00 host_mono_ns=2514853157545977     begins: 0
host_utc=2026-09-30T08:10:33.967+00:00 host_mono_ns=2514853157556337   types: 1
host_utc=2026-09-30T08:10:33.967+00:00 host_mono_ns=2514853157566697 value_stack:
host_utc=2026-09-30T08:10:33.967+00:00 host_mono_ns=2514853157577036   types:
host_utc=2026-09-30T08:10:33.967+00:00 host_mono_ns=2514853157587396   values:
host_utc=2026-09-30T08:10:33.967+00:00 host_mono_ns=2514853157597795 label stack:
host_utc=2026-09-30T08:10:33.967+00:00 host_mono_ns=2514853157608045   size: 1
host_utc=2026-09-30T08:10:33.967+00:00 host_mono_ns=2514853157618374     targets: 259 4294967295 4294967295 161
host_utc=2026-09-30T08:10:33.967+00:00 host_mono_ns=2514853157628984     begins: 0
host_utc=2026-09-30T08:10:33.967+00:00 host_mono_ns=2514853157645676 label stack:
host_utc=2026-09-30T08:10:33.967+00:00 host_mono_ns=2514853157656106     targets: 622
host_utc=2026-09-30T08:10:33.967+00:00 host_mono_ns=2514853157666515   values: 27
host_utc=2026-09-30T08:10:33.967+00:00 host_mono_ns=2514853157676925 label stack:
host_utc=2026-09-30T08:10:33.967+00:00 host_mono_ns=2514853157687164   size: 1
host_utc=2026-09-30T08:10:33.967+00:00 host_mono_ns=2514853157697494     stack_pointers: 0
host_utc=2026-09-30T08:10:33.967+00:00 host_mono_ns=2514853157707883     cell_nums: 0
host_utc=2026-09-30T08:10:33.967+00:00 host_mono_ns=2514853157718183 CallStackEntry: fidx=1363, offset=109
host_utc=2026-09-30T08:10:33.967+00:00 host_mono_ns=2514853157728623     begins: 0
host_utc=2026-09-30T08:10:33.967+00:00 host_mono_ns=2514853157738892     stack_pointers: 0 0 0 0
host_utc=2026-09-30T08:10:33.967+00:00 host_mono_ns=2514853157749392     targets: 179
host_utc=2026-09-30T08:10:33.967+00:00 host_mono_ns=2514853157759771   size: 2
host_utc=2026-09-30T08:10:33.967+00:00 host_mono_ns=2514853157770101 pc:
host_utc=2026-09-30T08:10:33.967+00:00 host_mono_ns=2514853157780410     stack_pointers: 0
host_utc=2026-09-30T08:10:33.967+00:00 host_mono_ns=2514853157790740   values: 27
host_utc=2026-09-30T08:10:33.967+00:00 host_mono_ns=2514853157801130   pc: (1363, 109)
host_utc=2026-09-30T08:10:33.967+00:00 host_mono_ns=2514853157811389 label stack:
host_utc=2026-09-30T08:10:33.967+00:00 host_mono_ns=2514853157821648     targets: 142
host_utc=2026-09-30T08:10:33.967+00:00 host_mono_ns=2514853157831938     cell_nums: 1
host_utc=2026-09-30T08:10:33.967+00:00 host_mono_ns=2514853157842217 locals:
host_utc=2026-09-30T08:10:33.967+00:00 host_mono_ns=2514853157852577   types: 1 1 1 1 1 1 1 1 1 1 1 1 1 1
host_utc=2026-09-30T08:10:33.967+00:00 host_mono_ns=2514853157863137     stack_pointers: 0
host_utc=2026-09-30T08:10:33.967+00:00 host_mono_ns=2514853157873606   values: 67107504 73661104 16 73661088 67107504 37 67107504 31300 67107504 37 31300 0 0 0
host_utc=2026-09-30T08:10:33.967+00:00 host_mono_ns=2514853157884237   size: 1
host_utc=2026-09-30T08:10:33.967+00:00 host_mono_ns=2514853157894506 value_stack:
host_utc=2026-09-30T08:10:33.967+00:00 host_mono_ns=2514853157904835   types:
host_utc=2026-09-30T08:10:33.967+00:00 host_mono_ns=2514853157915125   values:
host_utc=2026-09-30T08:10:33.967+00:00 host_mono_ns=2514853157925444 label stack:
host_utc=2026-09-30T08:10:33.967+00:00 host_mono_ns=2514853157935674   size: 1
host_utc=2026-09-30T08:10:33.967+00:00 host_mono_ns=2514853157945993     begins: 0
host_utc=2026-09-30T08:10:33.967+00:00 host_mono_ns=2514853157956283     targets: 142
host_utc=2026-09-30T08:10:33.967+00:00 host_mono_ns=2514853157966732     stack_pointers: 0
host_utc=2026-09-30T08:10:33.967+00:00 host_mono_ns=2514853157977122     cell_nums: 1 0 0 0
host_utc=2026-09-30T08:10:33.967+00:00 host_mono_ns=2514853157987592     begins: 0
host_utc=2026-09-30T08:10:33.967+00:00 host_mono_ns=2514853157997951     cell_nums: 1
host_utc=2026-09-30T08:10:33.967+00:00 host_mono_ns=2514853158012980     targets: 179
host_utc=2026-09-30T08:10:33.967+00:00 host_mono_ns=2514853158023550     stack_pointers: 0
host_utc=2026-09-30T08:10:33.967+00:00 host_mono_ns=2514853158036955     begins: 0 56
host_utc=2026-09-30T08:10:33.967+00:00 host_mono_ns=2514853158047395     cell_nums: 1
host_utc=2026-09-30T08:10:33.967+00:00 host_mono_ns=2514853158057774 CallStackEntry: fidx=1357, offset=278
host_utc=2026-09-30T08:10:33.967+00:00 host_mono_ns=2514853158068244     cell_nums: 1
host_utc=2026-09-30T08:10:33.967+00:00 host_mono_ns=2514853158078584 CallStackEntry: fidx=126, offset=1152
host_utc=2026-09-30T08:10:33.967+00:00 host_mono_ns=2514853158089084 pc:
host_utc=2026-09-30T08:10:33.967+00:00 host_mono_ns=2514853158099353   pc: (126, 1152)
host_utc=2026-09-30T08:10:33.967+00:00 host_mono_ns=2514853158109723 pc:
host_utc=2026-09-30T08:10:33.967+00:00 host_mono_ns=2514853158120072   values: 53998964 53998972 60552528 16 60552512 53998972 53998816 53998964 0 14 1 0 53998816 1 0 0 0 0 14 14 0 0
host_utc=2026-09-30T08:10:33.967+00:00 host_mono_ns=2514853158141733   pc: (1357, 278)
host_utc=2026-09-30T08:10:33.967+00:00 host_mono_ns=2514853158152223 value_stack:
host_utc=2026-09-30T08:10:33.967+00:00 host_mono_ns=2514853158162492   types:
host_utc=2026-09-30T08:10:33.968+00:00 host_mono_ns=2514853158172842   values:
host_utc=2026-09-30T08:10:33.968+00:00 host_mono_ns=2514853158183121 label stack:
host_utc=2026-09-30T08:10:33.968+00:00 host_mono_ns=2514853158193381 locals:
host_utc=2026-09-30T08:10:33.968+00:00 host_mono_ns=2514853158203690 CallStackEntry: fidx=867, offset=106
host_utc=2026-09-30T08:10:33.968+00:00 host_mono_ns=2514853158214090   size: 1
host_utc=2026-09-30T08:10:33.968+00:00 host_mono_ns=2514853158224459   types: 1 1 1 stack, 6236323
host_utc=2026-09-30T08:10:33.968+00:00 host_mono_ns=2514853158235029 stack, 6341953
host_utc=2026-09-30T08:10:33.968+00:00 host_mono_ns=2514853158245439 5-thread attrs, 47369
host_utc=2026-09-30T08:10:33.968+00:00 host_mono_ns=2514853158255869 4-thread attrs, 50385
host_utc=2026-09-30T08:10:33.968+00:00 host_mono_ns=2514853158266218 1 1 1 1 1 1 1 1 1 1 1 1 1 1 1 1 1 1 1 1 1 1 1 1 1 1 1 1 1 1 1
host_utc=2026-09-30T08:10:33.968+00:00 host_mono_ns=2514853158277019 locals:
host_utc=2026-09-30T08:10:33.968+00:00 host_mono_ns=2514853158287368   values: 14409728 4294967295 67106768 32 67106736 0 14409728 0 14409728 0 0 1 0 0 14409728 14409728 3735928557 3735928557 3735928557 3735928557 0 1 0 0 0 0 0 14409728 4294967295 0 0 0 0 0
host_utc=2026-09-30T08:10:33.968+00:00 host_mono_ns=2514853158298599 value_stack:
host_utc=2026-09-30T08:10:33.968+00:00 host_mono_ns=2514853158308959   types:
host_utc=2026-09-30T08:10:33.968+00:00 host_mono_ns=2514853158319268   values:
host_utc=2026-09-30T08:10:33.968+00:00 host_mono_ns=2514853158329588 label stack:
host_utc=2026-09-30T08:10:33.968+00:00 host_mono_ns=2514853158339837   size: 2
host_utc=2026-09-30T08:10:33.968+00:00 host_mono_ns=2514853158350117     begins: 0 95
host_utc=2026-09-30T08:10:33.968+00:00 host_mono_ns=2514853158360506 pc:
host_utc=2026-09-30T08:10:33.968+00:00 host_mono_ns=2514853158370876   types: 1 1 1 1 1 1 1 1 1 1 1 1 1 1 1 1 1 1 1 1 1 1 1 1 1 1 1 1 1 1 1 1 1 1 1 1 1 1 1 1 1 1 1 1 1 1 1 1 1 1 1 1 1 1 1 1 1 1 1 1 1 1 1 1 1 1 1 1 1 1 1 1 1 1 1 1 1 1 1 1 1 1 1 1 1 1 1 1 1 1 1 1 1 1 1 1 1 1 1 1 1 1 1 1 1 1 1 1 1 1 1 1 1 1 1 1 1 1 1 1 1 1 1 1 1 1 1 1 1 1 1 1 1 1 1 1 1 1 1 1 1 1 1 1 1 1 1 1 1 1 1 1 1 1 1
host_utc=2026-09-30T08:10:33.968+00:00 host_mono_ns=2514853158382498     targets: 1233 4294967295
host_utc=2026-09-30T08:10:33.968+00:00 host_mono_ns=2514853158392998   pc: (867, 106)
host_utc=2026-09-30T08:10:33.968+00:00 host_mono_ns=2514853158403347 locals:
host_utc=2026-09-30T08:10:33.968+00:00 host_mono_ns=2514853158413647   types: 1 1 1 1 1 1 1 1 1 1 1 1 1 1 1
host_utc=2026-09-30T08:10:33.968+00:00 host_mono_ns=2514853158424217     stack_pointers: 0 0
host_utc=2026-09-30T08:10:33.968+00:00 host_mono_ns=2514853158434727     cell_nums: 1 0
host_utc=2026-09-30T08:10:33.968+00:00 host_mono_ns=2514853158445587   values: 31300 73661088 16 73661072 31300 31300 0 31300 0 0 1 0 31300 0 0
host_utc=2026-09-30T08:10:33.968+00:00 host_mono_ns=2514853158456498 CallStackEntry: fidx=3320, offset=189
host_utc=2026-09-30T08:10:33.968+00:00 host_mono_ns=2514853158466927     begins: 0
host_utc=2026-09-30T08:10:33.968+00:00 host_mono_ns=2514853158477467   values: 0 14408720 160 14408560 3 3 1000 0 3 1000 3 7249 9033 96 14408656 1943 0 11519 0 4 4 1000 0 4 1000 4 7249 9033 80 14408640 3368 0 11519 0 0 0 1 0 0 255 0 255 0 1 1 1 638656 1 31300 8 0 1024 638656 31300 0 10 4 0 27649728 0 0 27649728 0 27649728 0 0 1 0 0 0 0 0 0 0 0 0 0 0 0 0 0 0 1 4294967295 4294967294 1 0 100 31300 137 137 1000 0 137 1000 137 7249 9033 64 14408624 3329 0 11519 0 0 0 0 1 0 4294967295 0 0 4294967295 4294967295 4294967295 1 1 1000 0 0 0 0 0 0 0 0 0 0 0 0 0 0 0 0 0 0 0 0 0 0 0 0 0 0 0 0 0 0 0 0 0 0 0 0 0
host_utc=2026-09-30T08:10:33.968+00:00 host_mono_ns=2514853158490101 pc:
host_utc=2026-09-30T08:10:33.968+00:00 host_mono_ns=2514853158506873     targets: 182
host_utc=2026-09-30T08:10:33.968+00:00 host_mono_ns=2514853158517443     targets: 343 4294967295
host_utc=2026-09-30T08:10:33.968+00:00 host_mono_ns=2514853158527873     stack_pointers: 0 0
host_utc=2026-09-30T08:10:33.968+00:00 host_mono_ns=2514853158538312     cell_nums: 1 0
host_utc=2026-09-30T08:10:33.968+00:00 host_mono_ns=2514853158548732 CallStackEntry: fidx=1358, offset=260
host_utc=2026-09-30T08:10:33.968+00:00 host_mono_ns=2514853158559152 pc:
host_utc=2026-09-30T08:10:33.968+00:00 host_mono_ns=2514853158569521   pc: (1358, 260)
host_utc=2026-09-30T08:10:33.968+00:00 host_mono_ns=2514853158579861 locals:
host_utc=2026-09-30T08:10:33.968+00:00 host_mono_ns=2514853158590210 value_stack:
host_utc=2026-09-30T08:10:33.968+00:00 host_mono_ns=2514853158600510   types:
host_utc=2026-09-30T08:10:33.968+00:00 host_mono_ns=2514853158610809   types: 1 1 1 1 1 1 1 1 1 1 1 1 1 1 1 1 1 1 1 1 1 1 1 1 1 1 1 1 1 1 1 1 1 1 1 1 1 1
host_utc=2026-09-30T08:10:33.968+00:00 host_mono_ns=2514853158621399   values:
host_utc=2026-09-30T08:10:33.968+00:00 host_mono_ns=2514853158631759 label stack:
host_utc=2026-09-30T08:10:33.968+00:00 host_mono_ns=2514853158642018   size: 2
host_utc=2026-09-30T08:10:33.968+00:00 host_mono_ns=2514853158652308     stack_pointers: 0
host_utc=2026-09-30T08:10:33.968+00:00 host_mono_ns=2514853158662828     begins: 0 87
host_utc=2026-09-30T08:10:33.968+00:00 host_mono_ns=2514853158673167 value_stack:
host_utc=2026-09-30T08:10:33.968+00:00 host_mono_ns=2514853158683406   values: 14409728 4294967295 67106736 16 67106720 0 14409728 0 0 0 0 0 1 0 0 0 0 0 4294967295 0 4294967295 4294967295 4294967295 4294967295 1 1 1 4294967295 14409728 12 14409740 4294967295 67106720 0 0 0 0 0
host_utc=2026-09-30T08:10:33.968+00:00 host_mono_ns=2514853158694547     cell_nums: 0
host_utc=2026-09-30T08:10:33.968+00:00 host_mono_ns=2514853158704817   pc: (3320, 189)
host_utc=2026-09-30T08:10:33.968+00:00 host_mono_ns=2514853158715196 CallStackEntry: fidx=205, offset=152
host_utc=2026-09-30T08:10:33.968+00:00 host_mono_ns=2514853158725766   types: 1 1 1 1 1 1 1 1 1 1 1 1 1 1 1 1
host_utc=2026-09-30T08:10:33.968+00:00 host_mono_ns=2514853158763087 value_stack:
host_utc=2026-09-30T08:10:33.968+00:00 host_mono_ns=2514853158774268 locals:
host_utc=2026-09-30T08:10:33.968+00:00 host_mono_ns=2514853158784758   values: 1000 1000 1000 1000 1000 1000 1000 1000 1000 1000 1000 1000 1000 1000 1000 1000
host_utc=2026-09-30T08:10:33.968+00:00 host_mono_ns=2514853158795518 label stack:
host_utc=2026-09-30T08:10:33.968+00:00 host_mono_ns=2514853158805738   types:
host_utc=2026-09-30T08:10:33.968+00:00 host_mono_ns=2514853158815987   values:
host_utc=2026-09-30T08:10:33.968+00:00 host_mono_ns=2514853158826236 label stack:
host_utc=2026-09-30T08:10:33.968+00:00 host_mono_ns=2514853158836456   size: 4
host_utc=2026-09-30T08:10:33.968+00:00 host_mono_ns=2514853158846765 pc:
host_utc=2026-09-30T08:10:33.968+00:00 host_mono_ns=2514853158857034     begins: 0 647 1052 1140
host_utc=2026-09-30T08:10:33.968+00:00 host_mono_ns=2514853158867624   pc: (205, 152)
host_utc=2026-09-30T08:10:33.968+00:00 host_mono_ns=2514853158877974     targets: 133 4294967295
host_utc=2026-09-30T08:10:33.968+00:00 host_mono_ns=2514853158888334 locals:
host_utc=2026-09-30T08:10:33.968+00:00 host_mono_ns=2514853158898683   size: 3
host_utc=2026-09-30T08:10:33.968+00:00 host_mono_ns=2514853158909033     targets: 1612 4294967295 1052 4294967295
host_utc=2026-09-30T08:10:33.968+00:00 host_mono_ns=2514853158919613     begins: 0 98 149
host_utc=2026-09-30T08:10:33.968+00:00 host_mono_ns=2514853158929982     stack_pointers: 0 0 0 0
host_utc=2026-09-30T08:10:33.968+00:00 host_mono_ns=2514853158940472     targets: 324 294 293
host_utc=2026-09-30T08:10:33.968+00:00 host_mono_ns=2514853158950942     stack_pointers: 0 0
host_utc=2026-09-30T08:10:33.968+00:00 host_mono_ns=2514853158961281     cell_nums: 0 0 0 0
host_utc=2026-09-30T08:10:33.968+00:00 host_mono_ns=2514853158971591 CallStackEntry: fidx=1348, offset=131
host_utc=2026-09-30T08:10:33.968+00:00 host_mono_ns=2514853158988653 pc:
host_utc=2026-09-30T08:10:33.968+00:00 host_mono_ns=2514853158999423     stack_pointers: 0 0 0
host_utc=2026-09-30T08:10:33.968+00:00 host_mono_ns=2514853159022146   pc: (1348, 131)
host_utc=2026-09-30T08:10:33.968+00:00 host_mono_ns=2514853159034460   types: 1 1 1 1 1 1 2 1
host_utc=2026-09-30T08:10:33.968+00:00 host_mono_ns=2514853159045440     cell_nums: 0 0
host_utc=2026-09-30T08:10:33.968+00:00 host_mono_ns=2514853159055890 locals:
host_utc=2026-09-30T08:10:33.968+00:00 host_mono_ns=2514853159066270 CallStackEntry: fidx=870, offset=196
host_utc=2026-09-30T08:10:33.968+00:00 host_mono_ns=2514853159076669 pc:
host_utc=2026-09-30T08:10:33.968+00:00 host_mono_ns=2514853159086979   pc: (870, 196)
host_utc=2026-09-30T08:10:33.968+00:00 host_mono_ns=2514853159097328     cell_nums: 1 0 0
host_utc=2026-09-30T08:10:33.968+00:00 host_mono_ns=2514853159107648 locals:
host_utc=2026-09-30T08:10:33.968+00:00 host_mono_ns=2514853159117947 CallStackEntry: fidx=1378, offset=275
host_utc=2026-09-30T08:10:33.968+00:00 host_mono_ns=2514853159128357 pc:
host_utc=2026-09-30T08:10:33.968+00:00 host_mono_ns=2514853159138757   types: 1 1 1 1 1 1 1 1 1 1 1 1 1 1 1 1 1 1 1
host_utc=2026-09-30T08:10:33.968+00:00 host_mono_ns=2514853159149257   pc: (1378, 275)
host_utc=2026-09-30T08:10:33.968+00:00 host_mono_ns=2514853159159606   types: 1 1 1 1 1 1 1 1 1 1 1 1 1 1 1 1 1 1 1 1 1 1 1 1 1 1 1 1 1 1 1 1 1 1 1 1 1
host_utc=2026-09-30T08:10:33.969+00:00 host_mono_ns=2514853159170407   types: 1 1 1 1 1 1 1 1 1 1 1 1 1 1 1 1 1 1 1 1 1 1 1 1 1 1 1 1 1 1 1 1 1 1 1 1 1 1 1 1 1 1 1 1 1 1 1 1 1 1 1 1 1 1 1 1 1 1 1 1 1 1
host_utc=2026-09-30T08:10:33.969+00:00 host_mono_ns=2514853159181357 locals:
host_utc=2026-09-30T08:10:33.969+00:00 host_mono_ns=2514853159191677   values: 1000 14408560 16 14408544 0 1 0 1 0 1 0 0 1000 0 1000 0 0 0 0
host_utc=2026-09-30T08:10:33.969+00:00 host_mono_ns=2514853159202377 value_stack:
host_utc=2026-09-30T08:10:33.969+00:00 host_mono_ns=2514853159212736   types:
host_utc=2026-09-30T08:10:33.969+00:00 host_mono_ns=2514853159223056   values:
host_utc=2026-09-30T08:10:33.969+00:00 host_mono_ns=2514853159233355 label stack:
host_utc=2026-09-30T08:10:33.969+00:00 host_mono_ns=2514853159243695   size: 2
host_utc=2026-09-30T08:10:33.969+00:00 host_mono_ns=2514853159254185   values: 31300 73661072 48 73661024 31300 1 1 1 24 73661048 73661048 124 31424 24 73661048 73661048 0 1 0 0 1 0 20 31320 0 2 41 31300 24 73661048 73661048 0 24 73661048 0 0 0
host_utc=2026-09-30T08:10:33.969+00:00 host_mono_ns=2514853159265276     begins: 0 74
host_utc=2026-09-30T08:10:33.969+00:00 host_mono_ns=2514853159275705 value_stack:
host_utc=2026-09-30T08:10:33.969+00:00 host_mono_ns=2514853159286015   types: 1 1 1 1 1 1 1 1 1 1 1 1 1 1 1 1 1 1 1 1 1 1 1 1 1 1 1 1 1 1 1 1 1 1 1 1 1 1 1 1 1 1 1 1 1 1 1 1 1 1 1 1 1 1 1 1 1 1 1 1 1 1 1 1 1 1 1 1 1 1 1 1 1 1 1 1 1 1 1 1 1 1 1 1 1 1 1 1 1 1 1 1 1 1
host_utc=2026-09-30T08:10:33.969+00:00 host_mono_ns=2514853159297146   values: 53997652 2 53997632 999990252 1 53997616 17179827316658798592
host_utc=2026-09-30T08:10:33.969+00:00 host_mono_ns=2514853159307766   types: 1
host_utc=2026-09-30T08:10:33.969+00:00 host_mono_ns=2514853159318206 value_stack:
host_utc=2026-09-30T08:10:33.969+00:00 host_mono_ns=2514853159328485   types: 1 1
host_utc=2026-09-30T08:10:33.969+00:00 host_mono_ns=2514853159338835   values: 31320
host_utc=2026-09-30T08:10:33.969+00:00 host_mono_ns=2514853159349194   values: 0 0
host_utc=2026-09-30T08:10:33.969+00:00 host_mono_ns=2514853159359624 label stack:
host_utc=2026-09-30T08:10:33.969+00:00 host_mono_ns=2514853159369923   size: 2
host_utc=2026-09-30T08:10:33.969+00:00 host_mono_ns=2514853159380193 label stack:
host_utc=2026-09-30T08:10:33.969+00:00 host_mono_ns=2514853159390482     begins: 0 19
host_utc=2026-09-30T08:10:33.969+00:00 host_mono_ns=2514853159400962     targets: 176 4294967295
host_utc=2026-09-30T08:10:33.969+00:00 host_mono_ns=2514853159411372   size: 6
host_utc=2026-09-30T08:10:33.969+00:00 host_mono_ns=2514853159421651     stack_pointers: 0 0
host_utc=2026-09-30T08:10:33.969+00:00 host_mono_ns=2514853159438433     cell_nums: 1 0
host_utc=2026-09-30T08:10:33.969+00:00 host_mono_ns=2514853159448953     begins: 0 43 45 47 171 173
host_utc=2026-09-30T08:10:33.969+00:00 host_mono_ns=2514853159459423     targets: 234 4294967295
host_utc=2026-09-30T08:10:33.969+00:00 host_mono_ns=2514853159469822 CallStackEntry: fidx=1376, offset=341
host_utc=2026-09-30T08:10:33.969+00:00 host_mono_ns=2514853159480362   values: 14409740 4294967295 67106720 67106720 112 67106608 0 24 67106632 67106632 12 67106644 4294967295 14409740 0 14409740 0 1 1 1 14409740 24 67106632 67106632 4294967295 4294967295 4294967295 4294967295 1 1 1 24 67106632 67106632 12 67106644 16 67106660 1294048 0 0 0 0 0 0 0 0 0 0 0 0 0 0 0 0 0 0 0 0 0 0 0 0 0 0 0 0 0 0 0 0 0 0 0 0 0 0 0 0 0 0 0 0 0 0 0 0 0 0 0 0 0 0 0
host_utc=2026-09-30T08:10:33.969+00:00 host_mono_ns=2514853159492104 1 1 1 1 1 1 1 1 1 1 1 1 1 1 1 1 1 1 1 1 1 1 1 1 1 1 1 1 1 1 1 1 1 1 1 1 1 1 1 1 1 1 1 1 1 1 1 1 1 1 1 1 1 1 1 1 1 1 1 1 1 1 1 1 1 1 1 1 1 1 1 1 1 1 1 1 1 1 1 1 1 1 1 1 1 1 1 1 1 1 1 1 1 1 1 1 1 1 1 1 1 1 1 1 1 1 1 1 1 1 1 1 1 1 1 1 1 1 1 1 1 1 1 1 1 1 1 1 1 1 1 1 1 1 1 1 1 1 1 1 1
host_utc=2026-09-30T08:10:33.969+00:00 host_mono_ns=2514853159503386     targets: 1233 4294967295
host_utc=2026-09-30T08:10:33.969+00:00 host_mono_ns=2514853159513936   pc: (867, 106)
host_utc=2026-09-30T08:10:33.969+00:00 host_mono_ns=2514853159524405 locals:
host_utc=2026-09-30T08:10:33.969+00:00 host_mono_ns=2514853159534835   types: 1 1 1 1 1 1 1 1 1 1 1 1 1 1 1
host_utc=2026-09-30T08:10:33.969+00:00 host_mono_ns=2514853159545335     stack_pointers: 0 0
host_utc=2026-09-30T08:10:33.969+00:00 host_mono_ns=2514853159555815     cell_nums: 1 0
host_utc=2026-09-30T08:10:33.969+00:00 host_mono_ns=2514853159566194   values: 31300 73661088 16 73661072 31300 31300 0 31300 0 0 1 0 31300 0 0
host_utc=2026-09-30T08:10:33.969+00:00 host_mono_ns=2514853159576784 CallStackEntry: fidx=3320, offset=189
host_utc=2026-09-30T08:10:33.969+00:00 host_mono_ns=2514853159587244     begins: 0
host_utc=2026-09-30T08:10:33.969+00:00 host_mono_ns=2514853159597694   values: 0 14408720 160 14408560 3 3 1000 0 3 1000 3 7249 9033 96 14408656 1943 0 11519 0 4 4 1000 0 4 1000 4 7249 9033 80 14408640 3368 0 11519 0 0 0 1 0 0 255 0 255 0 1 1 1 638656 1 31300 8 0 1024 638656 31300 0 10 4 0 27649728 0 0 27649728 0 27649728 0 0 1 0 0 0 0 0 0 0 0 0 0 0 0 0 0 0 1 4294967295 4294967294 1 0 100 31300 137 137 1000 0 137 1000 137 7249 9033 64 14408624 3329 0 11519 0 0 0 0 1 0 4294967295 0 0 4294967295 4294967295 4294967295 1 1 1000 0 0 0 0 0 0 0 0 0 0 0 0 0 0 0 0 0 0 0 0 0 0 0 0 0 0 0 0 0 0 0 0 0 0 0 0 0
host_utc=2026-09-30T08:10:33.969+00:00 host_mono_ns=2514853159609817 pc:
host_utc=2026-09-30T08:10:33.969+00:00 host_mono_ns=2514853159620357     targets: 182
host_utc=2026-09-30T08:10:33.969+00:00 host_mono_ns=2514853159630706     targets: 343 4294967295
host_utc=2026-09-30T08:10:33.969+00:00 host_mono_ns=2514853159641146     stack_pointers: 0 0
host_utc=2026-09-30T08:10:33.969+00:00 host_mono_ns=2514853159651616     cell_nums: 1 0
host_utc=2026-09-30T08:10:33.969+00:00 host_mono_ns=2514853159662055 CallStackEntry: fidx=1358, offset=260
host_utc=2026-09-30T08:10:33.969+00:00 host_mono_ns=2514853159672535 pc:
host_utc=2026-09-30T08:10:33.969+00:00 host_mono_ns=2514853159682985   pc: (1358, 260)
host_utc=2026-09-30T08:10:33.969+00:00 host_mono_ns=2514853159693274 locals:
host_utc=2026-09-30T08:10:33.969+00:00 host_mono_ns=2514853159703594 value_stack:
host_utc=2026-09-30T08:10:33.969+00:00 host_mono_ns=2514853159713943   types:
host_utc=2026-09-30T08:10:33.969+00:00 host_mono_ns=2514853159724313   types: 1 1 1 1 1 1 1 1 1 1 1 1 1 1 1 1 1 1 1 1 1 1 1 1 1 1 1 1 1 1 1 1 1 1 1 1 1 1
host_utc=2026-09-30T08:10:33.969+00:00 host_mono_ns=2514853159734883   values:
host_utc=2026-09-30T08:10:33.969+00:00 host_mono_ns=2514853159745223 label stack:
host_utc=2026-09-30T08:10:33.969+00:00 host_mono_ns=2514853159755512   size: 2
host_utc=2026-09-30T08:10:33.969+00:00 host_mono_ns=2514853159765841     stack_pointers: 0
host_utc=2026-09-30T08:10:33.969+00:00 host_mono_ns=2514853159782303     begins: 0 87
host_utc=2026-09-30T08:10:33.969+00:00 host_mono_ns=2514853159792732 value_stack:
host_utc=2026-09-30T08:10:33.969+00:00 host_mono_ns=2514853159803072   values: 14409728 4294967295 67106736 16 67106720 0 14409728 0 0 0 0 0 1 0 0 0 0 0 4294967295 0 4294967295 4294967295 4294967295 4294967295 1 1 1 4294967295 14409728 12 14409740 4294967295 67106720 0 0 0 0 0
host_utc=2026-09-30T08:10:33.969+00:00 host_mono_ns=2514853159814183     cell_nums: 0
host_utc=2026-09-30T08:10:33.969+00:00 host_mono_ns=2514853159824492   pc: (3320, 189)
host_utc=2026-09-30T08:10:33.969+00:00 host_mono_ns=2514853159834812 CallStackEntry: fidx=205, offset=152
host_utc=2026-09-30T08:10:33.969+00:00 host_mono_ns=2514853159845262   types: 1 1 1 1 1 1 1 1 1 1 1 1 1 1 1 1
host_utc=2026-09-30T08:10:33.969+00:00 host_mono_ns=2514853159855842 value_stack:
host_utc=2026-09-30T08:10:33.969+00:00 host_mono_ns=2514853159866141 locals:
host_utc=2026-09-30T08:10:33.969+00:00 host_mono_ns=2514853159876460   values: 1000 1000 1000 1000 1000 1000 1000 1000 1000 1000 1000 1000 1000 1000 1000 1000
host_utc=2026-09-30T08:10:33.969+00:00 host_mono_ns=2514853159887030 label stack:
host_utc=2026-09-30T08:10:33.969+00:00 host_mono_ns=2514853159897380   types:
host_utc=2026-09-30T08:10:33.969+00:00 host_mono_ns=2514853159907629   values:
host_utc=2026-09-30T08:10:33.969+00:00 host_mono_ns=2514853159917969 label stack:
host_utc=2026-09-30T08:10:33.969+00:00 host_mono_ns=2514853159928248   size: 4
host_utc=2026-09-30T08:10:33.969+00:00 host_mono_ns=2514853159938548 pc:
host_utc=2026-09-30T08:10:33.969+00:00 host_mono_ns=2514853159948827     begins: 0 647 1052 1140
host_utc=2026-09-30T08:10:33.969+00:00 host_mono_ns=2514853159959337   pc: (205, 152)
host_utc=2026-09-30T08:10:33.969+00:00 host_mono_ns=2514853159969767     targets: 133 4294967295
host_utc=2026-09-30T08:10:33.969+00:00 host_mono_ns=2514853159980247 locals:
host_utc=2026-09-30T08:10:33.969+00:00 host_mono_ns=2514853159990516   size: 3
host_utc=2026-09-30T08:10:33.969+00:00 host_mono_ns=2514853160005985     targets: 1612 4294967295 1052 4294967295
host_utc=2026-09-30T08:10:33.969+00:00 host_mono_ns=2514853160019711     begins: 0 98 149
host_utc=2026-09-30T08:10:33.969+00:00 host_mono_ns=2514853160030221     stack_pointers: 0 0 0 0
host_utc=2026-09-30T08:10:33.969+00:00 host_mono_ns=2514853160040711     targets: 324 294 293
host_utc=2026-09-30T08:10:33.969+00:00 host_mono_ns=2514853160051151     stack_pointers: 0 0
host_utc=2026-09-30T08:10:33.969+00:00 host_mono_ns=2514853160061510     cell_nums: 0 0 0 0
host_utc=2026-09-30T08:10:33.969+00:00 host_mono_ns=2514853160071940 CallStackEntry: fidx=1348, offset=131
host_utc=2026-09-30T08:10:33.969+00:00 host_mono_ns=2514853160082359 pc:
host_utc=2026-09-30T08:10:33.969+00:00 host_mono_ns=2514853160092709     stack_pointers: 0 0 0
host_utc=2026-09-30T08:10:33.969+00:00 host_mono_ns=2514853160103019   pc: (1348, 131)
host_utc=2026-09-30T08:10:33.969+00:00 host_mono_ns=2514853160113288   types: 1 1 1 1 1 1 2 1
host_utc=2026-09-30T08:10:33.969+00:00 host_mono_ns=2514853160123617     cell_nums: 0 0
host_utc=2026-09-30T08:10:33.969+00:00 host_mono_ns=2514853160133957 locals:
host_utc=2026-09-30T08:10:33.969+00:00 host_mono_ns=2514853160144327 CallStackEntry: fidx=870, offset=196
host_utc=2026-09-30T08:10:33.969+00:00 host_mono_ns=2514853160154766 pc:
host_utc=2026-09-30T08:10:33.969+00:00 host_mono_ns=2514853160164986   pc: (870, 196)
host_utc=2026-09-30T08:10:33.970+00:00 host_mono_ns=2514853160175285     cell_nums: 1 0 0
host_utc=2026-09-30T08:10:33.970+00:00 host_mono_ns=2514853160185655 locals:
host_utc=2026-09-30T08:10:33.970+00:00 host_mono_ns=2514853160196024 CallStackEntry: fidx=1378, offset=275
host_utc=2026-09-30T08:10:33.970+00:00 host_mono_ns=2514853160206384 pc:
host_utc=2026-09-30T08:10:33.970+00:00 host_mono_ns=2514853160216753   types: 1 1 1 1 1 1 1 1 1 1 1 1 1 1 1 1 1 1 1
host_utc=2026-09-30T08:10:33.970+00:00 host_mono_ns=2514853160227203   pc: (1378, 275)
host_utc=2026-09-30T08:10:33.970+00:00 host_mono_ns=2514853160244997   types: 1 1 1 1 1 1 1 1 1 1 1 1 1 1 1 1 1 1 1 1 1 1 1 1 1 1 1 1 1 1 1 1 1 1 1 1 1
host_utc=2026-09-30T08:10:33.970+00:00 host_mono_ns=2514853160255937   types: 1 1 1 1 1 1 1 1 1 1 1 1 1 1 1 1 1 1 1 1 1 1 1 1 1 1 1 1 1 1 1 1 1 1 1 1 1 1 1 1 1 1 1 1 1 1 1 1 1 1 1 1 1 1 1 1 1 1 1 1 1 1
host_utc=2026-09-30T08:10:33.970+00:00 host_mono_ns=2514853160266848 locals:
host_utc=2026-09-30T08:10:33.970+00:00 host_mono_ns=2514853160277168   values: 1000 14408560 16 14408544 0 1 0 1 0 1 0 0 1000 0 1000 0 0 0 0
host_utc=2026-09-30T08:10:33.970+00:00 host_mono_ns=2514853160287748 value_stack:
host_utc=2026-09-30T08:10:33.970+00:00 host_mono_ns=2514853160298087   types:
host_utc=2026-09-30T08:10:33.970+00:00 host_mono_ns=2514853160308417   values:
host_utc=2026-09-30T08:10:33.970+00:00 host_mono_ns=2514853160318796 label stack:
host_utc=2026-09-30T08:10:33.970+00:00 host_mono_ns=2514853160329186   size: 2
host_utc=2026-09-30T08:10:33.970+00:00 host_mono_ns=2514853160339565   values: 31300 73661072 48 73661024 31300 1 1 1 24 73661048 73661048 124 31424 24 73661048 73661048 0 1 0 0 1 0 20 31320 0 2 41 31300 24 73661048 73661048 0 24 73661048 0 0 0
host_utc=2026-09-30T08:10:33.970+00:00 host_mono_ns=2514853160350596     begins: 0 74
host_utc=2026-09-30T08:10:33.970+00:00 host_mono_ns=2514853160360996 value_stack:
host_utc=2026-09-30T08:10:33.970+00:00 host_mono_ns=2514853160371285   types: 1 1 1 1 1 1 1 1 1 1 1 1 1 1 1 1 1 1 1 1 1 1 1 1 1 1 1 1 1 1 1 1 1 1 1 1 1 1 1 1 1 1 1 1 1 1 1 1 1 1 1 1 1 1 1 1 1 1 1 1 1 1 1 1 1 1 1 1 1 1 1 1 1 1 1 1 1 1 1 1 1 1 1 1 1 1 1 1 1 1 1 1 1 1
host_utc=2026-09-30T08:10:33.970+00:00 host_mono_ns=2514853160382236   values: 53997652 2 53997632 999990252 1 53997616 17179827316658798592
host_utc=2026-09-30T08:10:33.970+00:00 host_mono_ns=2514853160392846   types: 1
host_utc=2026-09-30T08:10:33.970+00:00 host_mono_ns=2514853160403246 value_stack:
host_utc=2026-09-30T08:10:33.970+00:00 host_mono_ns=2514853160413655   types: 1 1
host_utc=2026-09-30T08:10:33.970+00:00 host_mono_ns=2514853160423985   values: 31320
host_utc=2026-09-30T08:10:33.970+00:00 host_mono_ns=2514853160434344   values: 0 0
host_utc=2026-09-30T08:10:33.970+00:00 host_mono_ns=2514853160444704 label stack:
host_utc=2026-09-30T08:10:33.970+00:00 host_mono_ns=2514853160454983   size: 2
host_utc=2026-09-30T08:10:33.970+00:00 host_mono_ns=2514853160465193 label stack:
host_utc=2026-09-30T08:10:33.970+00:00 host_mono_ns=2514853160475522     begins: 0 19
host_utc=2026-09-30T08:10:33.970+00:00 host_mono_ns=2514853160485882     targets: 176 4294967295
host_utc=2026-09-30T08:10:33.970+00:00 host_mono_ns=2514853160496251   size: 6
host_utc=2026-09-30T08:10:33.970+00:00 host_mono_ns=2514853160506621     stack_pointers: 0 0
host_utc=2026-09-30T08:10:33.970+00:00 host_mono_ns=2514853160517041     cell_nums: 1 0
host_utc=2026-09-30T08:10:33.970+00:00 host_mono_ns=2514853160527380     begins: 0 43 45 47 171 173
host_utc=2026-09-30T08:10:33.970+00:00 host_mono_ns=2514853160537830     targets: 234 4294967295
host_utc=2026-09-30T08:10:33.970+00:00 host_mono_ns=2514853160548220 CallStackEntry: fidx=1376, offset=34stack, 6643482
host_utc=2026-09-30T08:10:33.970+00:00 host_mono_ns=2514853160558920 stack, 6790119
host_utc=2026-09-30T08:10:33.970+00:00 host_mono_ns=2514853160569390 stack, 6584851
host_utc=2026-09-30T08:10:33.970+00:00 host_mono_ns=2514853160579799 7-thread attrs, 113234
host_utc=2026-09-30T08:10:33.970+00:00 host_mono_ns=2514853160590119 stack, 6906529
host_utc=2026-09-30T08:10:33.970+00:00 host_mono_ns=2514853160600388 stack, 6765392
host_utc=2026-09-30T08:10:33.970+00:00 host_mono_ns=2514853160610597 9-thread attrs, 146918
host_utc=2026-09-30T08:10:33.970+00:00 host_mono_ns=2514853160620967 1-thread attrs, 137099
host_utc=2026-09-30T08:10:33.970+00:00 host_mono_ns=2514853160631327 10-thread attrs, 130126
host_utc=2026-09-30T08:10:33.970+00:00 host_mono_ns=2514853160641887 8-thread attrs, 90501
host_utc=2026-09-30T08:10:33.970+00:00 host_mono_ns=2514853160652346 [2026-09-30 08:10:33.950] [info] Success to dump frame stack
host_utc=2026-09-30T08:10:33.970+00:00 host_mono_ns=2514853160672565 
host_utc=2026-09-30T08:10:33.970+00:00 host_mono_ns=2514853160683455  0 24 67106632 67106632 12 67106644 4294967295 14409740 0 14409740 0 1 1 1 14409740 24 67106632 67106632 4294967295 4294967295 4294967295 4294967295 1 1 1 24 67106632 67106632 12 67106644 16 67106660 1294048 0 0 0 0 0 0 0 0 0 0 0 0 0 0 0 0 0 0 0 0 0 0 0 0 0 0 0 0 0 0 0 0 0 0 0 0 0 0 0 0 0 0 0 0 0 0 0 0 0 0 0 0 0 0 0
host_utc=2026-09-30T08:10:33.970+00:00 host_mono_ns=2514853160695017 pc:
host_utc=2026-09-30T08:10:33.970+00:00 host_mono_ns=2514853160705387   pc: (1376, 341)
host_utc=2026-09-30T08:10:33.970+00:00 host_mono_ns=2514853160715746 locals:
host_utc=2026-09-30T08:10:33.970+00:00 host_mono_ns=2514853160726066 value_stack:
host_utc=2026-09-30T08:10:33.970+00:00 host_mono_ns=2514853160736395   types:
host_utc=2026-09-30T08:10:33.970+00:00 host_mono_ns=2514853160746915   values: 53998816 60552512 80 60552432 53998816 64 60552496 60552496 8 53998824 56 60552488 60552488 32 53998848 53998816 56 60552488 60552488 0 1 0 0 0 0 0 80 53998896 64 60552496 60552496 0 0 56 60552488 0 4 60552436 60552436 64 60552496 60552496 80216144 80216144 4 80216148 4 60552436 60552436 1 4 60552436 60552436 4 60552436 60552436 0 64 60552496 0 0 0
host_utc=2026-09-30T08:10:33.970+00:00 host_mono_ns=2514853160758547   values:
host_utc=2026-09-30T08:10:33.970+00:00 host_mono_ns=2514853160768977 label stack:
host_utc=2026-09-30T08:10:33.970+00:00 host_mono_ns=2514853160779276   size: 3
host_utc=2026-09-30T08:10:33.970+00:00 host_mono_ns=2514853160789546     begins: 0 219 221
host_utc=2026-09-30T08:10:33.970+00:00 host_mono_ns=2514853160800005     targets: 708 4294967295 4294967295
host_utc=2026-09-30T08:10:33.970+00:00 host_mono_ns=2514853160810696     stack_pointers: 0 0 0
host_utc=2026-09-30T08:10:33.970+00:00 host_mono_ns=2514853160821135     cell_nums: 1 0 0
host_utc=2026-09-30T08:10:33.970+00:00 host_mono_ns=2514853160831625 CallStackEntry: fidx=3324, offset=6
host_utc=2026-09-30T08:10:33.970+00:00 host_mono_ns=2514853160842355 pc:
host_utc=2026-09-30T08:10:33.970+00:00 host_mono_ns=2514853160852655   pc: (3324, 6)
host_utc=2026-09-30T08:10:33.970+00:00 host_mono_ns=2514853160863165 locals:
host_utc=2026-09-30T08:10:33.970+00:00 host_mono_ns=2514853160873554   types: 1 1
host_utc=2026-09-30T08:10:33.970+00:00 host_mono_ns=2514853160883844   values: 67106660 1294048
host_utc=2026-09-30T08:10:33.970+00:00 host_mono_ns=2514853160894293 value_stack:
host_utc=2026-09-30T08:10:33.970+00:00 host_mono_ns=2514853160904543   types:
host_utc=2026-09-30T08:10:33.970+00:00 host_mono_ns=2514853160914912   values:
host_utc=2026-09-30T08:10:33.970+00:00 host_mono_ns=2514853160925232 label stack:
host_utc=2026-09-30T08:10:33.970+00:00 host_mono_ns=2514853160935441   size: 1
host_utc=2026-09-30T08:10:33.970+00:00 host_mono_ns=2514853160945701     begins: 0
host_utc=2026-09-30T08:10:33.970+00:00 host_mono_ns=2514853160956040     targets: 12
host_utc=2026-09-30T08:10:33.970+00:00 host_mono_ns=2514853160966450     stack_pointers: 0
host_utc=2026-09-30T08:10:33.970+00:00 host_mono_ns=2514853160976839     cell_nums: 1
host_utc=2026-09-30T08:10:33.970+00:00 host_mono_ns=2514853160987249 CallStackEntry: fidx=3322, offset=427
host_utc=2026-09-30T08:10:33.970+00:00 host_mono_ns=2514853160997739   types: 1 1 1 1 1 1 1 1 1 1 1 1 1 1 1 1 1 1 1 1 1 1 1 1 1 1 1 1 1 1 1 1 1 1 1 1 1 1 1 1 1 1 1 1 1 1 1 1 1 1 1 1 1 1 1 1 1 1 1 1 1 1 1
host_utc=2026-09-30T08:10:33.970+00:00 host_mono_ns=2514853161014621 pc:
host_utc=2026-09-30T08:10:33.970+00:00 host_mono_ns=2514853161028297   pc: (3322, 427)
host_utc=2026-09-30T08:10:33.970+00:00 host_mono_ns=2514853161038776 locals:
host_utc=2026-09-30T08:10:33.970+00:00 host_mono_ns=2514853161049056   types: 1 1 1 1 1 1 1 1 1
host_utc=2026-09-30T08:10:33.970+00:00 host_mono_ns=2514853161059736   values: 67106660 1294048 0 67106576 2 0 67106596 67106692 1
host_utc=2026-09-30T08:10:33.970+00:00 host_mono_ns=2514853161070506 value_stack:
host_utc=2026-09-30T08:10:33.970+00:00 host_mono_ns=2514853161087639   types: 1 1 1 1 1
host_utc=2026-09-30T08:10:33.970+00:00 host_mono_ns=2514853161098409   values: 1000 14408544 112 14408432 0 80 14408512 14408512 0 32 14408464 14408464 0 80 14408512 14408512 1000 4294967295 1000 4294967295 0 1 0 0 0 0 0 0 0 0 0 0 1000 8 14408440 14408440 32 14408464 14408464 80 14408512 14408512 8 14408440 14408440 0 0 0 0 0 0 0 0 0 0 0 0 0 0 0 0 0 0
host_utc=2026-09-30T08:10:33.970+00:00 host_mono_ns=2514853161109891 [2026-09-30 08:10:33.950] [info] Success to dump frame stack
host_utc=2026-09-30T08:10:33.970+00:00 host_mono_ns=2514853161120691 
host_utc=2026-09-30T08:10:33.970+00:00 host_mono_ns=2514853161131221     targets: 335 4294967295 4294967295 47 4294967295 4294967295
host_utc=2026-09-30T08:10:33.970+00:00 host_mono_ns=2514853161141991     stack_pointers: 0 0 0 0 0 0
host_utc=2026-09-30T08:10:33.971+00:00 host_mono_ns=2514853161174713     cell_nums: 0 0 0 0 0 0
host_utc=2026-09-30T08:10:33.971+00:00 host_mono_ns=2514853161185674 CallStackEntry: fidx=1309, offset=183
host_utc=2026-09-30T08:10:33.971+00:00 host_mono_ns=2514853161196214 pc:
host_utc=2026-09-30T08:10:33.971+00:00 host_mono_ns=2514853161206634   pc: (1309, 183)
host_utc=2026-09-30T08:10:33.971+00:00 host_mono_ns=2514853161216933 locals:
host_utc=2026-09-30T08:10:33.971+00:00 host_mono_ns=2514853161227232   values: 67106596 67106596 67106596 67106596 67106596
host_utc=2026-09-30T08:10:33.971+00:00 host_mono_ns=2514853161237933   types: 1 1 1 1 1 1 1 1 1 1 1 1 1 1 1 1 1 1 1 1 1 1 1 1 1
host_utc=2026-09-30T08:10:33.971+00:00 host_mono_ns=2514853161248533   values: 31320 0 73661024 16 73661008 15233 0 0 0 0 0 0 0 0 0 31320 14409696 4294967295 0 0 0 0 0 0 0
host_utc=2026-09-30T08:10:33.971+00:00 host_mono_ns=2514853161259273 value_stack:
host_utc=2026-09-30T08:10:33.971+00:00 host_mono_ns=2514853161269633   types:
host_utc=2026-09-30T08:10:33.971+00:00 host_mono_ns=2514853161280132   values:
host_utc=2026-09-30T08:10:33.971+00:00 host_mono_ns=2514853161290392 label stack:
host_utc=2026-09-30T08:10:33.971+00:00 host_mono_ns=2514853161300661   size: 4
host_utc=2026-09-30T08:10:33.971+00:00 host_mono_ns=2514853161311011 label stack:
host_utc=2026-09-30T08:10:33.971+00:00 host_mono_ns=2514853161321280     stack_pointers: 0 0
host_utc=2026-09-30T08:10:33.971+00:00 host_mono_ns=2514853161331690     begins: 0 65 159 161
host_utc=2026-09-30T08:10:33.971+00:00 host_mono_ns=2514853161342180   size: 2
host_utc=2026-09-30T08:10:33.971+00:00 host_mono_ns=2514853161352409     cell_nums: 1 0
host_utc=2026-09-30T08:10:33.971+00:00 host_mono_ns=2514853161362769 CallStackEntry: fidx=3314, offset=24
host_utc=2026-09-30T08:10:33.971+00:00 host_mono_ns=2514853161373178 value_stack:
host_utc=2026-09-30T08:10:33.971+00:00 host_mono_ns=2514853161383438     begins: 0 56
host_utc=2026-09-30T08:10:33.971+00:00 host_mono_ns=2514853161393807   types: 1 1 1
host_utc=2026-09-30T08:10:33.971+00:00 host_mono_ns=2514853161404167 pc:
host_utc=2026-09-30T08:10:33.971+00:00 host_mono_ns=2514853161414496     targets: 1233 4294967295
host_utc=2026-09-30T08:10:33.971+00:00 host_mono_ns=2514853161424996   values: 14408464 14408464 14408464
host_utc=2026-09-30T08:10:33.971+00:00 host_mono_ns=2514853161435506 value_stack:
host_utc=2026-09-30T08:10:33.971+00:00 host_mono_ns=2514853161445825     stack_pointers: 0 0
host_utc=2026-09-30T08:10:33.971+00:00 host_mono_ns=2514853161456285     cell_nums: 1 0
host_utc=2026-09-30T08:10:33.971+00:00 host_mono_ns=2514853161466665 CallStackEntry: fidx=3320, offset=189
host_utc=2026-09-30T08:10:33.971+00:00 host_mono_ns=2514853161477145 pc:
host_utc=2026-09-30T08:10:33.971+00:00 host_mono_ns=2514853161487544   types: 1 1
host_utc=2026-09-30T08:10:33.971+00:00 host_mono_ns=2514853161497824   pc: (3320, 189)
host_utc=2026-09-30T08:10:33.971+00:00 host_mono_ns=2514853161508223   values: 53998848 53998848
host_utc=2026-09-30T08:10:33.971+00:00 host_mono_ns=2514853161518743     targets: 259 4294967295 4294967295 161
host_utc=2026-09-30T08:10:33.971+00:00 host_mono_ns=2514853161529323 label stack:
host_utc=2026-09-30T08:10:33.971+00:00 host_mono_ns=2514853161546295     stack_pointers: 0 0 0 0
host_utc=2026-09-30T08:10:33.971+00:00 host_mono_ns=2514853161556955 label stack:
host_utc=2026-09-30T08:10:33.971+00:00 host_mono_ns=2514853161567275   size: 2
host_utc=2026-09-30T08:10:33.971+00:00 host_mono_ns=2514853161577584     cell_nums: 1 0 0 0
host_utc=2026-09-30T08:10:33.971+00:00 host_mono_ns=2514853161587964     begins: 0 44
host_utc=2026-09-30T08:10:33.971+00:00 host_mono_ns=2514853161598273     targets: 550 44
host_utc=2026-09-30T08:10:33.971+00:00 host_mono_ns=2514853161608813   size: 2
host_utc=2026-09-30T08:10:33.971+00:00 host_mono_ns=2514853161619193 CallStackEntry: fidx=1357, offset=278
host_utc=2026-09-30T08:10:33.971+00:00 host_mono_ns=2514853161629583     begins: 0 171
host_utc=2026-09-30T08:10:33.971+00:00 host_mono_ns=2514853161639852   pc: (3314, 24)
host_utc=2026-09-30T08:10:33.971+00:00 host_mono_ns=2514853161650282 pc:
host_utc=2026-09-30T08:10:33.971+00:00 host_mono_ns=2514853161660641 locals:
host_utc=2026-09-30T08:10:33.971+00:00 host_mono_ns=2514853161671041 [02:34:13:969 - 7CFBA75E0640]:   pc: (1357, 278)
host_utc=2026-09-30T08:10:33.971+00:00 host_mono_ns=2514853161681731 Success to dump img for wamr
host_utc=2026-09-30T08:10:33.971+00:00 host_mono_ns=2514853161692331 locals:
host_utc=2026-09-30T08:10:33.971+00:00 host_mono_ns=2514853161702671   types: 1 1 1 1 1 1 2 1
host_utc=2026-09-30T08:10:33.971+00:00 host_mono_ns=2514853161713211   types: 1 1 1 1 1 1 1 1 1 1 1 1 1 1 1 1 1 1 1 1 1 1 1 1 1 1 1 1 1 1 1 1 1 1
host_utc=2026-09-30T08:10:33.971+00:00 host_mono_ns=2514853161724081     stack_pointers: 0 0
host_utc=2026-09-30T08:10:33.971+00:00 host_mono_ns=2514853161734421 
host_utc=2026-09-30T08:10:33.971+00:00 host_mono_ns=2514853161744790     cell_nums: 0 0
host_utc=2026-09-30T08:10:33.971+00:00 host_mono_ns=2514853161755190   values: 14409696 4294967295 73661008 32 73660976 0 14409696 0 14409696 0 0 1 0 0 14409696 14409696 3735928557 3735928557 3735928557 3735928557 0 1 0 0 0 0 0 14409696 4294967295 0 0 0 0 0
host_utc=2026-09-30T08:10:33.971+00:00 host_mono_ns=2514853161766311   values: 67106596 2 67106576 0 1 67106560 18446744073709551615
host_utc=2026-09-30T08:10:33.971+00:00 host_mono_ns=2514853161777061 CallStackEntry: fidx=478, offset=122
host_utc=2026-09-30T08:10:33.971+00:00 host_mono_ns=2514853161787611 value_stack:
host_utc=2026-09-30T08:10:33.971+00:00 host_mono_ns=2514853161797991 locals:
host_utc=2026-09-30T08:10:33.971+00:00 host_mono_ns=2514853161808400 pc:
host_utc=2026-09-30T08:10:33.971+00:00 host_mono_ns=2514853161818750 do_checkpoint_4
host_utc=2026-09-30T08:10:33.971+00:00 host_mono_ns=2514853161829240   pc: (478, 122)
host_utc=2026-09-30T08:10:33.971+00:00 host_mono_ns=2514853161839740 wasm_cluster_increase_checkpointing_counter called 1
host_utc=2026-09-30T08:10:33.971+00:00 host_mono_ns=2514853161850390 value_stack:
host_utc=2026-09-30T08:10:33.971+00:00 host_mono_ns=2514853161860589   types: 1 1 1 2 1
host_utc=2026-09-30T08:10:33.971+00:00 host_mono_ns=2514853161871059   types: 1 1
host_utc=2026-09-30T08:10:33.971+00:00 host_mono_ns=2514853161881408 wasm_cluster_increase_checkpointing_counter called 2
host_utc=2026-09-30T08:10:33.971+00:00 host_mono_ns=2514853161891998   values: 0 0
host_utc=2026-09-30T08:10:33.971+00:00 host_mono_ns=2514853161902498 label stack:
host_utc=2026-09-30T08:10:33.971+00:00 host_mono_ns=2514853161912758   size: 2
host_utc=2026-09-30T08:10:33.971+00:00 host_mono_ns=2514853161923197     targets: 489 4294967295
host_utc=2026-09-30T08:10:33.971+00:00 host_mono_ns=2514853161933727 wasm_cluster_increase_checkpointing_counter called 3
host_utc=2026-09-30T08:10:33.971+00:00 host_mono_ns=2514853161944327 locals:
host_utc=2026-09-30T08:10:33.971+00:00 host_mono_ns=2514853161954677     stack_pointers: 0 0
host_utc=2026-09-30T08:10:33.971+00:00 host_mono_ns=2514853161965257     begins: 0 19
host_utc=2026-09-30T08:10:33.971+00:00 host_mono_ns=2514853161975687   types:
host_utc=2026-09-30T08:10:33.971+00:00 host_mono_ns=2514853161986056   types: 1 1 1 1 1 1 1 1 1 1 1 1 1 1 1 1 1 1
host_utc=2026-09-30T08:10:33.971+00:00 host_mono_ns=2514853162009020 [02:34:13:997 - 7CFBA7629640]:     targets: 234 4294967295
host_utc=2026-09-30T08:10:33.971+00:00 host_mono_ns=2514853162026452   values: 53998848 60552488 53998816 60552432 16 60552416 53998848 12 60552428 60552428 0 4294967295 4294967295 1 1 60552488 0 0
host_utc=2026-09-30T08:10:33.971+00:00 host_mono_ns=2514853162038996     stack_pointers: 0 0
host_utc=2026-09-30T08:10:33.971+00:00 host_mono_ns=2514853162050298 value_stack:
host_utc=2026-09-30T08:10:33.971+00:00 host_mono_ns=2514853162060637     cell_nums: 1 0
host_utc=2026-09-30T08:10:33.971+00:00 host_mono_ns=2514853162071077   types:
host_utc=2026-09-30T08:10:33.971+00:00 host_mono_ns=2514853162081446     cell_nums: 1 0
host_utc=2026-09-30T08:10:33.971+00:00 host_mono_ns=2514853162091806   values:
host_utc=2026-09-30T08:10:33.971+00:00 host_mono_ns=2514853162102226 label stack:
host_utc=2026-09-30T08:10:33.971+00:00 host_mono_ns=2514853162112535 CallStackEntry: fidx=3314, offset=24
host_utc=2026-09-30T08:10:33.971+00:00 host_mono_ns=2514853162123115 Success to dump img for wamr
host_utc=2026-09-30T08:10:33.971+00:00 host_mono_ns=2514853162133545 CallStackEntry: fidx=3322, offset=427
host_utc=2026-09-30T08:10:33.971+00:00 host_mono_ns=2514853162144085 pc:
host_utc=2026-09-30T08:10:33.971+00:00 host_mono_ns=2514853162154434   size: 3
host_utc=2026-09-30T08:10:33.971+00:00 host_mono_ns=2514853162164794   values:
host_utc=2026-09-30T08:10:33.972+00:00 host_mono_ns=2514853162175193 
host_utc=2026-09-30T08:10:33.972+00:00 host_mono_ns=2514853162185613     begins: 0 57 59
host_utc=2026-09-30T08:10:33.972+00:00 host_mono_ns=2514853162196103     targets: 152 4294967295 59
host_utc=2026-09-30T08:10:33.972+00:00 host_mono_ns=2514853162206593     stack_pointers: 0 0 0
host_utc=2026-09-30T08:10:33.972+00:00 host_mono_ns=2514853162217103 label stack:
host_utc=2026-09-30T08:10:33.972+00:00 host_mono_ns=2514853162227452   size: 2
host_utc=2026-09-30T08:10:33.972+00:00 host_mono_ns=2514853162237692 do_checkpoint_4
host_utc=2026-09-30T08:10:33.972+00:00 host_mono_ns=2514853162248071     begins: 0 95
host_utc=2026-09-30T08:10:33.972+00:00 host_mono_ns=2514853162258511 wasm_cluster_increase_checkpointing_counter called 1
host_utc=2026-09-30T08:10:33.972+00:00 host_mono_ns=2514853162269151     cell_nums: 0 0 0
host_utc=2026-09-30T08:10:33.972+00:00 host_mono_ns=2514853162279621 CallStackEntry: fidx=1390, offset=137
host_utc=2026-09-30T08:10:33.972+00:00 host_mono_ns=2514853162290121 wasm_cluster_increase_checkpointing_counter called 2
host_utc=2026-09-30T08:10:33.972+00:00 host_mono_ns=2514853162300781   values: 53997652 128 2 17179827316658798592
host_utc=2026-09-30T08:10:33.972+00:00 host_mono_ns=2514853162311391 wasm_cluster_increase_checkpointing_counter called 3
host_utc=2026-09-30T08:10:33.972+00:00 host_mono_ns=2514853162321971 value_stack:
host_utc=2026-09-30T08:10:33.972+00:00 host_mono_ns=2514853162332330 pc:
host_utc=2026-09-30T08:10:33.972+00:00 host_mono_ns=2514853162342570   types: 1 1 1 1 1 2
host_utc=2026-09-30T08:10:33.972+00:00 host_mono_ns=2514853162353060   pc: (3322, 427)
host_utc=2026-09-30T08:10:33.972+00:00 host_mono_ns=2514853162363409   pc: (1390, 137)
host_utc=2026-09-30T08:10:33.972+00:00 host_mono_ns=2514853162373678 locals:
host_utc=2026-09-30T08:10:33.972+00:00 host_mono_ns=2514853162384048   values: 4294967290 4294967223 0 53997652 2 17179827316658798592
host_utc=2026-09-30T08:10:33.972+00:00 host_mono_ns=2514853162394598   types: 1 1 1 1 1 1 1 1 1 1 1 1 1 1 1 1 1 1 1 1 1
host_utc=2026-09-30T08:10:33.972+00:00 host_mono_ns=2514853162405208 locals:
host_utc=2026-09-30T08:10:33.972+00:00 host_mono_ns=2514853162415518 pc:
host_utc=2026-09-30T08:10:33.972+00:00 host_mono_ns=2514853162425767   types: 1 1 1 1 1 1 1 1 1
host_utc=2026-09-30T08:10:33.972+00:00 host_mono_ns=2514853162436227     targets: 343 4294967295
host_utc=2026-09-30T08:10:33.972+00:00 host_mono_ns=2514853162446676   values: 53998848 60552488 60552416 16 60552400 53998848 60552488 1 1 1 0 0 60552488 53998824 53998824 0 0 0 0 0 0
host_utc=2026-09-30T08:10:33.972+00:00 host_mono_ns=2514853162463979     stack_pointers: 0 0
host_utc=2026-09-30T08:10:33.972+00:00 host_mono_ns=2514853162474649   values: 14408464 14408512 14408440 14408400 2 0 14408420 14408496 1
host_utc=2026-09-30T08:10:33.972+00:00 host_mono_ns=2514853162485480     cell_nums: 1 0
host_utc=2026-09-30T08:10:33.972+00:00 host_mono_ns=2514853162496030 CallStackEntry: fidx=1358, offset=260
host_utc=2026-09-30T08:10:33.972+00:00 host_mono_ns=2514853162506379   pc: (3314, 24)
host_utc=2026-09-30T08:10:33.972+00:00 host_mono_ns=2514853162516819 pc:
host_utc=2026-09-30T08:10:33.972+00:00 host_mono_ns=2514853162527188 locals:
host_utc=2026-09-30T08:10:33.972+00:00 host_mono_ns=2514853162537448   pc: (1358, 260)
host_utc=2026-09-30T08:10:33.972+00:00 host_mono_ns=2514853162547677 locals:
host_utc=2026-09-30T08:10:33.972+00:00 host_mono_ns=2514853162557846   types: 1 1 1 2 1
host_utc=2026-09-30T08:10:33.972+00:00 host_mono_ns=2514853162568276 value_stack:
host_utc=2026-09-30T08:10:33.972+00:00 host_mono_ns=2514853162578556 label stack:
host_utc=2026-09-30T08:10:33.972+00:00 host_mono_ns=2514853162588945   types: 1 1 1 1 1 1 1 1 1 1 1 1 1 1 1 1 1 1 1 1 1 1 1 1 1 1 1 1 1 1 1 1 1 1 1 1 1 1
host_utc=2026-09-30T08:10:33.972+00:00 host_mono_ns=2514853162599675   size: 2
host_utc=2026-09-30T08:10:33.972+00:00 host_mono_ns=2514853162610075   types: 1 1 1 1 1
host_utc=2026-09-30T08:10:33.972+00:00 host_mono_ns=2514853162620405     begins: 0 6
host_utc=2026-09-30T08:10:33.972+00:00 host_mono_ns=2514853162630864   values: 14408420 14408420 14408420 14408420 14408420
host_utc=2026-09-30T08:10:33.972+00:00 host_mono_ns=2514853162641525     targets: 47 4294967295
host_utc=2026-09-30T08:10:33.972+00:00 host_mono_ns=2514853162651934 label stack:
host_utc=2026-09-30T08:10:33.972+00:00 host_mono_ns=2514853162662264   values: 14409696 4294967295 73660976 16 73660960 0 14409696 0 0 0 0 0 1 0 0 0 0 0 4294967295 0 4294967295 4294967295 4294967295 4294967295 1 1 1 4294967295 14409696 12 14409708 4294967295 73660960 0 0 0 0 0
host_utc=2026-09-30T08:10:33.972+00:00 host_mono_ns=2514853162673745     stack_pointers: 0 0
host_utc=2026-09-30T08:10:33.972+00:00 host_mono_ns=2514853162684245 value_stack:
host_utc=2026-09-30T08:10:33.972+00:00 host_mono_ns=2514853162694465     cell_nums: 1 0
host_utc=2026-09-30T08:10:33.972+00:00 host_mono_ns=2514853162704784   types:
host_utc=2026-09-30T08:10:33.972+00:00 host_mono_ns=2514853162715264   values:
host_utc=2026-09-30T08:10:33.972+00:00 host_mono_ns=2514853162725503 label stack:
host_utc=2026-09-30T08:10:33.972+00:00 host_mono_ns=2514853162735823   size: 3
host_utc=2026-09-30T08:10:33.972+00:00 host_mono_ns=2514853162746152     begins: 0 98 149
host_utc=2026-09-30T08:10:33.972+00:00 host_mono_ns=2514853162756682     targets: 324 294 4294967295
host_utc=2026-09-30T08:10:33.972+00:00 host_mono_ns=2514853162767242   size: 2
host_utc=2026-09-30T08:10:33.972+00:00 host_mono_ns=2514853162777471     stack_pointers: 0 0 0
host_utc=2026-09-30T08:10:33.972+00:00 host_mono_ns=2514853162787781     begins: 0 56
host_utc=2026-09-30T08:10:33.972+00:00 host_mono_ns=2514853162798100     cell_nums: 1 0 0
host_utc=2026-09-30T08:10:33.972+00:00 host_mono_ns=2514853162808610     targets: 1233 1219
host_utc=2026-09-30T08:10:33.972+00:00 host_mono_ns=2514853162819040 CallStackEntry: fidx=1378, offset=275
host_utc=2026-09-30T08:10:33.972+00:00 host_mono_ns=2514853162829440 pc:
host_utc=2026-09-30T08:10:33.972+00:00 host_mono_ns=2514853162839729   pc: (1378, 275)
host_utc=2026-09-30T08:10:33.972+00:00 host_mono_ns=2514853162850038 locals:
host_utc=2026-09-30T08:10:33.972+00:00 host_mono_ns=2514853162860478     stack_pointers: 0 0
host_utc=2026-09-30T08:10:33.972+00:00 host_mono_ns=2514853162870838     cell_nums: 1 0
host_utc=2026-09-30T08:10:33.972+00:00 host_mono_ns=2514853162881157 value_stack:
host_utc=2026-09-30T08:10:33.972+00:00 host_mono_ns=2514853162891567 CallStackEntry: fidx=3320, offset=189
host_utc=2026-09-30T08:10:33.972+00:00 host_mono_ns=2514853162901997   types:
host_utc=2026-09-30T08:10:33.972+00:00 host_mono_ns=2514853162919099   values:
host_utc=2026-09-30T08:10:33.972+00:00 host_mono_ns=2514853162929559   values: 67106596 128 2 18446744073709551615
host_utc=2026-09-30T08:10:33.972+00:00 host_mono_ns=2514853162940289   types: 1 1 1 1 1 1 1 1 1 1 1 1 1 1 1 1 1 1 1 1 1 1 1 1 1 1 1 1 1 1 1 1 1 1 1 1 1 1 1 1 1 1 1 1 1 1 1 1 1 1 1 1 1 1 1 1 1 1 1 1 1 1 1 1 1 1 1 1 1 1 1 1 1 1 1 1 1 1 1 1 1 1 1 1 1 1 1 1 1 1 1 1 1 1
host_utc=2026-09-30T08:10:33.972+00:00 host_mono_ns=2514853162951260 value_stack:
host_utc=2026-09-30T08:10:33.972+00:00 host_mono_ns=2514853162961619   types: 1 1 1 1 1 2
host_utc=2026-09-30T08:10:33.972+00:00 host_mono_ns=2514853162972099   values: 4294967290 4294967223 0 67106596 2 18446744073709551615
host_utc=2026-09-30T08:10:33.972+00:00 host_mono_ns=2514853162982639 label stack:
host_utc=2026-09-30T08:10:33.972+00:00 host_mono_ns=2514853162992999   size: 2
host_utc=2026-09-30T08:10:33.972+00:00 host_mono_ns=2514853163010031     begins: 0 6
host_utc=2026-09-30T08:10:33.972+00:00 host_mono_ns=2514853163023957     targets: 47 4294967295
host_utc=2026-09-30T08:10:33.972+00:00 host_mono_ns=2514853163034547     stack_pointers: 0 0
host_utc=2026-09-30T08:10:33.972+00:00 host_mono_ns=2514853163045017 label stack:
host_utc=2026-09-30T08:10:33.972+00:00 host_mono_ns=2514853163055286     cell_nums: 1 0
host_utc=2026-09-30T08:10:33.972+00:00 host_mono_ns=2514853163065786   values: 14409708 4294967295 73660960 73660960 112 73660848 0 24 73660872 73660872 12 73660884 4294967295 14409708 0 14409708 0 1 1 1 14409708 24 73660872 73660872 4294967295 4294967295 4294967295 4294967295 1 1 1 24 73660872 73660872 12 73660884 16 73660900 1294048 0 0 0 0 0 0 0 0 0 0 0 0 0 0 0 0 0 0 0 0 0 0 0 0 0 0 0 0 0 0 0 0 0 0 0 0 0 0 0 0 0 0 0 0 0 0 0 0 0 0 0 0 0 0 0
host_utc=2026-09-30T08:10:33.972+00:00 host_mono_ns=2514853163077488   size: 1
host_utc=2026-09-30T08:10:33.972+00:00 host_mono_ns=2514853163087858 value_stack:
host_utc=2026-09-30T08:10:33.972+00:00 host_mono_ns=2514853163098167 pc:
host_utc=2026-09-30T08:10:33.972+00:00 host_mono_ns=2514853163108527   types:
host_utc=2026-09-30T08:10:33.972+00:00 host_mono_ns=2514853163118936   values:
host_utc=2026-09-30T08:10:33.972+00:00 host_mono_ns=2514853163129176 label stack:
host_utc=2026-09-30T08:10:33.972+00:00 host_mono_ns=2514853163139545   size: 3
host_utc=2026-09-30T08:10:33.972+00:00 host_mono_ns=2514853163149865     begins: 0
host_utc=2026-09-30T08:10:33.972+00:00 host_mono_ns=2514853163160224   pc: (3320, 189)
host_utc=2026-09-30T08:10:33.973+00:00 host_mono_ns=2514853163170584     targets: 213
host_utc=2026-09-30T08:10:33.973+00:00 host_mono_ns=2514853163181134     begins: 0 219 221
host_utc=2026-09-30T08:10:33.973+00:00 host_mono_ns=2514853163191654 locals:
host_utc=2026-09-30T08:10:33.973+00:00 host_mono_ns=2514853163202043   types: 1 1 1 1 1 1 2 1
host_utc=2026-09-30T08:10:33.973+00:00 host_mono_ns=2514853163212533     targets: 708 4294967295 4294967295
host_utc=2026-09-30T08:10:33.973+00:00 host_mono_ns=2514853163223003     stack_pointers: 0 0 0
host_utc=2026-09-30T08:10:33.973+00:00 host_mono_ns=2514853163233343     stack_pointers: 0
host_utc=2026-09-30T08:10:33.973+00:00 host_mono_ns=2514853163243842     cell_nums: 1 0 0
host_utc=2026-09-30T08:10:33.973+00:00 host_mono_ns=2514853163254322   values: 14408420 2 14408400 999992826 1 14408384 4294936483904618496
host_utc=2026-09-30T08:10:33.973+00:00 host_mono_ns=2514853163264912     cell_nums: 0
host_utc=2026-09-30T08:10:33.973+00:00 host_mono_ns=2514853163275332 value_stack:
host_utc=2026-09-30T08:10:33.973+00:00 host_mono_ns=2514853163285661   types: 1 1
host_utc=2026-09-30T08:10:33.973+00:00 host_mono_ns=2514853163295981 CallStackEntry: fidx=3324, offset=6
host_utc=2026-09-30T08:10:33.973+00:00 host_mono_ns=2514853163306581   values: 0 0
host_utc=2026-09-30T08:10:33.973+00:00 host_mono_ns=2514853163317101 CallStackEntry: fidx=1394, offset=59
host_utc=2026-09-30T08:10:33.973+00:00 host_mono_ns=2514853163327721 label stack:
host_utc=2026-09-30T08:10:33.973+00:00 host_mono_ns=2514853163338010   size: 2
host_utc=2026-09-30T08:10:33.973+00:00 host_mono_ns=2514853163354742 pc:
host_utc=2026-09-30T08:10:33.973+00:00 host_mono_ns=2514853163365162   pc: (1394, 59)
host_utc=2026-09-30T08:10:33.973+00:00 host_mono_ns=2514853163375571     begins: 0 19
host_utc=2026-09-30T08:10:33.973+00:00 host_mono_ns=2514853163386031 pc:
host_utc=2026-09-30T08:10:33.973+00:00 host_mono_ns=2514853163396361 locals:
host_utc=2026-09-30T08:10:33.973+00:00 host_mono_ns=2514853163406720     targets: 234 4294967295
host_utc=2026-09-30T08:10:33.973+00:00 host_mono_ns=2514853163417130   types: 1 1 1 1 1 1 1 1 1 1
host_utc=2026-09-30T08:10:33.973+00:00 host_mono_ns=2514853163427530     stack_pointers: 0 0
host_utc=2026-09-30T08:10:33.973+00:00 host_mono_ns=2514853163437859   pc: (3324, 6)
host_utc=2026-09-30T08:10:33.973+00:00 host_mono_ns=2514853163448359   values: 53998848 53998824 60552400 16 60552384 53998848 53998824 0 0 0
host_utc=2026-09-30T08:10:33.973+00:00 host_mono_ns=2514853163459009     cell_nums: 1 0
host_utc=2026-09-30T08:10:33.973+00:00 host_mono_ns=2514853163469328 CallStackEntry: fidx=3314, offset=24
host_utc=2026-09-30T08:10:33.973+00:00 host_mono_ns=2514853163479818 pc:
host_utc=2026-09-30T08:10:33.973+00:00 host_mono_ns=2514853163490108   pc: (3314, 24)
host_utc=2026-09-30T08:10:33.973+00:00 host_mono_ns=2514853163500477 locals:
host_utc=2026-09-30T08:10:33.973+00:00 host_mono_ns=2514853163510817 value_stack:
host_utc=2026-09-30T08:10:33.973+00:00 host_mono_ns=2514853163521146   types:
host_utc=2026-09-30T08:10:33.973+00:00 host_mono_ns=2514853163531456   values:
host_utc=2026-09-30T08:10:33.973+00:00 host_mono_ns=2514853163541825   types: 1 1 1 2 1
host_utc=2026-09-30T08:10:33.973+00:00 host_mono_ns=2514853163552265 label stack:
host_utc=2026-09-30T08:10:33.973+00:00 host_mono_ns=2514853163562575   size: 1
host_utc=2026-09-30T08:10:33.973+00:00 host_mono_ns=2514853163572874   values: 14408420 128 2 4294936483904618496
host_utc=2026-09-30T08:10:33.973+00:00 host_mono_ns=2514853163583414     begins: 0
host_utc=2026-09-30T08:10:33.973+00:00 host_mono_ns=2514853163593814 value_stack:
host_utc=2026-09-30T08:10:33.973+00:00 host_mono_ns=2514853163604023   types: 1 1 1 1 1 2
host_utc=2026-09-30T08:10:33.973+00:00 host_mono_ns=2514853163614463     targets: 89
host_utc=2026-09-30T08:10:33.973+00:00 host_mono_ns=2514853163624892   values: 4294967290 4294967223 0 14408420 2 4294936483904618496
host_utc=2026-09-30T08:10:33.973+00:00 host_mono_ns=2514853163635543     stack_pointers: 0
host_utc=2026-09-30T08:10:33.973+00:00 host_mono_ns=2514853163646022 locals:
host_utc=2026-09-30T08:10:33.973+00:00 host_mono_ns=2514853163656352   types: 1 1
host_utc=2026-09-30T08:10:33.973+00:00 host_mono_ns=2514853163666812   values: 73660900 1294048
host_utc=2026-09-30T08:10:33.973+00:00 host_mono_ns=2514853163677191 value_stack:
host_utc=2026-09-30T08:10:33.973+00:00 host_mono_ns=2514853163687521   types:
host_utc=2026-09-30T08:10:33.973+00:00 host_mono_ns=2514853163697900   values:
host_utc=2026-09-30T08:10:33.973+00:00 host_mono_ns=2514853163708240 label stack:
host_utc=2026-09-30T08:10:33.973+00:00 host_mono_ns=2514853163718539   size: 1
host_utc=2026-09-30T08:10:33.973+00:00 host_mono_ns=2514853163728839     begins: 0
host_utc=2026-09-30T08:10:33.973+00:00 host_mono_ns=2514853163739158     targets: 12
host_utc=2026-09-30T08:10:33.973+00:00 host_mono_ns=2514853163749518     stack_pointers: 0
host_utc=2026-09-30T08:10:33.973+00:00 host_mono_ns=2514853163759887     cell_nums: 1
host_utc=2026-09-30T08:10:33.973+00:00 host_mono_ns=2514853163770257 CallStackEntry: fidx=3322, offset=427
host_utc=2026-09-30T08:10:33.973+00:00 host_mono_ns=2514853163780777 pc:
host_utc=2026-09-30T08:10:33.973+00:00 host_mono_ns=2514853163791076   pc: (3322, 427)
host_utc=2026-09-30T08:10:33.973+00:00 host_mono_ns=2514853163801406 locals:
host_utc=2026-09-30T08:10:33.973+00:00 host_mono_ns=2514853163811605   types: 1 1 1 1 1 1 1 1 1
host_utc=2026-09-30T08:10:33.973+00:00 host_mono_ns=2514853163821965   values: 73660900 1294048 0 73660816 2 0 73660836 73660932 1
host_utc=2026-09-30T08:10:33.973+00:00 host_mono_ns=2514853163838716 value_stack:
host_utc=2026-09-30T08:10:33.973+00:00 host_mono_ns=2514853163849176   types: 1 1 1 1 1
host_utc=2026-09-30T08:10:33.973+00:00 host_mono_ns=2514853163859716   values: 73660836 73660836 73660836 73660836 73660836
host_utc=2026-09-30T08:10:33.973+00:00 host_mono_ns=2514853163870296 label stack:
host_utc=2026-09-30T08:10:33.973+00:00 host_mono_ns=2514853163880656   size: 2
host_utc=2026-09-30T08:10:33.973+00:00 host_mono_ns=2514853163890955     begins: 0 56
host_utc=2026-09-30T08:10:33.973+00:00 host_mono_ns=2514853163901265     targets: 1233 4294967295
host_utc=2026-09-30T08:10:33.973+00:00 host_mono_ns=2514853163911694     stack_pointers: 0 0
host_utc=2026-09-30T08:10:33.973+00:00 host_mono_ns=2514853163922084     cell_nums: 1 0
host_utc=2026-09-30T08:10:33.973+00:00 host_mono_ns=2514853163932393 CallStackEntry: fidx=3320, offset=189
host_utc=2026-09-30T08:10:33.973+00:00 host_mono_ns=2514853163942863 pc:
host_utc=2026-09-30T08:10:33.973+00:00 host_mono_ns=2514853163953263   pc: (3320, 189)
host_utc=2026-09-30T08:10:33.973+00:00 host_mono_ns=2514853163963552 locals:
host_utc=2026-09-30T08:10:33.973+00:00 host_mono_ns=2514853163973842   types: 1 1 1 1 1 1 2 1
host_utc=2026-09-30T08:10:33.973+00:00 host_mono_ns=2514853163984402   values: 73660836 2 73660816 0 1 73660800 18446744073709551615
host_utc=2026-09-30T08:10:33.973+00:00 host_mono_ns=2514853163995042 value_stack:
host_utc=2026-09-30T08:10:33.973+00:00 host_mono_ns=2514853164013647   types: 1 1
host_utc=2026-09-30T08:10:33.973+00:00 host_mono_ns=2514853164027413   values: 0 0
host_utc=2026-09-30T08:10:33.973+00:00 host_mono_ns=2514853164037903 label stack:
host_utc=2026-09-30T08:10:33.973+00:00 host_mono_ns=2514853164048212   size: 2
host_utc=2026-09-30T08:10:33.973+00:00 host_mono_ns=2514853164058512     begins: 0 19
host_utc=2026-09-30T08:10:33.973+00:00 host_mono_ns=2514853164068871     targets: 234 4294967295
host_utc=2026-09-30T08:10:33.973+00:00 host_mono_ns=2514853164079341     cell_nums: 1
host_utc=2026-09-30T08:10:33.973+00:00 host_mono_ns=2514853164089711     stack_pointers: 0 0
host_utc=2026-09-30T08:10:33.973+00:00 host_mono_ns=2514853164100100     cell_nums: 1 0
host_utc=2026-09-30T08:10:33.973+00:00 host_mono_ns=2514853164110560 CallStackEntry: fidx=3324, offset=6
host_utc=2026-09-30T08:10:33.973+00:00 host_mono_ns=2514853164121130 CallStackEntry: fidx=3314, offset=24
host_utc=2026-09-30T08:10:33.973+00:00 host_mono_ns=2514853164131690 pc:
host_utc=2026-09-30T08:10:33.973+00:00 host_mono_ns=2514853164142029   pc: (3324, 6)
host_utc=2026-09-30T08:10:33.973+00:00 host_mono_ns=2514853164152439 locals:
host_utc=2026-09-30T08:10:33.973+00:00 host_mono_ns=2514853164162719 pc:
host_utc=2026-09-30T08:10:33.974+00:00 host_mono_ns=2514853164172988   types: 1 1
host_utc=2026-09-30T08:10:33.974+00:00 host_mono_ns=2514853164183337 label stack:
host_utc=2026-09-30T08:10:33.974+00:00 host_mono_ns=2514853164193687   pc: (3314, 24)
host_utc=2026-09-30T08:10:33.974+00:00 host_mono_ns=2514853164204107   size: 2
host_utc=2026-09-30T08:10:33.974+00:00 host_mono_ns=2514853164214456 locals:
host_utc=2026-09-30T08:10:33.974+00:00 host_mono_ns=2514853164224716   types: 1 1 1 2 1
host_utc=2026-09-30T08:10:33.974+00:00 host_mono_ns=2514853164235165   values: 53998848 53998824
host_utc=2026-09-30T08:10:33.974+00:00 host_mono_ns=2514853164245645   values: 73660836 128 2 18446744073709551615
host_utc=2026-09-30T08:10:33.974+00:00 host_mono_ns=2514853164256235 value_stack:
host_utc=2026-09-30T08:10:33.974+00:00 host_mono_ns=2514853164266645 value_stack:
host_utc=2026-09-30T08:10:33.974+00:00 host_mono_ns=2514853164276924   types: 1 1 1 1 1 2
host_utc=2026-09-30T08:10:33.974+00:00 host_mono_ns=2514853164287314     begins: 0 6
host_utc=2026-09-30T08:10:33.974+00:00 host_mono_ns=2514853164297734   values: 4294967290 4294967223 0 73660836 2 18446744073709551615
host_utc=2026-09-30T08:10:33.974+00:00 host_mono_ns=2514853164308364     targets: 47 4294967295
host_utc=2026-09-30T08:10:33.974+00:00 host_mono_ns=2514853164318833     stack_pointers: 0 0
host_utc=2026-09-30T08:10:33.974+00:00 host_mono_ns=2514853164341055     cell_nums: 1 0
host_utc=2026-09-30T08:10:33.974+00:00 host_mono_ns=2514853164351635 label stack:
host_utc=2026-09-30T08:10:33.974+00:00 host_mono_ns=2514853164362145   size: 2
host_utc=2026-09-30T08:10:33.974+00:00 host_mono_ns=2514853164372505     begins: 0 6
host_utc=2026-09-30T08:10:33.974+00:00 host_mono_ns=2514853164382905     targets: 47 4294967295
host_utc=2026-09-30T08:10:33.974+00:00 host_mono_ns=2514853164393334     stack_pointers: 0 0
host_utc=2026-09-30T08:10:33.974+00:00 host_mono_ns=2514853164403734     cell_nums: 1 0
host_utc=2026-09-30T08:10:33.974+00:00 host_mono_ns=2514853164413963   types:
host_utc=2026-09-30T08:10:33.974+00:00 host_mono_ns=2514853164424413   values:
host_utc=2026-09-30T08:10:33.974+00:00 host_mono_ns=2514853164434702 label stack:
host_utc=2026-09-30T08:10:33.974+00:00 host_mono_ns=2514853164444942   size: 1
host_utc=2026-09-30T08:10:33.974+00:00 host_mono_ns=2514853164455221     begins: 0
host_utc=2026-09-30T08:10:33.974+00:00 host_mono_ns=2514853164465551     targets: 12
host_utc=2026-09-30T08:10:33.974+00:00 host_mono_ns=2514853164475890     stack_pointers: 0
host_utc=2026-09-30T08:10:33.974+00:00 host_mono_ns=2514853164486250     cell_nums: 1
host_utc=2026-09-30T08:10:33.974+00:00 host_mono_ns=2514853164496699 CallStackEntry: fidx=3322, offset=427
host_utc=2026-09-30T08:10:33.974+00:00 host_mono_ns=2514853164507179 pc:
host_utc=2026-09-30T08:10:33.974+00:00 host_mono_ns=2514853164517559   pc: (3322, 427)
host_utc=2026-09-30T08:10:33.974+00:00 host_mono_ns=2514853164527878 locals:
host_utc=2026-09-30T08:10:33.974+00:00 host_mono_ns=2514853164538168   types: 1 1 1 1 1 1 1 1 1
host_utc=2026-09-30T08:10:33.974+00:00 host_mono_ns=2514853164548638   values: 53998848 53998824 0 60552352 2 0 60552372 53998880 1
host_utc=2026-09-30T08:10:33.974+00:00 host_mono_ns=2514853164559147 value_stack:
host_utc=2026-09-30T08:10:33.974+00:00 host_mono_ns=2514853164569397   types: 1 1 1 1 1
host_utc=2026-09-30T08:10:33.974+00:00 host_mono_ns=2514853164590236   values: 60552372 60552372 60552372 60552372 60552372
host_utc=2026-09-30T08:10:33.974+00:00 host_mono_ns=2514853164601377 label stack:
host_utc=2026-09-30T08:10:33.974+00:00 host_mono_ns=2514853164611777   size: 2
host_utc=2026-09-30T08:10:33.974+00:00 host_mono_ns=2514853164622016     begins: 0 56
host_utc=2026-09-30T08:10:33.974+00:00 host_mono_ns=2514853164632356     targets: 1233 4294967295
host_utc=2026-09-30T08:10:33.974+00:00 host_mono_ns=2514853164642775     stack_pointers: 0 0
host_utc=2026-09-30T08:10:33.974+00:00 host_mono_ns=2514853164653155     cell_nums: 1 0
host_utc=2026-09-30T08:10:33.974+00:00 host_mono_ns=2514853164663445 CallStackEntry: fidx=3320, offset=189
host_utc=2026-09-30T08:10:33.974+00:00 host_mono_ns=2514853164673804 pc:
host_utc=2026-09-30T08:10:33.974+00:00 host_mono_ns=2514853164684124   pc: (3320, 189)
host_utc=2026-09-30T08:10:33.974+00:00 host_mono_ns=2514853164694443 locals:
host_utc=2026-09-30T08:10:33.974+00:00 host_mono_ns=2514853164704813   types: 1 1 1 1 1 1 2 1
host_utc=2026-09-30T08:10:33.974+00:00 host_mono_ns=2514853164715383   values: 60552372 2 60552352 0 1 60552336 18446744073709551615
host_utc=2026-09-30T08:10:33.974+00:00 host_mono_ns=2514853164725953 value_stack:
host_utc=2026-09-30T08:10:33.974+00:00 host_mono_ns=2514853164736252   types: 1 1
host_utc=2026-09-30T08:10:33.974+00:00 host_mono_ns=2514853164746602   values: 0 0
host_utc=2026-09-30T08:10:33.974+00:00 host_mono_ns=2514853164757041 label stack:
host_utc=2026-09-30T08:10:33.974+00:00 host_mono_ns=2514853164767221   size: 2
host_utc=2026-09-30T08:10:33.974+00:00 host_mono_ns=2514853164777460     begins: 0 19
host_utc=2026-09-30T08:10:33.974+00:00 host_mono_ns=2514853164787820     targets: 234 4294967295
host_utc=2026-09-30T08:10:33.974+00:00 host_mono_ns=2514853164798279     stack_pointers: 0 0
host_utc=2026-09-30T08:10:33.974+00:00 host_mono_ns=2514853164808689     cell_nums: 1 0
host_utc=2026-09-30T08:10:33.974+00:00 host_mono_ns=2514853164819079 CallStackEntry: fidx=3314, offset=24
host_utc=2026-09-30T08:10:33.974+00:00 host_mono_ns=2514853164836181 pc:
host_utc=2026-09-30T08:10:33.974+00:00 host_mono_ns=2514853164846691   pc: (3314, 24)
host_utc=2026-09-30T08:10:33.974+00:00 host_mono_ns=2514853164857090 locals:
host_utc=2026-09-30T08:10:33.974+00:00 host_mono_ns=2514853164867440   types: 1 1 1 2 1
host_utc=2026-09-30T08:10:33.974+00:00 host_mono_ns=2514853164877810   values: 60552372 128 2 18446744073709551615
host_utc=2026-09-30T08:10:33.974+00:00 host_mono_ns=2514853164888510 value_stack:
host_utc=2026-09-30T08:10:33.974+00:00 host_mono_ns=2514853164898879   types: 1 1 1 1 1 2
host_utc=2026-09-30T08:10:33.974+00:00 host_mono_ns=2514853164909299   values: 4294967290 4294967223 0 60552372 2 18446744073709551615
host_utc=2026-09-30T08:10:33.974+00:00 host_mono_ns=2514853164919849 label stack:
host_utc=2026-09-30T08:10:33.974+00:00 host_mono_ns=2514853164930219   size: 2
host_utc=2026-09-30T08:10:33.974+00:00 host_mono_ns=2514853164940458     begins: 0 6
host_utc=2026-09-30T08:10:33.974+00:00 host_mono_ns=2514853164950787     targets: 47 4294967295
host_utc=2026-09-30T08:10:33.974+00:00 host_mono_ns=2514853164961187     stack_pointers: 0 0
host_utc=2026-09-30T08:10:33.974+00:00 host_mono_ns=2514853164971517     cell_nums: 1 0
host_utc=2026-09-30T08:10:33.974+00:00 host_mono_ns=2514853164981876 [2026-09-30 08:10:33.951] [info] Success to dump frame stack
host_utc=2026-09-30T08:10:33.974+00:00 host_mono_ns=2514853164992636 
host_utc=2026-09-30T08:10:33.974+00:00 host_mono_ns=2514853165022633 [2026-09-30 08:10:33.951] [info] Success to dump frame stack
host_utc=2026-09-30T08:10:33.974+00:00 host_mono_ns=2514853165036880 
host_utc=2026-09-30T08:10:33.974+00:00 host_mono_ns=2514853165047300 [2026-09-30 08:10:33.951] [info] Success to dump frame stack
host_utc=2026-09-30T08:10:33.974+00:00 host_mono_ns=2514853165057950 
host_utc=2026-09-30T08:10:33.974+00:00 host_mono_ns=2514853165068159 [2026-09-30 08:10:33.951] [info] Success to dump frame stack
host_utc=2026-09-30T08:10:33.974+00:00 host_mono_ns=2514853165078569 
host_utc=2026-09-30T08:10:33.974+00:00 host_mono_ns=2514853165088788 [02:34:13:338 - 7CFBA754C640]: Success to dump img for wamr
host_utc=2026-09-30T08:10:33.974+00:00 host_mono_ns=2514853165099448 
host_utc=2026-09-30T08:10:33.974+00:00 host_mono_ns=2514853165109708 do_checkpoint_4
host_utc=2026-09-30T08:10:33.974+00:00 host_mono_ns=2514853165120127 wasm_cluster_increase_checkpointing_counter called 1
host_utc=2026-09-30T08:10:33.974+00:00 host_mono_ns=2514853165130868 wasm_cluster_increase_checkpointing_counter called 2
host_utc=2026-09-30T08:10:33.974+00:00 host_mono_ns=2514853165141548 wasm_cluster_increase_checkpointing_counter called 3
host_utc=2026-09-30T08:10:33.974+00:00 host_mono_ns=2514853165152118 [2026-09-30 08:10:33.951] [info] Success to dump frame stack
host_utc=2026-09-30T08:10:33.974+00:00 host_mono_ns=2514853165162568 
host_utc=2026-09-30T08:10:34.759+00:00 host_mono_ns=2514853949871502 memory, 815914241
host_utc=2026-09-30T08:10:34.759+00:00 host_mono_ns=2514853949917008 global, 61817
host_utc=2026-09-30T08:10:34.759+00:00 host_mono_ns=2514853949926596 program counter, 34205
host_utc=2026-09-30T08:10:34.759+00:00 host_mono_ns=2514853949934742 [02:34:13:418 - 7CFBA74B8640]: Success to dump img for wamr
host_utc=2026-09-30T08:10:34.759+00:00 host_mono_ns=2514853949943388 
host_utc=2026-09-30T08:10:34.759+00:00 host_mono_ns=2514853949950952 do_checkpoint_4
host_utc=2026-09-30T08:10:34.759+00:00 host_mono_ns=2514853949958567 wasm_cluster_increase_checkpointing_counter called 1
host_utc=2026-09-30T08:10:34.759+00:00 host_mono_ns=2514853949966712 wasm_cluster_increase_checkpointing_counter called 2
host_utc=2026-09-30T08:10:34.759+00:00 host_mono_ns=2514853949974387 wasm_cluster_increase_checkpointing_counter called 3
host_utc=2026-09-30T08:10:34.759+00:00 host_mono_ns=2514853949981430 [02:34:13:445 - 7CFBA7704640]: Success to dump img for wamr
host_utc=2026-09-30T08:10:34.759+00:00 host_mono_ns=2514853949988674 
host_utc=2026-09-30T08:10:34.759+00:00 host_mono_ns=2514853950020063 do_checkpoint_4
host_utc=2026-09-30T08:10:34.759+00:00 host_mono_ns=2514853950030513 wasm_cluster_increase_checkpointing_counter called 1
host_utc=2026-09-30T08:10:34.759+00:00 host_mono_ns=2514853950038187 wasm_cluster_increase_checkpointing_counter called 2
host_utc=2026-09-30T08:10:34.759+00:00 host_mono_ns=2514853950045561 wasm_cluster_increase_checkpointing_counter called 3
host_utc=2026-09-30T08:10:34.759+00:00 host_mono_ns=2514853950052765 [02:34:13:473 - 7CFBA746E640]: Success to dump img for wamr
host_utc=2026-09-30T08:10:34.759+00:00 host_mono_ns=2514853950059778 
host_utc=2026-09-30T08:10:34.759+00:00 host_mono_ns=2514853950066841 do_checkpoint_4
host_utc=2026-09-30T08:10:34.759+00:00 host_mono_ns=2514853950072121 wasm_cluster_increase_checkpointing_counter called 1
host_utc=2026-09-30T08:10:34.759+00:00 host_mono_ns=2514853950077241 wasm_cluster_increase_checkpointing_counter called 2
host_utc=2026-09-30T08:10:34.759+00:00 host_mono_ns=2514853950082411 wasm_cluster_increase_checkpointing_counter called 3
host_utc=2026-09-30T08:10:34.759+00:00 host_mono_ns=2514853950087420 [02:34:13:502 - 7CFBA7502640]: Success to dump img for wamr
host_utc=2026-09-30T08:10:34.759+00:00 host_mono_ns=2514853950092430 
host_utc=2026-09-30T08:10:34.759+00:00 host_mono_ns=2514853950098621 do_checkpoint_4
host_utc=2026-09-30T08:10:34.759+00:00 host_mono_ns=2514853950105655 wasm_cluster_increase_checkpointing_counter called 1
host_utc=2026-09-30T08:10:34.759+00:00 host_mono_ns=2514853950111275 wasm_cluster_increase_checkpointing_counter called 2
host_utc=2026-09-30T08:10:34.759+00:00 host_mono_ns=2514853950116375 wasm_cluster_increase_checkpointing_counter called 3
host_utc=2026-09-30T08:10:34.759+00:00 host_mono_ns=2514853950121795 Stack: [ 11 10 9 8 7 6 5 3 2 1 0 ]
host_utc=2026-09-30T08:10:34.759+00:00 host_mono_ns=2514853950127035 Stack: [ 2 1 1 1 1 1 1 2 1 1 1 ]
host_utc=2026-09-30T08:10:34.759+00:00 host_mono_ns=2514853950132325 [2026-09-30 08:10:34.759] [info] stack_count=11, stack_size=13
host_utc=2026-09-30T08:10:34.759+00:00 host_mono_ns=2514853950139168 
host_utc=2026-09-30T08:10:34.759+00:00 host_mono_ns=2514853950145961 [2026-09-30 08:10:34.759] [info] local_count=5, local_size=6
host_utc=2026-09-30T08:10:34.759+00:00 host_mono_ns=2514853950151341 
host_utc=2026-09-30T08:10:34.759+00:00 host_mono_ns=2514853950156280 [2026-09-30 08:10:34.759] [info] locals: {count=5, size=6}
host_utc=2026-09-30T08:10:34.759+00:00 host_mono_ns=2514853950161420 
host_utc=2026-09-30T08:10:34.760+00:00 host_mono_ns=2514853950166339 [2026-09-30 08:10:34.759] [info] value_stack: {count=6, size=7}
host_utc=2026-09-30T08:10:34.760+00:00 host_mono_ns=2514853950172160 
host_utc=2026-09-30T08:10:34.760+00:00 host_mono_ns=2514853950177120 Stack: [ 10 9 8 6 5 4 3 2 1 0 ]
host_utc=2026-09-30T08:10:34.760+00:00 host_mono_ns=2514853950182310 Stack: [ 1 1 1 2 1 1 1 1 1 1 ]
host_utc=2026-09-30T08:10:34.760+00:00 host_mono_ns=2514853950187319 [2026-09-30 08:10:34.759] [info] stack_count=10, stack_size=11
host_utc=2026-09-30T08:10:34.760+00:00 host_mono_ns=2514853950192409 
host_utc=2026-09-30T08:10:34.760+00:00 host_mono_ns=2514853950197288 [2026-09-30 08:10:34.759] [info] local_count=8, local_size=9
host_utc=2026-09-30T08:10:34.760+00:00 host_mono_ns=2514853950202357 
host_utc=2026-09-30T08:10:34.760+00:00 host_mono_ns=2514853950207287 [2026-09-30 08:10:34.759] [info] locals: {count=8, size=9}
host_utc=2026-09-30T08:10:34.760+00:00 host_mono_ns=2514853950212316 
host_utc=2026-09-30T08:10:34.760+00:00 host_mono_ns=2514853950217195 [2026-09-30 08:10:34.759] [info] value_stack: {count=2, size=2}
host_utc=2026-09-30T08:10:34.760+00:00 host_mono_ns=2514853950222325 
host_utc=2026-09-30T08:10:34.760+00:00 host_mono_ns=2514853950227214 Stack: [ 9 9 9 9 9 8 7 6 5 4 3 2 1 0 ]
host_utc=2026-09-30T08:10:34.760+00:00 host_mono_ns=2514853950232224 Stack: [ 1 1 1 1 1 1 1 1 1 1 1 1 1 1 ]
host_utc=2026-09-30T08:10:34.760+00:00 host_mono_ns=2514853950237213 [2026-09-30 08:10:34.759] [info] stack_count=14, stack_size=14
host_utc=2026-09-30T08:10:34.760+00:00 host_mono_ns=2514853950247182 
host_utc=2026-09-30T08:10:34.760+00:00 host_mono_ns=2514853950252131 [2026-09-30 08:10:34.759] [info] local_count=9, local_size=9
host_utc=2026-09-30T08:10:34.760+00:00 host_mono_ns=2514853950257151 
host_utc=2026-09-30T08:10:34.760+00:00 host_mono_ns=2514853950262050 [2026-09-30 08:10:34.759] [info] locals: {count=9, size=9}
host_utc=2026-09-30T08:10:34.760+00:00 host_mono_ns=2514853950267040 
host_utc=2026-09-30T08:10:34.760+00:00 host_mono_ns=2514853950271909 [2026-09-30 08:10:34.759] [info] value_stack: {count=5, size=5}
host_utc=2026-09-30T08:10:34.760+00:00 host_mono_ns=2514853950276978 
host_utc=2026-09-30T08:10:34.760+00:00 host_mono_ns=2514853950300493 Stack: [ 63 63 63 62 61 60 59 58 57 56 55 54 53 52 51 50 49 48 47 46 45 44 43 42 41 40 39 38 37 36 35 34 33 32 31 30 29 28 27 26 25 24 23 22 21 20 19 18 17 16 15 14 13 12 11 10 9 8 7 6 5 4 3 2 1 0 ]
host_utc=2026-09-30T08:10:34.760+00:00 host_mono_ns=2514853950307175 Stack: [ 1 1 1 1 1 1 1 1 1 1 1 1 1 1 1 1 1 1 1 1 1 1 1 1 1 1 1 1 1 1 1 1 1 1 1 1 1 1 1 1 1 1 1 1 1 1 1 1 1 1 1 1 1 1 1 1 1 1 1 1 1 1 1 1 1 1 ]
host_utc=2026-09-30T08:10:34.760+00:00 host_mono_ns=2514853950313067 [2026-09-30 08:10:34.759] [info] stack_count=66, stack_size=66
host_utc=2026-09-30T08:10:34.760+00:00 host_mono_ns=2514853950318116 
host_utc=2026-09-30T08:10:34.760+00:00 host_mono_ns=2514853950323045 [2026-09-30 08:10:34.759] [info] local_count=63, local_size=63
host_utc=2026-09-30T08:10:34.760+00:00 host_mono_ns=2514853950328015 
host_utc=2026-09-30T08:10:34.760+00:00 host_mono_ns=2514853950332884 [2026-09-30 08:10:34.759] [info] locals: {count=63, size=63}
host_utc=2026-09-30T08:10:34.760+00:00 host_mono_ns=2514853950337954 
host_utc=2026-09-30T08:10:34.760+00:00 host_mono_ns=2514853950342793 [2026-09-30 08:10:34.759] [info] value_stack: {count=3, size=3}
host_utc=2026-09-30T08:10:34.760+00:00 host_mono_ns=2514853950347822 
host_utc=2026-09-30T08:10:34.760+00:00 host_mono_ns=2514853950352701 Stack: [ 18 17 16 15 14 13 12 11 10 9 8 7 6 5 4 3 2 1 0 ]
host_utc=2026-09-30T08:10:34.760+00:00 host_mono_ns=2514853950357931 Stack: [ 1 1 1 1 1 1 1 1 1 1 1 1 1 1 1 1 1 1 1 ]
host_utc=2026-09-30T08:10:34.760+00:00 host_mono_ns=2514853950363061 [2026-09-30 08:10:34.759] [info] stack_count=19, stack_size=19
host_utc=2026-09-30T08:10:34.760+00:00 host_mono_ns=2514853950368040 
host_utc=2026-09-30T08:10:34.760+00:00 host_mono_ns=2514853950372860 [2026-09-30 08:10:34.759] [info] local_count=19, local_size=19
host_utc=2026-09-30T08:10:34.760+00:00 host_mono_ns=2514853950377839 
host_utc=2026-09-30T08:10:34.760+00:00 host_mono_ns=2514853950382668 [2026-09-30 08:10:34.759] [info] locals: {count=19, size=19}
host_utc=2026-09-30T08:10:34.760+00:00 host_mono_ns=2514853950387688 
host_utc=2026-09-30T08:10:34.760+00:00 host_mono_ns=2514853950392547 [2026-09-30 08:10:34.759] [info] value_stack: {count=0, size=0}
host_utc=2026-09-30T08:10:34.760+00:00 host_mono_ns=2514853950397556 
host_utc=2026-09-30T08:10:34.760+00:00 host_mono_ns=2514853950402756 Stack: [ 147 147 147 147 147 147 147 147 147 147 147 147 147 147 147 147 147 147 147 147 147 147 146 145 144 143 142 141 140 139 138 137 136 135 134 133 132 131 130 129 128 127 126 125 124 123 122 121 120 119 118 117 116 115 114 113 112 111 110 109 108 107 106 105 104 103 102 101 100 98 97 96 95 94 93 92 91 90 89 88 87 86 85 84 83 82 81 80 79 78 77 76 75 74 73 72 71 70 69 68 67 66 65 64 63 62 61 60 59 58 57 56 55 54 53 52 51 50 49 48 47 46 45 44 43 42 41 40 39 38 37 36 35 34 33 32 31 30 29 28 27 26 25 24 23 22 21 20 19 18 17 16 15 14 13 12 11 10 9 8 7 6 5 4 3 2 1 0 ]
host_utc=2026-09-30T08:10:34.760+00:00 host_mono_ns=2514853950409759 Stack: [ 1 1 1 1 1 1 1 1 1 1 1 1 1 1 1 1 1 1 1 1 1 1 1 1 1 1 1 1 1 1 1 1 1 1 1 1 1 1 1 1 1 1 1 1 1 1 1 1 1 1 1 1 1 1 1 1 1 1 1 1 1 1 1 1 1 1 1 1 1 2 1 1 1 1 1 1 1 1 1 1 1 1 1 1 1 1 1 1 1 1 1 1 1 1 1 1 1 1 1 1 1 1 1 1 1 1 1 1 1 1 1 1 1 1 1 1 1 1 1 1 1 1 1 1 1 1 1 1 1 1 1 1 1 1 1 1 1 1 1 1 1 1 1 1 1 1 1 1 1 1 1 1 1 1 1 1 1 1 1 1 1 1 1 1 1 1 1 1 ]
host_utc=2026-09-30T08:10:34.760+00:00 host_mono_ns=2514853950424197 [2026-09-30 08:10:34.759] [info] stack_count=168, stack_size=169
host_utc=2026-09-30T08:10:34.760+00:00 host_mono_ns=2514853950429517 
host_utc=2026-09-30T08:10:34.760+00:00 host_mono_ns=2514853950435117 [2026-09-30 08:10:34.759] [info] local_count=146, local_size=147
host_utc=2026-09-30T08:10:34.760+00:00 host_mono_ns=2514853950440167 
host_utc=2026-09-30T08:10:34.760+00:00 host_mono_ns=2514853950445026 [2026-09-30 08:10:34.759] [info] locals: {count=146, size=147}
host_utc=2026-09-30T08:10:34.760+00:00 host_mono_ns=2514853950450105 
host_utc=2026-09-30T08:10:34.760+00:00 host_mono_ns=2514853950454965 [2026-09-30 08:10:34.759] [info] value_stack: {count=22, size=22}
host_utc=2026-09-30T08:10:34.760+00:00 host_mono_ns=2514853950460144 
host_utc=2026-09-30T08:10:34.760+00:00 host_mono_ns=2514853950465224 Stack: [ 2 1 0 ]
host_utc=2026-09-30T08:10:34.760+00:00 host_mono_ns=2514853950470234 Stack: [ 1 1 1 ]
host_utc=2026-09-30T08:10:34.760+00:00 host_mono_ns=2514853950475193 [2026-09-30 08:10:34.759] [info] stack_count=3, stack_size=3
host_utc=2026-09-30T08:10:34.760+00:00 host_mono_ns=2514853950480303 
host_utc=2026-09-30T08:10:34.760+00:00 host_mono_ns=2514853950485222 [2026-09-30 08:10:34.759] [info] local_count=3, local_size=3
host_utc=2026-09-30T08:10:34.760+00:00 host_mono_ns=2514853950490291 
host_utc=2026-09-30T08:10:34.760+00:00 host_mono_ns=2514853950495191 [2026-09-30 08:10:34.759] [info] locals: {count=3, size=3}
host_utc=2026-09-30T08:10:34.760+00:00 host_mono_ns=2514853950500260 
host_utc=2026-09-30T08:10:34.760+00:00 host_mono_ns=2514853950505149 [2026-09-30 08:10:34.759] [info] value_stack: {count=0, size=0}
host_utc=2026-09-30T08:10:34.760+00:00 host_mono_ns=2514853950510199 
host_utc=2026-09-30T08:10:34.760+00:00 host_mono_ns=2514853950515078 Stack: [ 0 ]
host_utc=2026-09-30T08:10:34.760+00:00 host_mono_ns=2514853950520068 Stack: [ 1 ]
host_utc=2026-09-30T08:10:34.760+00:00 host_mono_ns=2514853950525057 [2026-09-30 08:10:34.759] [info] stack_count=1, stack_size=1
host_utc=2026-09-30T08:10:34.760+00:00 host_mono_ns=2514853950530097 
host_utc=2026-09-30T08:10:34.760+00:00 host_mono_ns=2514853950534986 [2026-09-30 08:10:34.759] [info] local_count=1, local_size=1
host_utc=2026-09-30T08:10:34.760+00:00 host_mono_ns=2514853950539975 
host_utc=2026-09-30T08:10:34.760+00:00 host_mono_ns=2514853950544854 [2026-09-30 08:10:34.759] [info] locals: {count=1, size=1}
host_utc=2026-09-30T08:10:34.760+00:00 host_mono_ns=2514853950549854 
host_utc=2026-09-30T08:10:34.760+00:00 host_mono_ns=2514853950554703 [2026-09-30 08:10:34.759] [info] value_stack: {count=0, size=0}
host_utc=2026-09-30T08:10:34.760+00:00 host_mono_ns=2514853950559743 
host_utc=2026-09-30T08:10:34.760+00:00 host_mono_ns=2514853950564642 call_stack size: 8
host_utc=2026-09-30T08:10:34.760+00:00 host_mono_ns=2514853950569772 CallStackEntry: fidx=46, offset=39
host_utc=2026-09-30T08:10:34.760+00:00 host_mono_ns=2514853950575142 pc:
host_utc=2026-09-30T08:10:34.760+00:00 host_mono_ns=2514853950580281   pc: (46, 39)
host_utc=2026-09-30T08:10:34.760+00:00 host_mono_ns=2514853950585281 locals:
host_utc=2026-09-30T08:10:34.760+00:00 host_mono_ns=2514853950590401   types: 1
host_utc=2026-09-30T08:10:34.760+00:00 host_mono_ns=2514853950595490   values: 0
host_utc=2026-09-30T08:10:34.760+00:00 host_mono_ns=2514853950600460 value_stack:
host_utc=2026-09-30T08:10:34.760+00:00 host_mono_ns=2514853950605489   types:
host_utc=2026-09-30T08:10:34.760+00:00 host_mono_ns=2514853950610539   values:
host_utc=2026-09-30T08:10:34.760+00:00 host_mono_ns=2514853950615518 label stack:
host_utc=2026-09-30T08:10:34.760+00:00 host_mono_ns=2514853950620497   size: 3
host_utc=2026-09-30T08:10:34.760+00:00 host_mono_ns=2514853950625497     begins: 0 2 4
host_utc=2026-09-30T08:10:34.760+00:00 host_mono_ns=2514853950630506     targets: 71 4294967295 4294967295
host_utc=2026-09-30T08:10:34.760+00:00 host_mono_ns=2514853950635636     stack_pointers: 0 0 0
host_utc=2026-09-30T08:10:34.760+00:00 host_mono_ns=2514853950640666     cell_nums: 0 0 0
host_utc=2026-09-30T08:10:34.760+00:00 host_mono_ns=2514853950648921 CallStackEntry: fidx=3167, offset=108
host_utc=2026-09-30T08:10:34.760+00:00 host_mono_ns=2514853950654041 pc:
host_utc=2026-09-30T08:10:34.760+00:00 host_mono_ns=2514853950659030   pc: (3167, 108)
host_utc=2026-09-30T08:10:34.760+00:00 host_mono_ns=2514853950664020 locals:
host_utc=2026-09-30T08:10:34.760+00:00 host_mono_ns=2514853950668949   types: 1 1 1
host_utc=2026-09-30T08:10:34.760+00:00 host_mono_ns=2514853950673918   values: 7855040 7855120 7855072
host_utc=2026-09-30T08:10:34.760+00:00 host_mono_ns=2514853950678978 value_stack:
host_utc=2026-09-30T08:10:34.760+00:00 host_mono_ns=2514853950683917   types:
host_utc=2026-09-30T08:10:34.760+00:00 host_mono_ns=2514853950688907   values:
host_utc=2026-09-30T08:10:34.760+00:00 host_mono_ns=2514853950693806 label stack:
host_utc=2026-09-30T08:10:34.760+00:00 host_mono_ns=2514853950698705   size: 6
host_utc=2026-09-30T08:10:34.760+00:00 host_mono_ns=2514853950703604     begins: 0 19 21 23 25 27
host_utc=2026-09-30T08:10:34.760+00:00 host_mono_ns=2514853950708684     targets: 209 4294967295 4294967295 4294967295 4294967295 4294967295
host_utc=2026-09-30T08:10:34.760+00:00 host_mono_ns=2514853950713854     stack_pointers: 0 0 0 0 0 0
host_utc=2026-09-30T08:10:34.760+00:00 host_mono_ns=2514853950718923     cell_nums: 1 0 0 0 0 0
host_utc=2026-09-30T08:10:34.760+00:00 host_mono_ns=2514853950723923 CallStackEntry: fidx=50, offset=1296
host_utc=2026-09-30T08:10:34.760+00:00 host_mono_ns=2514853950728932 pc:
host_utc=2026-09-30T08:10:34.760+00:00 host_mono_ns=2514853950733862   pc: (50, 1296)
host_utc=2026-09-30T08:10:34.760+00:00 host_mono_ns=2514853950738811 locals:
host_utc=2026-09-30T08:10:34.760+00:00 host_mono_ns=2514853950744051   types: 1 1 1 1 1 1 1 1 1 1 1 1 1 1 1 1 1 1 1 1 1 1 1 1 1 1 1 1 1 1 1 1 1 1 1 1 1 1 1 1 1 1 1 1 1 1 1 1 1 1 1 1 1 1 1 1 1 1 1 1 1 1 1 1 1 1 1 1 1 1 1 1 1 1 1 1 1 1 1 1 1 1 1 1 1 1 1 1 1 1 1 1 1 1 1 1 1 1 2 1 1 1 1 1 1 1 1 1 1 1 1 1 1 1 1 1 1 1 1 1 1 1 1 1 1 1 1 1 1 1 1 1 1 1 1 1 1 1 1 1 1 1 1 1 1 1
host_utc=2026-09-30T08:10:34.760+00:00 host_mono_ns=2514853950750343   values: 1 7855120 7855040 240 7854800 0 0 7572 11500 0 11362 0 0 1 1 1000 0 1 1000 1 7249 9033 32 7854832 11417 0 11519 0 196 7854996 7854996 7548 208 7855008 7855008 196 7854996 7854996 196 7854996 7854996 160 7854960 7854960 1253 172 7854972 7854972 208 7855008 7855008 160 7854960 7854960 10 160 7854960 7854960 124 7854924 7854924 3074 136 7854936 7854936 208 7855008 7855008 124 7854924 7854924 10 1 124 7854924 7854924 100 221 221 1000 0 221 1000 221 7295 9033 16 7854816 11390 0 11519 0 0 112 7854912 0 104 7854904 0 96 7854896 88 7854888 80 7854880 7854880 15 1 16 56 7854856 7854856 68 7854868 7854868 8935 56 7854856 7854856 80 7854880 7854880 68 7854868 7854868 68 7854868 7854868 56 7854856 7854856 80 7854880 7854880 80216080 11454 172 7854972 7854972 80 7854880 7854880 1000 80 7854880
host_utc=2026-09-30T08:10:34.760+00:00 host_mono_ns=2514853950756935 value_stack:
host_utc=2026-09-30T08:10:34.760+00:00 host_mono_ns=2514853950761955   types: 1 1 1 1 1 1 1 1 1 1 1 1 1 1 1 1 1 1 1 1 1 1
host_utc=2026-09-30T08:10:34.760+00:00 host_mono_ns=2514853950767074   values: 1000 1000 1000 1000 1000 1000 1000 1000 1000 1000 1000 1000 1000 1000 1000 1000 1000 1000 1000 1000 1000 1000
host_utc=2026-09-30T08:10:34.760+00:00 host_mono_ns=2514853950773286 label stack:
host_utc=2026-09-30T08:10:34.760+00:00 host_mono_ns=2514853950778235   size: 2
host_utc=2026-09-30T08:10:34.760+00:00 host_mono_ns=2514853950783165     begins: 0 856
host_utc=2026-09-30T08:10:34.760+00:00 host_mono_ns=2514853950788144     targets: 1337 856
host_utc=2026-09-30T08:10:34.760+00:00 host_mono_ns=2514853950793124     stack_pointers: 0 0
host_utc=2026-09-30T08:10:34.760+00:00 host_mono_ns=2514853950798153     cell_nums: 1 0
host_utc=2026-09-30T08:10:34.760+00:00 host_mono_ns=2514853950803163 CallStackEntry: fidx=1348, offset=131
host_utc=2026-09-30T08:10:34.760+00:00 host_mono_ns=2514853950808152 pc:
host_utc=2026-09-30T08:10:34.760+00:00 host_mono_ns=2514853950813101   pc: (1348, 131)
host_utc=2026-09-30T08:10:34.760+00:00 host_mono_ns=2514853950829422 locals:
host_utc=2026-09-30T08:10:34.760+00:00 host_mono_ns=2514853950834462   types: 1 1 1 1 1 1 1 1 1 1 1 1 1 1 1 1 1 1 1
host_utc=2026-09-30T08:10:34.760+00:00 host_mono_ns=2514853950839712   values: 1000 7854800 16 7854784 0 1 0 1 0 1 0 0 1000 0 1000 0 0 0 0
host_utc=2026-09-30T08:10:34.760+00:00 host_mono_ns=2514853950844921 value_stack:
host_utc=2026-09-30T08:10:34.760+00:00 host_mono_ns=2514853950849891   types:
host_utc=2026-09-30T08:10:34.760+00:00 host_mono_ns=2514853950854840   values:
host_utc=2026-09-30T08:10:34.760+00:00 host_mono_ns=2514853950859769 label stack:
host_utc=2026-09-30T08:10:34.760+00:00 host_mono_ns=2514853950864699   size: 2
host_utc=2026-09-30T08:10:34.760+00:00 host_mono_ns=2514853950869658     begins: 0 74
host_utc=2026-09-30T08:10:34.760+00:00 host_mono_ns=2514853950874678     targets: 176 4294967295
host_utc=2026-09-30T08:10:34.760+00:00 host_mono_ns=2514853950879797     stack_pointers: 0 0
host_utc=2026-09-30T08:10:34.760+00:00 host_mono_ns=2514853950884787     cell_nums: 1 0
host_utc=2026-09-30T08:10:34.760+00:00 host_mono_ns=2514853950889816 CallStackEntry: fidx=1376, offset=341
host_utc=2026-09-30T08:10:34.760+00:00 host_mono_ns=2514853950894876 pc:
host_utc=2026-09-30T08:10:34.760+00:00 host_mono_ns=2514853950899815   pc: (1376, 341)
host_utc=2026-09-30T08:10:34.760+00:00 host_mono_ns=2514853950904764 locals:
host_utc=2026-09-30T08:10:34.760+00:00 host_mono_ns=2514853950909764   types: 1 1 1 1 1 1 1 1 1 1 1 1 1 1 1 1 1 1 1 1 1 1 1 1 1 1 1 1 1 1 1 1 1 1 1 1 1 1 1 1 1 1 1 1 1 1 1 1 1 1 1 1 1 1 1 1 1 1 1 1 1 1 1
host_utc=2026-09-30T08:10:34.760+00:00 host_mono_ns=2514853950915134   values: 1000 7854784 112 7854672 0 80 7854752 7854752 0 32 7854704 7854704 0 80 7854752 7854752 1000 4294967295 1000 4294967295 0 1 0 0 0 0 0 0 0 0 0 0 1000 8 7854680 7854680 32 7854704 7854704 80 7854752 7854752 8 7854680 7854680 0 0 0 0 0 0 0 0 0 0 0 0 0 0 0 0 0 0
host_utc=2026-09-30T08:10:34.760+00:00 host_mono_ns=2514853950921155 value_stack:
host_utc=2026-09-30T08:10:34.760+00:00 host_mono_ns=2514853950926165   types: 1 1 1
host_utc=2026-09-30T08:10:34.760+00:00 host_mono_ns=2514853950931204   values: 7854704 7854704 7854704
host_utc=2026-09-30T08:10:34.760+00:00 host_mono_ns=2514853950936234 label stack:
host_utc=2026-09-30T08:10:34.760+00:00 host_mono_ns=2514853950941223   size: 2
host_utc=2026-09-30T08:10:34.760+00:00 host_mono_ns=2514853950946193     begins: 0 171
host_utc=2026-09-30T08:10:34.760+00:00 host_mono_ns=2514853950951172     targets: 489 4294967295
host_utc=2026-09-30T08:10:34.760+00:00 host_mono_ns=2514853950956192     stack_pointers: 0 0
host_utc=2026-09-30T08:10:34.760+00:00 host_mono_ns=2514853950961151     cell_nums: 1 0
host_utc=2026-09-30T08:10:34.760+00:00 host_mono_ns=2514853950966120 CallStackEntry: fidx=3322, offset=427
host_utc=2026-09-30T08:10:34.760+00:00 host_mono_ns=2514853950971150 pc:
host_utc=2026-09-30T08:10:34.760+00:00 host_mono_ns=2514853950976139   pc: (3322, 427)
host_utc=2026-09-30T08:10:34.760+00:00 host_mono_ns=2514853950981109 locals:
host_utc=2026-09-30T08:10:34.760+00:00 host_mono_ns=2514853950986138   types: 1 1 1 1 1 1 1 1 1
host_utc=2026-09-30T08:10:34.760+00:00 host_mono_ns=2514853950991208   values: 7854704 7854752 7854680 7854640 2 0 7854660 7854736 1
host_utc=2026-09-30T08:10:34.760+00:00 host_mono_ns=2514853950996317 value_stack:
host_utc=2026-09-30T08:10:34.760+00:00 host_mono_ns=2514853951007819   types: 1 1 1 1 1
host_utc=2026-09-30T08:10:34.760+00:00 host_mono_ns=2514853951016726   values: 7854660 7854660 7854660 7854660 7854660
host_utc=2026-09-30T08:10:34.760+00:00 host_mono_ns=2514853951023449 label stack:
host_utc=2026-09-30T08:10:34.760+00:00 host_mono_ns=2514853951029690   size: 2
host_utc=2026-09-30T08:10:34.760+00:00 host_mono_ns=2514853951034650     begins: 0 56
host_utc=2026-09-30T08:10:34.760+00:00 host_mono_ns=2514853951039669     targets: 1233 4294967295
host_utc=2026-09-30T08:10:34.760+00:00 host_mono_ns=2514853951044749     stack_pointers: 0 0
host_utc=2026-09-30T08:10:34.760+00:00 host_mono_ns=2514853951053395     cell_nums: 1 0
host_utc=2026-09-30T08:10:34.760+00:00 host_mono_ns=2514853951058375 CallStackEntry: fidx=3320, offset=189
host_utc=2026-09-30T08:10:34.760+00:00 host_mono_ns=2514853951063324 pc:
host_utc=2026-09-30T08:10:34.760+00:00 host_mono_ns=2514853951068243   pc: (3320, 189)
host_utc=2026-09-30T08:10:34.760+00:00 host_mono_ns=2514853951073163 locals:
host_utc=2026-09-30T08:10:34.760+00:00 host_mono_ns=2514853951078062   types: 1 1 1 1 1 1 2 1
host_utc=2026-09-30T08:10:34.760+00:00 host_mono_ns=2514853951083101   values: 7854660 2 7854640 999991985 1 7854624 4294932871837122560
host_utc=2026-09-30T08:10:34.760+00:00 host_mono_ns=2514853951088261 value_stack:
host_utc=2026-09-30T08:10:34.760+00:00 host_mono_ns=2514853951093170   types: 1 1
host_utc=2026-09-30T08:10:34.760+00:00 host_mono_ns=2514853951098090   values: 0 0
host_utc=2026-09-30T08:10:34.760+00:00 host_mono_ns=2514853951103049 label stack:
host_utc=2026-09-30T08:10:34.760+00:00 host_mono_ns=2514853951107958   size: 2
host_utc=2026-09-30T08:10:34.760+00:00 host_mono_ns=2514853951112938     begins: 0 19
host_utc=2026-09-30T08:10:34.760+00:00 host_mono_ns=2514853951117917     targets: 234 4294967295
host_utc=2026-09-30T08:10:34.760+00:00 host_mono_ns=2514853951122857     stack_pointers: 0 0
host_utc=2026-09-30T08:10:34.760+00:00 host_mono_ns=2514853951127806     cell_nums: 1 0
host_utc=2026-09-30T08:10:34.760+00:00 host_mono_ns=2514853951132775 CallStackEntry: fidx=3314, offset=24
host_utc=2026-09-30T08:10:34.760+00:00 host_mono_ns=2514853951137795 pc:
host_utc=2026-09-30T08:10:34.760+00:00 host_mono_ns=2514853951142714   pc: (3314, 24)
host_utc=2026-09-30T08:10:34.760+00:00 host_mono_ns=2514853951147683 locals:
host_utc=2026-09-30T08:10:34.760+00:00 host_mono_ns=2514853951152603   types: 1 1 1 2 1
host_utc=2026-09-30T08:10:34.760+00:00 host_mono_ns=2514853951157552   values: 7854660 128 2 4294932871837122560
host_utc=2026-09-30T08:10:34.760+00:00 host_mono_ns=2514853951162622 value_stack:
host_utc=2026-09-30T08:10:34.761+00:00 host_mono_ns=2514853951167531   types: 1 1 1 1 1 2
host_utc=2026-09-30T08:10:34.761+00:00 host_mono_ns=2514853951172540   values: 4294967290 4294967223 0 7854660 2 4294932871837122560
host_utc=2026-09-30T08:10:34.761+00:00 host_mono_ns=2514853951177530 label stack:
host_utc=2026-09-30T08:10:34.761+00:00 host_mono_ns=2514853951182449   size: 2
host_utc=2026-09-30T08:10:34.761+00:00 host_mono_ns=2514853951187378     begins: 0 6
host_utc=2026-09-30T08:10:34.761+00:00 host_mono_ns=2514853951192338     targets: 47 4294967295
host_utc=2026-09-30T08:10:34.761+00:00 host_mono_ns=2514853951197327     stack_pointers: 0 0
host_utc=2026-09-30T08:10:34.761+00:00 host_mono_ns=2514853951202297     cell_nums: 1 0
host_utc=2026-09-30T08:10:34.761+00:00 host_mono_ns=2514853951207286 [2026-09-30 08:10:34.759] [info] Success to dump frame stack
host_utc=2026-09-30T08:10:34.761+00:00 host_mono_ns=2514853951212476 
host_utc=2026-09-30T08:10:34.761+00:00 host_mono_ns=2514853951217435 stack, 318261
host_utc=2026-09-30T08:10:34.761+00:00 host_mono_ns=2514853951222395 main-thread attrs, 39826
host_utc=2026-09-30T08:10:34.761+00:00 host_mono_ns=2514853951227444 checkpoint done:0
host_utc=2026-09-30T08:10:34.764+00:00 host_mono_ns=2514853954818489 main thread dump_thread_states
host_utc=2026-09-30T08:10:34.764+00:00 host_mono_ns=2514853954852834 thread id: 11
host_utc=2026-09-30T08:10:34.764+00:00 host_mono_ns=2514853954870948 thread id: 10
host_utc=2026-09-30T08:10:34.764+00:00 host_mono_ns=2514853954884924 thread id: 9
host_utc=2026-09-30T08:10:34.764+00:00 host_mono_ns=2514853954898931 thread id: 8
host_utc=2026-09-30T08:10:34.764+00:00 host_mono_ns=2514853954910813 thread id: 7
host_utc=2026-09-30T08:10:34.764+00:00 host_mono_ns=2514853954922455 thread id: 6
host_utc=2026-09-30T08:10:34.764+00:00 host_mono_ns=2514853954933957 thread id: 5
host_utc=2026-09-30T08:10:34.764+00:00 host_mono_ns=2514853954945388 thread id: 4
host_utc=2026-09-30T08:10:34.764+00:00 host_mono_ns=2514853954956840 thread id: 3
host_utc=2026-09-30T08:10:34.764+00:00 host_mono_ns=2514853954982989 thread id: 2
host_utc=2026-09-30T08:10:34.764+00:00 host_mono_ns=2514853954994732 thread id: 1
host_utc=2026-09-30T08:10:34.764+00:00 host_mono_ns=2514853955017505 待機中スレッド一覧の保存をdump_valueで行います．数；8
host_utc=2026-09-30T08:10:34.764+00:00 host_mono_ns=2514853955046530 [02:34:13:046 - 7CFBA7989840]: Success to dump img for wamr
host_utc=2026-09-30T08:10:34.764+00:00 host_mono_ns=2514853955059404 
host_utc=2026-09-30T08:10:34.764+00:00 host_mono_ns=2514853955070865 do_checkpoint_4
host_utc=2026-09-30T08:10:34.764+00:00 host_mono_ns=2514853955081886 wasm_cluster_increase_checkpointing_counter called 1
host_utc=2026-09-30T08:10:34.764+00:00 host_mono_ns=2514853955096223 wasm_cluster_increase_checkpointing_counter called 2
host_utc=2026-09-30T08:10:34.764+00:00 host_mono_ns=2514853955111412 wasm_cluster_increase_checkpointing_counter called 3
host_utc=2026-09-30T08:10:34.795+00:00 host_mono_ns=2514853985943644 event=collector_process_exit source=checkpoint exit_status=0
