host_utc=2026-10-01T12:11:32.485+00:00 host_mono_ns=2615711676154918 boot_start, 2615711675918832
host_utc=2026-10-01T12:11:32.687+00:00 host_mono_ns=2615711877627830 11 stderr
host_utc=2026-10-01T12:11:32.687+00:00 host_mono_ns=2615711877673286 22 stderr
host_utc=2026-10-01T12:11:32.687+00:00 host_mono_ns=2615711877682042 signal init: 129375855646272
host_utc=2026-10-01T12:11:32.687+00:00 host_mono_ns=2615711877690408 initします
host_utc=2026-10-01T12:11:32.688+00:00 host_mono_ns=2615711878229496 boot_end, 2615711878058102
host_utc=2026-10-01T12:11:32.688+00:00 host_mono_ns=2615711878646253 3 stderr
host_utc=2026-10-01T12:11:32.688+00:00 host_mono_ns=2615711879165353 initします
host_utc=2026-10-01T12:11:32.689+00:00 host_mono_ns=2615711879934655 boot_end, 2615711879810060
host_utc=2026-10-01T12:11:32.690+00:00 host_mono_ns=2615711881095105 PHASE0 event=add-mutated thread=0x404 fd=-1 eintr_count=0 default=0x9beb8 object=0x9beb8 ip=0x030012ac canary=0x5917d272 fallback_entries=0 canary_addr=0x9bf3c default_addr=0x9beb4 ip_addr=0x9bebc
host_utc=2026-10-01T12:11:32.690+00:00 host_mono_ns=2615711881138838 netif_wasm: dynamic ip=0x030012ac mask=0x00ffffff
host_utc=2026-10-01T12:11:32.695+00:00 host_mono_ns=2615711885496284 initします
host_utc=2026-10-01T12:11:32.696+00:00 host_mono_ns=2615711886220071 boot_end, 2615711886130391
host_utc=2026-10-01T12:11:32.696+00:00 host_mono_ns=2615711886878814 initします
host_utc=2026-10-01T12:11:32.698+00:00 host_mono_ns=2615711888329092 boot_end, 2615711888088979
host_utc=2026-10-01T12:11:32.713+00:00 host_mono_ns=2615711903463734 LOG_NOTICE : 00000000.000 : osKernelStart
host_utc=2026-10-01T12:11:32.713+00:00 host_mono_ns=2615711903495034 mros2-posix start!
host_utc=2026-10-01T12:11:32.713+00:00 host_mono_ns=2615711903509721 app name: echoback_string
host_utc=2026-10-01T12:11:32.713+00:00 host_mono_ns=2615711903521834 LOG_DEBUG : 00000000.006 : mROS 2 initialization is completed
host_utc=2026-10-01T12:11:32.713+00:00 host_mono_ns=2615711903534388 
host_utc=2026-10-01T12:11:32.713+00:00 host_mono_ns=2615711903546200 LOG_DEBUG : 00000000.006 : [MROS2LIB] create_node
host_utc=2026-10-01T12:11:32.713+00:00 host_mono_ns=2615711903557682 LOG_DEBUG : 00000000.006 : [MROS2LIB] start creating participant
host_utc=2026-10-01T12:11:32.713+00:00 host_mono_ns=2615711903568873 LOG_DEBUG : 00000000.007 : [MROS2LIB] mros2_init task start
host_utc=2026-10-01T12:11:32.713+00:00 host_mono_ns=2615711903580174 LOG_DEBUG : 00000000.008 : /home/osslab/20261001-mros2-wasm-eintr-ip-refresh/lwip-wasm/src/core/udp.c udp_init() 38: enter
host_utc=2026-10-01T12:11:32.713+00:00 host_mono_ns=2615711903592908 LOG_DEBUG : 00000000.008 : [MROS2LIB] Initilizing lwIP complete
host_utc=2026-10-01T12:11:32.713+00:00 host_mono_ns=2615711903604721 LOG_DEBUG : 00000000.022 : /home/osslab/20261001-mros2-wasm-eintr-ip-refresh/lwip-wasm/src/core/udp.c udp_new() 319: enter
host_utc=2026-10-01T12:11:32.713+00:00 host_mono_ns=2615711903616703 LOG_DEBUG : 00000000.022 : /home/osslab/20261001-mros2-wasm-eintr-ip-refresh/lwip-wasm/src/core/udp_multicast_manager.c udp_mc_info_alloc() 24: enter
host_utc=2026-10-01T12:11:32.713+00:00 host_mono_ns=2615711903629497 LOG_DEBUG : 00000000.022 : /home/osslab/20261001-mros2-wasm-eintr-ip-refresh/lwip-wasm/src/core/udp_multicast_manager.c udp_mc_info_alloc() 42: mcp=0xdbe060 exit
host_utc=2026-10-01T12:11:32.714+00:00 host_mono_ns=2615711905093902 LOG_DEBUG : 00000000.022 : /home/osslab/20261001-mros2-wasm-eintr-ip-refresh/lwip-wasm/src/core/udp.cinitします
host_utc=2026-10-01T12:11:32.715+00:00 host_mono_ns=2615711905871720 boot_end, 2615711905702471
host_utc=2026-10-01T12:11:32.716+00:00 host_mono_ns=2615711906445413 initします
host_utc=2026-10-01T12:11:32.718+00:00 host_mono_ns=2615711908404853 boot_end, 2615711907735719
host_utc=2026-10-01T12:11:32.718+00:00 host_mono_ns=2615711908450429  udp_new() 339: exit
host_utc=2026-10-01T12:11:32.718+00:00 host_mono_ns=2615711908467401 LOG_DEBUG : 00000000.022 : /home/osslab/20261001-mros2-wasm-eintr-ip-refresh/lwip-wasm/src/core/udp.c udp_bind() 153: ipaddr=0x0 port=7401 enter
host_utc=2026-10-01T12:11:32.718+00:00 host_mono_ns=2615711908504761 LOG_DEBUG : 00000000.023 : /home/osslab/20261001-mros2-wasm-eintr-ip-refresh/lwip-wasm/src/core/udp.c udp_bind() 166: mcp exist 0xdbe060
host_utc=2026-10-01T12:11:32.718+00:00 host_mono_ns=2615711908519259 LOG_DEBUG : 00000000.023 : /home/osslab/20261001-mros2-wasm-eintr-ip-refresh/lwip-wasm/src/core/udp.c udp_bind() 237: exit
host_utc=2026-10-01T12:11:32.718+00:00 host_mono_ns=2615711908533475 LOG_DEBUG : 00000000.023 : /home/osslab/20261001-mros2-wasm-eintr-ip-refresh/lwip-wasm/src/core/udp.c udp_recv() 252: enter
host_utc=2026-10-01T12:11:32.718+00:00 host_mono_ns=2615711908547512 LOG_DEBUG : 00000000.025 : /home/osslab/20261001-mros2-wasm-eintr-ip-refresh/lwip-wasm/src/core/udp.c udp_recv() 263: exit
host_utc=2026-10-01T12:11:32.718+00:00 host_mono_ns=2615711908560597 LOG_DEBUG : 00000000.026 : /home/osslab/20261001-mros2-wasm-eintr-ip-refresh/lwip-wasm/src/core/udp.c udp_new() 319: enter
host_utc=2026-10-01T12:11:32.718+00:00 host_mono_ns=2615711908573471 LOG_DEBUG : 00000000.026 : /home/osslab/20261001-mros2-wasm-eintr-ip-refresh/lwip-wasm/src/core/udp_multicast_manager.c udp_mc_info_alloc() 24: enter
host_utc=2026-10-01T12:11:32.720+00:00 host_mono_ns=2615711910401853 LOG_DEBUG : 00000000.027 : /home/osslab/20261001-mros2-wasm-eintr-ip-refresh/lwip-wasm/src/core/udp_multicast_manager.cPHASE0 event=recv-start thread=0x13fe194 fd=4 eintr_count=0 default=0x9beb8 object=0x9beb8 ip=0x030012ac canary=0x5917d272 fallback_entries=0 canary_addr=0x9bf3c default_addr=0x9beb4 ip_addr=0x9bebc
host_utc=2026-10-01T12:11:32.720+00:00 host_mono_ns=2615711910681060 initします
host_utc=2026-10-01T12:11:32.721+00:00 host_mono_ns=2615711911390359 boot_end, 2615711911235797
host_utc=2026-10-01T12:11:32.721+00:00 host_mono_ns=2615711911947270 initします
host_utc=2026-10-01T12:11:32.723+00:00 host_mono_ns=2615711913496946 boot_end, 2615711913294984
host_utc=2026-10-01T12:11:32.723+00:00 host_mono_ns=2615711913537733  udp_mc_info_alloc() 42: mcp=0xdbe07c exit
host_utc=2026-10-01T12:11:32.723+00:00 host_mono_ns=2615711913553142 LOG_DEBUG : 00000000.027 : /home/osslab/20261001-mros2-wasm-eintr-ip-refresh/lwip-wasm/src/core/udp.c udp_new() 339: exit
host_utc=2026-10-01T12:11:32.723+00:00 host_mono_ns=2615711913566607 LOG_DEBUG : 00000000.027 : /home/osslab/20261001-mros2-wasm-eintr-ip-refresh/lwip-wasm/src/core/udp.c udp_bind() 153: ipaddr=0x0 port=7400 enter
host_utc=2026-10-01T12:11:32.723+00:00 host_mono_ns=2615711913579983 LOG_DEBUG : 00000000.028 : /home/osslab/20261001-mros2-wasm-eintr-ip-refresh/lwip-wasm/src/core/udp.c udp_bind() 166: mcp exist 0xdbe07c
host_utc=2026-10-01T12:11:32.723+00:00 host_mono_ns=2615711913591975 LOG_DEBUG : 00000000.028 : /home/osslab/20261001-mros2-wasm-eintr-ip-refresh/lwip-wasm/src/core/udp.c udp_bind() 237: exit
host_utc=2026-10-01T12:11:32.723+00:00 host_mono_ns=2615711913603968 LOG_DEBUG : 00000000.028 : /home/osslab/20261001-mros2-wasm-eintr-ip-refresh/lwip-wasm/src/core/udp.c udp_recv() 252: enter
host_utc=2026-10-01T12:11:32.723+00:00 host_mono_ns=2615711913616341 LOG_NOTICE : 00000000.029 : thread_udp_recv:UP: mcp=0xdbe060
host_utc=2026-10-01T12:11:32.723+00:00 host_mono_ns=2615711913627703 LOG_DEBUG : 00000000.031 : /home/osslab/20261001-mros2-wasm-eintr-ip-refresh/lwip-wasm/src/core/udp.c udp_recv() 263: exit
host_utc=2026-10-01T12:11:32.724+00:00 host_mono_ns=2615711914256790 LOG_DEBUG : 00000000.031 : /home/osslab/20261001-mros2-wasm-eintr-ip-refresh/lwip-wasm/src/core/udp_multicast_manager.c udp_mc_joingroup() 78: enter ifaddr=0xPHASE0 event=recv-start thread=0x1a4e434 fd=7 eintr_count=0 default=0x9beb8 object=0x9beb8 ip=0x030012ac canary=0x5917d272 fallback_entries=0 canary_addr=0x9bf3c default_addr=0x9beb4 ip_addr=0x9bebc
host_utc=2026-10-01T12:11:32.799+00:00 host_mono_ns=2615711989676452 30012ac groupaddr=0x100ffef
host_utc=2026-10-01T12:11:32.799+00:00 host_mono_ns=2615711989712450 set TTL: ttl=255, optlen=4
host_utc=2026-10-01T12:11:32.799+00:00 host_mono_ns=2615711989727007 LOG_NOTICE : 00000000.033 : LOG_NOTICE : 00000000.033 : udp_mc_joingroup(): mcp=0xdbe060 ifaddr=0x30012ac groupaddr=0x100ffefthread_udp_recv:UP: mcp=0xdbe07c
host_utc=2026-10-01T12:11:32.799+00:00 host_mono_ns=2615711989755771 set TTL: ttl=255, optlen=4
host_utc=2026-10-01T12:11:32.799+00:00 host_mono_ns=2615711989767904 
host_utc=2026-10-01T12:11:32.799+00:00 host_mono_ns=2615711989780338 LOG_NOTICE : 00000000.033 : udp_mc_joingroup(): mcp=0xdbe07c ifaddr=0x30012ac groupaddr=0x100ffef
host_utc=2026-10-01T12:11:32.799+00:00 host_mono_ns=2615711989792801 LOG_DEBUG : 00000000.033 : /home/osslab/20261001-mros2-wasm-eintr-ip-refresh/lwip-wasm/src/core/udp_multicast_manager.c udp_mc_joingroup() 93: exit
host_utc=2026-10-01T12:11:32.799+00:00 host_mono_ns=2615711989805886 LOG_DEBUG : 00000000.108 : /home/osslab/20261001-mros2-wasm-eintr-ip-refresh/lwip-wasm/src/core/udp.c udp_new() 319: enter
host_utc=2026-10-01T12:11:32.799+00:00 host_mono_ns=2615711989818620 LOG_DEBUG : 00000000.108 : /home/osslab/20261001-mros2-wasm-eintr-ip-refresh/lwip-wasm/src/core/udp_multicast_manager.c udp_mc_info_alloc() 24: enter
host_utc=2026-10-01T12:11:32.799+00:00 host_mono_ns=2615711989830793 LOG_DEBUG : 00000000.108 : /home/osslab/20261001-mros2-wasm-eintr-ip-refresh/lwip-wasm/src/core/udp_multicast_manager.c udp_mc_info_alloc() 42: mcp=0xdbe098 exit
host_utc=2026-10-01T12:11:32.801+00:00 host_mono_ns=2615711991497740 LOG_DEBUG : 00000000.108 : /home/osslab/20261001-mros2-wasm-eintr-ip-refresh/lwip-wasm/src/core/udp.c udp_newinitします
host_utc=2026-10-01T12:11:32.801+00:00 host_mono_ns=2615711992030756 boot_end, 2615711991879802
host_utc=2026-10-01T12:11:32.802+00:00 host_mono_ns=2615711992628916 initします
host_utc=2026-10-01T12:11:32.803+00:00 host_mono_ns=2615711994148945 boot_end, 2615711993902670
host_utc=2026-10-01T12:11:32.804+00:00 host_mono_ns=2615711994449092 () 339: exit
host_utc=2026-10-01T12:11:32.804+00:00 host_mono_ns=2615711994475131 LOG_DEBUG : 00000000.109 : /home/osslab/20261001-mros2-wasm-eintr-ip-refresh/lwip-wasm/src/core/udp.c udp_bind() 153: ipaddr=0x0 port=7411 enter
host_utc=2026-10-01T12:11:32.804+00:00 host_mono_ns=2615711994491071 LOG_DEBUG : 00000000.109 : /home/osslab/20261001-mros2-wasm-eintr-ip-refresh/lwip-wasm/src/core/udp.c udp_bind() 166: mcp exist 0xdbe098
host_utc=2026-10-01T12:11:32.804+00:00 host_mono_ns=2615711994504196 LOG_DEBUG : 00000000.109 : /home/osslab/20261001-mros2-wasm-eintr-ip-refresh/lwip-wasm/src/core/udp.c udp_bind() 237: exit
host_utc=2026-10-01T12:11:32.804+00:00 host_mono_ns=2615711994516549 LOG_DEBUG : 00000000.109 : /home/osslab/20261001-mros2-wasm-eintr-ip-refresh/lwip-wasm/src/core/udp.c udp_recv() 252: enter
host_utc=2026-10-01T12:11:32.804+00:00 host_mono_ns=2615711994528692 LOG_DEBUG : 00000000.112 : /home/osslab/20261001-mros2-wasm-eintr-ip-refresh/lwip-wasm/src/core/udp.c udp_recv() 263: exit
host_utc=2026-10-01T12:11:32.804+00:00 host_mono_ns=2615711994540374 LOG_DEBUG : 00000000.112 : /home/osslab/20261001-mros2-wasm-eintr-ip-refresh/lwip-wasm/src/core/udp.c udp_new() 319: enter
host_utc=2026-10-01T12:11:32.804+00:00 host_mono_ns=2615711994551625 LOG_DEBUG : 00000000.112 : /home/osslab/20261001-mros2-wasm-eintr-ip-refresh/lwip-wasm/src/core/udp_multicast_manager.c udp_mc_info_alloc() 24: enter
host_utc=2026-10-01T12:11:32.804+00:00 host_mono_ns=2615711994821204 LOG_DEBUG : 00000000.113 : LOG_NOTICE : 00000000.113 : /home/osslab/20261001-mros2-wasm-eintr-ip-refresh/lwip-wasm/src/core/udp_multicast_manager.cPHASE0 event=recv-start thread=0x209e7d4 fd=14 eintr_count=0 default=0x9beb8 object=0x9beb8 ip=0x030012ac canary=0x5917d272 fallback_entries=0 canary_addr=0x9bf3c default_addr=0x9beb4 ip_addr=0x9bebc
host_utc=2026-10-01T12:11:32.806+00:00 host_mono_ns=2615711996271212 initします
host_utc=2026-10-01T12:11:32.806+00:00 host_mono_ns=2615711997108813 boot_end, 2615711996965232
host_utc=2026-10-01T12:11:32.807+00:00 host_mono_ns=2615711997603517 initします
host_utc=2026-10-01T12:11:32.808+00:00 host_mono_ns=2615711998903962 boot_end, 2615711998667836
host_utc=2026-10-01T12:11:32.809+00:00 host_mono_ns=2615711999523451 PHASE0 event=recv-start thread=0x26eea74 fd=12 eintr_count=0 default=0x9beb8 object=0x9beb8 ip=0x030012ac canary=0x5917d272 fallback_entries=0 canary_addr=0x9bf3c default_addr=0x9beb4 ip_addr=0x9bebc
host_utc=2026-10-01T12:11:32.810+00:00 host_mono_ns=2615712000260854 initします
host_utc=2026-10-01T12:11:32.810+00:00 host_mono_ns=2615712001157056 boot_end, 2615712001023904
host_utc=2026-10-01T12:11:32.811+00:00 host_mono_ns=2615712001795060 initします
host_utc=2026-10-01T12:11:32.813+00:00 host_mono_ns=2615712003303277 boot_end, 2615712003092379
host_utc=2026-10-01T12:11:32.813+00:00 host_mono_ns=2615712003337993 initします
host_utc=2026-10-01T12:11:32.814+00:00 host_mono_ns=2615712004287545 boot_end, 2615712004114789
host_utc=2026-10-01T12:11:32.814+00:00 host_mono_ns=2615712004772311 initします
host_utc=2026-10-01T12:11:32.816+00:00 host_mono_ns=2615712006488821 boot_end, 2615712006245722
host_utc=2026-10-01T12:11:32.816+00:00 host_mono_ns=2615712006533936  udp_mc_info_alloc() 42: mcp=0xdbe0b4 exitthread_udp_recv:UP: mcp=0xdbe098
host_utc=2026-10-01T12:11:32.816+00:00 host_mono_ns=2615712006550247 LOG_DEBUG : 00000000.114 :
host_utc=2026-10-01T12:11:32.816+00:00 host_mono_ns=2615712006562530 /home/osslab/20261001-mros2-wasm-eintr-ip-refresh/lwip-wasm/src/core/udp.c udp_new() 339: exit
host_utc=2026-10-01T12:11:32.816+00:00 host_mono_ns=2615712006575575 LOG_DEBUG : 00000000.114 : /home/osslab/20261001-mros2-wasm-eintr-ip-refresh/lwip-wasm/src/core/udp.c udp_bind() 153: ipaddr=0x0 port=7410 enter
host_utc=2026-10-01T12:11:32.816+00:00 host_mono_ns=2615712006588820 LOG_DEBUG : 00000000.114 : /home/osslab/20261001-mros2-wasm-eintr-ip-refresh/lwip-wasm/src/core/udp.c udp_bind() 166: mcp exist 0xdbe0b4
host_utc=2026-10-01T12:11:32.816+00:00 host_mono_ns=2615712006601324 LOG_DEBUG : 00000000.114 : /home/osslab/20261001-mros2-wasm-eintr-ip-refresh/lwip-wasm/src/core/udp.c udp_bind() 237: exit
host_utc=2026-10-01T12:11:32.816+00:00 host_mono_ns=2615712006613487 LOG_DEBUG : 00000000.114 : /home/osslab/20261001-mros2-wasm-eintr-ip-refresh/lwip-wasm/src/core/udp.c udp_recv() 252: enter
host_utc=2026-10-01T12:11:32.816+00:00 host_mono_ns=2615712006625860 LOG_DEBUG : 00000000.117 : /home/osslab/20261001-mros2-wasm-eintr-ip-refresh/lwip-wasm/src/core/udp.c udp_recv() 263: exitLOG_NOTICE : 00000000.118 :
host_utc=2026-10-01T12:11:32.816+00:00 host_mono_ns=2615712006638203 thread_udp_recv:UP: mcp=0xdbe0b4
host_utc=2026-10-01T12:11:32.816+00:00 host_mono_ns=2615712006649815 LOG_DEBUG : 00000000.124 : [MROS2LIB] successfully created participant
host_utc=2026-10-01T12:11:32.816+00:00 host_mono_ns=2615712006661237 [DEBUG] message_traits::TypeName<T *>().value(): std_msgs::msg::dds_::String_
host_utc=2026-10-01T12:11:32.817+00:00 host_mono_ns=2615712008032726 initします
host_utc=2026-10-01T12:11:32.818+00:00 host_mono_ns=2615712008904632 boot_end, 2615712008735783
host_utc=2026-10-01T12:11:32.819+00:00 host_mono_ns=2615712009446214 initします
host_utc=2026-10-01T12:11:32.820+00:00 host_mono_ns=2615712011106849 boot_end, 2615712010909196
host_utc=2026-10-01T12:11:32.826+00:00 host_mono_ns=2615712016704176 initします
host_utc=2026-10-01T12:11:32.827+00:00 host_mono_ns=2615712017882561 boot_end, 2615712017760530
host_utc=2026-10-01T12:11:32.828+00:00 host_mono_ns=2615712018260334 initします
host_utc=2026-10-01T12:11:32.829+00:00 host_mono_ns=2615712019536453 boot_end, 2615712019370630
host_utc=2026-10-01T12:11:32.829+00:00 host_mono_ns=2615712019554367 initします
host_utc=2026-10-01T12:11:32.830+00:00 host_mono_ns=2615712020602656 boot_end, 2615712020462121
host_utc=2026-10-01T12:11:32.831+00:00 host_mono_ns=2615712021177782 initします
host_utc=2026-10-01T12:11:32.832+00:00 host_mono_ns=2615712023145196 boot_end, 2615712022966549
host_utc=2026-10-01T12:11:32.832+00:00 host_mono_ns=2615712023159813 initします
host_utc=2026-10-01T12:11:32.834+00:00 host_mono_ns=2615712024206009 boot_end, 2615712024073729
host_utc=2026-10-01T12:11:32.834+00:00 host_mono_ns=2615712024630239 initします
host_utc=2026-10-01T12:11:32.835+00:00 host_mono_ns=2615712026089444 boot_end, 2615712025926907
host_utc=2026-10-01T12:11:33.836+00:00 host_mono_ns=2615713026818939 PHASE0 event=refresh-entry thread=0x4c7fd64 fd=-1 eintr_count=0 default=0x9beb8 object=0x9beb8 ip=0x030012ac canary=0x5917d272 fallback_entries=0 canary_addr=0x9bf3c default_addr=0x9beb4 ip_addr=0x9bebc
host_utc=2026-10-01T12:11:33.836+00:00 host_mono_ns=2615713026990403 PHASE0 event=refresh-exit thread=0x4c7fd64 fd=-1 eintr_count=0 default=0x9beb8 object=0x9beb8 ip=0x030012ac canary=0x5917d272 fallback_entries=0 canary_addr=0x9bf3c default_addr=0x9beb4 ip_addr=0x9bebc
host_utc=2026-10-01T12:11:34.837+00:00 host_mono_ns=2615714027905747 PHASE0 event=refresh-entry thread=0x4c7fd64 fd=-1 eintr_count=0 default=0x9beb8 object=0x9beb8 ip=0x030012ac canary=0x5917d272 fallback_entries=0 canary_addr=0x9bf3c default_addr=0x9beb4 ip_addr=0x9bebc
host_utc=2026-10-01T12:11:34.837+00:00 host_mono_ns=2615714027966462 PHASE0 event=refresh-exit thread=0x4c7fd64 fd=-1 eintr_count=0 default=0x9beb8 object=0x9beb8 ip=0x030012ac canary=0x5917d272 fallback_entries=0 canary_addr=0x9bf3c default_addr=0x9beb4 ip_addr=0x9bebc
host_utc=2026-10-01T12:11:35.839+00:00 host_mono_ns=2615715029308896 PHASE0 event=refresh-entry thread=0x4c7fd64 fd=-1 eintr_count=0 default=0x9beb8 object=0x9beb8 ip=0x030012ac canary=0x5917d272 fallback_entries=0 canary_addr=0x9bf3c default_addr=0x9beb4 ip_addr=0x9bebc
host_utc=2026-10-01T12:11:35.839+00:00 host_mono_ns=2615715029382585 PHASE0 event=refresh-exit thread=0x4c7fd64 fd=-1 eintr_count=0 default=0x9beb8 object=0x9beb8 ip=0x030012ac canary=0x5917d272 fallback_entries=0 canary_addr=0x9bf3c default_addr=0x9beb4 ip_addr=0x9bebc
host_utc=2026-10-01T12:11:36.840+00:00 host_mono_ns=2615716030670836 PHASE0 event=refresh-entry thread=0x4c7fd64 fd=-1 eintr_count=0 default=0x9beb8 object=0x9beb8 ip=0x030012ac canary=0x5917d272 fallback_entries=0 canary_addr=0x9bf3c default_addr=0x9beb4 ip_addr=0x9bebc
host_utc=2026-10-01T12:11:36.840+00:00 host_mono_ns=2615716030803125 PHASE0 event=refresh-exit thread=0x4c7fd64 fd=-1 eintr_count=0 default=0x9beb8 object=0x9beb8 ip=0x030012ac canary=0x5917d272 fallback_entries=0 canary_addr=0x9bf3c default_addr=0x9beb4 ip_addr=0x9bebc
host_utc=2026-10-01T12:11:37.841+00:00 host_mono_ns=2615717031707832 PHASE0 event=refresh-entry thread=0x4c7fd64 fd=-1 eintr_count=0 default=0x9beb8 object=0x9beb8 ip=0x030012ac canary=0x5917d272 fallback_entries=0 canary_addr=0x9bf3c default_addr=0x9beb4 ip_addr=0x9bebc
host_utc=2026-10-01T12:11:37.841+00:00 host_mono_ns=2615717031767575 PHASE0 event=refresh-exit thread=0x4c7fd64 fd=-1 eintr_count=0 default=0x9beb8 object=0x9beb8 ip=0x030012ac canary=0x5917d272 fallback_entries=0 canary_addr=0x9bf3c default_addr=0x9beb4 ip_addr=0x9bebc
host_utc=2026-10-01T12:11:37.926+00:00 host_mono_ns=2615717116922173 LOG_DEBUG : 00000000.126 : [MROS2LIB] message_traits::TypeName<T *>().value() std_msgs::msg::dds_::String_
host_utc=2026-10-01T12:11:37.926+00:00 host_mono_ns=2615717116980052 LOG_DEBUG : 00000000.126 : [MROS2LIB] create_publisher complete.
host_utc=2026-10-01T12:11:37.926+00:00 host_mono_ns=2615717116994740 LOG_DEBUG : 00000000.129 : [MROS2LIB] create_subscription complete.
host_utc=2026-10-01T12:11:37.926+00:00 host_mono_ns=2615717117030107 LOG_DEBUG : 00000000.144 : [MROS2LIB] Initilizing Domain complete
host_utc=2026-10-01T12:11:37.926+00:00 host_mono_ns=2615717117045997 LOG_NOTICE : 00000000.230 : ready to pub/sub message
host_utc=2026-10-01T12:11:37.926+00:00 host_mono_ns=2615717117057809 
host_utc=2026-10-01T12:11:37.926+00:00 host_mono_ns=2615717117069221 publishing msg: 'Hello from mros2-posix onto Linux: 0'
host_utc=2026-10-01T12:11:37.926+00:00 host_mono_ns=2615717117089038 publishing msg: 'Hello from mros2-posix onto Linux: 1'
host_utc=2026-10-01T12:11:37.926+00:00 host_mono_ns=2615717117102183 publishing msg: 'Hello from mros2-posix onto Linux: 2'
host_utc=2026-10-01T12:11:37.926+00:00 host_mono_ns=2615717117115808 publishing msg: 'Hello from mros2-posix onto Linux: 3'
host_utc=2026-10-01T12:11:37.926+00:00 host_mono_ns=2615717117149272 LOG_DEBUG : 00000003.736 : [MROS2LIB] publisher matched with remote subscriber
host_utc=2026-10-01T12:11:37.926+00:00 host_mono_ns=2615717117161124 LOG_DEBUG : 00000003.736 : [MROS2LIB] subscriber matched with remote publisher
host_utc=2026-10-01T12:11:37.927+00:00 host_mono_ns=2615717117172385 publishing msg: 'Hello from mros2-posix onto Linux: 4'
host_utc=2026-10-01T12:11:37.927+00:00 host_mono_ns=2615717117184228 LOG_DEBUG : 00000004.235 : [MROS2LIB] message get [callback_handler] msg_sn_high: 0 msg_sn_low: 1
host_utc=2026-10-01T12:11:37.927+00:00 host_mono_ns=2615717117195920 subscribed msg: 'Hello from mros2-posix onto Linux: 4'
host_utc=2026-10-01T12:11:37.927+00:00 host_mono_ns=2615717117208013 publishing msg: 'Hello from mros2-posix onto Linux: 5'
host_utc=2026-10-01T12:11:38.842+00:00 host_mono_ns=2615718032605816 LOG_DEBUG : 0000000PHASE0 event=refresh-entry thread=0x4c7fd64 fd=-1 eintr_count=0 default=0x9beb8 object=0x9beb8 ip=0x030012ac canary=0x5917d272 fallback_entries=0 canary_addr=0x9bf3c default_addr=0x9beb4 ip_addr=0x9bebc
host_utc=2026-10-01T12:11:38.842+00:00 host_mono_ns=2615718032681969 PHASE0 event=refresh-exit thread=0x4c7fd64 fd=-1 eintr_count=0 default=0x9beb8 object=0x9beb8 ip=0x030012ac canary=0x5917d272 fallback_entries=0 canary_addr=0x9bf3c default_addr=0x9beb4 ip_addr=0x9bebc
host_utc=2026-10-01T12:11:39.843+00:00 host_mono_ns=2615719033368263 PHASE0 event=refresh-entry thread=0x4c7fd64 fd=-1 eintr_count=0 default=0x9beb8 object=0x9beb8 ip=0x030012ac canary=0x5917d272 fallback_entries=0 canary_addr=0x9bf3c default_addr=0x9beb4 ip_addr=0x9bebc
host_utc=2026-10-01T12:11:39.843+00:00 host_mono_ns=2615719033495112 PHASE0 event=refresh-exit thread=0x4c7fd64 fd=-1 eintr_count=0 default=0x9beb8 object=0x9beb8 ip=0x030012ac canary=0x5917d272 fallback_entries=0 canary_addr=0x9bf3c default_addr=0x9beb4 ip_addr=0x9bebc
host_utc=2026-10-01T12:11:40.844+00:00 host_mono_ns=2615720034798922 PHASE0 event=refresh-entry thread=0x4c7fd64 fd=-1 eintr_count=0 default=0x9beb8 object=0x9beb8 ip=0x030012ac canary=0x5917d272 fallback_entries=0 canary_addr=0x9bf3c default_addr=0x9beb4 ip_addr=0x9bebc
host_utc=2026-10-01T12:11:40.844+00:00 host_mono_ns=2615720034947753 PHASE0 event=refresh-exit thread=0x4c7fd64 fd=-1 eintr_count=0 default=0x9beb8 object=0x9beb8 ip=0x030012ac canary=0x5917d272 fallback_entries=0 canary_addr=0x9bf3c default_addr=0x9beb4 ip_addr=0x9bebc
host_utc=2026-10-01T12:11:41.845+00:00 host_mono_ns=2615721036151832 PHASE0 event=refresh-entry thread=0x4c7fd64 fd=-1 eintr_count=0 default=0x9beb8 object=0x9beb8 ip=0x030012ac canary=0x5917d272 fallback_entries=0 canary_addr=0x9bf3c default_addr=0x9beb4 ip_addr=0x9bebc
host_utc=2026-10-01T12:11:41.846+00:00 host_mono_ns=2615721036353323 PHASE0 event=refresh-exit thread=0x4c7fd64 fd=-1 eintr_count=0 default=0x9beb8 object=0x9beb8 ip=0x030012ac canary=0x5917d272 fallback_entries=0 canary_addr=0x9bf3c default_addr=0x9beb4 ip_addr=0x9bebc
host_utc=2026-10-01T12:11:42.847+00:00 host_mono_ns=2615722037763865 PHASE0 event=refresh-entry thread=0x4c7fd64 fd=-1 eintr_count=0 default=0x9beb8 object=0x9beb8 ip=0x030012ac canary=0x5917d272 fallback_entries=0 canary_addr=0x9bf3c default_addr=0x9beb4 ip_addr=0x9bebc
host_utc=2026-10-01T12:11:42.847+00:00 host_mono_ns=2615722037847262 PHASE0 event=refresh-exit thread=0x4c7fd64 fd=-1 eintr_count=0 default=0x9beb8 object=0x9beb8 ip=0x030012ac canary=0x5917d272 fallback_entries=0 canary_addr=0x9bf3c default_addr=0x9beb4 ip_addr=0x9bebc
host_utc=2026-10-01T12:11:42.929+00:00 host_mono_ns=2615722120119817 5.236 : [MROS2LIB] message get [callback_handler] msg_sn_high: 0 msg_sn_low: 2
host_utc=2026-10-01T12:11:42.930+00:00 host_mono_ns=2615722120186373 subscribed msg: 'Hello from mros2-posix onto Linux: 5'
host_utc=2026-10-01T12:11:42.930+00:00 host_mono_ns=2615722120214876 publishing msg: 'Hello from mros2-posix onto Linux: 6'
host_utc=2026-10-01T12:11:42.930+00:00 host_mono_ns=2615722120229474 LOG_DEBUG : 00000006.237 : [MROS2LIB] message get [callback_handler] msg_sn_high: 0 msg_sn_low: 3
host_utc=2026-10-01T12:11:42.930+00:00 host_mono_ns=2615722120280681 subscribed msg: 'Hello from mros2-posix onto Linux: 6'
host_utc=2026-10-01T12:11:42.930+00:00 host_mono_ns=2615722120300027 publishing msg: 'Hello from mros2-posix onto Linux: 7'
host_utc=2026-10-01T12:11:42.930+00:00 host_mono_ns=2615722120315877 LOG_DEBUG : 00000007.238 : [MROS2LIB] message get [callback_handler] msg_sn_high: 0 msg_sn_low: 4
host_utc=2026-10-01T12:11:42.930+00:00 host_mono_ns=2615722120331597 subscribed msg: 'Hello from mros2-posix onto Linux: 7'
host_utc=2026-10-01T12:11:42.930+00:00 host_mono_ns=2615722120349250 publishing msg: 'Hello from mros2-posix onto Linux: 8'
host_utc=2026-10-01T12:11:42.930+00:00 host_mono_ns=2615722120366964 LOG_DEBUG : 00000008.238 : [MROS2LIB] message get [callback_handler] msg_sn_high: 0 msg_sn_low: 5
host_utc=2026-10-01T12:11:42.930+00:00 host_mono_ns=2615722120381942 subscribed msg: 'Hello from mros2-posix onto Linux: 8'
host_utc=2026-10-01T12:11:42.930+00:00 host_mono_ns=2615722120394806 publishing msg: 'Hello from mros2-posix onto Linux: 9'
host_utc=2026-10-01T12:11:42.930+00:00 host_mono_ns=2615722120407961 LOG_DEBUG : 00000009.240 : [MROS2LIB] message get [callback_handler] msg_sn_high: 0 msg_sn_low: 6
host_utc=2026-10-01T12:11:42.930+00:00 host_mono_ns=2615722120423049 subscribed msg: 'Hello from mros2-posix onto Linux: 9'
host_utc=2026-10-01T12:11:43.848+00:00 host_mono_ns=2615723039185387 publishing msg: 'Hello from mros2-posix onto Linux: 10PHASE0 event=refresh-entry thread=0x4c7fd64 fd=-1 eintr_count=0 default=0x9beb8 object=0x9beb8 ip=0x030012ac canary=0x5917d272 fallback_entries=0 canary_addr=0x9bf3c default_addr=0x9beb4 ip_addr=0x9bebc
host_utc=2026-10-01T12:11:43.849+00:00 host_mono_ns=2615723039328427 PHASE0 event=refresh-exit thread=0x4c7fd64 fd=-1 eintr_count=0 default=0x9beb8 object=0x9beb8 ip=0x030012ac canary=0x5917d272 fallback_entries=0 canary_addr=0x9bf3c default_addr=0x9beb4 ip_addr=0x9bebc
host_utc=2026-10-01T12:11:44.849+00:00 host_mono_ns=2615724040167226 PHASE0 event=refresh-entry thread=0x4c7fd64 fd=-1 eintr_count=0 default=0x9beb8 object=0x9beb8 ip=0x030012ac canary=0x5917d272 fallback_entries=0 canary_addr=0x9bf3c default_addr=0x9beb4 ip_addr=0x9bebc
host_utc=2026-10-01T12:11:44.850+00:00 host_mono_ns=2615724040239011 PHASE0 event=refresh-exit thread=0x4c7fd64 fd=-1 eintr_count=0 default=0x9beb8 object=0x9beb8 ip=0x030012ac canary=0x5917d272 fallback_entries=0 canary_addr=0x9bf3c default_addr=0x9beb4 ip_addr=0x9bebc
host_utc=2026-10-01T12:11:45.851+00:00 host_mono_ns=2615725041242866 PHASE0 event=refresh-entry thread=0x4c7fd64 fd=-1 eintr_count=0 default=0x9beb8 object=0x9beb8 ip=0x030012ac canary=0x5917d272 fallback_entries=0 canary_addr=0x9bf3c default_addr=0x9beb4 ip_addr=0x9bebc
host_utc=2026-10-01T12:11:45.851+00:00 host_mono_ns=2615725041313769 PHASE0 event=refresh-exit thread=0x4c7fd64 fd=-1 eintr_count=0 default=0x9beb8 object=0x9beb8 ip=0x030012ac canary=0x5917d272 fallback_entries=0 canary_addr=0x9bf3c default_addr=0x9beb4 ip_addr=0x9bebc
host_utc=2026-10-01T12:11:46.852+00:00 host_mono_ns=2615726042555726 PHASE0 event=refresh-entry thread=0x4c7fd64 fd=-1 eintr_count=0 default=0x9beb8 object=0x9beb8 ip=0x030012ac canary=0x5917d272 fallback_entries=0 canary_addr=0x9bf3c default_addr=0x9beb4 ip_addr=0x9bebc
host_utc=2026-10-01T12:11:46.852+00:00 host_mono_ns=2615726042675241 PHASE0 event=refresh-exit thread=0x4c7fd64 fd=-1 eintr_count=0 default=0x9beb8 object=0x9beb8 ip=0x030012ac canary=0x5917d272 fallback_entries=0 canary_addr=0x9bf3c default_addr=0x9beb4 ip_addr=0x9bebc
host_utc=2026-10-01T12:11:47.853+00:00 host_mono_ns=2615727043544043 PHASE0 event=refresh-entry thread=0x4c7fd64 fd=-1 eintr_count=0 default=0x9beb8 object=0x9beb8 ip=0x030012ac canary=0x5917d272 fallback_entries=0 canary_addr=0x9bf3c default_addr=0x9beb4 ip_addr=0x9bebc
host_utc=2026-10-01T12:11:47.853+00:00 host_mono_ns=2615727043618303 PHASE0 event=refresh-exit thread=0x4c7fd64 fd=-1 eintr_count=0 default=0x9beb8 object=0x9beb8 ip=0x030012ac canary=0x5917d272 fallback_entries=0 canary_addr=0x9bf3c default_addr=0x9beb4 ip_addr=0x9bebc
host_utc=2026-10-01T12:11:47.934+00:00 host_mono_ns=2615727125080996 '
host_utc=2026-10-01T12:11:47.934+00:00 host_mono_ns=2615727125149816 LOG_DEBUG : 00000010.240 : [MROS2LIB] message get [callback_handler] msg_sn_high: 0 msg_sn_low: 7
host_utc=2026-10-01T12:11:47.934+00:00 host_mono_ns=2615727125169854 subscribed msg: 'Hello from mros2-posix onto Linux: 10'
host_utc=2026-10-01T12:11:47.935+00:00 host_mono_ns=2615727125194801 publishing msg: 'Hello from mros2-posix onto Linux: 11'
host_utc=2026-10-01T12:11:47.935+00:00 host_mono_ns=2615727125212143 LOG_DEBUG : 00000011.241 : [MROS2LIB] message get [callback_handler] msg_sn_high: 0 msg_sn_low: 8
host_utc=2026-10-01T12:11:47.935+00:00 host_mono_ns=2615727125228825 subscribed msg: 'Hello from mros2-posix onto Linux: 11'
host_utc=2026-10-01T12:11:47.935+00:00 host_mono_ns=2615727125247680 publishing msg: 'Hello from mros2-posix onto Linux: 12'
host_utc=2026-10-01T12:11:47.935+00:00 host_mono_ns=2615727125264693 LOG_DEBUG : 00000012.242 : [MROS2LIB] message get [callback_handler] msg_sn_high: 0 msg_sn_low: 9
host_utc=2026-10-01T12:11:47.935+00:00 host_mono_ns=2615727125281074 subscribed msg: 'Hello from mros2-posix onto Linux: 12'
host_utc=2026-10-01T12:11:47.935+00:00 host_mono_ns=2615727125298617 publishing msg: 'Hello from mros2-posix onto Linux: 13'
host_utc=2026-10-01T12:11:47.935+00:00 host_mono_ns=2615727125315699 LOG_DEBUG : 00000013.243 : [MROS2LIB] message get [callback_handler] msg_sn_high: 0 msg_sn_low: a
host_utc=2026-10-01T12:11:47.935+00:00 host_mono_ns=2615727125331388 subscribed msg: 'Hello from mros2-posix onto Linux: 13'
host_utc=2026-10-01T12:11:47.935+00:00 host_mono_ns=2615727125348661 publishing msg: 'Hello from mros2-posix onto Linux: 14'
host_utc=2026-10-01T12:11:47.935+00:00 host_mono_ns=2615727125364250 LOG_DEBUG : 00000014.244 : [MROS2LIB] message get [callback_handler] msg_sn_high: 0 msg_sn_low: b
host_utc=2026-10-01T12:11:47.935+00:00 host_mono_ns=2615727125379810 subscribed msg: 'Hello from mros2-posix onto Linux: 14'
host_utc=2026-10-01T12:11:48.854+00:00 host_mono_ns=2615728044760351 publishing msg: 'Hello from mros2-posix onto Linux: 15PHASE0 event=refresh-entry thread=0x4c7fd64 fd=-1 eintr_count=0 default=0x9beb8 object=0x9beb8 ip=0x030012ac canary=0x5917d272 fallback_entries=0 canary_addr=0x9bf3c default_addr=0x9beb4 ip_addr=0x9bebc
host_utc=2026-10-01T12:11:48.854+00:00 host_mono_ns=2615728044896338 PHASE0 event=refresh-exit thread=0x4c7fd64 fd=-1 eintr_count=0 default=0x9beb8 object=0x9beb8 ip=0x030012ac canary=0x5917d272 fallback_entries=0 canary_addr=0x9bf3c default_addr=0x9beb4 ip_addr=0x9bebc
host_utc=2026-10-01T12:11:49.855+00:00 host_mono_ns=2615729046197069 PHASE0 event=refresh-entry thread=0x4c7fd64 fd=-1 eintr_count=0 default=0x9beb8 object=0x9beb8 ip=0x030012ac canary=0x5917d272 fallback_entries=0 canary_addr=0x9bf3c default_addr=0x9beb4 ip_addr=0x9bebc
host_utc=2026-10-01T12:11:49.856+00:00 host_mono_ns=2615729046340680 PHASE0 event=refresh-exit thread=0x4c7fd64 fd=-1 eintr_count=0 default=0x9beb8 object=0x9beb8 ip=0x030012ac canary=0x5917d272 fallback_entries=0 canary_addr=0x9bf3c default_addr=0x9beb4 ip_addr=0x9bebc
host_utc=2026-10-01T12:11:50.857+00:00 host_mono_ns=2615730047684666 PHASE0 event=refresh-entry thread=0x4c7fd64 fd=-1 eintr_count=0 default=0x9beb8 object=0x9beb8 ip=0x030012ac canary=0x5917d272 fallback_entries=0 canary_addr=0x9bf3c default_addr=0x9beb4 ip_addr=0x9bebc
host_utc=2026-10-01T12:11:50.857+00:00 host_mono_ns=2615730047816004 PHASE0 event=refresh-exit thread=0x4c7fd64 fd=-1 eintr_count=0 default=0x9beb8 object=0x9beb8 ip=0x030012ac canary=0x5917d272 fallback_entries=0 canary_addr=0x9bf3c default_addr=0x9beb4 ip_addr=0x9bebc
host_utc=2026-10-01T12:11:51.858+00:00 host_mono_ns=2615731048817435 PHASE0 event=refresh-entry thread=0x4c7fd64 fd=-1 eintr_count=0 default=0x9beb8 object=0x9beb8 ip=0x030012ac canary=0x5917d272 fallback_entries=0 canary_addr=0x9bf3c default_addr=0x9beb4 ip_addr=0x9bebc
host_utc=2026-10-01T12:11:51.858+00:00 host_mono_ns=2615731048874553 PHASE0 event=refresh-exit thread=0x4c7fd64 fd=-1 eintr_count=0 default=0x9beb8 object=0x9beb8 ip=0x030012ac canary=0x5917d272 fallback_entries=0 canary_addr=0x9bf3c default_addr=0x9beb4 ip_addr=0x9bebc
host_utc=2026-10-01T12:11:52.859+00:00 host_mono_ns=2615732050081858 PHASE0 event=refresh-entry thread=0x4c7fd64 fd=-1 eintr_count=0 default=0x9beb8 object=0x9beb8 ip=0x030012ac canary=0x5917d272 fallback_entries=0 canary_addr=0x9bf3c default_addr=0x9beb4 ip_addr=0x9bebc
host_utc=2026-10-01T12:11:52.860+00:00 host_mono_ns=2615732050204039 PHASE0 event=refresh-exit thread=0x4c7fd64 fd=-1 eintr_count=0 default=0x9beb8 object=0x9beb8 ip=0x030012ac canary=0x5917d272 fallback_entries=0 canary_addr=0x9bf3c default_addr=0x9beb4 ip_addr=0x9bebc
host_utc=2026-10-01T12:11:52.938+00:00 host_mono_ns=2615732128903102 '
host_utc=2026-10-01T12:11:52.938+00:00 host_mono_ns=2615732128961362 LOG_DEBUG : 00000015.245 : [MROS2LIB] message get [callback_handler] msg_sn_high: 0 msg_sn_low: c
host_utc=2026-10-01T12:11:52.938+00:00 host_mono_ns=2615732128976721 subscribed msg: 'Hello from mros2-posix onto Linux: 15'
host_utc=2026-10-01T12:11:52.938+00:00 host_mono_ns=2615732128996469 publishing msg: 'Hello from mros2-posix onto Linux: 16'
host_utc=2026-10-01T12:11:52.938+00:00 host_mono_ns=2615732129020193 LOG_DEBUG : 00000016.246 : [MROS2LIB] message get [callback_handler] msg_sn_high: 0 msg_sn_low: d
host_utc=2026-10-01T12:11:52.938+00:00 host_mono_ns=2615732129034951 subscribed msg: 'Hello from mros2-posix onto Linux: 16'
host_utc=2026-10-01T12:11:52.938+00:00 host_mono_ns=2615732129047054 publishing msg: 'Hello from mros2-posix onto Linux: 17'
host_utc=2026-10-01T12:11:52.938+00:00 host_mono_ns=2615732129058375 LOG_DEBUG : 00000017.247 : [MROS2LIB] message get [callback_handler] msg_sn_high: 0 msg_sn_low: e
host_utc=2026-10-01T12:11:52.938+00:00 host_mono_ns=2615732129069306 subscribed msg: 'Hello from mros2-posix onto Linux: 17'
host_utc=2026-10-01T12:11:52.938+00:00 host_mono_ns=2615732129080658 publishing msg: 'Hello from mros2-posix onto Linux: 18'
host_utc=2026-10-01T12:11:52.938+00:00 host_mono_ns=2615732129091779 LOG_DEBUG : 00000018.247 : [MROS2LIB] message get [callback_handler] msg_sn_high: 0 msg_sn_low: f
host_utc=2026-10-01T12:11:52.938+00:00 host_mono_ns=2615732129102489 subscribed msg: 'Hello from mros2-posix onto Linux: 18'
host_utc=2026-10-01T12:11:52.938+00:00 host_mono_ns=2615732129113850 publishing msg: 'Hello from mros2-posix onto Linux: 19'
host_utc=2026-10-01T12:11:52.938+00:00 host_mono_ns=2615732129125352 LOG_DEBUG : 00000019.248 : [MROS2LIB] message get [callback_handler] msg_sn_high: 0 msg_sn_low: 10
host_utc=2026-10-01T12:11:52.938+00:00 host_mono_ns=2615732129139839 subscribed msg: 'Hello from mros2-posix onto Linux: 19'
host_utc=2026-10-01T12:11:53.861+00:00 host_mono_ns=2615733051522457 publishing msg: 'Hello from mros2-posix onto Linux: 20PHASE0 event=refresh-entry thread=0x4c7fd64 fd=-1 eintr_count=0 default=0x9beb8 object=0x9beb8 ip=0x030012ac canary=0x5917d272 fallback_entries=0 canary_addr=0x9bf3c default_addr=0x9beb4 ip_addr=0x9bebc
host_utc=2026-10-01T12:11:53.861+00:00 host_mono_ns=2615733051640389 PHASE0 event=refresh-exit thread=0x4c7fd64 fd=-1 eintr_count=0 default=0x9beb8 object=0x9beb8 ip=0x030012ac canary=0x5917d272 fallback_entries=0 canary_addr=0x9bf3c default_addr=0x9beb4 ip_addr=0x9bebc
host_utc=2026-10-01T12:11:54.862+00:00 host_mono_ns=2615734052653089 PHASE0 event=refresh-entry thread=0x4c7fd64 fd=-1 eintr_count=0 default=0x9beb8 object=0x9beb8 ip=0x030012ac canary=0x5917d272 fallback_entries=0 canary_addr=0x9bf3c default_addr=0x9beb4 ip_addr=0x9bebc
host_utc=2026-10-01T12:11:54.862+00:00 host_mono_ns=2615734052715837 PHASE0 event=refresh-exit thread=0x4c7fd64 fd=-1 eintr_count=0 default=0x9beb8 object=0x9beb8 ip=0x030012ac canary=0x5917d272 fallback_entries=0 canary_addr=0x9bf3c default_addr=0x9beb4 ip_addr=0x9bebc
host_utc=2026-10-01T12:11:55.863+00:00 host_mono_ns=2615735053506152 PHASE0 event=refresh-entry thread=0x4c7fd64 fd=-1 eintr_count=0 default=0x9beb8 object=0x9beb8 ip=0x030012ac canary=0x5917d272 fallback_entries=0 canary_addr=0x9bf3c default_addr=0x9beb4 ip_addr=0x9bebc
host_utc=2026-10-01T12:11:55.863+00:00 host_mono_ns=2615735053608586 PHASE0 event=refresh-exit thread=0x4c7fd64 fd=-1 eintr_count=0 default=0x9beb8 object=0x9beb8 ip=0x030012ac canary=0x5917d272 fallback_entries=0 canary_addr=0x9bf3c default_addr=0x9beb4 ip_addr=0x9bebc
host_utc=2026-10-01T12:11:56.864+00:00 host_mono_ns=2615736054481588 PHASE0 event=refresh-entry thread=0x4c7fd64 fd=-1 eintr_count=0 default=0x9beb8 object=0x9beb8 ip=0x030012ac canary=0x5917d272 fallback_entries=0 canary_addr=0x9bf3c default_addr=0x9beb4 ip_addr=0x9bebc
host_utc=2026-10-01T12:11:56.864+00:00 host_mono_ns=2615736054539737 PHASE0 event=refresh-exit thread=0x4c7fd64 fd=-1 eintr_count=0 default=0x9beb8 object=0x9beb8 ip=0x030012ac canary=0x5917d272 fallback_entries=0 canary_addr=0x9bf3c default_addr=0x9beb4 ip_addr=0x9bebc
host_utc=2026-10-01T12:11:57.865+00:00 host_mono_ns=2615737055783782 PHASE0 event=refresh-entry thread=0x4c7fd64 fd=-1 eintr_count=0 default=0x9beb8 object=0x9beb8 ip=0x030012ac canary=0x5917d272 fallback_entries=0 canary_addr=0x9bf3c default_addr=0x9beb4 ip_addr=0x9bebc
host_utc=2026-10-01T12:11:57.865+00:00 host_mono_ns=2615737055896856 PHASE0 event=refresh-exit thread=0x4c7fd64 fd=-1 eintr_count=0 default=0x9beb8 object=0x9beb8 ip=0x030012ac canary=0x5917d272 fallback_entries=0 canary_addr=0x9bf3c default_addr=0x9beb4 ip_addr=0x9bebc
host_utc=2026-10-01T12:11:57.944+00:00 host_mono_ns=2615737134422219 '
host_utc=2026-10-01T12:11:57.944+00:00 host_mono_ns=2615737134482793 LOG_DEBUG : 00000020.249 : [MROS2LIB] message get [callback_handler] msg_sn_high: 0 msg_sn_low: 11
host_utc=2026-10-01T12:11:57.944+00:00 host_mono_ns=2615737134498092 subscribed msg: 'Hello from mros2-posix onto Linux: 20'
host_utc=2026-10-01T12:11:57.944+00:00 host_mono_ns=2615737134518521 publishing msg: 'Hello from mros2-posix onto Linux: 21'
host_utc=2026-10-01T12:11:57.944+00:00 host_mono_ns=2615737134544430 LOG_DEBUG : 00000021.250 : [MROS2LIB] message get [callback_handler] msg_sn_high: 0 msg_sn_low: 12
host_utc=2026-10-01T12:11:57.944+00:00 host_mono_ns=2615737134556462 subscribed msg: 'Hello from mros2-posix onto Linux: 21'
host_utc=2026-10-01T12:11:57.944+00:00 host_mono_ns=2615737134568605 publishing msg: 'Hello from mros2-posix onto Linux: 22'
host_utc=2026-10-01T12:11:57.944+00:00 host_mono_ns=2615737134580307 LOG_DEBUG : 00000022.252 : [MROS2LIB] message get [callback_handler] msg_sn_high: 0 msg_sn_low: 13
host_utc=2026-10-01T12:11:57.944+00:00 host_mono_ns=2615737134591358 subscribed msg: 'Hello from mros2-posix onto Linux: 22'
host_utc=2026-10-01T12:11:57.944+00:00 host_mono_ns=2615737134602860 publishing msg: 'Hello from mros2-posix onto Linux: 23'
host_utc=2026-10-01T12:11:57.944+00:00 host_mono_ns=2615737134614101 LOG_DEBUG : 00000023.253 : [MROS2LIB] message get [callback_handler] msg_sn_high: 0 msg_sn_low: 14
host_utc=2026-10-01T12:11:57.944+00:00 host_mono_ns=2615737134624942 subscribed msg: 'Hello from mros2-posix onto Linux: 23'
host_utc=2026-10-01T12:11:57.944+00:00 host_mono_ns=2615737134636273 publishing msg: 'Hello from mros2-posix onto Linux: 24'
host_utc=2026-10-01T12:11:57.944+00:00 host_mono_ns=2615737134647484 LOG_DEBUG : 00000024.253 : [MROS2LIB] message get [callback_handler] msg_sn_high: 0 msg_sn_low: 15
host_utc=2026-10-01T12:11:57.944+00:00 host_mono_ns=2615737134658244 subscribed msg: 'Hello from mros2-posix onto Linux: 24'
host_utc=2026-10-01T12:11:58.866+00:00 host_mono_ns=2615738056948266 publishing msg: 'PHASE0 event=refresh-entry thread=0x4c7fd64 fd=-1 eintr_count=0 default=0x9beb8 object=0x9beb8 ip=0x030012ac canary=0x5917d272 fallback_entries=0 canary_addr=0x9bf3c default_addr=0x9beb4 ip_addr=0x9bebc
host_utc=2026-10-01T12:11:58.866+00:00 host_mono_ns=2615738057033808 PHASE0 event=refresh-exit thread=0x4c7fd64 fd=-1 eintr_count=0 default=0x9beb8 object=0x9beb8 ip=0x030012ac canary=0x5917d272 fallback_entries=0 canary_addr=0x9bf3c default_addr=0x9beb4 ip_addr=0x9bebc
host_utc=2026-10-01T12:11:59.867+00:00 host_mono_ns=2615739057950542 PHASE0 event=refresh-entry thread=0x4c7fd64 fd=-1 eintr_count=0 default=0x9beb8 object=0x9beb8 ip=0x030012ac canary=0x5917d272 fallback_entries=0 canary_addr=0x9bf3c default_addr=0x9beb4 ip_addr=0x9bebc
host_utc=2026-10-01T12:11:59.867+00:00 host_mono_ns=2615739058080978 PHASE0 event=refresh-exit thread=0x4c7fd64 fd=-1 eintr_count=0 default=0x9beb8 object=0x9beb8 ip=0x030012ac canary=0x5917d272 fallback_entries=0 canary_addr=0x9bf3c default_addr=0x9beb4 ip_addr=0x9bebc
host_utc=2026-10-01T12:12:00.869+00:00 host_mono_ns=2615740059483422 PHASE0 event=refresh-entry thread=0x4c7fd64 fd=-1 eintr_count=0 default=0x9beb8 object=0x9beb8 ip=0x030012ac canary=0x5917d272 fallback_entries=0 canary_addr=0x9bf3c default_addr=0x9beb4 ip_addr=0x9bebc
host_utc=2026-10-01T12:12:00.869+00:00 host_mono_ns=2615740059605212 PHASE0 event=refresh-exit thread=0x4c7fd64 fd=-1 eintr_count=0 default=0x9beb8 object=0x9beb8 ip=0x030012ac canary=0x5917d272 fallback_entries=0 canary_addr=0x9bf3c default_addr=0x9beb4 ip_addr=0x9bebc
host_utc=2026-10-01T12:12:01.870+00:00 host_mono_ns=2615741060823561 PHASE0 event=refresh-entry thread=0x4c7fd64 fd=-1 eintr_count=0 default=0x9beb8 object=0x9beb8 ip=0x030012ac canary=0x5917d272 fallback_entries=0 canary_addr=0x9bf3c default_addr=0x9beb4 ip_addr=0x9bebc
host_utc=2026-10-01T12:12:01.870+00:00 host_mono_ns=2615741060904855 PHASE0 event=refresh-exit thread=0x4c7fd64 fd=-1 eintr_count=0 default=0x9beb8 object=0x9beb8 ip=0x030012ac canary=0x5917d272 fallback_entries=0 canary_addr=0x9bf3c default_addr=0x9beb4 ip_addr=0x9bebc
host_utc=2026-10-01T12:12:01.949+00:00 host_mono_ns=2615741139916417 Hello from mros2-posix onto Linux: 25'
host_utc=2026-10-01T12:12:01.949+00:00 host_mono_ns=2615741139948969 LOG_DEBUG : 00000025.255 : [MROS2LIB] message get [callback_handler] msg_sn_high: 0 msg_sn_low: 16
host_utc=2026-10-01T12:12:01.949+00:00 host_mono_ns=2615741139963797 subscribed msg: 'Hello from mros2-posix onto Linux: 25'
host_utc=2026-10-01T12:12:01.949+00:00 host_mono_ns=2615741139979326 publishing msg: 'Hello from mros2-posix onto Linux: 26'
host_utc=2026-10-01T12:12:01.949+00:00 host_mono_ns=2615741139992200 LOG_DEBUG : 00000026.256 : [MROS2LIB] message get [callback_handler] msg_sn_high: 0 msg_sn_low: 17
host_utc=2026-10-01T12:12:01.949+00:00 host_mono_ns=2615741140016276 subscribed msg: 'Hello from mros2-posix onto Linux: 26'
host_utc=2026-10-01T12:12:01.949+00:00 host_mono_ns=2615741140031935 publishing msg: 'Hello from mros2-posix onto Linux: 27'
host_utc=2026-10-01T12:12:01.949+00:00 host_mono_ns=2615741140043337 LOG_DEBUG : 00000027.256 : [MROS2LIB] message get [callback_handler] msg_sn_high: 0 msg_sn_low: 18
host_utc=2026-10-01T12:12:01.949+00:00 host_mono_ns=2615741140054518 subscribed msg: 'Hello from mros2-posix onto Linux: 27'
host_utc=2026-10-01T12:12:01.949+00:00 host_mono_ns=2615741140066100 publishing msg: 'Hello from mros2-posix onto Linux: 28'
host_utc=2026-10-01T12:12:01.949+00:00 host_mono_ns=2615741140077151 LOG_DEBUG : 00000028.258 : [MROS2LIB] message get [callback_handler] msg_sn_high: 0 msg_sn_low: 19
host_utc=2026-10-01T12:12:01.949+00:00 host_mono_ns=2615741140087951 subscribed msg: 'Hello from mros2-posix onto Linux: 28'
host_utc=2026-10-01T12:12:01.949+00:00 host_mono_ns=2615741140111856 publishing msg: 'Hello from mros2-posix onto Linux: 29'
host_utc=2026-10-01T12:12:01.949+00:00 host_mono_ns=2615741140123428 LOG_DEBUG : 00000029.258 : [MROS2LIB] message get [callback_handler] msg_sn_high: 0 msg_sn_low: 1a
host_utc=2026-10-01T12:12:02.872+00:00 host_mono_ns=2615742062370046 subscribed msg: 'Hello from mros2-posix onto Linux: 29PHASE0 event=refresh-entry thread=0x4c7fd64 fd=-1 eintr_count=0 default=0x9beb8 object=0x9beb8 ip=0x030012ac canary=0x5917d272 fallback_entries=0 canary_addr=0x9bf3c default_addr=0x9beb4 ip_addr=0x9bebc
host_utc=2026-10-01T12:12:02.872+00:00 host_mono_ns=2615742062514739 PHASE0 event=refresh-exit thread=0x4c7fd64 fd=-1 eintr_count=0 default=0x9beb8 object=0x9beb8 ip=0x030012ac canary=0x5917d272 fallback_entries=0 canary_addr=0x9bf3c default_addr=0x9beb4 ip_addr=0x9bebc
host_utc=2026-10-01T12:12:03.873+00:00 host_mono_ns=2615743063356357 PHASE0 event=refresh-entry thread=0x4c7fd64 fd=-1 eintr_count=0 default=0x9beb8 object=0x9beb8 ip=0x030012ac canary=0x5917d272 fallback_entries=0 canary_addr=0x9bf3c default_addr=0x9beb4 ip_addr=0x9bebc
host_utc=2026-10-01T12:12:03.873+00:00 host_mono_ns=2615743063432671 PHASE0 event=refresh-exit thread=0x4c7fd64 fd=-1 eintr_count=0 default=0x9beb8 object=0x9beb8 ip=0x030012ac canary=0x5917d272 fallback_entries=0 canary_addr=0x9bf3c default_addr=0x9beb4 ip_addr=0x9bebc
host_utc=2026-10-01T12:12:04.874+00:00 host_mono_ns=2615744064738058 PHASE0 event=refresh-entry thread=0x4c7fd64 fd=-1 eintr_count=0 default=0x9beb8 object=0x9beb8 ip=0x030012ac canary=0x5917d272 fallback_entries=0 canary_addr=0x9bf3c default_addr=0x9beb4 ip_addr=0x9bebc
host_utc=2026-10-01T12:12:04.874+00:00 host_mono_ns=2615744064853666 PHASE0 event=refresh-exit thread=0x4c7fd64 fd=-1 eintr_count=0 default=0x9beb8 object=0x9beb8 ip=0x030012ac canary=0x5917d272 fallback_entries=0 canary_addr=0x9bf3c default_addr=0x9beb4 ip_addr=0x9bebc
host_utc=2026-10-01T12:12:05.875+00:00 host_mono_ns=2615745066186264 PHASE0 event=refresh-entry thread=0x4c7fd64 fd=-1 eintr_count=0 default=0x9beb8 object=0x9beb8 ip=0x030012ac canary=0x5917d272 fallback_entries=0 canary_addr=0x9bf3c default_addr=0x9beb4 ip_addr=0x9bebc
host_utc=2026-10-01T12:12:05.876+00:00 host_mono_ns=2615745066368458 PHASE0 event=refresh-exit thread=0x4c7fd64 fd=-1 eintr_count=0 default=0x9beb8 object=0x9beb8 ip=0x030012ac canary=0x5917d272 fallback_entries=0 canary_addr=0x9bf3c default_addr=0x9beb4 ip_addr=0x9bebc
host_utc=2026-10-01T12:12:06.877+00:00 host_mono_ns=2615746067334703 PHASE0 event=refresh-entry thread=0x4c7fd64 fd=-1 eintr_count=0 default=0x9beb8 object=0x9beb8 ip=0x030012ac canary=0x5917d272 fallback_entries=0 canary_addr=0x9bf3c default_addr=0x9beb4 ip_addr=0x9bebc
host_utc=2026-10-01T12:12:06.877+00:00 host_mono_ns=2615746067394536 PHASE0 event=refresh-exit thread=0x4c7fd64 fd=-1 eintr_count=0 default=0x9beb8 object=0x9beb8 ip=0x030012ac canary=0x5917d272 fallback_entries=0 canary_addr=0x9bf3c default_addr=0x9beb4 ip_addr=0x9bebc
host_utc=2026-10-01T12:12:06.955+00:00 host_mono_ns=2615746145292759 '
host_utc=2026-10-01T12:12:06.955+00:00 host_mono_ns=2615746145353173 publishing msg: 'Hello from mros2-posix onto Linux: 30'
host_utc=2026-10-01T12:12:06.955+00:00 host_mono_ns=2615746145377870 LOG_DEBUG : 00000030.259 : [MROS2LIB] message get [callback_handler] msg_sn_high: 0 msg_sn_low: 1b
host_utc=2026-10-01T12:12:06.955+00:00 host_mono_ns=2615746145393780 subscribed msg: 'Hello from mros2-posix onto Linux: 30'
host_utc=2026-10-01T12:12:06.955+00:00 host_mono_ns=2615746145409249 publishing msg: 'Hello from mros2-posix onto Linux: 31'
host_utc=2026-10-01T12:12:06.955+00:00 host_mono_ns=2615746145423526 LOG_DEBUG : 00000031.260 : [MROS2LIB] message get [callback_handler] msg_sn_high: 0 msg_sn_low: 1c
host_utc=2026-10-01T12:12:06.955+00:00 host_mono_ns=2615746145437132 subscribed msg: 'Hello from mros2-posix onto Linux: 31'
host_utc=2026-10-01T12:12:06.955+00:00 host_mono_ns=2615746145451329 publishing msg: 'Hello from mros2-posix onto Linux: 32'
host_utc=2026-10-01T12:12:06.955+00:00 host_mono_ns=2615746145464714 LOG_DEBUG : 00000032.262 : [MROS2LIB] message get [callback_handler] msg_sn_high: 0 msg_sn_low: 1d
host_utc=2026-10-01T12:12:06.955+00:00 host_mono_ns=2615746145477899 subscribed msg: 'Hello from mros2-posix onto Linux: 32'
host_utc=2026-10-01T12:12:06.955+00:00 host_mono_ns=2615746145491615 publishing msg: 'Hello from mros2-posix onto Linux: 33'
host_utc=2026-10-01T12:12:06.955+00:00 host_mono_ns=2615746145504980 LOG_DEBUG : 00000033.262 : [MROS2LIB] message get [callback_handler] msg_sn_high: 0 msg_sn_low: 1e
host_utc=2026-10-01T12:12:06.955+00:00 host_mono_ns=2615746145517995 subscribed msg: 'Hello from mros2-posix onto Linux: 33'
host_utc=2026-10-01T12:12:06.955+00:00 host_mono_ns=2615746145531710 publishing msg: 'Hello from mros2-posix onto Linux: 34'
host_utc=2026-10-01T12:12:06.955+00:00 host_mono_ns=2615746145567959 LOG_DEBUG : 00000034.263 : [MROS2LIB] message get [callback_handler] msg_sn_high: 0 msg_sn_low: 1f
host_utc=2026-10-01T12:12:07.877+00:00 host_mono_ns=2615747068106287 subscribed msg: 'PHASE0 event=refresh-entry thread=0x4c7fd64 fd=-1 eintr_count=0 default=0x9beb8 object=0x9beb8 ip=0x030012ac canary=0x5917d272 fallback_entries=0 canary_addr=0x9bf3c default_addr=0x9beb4 ip_addr=0x9bebc
host_utc=2026-10-01T12:12:07.878+00:00 host_mono_ns=2615747068216936 PHASE0 event=refresh-exit thread=0x4c7fd64 fd=-1 eintr_count=0 default=0x9beb8 object=0x9beb8 ip=0x030012ac canary=0x5917d272 fallback_entries=0 canary_addr=0x9bf3c default_addr=0x9beb4 ip_addr=0x9bebc
host_utc=2026-10-01T12:12:08.878+00:00 host_mono_ns=2615748069061192 PHASE0 event=refresh-entry thread=0x4c7fd64 fd=-1 eintr_count=0 default=0x9beb8 object=0x9beb8 ip=0x030012ac canary=0x5917d272 fallback_entries=0 canary_addr=0x9bf3c default_addr=0x9beb4 ip_addr=0x9bebc
host_utc=2026-10-01T12:12:08.878+00:00 host_mono_ns=2615748069145831 PHASE0 event=refresh-exit thread=0x4c7fd64 fd=-1 eintr_count=0 default=0x9beb8 object=0x9beb8 ip=0x030012ac canary=0x5917d272 fallback_entries=0 canary_addr=0x9bf3c default_addr=0x9beb4 ip_addr=0x9bebc
host_utc=2026-10-01T12:12:09.879+00:00 host_mono_ns=2615749070115283 PHASE0 event=refresh-entry thread=0x4c7fd64 fd=-1 eintr_count=0 default=0x9beb8 object=0x9beb8 ip=0x030012ac canary=0x5917d272 fallback_entries=0 canary_addr=0x9bf3c default_addr=0x9beb4 ip_addr=0x9bebc
host_utc=2026-10-01T12:12:09.880+00:00 host_mono_ns=2615749070173733 PHASE0 event=refresh-exit thread=0x4c7fd64 fd=-1 eintr_count=0 default=0x9beb8 object=0x9beb8 ip=0x030012ac canary=0x5917d272 fallback_entries=0 canary_addr=0x9bf3c default_addr=0x9beb4 ip_addr=0x9bebc
host_utc=2026-10-01T12:12:10.880+00:00 host_mono_ns=2615750070962819 PHASE0 event=refresh-entry thread=0x4c7fd64 fd=-1 eintr_count=0 default=0x9beb8 object=0x9beb8 ip=0x030012ac canary=0x5917d272 fallback_entries=0 canary_addr=0x9bf3c default_addr=0x9beb4 ip_addr=0x9bebc
host_utc=2026-10-01T12:12:10.880+00:00 host_mono_ns=2615750071053791 PHASE0 event=refresh-exit thread=0x4c7fd64 fd=-1 eintr_count=0 default=0x9beb8 object=0x9beb8 ip=0x030012ac canary=0x5917d272 fallback_entries=0 canary_addr=0x9bf3c default_addr=0x9beb4 ip_addr=0x9bebc
host_utc=2026-10-01T12:12:11.881+00:00 host_mono_ns=2615751071785350 PHASE0 event=refresh-entry thread=0x4c7fd64 fd=-1 eintr_count=0 default=0x9beb8 object=0x9beb8 ip=0x030012ac canary=0x5917d272 fallback_entries=0 canary_addr=0x9bf3c default_addr=0x9beb4 ip_addr=0x9bebc
host_utc=2026-10-01T12:12:11.881+00:00 host_mono_ns=2615751071856354 PHASE0 event=refresh-exit thread=0x4c7fd64 fd=-1 eintr_count=0 default=0x9beb8 object=0x9beb8 ip=0x030012ac canary=0x5917d272 fallback_entries=0 canary_addr=0x9bf3c default_addr=0x9beb4 ip_addr=0x9bebc
host_utc=2026-10-01T12:12:11.958+00:00 host_mono_ns=2615751149147228 Hello from mros2-posix onto Linux: 34'
host_utc=2026-10-01T12:12:11.959+00:00 host_mono_ns=2615751149209015 publishing msg: 'Hello from mros2-posix onto Linux: 35'
host_utc=2026-10-01T12:12:11.959+00:00 host_mono_ns=2615751149233641 LOG_DEBUG : 00000035.264 : [MROS2LIB] message get [callback_handler] msg_sn_high: 0 msg_sn_low: 20
host_utc=2026-10-01T12:12:11.959+00:00 host_mono_ns=2615751149249922 subscribed msg: 'Hello from mros2-posix onto Linux: 35'
host_utc=2026-10-01T12:12:11.959+00:00 host_mono_ns=2615751149265491 publishing msg: 'Hello from mros2-posix onto Linux: 36'
host_utc=2026-10-01T12:12:11.959+00:00 host_mono_ns=2615751149280079 LOG_DEBUG : 00000036.265 : [MROS2LIB] message get [callback_handler] msg_sn_high: 0 msg_sn_low: 21
host_utc=2026-10-01T12:12:11.959+00:00 host_mono_ns=2615751149293875 subscribed msg: 'Hello from mros2-posix onto Linux: 36'
host_utc=2026-10-01T12:12:11.959+00:00 host_mono_ns=2615751149307851 publishing msg: 'Hello from mros2-posix onto Linux: 37'
host_utc=2026-10-01T12:12:11.959+00:00 host_mono_ns=2615751149321637 LOG_DEBUG : 00000037.266 : [MROS2LIB] message get [callback_handler] msg_sn_high: 0 msg_sn_low: 22
host_utc=2026-10-01T12:12:11.959+00:00 host_mono_ns=2615751149356804 subscribed msg: 'Hello from mros2-posix onto Linux: 37'
host_utc=2026-10-01T12:12:11.959+00:00 host_mono_ns=2615751149369307 publishing msg: 'Hello from mros2-posix onto Linux: 38'
host_utc=2026-10-01T12:12:11.959+00:00 host_mono_ns=2615751149380869 LOG_DEBUG : 00000038.267 : [MROS2LIB] message get [callback_handler] msg_sn_high: 0 msg_sn_low: 23
host_utc=2026-10-01T12:12:11.959+00:00 host_mono_ns=2615751149391810 subscribed msg: 'Hello from mros2-posix onto Linux: 38'
host_utc=2026-10-01T12:12:11.959+00:00 host_mono_ns=2615751149403492 publishing msg: 'Hello from mros2-posix onto Linux: 39'
host_utc=2026-10-01T12:12:12.882+00:00 host_mono_ns=2615752072717180 LOG_DEBUG : 00000039.268 : [MROS2LIB] message get [callback_handler] msg_sn_high: PHASE0 event=refresh-entry thread=0x4c7fd64 fd=-1 eintr_count=0 default=0x9beb8 object=0x9beb8 ip=0x030012ac canary=0x5917d272 fallback_entries=0 canary_addr=0x9bf3c default_addr=0x9beb4 ip_addr=0x9bebc
host_utc=2026-10-01T12:12:12.882+00:00 host_mono_ns=2615752072780890 PHASE0 event=refresh-exit thread=0x4c7fd64 fd=-1 eintr_count=0 default=0x9beb8 object=0x9beb8 ip=0x030012ac canary=0x5917d272 fallback_entries=0 canary_addr=0x9bf3c default_addr=0x9beb4 ip_addr=0x9bebc
host_utc=2026-10-01T12:12:13.883+00:00 host_mono_ns=2615753073608422 PHASE0 event=refresh-entry thread=0x4c7fd64 fd=-1 eintr_count=0 default=0x9beb8 object=0x9beb8 ip=0x030012ac canary=0x5917d272 fallback_entries=0 canary_addr=0x9bf3c default_addr=0x9beb4 ip_addr=0x9bebc
host_utc=2026-10-01T12:12:13.883+00:00 host_mono_ns=2615753073666812 PHASE0 event=refresh-exit thread=0x4c7fd64 fd=-1 eintr_count=0 default=0x9beb8 object=0x9beb8 ip=0x030012ac canary=0x5917d272 fallback_entries=0 canary_addr=0x9bf3c default_addr=0x9beb4 ip_addr=0x9bebc
host_utc=2026-10-01T12:12:14.884+00:00 host_mono_ns=2615754074519029 PHASE0 event=refresh-entry thread=0x4c7fd64 fd=-1 eintr_count=0 default=0x9beb8 object=0x9beb8 ip=0x030012ac canary=0x5917d272 fallback_entries=0 canary_addr=0x9bf3c default_addr=0x9beb4 ip_addr=0x9bebc
host_utc=2026-10-01T12:12:14.884+00:00 host_mono_ns=2615754074585114 PHASE0 event=refresh-exit thread=0x4c7fd64 fd=-1 eintr_count=0 default=0x9beb8 object=0x9beb8 ip=0x030012ac canary=0x5917d272 fallback_entries=0 canary_addr=0x9bf3c default_addr=0x9beb4 ip_addr=0x9bebc
host_utc=2026-10-01T12:12:15.885+00:00 host_mono_ns=2615755075456645 PHASE0 event=refresh-entry thread=0x4c7fd64 fd=-1 eintr_count=0 default=0x9beb8 object=0x9beb8 ip=0x030012ac canary=0x5917d272 fallback_entries=0 canary_addr=0x9bf3c default_addr=0x9beb4 ip_addr=0x9bebc
host_utc=2026-10-01T12:12:15.885+00:00 host_mono_ns=2615755075519323 PHASE0 event=refresh-exit thread=0x4c7fd64 fd=-1 eintr_count=0 default=0x9beb8 object=0x9beb8 ip=0x030012ac canary=0x5917d272 fallback_entries=0 canary_addr=0x9bf3c default_addr=0x9beb4 ip_addr=0x9bebc
host_utc=2026-10-01T12:12:16.885+00:00 host_mono_ns=2615756076172097 PHASE0 event=refresh-entry thread=0x4c7fd64 fd=-1 eintr_count=0 default=0x9beb8 object=0x9beb8 ip=0x030012ac canary=0x5917d272 fallback_entries=0 canary_addr=0x9bf3c default_addr=0x9beb4 ip_addr=0x9bebc
host_utc=2026-10-01T12:12:16.886+00:00 host_mono_ns=2615756076346967 PHASE0 event=refresh-exit thread=0x4c7fd64 fd=-1 eintr_count=0 default=0x9beb8 object=0x9beb8 ip=0x030012ac canary=0x5917d272 fallback_entries=0 canary_addr=0x9bf3c default_addr=0x9beb4 ip_addr=0x9bebc
host_utc=2026-10-01T12:12:16.962+00:00 host_mono_ns=2615756152654635 0 msg_sn_low: 24
host_utc=2026-10-01T12:12:16.962+00:00 host_mono_ns=2615756152688979 subscribed msg: 'Hello from mros2-posix onto Linux: 39'
host_utc=2026-10-01T12:12:16.962+00:00 host_mono_ns=2615756152710730 publishing msg: 'Hello from mros2-posix onto Linux: 40'
host_utc=2026-10-01T12:12:16.962+00:00 host_mono_ns=2615756152741298 LOG_DEBUG : 00000040.268 : [MROS2LIB] message get [callback_handler] msg_sn_high: 0 msg_sn_low: 25
host_utc=2026-10-01T12:12:16.962+00:00 host_mono_ns=2615756152757318 subscribed msg: 'Hello from mros2-posix onto Linux: 40'
host_utc=2026-10-01T12:12:16.962+00:00 host_mono_ns=2615756152787085 publishing msg: 'Hello from mros2-posix onto Linux: 41'
host_utc=2026-10-01T12:12:16.962+00:00 host_mono_ns=2615756152799278 LOG_DEBUG : 00000041.270 : [MROS2LIB] message get [callback_handler] msg_sn_high: 0 msg_sn_low: 26
host_utc=2026-10-01T12:12:16.962+00:00 host_mono_ns=2615756152810599 subscribed msg: 'Hello from mros2-posix onto Linux: 41'
host_utc=2026-10-01T12:12:16.962+00:00 host_mono_ns=2615756152822341 publishing msg: 'Hello from mros2-posix onto Linux: 42'
host_utc=2026-10-01T12:12:16.962+00:00 host_mono_ns=2615756152833833 LOG_DEBUG : 00000042.270 : [MROS2LIB] message get [callback_handler] msg_sn_high: 0 msg_sn_low: 27
host_utc=2026-10-01T12:12:16.962+00:00 host_mono_ns=2615756152844723 subscribed msg: 'Hello from mros2-posix onto Linux: 42'
host_utc=2026-10-01T12:12:16.962+00:00 host_mono_ns=2615756152860714 publishing msg: 'Hello from mros2-posix onto Linux: 43'
host_utc=2026-10-01T12:12:16.962+00:00 host_mono_ns=2615756152872245 LOG_DEBUG : 00000043.271 : [MROS2LIB] message get [callback_handler] msg_sn_high: 0 msg_sn_low: 28
host_utc=2026-10-01T12:12:16.962+00:00 host_mono_ns=2615756152883056 subscribed msg: 'Hello from mros2-posix onto Linux: 43'
host_utc=2026-10-01T12:12:16.962+00:00 host_mono_ns=2615756152894527 publishing msg: 'Hello from mros2-posix onto Linux: 44'
host_utc=2026-10-01T12:12:17.886+00:00 host_mono_ns=2615757077193564 LOG_DEBUG : 00000044.272 : [MROS2LIB] message get [callback_handler] msg_sn_high: PHASE0 event=refresh-entry thread=0x4c7fd64 fd=-1 eintr_count=0 default=0x9beb8 object=0x9beb8 ip=0x030012ac canary=0x5917d272 fallback_entries=0 canary_addr=0x9bf3c default_addr=0x9beb4 ip_addr=0x9bebc
host_utc=2026-10-01T12:12:17.887+00:00 host_mono_ns=2615757077263947 PHASE0 event=refresh-exit thread=0x4c7fd64 fd=-1 eintr_count=0 default=0x9beb8 object=0x9beb8 ip=0x030012ac canary=0x5917d272 fallback_entries=0 canary_addr=0x9bf3c default_addr=0x9beb4 ip_addr=0x9bebc
host_utc=2026-10-01T12:12:18.887+00:00 host_mono_ns=2615758078112827 PHASE0 event=refresh-entry thread=0x4c7fd64 fd=-1 eintr_count=0 default=0x9beb8 object=0x9beb8 ip=0x030012ac canary=0x5917d272 fallback_entries=0 canary_addr=0x9bf3c default_addr=0x9beb4 ip_addr=0x9bebc
host_utc=2026-10-01T12:12:18.888+00:00 host_mono_ns=2615758078182669 PHASE0 event=refresh-exit thread=0x4c7fd64 fd=-1 eintr_count=0 default=0x9beb8 object=0x9beb8 ip=0x030012ac canary=0x5917d272 fallback_entries=0 canary_addr=0x9bf3c default_addr=0x9beb4 ip_addr=0x9bebc
host_utc=2026-10-01T12:12:19.888+00:00 host_mono_ns=2615759078839447 PHASE0 event=refresh-entry thread=0x4c7fd64 fd=-1 eintr_count=0 default=0x9beb8 object=0x9beb8 ip=0x030012ac canary=0x5917d272 fallback_entries=0 canary_addr=0x9bf3c default_addr=0x9beb4 ip_addr=0x9bebc
host_utc=2026-10-01T12:12:19.888+00:00 host_mono_ns=2615759079083438 PHASE0 event=refresh-exit thread=0x4c7fd64 fd=-1 eintr_count=0 default=0x9beb8 object=0x9beb8 ip=0x030012ac canary=0x5917d272 fallback_entries=0 canary_addr=0x9bf3c default_addr=0x9beb4 ip_addr=0x9bebc
host_utc=2026-10-01T12:12:20.889+00:00 host_mono_ns=2615760079830305 PHASE0 event=refresh-entry thread=0x4c7fd64 fd=-1 eintr_count=0 default=0x9beb8 object=0x9beb8 ip=0x030012ac canary=0x5917d272 fallback_entries=0 canary_addr=0x9bf3c default_addr=0x9beb4 ip_addr=0x9bebc
host_utc=2026-10-01T12:12:20.889+00:00 host_mono_ns=2615760079910696 PHASE0 event=refresh-exit thread=0x4c7fd64 fd=-1 eintr_count=0 default=0x9beb8 object=0x9beb8 ip=0x030012ac canary=0x5917d272 fallback_entries=0 canary_addr=0x9bf3c default_addr=0x9beb4 ip_addr=0x9bebc
host_utc=2026-10-01T12:12:21.890+00:00 host_mono_ns=2615761080691678 PHASE0 event=refresh-entry thread=0x4c7fd64 fd=-1 eintr_count=0 default=0x9beb8 object=0x9beb8 ip=0x030012ac canary=0x5917d272 fallback_entries=0 canary_addr=0x9bf3c default_addr=0x9beb4 ip_addr=0x9bebc
host_utc=2026-10-01T12:12:21.890+00:00 host_mono_ns=2615761080829117 PHASE0 event=refresh-exit thread=0x4c7fd64 fd=-1 eintr_count=0 default=0x9beb8 object=0x9beb8 ip=0x030012ac canary=0x5917d272 fallback_entries=0 canary_addr=0x9bf3c default_addr=0x9beb4 ip_addr=0x9bebc
host_utc=2026-10-01T12:12:21.967+00:00 host_mono_ns=2615761157548903 0 msg_sn_low: 29
host_utc=2026-10-01T12:12:21.967+00:00 host_mono_ns=2615761157580332 subscribed msg: 'Hello from mros2-posix onto Linux: 44'
host_utc=2026-10-01T12:12:21.967+00:00 host_mono_ns=2615761157598527 publishing msg: 'Hello from mros2-posix onto Linux: 45'
host_utc=2026-10-01T12:12:21.967+00:00 host_mono_ns=2615761157612263 LOG_DEBUG : 00000045.272 : [MROS2LIB] message get [callback_handler] msg_sn_high: 0 msg_sn_low: 2a
host_utc=2026-10-01T12:12:21.967+00:00 host_mono_ns=2615761157625377 subscribed msg: 'Hello from mros2-posix onto Linux: 45'
host_utc=2026-10-01T12:12:21.967+00:00 host_mono_ns=2615761157637580 publishing msg: 'Hello from mros2-posix onto Linux: 46'
host_utc=2026-10-01T12:12:21.967+00:00 host_mono_ns=2615761157649222 LOG_DEBUG : 00000046.273 : [MROS2LIB] message get [callback_handler] msg_sn_high: 0 msg_sn_low: 2b
host_utc=2026-10-01T12:12:21.967+00:00 host_mono_ns=2615761157660343 subscribed msg: 'Hello from mros2-posix onto Linux: 46'
host_utc=2026-10-01T12:12:21.967+00:00 host_mono_ns=2615761157672085 publishing msg: 'Hello from mros2-posix onto Linux: 47'
host_utc=2026-10-01T12:12:21.967+00:00 host_mono_ns=2615761157683337 LOG_DEBUG : 00000047.275 : [MROS2LIB] message get [callback_handler] msg_sn_high: 0 msg_sn_low: 2c
host_utc=2026-10-01T12:12:21.967+00:00 host_mono_ns=2615761157694227 subscribed msg: 'Hello from mros2-posix onto Linux: 47'
host_utc=2026-10-01T12:12:21.967+00:00 host_mono_ns=2615761157705859 publishing msg: 'Hello from mros2-posix onto Linux: 48'
host_utc=2026-10-01T12:12:21.967+00:00 host_mono_ns=2615761157717241 LOG_DEBUG : 00000048.275 : [MROS2LIB] message get [callback_handler] msg_sn_high: 0 msg_sn_low: 2d
host_utc=2026-10-01T12:12:21.967+00:00 host_mono_ns=2615761157728081 subscribed msg: 'Hello from mros2-posix onto Linux: 48'
host_utc=2026-10-01T12:12:21.967+00:00 host_mono_ns=2615761157739944 publishing msg: 'Hello from mros2-posix onto Linux: 49'
host_utc=2026-10-01T12:12:22.118+00:00 host_mono_ns=2615761308954926 LOG_DEBUG : 00000049.276 : [MROS2LIB] message get [callback_handler] msg_sn_high: SIGUSR2 called, 129375855646272
host_utc=2026-10-01T12:12:22.118+00:00 host_mono_ns=2615761309034256 =======スレッドの同時停止開始=========
host_utc=2026-10-01T12:12:22.320+00:00 host_mono_ns=2615761510503131 [06:35:11:678 - 75AAAA0EF840]: Load type section success.
host_utc=2026-10-01T12:12:22.320+00:00 host_mono_ns=2615761510581869 
host_utc=2026-10-01T12:12:22.320+00:00 host_mono_ns=2615761510617486 [06:35:11:706 - 75AAAA0EF840]: Load import section success.
host_utc=2026-10-01T12:12:22.320+00:00 host_mono_ns=2615761510633877 
host_utc=2026-10-01T12:12:22.320+00:00 host_mono_ns=2615761510646341 [06:35:11:806 - 75AAAA0EF840]: Load function section success.
host_utc=2026-10-01T12:12:22.320+00:00 host_mono_ns=2615761510658985 
host_utc=2026-10-01T12:12:22.320+00:00 host_mono_ns=2615761510671058 [06:35:11:810 - 75AAAA0EF840]: Load table section success.
host_utc=2026-10-01T12:12:22.320+00:00 host_mono_ns=2615761510700794 
host_utc=2026-10-01T12:12:22.320+00:00 host_mono_ns=2615761510714299 [06:35:11:811 - 75AAAA0EF840]: Load global section success.
host_utc=2026-10-01T12:12:22.320+00:00 host_mono_ns=2615761510726302 
host_utc=2026-10-01T12:12:22.320+00:00 host_mono_ns=2615761510737784 [06:35:11:813 - 75AAAA0EF840]: Load export section success.
host_utc=2026-10-01T12:12:22.320+00:00 host_mono_ns=2615761510749616 
host_utc=2026-10-01T12:12:22.320+00:00 host_mono_ns=2615761510777148 [06:35:11:814 - 75AAAA0EF840]: Load start section success.
host_utc=2026-10-01T12:12:22.320+00:00 host_mono_ns=2615761510791445 
host_utc=2026-10-01T12:12:22.320+00:00 host_mono_ns=2615761510803067 [06:35:11:818 - 75AAAA0EF840]: Load table segment section success.
host_utc=2026-10-01T12:12:22.320+00:00 host_mono_ns=2615761510815440 
host_utc=2026-10-01T12:12:22.320+00:00 host_mono_ns=2615761510826902 [06:35:11:818 - 75AAAA0EF840]: Load datacount section success.
host_utc=2026-10-01T12:12:22.320+00:00 host_mono_ns=2615761510874321 
host_utc=2026-10-01T12:12:22.320+00:00 host_mono_ns=2615761510889600 [06:35:11:819 - 75AAAA0EF840]: Load code segment section success.
host_utc=2026-10-01T12:12:22.320+00:00 host_mono_ns=2615761510904288 
host_utc=2026-10-01T12:12:22.320+00:00 host_mono_ns=2615761510918435 [06:35:11:820 - 75AAAA0EF840]: Load data segment section success.
host_utc=2026-10-01T12:12:22.320+00:00 host_mono_ns=2615761510964902 
host_utc=2026-10-01T12:12:22.320+00:00 host_mono_ns=2615761510980402 [06:35:11:821 - 75AAAA0EF840]: Ignore custom section [.debug_abbrev].
host_utc=2026-10-01T12:12:22.320+00:00 host_mono_ns=2615761510994749 [06:35:11:821 - 75AAAA0EF840]: Ignore custom section [.debug_info].
host_utc=2026-10-01T12:12:22.320+00:00 host_mono_ns=2615761511061064 [06:35:11:822 - 75AAAA0EF840]: Ignore custom section [.debug_ranges].
host_utc=2026-10-01T12:12:22.320+00:00 host_mono_ns=2615761511084268 [06:35:11:823 - 75AAAA0EF840]: Ignore custom section [.debug_str].
host_utc=2026-10-01T12:12:22.320+00:00 host_mono_ns=2615761511099346 [06:35:11:823 - 75AAAA0EF840]: Ignore custom section [.debug_line].
host_utc=2026-10-01T12:12:22.320+00:00 host_mono_ns=2615761511113824 [06:35:11:824 - 75AAAA0EF840]: Ignore custom section [.debug_loc].
host_utc=2026-10-01T12:12:22.320+00:00 host_mono_ns=2615761511128732 [06:35:11:824 - 75AAAA0EF840]: Ignore custom section [name].
host_utc=2026-10-01T12:12:22.320+00:00 host_mono_ns=2615761511144101 [06:35:11:825 - 75AAAA0EF840]: Ignore custom section [producers].
host_utc=2026-10-01T12:12:22.320+00:00 host_mono_ns=2615761511159009 [06:35:11:826 - 75AAAA0EF840]: Ignore custom section [target_features].
host_utc=2026-10-01T12:12:22.321+00:00 host_mono_ns=2615761511174087 [06:35:11:826 - 75AAAA0EF840]: Found aux __heap_base global, value: 7855056
host_utc=2026-10-01T12:12:22.321+00:00 host_mono_ns=2615761511189326 [06:35:11:827 - 75AAAA0EF840]: Found aux __data_end global, value: 1301444
host_utc=2026-10-01T12:12:22.321+00:00 host_mono_ns=2615761511204094 [06:35:11:828 - 75AAAA0EF840]: Found aux stack top global, value: 7855056, global index: 0, stack size: 6553600
host_utc=2026-10-01T12:12:22.321+00:00 host_mono_ns=2615761511220335 [06:35:11:829 - 75AAAA0EF840]: Found malloc function, name: malloc, index: 3153
host_utc=2026-10-01T12:12:22.321+00:00 host_mono_ns=2615761511234551 [06:35:11:830 - 75AAAA0EF840]: Found free function, name: free, index: 3155
host_utc=2026-10-01T12:12:22.321+00:00 host_mono_ns=2615761511249389 [06:35:11:849 - 75AAAA0EF840]: Load module success.
host_utc=2026-10-01T12:12:22.321+00:00 host_mono_ns=2615761511264278 
host_utc=2026-10-01T12:12:22.321+00:00 host_mono_ns=2615761511279426 [06:35:11:860 - 75AAAA0EF840]: Memory instantiate:
host_utc=2026-10-01T12:12:22.321+00:00 host_mono_ns=2615761511294054 [06:35:11:860 - 75AAAA0EF840]:   page bytes: 65536, init pages: 16384, max pages: 16384
host_utc=2026-10-01T12:12:22.321+00:00 host_mono_ns=2615761511309413 [06:35:11:861 - 75AAAA0EF840]:   heap offset: 1073741824, heap size: 0
host_utc=2026-10-01T12:12:22.321+00:00 host_mono_ns=2615761511323950 
host_utc=2026-10-01T12:12:22.321+00:00 host_mono_ns=2615761511337997 [06:35:11:889 - 75AAAA0EF840]: Memory instantiate success.
host_utc=2026-10-01T12:12:22.321+00:00 host_mono_ns=2615761511352705 [06:35:11:025 - 75AAAA0EF840]: warning: failed to link import function (env, pthread_exit)
host_utc=2026-10-01T12:12:22.321+00:00 host_mono_ns=2615761511367022 [06:35:11:295 - 75AAAA0EF840]: warning: failed to link import function (env, pthread_exit)
host_utc=2026-10-01T12:12:22.321+00:00 host_mono_ns=2615761511381349 [06:35:11:896 - 75AAA9E68640]: warning: failed to link import function (env, pthread_exit)
host_utc=2026-10-01T12:12:22.321+00:00 host_mono_ns=2615761511394393 [06:35:11:394 - 75AAA9E68640]: warning: failed to link import function (env, pthread_exit)
host_utc=2026-10-01T12:12:22.321+00:00 host_mono_ns=2615761511408780 [06:35:11:010 - 75AAAA0EF840]: warning: failed to link import function (env, pthread_exit)
host_utc=2026-10-01T12:12:22.321+00:00 host_mono_ns=2615761511436012 [06:35:11:087 - 75AAAA0EF840]: warning: failed to link import function (env, pthread_exit)
host_utc=2026-10-01T12:12:22.321+00:00 host_mono_ns=2615761511447253 [06:35:12:111 - 75AAAA0EF840]: warning: failed to link import function (env, pthread_exit)
host_utc=2026-10-01T12:12:22.321+00:00 host_mono_ns=2615761511457923 [06:35:12:188 - 75AAAA0EF840]: warning: failed to link import function (env, pthread_exit)
host_utc=2026-10-01T12:12:22.321+00:00 host_mono_ns=2615761511470587 [06:35:12:800 - 75AAAA0EF840]: warning: failed to link import function (env, pthread_exit)
host_utc=2026-10-01T12:12:22.321+00:00 host_mono_ns=2615761511484784 [06:35:12:505 - 75AAA9E68640]: warning: failed to link import function (env, pthread_exit)
host_utc=2026-10-01T12:12:22.321+00:00 host_mono_ns=2615761511495674 [06:35:12:469 - 75AAA9E68640]: warning: failed to link import function (env, pthread_exit)
host_utc=2026-10-01T12:12:22.321+00:00 host_mono_ns=2615761511506244 [06:35:12:064 - 75AAA9E68640]: warning: failed to link import function (env, pthread_exit)
host_utc=2026-10-01T12:12:22.321+00:00 host_mono_ns=2615761511517275 checkpoint
host_utc=2026-10-01T12:12:22.321+00:00 host_mono_ns=2615761511528126 do_checkpoint_1
host_utc=2026-10-01T12:12:22.321+00:00 host_mono_ns=2615761511538916 wasm_cluster_increase_checkpointing_counter called 1
host_utc=2026-10-01T12:12:22.321+00:00 host_mono_ns=2615761511550047 wasm_cluster_increase_checkpointing_counter called 2
host_utc=2026-10-01T12:12:22.321+00:00 host_mono_ns=2615761511561048 wasm_cluster_increase_checkpointing_counter called 3
host_utc=2026-10-01T12:12:22.321+00:00 host_mono_ns=2615761511571798 do_checkpoint_2
host_utc=2026-10-01T12:12:22.321+00:00 host_mono_ns=2615761511585644 checkpoint
host_utc=2026-10-01T12:12:22.321+00:00 host_mono_ns=2615761511597807 do_checkpoint_1
host_utc=2026-10-01T12:12:22.321+00:00 host_mono_ns=2615761511608447 wasm_cluster_increase_checkpointing_counter called 1
host_utc=2026-10-01T12:12:22.321+00:00 host_mono_ns=2615761511619007 wasm_cluster_increase_checkpointing_counter called 2
host_utc=2026-10-01T12:12:22.321+00:00 host_mono_ns=2615761511629667 wasm_cluster_increase_checkpointing_counter called 3
host_utc=2026-10-01T12:12:22.321+00:00 host_mono_ns=2615761511640167 do_checkpoint_2
host_utc=2026-10-01T12:12:22.321+00:00 host_mono_ns=2615761511650607 checkpoint
host_utc=2026-10-01T12:12:22.321+00:00 host_mono_ns=2615761511663862 do_checkpoint_1
host_utc=2026-10-01T12:12:22.321+00:00 host_mono_ns=2615761511677919 wasm_cluster_increase_checkpointing_counter called 1
host_utc=2026-10-01T12:12:22.321+00:00 host_mono_ns=2615761511692025 wasm_cluster_increase_checkpointing_counter called 2
host_utc=2026-10-01T12:12:22.321+00:00 host_mono_ns=2615761511706663 wasm_cluster_increase_checkpointing_counter called 3
host_utc=2026-10-01T12:12:22.321+00:00 host_mono_ns=2615761511720008 do_checkpoint_2
host_utc=2026-10-01T12:12:22.321+00:00 host_mono_ns=2615761511733894 checkpoint
host_utc=2026-10-01T12:12:22.321+00:00 host_mono_ns=2615761511746598 do_checkpoint_1
host_utc=2026-10-01T12:12:22.321+00:00 host_mono_ns=2615761511757188 wasm_cluster_increase_checkpointing_counter called 1
host_utc=2026-10-01T12:12:22.321+00:00 host_mono_ns=2615761511770984 wasm_cluster_increase_checkpointing_counter called 2
host_utc=2026-10-01T12:12:22.321+00:00 host_mono_ns=2615761511785822 wasm_cluster_increase_checkpointing_counter called 3
host_utc=2026-10-01T12:12:22.321+00:00 host_mono_ns=2615761511800380 do_checkpoint_2
host_utc=2026-10-01T12:12:22.321+00:00 host_mono_ns=2615761511813024 do_checkpoint_1
host_utc=2026-10-01T12:12:22.321+00:00 host_mono_ns=2615761511825587 wasm_cluster_increase_checkpointing_counter called 1
host_utc=2026-10-01T12:12:22.321+00:00 host_mono_ns=2615761511840095 wasm_cluster_increase_checkpointing_counter called 2
host_utc=2026-10-01T12:12:22.321+00:00 host_mono_ns=2615761511909235 wasm_cluster_increase_checkpointmemory, 782
host_utc=2026-10-01T12:12:22.321+00:00 host_mono_ns=2615761511938561 memory, 782
host_utc=2026-10-01T12:12:22.321+00:00 host_mono_ns=2615761511954751 memory, 461
host_utc=2026-10-01T12:12:22.321+00:00 host_mono_ns=2615761511969800 memory, 461
host_utc=2026-10-01T12:12:22.321+00:00 host_mono_ns=2615761511980810 memory, 180
host_utc=2026-10-01T12:12:22.321+00:00 host_mono_ns=2615761511993374 memory, 691
host_utc=2026-10-01T12:12:22.321+00:00 host_mono_ns=2615761512020235 memory, 311
host_utc=2026-10-01T12:12:22.321+00:00 host_mono_ns=2615761512041505 memory, 191
host_utc=2026-10-01T12:12:22.321+00:00 host_mono_ns=2615761512056373 memory, 181
host_utc=2026-10-01T12:12:22.321+00:00 host_mono_ns=2615761512070720 memory, 251
host_utc=2026-10-01T12:12:22.321+00:00 host_mono_ns=2615761512084757 global, 229293
host_utc=2026-10-01T12:12:22.321+00:00 host_mono_ns=2615761512098513 global, 251895
host_utc=2026-10-01T12:12:22.321+00:00 host_mono_ns=2615761512110886 memory, 301
host_utc=2026-10-01T12:12:22.321+00:00 host_mono_ns=2615761512121326 global, 426254
host_utc=2026-10-01T12:12:22.321+00:00 host_mono_ns=2615761512131655 global, 436114
host_utc=2026-10-01T12:12:22.321+00:00 host_mono_ns=2615761512141985 global, 575987
host_utc=2026-10-01T12:12:22.321+00:00 host_mono_ns=2615761512155681 global, 594914
host_utc=2026-10-01T12:12:22.322+00:00 host_mono_ns=2615761512170509 ing_counter called 3
host_utc=2026-10-01T12:12:22.322+00:00 host_mono_ns=2615761512185998 do_checkpoint_2
host_utc=2026-10-01T12:12:22.322+00:00 host_mono_ns=2615761512200886 do_checkpoint_1
host_utc=2026-10-01T12:12:22.322+00:00 host_mono_ns=2615761512216195 wasm_cluster_increase_checkpointing_counter called 1
host_utc=2026-10-01T12:12:22.322+00:00 host_mono_ns=2615761512231604 wasm_cluster_increase_checkpointing_counter called 2
host_utc=2026-10-01T12:12:22.322+00:00 host_mono_ns=2615761512246332 wasm_cluster_increase_checkpointing_counter called 3
host_utc=2026-10-01T12:12:22.322+00:00 host_mono_ns=2615761512261711 do_checkpoint_2
host_utc=2026-10-01T12:12:22.322+00:00 host_mono_ns=2615761512276699 do_checkpoint_1
host_utc=2026-10-01T12:12:22.322+00:00 host_mono_ns=2615761512291868 wasm_cluster_increase_checkpointing_counter called 1
host_utc=2026-10-01T12:12:22.322+00:00 host_mono_ns=2615761512306916 wasm_cluster_increase_checkpointing_counter called 2
host_utc=2026-10-01T12:12:22.322+00:00 host_mono_ns=2615761512322085 wasm_cluster_increase_checkpointing_counter called 3
host_utc=2026-10-01T12:12:22.322+00:00 host_mono_ns=2615761512336261 do_checkpoint_2
host_utc=2026-10-01T12:12:22.322+00:00 host_mono_ns=2615761512351600 do_checkpoint_1
host_utc=2026-10-01T12:12:22.322+00:00 host_mono_ns=2615761512366919 wasm_cluster_increase_checkpointing_counter called 1
host_utc=2026-10-01T12:12:22.322+00:00 host_mono_ns=2615761512378521 wasm_cluster_increase_checkpointing_counter called 2
host_utc=2026-10-01T12:12:22.322+00:00 host_mono_ns=2615761512392868 wasm_cluster_increase_checkpointing_counter called 3
host_utc=2026-10-01T12:12:22.322+00:00 host_mono_ns=2615761512405202 do_checkpoint_1
host_utc=2026-10-01T12:12:22.322+00:00 host_mono_ns=2615761512418296 wasm_cluster_increase_checkpointing_counter called 1
host_utc=2026-10-01T12:12:22.322+00:00 host_mono_ns=2615761512432493 do_checkpoint_1
host_utc=2026-10-01T12:12:22.322+00:00 host_mono_ns=2615761512443073 do_checkpoint_2
host_utc=2026-10-01T12:12:22.322+00:00 host_mono_ns=2615761512454004 do_checkpoint_1
host_utc=2026-10-01T12:12:22.322+00:00 host_mono_ns=2615761512467840 wasm_cluster_increase_checkpointing_counter called 1
host_utc=2026-10-01T12:12:22.322+00:00 host_mono_ns=2615761512480895 wasm_cluster_increase_checkpointing_counter called 1
host_utc=2026-10-01T12:12:22.322+00:00 host_mono_ns=2615761512492426 do_checkpoint_1
host_utc=2026-10-01T12:12:22.322+00:00 host_mono_ns=2615761512503367 wasm_cluster_increase_checkpointing_counter called 1
host_utc=2026-10-01T12:12:22.322+00:00 host_mono_ns=2615761512514037 wasm_cluster_increase_checkpointing_counter called 2
host_utc=2026-10-01T12:12:22.322+00:00 host_mono_ns=2615761512527332 wasm_cluster_increase_checkpointing_counter called 3
host_utc=2026-10-01T12:12:22.322+00:00 host_mono_ns=2615761512553462 do_checkpoint_2
host_utc=2026-10-01T12:12:22.322+00:00 host_mono_ns=2615761512568390 wasm_cluster_increase_checkpointing_counter called 2
host_utc=2026-10-01T12:12:22.322+00:00 host_mono_ns=2615761512582346 wasm_cluster_increase_checkpointing_counter called 3
host_utc=2026-10-01T12:12:22.322+00:00 host_mono_ns=2615761512595641 do_checkpoint_2
host_utc=2026-10-01T12:12:22.322+00:00 host_mono_ns=2615761512609327 wasm_cluster_increase_checkpointing_counter called 2
host_utc=2026-10-01T12:12:22.322+00:00 host_mono_ns=2615761512623363 wasm_cluster_increase_checkpointing_counter called 3
host_utc=2026-10-01T12:12:22.322+00:00 host_mono_ns=2615761512637600 do_checkpoint_2
host_utc=2026-10-01T12:12:22.322+00:00 host_mono_ns=2615761512651777 wasm_cluster_increase_checkpointing_counter called 2
host_utc=2026-10-01T12:12:22.322+00:00 host_mono_ns=2615761512665433 wasm_cluster_increase_checkpointing_counter called 3
host_utc=2026-10-01T12:12:22.322+00:00 host_mono_ns=2615761512678948 do_checkpoint_2
host_utc=2026-10-01T12:12:22.322+00:00 host_mono_ns=2615761512692915 do_checkpoint_3
host_utc=2026-10-01T12:12:22.322+00:00 host_mono_ns=2615761512706931 do_checkpoint_3
host_utc=2026-10-01T12:12:22.322+00:00 host_mono_ns=2615761512720066 9-Thread checkpoint started
host_utc=2026-10-01T12:12:22.322+00:00 host_mono_ns=2615761512733471 7-Thread checkpoint started
host_utc=2026-10-01T12:12:22.322+00:00 host_mono_ns=2615761512746756 do_checkpoint_3
host_utc=2026-10-01T12:12:22.322+00:00 host_mono_ns=2615761512759911 do_checkpoint_3
host_utc=2026-10-01T12:12:22.322+00:00 host_mono_ns=2615761512773737 11-Thread checkpoint started
host_utc=2026-10-01T12:12:22.322+00:00 host_mono_ns=2615761512787614 6-Thread checkpoint started
host_utc=2026-10-01T12:12:22.322+00:00 host_mono_ns=2615761512802001 do_checkpoint_3
host_utc=2026-10-01T12:12:22.322+00:00 host_mono_ns=2615761512815847 do_checkpoint_3
host_utc=2026-10-01T12:12:22.322+00:00 host_mono_ns=2615761512829954 do_checkpoint_3
host_utc=2026-10-01T12:12:22.322+00:00 host_mono_ns=2615761512843900 do_checkpoint_3
host_utc=2026-10-01T12:12:22.322+00:00 host_mono_ns=2615761512857956 8-Thread checkpoint started
host_utc=2026-10-01T12:12:22.322+00:00 host_mono_ns=2615761512872334 10-Thread checkpoint started
host_utc=2026-10-01T12:12:22.322+00:00 host_mono_ns=2615761512886440 5-Thread checkpoint started
host_utc=2026-10-01T12:12:22.322+00:00 host_mono_ns=2615761512900206 do_checkpoint_3
host_utc=2026-10-01T12:12:22.322+00:00 host_mono_ns=2615761512913892 3-Thread checkpoint started
host_utc=2026-10-01T12:12:22.322+00:00 host_mono_ns=2615761512927618 do_checkpoint_3
host_utc=2026-10-01T12:12:22.322+00:00 host_mono_ns=2615761512940963 2-Thread checkpoint started
host_utc=2026-10-01T12:12:22.322+00:00 host_mono_ns=2615761512955250 do_checkpoint_3
host_utc=2026-10-01T12:12:22.322+00:00 host_mono_ns=2615761512968766 main-Thread checkpoint started
host_utc=2026-10-01T12:12:22.322+00:00 host_mono_ns=2615761512982882 do_checkpoint_3
host_utc=2026-10-01T12:12:22.322+00:00 host_mono_ns=2615761512996147 1-Thread checkpoint started
host_utc=2026-10-01T12:12:22.322+00:00 host_mono_ns=2615761513020654 4-Thread checkpoint started
host_utc=2026-10-01T12:12:22.322+00:00 host_mono_ns=2615761513040621 Stack: [ 11 10 9 8 7 6 5 3 2 1 0 ]
host_utc=2026-10-01T12:12:22.322+00:00 host_mono_ns=2615761513055109 Stack: [ 2 1 1 1 1 1 1 2 1 1 1 ]
host_utc=2026-10-01T12:12:22.322+00:00 host_mono_ns=2615761513069446 Stack: [ 11 10 9 8 7 6 5 3 2 1 0 ]
host_utc=2026-10-01T12:12:22.322+00:00 host_mono_ns=2615761513083172 Stack: [ 2 1 1 1 1 1 1 2 1 1 1 ]
host_utc=2026-10-01T12:12:22.322+00:00 host_mono_ns=2615761513096617 Stack: [ 11 10 9 8 7 6 5 3 2 1 0 ]
host_utc=2026-10-01T12:12:22.322+00:00 host_mono_ns=2615761513110413 Stack: [ 2 1 1 1 1 1 1 2 1 1 1 ]
host_utc=2026-10-01T12:12:22.322+00:00 host_mono_ns=2615761513124520 [2026-10-01 12:12:22.320] [info] stack_count=11, stack_size=13
host_utc=2026-10-01T12:12:22.322+00:00 host_mono_ns=2615761513139207 
host_utc=2026-10-01T12:12:22.322+00:00 host_mono_ns=2615761513164435 Stack: [ 11 10 9 [2026-10-01 12:12:22.320] [info] stack_count=11, stack_size=13
host_utc=2026-10-01T12:12:22.323+00:00 host_mono_ns=2615761513179644 
host_utc=2026-10-01T12:12:22.323+00:00 host_mono_ns=2615761513193710 [2026-10-01 12:12:22.320] [info] locals: {count=5, size=6}
host_utc=2026-10-01T12:12:22.323+00:00 host_mono_ns=2615761513207807 
host_utc=2026-10-01T12:12:22.323+00:00 host_mono_ns=2615761513221413 [2026-10-01 12:12:22.320] [info] local_count=5, local_size=6
host_utc=2026-10-01T12:12:22.323+00:00 host_mono_ns=2615761513235219 
host_utc=2026-10-01T12:12:22.323+00:00 host_mono_ns=2615761513248123 8 7 6 5 3 2 1 0 ]
host_utc=2026-10-01T12:12:22.323+00:00 host_mono_ns=2615761513261709 Stack: [ 2 1 1 1 1 1 1 2 1 1 1 ]
host_utc=2026-10-01T12:12:22.323+00:00 host_mono_ns=2615761513272489 [2026-10-01 12:12:22.320] [info] stack_count=11, stack_size=13
host_utc=2026-10-01T12:12:22.323+00:00 host_mono_ns=2615761513283069 
host_utc=2026-10-01T12:12:22.323+00:00 host_mono_ns=2615761513294991 [2026-10-01 12:12:22.320] [info] local_count=5, local_size=6
host_utc=2026-10-01T12:12:22.323+00:00 host_mono_ns=2615761513308387 
host_utc=2026-10-01T12:12:22.323+00:00 host_mono_ns=2615761513322233 [2026-10-01 12:12:22.320] [info] locals: {count=5, size=6}
host_utc=2026-10-01T12:12:22.323+00:00 host_mono_ns=2615761513336340 
host_utc=2026-10-01T12:12:22.323+00:00 host_mono_ns=2615761513350366 [2026-10-01 12:12:22.320] [info] stack_count=11, stack_size=13
host_utc=2026-10-01T12:12:22.323+00:00 host_mono_ns=2615761513364753 
host_utc=2026-10-01T12:12:22.323+00:00 host_mono_ns=2615761513378409 [2026-10-01 12:12:22.320] [info] local_count=5, local_size=6
host_utc=2026-10-01T12:12:22.323+00:00 host_mono_ns=2615761513392265 
host_utc=2026-10-01T12:12:22.323+00:00 host_mono_ns=2615761513405690 Stack: [ 22 21 20 19 18 17 16 15 14 13 12 26-10-01 12:12:22.320] [info] value_stack: {count=6, size=7}
host_utc=2026-10-01T12:12:22.323+00:00 host_mono_ns=2615761513419557 
host_utc=2026-10-01T12:12:22.323+00:00 host_mono_ns=2615761513432862 Stack: [ [2026-10-01 12:12:22.320] [info] value_stack: {count=6, size=7}
host_utc=2026-10-01T12:12:22.323+00:00 host_mono_ns=2615761513447199 
host_utc=2026-10-01T12:12:22.323+00:00 host_mono_ns=2615761513460624 10 Stack: Stack: [2026-10-01 12:12:22.320] [info] value_stack: {count=6, size=7}
host_utc=2026-10-01T12:12:22.323+00:00 host_mono_ns=2615761513474581 
host_utc=2026-10-01T12:12:22.323+00:00 host_mono_ns=2615761513488096 8 6 5 4 3 2 1 0 ]
host_utc=2026-10-01T12:12:22.323+00:00 host_mono_ns=2615761513501121 Stack: [ 1 1 1 2 1 1 1 1 1 1 ]
host_utc=2026-10-01T12:12:22.323+00:00 host_mono_ns=2615761513513885 [ 10 9 8 6 5 4 3 Stack: [ [2026-10-01 12:12:22.320] [info] stack_count=10, stack_size=11
host_utc=2026-10-01T12:12:22.323+00:00 host_mono_ns=2615761513527060 
host_utc=2026-10-01T12:12:22.323+00:00 host_mono_ns=2615761513539784 10 2 [ [2026-10-01 12:12:22.320] [info] local_count=8, local_size=9
host_utc=2026-10-01T12:12:22.323+00:00 host_mono_ns=2615761513552678 
host_utc=2026-10-01T12:12:22.323+00:00 host_mono_ns=2615761513565602 11 1 0 ]
host_utc=2026-10-01T12:12:22.323+00:00 host_mono_ns=2615761513579238 Stack: [ 1 1 1 2 1 1 1 1 1 1 ]
host_utc=2026-10-01T12:12:22.323+00:00 host_mono_ns=2615761513592493 [2026-10-01 12:12:22.320] [info] stack_count=10, stack_size=11
host_utc=2026-10-01T12:12:22.323+00:00 host_mono_ns=2615761513605588 
host_utc=2026-10-01T12:12:22.323+00:00 host_mono_ns=2615761513619123 [2026-10-01 12:12:22.320] [info] local_count=8, local_size=9
host_utc=2026-10-01T12:12:22.323+00:00 host_mono_ns=2615761513633501 
host_utc=2026-10-01T12:12:22.323+00:00 host_mono_ns=2615761513646575 10 [2026-10-01 12:12:22.320] [info] locals: {count=8, size=9}
host_utc=2026-10-01T12:12:22.323+00:00 host_mono_ns=2615761513660411 
host_utc=2026-10-01T12:12:22.323+00:00 host_mono_ns=2615761513674007 Stack: [ 22 21 20 19 18 17 16 15 14 13 12 11 10 9 8 [2026-10-01 12:12:22.320] [info] value_stack: {count=2, size=2}
host_utc=2026-10-01T12:12:22.323+00:00 host_mono_ns=2615761513698824 
host_utc=2026-10-01T12:12:22.323+00:00 host_mono_ns=2615761513713131 global, 618828
host_utc=2026-10-01T12:12:22.323+00:00 host_mono_ns=2615761513727328 global, 644998
host_utc=2026-10-01T12:12:22.323+00:00 host_mono_ns=2615761513741254 global, 670516
host_utc=2026-10-01T12:12:22.323+00:00 host_mono_ns=2615761513754920 global, 688530
host_utc=2026-10-01T12:12:22.323+00:00 host_mono_ns=2615761513768626 program counter, 612877
host_utc=2026-10-01T12:12:22.323+00:00 host_mono_ns=2615761513782973 program counter, 639437
host_utc=2026-10-01T12:12:22.323+00:00 host_mono_ns=2615761513797220 program counter, 470017
host_utc=2026-10-01T12:12:22.323+00:00 host_mono_ns=2615761513810916 global, 660457
host_utc=2026-10-01T12:12:22.323+00:00 host_mono_ns=2615761513824291 program counter, 472943
host_utc=2026-10-01T12:12:22.323+00:00 host_mono_ns=2615761513837135 program counter, 381691
host_utc=2026-10-01T12:12:22.323+00:00 host_mono_ns=2615761513850049 program counter, 379807
host_utc=2026-10-01T12:12:22.323+00:00 host_mono_ns=2615761513863144 program counter, 375539
host_utc=2026-10-01T12:12:22.323+00:00 host_mono_ns=2615761513876239 program counter, 377312
host_utc=2026-10-01T12:12:22.323+00:00 host_mono_ns=2615761513889334 program counter, 377352
host_utc=2026-10-01T12:12:22.323+00:00 host_mono_ns=2615761513902569 program counter, 358737
host_utc=2026-10-01T12:12:22.323+00:00 host_mono_ns=2615761513916565 11 10 9 8 7 6 5 4 3 2 1 0 ]
host_utc=2026-10-01T12:12:22.323+00:00 host_mono_ns=2615761513930060 Stack: [ 1 1 1 1 1 1 1 1 1 1 1 1 1 1 1 1 1 1 1 1 1 1 1 ]
host_utc=2026-10-01T12:12:22.323+00:00 host_mono_ns=2615761513943546 9 Stack: 8 [ 9 7 6 9 [2026-10-01 12:12:22.320] [info] locals: {count=5, size=6}
host_utc=2026-10-01T12:12:22.323+00:00 host_mono_ns=2615761513957061 
host_utc=2026-10-01T12:12:22.323+00:00 host_mono_ns=2615761513970647 5 3 2 1 0 ]
host_utc=2026-10-01T12:12:22.323+00:00 host_mono_ns=2615761513984934 Stack: [ 2 1 1 1 1 1 1 2 1 1 1 ]
host_utc=2026-10-01T12:12:22.323+00:00 host_mono_ns=2615761513999091 [2026-10-01 12:12:22.320] [info] value_stack: {count=6, size=7}
host_utc=2026-10-01T12:12:22.323+00:00 host_mono_ns=2615761514027214 
host_utc=2026-10-01T12:12:22.323+00:00 host_mono_ns=2615761514040539 7 Stack: Stack: [ [ 22 6 [2026-10-01 12:12:22.320] [info] local_count=5, local_size=6
host_utc=2026-10-01T12:12:22.323+00:00 host_mono_ns=2615761514054445 
host_utc=2026-10-01T12:12:22.323+00:00 host_mono_ns=2615761514068702 9 [2026-10-01 12:12:22.320] [info] stack_count=23, stack_size=23
host_utc=2026-10-01T12:12:22.323+00:00 host_mono_ns=2615761514082719 
host_utc=2026-10-01T12:12:22.323+00:00 host_mono_ns=2615761514096094 [2026-10-01 12:12:22.320] [info] locals: {count=5, size=6}
host_utc=2026-10-01T12:12:22.323+00:00 host_mono_ns=2615761514110160 
host_utc=2026-10-01T12:12:22.323+00:00 host_mono_ns=2615761514124177 Stack: [ 11 10 9 8 [2026-10-01 12:12:22.320] [info] value_stack: {count=6, size=7}
host_utc=2026-10-01T12:12:22.323+00:00 host_mono_ns=2615761514137983 
host_utc=2026-10-01T12:12:22.323+00:00 host_mono_ns=2615761514151569 7 6 5 3 2 1 0 ]
host_utc=2026-10-01T12:12:22.323+00:00 host_mono_ns=2615761514162770 Stack: [ 2 1 1 1 1 1 1 2 1 [2026-10-01 12:12:22.320] [info] local_count=22, local_size=22
host_utc=2026-10-01T12:12:22.324+00:00 host_mono_ns=2615761514173590 
host_utc=2026-10-01T12:12:22.324+00:00 host_mono_ns=2615761514184010 1 10 Stack: 9 [ 10 9 8 6 9 21 Stack: 9 [ 5 20 4 8 19 6 8 3 5 18 6 4 3 2 2 17 9 1 0 1 0 8 7 6 5 16 [2026-10-01 12:12:22.320] [info] locals: {count=8, size=9}
host_utc=2026-10-01T12:12:22.324+00:00 host_mono_ns=2615761514197024 
host_utc=2026-10-01T12:12:22.324+00:00 host_mono_ns=2615761514211001 ]
host_utc=2026-10-01T12:12:22.324+00:00 host_mono_ns=2615761514225258 ]
host_utc=2026-10-01T12:12:22.324+00:00 host_mono_ns=2615761514239525 5 Stack: [2026-10-01 12:12:22.320] [info] value_stack: {count=2, size=2}
host_utc=2026-10-01T12:12:22.324+00:00 host_mono_ns=2615761514252870 
host_utc=2026-10-01T12:12:22.324+00:00 host_mono_ns=2615761514266305 program counter, 295448
host_utc=2026-10-01T12:12:22.324+00:00 host_mono_ns=2615761514290180 15 5 14 Stack: 13 [ 9 9 Stack: 12 9 Stack: [ 11 10 9 8 7 6 [ 1 1 1 2 4 5 9 1 3 9 1 3 2 1 1 1 1 2 1 0 ]
host_utc=2026-10-01T12:12:22.324+00:00 host_mono_ns=2615761514303676 1 1 0 [ Stack: ]
host_utc=2026-10-01T12:12:22.324+00:00 host_mono_ns=2615761514316490 ]
host_utc=2026-10-01T12:12:22.324+00:00 host_mono_ns=2615761514330036 ]
host_utc=2026-10-01T12:12:22.324+00:00 host_mono_ns=2615761514343170 22 [ 2 1 [2026-10-01 12:12:22.320] [info] stack_count=11, stack_size=13
host_utc=2026-10-01T12:12:22.324+00:00 host_mono_ns=2615761514357187 
host_utc=2026-10-01T12:12:22.324+00:00 host_mono_ns=2615761514370963 21 8 20 19 7 18 11 4 Stack: [ 3 2 1 10 1 [2026-10-01 12:12:22.320] [info] stack_count=10, stack_size=11
host_utc=2026-10-01T12:12:22.324+00:00 host_mono_ns=2615761514385280 
host_utc=2026-10-01T12:12:22.324+00:00 host_mono_ns=2615761514399366 1 9 8 7 6 0 5 6 ]
host_utc=2026-10-01T12:12:22.324+00:00 host_mono_ns=2615761514412932 1 Stack: 4 1 5 [ 17 1 3 [2026-10-01 12:12:22.320] [info] local_count=8, local_size=9
host_utc=2026-10-01T12:12:22.324+00:00 host_mono_ns=2615761514427590 
host_utc=2026-10-01T12:12:22.324+00:00 host_mono_ns=2615761514441226 2 1 0 1 ]
host_utc=2026-10-01T12:12:22.324+00:00 host_mono_ns=2615761514456154 1 1 1 1 1 Stack: [2026-10-01 12:12:22.320] [info] locals: {count=8, size=9}
host_utc=2026-10-01T12:12:22.324+00:00 host_mono_ns=2615761514471453 
host_utc=2026-10-01T12:12:22.324+00:00 host_mono_ns=2615761514485669 [ 1 1 1 1 1 1 1 16 [2026-10-01 12:12:22.321] [info] value_stack: {count=2, size=2}
host_utc=2026-10-01T12:12:22.324+00:00 host_mono_ns=2615761514500547 
host_utc=2026-10-01T12:12:22.324+00:00 host_mono_ns=2615761514514744 2 15 14 13 12 11 10 9 8 7 6 5 1 1 2 4 1 1 1 3 1 1 2 Stack: [ 9 4 4 1 1 1 0 3 ]
host_utc=2026-10-01T12:12:22.324+00:00 host_mono_ns=2615761514528861 1 2 Stack: [ 1 1 1 1 [2026-10-01 12:12:22.320] [info] locals: {count=5, size=6}
host_utc=2026-10-01T12:12:22.324+00:00 host_mono_ns=2615761514539822 
host_utc=2026-10-01T12:12:22.324+00:00 host_mono_ns=2615761514549971 3 1 1 9 0 2 1 1 9 1 9 1 ]
host_utc=2026-10-01T12:12:22.324+00:00 host_mono_ns=2615761514560431 Stack: [2026-10-01 12:12:22.321] [info] value_stack: {count=6, size=7}
host_utc=2026-10-01T12:12:22.324+00:00 host_mono_ns=2615761514573906 
host_utc=2026-10-01T12:12:22.324+00:00 host_mono_ns=2615761514586129 1 1 9 1 1 1 1 ]
host_utc=2026-10-01T12:12:22.324+00:00 host_mono_ns=2615761514599594 Stack: [ 1 1 1 1 0 1 1 8 ]
host_utc=2026-10-01T12:12:22.324+00:00 host_mono_ns=2615761514614272 Stack: [ 1 1 1 1 1 1 7 6 5 4 3 1 1[2026-10-01 12:12:22.321] [info] local_count=8, local_size=9
host_utc=2026-10-01T12:12:22.324+00:00 host_mono_ns=2615761514629591 
host_utc=2026-10-01T12:12:22.324+00:00 host_mono_ns=2615761514643848 2 1 0 ]
host_utc=2026-10-01T12:12:22.324+00:00 host_mono_ns=2615761514658446 Stack: [ 1 1 1 1 1 1 1 1 1 1 1 1 1 1 ]
host_utc=2026-10-01T12:12:22.324+00:00 host_mono_ns=2615761514673915 1 ]
host_utc=2026-10-01T12:12:22.324+00:00 host_mono_ns=2615761514689063 1 1 1 1 1 1 1 1 1 1 1 1 1 1 1 1 1 1 [2026-10-01 12:12:22.321] [info] locals: {count=8, size=9}
host_utc=2026-10-01T12:12:22.324+00:00 host_mono_ns=2615761514703751 
host_utc=2026-10-01T12:12:22.324+00:00 host_mono_ns=2615761514717798 1 1 1 1 1 1 1 1 1 1 1 1 1 1 1 [2026-10-01 12:12:22.321] [info] value_stack: {count=2, size=2}
host_utc=2026-10-01T12:12:22.324+00:00 host_mono_ns=2615761514732656 
host_utc=2026-10-01T12:12:22.324+00:00 host_mono_ns=2615761514747514 1 1 1 ]
host_utc=2026-10-01T12:12:22.324+00:00 host_mono_ns=2615761514761711 1 1 1 1 1 1 1 1 1 ]
host_utc=2026-10-01T12:12:22.324+00:00 host_mono_ns=2615761514775988 [2026-10-01 12:12:22.321] [info] value_stack: {count=1, size=1}
host_utc=2026-10-01T12:12:22.324+00:00 host_mono_ns=2615761514790605 
host_utc=2026-10-01T12:12:22.324+00:00 host_mono_ns=2615761514804602 Stack: [ 1[2026-10-01 12:12:22.321] [info] stack_count=23, stack_size=23
host_utc=2026-10-01T12:12:22.324+00:00 host_mono_ns=2615761514820131 
host_utc=2026-10-01T12:12:22.324+00:00 host_mono_ns=2615761514845118 1 1 1 1 ]
host_utc=2026-10-01T12:12:22.324+00:00 host_mono_ns=2615761514860076 [2026-10-01 12:12:22.321] [info] local_count=22, local_size=22
host_utc=2026-10-01T12:12:22.324+00:00 host_mono_ns=2615761514875165 
host_utc=2026-10-01T12:12:22.324+00:00 host_mono_ns=2615761514889963 1 Stack: [ 76 1 1 1 9 75 1 1 1 9 1 74 73 72 1 9 [2026-10-01 12:12:22.321] [info] locals: {count=22, size=22}
host_utc=2026-10-01T12:12:22.324+00:00 host_mono_ns=2615761514905171 
host_utc=2026-10-01T12:12:22.324+00:00 host_mono_ns=2615761514919428 9 9 8 7 6 5 4 1 3 2 1 0 ]
host_utc=2026-10-01T12:12:22.324+00:00 host_mono_ns=2615761514932924 Stack: [ 1 1 1 1 1 1 1 1 1 1 1 1 1 1 ]
host_utc=2026-10-01T12:12:22.324+00:00 host_mono_ns=2615761514943654 1 1 71 2 8 Stack: [ 76 75 74 [2026-10-01 12:12:22.321] [info] local_count=9, local_size=9
host_utc=2026-10-01T12:12:22.324+00:00 host_mono_ns=2615761514954404 
host_utc=2026-10-01T12:12:22.324+00:00 host_mono_ns=2615761514965716 70 1 6 5 4 ]
host_utc=2026-10-01T12:12:22.324+00:00 host_mono_ns=2615761514976175 3 2 1 0 69 ]
host_utc=2026-10-01T12:12:22.324+00:00 host_mono_ns=2615761514986575 68 67 66 1 1 1 ]
host_utc=2026-10-01T12:12:22.324+00:00 host_mono_ns=2615761514996865 [2026-10-01 12:12:22.321] [info] stack_count=23, stack_size=23
host_utc=2026-10-01T12:12:22.324+00:00 host_mono_ns=2615761515020750 
host_utc=2026-10-01T12:12:22.324+00:00 host_mono_ns=2615761515041208 72 65 64 63 62 61 60 59 58 57 56 55 54 Stack: 53 52 51 50 [ [2026-10-01 12:12:22.321] [info] stack_count=23, stack_size=23
host_utc=2026-10-01T12:12:22.324+00:00 host_mono_ns=2615761515057108 
host_utc=2026-10-01T12:12:22.324+00:00 host_mono_ns=2615761515070604 49 1 1 1 2 1 1 [2026-10-01 12:12:22.321] [info] local_count=22, local_size=22
host_utc=2026-10-01T12:12:22.324+00:00 host_mono_ns=2615761515085051 
host_utc=2026-10-01T12:12:22.324+00:00 host_mono_ns=2615761515098917 [2026-10-01 12:12:22.321] [info] stack_count=10, stack_size=11
host_utc=2026-10-01T12:12:22.324+00:00 host_mono_ns=2615761515112483 
host_utc=2026-10-01T12:12:22.324+00:00 host_mono_ns=2615761515126058 [2026-10-01 12:12:22.321] [info] local_count=8, local_size=9
host_utc=2026-10-01T12:12:22.324+00:00 host_mono_ns=2615761515140015 
host_utc=2026-10-01T12:12:22.324+00:00 host_mono_ns=2615761515154773 48 [2026-10-01 12:12:22.321] [info] local_count=9, local_size=9
host_utc=2026-10-01T12:12:22.325+00:00 host_mono_ns=2615761515169641 
host_utc=2026-10-01T12:12:22.325+00:00 host_mono_ns=2615761515183807 [2026-10-01 12:12:22.321] [info] stack_count=11, stack_size=13
host_utc=2026-10-01T12:12:22.325+00:00 host_mono_ns=2615761515198235 
host_utc=2026-10-01T12:12:22.325+00:00 host_mono_ns=2615761515212742 71 [2026-10-01 12:12:22.321] [info] local_count=5, local_size=6
host_utc=2026-10-01T12:12:22.325+00:00 host_mono_ns=2615761515227640 
host_utc=2026-10-01T12:12:22.325+00:00 host_mono_ns=2615761515241687 ]
host_utc=2026-10-01T12:12:22.325+00:00 host_mono_ns=2615761515256104 70 69 68 67 66 65 64 63 62 61 60 59 58 57 56 55 54 53 52 51 50 49 48 47 46 45 44 43 42 [2026-10-01 12:12:22.321] [info] value_stack: {count=5, size=5}
host_utc=2026-10-01T12:12:22.325+00:00 host_mono_ns=2615761515271403 
host_utc=2026-10-01T12:12:22.325+00:00 host_mono_ns=2615761515286040 41 40 39 38 37 [2026-10-01 12:12:22.321] [info] stack_count=14, stack_size=14
host_utc=2026-10-01T12:12:22.325+00:00 host_mono_ns=2615761515300297 
host_utc=2026-10-01T12:12:22.325+00:00 host_mono_ns=2615761515314434 35 1 47 34 1 46 33 1 32 1 ]
host_utc=2026-10-01T12:12:22.325+00:00 host_mono_ns=2615761515328150 31 30 29 45 44 43 42 41 40 39 38 37 36 35 34 33 32 31 Stack: 28 [ 30 27 26 29 28 1 27 [2026-10-01 12:12:22.321] [info] locals: {count=9, size=9}
host_utc=2026-10-01T12:12:22.325+00:00 host_mono_ns=2615761515343088 
host_utc=2026-10-01T12:12:22.325+00:00 host_mono_ns=2615761515357145 [2026-10-01 12:12:22.321] [info] value_stack: {count=5, size=5}
host_utc=2026-10-01T12:12:22.325+00:00 host_mono_ns=2615761515370860 
host_utc=2026-10-01T12:12:22.325+00:00 host_mono_ns=2615761515402901 25 [2026-10-01 12:12:22.321] [info] locals: {count=9, size=9}
host_utc=2026-10-01T12:12:22.325+00:00 host_mono_ns=2615761515417679 
host_utc=2026-10-01T12:12:22.325+00:00 host_mono_ns=2615761515431645 Stack: [ 63 63 63 62 61 60 59 58 57 56 55 54 53 52 51 50 49 48 47 46 45 44 43 42 41 40 39 38 37 36 35 34 33 32 31 30 29 [2026-10-01 12:12:22.321] [info] value_stack: {count=5, size=5}
host_utc=2026-10-01T12:12:22.325+00:00 host_mono_ns=2615761515446343 
host_utc=2026-10-01T12:12:22.325+00:00 host_mono_ns=2615761515460129 0 ]
host_utc=2026-10-01T12:12:22.325+00:00 host_mono_ns=2615761515474566 Stack: [ 1 1 ]
host_utc=2026-10-01T12:12:22.325+00:00 host_mono_ns=2615761515489074 [2026-10-01 12:12:22.321] [info] locals: {count=5, size=6}
host_utc=2026-10-01T12:12:22.325+00:00 host_mono_ns=2615761515503391 
host_utc=2026-10-01T12:12:22.325+00:00 host_mono_ns=2615761515538968 Stack: 28 27 26 25 24 23 22 24 21 23 22 20 [ 1 19 21 18 26 17 20 16 15 14 13 12 11 10 9 25 Stack: [ 10 9 8 7 6 8 5 6 5 4 4 3 2 1 0 ]
host_utc=2026-10-01T12:12:22.325+00:00 host_mono_ns=2615761515554818 Stack: [ 1 1 1 1 1 1 1 1 1 3 2 1 0 ]
host_utc=2026-10-01T12:12:22.325+00:00 host_mono_ns=2615761515569586 Stack: [ 1 1 1 2 1 1 1 1 1 1 ]
host_utc=2026-10-01T12:12:22.325+00:00 host_mono_ns=2615761515584153 [2026-10-01 12:12:22.321] [info] stack_count=10, stack_size=11
host_utc=2026-10-01T12:12:22.325+00:00 host_mono_ns=2615761515598971 
host_utc=2026-10-01T12:12:22.325+00:00 host_mono_ns=2615761515614009 [2026-10-01 12:12:22.321] [info] local_count=8, local_size=9
host_utc=2026-10-01T12:12:22.325+00:00 host_mono_ns=2615761515628998 
host_utc=2026-10-01T12:12:22.325+00:00 host_mono_ns=2615761515643695 24 1 1 1 1 1 23 1 [2026-10-01 12:12:22.321] [info] locals: {count=22, size=22}
host_utc=2026-10-01T12:12:22.325+00:00 host_mono_ns=2615761515659155 
host_utc=2026-10-01T12:12:22.325+00:00 host_mono_ns=2615761515673452 22 1 1 1 1 1 1 21 1 1 1 1 1 1 1 1 1 1 1 1 1 1 1 1 1 19 Stack: [ 76 20 75 74 73 72 71 70 69 68 [2026-10-01 12:12:22.321] [info] stack_count=2, stack_size=2
host_utc=2026-10-01T12:12:22.325+00:00 host_mono_ns=2615761515689602 
host_utc=2026-10-01T12:12:22.325+00:00 host_mono_ns=2615761515704841 [2026-10-01 12:12:22.321] [info] local_count=2, local_size=2
host_utc=2026-10-01T12:12:22.325+00:00 host_mono_ns=2615761515719639 
host_utc=2026-10-01T12:12:22.325+00:00 host_mono_ns=2615761515734226 19 [2026-10-01 12:12:22.321] [info] stack_count=14, stack_size=14
host_utc=2026-10-01T12:12:22.325+00:00 host_mono_ns=2615761515749615 
host_utc=2026-10-01T12:12:22.325+00:00 host_mono_ns=2615761515764954 18 17 16 15 14 13 12 11 10 9 8 7 6 5 4 3 2 1 0 ]
host_utc=2026-10-01T12:12:22.325+00:00 host_mono_ns=2615761515780163 Stack: [ 1 1 1 1 1 1 1 1 1 67 1 1 1 1 1 1 1 1 1 66 1 65 64 63 62 61 1 0 1 1 1 1 1 1 1 60 1 59 58 1 ]
host_utc=2026-10-01T12:12:22.325+00:00 host_mono_ns=2615761515795081 1 [20 1 1 1 1 18 [2026-10-01 12:12:22.321] [info] value_stack: {count=2, size=2}
host_utc=2026-10-01T12:12:22.325+00:00 host_mono_ns=2615761515810610 
host_utc=2026-10-01T12:12:22.325+00:00 host_mono_ns=2615761515825288 Stack: 57 56 [ 1 1 55 54 53 52 51 50 49 1 Stack: [ 9 9 9 9 9 8 7 6 5 4 3 2 1 0 ]
host_utc=2026-10-01T12:12:22.325+00:00 host_mono_ns=2615761515840166 Stack: [ 1 1 1 48 1 1 1 1 1 1 1 47 1 [2026-10-01 12:12:22.321] [info] value_stack: {count=2, size=2}
host_utc=2026-10-01T12:12:22.325+00:00 host_mono_ns=2615761515855165 
host_utc=2026-10-01T12:12:22.325+00:00 host_mono_ns=2615761515870764 1 1 1 1 1 1 1 1 1 1 1 1 1 1 1 ]
host_utc=2026-10-01T12:12:22.325+00:00 host_mono_ns=2615761515886263 1 Stack: [ 9 9 [2026-10-01 12:12:22.321] [info] stack_count=66, stack_size=66
host_utc=2026-10-01T12:12:22.325+00:00 host_mono_ns=2615761515901282 
host_utc=2026-10-01T12:12:22.325+00:00 host_mono_ns=2615761515916601 ]
host_utc=2026-10-01T12:12:22.325+00:00 host_mono_ns=2615761515931519 1 9 46 1 17 9 1 1 1 1 1 9 1 8 45 44 43 42[41 1 40 39 38 37 36 35 34 7 33 32 31 30 1 6 29 5 1 16 4 3 ]
host_utc=2026-10-01T12:12:22.325+00:00 host_mono_ns=2615761515953129 15 2 1 1 1 1 14 0 1 13 28 ]
host_utc=2026-10-01T12:12:22.325+00:00 host_mono_ns=2615761515963890 [2026-10-01 12:12:22.321] [info] value_stack: {count=5, size=5}
host_utc=2026-10-01T12:12:22.325+00:00 host_mono_ns=2615761515977816 
host_utc=2026-10-01T12:12:22.325+00:00 host_mono_ns=2615761515993025 1 Stack: 1 1 1 1 1 1 27 26 25 24 23 22 21 20 19 1 18 1 1 1 1 1 1 Stack: [ 1 17 16 1 63 12 15 [ 11 14 [2026-10-01 12:12:22.321] [info] local_count=22, local_size=22
host_utc=2026-10-01T12:12:22.325+00:00 host_mono_ns=2615761516023823 
host_utc=2026-10-01T12:12:22.325+00:00 host_mono_ns=2615761516045514 1 1 1 1 1 1 1 1 1 1 1 1 1 1 1 1 1 1 1 1 1 1 1 1 ]
host_utc=2026-10-01T12:12:22.325+00:00 host_mono_ns=2615761516061965 10 [2026-10-01 12:12:22.321] [info] locals: {count=2, size=2}
host_utc=2026-10-01T12:12:22.325+00:00 host_mono_ns=2615761516074078 
host_utc=2026-10-01T12:12:22.325+00:00 host_mono_ns=2615761516084457 13 [2026-10-01 12:12:22.321] [info] stack_count=77, stack_size=77
host_utc=2026-10-01T12:12:22.325+00:00 host_mono_ns=2615761516097562 
host_utc=2026-10-01T12:12:22.325+00:00 host_mono_ns=2615761516112200 12 1 1 1 1 1 1 1 1 1 1[2026-10-01 12:12:22.321] [info] local_count=77, local_size=77
host_utc=2026-10-01T12:12:22.325+00:00 host_mono_ns=2615761516127689 
host_utc=2026-10-01T12:12:22.325+00:00 host_mono_ns=2615761516138930 1 11 10 9 8 7 6 5 4 3 2 1 0 ]
host_utc=2026-10-01T12:12:22.325+00:00 host_mono_ns=2615761516149650 Stack: [ 1 1 1 1 1 1 63 9 8 7 026-10-01 12:12:22.321] [info] locals: {count=63, size=63}
host_utc=2026-10-01T12:12:22.325+00:00 host_mono_ns=2615761516162495 
host_utc=2026-10-01T12:12:22.326+00:00 host_mono_ns=2615761516176852 63 62 61 60 59 58 57 56 55 54 53 52 6 51 5 4 3 2 1 0 50 [2026-10-01 12:12:22.321] [info] locals: {count=8, size=9}
host_utc=2026-10-01T12:12:22.326+00:00 host_mono_ns=2615761516192341 
host_utc=2026-10-01T12:12:22.326+00:00 host_mono_ns=2615761516207550 1 Stack: [ ]
host_utc=2026-10-01T12:12:22.326+00:00 host_mono_ns=2615761516222428 1 49 Stack: 18 48 47 46 45 44 43 42 41 40 39 38 37 36 35 34 33 32 31 30 29 28 27 26 25 24 23 22 21 20 19 18 17 16 15 14 13 12 1 [ [2026-10-01 12:12:22.321] [info] locals: {count=77, size=77}
host_utc=2026-10-01T12:12:22.326+00:00 host_mono_ns=2615761516238979 
host_utc=2026-10-01T12:12:22.326+00:00 host_mono_ns=2615761516253436 1 11 1 1 1 10 9 8 7 6 5 4 3 2 1 0 ]
host_utc=2026-10-01T12:12:22.326+00:00 host_mono_ns=2615761516264718 Stack: [2026-10-01 12:12:22.321] [info] value_stack: {count=0, size=0}
host_utc=2026-10-01T12:12:22.326+00:00 host_mono_ns=2615761516275488 
host_utc=2026-10-01T12:12:22.326+00:00 host_mono_ns=2615761516285928  [ 1 ]
host_utc=2026-10-01T12:12:22.326+00:00 host_mono_ns=2615761516296488 [2026-10-01 12:12:22.321] [info] value_stack: {count=0, size=0}
host_utc=2026-10-01T12:12:22.326+00:00 host_mono_ns=2615761516310855 
host_utc=2026-10-01T12:12:22.326+00:00 host_mono_ns=2615761516325543 1 16 15 1 Stack: [ 198 198 198 198 198 198 14 198 197 196 195 194 193 192 191 190 189 188 187 186 185 184 183 182 181 180 [2026-10-01 12:12:22.321] [info] value_stack: {count=1, size=1}
host_utc=2026-10-01T12:12:22.326+00:00 host_mono_ns=2615761516341342 
host_utc=2026-10-01T12:12:22.326+00:00 host_mono_ns=2615761516355920 1 1 1 1 1 1 1 [2026-10-01 12:12:22.321] [info] value_stack: {count=2, size=2}
host_utc=2026-10-01T12:12:22.326+00:00 host_mono_ns=2615761516371099 
host_utc=2026-10-01T12:12:22.326+00:00 host_mono_ns=2615761516385836 1 179 1 1 1 1 1 1 1 1 1 1 1 1 1 Stack: 1 1 1 1 1 1 1 1 1 1 1 [ 1 178 1 13 1 1 12 11 10 1 177 Stack: 1 1 [2026-10-01 12:12:22.321] [info] stack_count=14, stack_size=14
host_utc=2026-10-01T12:12:22.326+00:00 host_mono_ns=2615761516401346 
host_utc=2026-10-01T12:12:22.326+00:00 host_mono_ns=2615761516416494 1 1 93 76 1 92 75 74 1 Stack: 73 72 71 70 69 68 1 1 1 1 1 1 1 1 1 1 1 1 1 1 1 1 1 1 1 1 1 1 1 1 1 1 1 1 1 1 1 1 1 [2026-10-01 12:12:22.321] [info] local_count=9, local_size=9
host_utc=2026-10-01T12:12:22.326+00:00 host_mono_ns=2615761516432414 
host_utc=2026-10-01T12:12:22.326+00:00 host_mono_ns=2615761516459546 [ 1 1 1 91 9 9 9 9 9 1 90 89 88 87 86 85 84 83 82 81 1 8 1 7 80 176 6 5 79 175 174 173 172 171 170 1 1 9 1 1 1 1 1 1 1 8 169 1 1 1 1 4 7 3 6 67 78 [21 77 1 76 1 1 1 75 74 73 1 1 1 1 1 72 5 1 71 4 3 66 2 70 0 69 68 67 66 65 64 63 62 61 60 59 58 57 56 55 54 53 52 51 50 ]
host_utc=2026-10-01T12:12:22.326+00:00 host_mono_ns=2615761516476688 49 48 47 46 45 44 43 42 41 Stack: 40 39 38 37 36 1 1 [ 35 34 33 32 31 30 1 1 1 1 1 1 [2 1 64 1 1 1 1 168 1 167 166 1 29 165 1 1 164 163 1 1 [2026-10-01 12:12:22.321] [info] locals: {count=9, size=9}
host_utc=2026-10-01T12:12:22.326+00:00 host_mono_ns=2615761516492838 
host_utc=2026-10-01T12:12:22.326+00:00 host_mono_ns=2615761516507586 1 1 [2026-10-01 12:12:22.321] [info] value_stack: {count=5, size=5}
host_utc=2026-10-01T12:12:22.326+00:00 host_mono_ns=2615761516522444 
host_utc=2026-10-01T12:12:22.326+00:00 host_mono_ns=2615761516533084 1 1 1 1 0 1 1 1 1 1 1 1 1 1 1 1 1 1 1 1 1 1 1 1 1 1 1 1 1 1 1 1 1 1 1 1 1 1 ]
host_utc=2026-10-01T12:12:22.326+00:00 host_mono_ns=2615761516545067 1 1 1 1 28 Stack: [ 63 63 1 27 26 25 24 23 22 21 63 [2026-10-01 12:12:22.321] [info] locals: {count=9, size=9}
host_utc=2026-10-01T12:12:22.326+00:00 host_mono_ns=2615761516555917 
host_utc=2026-10-01T12:12:22.326+00:00 host_mono_ns=2615761516566157 1 20 1 1 1 Stack: 19 ]
host_utc=2026-10-01T12:12:22.326+00:00 host_mono_ns=2615761516577869 18 1 63 [2026-10-01 12:12:22.321] [info] value_stack: {count=5, size=5}
host_utc=2026-10-01T12:12:22.326+00:00 host_mono_ns=2615761516588679 
host_utc=2026-10-01T12:12:22.326+00:00 host_mono_ns=2615761516598909 [ 1 1 1 1 1 1 1 62 1 1 1 1 Stack: [2026-10-01 12:12:22.321] [info] stack_count=2, stack_size=2
host_utc=2026-10-01T12:12:22.326+00:00 host_mono_ns=2615761516609549 
host_utc=2026-10-01T12:12:22.326+00:00 host_mono_ns=2615761516622613 62 1 [2026-10-01 12:12:22.321] [info] stack_count=77, stack_size=77
host_utc=2026-10-01T12:12:22.326+00:00 host_mono_ns=2615761516637251 
host_utc=2026-10-01T12:12:22.326+00:00 host_mono_ns=2615761516651408 162 [2026-10-01 12:12:22.321] [info] local_count=77, local_size=77
host_utc=2026-10-01T12:12:22.326+00:00 host_mono_ns=2615761516663260 
host_utc=2026-10-01T12:12:22.326+00:00 host_mono_ns=2615761516673600 61 [2026-10-01 12:12:22.321] [info] local_count=2, local_size=2
host_utc=2026-10-01T12:12:22.326+00:00 host_mono_ns=2615761516684230 
host_utc=2026-10-01T12:12:22.326+00:00 host_mono_ns=2615761516694559 1 1 1 1 1 1 1 1 1 1 1 1 1 1 1 1 1 1 1 1 1 1 1 1 1 17 1 63 ]
host_utc=2026-10-01T12:12:22.326+00:00 host_mono_ns=2615761516707023 16 1 63 1 1 1 1 1 1 1 1 1 63 [2026-10-01 12:12:22.321] [info] value_stack: {count=0, size=0}
host_utc=2026-10-01T12:12:22.326+00:00 host_mono_ns=2615761516721901 
host_utc=2026-10-01T12:12:22.326+00:00 host_mono_ns=2615761516736859 1 60 161 15026-10-01 12:12:22.321] [info] stack_count=19, stack_size=19
host_utc=2026-10-01T12:12:22.326+00:00 host_mono_ns=2615761516752018 
host_utc=2026-10-01T12:12:22.326+00:00 host_mono_ns=2615761516766144  61 160 159 158 1 157 Stack: [ 9 8 156 1 [ 60 1 1 62 155 7 1 14 154 153 152 59 59 6 5 1 ]
host_utc=2026-10-01T12:12:22.326+00:00 host_mono_ns=2615761516781002 1 13 58 61 1 1 1 ]
host_utc=2026-10-01T12:12:22.326+00:00 host_mono_ns=2615761516795530 60 59 58 57 56 55 54 53 52 51 50 49 48 47 46 45 44 43 42 41 40 39 38 37 36 35 34 33 [2026-10-01 12:12:22.322] [info] value_stack: {count=0, size=0}
host_utc=2026-10-01T12:12:22.326+00:00 host_mono_ns=2615761516810999 
host_utc=2026-10-01T12:12:22.326+00:00 host_mono_ns=2615761516825867 12 58 1 11 10 32 9 57 31 26-10-01 12:12:22.322] [info] stack_count=66, stack_size=66
host_utc=2026-10-01T12:12:22.326+00:00 host_mono_ns=2615761516840865 
host_utc=2026-10-01T12:12:22.326+00:00 host_mono_ns=2615761516854892 1 Stack: 151 1 1 1 1 1 ]
host_utc=2026-10-01T12:12:22.326+00:00 host_mono_ns=2615761516869309 150 149 148 147 146 145 144[2026-10-01 12:12:22.322] [info] locals: {count=19, size=19}
host_utc=2026-10-01T12:12:22.326+00:00 host_mono_ns=2615761516884478 
host_utc=2026-10-01T12:12:22.326+00:00 host_mono_ns=2615761516895959 56 143 142 141 140 4 139 [2026-10-01 12:12:22.322] [info] stack_count=14, stack_size=14
host_utc=2026-10-01T12:12:22.326+00:00 host_mono_ns=2615761516914935 
host_utc=2026-10-01T12:12:22.326+00:00 host_mono_ns=2615761516925425 138 137 136 135 134 133 132 131 130 129 [ 30 128 [2026-10-01 12:12:22.322] [info] stack_count=77, stack_size=77
host_utc=2026-10-01T12:12:22.326+00:00 host_mono_ns=2615761516936225 
host_utc=2026-10-01T12:12:22.326+00:00 host_mono_ns=2615761516950001 29 127 28 27 3 2 1 0 ]
host_utc=2026-10-01T12:12:22.326+00:00 host_mono_ns=2615761516964809 Stack: [ 1 1 1 1 1 1 198 26 1 25 24 23 22 21 20 19 1 126 1 18 17 16 15 14 8 [2026-10-01 12:12:22.322] [info] local_count=9, local_size=9
host_utc=2026-10-01T12:12:22.326+00:00 host_mono_ns=2615761516979938 
host_utc=2026-10-01T12:12:22.326+00:00 host_mono_ns=2615761516994936 7 198 198 198 198 198 198 197 6 5 4 196 3 2 195 194 193 1 125 192 12 57 26-10-01 12:12:22.322] [info] local_count=63, local_size=63
host_utc=2026-10-01T12:12:22.326+00:00 host_mono_ns=2615761517021887 
host_utc=2026-10-01T12:12:22.326+00:00 host_mono_ns=2615761517041454 191 0 [2026-10-01 12:12:22.322] [info] locals: {count=9, size=9}
host_utc=2026-10-01T12:12:22.326+00:00 host_mono_ns=2615761517052916 
host_utc=2026-10-01T12:12:22.326+00:00 host_mono_ns=2615761517066742 56 190 ]
host_utc=2026-10-01T12:12:22.326+00:00 host_mono_ns=2615761517081810 55 55 54 1 Stack: 11 ]
host_utc=2026-10-01T12:12:22.326+00:00 host_mono_ns=2615761517096578 53 10 9 189 188 187 186 185 184 183 182 [2026-10-01 12:12:22.322] [info] locals: {count=77, size=77}
host_utc=2026-10-01T12:12:22.326+00:00 host_mono_ns=2615761517111426 
host_utc=2026-10-01T12:12:22.326+00:00 host_mono_ns=2615761517125523 181 [ 52 51 50 49 54 1 53 52 51 50 [2026-10-01 12:12:22.322] [info] value_stack: {count=0, size=0}
host_utc=2026-10-01T12:12:22.326+00:00 host_mono_ns=2615761517140040 
host_utc=2026-10-01T12:12:22.326+00:00 host_mono_ns=2615761517154357 1 48 1 1 1 1 1 1 1 1 1 1 1 1 1 Stack: 47 46 45 1 [ 198 198 198 180 1 1 1 [2026-10-01 12:12:22.322] [info] locals: {count=63, size=63}
host_utc=2026-10-01T12:12:22.326+00:00 host_mono_ns=2615761517169346 
host_utc=2026-10-01T12:12:22.327+00:00 host_mono_ns=2615761517183252 8 49 [2026-10-01 12:12:22.322] [info] value_stack: {count=3, size=3}
host_utc=2026-10-01T12:12:22.327+00:00 host_mono_ns=2615761517197629 
host_utc=2026-10-01T12:12:22.327+00:00 host_mono_ns=2615761517212056 7 48 47 46 6 5 45 44 43 42 41 198 1 4 40 1 3 2 1 179 39 1 1 1 178 124 1 1 1 0 177 176 38 ]
host_utc=2026-10-01T12:12:22.327+00:00 host_mono_ns=2615761517227465 1 1 1 1 1 1 123 175 122 121 120 119 118 117 116 115 114 113 112 111 110 109 108 174 107 198 106 198 198 197 196 Stack: 105 104 103 102 101 100 173 [ 18 17 44 16 43 [2026-10-01 12:12:22.322] [info] value_stack: {count=5, size=5}
host_utc=2026-10-01T12:12:22.327+00:00 host_mono_ns=2615761517244247 
host_utc=2026-10-01T12:12:22.327+00:00 host_mono_ns=2615761517259325 99 15 Stack: 37 42 172 171 170 [ 98 36 35 34 33 32 169 195 1 31 1 168 97 1 1 194 167 166 96 95 94 30 41 93 1 193 40 29 28 92 1 165 39 38 27 1 1 26 37 36 1 35 25 24 23 14 34 192 1 22 21 20 19 18 191 13 12 11 10 9 91 190 8 189 90 188 89 88 87 86 1 17 16 15 14 13 164 1 1 1 12 1 33 1 1 32 31 30 29 28 187 11 1 10 27 1 85 9 8 1 1 1 1 1 186 163 7 1 1 1 1 1 162 1 1 1 1 1 1 1 1 1 7 1 6 1 6 26 1 5 84 5 1 4 161 160 159 158 157 156 155 154 153 152 151 150 149 148 147 146 145 144 143 142 141 Stack: 140 [ 139 138 137 136 135 134 1 0 ]
host_utc=2026-10-01T12:12:22.327+00:00 host_mono_ns=2615761517277630 Stack: 1 [2026-10-01 12:12:22.322] [info] value_stack: {count=0, size=0}
host_utc=2026-10-01T12:12:22.327+00:00 host_mono_ns=2615761517293540 
host_utc=2026-10-01T12:12:22.327+00:00 host_mono_ns=2615761517308047 83 1 185 3 1 82 1 4 81 Stack: [ 12 80 3 2 79 11 1 1 1 1 1 [2 26-10-01 12:12:22.322] [info] stack_count=10, stack_size=10
host_utc=2026-10-01T12:12:22.327+00:00 host_mono_ns=2615761517322916 
host_utc=2026-10-01T12:12:22.327+00:00 host_mono_ns=2615761517337122 10 24 78 2 1 9 23 1 0 0 [2026-10-01 12:12:22.322] [info] local_count=10, local_size=10
host_utc=2026-10-01T12:12:22.327+00:00 host_mono_ns=2615761517364043 
host_utc=2026-10-01T12:12:22.327+00:00 host_mono_ns=2615761517379292 ]
host_utc=2026-10-01T12:12:22.327+00:00 host_mono_ns=2615761517394000 Stack: [ ]
host_utc=2026-10-01T12:12:22.327+00:00 host_mono_ns=2615761517407365 8 22 1 21 7 1 1 6 5 1 [ 1 ]
host_utc=2026-10-01T12:12:22.327+00:00 host_mono_ns=2615761517420951 20 19 18 17 16 15 14 13 12 11 10 9 8 7 6 3 2 77 1 Stack: 133 1 1 [ 1 1 1 1 1 1 1 0 1 ]
host_utc=2026-10-01T12:12:22.327+00:00 host_mono_ns=2615761517435909 Stack: 1 [ 1 [2026-10-01 12:12:22.322] [info] value_stack: {count=0, size=0}
host_utc=2026-10-01T12:12:22.327+00:00 host_mono_ns=2615761517451088 
host_utc=2026-10-01T12:12:22.327+00:00 host_mono_ns=2615761517466016 1 132 1 184 1 183 1 1 131 1 130 129 128 127 126 125 124 76 1 182 181 123 1 75 122 1 121 120 119 1 1 180 1 Stack: 118 117 1 1 [ 1 1 1 1 1 1 74 [2026-10-01 12:12:22.322] [info] locals: {count=2, size=2}
host_utc=2026-10-01T12:12:22.327+00:00 host_mono_ns=2615761517480413 
host_utc=2026-10-01T12:12:22.327+00:00 host_mono_ns=2615761517494279 1 73 1 116 1 [2026-10-01 12:12:22.322] [info] value_stack: {count=0, size=0}
host_utc=2026-10-01T12:12:22.327+00:00 host_mono_ns=2615761517508245 
host_utc=2026-10-01T12:12:22.327+00:00 host_mono_ns=2615761517522182 179 1 1 1 1 1 1 115 114 113 20 1 1 1 1 1 1 1 1 1 1 1 1 1 1 Stack: [ 72 1 71 70 5 69 1 112 68 67 1 111 1 4 1 66 1 1 3 110 1 19 1 1 1 1 1 1 1 93 2 1 0 109 1 1 18 17 16 15 14 13 12 ]
host_utc=2026-10-01T12:12:22.327+00:00 host_mono_ns=2615761517538242 108 1 1 11 10 9 107 1 ]
host_utc=2026-10-01T12:12:22.327+00:00 host_mono_ns=2615761517553531 Stack: [20 92 65 [2026-10-01 12:12:22.322] [info] local_count=13, local_size=13
host_utc=2026-10-01T12:12:22.327+00:00 host_mono_ns=2615761517565534 
host_utc=2026-10-01T12:12:22.327+00:00 host_mono_ns=2615761517575973 91 64 90 89 88 1 1 [2026-10-01 12:12:22.322] [info] locals: {count=13, size=13}
host_utc=2026-10-01T12:12:22.327+00:00 host_mono_ns=2615761517586483 
host_utc=2026-10-01T12:12:22.327+00:00 host_mono_ns=2615761517596742 63 1 62 1 8 [2026-10-01 12:12:22.322] [info] value_stack: {count=0, size=0}
host_utc=2026-10-01T12:12:22.327+00:00 host_mono_ns=2615761517607242 
host_utc=2026-10-01T12:12:22.327+00:00 host_mono_ns=2615761517617492 1 87 7 1 1 6 61 1 1 Stack: [ 1 105 [ 5 7 1 1 178 104 103 102 4 1 1 177 60 101 3 2 1 0 1 1 1 1 1 1 1 100 99 1 176 1 1 86 98 59 1 85 ]
host_utc=2026-10-01T12:12:22.327+00:00 host_mono_ns=2615761517628262 1 1 1 84 1 1 1 1 1 83 1 1 1 ]
host_utc=2026-10-01T12:12:22.327+00:00 host_mono_ns=2615761517638872 97 175 6 1 1 174 82 1 [2026-10-01 12:12:22.322] [info] local_count=19, local_size=19
host_utc=2026-10-01T12:12:22.327+00:00 host_mono_ns=2615761517649432 
host_utc=2026-10-01T12:12:22.327+00:00 host_mono_ns=2615761517687774 1 96 1 1 1 1 1 1 1 1 1 1 95 1 1 94 93 92 58 1 173 [ 57 172 1 1 81 Stack: 5 1 1 1 1 1 1 [ 1 1 4 1 1 80 3 2 171 1 1 1 ]
host_utc=2026-10-01T12:12:22.327+00:00 host_mono_ns=2615761517699517 170 169 168 91 79 1 1 1 1 1 1 1 167 1 1 1 1 166 1 78 1 165 1 77 56 1 76 90 1 55 1 1 89 75 1 1 1 1 88 87 1 74 0 54 ]
host_utc=2026-10-01T12:12:22.327+00:00 host_mono_ns=2615761517715366 Stack: [ 1 1 1 1 1 1 53 [2026-10-01 12:12:22.322] [info] value_stack: {count=0, size=0}
host_utc=2026-10-01T12:12:22.327+00:00 host_mono_ns=2615761517726227 
host_utc=2026-10-01T12:12:22.327+00:00 host_mono_ns=2615761517736466 52 1 1 86 1 1 1 1 1 1 1 1 1 1 1 1 1 1 1 1 1 1 1 1 1 1 Stack: 73 85 84 83 82 1[2026-10-01 12:12:22.322] [info] stack_count=77, stack_size=77
host_utc=2026-10-01T12:12:22.327+00:00 host_mono_ns=2615761517747267 
host_utc=2026-10-01T12:12:22.327+00:00 host_mono_ns=2615761517757576 51 1 50 49 48 [2026-10-01 12:12:22.322] [info] local_count=77, local_size=77
host_utc=2026-10-01T12:12:22.327+00:00 host_mono_ns=2615761517768136 
host_utc=2026-10-01T12:12:22.327+00:00 host_mono_ns=2615761517778476 47 1 1 1 ]
host_utc=2026-10-01T12:12:22.327+00:00 host_mono_ns=2615761517789026 [ 1 1 1 1 1 81 12 1 1 1 72 80 1 1 46 79 [2026-10-01 12:12:22.322] [info] stack_count=66, stack_size=66
host_utc=2026-10-01T12:12:22.327+00:00 host_mono_ns=2615761517808963 
host_utc=2026-10-01T12:12:22.327+00:00 host_mono_ns=2615761517819473 45 11 1 71 1 1 1 78 ]
host_utc=2026-10-01T12:12:22.327+00:00 host_mono_ns=2615761517829933 164 1 [2026-10-01 12:12:22.322] [info] stack_count=8, stack_size=8
host_utc=2026-10-01T12:12:22.327+00:00 host_mono_ns=2615761517840573 
host_utc=2026-10-01T12:12:22.327+00:00 host_mono_ns=2615761517850802 1 44 70 69 1 1 [2026-10-01 12:12:22.322] [info] local_count=8, local_size=8
host_utc=2026-10-01T12:12:22.327+00:00 host_mono_ns=2615761517861192 
host_utc=2026-10-01T12:12:22.327+00:00 host_mono_ns=2615761517871561 1 10 163 1 [2026-10-01 12:12:22.322] [info] locals: {count=77, size=77}
host_utc=2026-10-01T12:12:22.327+00:00 host_mono_ns=2615761517882071 
host_utc=2026-10-01T12:12:22.327+00:00 host_mono_ns=2615761517892381 162 1 9 161 43 77 1 1 1 1 1 1 76 75 74 73 42[2026-10-01 12:12:22.322] [info] value_stack: {count=0, size=0}
host_utc=2026-10-01T12:12:22.327+00:00 host_mono_ns=2615761517903131 
host_utc=2026-10-01T12:12:22.327+00:00 host_mono_ns=2615761517913450 41 8 40 1 [2 67 1 Stack: 72 [ 66 65 64 1 1 71 198 39 1 7 198 38 1 6 198 1 37 5 [2026-10-01 12:12:22.322] [info] locals: {count=8, size=8}
host_utc=2026-10-01T12:12:22.327+00:00 host_mono_ns=2615761517924271 
host_utc=2026-10-01T12:12:22.327+00:00 host_mono_ns=2615761517934570 160 ]
host_utc=2026-10-01T12:12:22.327+00:00 host_mono_ns=2615761517945170 36 159 198 158 Stack: [2026-10-01 12:12:22.322] [info] value_stack: {count=0, size=0}
host_utc=2026-10-01T12:12:22.327+00:00 host_mono_ns=2615761517955780 
host_utc=2026-10-01T12:12:22.327+00:00 host_mono_ns=2615761517965930 [ 18 70 4 [2026-10-01 12:12:22.322] [info] stack_count=94, stack_size=94
host_utc=2026-10-01T12:12:22.327+00:00 host_mono_ns=2615761517976389 
host_utc=2026-10-01T12:12:22.327+00:00 host_mono_ns=2615761517986619 1 3 17 1 2 1 157 35 16 69 63 Stack: 156 0 68 15 1 62 1 [ ]
host_utc=2026-10-01T12:12:22.327+00:00 host_mono_ns=2615761517997289 13 14 ]
host_utc=2026-10-01T12:12:22.327+00:00 host_mono_ns=2615761518018138 155 34 198 1 Stack: 33 1 198 [ 32 67 1 61 66 31 30 29 65 64 60 28 27 26 25 198 59 1 197 154 24 153 152 196 12 23 11 195 22 1 63 194 10 9 8 1 62 61 7 21 1 60 13 20 6 59 58 57 19 18 17 16 15 14 13 5 193 56 12 192 191 55 11 [2026-10-01 12:12:22.322] [info] local_count=21, local_size=21
host_utc=2026-10-01T12:12:22.327+00:00 host_mono_ns=2615761518034970 
host_utc=2026-10-01T12:12:22.327+00:00 host_mono_ns=2615761518045460 4 54 53 190 12 1 151 189 188 187 52 150 149 148 147 1 11 51 186 146 1 10 1 185 145 50 1 3 9 184 1 1 1 1 58 10 144 1 1 1 1 1 1 143 9 8 8 7 6 5 142 2 49 7 1 6 1 [2026-10-01 12:12:22.322] [info] locals: {count=94, size=94}
host_utc=2026-10-01T12:12:22.327+00:00 host_mono_ns=2615761518056581 
host_utc=2026-10-01T12:12:22.327+00:00 host_mono_ns=2615761518066790 1 48 1 1 1 47 46 1 ]
host_utc=2026-10-01T12:12:22.327+00:00 host_mono_ns=2615761518077220 141 45 44 43 42 41 140 139 1 5 138 4 1 1 1 1 1 1 1 1 1 137 1 1 4 40 1 39 183 182 181 180 179 178 3 3 57 177 176 175 [2026-10-01 12:12:22.322] [info] value_stack: {count=0, size=0}
host_utc=2026-10-01T12:12:22.327+00:00 host_mono_ns=2615761518088240 
host_utc=2026-10-01T12:12:22.327+00:00 host_mono_ns=2615761518098360 1 38 2 2 37 1 0 ]
host_utc=2026-10-01T12:12:22.327+00:00 host_mono_ns=2615761518108859 Stack: [ 1 36 1 35 1 1 34 0 [ 026-10-01 12:12:22.322] [info] stack_count=13, stack_size=13
host_utc=2026-10-01T12:12:22.327+00:00 host_mono_ns=2615761518119610 
host_utc=2026-10-01T12:12:22.327+00:00 host_mono_ns=2615761518129869 Stack: 136 56 174 ]
host_utc=2026-10-01T12:12:22.327+00:00 host_mono_ns=2615761518140339 Stack: 173 [ 55 [ 135 37 33 1 1 [2026-10-01 12:12:22.322] [info] local_count=13, local_size=13
host_utc=2026-10-01T12:12:22.327+00:00 host_mono_ns=2615761518151019 
host_utc=2026-10-01T12:12:22.327+00:00 host_mono_ns=2615761518161228 1 1 172 1 1 0 1 171 ]
host_utc=2026-10-01T12:12:22.328+00:00 host_mono_ns=2615761518171598 36 1 026-10-01 12:12:22.322] [info] locals: {count=13, size=13}
host_utc=2026-10-01T12:12:22.328+00:00 host_mono_ns=2615761518189451 
host_utc=2026-10-01T12:12:22.328+00:00 host_mono_ns=2615761518199821 1 1 1 35 34 Stack: 54 1 33 [ 1 1 1 1 1 1 1 1 1 1 1 1 1 1 ]
host_utc=2026-10-01T12:12:22.328+00:00 host_mono_ns=2615761518210401 [2026-10-01 12:12:22.322] [info] value_stack: {count=0, size=0}
host_utc=2026-10-01T12:12:22.328+00:00 host_mono_ns=2615761518220921 
host_utc=2026-10-01T12:12:22.328+00:00 host_mono_ns=2615761518231230 134 32 133 132 131 130 129 128 127 126 125 124 1 123 122 121 120 119 118 117 116 31 1 Stack: [ 7 1 6 [2026-10-01 12:12:22.322] [info] stack_count=14, stack_size=14
host_utc=2026-10-01T12:12:22.328+00:00 host_mono_ns=2615761518242191 
host_utc=2026-10-01T12:12:22.328+00:00 host_mono_ns=2615761518252491 1 170 1 5 169 1 ]
host_utc=2026-10-01T12:12:22.328+00:00 host_mono_ns=2615761518262800 4 1 168 167 166 1 1 1 1 1 1 1 53 1 1 30 1 1 29 28 27 26 25 1 1 32 [2026-10-01 12:12:22.322] [info] local_count=14, local_size=14
host_utc=2026-10-01T12:12:22.328+00:00 host_mono_ns=2615761518273480 
host_utc=2026-10-01T12:12:22.328+00:00 host_mono_ns=2615761518283709 31 30 29 28 27 52 3 165 [2026-10-01 12:12:22.322] [info] locals: {count=21, size=21}
host_utc=2026-10-01T12:12:22.328+00:00 host_mono_ns=2615761518294319 
host_utc=2026-10-01T12:12:22.328+00:00 host_mono_ns=2615761518304679 2 51 115 50 49 1 48 164 26 114 47 163 1 113 ]
host_utc=2026-10-01T12:12:22.328+00:00 host_mono_ns=2615761518315199 112 111 110 109 108 107 106 105 104 103 102 101 100 99 98 97 96 95 25 46 162 24 23 22 21 20 24 45 44 161 43 42 41 40 160 39 38 37 36 [2026-10-01 12:12:22.322] [info] value_stack: {count=0, size=0}
host_utc=2026-10-01T12:12:22.328+00:00 host_mono_ns=2615761518326400 
host_utc=2026-10-01T12:12:22.328+00:00 host_mono_ns=2615761518336710  23 1 19 94 1 1 1 1 18 17 16 15 93 14 92 91 90 89 88 87 86 159 85 84 83 82 81 80 79 78 158 35 [2026-10-01 12:12:22.323] [info] stack_count=19, stack_size=19
host_utc=2026-10-01T12:12:22.328+00:00 host_mono_ns=2615761518347580 
host_utc=2026-10-01T12:12:22.328+00:00 host_mono_ns=2615761518357980 34 33 Stack: 157 1 [ 32 31 [2026-10-01 12:12:22.323] [info] local_count=19, local_size=19
host_utc=2026-10-01T12:12:22.328+00:00 host_mono_ns=2615761518368510 
host_utc=2026-10-01T12:12:22.328+00:00 host_mono_ns=2615761518378719 77 156 13 76 12 11 10 1 9 8 7 17 22 1 16 15 [2026-10-01 12:12:22.322] [info] value_stack: {count=0, size=0}
host_utc=2026-10-01T12:12:22.328+00:00 host_mono_ns=2615761518389339 
host_utc=2026-10-01T12:12:22.328+00:00 host_mono_ns=2615761518399618 14 1 21 30 75 1 29 1 1 74 28 27 26 73 72 71 1 70 25 0 Stack: [ 7 ]
host_utc=2026-10-01T12:12:22.328+00:00 host_mono_ns=2615761518410148 [2026-10-01 12:12:22.323] [info] locals: {count=63, size=63}
host_utc=2026-10-01T12:12:22.328+00:00 host_mono_ns=2615761518420658 
host_utc=2026-10-01T12:12:22.328+00:00 host_mono_ns=2615761518430897 [2026-10-01 12:12:22.323] [info] value_stack: {count=3, size=3}
host_utc=2026-10-01T12:12:22.328+00:00 host_mono_ns=2615761518441407 
host_utc=2026-10-01T12:12:22.328+00:00 host_mono_ns=2615761518451657 6 Stack: [ 18 17 16 15 14 13 12 11 10 [2026-10-01 12:12:22.323] [info] locals: {count=19, size=19}
host_utc=2026-10-01T12:12:22.328+00:00 host_mono_ns=2615761518462307 
host_utc=2026-10-01T12:12:22.328+00:00 host_mono_ns=2615761518472426 [2026-10-01 12:12:22.323] [info] value_stack: {count=0, size=0}
host_utc=2026-10-01T12:12:22.328+00:00 host_mono_ns=2615761518482865 
host_utc=2026-10-01T12:12:22.328+00:00 host_mono_ns=2615761518493035 6 5 4 3 2 1 0 ]
host_utc=2026-10-01T12:12:22.328+00:00 host_mono_ns=2615761518503534 Stack: [ 1 1 1 1 1 1 1 1 ]
host_utc=2026-10-01T12:12:22.328+00:00 host_mono_ns=2615761518514004 20 [2026-10-01 12:12:22.323] [info] stack_count=8, stack_size=8
host_utc=2026-10-01T12:12:22.328+00:00 host_mono_ns=2615761518524534 
host_utc=2026-10-01T12:12:22.328+00:00 host_mono_ns=2615761518534723 69 Stack: 19 18 17 16 15 14 13 12 11 10 9 8 7 6 5 4 [ 44 68 43 Stack: 42 41 3 67 66 65 64 63 62 61 2 40 60 59 58 1 0 ]
host_utc=2026-10-01T12:12:22.328+00:00 host_mono_ns=2615761518551856 Stack: [ 1 1 5 39 38 37 36 35 4 3 2 1 0 ]
host_utc=2026-10-01T12:12:22.328+00:00 host_mono_ns=2615761518562656 Stack: [ 1 1 [2026-10-01 12:12:22.323] [info] local_count=8, local_size=8
host_utc=2026-10-01T12:12:22.328+00:00 host_mono_ns=2615761518573216 
host_utc=2026-10-01T12:12:22.328+00:00 host_mono_ns=2615761518583365 1 1 1 1 1 1 1 1 1 1 1 1 1 1 24 34 2026-10-01 12:12:22.323] [info] locals: {count=8, size=8}
host_utc=2026-10-01T12:12:22.328+00:00 host_mono_ns=2615761518593995 
host_utc=2026-10-01T12:12:22.328+00:00 host_mono_ns=2615761518604195 33 1 1 1 [ [2026-10-01 12:12:22.323] [info] value_stack: {count=0, size=0}
host_utc=2026-10-01T12:12:22.328+00:00 host_mono_ns=2615761518614774 
host_utc=2026-10-01T12:12:22.328+00:00 host_mono_ns=2615761518625114 1 1 1 1 1 1 1 1 1 1 1 1 1 1 8 1 1 ]
host_utc=2026-10-01T12:12:22.328+00:00 host_mono_ns=2615761518635664 1 1 1 1 1 1 1 1 1 1 1 1 1 1 [2026-10-01 12:12:22.323] [info] stack_count=8, stack_size=8
host_utc=2026-10-01T12:12:22.328+00:00 host_mono_ns=2615761518646304 
host_utc=2026-10-01T12:12:22.328+00:00 host_mono_ns=2615761518656463 1 57 23 56 22 21 13 55 32 54 1 31 1 1 1 53 30 52 51 [2026-10-01 12:12:22.323] [info] locals: {count=8, size=8}
host_utc=2026-10-01T12:12:22.328+00:00 host_mono_ns=2615761518666993 
host_utc=2026-10-01T12:12:22.328+00:00 host_mono_ns=2615761518677303 1 155 29 [2026-10-01 12:12:22.323] [info] value_stack: {count=0, size=0}
host_utc=2026-10-01T12:12:22.328+00:00 host_mono_ns=2615761518687822 
host_utc=2026-10-01T12:12:22.328+00:00 host_mono_ns=2615761518698162 Stack: 1 28 [ 1 1 1 1 0 154 50 ]
host_utc=2026-10-01T12:12:22.328+00:00 host_mono_ns=2615761518708501 1 1 ]
host_utc=2026-10-01T12:12:22.328+00:00 host_mono_ns=2615761518719081 1 49 Stack: [ 1 1 ]
host_utc=2026-10-01T12:12:22.328+00:00 host_mono_ns=2615761518729351 12 [2026-10-01 12:12:22.323] [info] stack_count=2, stack_size=2
host_utc=2026-10-01T12:12:22.328+00:00 host_mono_ns=2615761518739921 
host_utc=2026-10-01T12:12:22.328+00:00 host_mono_ns=2615761518750130 11 7 48 1 Stack: [ 13 12 11 20 6 153 10 9 1 5 19 [2026-10-01 12:12:22.323] [info] local_count=38, local_size=38
host_utc=2026-10-01T12:12:22.328+00:00 host_mono_ns=2615761518760800 
host_utc=2026-10-01T12:12:22.328+00:00 host_mono_ns=2615761518771160 27 47 1 18 4 1 17 26 8 16 1 25 15 7 152 24 10 46 1 151 14 9 1 1 1 8 3 150 2 1 1 149 7 45 23 [2026-10-01 12:12:22.323] [info] locals: {count=2, size=2}
host_utc=2026-10-01T12:12:22.328+00:00 host_mono_ns=2615761518781920 
host_utc=2026-10-01T12:12:22.328+00:00 host_mono_ns=2615761518792169 22 21 20 6 19 6 18 17 [2026-10-01 12:12:22.323] [info] value_stack: {count=0, size=0}
host_utc=2026-10-01T12:12:22.328+00:00 host_mono_ns=2615761518802739 
host_utc=2026-10-01T12:12:22.328+00:00 host_mono_ns=2615761518813029 16 0 15 14 13 12 11 10 44 1 1 1 43 call_stack size: 10
host_utc=2026-10-01T12:12:22.328+00:00 host_mono_ns=2615761518823669 CallStackEntry: fidx=3354, offset=26
host_utc=2026-10-01T12:12:22.328+00:00 host_mono_ns=2615761518834279 pc:
host_utc=2026-10-01T12:12:22.328+00:00 host_mono_ns=2615761518844929 9 1 1 42 148 8 1 1 147 146 13 [2026-10-01 12:12:22.323] [info] locals: {count=38, size=38}
host_utc=2026-10-01T12:12:22.328+00:00 host_mono_ns=2615761518855509 
host_utc=2026-10-01T12:12:22.328+00:00 host_mono_ns=2615761518865869 12 7 41 11 10 9 8 40 7 145 5 6   pc: (3354, 26)
host_utc=2026-10-01T12:12:22.328+00:00 host_mono_ns=2615761518876559 ]
host_utc=2026-10-01T12:12:22.328+00:00 host_mono_ns=2615761518886988 144 1 4 Stack: [ locals:
host_utc=2026-10-01T12:12:22.328+00:00 host_mono_ns=2615761518897378 Stack: 1 1 1 1 3 6 143 1 [ 33 2 1 1 32 5 1 1 1 1 1 39 0 ]
host_utc=2026-10-01T12:12:22.328+00:00 host_mono_ns=2615761518908108 5 1 1 1 1 1 1 1 1   types: 1 1
host_utc=2026-10-01T12:12:22.328+00:00 host_mono_ns=2615761518918708 4 1 1 1 1 1 4 3 142 38 1 3   values: 6 47443516
host_utc=2026-10-01T12:12:22.328+00:00 host_mono_ns=2615761518929439 2 Stack: 1 31 2 141 1 1 1 1 140 139 138 137 136 135 134 133 1 1 30 1 5 37 0 1 1 1 1 1 ]
host_utc=2026-10-01T12:12:22.328+00:00 host_mono_ns=2615761518946330 36 1 value_stack:
host_utc=2026-10-01T12:12:22.328+00:00 host_mono_ns=2615761518956950 1 4 [ 1 1 1 1   types:
host_utc=2026-10-01T12:12:22.328+00:00 host_mono_ns=2615761518967440 1 132 1 1 1 1 1 1 1 1 1 3 1 1 1 1   values:
host_utc=2026-10-01T12:12:22.328+00:00 host_mono_ns=2615761518978090 131 2 1 35 1 1 Stack: label stack:
host_utc=2026-10-01T12:12:22.328+00:00 host_mono_ns=2615761518988450 34 33 0 1 1 1 1 1 1 1 1 [ 1 29   size: 1
host_utc=2026-10-01T12:12:22.328+00:00 host_mono_ns=2615761518999130 ]
host_utc=2026-10-01T12:12:22.328+00:00 host_mono_ns=2615761519022795 Stack: [ 1 1 1 1 1 1 1 1 1 28 27 1 1 1 1 1 1 26 1 1 1 1 1 1 1 130 1 32 1 1 1 1 1 1 1 1 1 1 1 1     begins: 0
host_utc=2026-10-01T12:12:22.328+00:00 host_mono_ns=2615761519034216 31 1     targets: 57
host_utc=2026-10-01T12:12:22.328+00:00 host_mono_ns=2615761519044696 0 ]
host_utc=2026-10-01T12:12:22.328+00:00 host_mono_ns=2615761519055296 30 29 28     stack_pointers: 0
host_utc=2026-10-01T12:12:22.328+00:00 host_mono_ns=2615761519065866 1 1 1 1 1 27 26 25     cell_nums: 0
host_utc=2026-10-01T12:12:22.328+00:00 host_mono_ns=2615761519076516 CallStackEntry: fidx=3328, offset=31
host_utc=2026-10-01T12:12:22.328+00:00 host_mono_ns=2615761519087046 1 1 129 1 pc:
host_utc=2026-10-01T12:12:22.328+00:00 host_mono_ns=2615761519097646 1 25 ]
host_utc=2026-10-01T12:12:22.328+00:00 host_mono_ns=2615761519108156 128 127 126 125 124 123 122 121 120 24   pc: (3328, 31)
host_utc=2026-10-01T12:12:22.328+00:00 host_mono_ns=2615761519119047 ]
host_utc=2026-10-01T12:12:22.328+00:00 host_mono_ns=2615761519129576 1 1 119 23 1 1 1 1 24 1 118 117 116 115 114 113 Stack: 1 23 1 1 1 1 1 1 1 1 1 1 1 22 1 [ 1 21 1 1 1 20 19 1 1 1 112 1 1 1 1 1 1 1 1 1 1 1 [2026-10-01 12:12:22.323] [info] local_count=18, local_size=18
host_utc=2026-10-01T12:12:22.328+00:00 host_mono_ns=2615761519140798 
host_utc=2026-10-01T12:12:22.328+00:00 host_mono_ns=2615761519151107 22 1 1 1 18 1 1 1 1 1 111 1 1 1 17 1 1 21 [2026-10-01 12:12:22.323] [info] stack_count=19, stack_size=19
host_utc=2026-10-01T12:12:22.328+00:00 host_mono_ns=2615761519161757 
host_utc=2026-10-01T12:12:22.329+00:00 host_mono_ns=2615761519172047 1 1 1 20 1 1 19 16 110 1 1 1 1 109 18[2026-10-01 12:12:22.323] [info] local_count=19, local_size=19
host_utc=2026-10-01T12:12:22.329+00:00 host_mono_ns=2615761519182777 
host_utc=2026-10-01T12:12:22.329+00:00 host_mono_ns=2615761519193156 17 locals:
host_utc=2026-10-01T12:12:22.329+00:00 host_mono_ns=2615761519203596 1 16 15 1 1 15 [2026-10-01 12:12:22.323] [info] locals: {count=18, size=18}
host_utc=2026-10-01T12:12:22.329+00:00 host_mono_ns=2615761519214186 
host_utc=2026-10-01T12:12:22.329+00:00 host_mono_ns=2615761519224375 1 1 14 14 1 1 1 1 1 1 1 1 13 12 1 1 11 1 1 1 1 1 1 10 9 8 1 1 108 1 1   types: 1 1 1 1 1 1 1 1
host_utc=2026-10-01T12:12:22.329+00:00 host_mono_ns=2615761519235296 107 13   values: 6 47443516 47443540 0 0 0 0 0
host_utc=2026-10-01T12:12:22.329+00:00 host_mono_ns=2615761519246006 1 value_stack:
host_utc=2026-10-01T12:12:22.329+00:00 host_mono_ns=2615761519256456 1   types:
host_utc=2026-10-01T12:12:22.329+00:00 host_mono_ns=2615761519266986 1 1 1 1 1 1 1 1   values:
host_utc=2026-10-01T12:12:22.329+00:00 host_mono_ns=2615761519277486 label stack:
host_utc=2026-10-01T12:12:22.329+00:00 host_mono_ns=2615761519287865   size: 1
host_utc=2026-10-01T12:12:22.329+00:00 host_mono_ns=2615761519298445     begins: 0
host_utc=2026-10-01T12:12:22.329+00:00 host_mono_ns=2615761519308895     targets: 622
host_utc=2026-10-01T12:12:22.329+00:00 host_mono_ns=2615761519319395 106 1 ]
host_utc=2026-10-01T12:12:22.329+00:00 host_mono_ns=2615761519329885 1 12 [2026-10-01 12:12:22.323] [info] value_stack: {count=0, size=0}
host_utc=2026-10-01T12:12:22.329+00:00 host_mono_ns=2615761519340525 
host_utc=2026-10-01T12:12:22.329+00:00 host_mono_ns=2615761519350784 11 7 1 10 6 1 9     stack_pointers: 0
host_utc=2026-10-01T12:12:22.329+00:00 host_mono_ns=2615761519361334 1     cell_nums: 0
host_utc=2026-10-01T12:12:22.329+00:00 host_mono_ns=2615761519378446 105 1 8 7 6 5 4 3 2 1 0 CallStackEntry: fidx=1362, offset=109
host_utc=2026-10-01T12:12:22.329+00:00 host_mono_ns=2615761519389317 104 Stack: [ ]
host_utc=2026-10-01T12:12:22.329+00:00 host_mono_ns=2615761519399837 62 5 103 Stack: [ 1 1 1 1 1 1 1 1 4 1 62 61 60 59 58 1 102 57 1 1 3 1 101 2 1 1 1 1 1 1 1 1 1 1 1 [2026-10-01 12:12:22.323] [info] local_count=45, local_size=45
host_utc=2026-10-01T12:12:22.329+00:00 host_mono_ns=2615761519410767 
host_utc=2026-10-01T12:12:22.329+00:00 host_mono_ns=2615761519421187 100 1 pc:
host_utc=2026-10-01T12:12:22.329+00:00 host_mono_ns=2615761519431777 1 1 1 1 1 [2026-10-01 12:12:22.323] [info] locals: {count=19, size=19}
host_utc=2026-10-01T12:12:22.329+00:00 host_mono_ns=2615761519442437 
host_utc=2026-10-01T12:12:22.329+00:00 host_mono_ns=2615761519452716 99 1 1 1 1 1 1 1 1 1 1 1 1 1 0 1   pc: (1362, 109)
host_utc=2026-10-01T12:12:22.329+00:00 host_mono_ns=2615761519463296 56 ]
host_utc=2026-10-01T12:12:22.329+00:00 host_mono_ns=2615761519473686 55 54 53 52 51 50 49 48 47 46 45 44 43 42 41 40 39 38 1 Stack: [ 155 155 155 155 155 155 [20 6-10-01 12:12:22.323] [info] local_count=14, local_size=14
host_utc=2026-10-01T12:12:22.329+00:00 host_mono_ns=2615761519484517 
host_utc=2026-10-01T12:12:22.329+00:00 host_mono_ns=2615761519494856 1 155 155 155 155 155 155 155 155 [2026-10-01 12:12:22.323] [info] locals: {count=45, size=45}
host_utc=2026-10-01T12:12:22.329+00:00 host_mono_ns=2615761519505416 
host_utc=2026-10-01T12:12:22.329+00:00 host_mono_ns=2615761519515715 locals:
host_utc=2026-10-01T12:12:22.329+00:00 host_mono_ns=2615761519526165 1 ]
host_utc=2026-10-01T12:12:22.329+00:00 host_mono_ns=2615761519536645 155 98 1 1 97 Stack: 1 [ 154 96 95 94 1 93 1   types: 1 1 1 1 1 1 1 1 1 1 1 1 1 1
host_utc=2026-10-01T12:12:22.329+00:00 host_mono_ns=2615761519547455 1 37 [2026-10-01 12:12:22.323] [info] value_stack: {count=0, size=0}
host_utc=2026-10-01T12:12:22.329+00:00 host_mono_ns=2615761519557995 
host_utc=2026-10-01T12:12:22.329+00:00 host_mono_ns=2615761519568184 1   values: 7855136 47443504 16 47443488 7855136 43 7855136 603564 7855136 43 603564 0 0 0
host_utc=2026-10-01T12:12:22.329+00:00 host_mono_ns=2615761519578835 36 1 1 value_stack:
host_utc=2026-10-01T12:12:22.329+00:00 host_mono_ns=2615761519589405   types:
host_utc=2026-10-01T12:12:22.329+00:00 host_mono_ns=2615761519599874 1 1 1 1 92 35   values:
host_utc=2026-10-01T12:12:22.329+00:00 host_mono_ns=2615761519610244 1 1 1 1 153 label stack:
host_utc=2026-10-01T12:12:22.329+00:00 host_mono_ns=2615761519620583 91 34   size: 1
host_utc=2026-10-01T12:12:22.329+00:00 host_mono_ns=2615761519631093 1 1 152 33 1 1 151 1 1 1 1 1 1 1 1 1 1 1 1 1 90 1 Stack: [ 13 1 1 1 1 12 1 1 32     begins: 0
host_utc=2026-10-01T12:12:22.329+00:00 host_mono_ns=2615761519670558 31 [2026-10-01 12:12:22.323] [info] locals: {count=14, size=14}
host_utc=2026-10-01T12:12:22.329+00:00 host_mono_ns=2615761519682360 
host_utc=2026-10-01T12:12:22.329+00:00 host_mono_ns=2615761519692900 1 1 1 1 30 29 28 27 26 25 1 1 1 1 1 1 1 1 1 1 1 1     targets: 142
host_utc=2026-10-01T12:12:22.329+00:00 host_mono_ns=2615761519703480 1     stack_pointers: 0
host_utc=2026-10-01T12:12:22.329+00:00 host_mono_ns=2615761519713970 1 11 [2  cell_nums: 1
host_utc=2026-10-01T12:12:22.329+00:00 host_mono_ns=2615761519724470 1 10 9 8 7 6 5 4 3 2 1 0 1 1 1 1 1 1 1 1 1 1 1 ]
host_utc=2026-10-01T12:12:22.329+00:00 host_mono_ns=2615761519734999 1 24 1 89 1 1 23 Stack: [ 1 1 1 1 1 1 1 1 1 1 1 150 22 CallStackEntry: fidx=1017, offset=57
host_utc=2026-10-01T12:12:22.329+00:00 host_mono_ns=2615761519745589 1 1 21 1 1 1 149 1 88 1 1 1 1 1 1 1 1 1 1 1 1 1 1 1 pc:
host_utc=2026-10-01T12:12:22.329+00:00 host_mono_ns=2615761519756149 1 1 1 1 1 1   pc: (1017, 57)
host_utc=2026-10-01T12:12:22.329+00:00 host_mono_ns=2615761519766559 locals:
host_utc=2026-10-01T12:12:22.329+00:00 host_mono_ns=2615761519776868 1 20 1 1 19 18 148 1   types: 1 1 1 1 1 1 1 1
host_utc=2026-10-01T12:12:22.329+00:00 host_mono_ns=2615761519787519 87 17 16 147 1 1 1 1 1 1 86 1 1 1   values: 603564 47443488 16 47443472 603564 603564 0 0
host_utc=2026-10-01T12:12:22.329+00:00 host_mono_ns=2615761519804931 15 1 85 1 1 14 value_stack:
host_utc=2026-10-01T12:12:22.329+00:00 host_mono_ns=2615761519815341 13 1 1 1 1   types:
host_utc=2026-10-01T12:12:22.329+00:00 host_mono_ns=2615761519825610 84 12 Stack: 1 1   values:
host_utc=2026-10-01T12:12:22.329+00:00 host_mono_ns=2615761519836020 83 82 81 80 1 146 [ 7 1 1 145 1 1 label stack:
host_utc=2026-10-01T12:12:22.329+00:00 host_mono_ns=2615761519846410 1 1 1 1   size: 1
host_utc=2026-10-01T12:12:22.329+00:00 host_mono_ns=2615761519856729 1 79 1 1 11 1 1 1 1     begins: 0
host_utc=2026-10-01T12:12:22.329+00:00 host_mono_ns=2615761519867309 78 77 ]
host_utc=2026-10-01T12:12:22.329+00:00 host_mono_ns=2615761519877829 1 1 1 1 ]
host_utc=2026-10-01T12:12:22.329+00:00 host_mono_ns=2615761519888169     targets: 83
host_utc=2026-10-01T12:12:22.329+00:00 host_mono_ns=2615761519898508 1 76 75 74 73 72 71 10 1 1 1 144 1 [2026-10-01 12:12:22.323] [info] stack_count=34, stack_size=34
host_utc=2026-10-01T12:12:22.329+00:00 host_mono_ns=2615761519909138 
host_utc=2026-10-01T12:12:22.329+00:00 host_mono_ns=2615761519919448 70     stack_pointers: 0
host_utc=2026-10-01T12:12:22.329+00:00 host_mono_ns=2615761519929767     cell_nums: 0
host_utc=2026-10-01T12:12:22.329+00:00 host_mono_ns=2615761519940157 CallStackEntry: fidx=1187, offset=96
host_utc=2026-10-01T12:12:22.329+00:00 host_mono_ns=2615761519950757 pc:
host_utc=2026-10-01T12:12:22.329+00:00 host_mono_ns=2615761519961216   pc: (1187, 96)
host_utc=2026-10-01T12:12:22.329+00:00 host_mono_ns=2615761519971606 locals:
host_utc=2026-10-01T12:12:22.329+00:00 host_mono_ns=2615761519981986   types: 1 1 1 1 1 1 1 1 1 1 1 1 1
host_utc=2026-10-01T12:12:22.329+00:00 host_mono_ns=2615761519992536 [2026-10-01 12:12:22.323] [info] local_count=34, local_size=34
host_utc=2026-10-01T12:12:22.329+00:00 host_mono_ns=2615761520011321 
host_utc=2026-10-01T12:12:22.329+00:00 host_mono_ns=2615761520025508 69   values: 603564 47443472 16 47443456 603564 1 1 1 1 4000 0 0 0
host_utc=2026-10-01T12:12:22.329+00:00 host_mono_ns=2615761520036148 9 1 value_stack:
host_utc=2026-10-01T12:12:22.329+00:00 host_mono_ns=2615761520046417 8 7 6 5 4 3 2 1 0   types:
host_utc=2026-10-01T12:12:22.329+00:00 host_mono_ns=2615761520056797 143 ]
host_utc=2026-10-01T12:12:22.329+00:00 host_mono_ns=2615761520067156   values:
host_utc=2026-10-01T12:12:22.329+00:00 host_mono_ns=2615761520077566 label stack:
host_utc=2026-10-01T12:12:22.329+00:00 host_mono_ns=2615761520087936   size: 3
host_utc=2026-10-01T12:12:22.329+00:00 host_mono_ns=2615761520098466 142 Stack: 1 [ 141 6 1 1 5 1 140 1 139 1 1 1 1 138 1 68 137 [2026-10-01 12:12:22.323] [info] stack_count=14, stack_size=14
host_utc=2026-10-01T12:12:22.329+00:00 host_mono_ns=2615761520109346 
host_utc=2026-10-01T12:12:22.329+00:00 host_mono_ns=2615761520119696 136 67 66 65 1 135 4     begins: 0 55 57
host_utc=2026-10-01T12:12:22.329+00:00 host_mono_ns=2615761520130155 1 134 1 133 1 1 1 1 1 64 1 1 1 1 1 1 1 63 62 61 60 59 58 57 56 55 54 53 52 51 50 49 1 [2 1 [2026-10-01 12:12:22.323] [info] locals: {count=34, size=34}
host_utc=2026-10-01T12:12:22.329+00:00 host_mono_ns=2615761520141026 
host_utc=2026-10-01T12:12:22.329+00:00 host_mono_ns=2615761520151175 1 1 [2026-10-01 12:12:22.323] [info] locals: {count=14, size=14}
host_utc=2026-10-01T12:12:22.329+00:00 host_mono_ns=2615761520161625 
host_utc=2026-10-01T12:12:22.330+00:00 host_mono_ns=2615761520171904 1 132 1 1 1 1 1 1 1 1 1 1 1 1 1 1 1 131 130 129 128 127 3 47 126 1 46 45 1 1 44     targets: 139 4294967295 57
host_utc=2026-10-01T12:12:22.330+00:00 host_mono_ns=2615761520182745 1 1 1 1 1 125 1 [ 1 2 1 1 1 43 124 1 1 1 1 1 42 123 122 121 120 119 118 117     stack_pointers: 0 0 0
host_utc=2026-10-01T12:12:22.330+00:00 host_mono_ns=2615761520193395 1 1     cell_nums: 0 0 0
host_utc=2026-10-01T12:12:22.330+00:00 host_mono_ns=2615761520203704 CallStackEntry: fidx=1347, offset=131
host_utc=2026-10-01T12:12:22.330+00:00 host_mono_ns=2615761520213984 1 1 1 1 Stack: pc:
host_utc=2026-10-01T12:12:22.330+00:00 host_mono_ns=2615761520231056 1 41 0 ]
host_utc=2026-10-01T12:12:22.330+00:00 host_mono_ns=2615761520241546 Stack:   pc: (1347, 131)
host_utc=2026-10-01T12:12:22.330+00:00 host_mono_ns=2615761520251955 locals:
host_utc=2026-10-01T12:12:22.330+00:00 host_mono_ns=2615761520262265 [ 1 40 1 116 [ 1 1 1 7 1 1 115 1   types: 1 1 1 1 1 1 1 1 1 1 1 1 1 1 1 1 1 1 1
host_utc=2026-10-01T12:12:22.330+00:00 host_mono_ns=2615761520272805 1 114 1 [2026-10-01 12:12:22.323] [info] value_stack: {count=0, size=0}
host_utc=2026-10-01T12:12:22.330+00:00 host_mono_ns=2615761520283294 
host_utc=2026-10-01T12:12:22.330+00:00 host_mono_ns=2615761520293544 1 1 1 1 1 Stack: [ 1 24 23 22 21 20 19 18 17 1 113 16   values: 4000 47443456 16 47443440 0 1 0 1 0 1 0 0 4000 0 4000 0 0 0 0
host_utc=2026-10-01T12:12:22.330+00:00 host_mono_ns=2615761520304234 1 39 15 14 value_stack:
host_utc=2026-10-01T12:12:22.330+00:00 host_mono_ns=2615761520314523 1 1 38 13 6 1 1 12 11 10 1 1 112 9 1 8 37 36 35 34 33 32 31 30   types:
host_utc=2026-10-01T12:12:22.330+00:00 host_mono_ns=2615761520324983 1   values:
host_utc=2026-10-01T12:12:22.330+00:00 host_mono_ns=2615761520335353 29 1 1 1 28 1 27 1 1 1 1 1 1 1 1 1 5 7 111 1 4 3 2 1 6 5 4 1 110 1 1 1 label stack:
host_utc=2026-10-01T12:12:22.330+00:00 host_mono_ns=2615761520346073 1 1 1 1 3 2 1 0 ]
host_utc=2026-10-01T12:12:22.330+00:00 host_mono_ns=2615761520356392 Stack: [ 0 ]
host_utc=2026-10-01T12:12:22.330+00:00 host_mono_ns=2615761520366752 1 109 1 1 1   size: 2
host_utc=2026-10-01T12:12:22.330+00:00 host_mono_ns=2615761520377041 1 1 Stack:     begins: 0 74
host_utc=2026-10-01T12:12:22.330+00:00 host_mono_ns=2615761520387501 26     targets: 176 4294967295
host_utc=2026-10-01T12:12:22.330+00:00 host_mono_ns=2615761520397911     stack_pointers: 0 0
host_utc=2026-10-01T12:12:22.330+00:00 host_mono_ns=2615761520408250 1 [     cell_nums: 1 0
host_utc=2026-10-01T12:12:22.330+00:00 host_mono_ns=2615761520418700 25 CallStackEntry: fidx=1375, offset=341
host_utc=2026-10-01T12:12:22.330+00:00 host_mono_ns=2615761520429130 1 24 23 22 21 20 19 18 pc:
host_utc=2026-10-01T12:12:22.330+00:00 host_mono_ns=2615761520439569   pc: (1375, 341)
host_utc=2026-10-01T12:12:22.330+00:00 host_mono_ns=2615761520449969 locals:
host_utc=2026-10-01T12:12:22.330+00:00 host_mono_ns=2615761520460359 1 108 1 1 1 1 1 1   types: 1 1 1 1 1 1 1 1 1 1 1 1 1 1 1 1 1 1 1 1 1 1 1 1 1 1 1 1 1 1 1 1 1 1 1 1 1 1 1 1 1 1 1 1 1 1 1 1 1 1 1 1 1 1 1 1 1 1 1 1 1 1 1
host_utc=2026-10-01T12:12:22.330+00:00 host_mono_ns=2615761520471299 1 1 1 1 1 1 1 1 1 1 1 17 1 1 16 15 1   values: 4000 47443440 112 47443328 0 80 47443408 47443408 0 32 47443360 47443360 0 80 47443408 47443408 4000 4294967295 4000 4294967295 0 1 0 0 0 0 0 0 0 0 0 0 4000 8 47443336 47443336 32 47443360 47443360 80 47443408 47443408 8 47443336 47443336 0 0 0 0 0 0 0 0 0 0 0 0 0 0 0 0 0 0
host_utc=2026-10-01T12:12:22.330+00:00 host_mono_ns=2615761520483412 1 1 1 ]
host_utc=2026-10-01T12:12:22.330+00:00 host_mono_ns=2615761520493802 1 14 1 1 1 107 1 1 106 105 104 1 1 1 value_stack:
host_utc=2026-10-01T12:12:22.330+00:00 host_mono_ns=2615761520504302 1 1 1 1 1 1 1   types: 1 1 1
host_utc=2026-10-01T12:12:22.330+00:00 host_mono_ns=2615761520514821 1   values: 47443360 47443360 47443360
host_utc=2026-10-01T12:12:22.330+00:00 host_mono_ns=2615761520525401 label stack:
host_utc=2026-10-01T12:12:22.330+00:00 host_mono_ns=2615761520535851   size: 2
host_utc=2026-10-01T12:12:22.330+00:00 host_mono_ns=2615761520546431 1 1 13 1 103 1 1 1 1 1 1     begins: 0 171
host_utc=2026-10-01T12:12:22.330+00:00 host_mono_ns=2615761520557061 1 1 1 1 1 1 1 1 1 1 1 1 1 1 1 1 1 1 1 1 1 1 1 1 1 1 [2026-10-01 12:12:22.324] [info] value_stack: {count=0, size=0}
host_utc=2026-10-01T12:12:22.330+00:00 host_mono_ns=2615761520567902 
host_utc=2026-10-01T12:12:22.330+00:00 host_mono_ns=2615761520578211 1 102 1 1 1 1 101 100 99 98 1 1 1 1 1 1 1 1 1 1 1 1 1     targets: 489 4294967295
host_utc=2026-10-01T12:12:22.330+00:00 host_mono_ns=2615761520588901 1 1 1     stack_pointers: 0 0
host_utc=2026-10-01T12:12:22.330+00:00 host_mono_ns=2615761520605593     cell_nums: 1 0
host_utc=2026-10-01T12:12:22.330+00:00 host_mono_ns=2615761520616133 1 12 1 1 1 1 1 1 1 1 1 1 1 1 1 1 1 1 1 1 1 1 1 1 1 1 1 1 1 1 ]
host_utc=2026-10-01T12:12:22.330+00:00 host_mono_ns=2615761520626743 1 1 1 1 CallStackEntry: fidx=3322, offset=427
host_utc=2026-10-01T12:12:22.330+00:00 host_mono_ns=2615761520637323 1 [2026-10-01 12:12:22.324] [info] stack_count=8, stack_size=8
host_utc=2026-10-01T12:12:22.330+00:00 host_mono_ns=2615761520647913 
host_utc=2026-10-01T12:12:22.330+00:00 host_mono_ns=2615761520658342 1 1 1 1 1 1 ]
host_utc=2026-10-01T12:12:22.330+00:00 host_mono_ns=2615761520668652 1 [ ]
host_utc=2026-10-01T12:12:22.330+00:00 host_mono_ns=2615761520679041 1 1 97 1 11 1 1 pc:
host_utc=2026-10-01T12:12:22.330+00:00 host_mono_ns=2615761520689351 10 96   pc: (3322, 427)
host_utc=2026-10-01T12:12:22.330+00:00 host_mono_ns=2615761520699851 locals:
host_utc=2026-10-01T12:12:22.330+00:00 host_mono_ns=2615761520710170 9 1 8 95 1 7 6 5 4 3 1 94 2 1 0 ]
host_utc=2026-10-01T12:12:22.330+00:00 host_mono_ns=2615761520720530 Stack: [ 1 1 1 1 1 1 1 1 1 1 [ Stack: 1 [2026-10-01 12:12:22.324] [info] stack_count=64, stack_size=64
host_utc=2026-10-01T12:12:22.330+00:00 host_mono_ns=2615761520731210 
host_utc=2026-10-01T12:12:22.330+00:00 host_mono_ns=2615761520741479 1   types: 1 1 1 1 1 1 1 1 1
host_utc=2026-10-01T12:12:22.330+00:00 host_mono_ns=2615761520751969 1 1 1 1 1 [2026-10-01 12:12:22.324] [info] local_count=62, local_size=62
host_utc=2026-10-01T12:12:22.330+00:00 host_mono_ns=2615761520762539 
host_utc=2026-10-01T12:12:22.330+00:00 host_mono_ns=2615761520772738 [ 1 93 1 1 1 ]
host_utc=2026-10-01T12:12:22.330+00:00 host_mono_ns=2615761520783058 1 1 1 1 1 1 1 1 1   values: 47443360 47443408 47443336 47443296 2 0 47443316 47443392 1
host_utc=2026-10-01T12:12:22.330+00:00 host_mono_ns=2615761520793678 1 1 1 value_stack:
host_utc=2026-10-01T12:12:22.330+00:00 host_mono_ns=2615761520804188 1 1 1 1 [ 92 1 91 [2026-10-01 12:12:22.324] [info] local_count=94, local_size=94
host_utc=2026-10-01T12:12:22.330+00:00 host_mono_ns=2615761520814557 
host_utc=2026-10-01T12:12:22.330+00:00 host_mono_ns=2615761520824817   types: 1 1 1 1 1
host_utc=2026-10-01T12:12:22.330+00:00 host_mono_ns=2615761520835206 1 1 1   values: 47443316 47443316 47443316 47443316 47443316
host_utc=2026-10-01T12:12:22.330+00:00 host_mono_ns=2615761520845906 label stack:
host_utc=2026-10-01T12:12:22.330+00:00 host_mono_ns=2615761520856336   size: 2
host_utc=2026-10-01T12:12:22.330+00:00 host_mono_ns=2615761520866786 1     begins: 0 56
host_utc=2026-10-01T12:12:22.330+00:00 host_mono_ns=2615761520877115 1 1 1 1 90 [2026-10-01 12:12:22.324] [info] locals: {count=62, size=62}
host_utc=2026-10-01T12:12:22.330+00:00 host_mono_ns=2615761520887645 
host_utc=2026-10-01T12:12:22.330+00:00 host_mono_ns=2615761520897784 1 [2026-10-01 12:12:22.324] [info] value_stack: {count=2, size=2}
host_utc=2026-10-01T12:12:22.330+00:00 host_mono_ns=2615761520908174 
host_utc=2026-10-01T12:12:22.330+00:00 host_mono_ns=2615761520918393 1 1     targets: 1233 4294967295
host_utc=2026-10-01T12:12:22.330+00:00 host_mono_ns=2615761520928803     stack_pointers: 0 0
host_utc=2026-10-01T12:12:22.330+00:00 host_mono_ns=2615761520939052     cell_nums: 1 0
host_utc=2026-10-01T12:12:22.330+00:00 host_mono_ns=2615761520949261 CallStackEntry: fidx=3320, offset=189
host_utc=2026-10-01T12:12:22.330+00:00 host_mono_ns=2615761520959541 1 0 1 1 1 1 89 1 1 88 87 86 1 1 1 85 1 1 1 1 1 1 1 ]
host_utc=2026-10-01T12:12:22.330+00:00 host_mono_ns=2615761520969961 1 1 1 1 Stack: [ 1 pc:
host_utc=2026-10-01T12:12:22.330+00:00 host_mono_ns=2615761520980170 1 84   pc: (3320, 189)
host_utc=2026-10-01T12:12:22.330+00:00 host_mono_ns=2615761520990579 locals:
host_utc=2026-10-01T12:12:22.330+00:00 host_mono_ns=2615761521008243 1 83 82 81 80 1 1 1 1 1 79 1 78 1 1 1 1 1 1 1 1 1 1 77 1 1 76 1 1 75 1 74 73 72 71 70 69 68 67 66 ]
host_utc=2026-10-01T12:12:22.330+00:00 host_mono_ns=2615761521022339 ]
host_utc=2026-10-01T12:12:22.330+00:00 host_mono_ns=2615761521039261 65 64 63 62 61 60 59 58 57 56 55 54 53 52 51 50 49 48 47 [2026-10-01 12:12:22.324] [info] locals: {count=8, size=8}
host_utc=2026-10-01T12:12:22.330+00:00 host_mono_ns=2615761521050062 
host_utc=2026-10-01T12:12:22.330+00:00 host_mono_ns=2615761521060401 1 1 1 1 [2026-10-01 12:12:22.324] [info] value_stack: {count=0, size=0}
host_utc=2026-10-01T12:12:22.330+00:00 host_mono_ns=2615761521070801 
host_utc=2026-10-01T12:12:22.330+00:00 host_mono_ns=2615761521080980 46   types: 1 1 1 1 1 1 2 1
host_utc=2026-10-01T12:12:22.330+00:00 host_mono_ns=2615761521091370 Stack: 1 45 1 1 1 [ 44 1 43 42 41 1 40 [2026-10-01 12:12:22.324] [info] value_stack: {count=0, size=0}
host_utc=2026-10-01T12:12:22.330+00:00 host_mono_ns=2615761521102000 
host_utc=2026-10-01T12:12:22.330+00:00 host_mono_ns=2615761521112169 1 1 1 1 1 1 1 1 1 1 1 1 1 1 1 1 1 1 1 1 1 1 1 1 1 1 1 [ Stack: [ 26 25 24 23 [2026-10-01 12:12:22.324] [info] stack_count=2, stack_size=2
host_utc=2026-10-01T12:12:22.330+00:00 host_mono_ns=2615761521122879 
host_utc=2026-10-01T12:12:22.330+00:00 host_mono_ns=2615761521132978 22 21 20 19 18 17 16 38 37 36 15 1   values: 47443316 2 47443296 999990091 1 47443280 17179826625169063936
host_utc=2026-10-01T12:12:22.330+00:00 host_mono_ns=2615761521143638 1 35 1 value_stack:
host_utc=2026-10-01T12:12:22.330+00:00 host_mono_ns=2615761521153928 [2026-10-01 12:12:22.324] [info] local_count=2, local_size=2
host_utc=2026-10-01T12:12:22.330+00:00 host_mono_ns=2615761521164448 
host_utc=2026-10-01T12:12:22.331+00:00 host_mono_ns=2615761521174517 1   types: 1 1
host_utc=2026-10-01T12:12:22.331+00:00 host_mono_ns=2615761521184756 1 Stack:   values: 0 0
host_utc=2026-10-01T12:12:22.331+00:00 host_mono_ns=2615761521195216 label stack:
host_utc=2026-10-01T12:12:22.331+00:00 host_mono_ns=2615761521205706 34 1 [2026-10-01 12:12:22.324] [info] locals: {count=2, size=2}
host_utc=2026-10-01T12:12:22.331+00:00 host_mono_ns=2615761521216436 
host_utc=2026-10-01T12:12:22.331+00:00 host_mono_ns=2615761521226565 33 32 31 1 1 1   size: 2
host_utc=2026-10-01T12:12:22.331+00:00 host_mono_ns=2615761521236985 [2026-10-01 12:12:22.324] [info] value_stack: {count=0, size=0}
host_utc=2026-10-01T12:12:22.331+00:00 host_mono_ns=2615761521247434 
host_utc=2026-10-01T12:12:22.331+00:00 host_mono_ns=2615761521257624     begins: 0 19
host_utc=2026-10-01T12:12:22.331+00:00 host_mono_ns=2615761521268083 30 1 0 call_stack size: 10
host_utc=2026-10-01T12:12:22.331+00:00 host_mono_ns=2615761521278563 1 14 1 CallStackEntry: fidx=3354, offset=26
host_utc=2026-10-01T12:12:22.331+00:00 host_mono_ns=2615761521289093 1 1 13 1 1 1 1 [ 1 1 1 1 1 1 1 1 1 21 1 ]
host_utc=2026-10-01T12:12:22.331+00:00 host_mono_ns=2615761521299483 1     targets: 234 4294967295
host_utc=2026-10-01T12:12:22.331+00:00 host_mono_ns=2615761521309932 20 19 1 12 Stack: [ 1 1     stack_pointers: 0 0
host_utc=2026-10-01T12:12:22.331+00:00 host_mono_ns=2615761521320422 pc:
host_utc=2026-10-01T12:12:22.331+00:00 host_mono_ns=2615761521330842 1 11 ]
host_utc=2026-10-01T12:12:22.331+00:00 host_mono_ns=2615761521341181 [2026-10-01 12:12:22.324] [info] stack_count=205, stack_size=205
host_utc=2026-10-01T12:12:22.331+00:00 host_mono_ns=2615761521351811 
host_utc=2026-10-01T12:12:22.331+00:00 host_mono_ns=2615761521365157 18     cell_nums: 1 0
host_utc=2026-10-01T12:12:22.331+00:00 host_mono_ns=2615761521378883 17 16 15 14 13 12 11 10 9 8 7 CallStackEntry: fidx=3314, offset=24
host_utc=2026-10-01T12:12:22.331+00:00 host_mono_ns=2615761521389893 1 6 29 pc:
host_utc=2026-10-01T12:12:22.331+00:00 host_mono_ns=2615761521400373 5 28   pc: (3314, 24)
host_utc=2026-10-01T12:12:22.331+00:00 host_mono_ns=2615761521410763 1 4 3 locals:
host_utc=2026-10-01T12:12:22.331+00:00 host_mono_ns=2615761521421142 1 1   pc: (3354, 26)
host_utc=2026-10-01T12:12:22.331+00:00 host_mono_ns=2615761521431582   types: 1 1 1 2 1
host_utc=2026-10-01T12:12:22.331+00:00 host_mono_ns=2615761521442022   values: 47443316 128 2 17179826625169063936
host_utc=2026-10-01T12:12:22.331+00:00 host_mono_ns=2615761521452552 locals:
host_utc=2026-10-01T12:12:22.331+00:00 host_mono_ns=2615761521469884 27   types: 1 1
host_utc=2026-10-01T12:12:22.331+00:00 host_mono_ns=2615761521480504 26 25 24 23 22 21 1 2 20 1 0 19 18 17 16   values: 7 53997852
host_utc=2026-10-01T12:12:22.331+00:00 host_mono_ns=2615761521491205 ]
host_utc=2026-10-01T12:12:22.331+00:00 host_mono_ns=2615761521501564 Stack: [ 1 1 1 1 15 value_stack:
host_utc=2026-10-01T12:12:22.331+00:00 host_mono_ns=2615761521512014   types:
host_utc=2026-10-01T12:12:22.331+00:00 host_mono_ns=2615761521522403   values:
host_utc=2026-10-01T12:12:22.331+00:00 host_mono_ns=2615761521532883 10 1 1 1 1 1 1 1 1 1 1 label stack:
host_utc=2026-10-01T12:12:22.331+00:00 host_mono_ns=2615761521543233   size: 1
host_utc=2026-10-01T12:12:22.331+00:00 host_mono_ns=2615761521553652 14     begins: 0
host_utc=2026-10-01T12:12:22.331+00:00 host_mono_ns=2615761521564172 1 1 9 8 13 1 1 1 1 value_stack:
host_utc=2026-10-01T12:12:22.331+00:00 host_mono_ns=2615761521574532 7   types: 1 1 1 1 1 2
host_utc=2026-10-01T12:12:22.331+00:00 host_mono_ns=2615761521584901 1     targets: 57
host_utc=2026-10-01T12:12:22.331+00:00 host_mono_ns=2615761521595221 1 6 5 4     stack_pointers: 0
host_utc=2026-10-01T12:12:22.331+00:00 host_mono_ns=2615761521605631   values: 4294967290 4294967223 0 47443316 2 17179826625169063936
host_utc=2026-10-01T12:12:22.331+00:00 host_mono_ns=2615761521616160 label stack:
host_utc=2026-10-01T12:12:22.331+00:00 host_mono_ns=2615761521626540   size: 2
host_utc=2026-10-01T12:12:22.331+00:00 host_mono_ns=2615761521636920 1 12 1     cell_nums: 0
host_utc=2026-10-01T12:12:22.331+00:00 host_mono_ns=2615761521647289 11 1 1 3 1 1 10 2 CallStackEntry: fidx=3328, offset=31
host_utc=2026-10-01T12:12:22.331+00:00 host_mono_ns=2615761521657659     begins: 0 6
host_utc=2026-10-01T12:12:22.331+00:00 host_mono_ns=2615761521668008 1 1 0 ]
host_utc=2026-10-01T12:12:22.331+00:00 host_mono_ns=2615761521678328     targets: 47 4294967295
host_utc=2026-10-01T12:12:22.331+00:00 host_mono_ns=2615761521688627 pc:
host_utc=2026-10-01T12:12:22.331+00:00 host_mono_ns=2615761521698857 1   pc: (3328, 31)
host_utc=2026-10-01T12:12:22.331+00:00 host_mono_ns=2615761521709236 Stack: 9     stack_pointers: 0 0
host_utc=2026-10-01T12:12:22.331+00:00 host_mono_ns=2615761521719596     cell_nums: 1 0
host_utc=2026-10-01T12:12:22.331+00:00 host_mono_ns=2615761521730046 1 8 7 [ 1 1 6 1 1 1 1 1 1 1 1 1 5 locals:
host_utc=2026-10-01T12:12:22.331+00:00 host_mono_ns=2615761521740545 4 3 2 1 0 1 ]
host_utc=2026-10-01T12:12:22.331+00:00 host_mono_ns=2615761521750905   types: 1 1 1 1 1 1 1 1
host_utc=2026-10-01T12:12:22.331+00:00 host_mono_ns=2615761521761345 1 1 1   values: 7 53997852 53997876 0 0 0 0 0
host_utc=2026-10-01T12:12:22.331+00:00 host_mono_ns=2615761521772105 1 1 1 1 1 1 1 1 1 1 1 1 1 1 1 1 1 1 1 1 1 1 1 Stack: 1 1 [ 1 1 1 1 1 1 1 1 1 1 1 1 1 1 1 1 1 1 1 1 1 1 1 1 1 1 value_stack:
host_utc=2026-10-01T12:12:22.331+00:00 host_mono_ns=2615761521782955 1 ]
host_utc=2026-10-01T12:12:22.331+00:00 host_mono_ns=2615761521793435 [2026-10-
host_utc=2026-10-01T12:12:22.331+00:00 host_mono_ns=2615761521803865 1 12:12:22.324] [info] value_stack: {count=0, size=0}
host_utc=2026-10-01T12:12:22.331+00:00 host_mono_ns=2615761521814415 
host_utc=2026-10-01T12:12:22.331+00:00 host_mono_ns=2615761521824824 1 ]
host_utc=2026-10-01T12:12:22.331+00:00 host_mono_ns=2615761521835254 1 1 1 1 1 1 1 2026-10-01 12:12:22.324] [info] stack_count=27, stack_size=27
host_utc=2026-10-01T12:12:22.331+00:00 host_mono_ns=2615761521845834 
host_utc=2026-10-01T12:12:22.331+00:00 host_mono_ns=2615761521856174 1 1 Stack: [ 37 36 35 34 33 [2026-10-01 12:12:22.324] [info] locals: {count=198, size=198}
host_utc=2026-10-01T12:12:22.331+00:00 host_mono_ns=2615761521866934 
host_utc=2026-10-01T12:12:22.331+00:00 host_mono_ns=2615761521877213 1 1 1 1 1 1 1 1 1 1 1 1   values:
host_utc=2026-10-01T12:12:22.331+00:00 host_mono_ns=2615761521887553 label stack:
host_utc=2026-10-01T12:12:22.331+00:00 host_mono_ns=2615761521897832   size: 1
host_utc=2026-10-01T12:12:22.331+00:00 host_mono_ns=2615761521908212 1     begins: 0
host_utc=2026-10-01T12:12:22.331+00:00 host_mono_ns=2615761521929171 1 1 1 1 1 1 1 1 1 1 1 1 1 1 1 1 1 1 1 1 1 1 1 1 1 1 1 1 1 1 1 [21 6-10-01 12:12:22.324] [info] stack_count=22, stack_size=22
host_utc=2026-10-01T12:12:22.331+00:00 host_mono_ns=2615761521940162 
host_utc=2026-10-01T12:12:22.331+00:00 host_mono_ns=2615761521950622 1 1 ]
host_utc=2026-10-01T12:12:22.331+00:00 host_mono_ns=2615761521961162 [2026-10-01 12:12:22.324] [info] local_count=22, local_size=22
host_utc=2026-10-01T12:12:22.331+00:00 host_mono_ns=2615761521971732 
host_utc=2026-10-01T12:12:22.331+00:00 host_mono_ns=2615761521982061 1 1 [2026-10-01 12:12:22.324] [info] value_stack: {count=7, size=7}
host_utc=2026-10-01T12:12:22.331+00:00 host_mono_ns=2615761521992471 
host_utc=2026-10-01T12:12:22.331+00:00 host_mono_ns=2615761522009964     targets: 622
host_utc=2026-10-01T12:12:22.331+00:00 host_mono_ns=2615761522024051     stack_pointers: 0
host_utc=2026-10-01T12:12:22.331+00:00 host_mono_ns=2615761522034560 1     cell_nums: 0
host_utc=2026-10-01T12:12:22.331+00:00 host_mono_ns=2615761522045070 1 1 1 1 Stack: CallStackEntry: fidx=1362, offset=109
host_utc=2026-10-01T12:12:22.331+00:00 host_mono_ns=2615761522055780 pc:
host_utc=2026-10-01T12:12:22.331+00:00 host_mono_ns=2615761522066250 1 1 026-10-01 12:12:22.324] [info] locals: {count=22, size=22}
host_utc=2026-10-01T12:12:22.331+00:00 host_mono_ns=2615761522076670 
host_utc=2026-10-01T12:12:22.331+00:00 host_mono_ns=2615761522086769   pc: (1362, 109)
host_utc=2026-10-01T12:12:22.331+00:00 host_mono_ns=2615761522097078 1 1 1 locals:
host_utc=2026-10-01T12:12:22.331+00:00 host_mono_ns=2615761522107458   types: 1 1 1 1 1 1 1 1 1 1 1 1 1 1
host_utc=2026-10-01T12:12:22.331+00:00 host_mono_ns=2615761522118108 [2026-10-01 12:12:22.324] [info] value_stack: {count=0, size=0}
host_utc=2026-10-01T12:12:22.331+00:00 host_mono_ns=2615761522128758 
host_utc=2026-10-01T12:12:22.331+00:00 host_mono_ns=2615761522138958   values: 47444240 53997840 16 53997824 47444240 43 47444240 607948 47444240 43 607948 0 0 0
host_utc=2026-10-01T12:12:22.331+00:00 host_mono_ns=2615761522149608 32 value_stack:
host_utc=2026-10-01T12:12:22.331+00:00 host_mono_ns=2615761522160047   types:
host_utc=2026-10-01T12:12:22.332+00:00 host_mono_ns=2615761522170457   values:
host_utc=2026-10-01T12:12:22.332+00:00 host_mono_ns=2615761522203259 [2026-10-01 12:12:22.324] [info] locals: {count=2, size=2}
host_utc=2026-10-01T12:12:22.332+00:00 host_mono_ns=2615761522214360 
host_utc=2026-10-01T12:12:22.332+00:00 host_mono_ns=2615761522224639 [ Stack: [ 9 8 7 6 1 1   size: 1[2026-10-01 12:12:22.324] [info] stack_count=205, stack_size=205
host_utc=2026-10-01T12:12:22.332+00:00 host_mono_ns=2615761522235420 
host_utc=2026-10-01T12:12:22.332+00:00 host_mono_ns=2615761522245599 1 1 1 1 1 1 1 1 1 1 1 1 [2026-10-01 12:12:22.324] [info] local_count=27, local_size=27
host_utc=2026-10-01T12:12:22.332+00:00 host_mono_ns=2615761522256049 
host_utc=2026-10-01T12:12:22.332+00:00 host_mono_ns=2615761522266138 1 call_stack size: 9
host_utc=2026-10-01T12:12:22.332+00:00 host_mono_ns=2615761522276467 1     begins: 0
host_utc=2026-10-01T12:12:22.332+00:00 host_mono_ns=2615761522286907 1 1 CallStackEntry: fidx=3354, offset=26
host_utc=2026-10-01T12:12:22.332+00:00 host_mono_ns=2615761522297427 [2026-10-01 12:12:22.324] [info] Success to dump frame stack
host_utc=2026-10-01T12:12:22.332+00:00 host_mono_ns=2615761522308187 
host_utc=2026-10-01T12:12:22.332+00:00 host_mono_ns=2615761522318436     targets: 142
host_utc=2026-10-01T12:12:22.332+00:00 host_mono_ns=2615761522328806 1 1 1 1 1 1 1 1 1 1 1 1 1 1 31 1 1 1 1 1 1 1 1 1 1 30 [202
host_utc=2026-10-01T12:12:22.332+00:00 host_mono_ns=2615761522339236 -10-01 12:12:22.324] [info] locals: {count=27, size=27}
host_utc=2026-10-01T12:12:22.332+00:00 host_mono_ns=2615761522349806 
host_utc=2026-10-01T12:12:22.332+00:00 host_mono_ns=2615761522359955 1   pc: (3354, 26)
host_utc=2026-10-01T12:12:22.332+00:00 host_mono_ns=2615761522370394 29 13 locals:
host_utc=2026-10-01T12:12:22.332+00:00 host_mono_ns=2615761522380804   types: 1 1
host_utc=2026-10-01T12:12:22.332+00:00 host_mono_ns=2615761522398157 1 5 1 1 1 1 1 1 1 1 1 [ 4 28 12 1 1   values: 11 80215372
host_utc=2026-10-01T12:12:22.332+00:00 host_mono_ns=2615761522408837 1 11 1 1 10 9     stack_pointers: 0
host_utc=2026-10-01T12:12:22.332+00:00 host_mono_ns=2615761522419267 [2026-10-01 12:12:22.324] [info] local_count=198, local_size=198
host_utc=2026-10-01T12:12:22.332+00:00 host_mono_ns=2615761522429666 
host_utc=2026-10-01T12:12:22.332+00:00 host_mono_ns=2615761522439816 stack, 4100882
host_utc=2026-10-01T12:12:22.332+00:00 host_mono_ns=2615761522450205 6-thread attrs, 48341
host_utc=2026-10-01T12:12:22.332+00:00 host_mono_ns=2615761522460685 Stack: 27 26 25 24 23 22 21 20 19 18 17 [ value_stack:
host_utc=2026-10-01T12:12:22.332+00:00 host_mono_ns=2615761522471255     cell_nums: 1
host_utc=2026-10-01T12:12:22.332+00:00 host_mono_ns=2615761522481564   types:
host_utc=2026-10-01T12:12:22.332+00:00 host_mono_ns=2615761522491874 14 8 1   values:
host_utc=2026-10-01T12:12:22.332+00:00 host_mono_ns=2615761522502344 13 7 label stack:
host_utc=2026-10-01T12:12:22.332+00:00 host_mono_ns=2615761522512533 6 5 4 12 1 16 1 15 14 13 12 11 1 1 1 1 1 1 1 1 1 1 1 11   size: 1
host_utc=2026-10-01T12:12:22.332+00:00 host_mono_ns=2615761522523023 1 10     begins: 0
host_utc=2026-10-01T12:12:22.332+00:00 host_mono_ns=2615761522533412 3 10 1 [06:36:01:967 - 75AAA9CFA640]: 9 8 CallStackEntry: fidx=1017, offset=57
host_utc=2026-10-01T12:12:22.332+00:00 host_mono_ns=2615761522544002 Success to dump img for wamr
host_utc=2026-10-01T12:12:22.332+00:00 host_mono_ns=2615761522554352     targets: 57
host_utc=2026-10-01T12:12:22.332+00:00 host_mono_ns=2615761522564832 3
host_utc=2026-10-01T12:12:22.332+00:00 host_mono_ns=2615761522575111 do_checkpoint_4
host_utc=2026-10-01T12:12:22.332+00:00 host_mono_ns=2615761522585531 wasm_cluster_increase_checkpointing_counter called 1
host_utc=2026-10-01T12:12:22.332+00:00 host_mono_ns=2615761522596131 wasm_cluster_increase_checkpointing_counter called 2
host_utc=2026-10-01T12:12:22.332+00:00 host_mono_ns=2615761522606781 wasm_cluster_increase_checkpointing_counter called 3
host_utc=2026-10-01T12:12:22.332+00:00 host_mono_ns=2615761522617361 pc:
host_utc=2026-10-01T12:12:22.332+00:00 host_mono_ns=2615761522627630 2 1     stack_pointers: 0
host_utc=2026-10-01T12:12:22.332+00:00 host_mono_ns=2615761522638020 1 7   pc: (1017, 57)
host_utc=2026-10-01T12:12:22.332+00:00 host_mono_ns=2615761522648499 6 9 2 locals:
host_utc=2026-10-01T12:12:22.332+00:00 host_mono_ns=2615761522658959 8 5 4   types: 1 1 1 1 1 1 1 1
host_utc=2026-10-01T12:12:22.332+00:00 host_mono_ns=2615761522669369 7 1 1 1 1 0 0 ]
host_utc=2026-10-01T12:12:22.332+00:00 host_mono_ns=2615761522679678     cell_nums: 0
host_utc=2026-10-01T12:12:22.332+00:00 host_mono_ns=2615761522689968   values: 607948 53997824 16 53997808 607948 607948 0 0
host_utc=2026-10-01T12:12:22.332+00:00 host_mono_ns=2615761522700558 3 value_stack:
host_utc=2026-10-01T12:12:22.332+00:00 host_mono_ns=2615761522710977 2 1 0 1 ]
host_utc=2026-10-01T12:12:22.332+00:00 host_mono_ns=2615761522721217 6 ]
host_utc=2026-10-01T12:12:22.332+00:00 host_mono_ns=2615761522731697   types:
host_utc=2026-10-01T12:12:22.332+00:00 host_mono_ns=2615761522742126   values:
host_utc=2026-10-01T12:12:22.332+00:00 host_mono_ns=2615761522752506 Stack: Stack: 5 1 1 1 1 1 1 1 1 1 1 1 1 1 1 1 1 1 1 1 ]
host_utc=2026-10-01T12:12:22.332+00:00 host_mono_ns=2615761522763096 [ 1 1 1 Stack: 1 [ 1 [ 1 1 1 1 1 1 1 [2026-10-01 12:12:22.324] [info] stack_count=205, stack_size=205
host_utc=2026-10-01T12:12:22.332+00:00 host_mono_ns=2615761522773816 
host_utc=2026-10-01T12:12:22.332+00:00 host_mono_ns=2615761522784166 CallStackEntry: fidx=3328, offset=31
host_utc=2026-10-01T12:12:22.332+00:00 host_mono_ns=2615761522794665 label stack:
host_utc=2026-10-01T12:12:22.332+00:00 host_mono_ns=2615761522805035 [2026-10-01 12:12:22.324] [info] local_count=198, local_size=198
host_utc=2026-10-01T12:12:22.332+00:00 host_mono_ns=2615761522815455 
host_utc=2026-10-01T12:12:22.332+00:00 host_mono_ns=2615761522832286   size: 1
host_utc=2026-10-01T12:12:22.332+00:00 host_mono_ns=2615761522842796 1 [2026-10-01 12:12:22.324] [info] locals: {count=198, size=198}
host_utc=2026-10-01T12:12:22.332+00:00 host_mono_ns=2615761522853296 
host_utc=2026-10-01T12:12:22.332+00:00 host_mono_ns=2615761522863445     begins: 0
host_utc=2026-10-01T12:12:22.332+00:00 host_mono_ns=2615761522873735 4 1 1 pc:
host_utc=2026-10-01T12:12:22.332+00:00 host_mono_ns=2615761522884144     targets: 83
host_utc=2026-10-01T12:12:22.332+00:00 host_mono_ns=2615761522894524 1   pc: (3328, 31)
host_utc=2026-10-01T12:12:22.332+00:00 host_mono_ns=2615761522904884 1 1 1 locals:
host_utc=2026-10-01T12:12:22.332+00:00 host_mono_ns=2615761522915273 1 1 1 1 3 1 1 1     stack_pointers: 0
host_utc=2026-10-01T12:12:22.332+00:00 host_mono_ns=2615761522925793 2 1 1 1 1 1 0 ]
host_utc=2026-10-01T12:12:22.332+00:00 host_mono_ns=2615761522936123 Stack: 1 1 1 1 1 1 1 1 1 1 1 1 1 1 Stack: 1 1 [ 1 1 1 [ 1 1 1   types: 1 1 1 1 1 1 1 1
host_utc=2026-10-01T12:12:22.332+00:00 host_mono_ns=2615761522946853     cell_nums: 0
host_utc=2026-10-01T12:12:22.332+00:00 host_mono_ns=2615761522957262 1 1 1   values: 11 80215372 80215396 0 0 0 0 0
host_utc=2026-10-01T12:12:22.332+00:00 host_mono_ns=2615761522967822 value_stack:
host_utc=2026-10-01T12:12:22.332+00:00 host_mono_ns=2615761522978102   types:
host_utc=2026-10-01T12:12:22.332+00:00 host_mono_ns=2615761522988441 CallStackEntry: fidx=1187, offset=96
host_utc=2026-10-01T12:12:22.332+00:00 host_mono_ns=2615761522998821 1 1 1 1 1 1 1 pc:
host_utc=2026-10-01T12:12:22.332+00:00 host_mono_ns=2615761523018428 1   pc: (1187, 96)
host_utc=2026-10-01T12:12:22.332+00:00 host_mono_ns=2615761523028818 13 1   values:
host_utc=2026-10-01T12:12:22.332+00:00 host_mono_ns=2615761523039247 1 12 11 10 9 8 label stack:
host_utc=2026-10-01T12:12:22.332+00:00 host_mono_ns=2615761523049677 locals:
host_utc=2026-10-01T12:12:22.332+00:00 host_mono_ns=2615761523060087 1 1   size: 1
host_utc=2026-10-01T12:12:22.332+00:00 host_mono_ns=2615761523070486 1 1     begins: 0
host_utc=2026-10-01T12:12:22.332+00:00 host_mono_ns=2615761523080916     targets: 622
host_utc=2026-10-01T12:12:22.332+00:00 host_mono_ns=2615761523091225 1 1   types: 1 1 1 1 1 1 1 1 1 1 1 1 1
host_utc=2026-10-01T12:12:22.332+00:00 host_mono_ns=2615761523101785     stack_pointers: 0
host_utc=2026-10-01T12:12:22.332+00:00 host_mono_ns=2615761523112065     cell_nums: 0
host_utc=2026-10-01T12:12:22.332+00:00 host_mono_ns=2615761523122334 1 1 1 CallStackEntry: fidx=1362, offset=109
host_utc=2026-10-01T12:12:22.332+00:00 host_mono_ns=2615761523132864 1 1 7 pc:
host_utc=2026-10-01T12:12:22.332+00:00 host_mono_ns=2615761523143274 1 1 1 6 1   pc: (1362, 109)
host_utc=2026-10-01T12:12:22.332+00:00 host_mono_ns=2615761523153623 locals:
host_utc=2026-10-01T12:12:22.332+00:00 host_mono_ns=2615761523164063 1   types: 1 1 1 1 1 1 1 1 1 1 1 1 1 1
host_utc=2026-10-01T12:12:22.333+00:00 host_mono_ns=2615761523174593 1 1 1 1 1 1 1 1 1 1 1 1 5 4 3 2 1 1   values: 7855136 80215360 16 80215344 7855136 35 7855136 527568 7855136 35 527568 0 0 0
host_utc=2026-10-01T12:12:22.333+00:00 host_mono_ns=2615761523185493 value_stack:
host_utc=2026-10-01T12:12:22.333+00:00 host_mono_ns=2615761523195813   types:
host_utc=2026-10-01T12:12:22.333+00:00 host_mono_ns=2615761523206202   values:
host_utc=2026-10-01T12:12:22.333+00:00 host_mono_ns=2615761523216452 label stack:
host_utc=2026-10-01T12:12:22.333+00:00 host_mono_ns=2615761523226741   size: 1
host_utc=2026-10-01T12:12:22.333+00:00 host_mono_ns=2615761523237141     begins: 0
host_utc=2026-10-01T12:12:22.333+00:00 host_mono_ns=2615761523247510 0 ]
host_utc=2026-10-01T12:12:22.333+00:00 host_mono_ns=2615761523257870 Stack: [ 1   values: 607948 53997808 16 53997792 607948 1 1 1 1 4000 0 0 0
host_utc=2026-10-01T12:12:22.333+00:00 host_mono_ns=2615761523268390 1 1 ]
host_utc=2026-10-01T12:12:22.333+00:00 host_mono_ns=2615761523278739     targets: 142
host_utc=2026-10-01T12:12:22.333+00:00 host_mono_ns=2615761523289129 1 1     stack_pointers: 0
host_utc=2026-10-01T12:12:22.333+00:00 host_mono_ns=2615761523305981 1 1 1 1 1 1 1 1 1 value_stack:
host_utc=2026-10-01T12:12:22.333+00:00 host_mono_ns=2615761523316631 1 1 1 1 1 1 1 1 1 1 1 1 1 1 1 1 1 1 1 1 1 1 1 1 1 1 1 1 1 1 1 1 1 1 1 1 [ 1 1 1 1 1 1 1 ]
host_utc=2026-10-01T12:12:22.333+00:00 host_mono_ns=2615761523327351 [2026-10-01 12:12:22.324] [info] locals: {count=198, size=198}
host_utc=2026-10-01T12:12:22.333+00:00 host_mono_ns=2615761523338021 
host_utc=2026-10-01T12:12:22.333+00:00 host_mono_ns=2615761523348200 1 1 1 1 1 1 ]
host_utc=2026-10-01T12:12:22.333+00:00 host_mono_ns=2615761523358440 1 1 1 1 1 1 ]
host_utc=2026-10-01T12:12:22.333+00:00 host_mono_ns=2615761523368689 [2026-10-01 12:12:22.325] [info] stack_count=14, stack_size=14
host_utc=2026-10-01T12:12:22.333+00:00 host_mono_ns=2615761523379269 
host_utc=2026-10-01T12:12:22.333+00:00 host_mono_ns=2615761523389438 1 [ 026-10-01 12:12:22.325] [info] stack_count=38, stack_size=38
host_utc=2026-10-01T12:12:22.333+00:00 host_mono_ns=2615761523399848 
host_utc=2026-10-01T12:12:22.333+00:00 host_mono_ns=2615761523409977 1 [2026-10-01 12:12:22.325] [info] local_count=38, local_size=38
host_utc=2026-10-01T12:12:22.333+00:00 host_mono_ns=2615761523420417 
host_utc=2026-10-01T12:12:22.333+00:00 host_mono_ns=2615761523430476     cell_nums: 1
host_utc=2026-10-01T12:12:22.333+00:00 host_mono_ns=2615761523440805 CallStackEntry: fidx=817, offset=126
host_utc=2026-10-01T12:12:22.333+00:00 host_mono_ns=2615761523451255 pc:
host_utc=2026-10-01T12:12:22.333+00:00 host_mono_ns=2615761523461745   types:
host_utc=2026-10-01T12:12:22.333+00:00 host_mono_ns=2615761523472155 [2026-10-01 12:12:22.325] [info] value_stack: {count=7, size=7}
host_utc=2026-10-01T12:12:22.333+00:00 host_mono_ns=2615761523482654 
host_utc=2026-10-01T12:12:22.333+00:00 host_mono_ns=2615761523492824 1 Stack: [ 13 12 11 10 9 1 1 1 1 1 [2026-10-01 12:12:22.325] [info] value_stack: {count=0, size=0}
host_utc=2026-10-01T12:12:22.333+00:00 host_mono_ns=2615761523503504 
host_utc=2026-10-01T12:12:22.333+00:00 host_mono_ns=2615761523513883 1   values:
host_utc=2026-10-01T12:12:22.333+00:00 host_mono_ns=2615761523524263   pc: (817, 126)
host_utc=2026-10-01T12:12:22.333+00:00 host_mono_ns=2615761523534512 label stack:
host_utc=2026-10-01T12:12:22.333+00:00 host_mono_ns=2615761523544842 locals:
host_utc=2026-10-01T12:12:22.333+00:00 host_mono_ns=2615761523555261   size: 3
host_utc=2026-10-01T12:12:22.333+00:00 host_mono_ns=2615761523565561 8     begins: 0 55 57
host_utc=2026-10-01T12:12:22.333+00:00 host_mono_ns=2615761523576051   types: 1 1 1 1 1 1 1 1 1 1 1 1 1 1 1 1 1 1 1 1 1 1 1 1 1 1 1 1 1 1 1 1 1 1 1 1 1 1 1 1 1 1 1 1 1
host_utc=2026-10-01T12:12:22.333+00:00 host_mono_ns=2615761523586831 7 6 1     targets: 139 4294967295 57
host_utc=2026-10-01T12:12:22.333+00:00 host_mono_ns=2615761523597301 [2026-10-01 12:12:22.325] [info] local_count=14, local_size=14
host_utc=2026-10-01T12:12:22.333+00:00 host_mono_ns=2615761523607740 
host_utc=2026-10-01T12:12:22.333+00:00 host_mono_ns=2615761523617980     stack_pointers: 0 0 0
host_utc=2026-10-01T12:12:22.333+00:00 host_mono_ns=2615761523628420   values: 527568 80215344 16 80215328 527568 527568 4 80215332 80215332 527568 1 1 1 1000 527568 0 1 0 0 0 0 527568 550788 11968 58 527568 0 255 0 2 0 2 0 1 0 527568 0 527568 41812 527568 0 1 1 0 0
host_utc=2026-10-01T12:12:22.333+00:00 host_mono_ns=2615761523639761     cell_nums: 0 0 0
host_utc=2026-10-01T12:12:22.333+00:00 host_mono_ns=2615761523650110 CallStackEntry: fidx=1347, offset=131
host_utc=2026-10-01T12:12:22.333+00:00 host_mono_ns=2615761523660580 pc:
host_utc=2026-10-01T12:12:22.333+00:00 host_mono_ns=2615761523670990 value_stack:
host_utc=2026-10-01T12:12:22.333+00:00 host_mono_ns=2615761523681299   types:
host_utc=2026-10-01T12:12:22.333+00:00 host_mono_ns=2615761523691649   values:
host_utc=2026-10-01T12:12:22.333+00:00 host_mono_ns=2615761523702039 label stack:
host_utc=2026-10-01T12:12:22.333+00:00 host_mono_ns=2615761523712408   pc: (1347, 131)
host_utc=2026-10-01T12:12:22.333+00:00 host_mono_ns=2615761523722878   size: 3
host_utc=2026-10-01T12:12:22.333+00:00 host_mono_ns=2615761523739419 locals:
host_utc=2026-10-01T12:12:22.333+00:00 host_mono_ns=2615761523749949     begins: 0 87 89
host_utc=2026-10-01T12:12:22.333+00:00 host_mono_ns=2615761523760489 5 1   types: 1 1 1 1 1 1 1 1 1 1 1 1 1 1 1 1 1 1 1
host_utc=2026-10-01T12:12:22.333+00:00 host_mono_ns=2615761523771089 ]
host_utc=2026-10-01T12:12:22.333+00:00 host_mono_ns=2615761523781448 4 3 2 1 [2026-10-01 12:12:22.325] [info] locals: {count=38, size=38}
host_utc=2026-10-01T12:12:22.333+00:00 host_mono_ns=2615761523792099 
host_utc=2026-10-01T12:12:22.333+00:00 host_mono_ns=2615761523802318     targets: 401 4294967295 89
host_utc=2026-10-01T12:12:22.333+00:00 host_mono_ns=2615761523812868     stack_pointers: 0 0 0
host_utc=2026-10-01T12:12:22.333+00:00 host_mono_ns=2615761523823167     cell_nums: 0 0 0
host_utc=2026-10-01T12:12:22.333+00:00 host_mono_ns=2615761523833497 CallStackEntry: fidx=1347, offset=131
host_utc=2026-10-01T12:12:22.333+00:00 host_mono_ns=2615761523843836 pc:
host_utc=2026-10-01T12:12:22.333+00:00 host_mono_ns=2615761523854136   pc: (1347, 131)
host_utc=2026-10-01T12:12:22.333+00:00 host_mono_ns=2615761523864475 locals:
host_utc=2026-10-01T12:12:22.333+00:00 host_mono_ns=2615761523874785 1 [2026-10-01 12:12:22.325] [info] value_stack: {count=0, size=0}
host_utc=2026-10-01T12:12:22.333+00:00 host_mono_ns=2615761523885184 
host_utc=2026-10-01T12:12:22.333+00:00 host_mono_ns=2615761523895404 Stack: ]
host_utc=2026-10-01T12:12:22.333+00:00 host_mono_ns=2615761523905713 Stack: [ 1 [2026-10-01 12:12:22.325] [info] stack_count=14, stack_size=14
host_utc=2026-10-01T12:12:22.333+00:00 host_mono_ns=2615761523916073 
host_utc=2026-10-01T12:12:22.333+00:00 host_mono_ns=2615761523926192 Stack: [ 33 1 32 1 1 1 [2026-10-01 12:12:22.325] [info] local_count=14, local_size=14
host_utc=2026-10-01T12:12:22.333+00:00 host_mono_ns=2615761523936651 
host_utc=2026-10-01T12:12:22.333+00:00 host_mono_ns=2615761523946871   types: 1 1 1 1 1 1 1 1 1 1 1 1 1 1 1 1 1 1 1
host_utc=2026-10-01T12:12:22.333+00:00 host_mono_ns=2615761523957310 [ 25 24 23 22   values: 1000 80215328 16 80215312 0 1 0 1 0 1 0 0 1000 0 1000 0 0 0 0
host_utc=2026-10-01T12:12:22.333+00:00 host_mono_ns=2615761523967870 21 value_stack:
host_utc=2026-10-01T12:12:22.333+00:00 host_mono_ns=2615761523978270   types:
host_utc=2026-10-01T12:12:22.333+00:00 host_mono_ns=2615761523988579   values:
host_utc=2026-10-01T12:12:22.333+00:00 host_mono_ns=2615761523998999 label stack:
host_utc=2026-10-01T12:12:22.333+00:00 host_mono_ns=2615761524019147   size: 2
host_utc=2026-10-01T12:12:22.333+00:00 host_mono_ns=2615761524029817     begins: 0 74
host_utc=2026-10-01T12:12:22.333+00:00 host_mono_ns=2615761524040227     targets: 176 4294967295
host_utc=2026-10-01T12:12:22.333+00:00 host_mono_ns=2615761524050667     stack_pointers: 0 0
host_utc=2026-10-01T12:12:22.333+00:00 host_mono_ns=2615761524061066 20 1 1 [2026-10-01 12:12:22.325] [info] value_stack: {count=0, size=0}
host_utc=2026-10-01T12:12:22.333+00:00 host_mono_ns=2615761524071616 
host_utc=2026-10-01T12:12:22.333+00:00 host_mono_ns=2615761524081866 1 1 1     cell_nums: 1 0
host_utc=2026-10-01T12:12:22.333+00:00 host_mono_ns=2615761524092315 31 1 1 30 1 1 1 29 28 27 26 1 1 19 1 25 1 1 1 1 1 1 1 1 1 1 1 1 1 1 1 24 CallStackEntry: fidx=1375, offset=341
host_utc=2026-10-01T12:12:22.333+00:00 host_mono_ns=2615761524103076 1 pc:
host_utc=2026-10-01T12:12:22.333+00:00 host_mono_ns=2615761524113365   pc: (1375, 341)
host_utc=2026-10-01T12:12:22.333+00:00 host_mono_ns=2615761524123725 locals:
host_utc=2026-10-01T12:12:22.333+00:00 host_mono_ns=2615761524134094 18 1 17 16 1 1 1 1 1 15 14 23 1 1 1 1 1 1 1 1 ]
host_utc=2026-10-01T12:12:22.333+00:00 host_mono_ns=2615761524144654 [2026-10-01 12:12:22.325] [info] value_stack: {count=0, size=0}
host_utc=2026-10-01T12:12:22.333+00:00 host_mono_ns=2615761524155294 
host_utc=2026-10-01T12:12:22.333+00:00 host_mono_ns=2615761524165564 13   types: 1 1 1 1 1 1 1 1 1 1 1 1 1 1 1 1 1 1 1 1 1 1 1 1 1 1 1 1 1 1 1 1 1 1 1 1 1 1 1 1 1 1 1 1 1 1 1 1 1 1 1 1 1 1 1 1 1 1 1 1 1 1 1
host_utc=2026-10-01T12:12:22.334+00:00 host_mono_ns=2615761524182686 Stack: [ 7 6 5 4 3 2 12 26-10-01 12:12:22.325] [info] stack_count=15, stack_size=15
host_utc=2026-10-01T12:12:22.334+00:00 host_mono_ns=2615761524193426 
host_utc=2026-10-01T12:12:22.334+00:00 host_mono_ns=2615761524203896 11 1 0 22   values: 1000 80215312 112 80215200 0 80 80215280 80215280 0 32 80215232 80215232 0 80 80215280 80215280 1000 4294967295 1000 4294967295 0 1 0 0 0 0 0 0 0 0 0 0 1000 8 80215208 80215208 32 80215232 80215232 80 80215280 80215280 8 80215208 80215208 0 0 0 0 0 0 0 0 0 0 0 0 0 0 0 0 0 0
host_utc=2026-10-01T12:12:22.334+00:00 host_mono_ns=2615761524215488 ]
host_utc=2026-10-01T12:12:22.334+00:00 host_mono_ns=2615761524225958 21 1 [2026-10-01 12:12:22.325] [info] local_count=15, local_size=15
host_utc=2026-10-01T12:12:22.334+00:00 host_mono_ns=2615761524236417 
host_utc=2026-10-01T12:12:22.334+00:00 host_mono_ns=2615761524246587 value_stack:
host_utc=2026-10-01T12:12:22.334+00:00 host_mono_ns=2615761524256876 Stack: [ [ 7 1 1 1 1 6 1 5 1 1 10 4 20 1 3 2 1 0 19 1   types: 1 1 1
host_utc=2026-10-01T12:12:22.334+00:00 host_mono_ns=2615761524267416 1 9 8 7 1 1 1 1 6 5 4 3 1 [2026-10-01 12:12:22.325] [info] stack_count=171, stack_size=171
host_utc=2026-10-01T12:12:22.334+00:00 host_mono_ns=2615761524278046 
host_utc=2026-10-01T12:12:22.334+00:00 host_mono_ns=2615761524288265 ]
host_utc=2026-10-01T12:12:22.334+00:00 host_mono_ns=2615761524298495 1   values: 4000 53997792 16 53997776 0 1 0 1 0 1 0 0 4000 0 4000 0 0 0 0
host_utc=2026-10-01T12:12:22.334+00:00 host_mono_ns=2615761524309024 Stack: [ 1 1 1 1 [2026-10-01 12:12:22.325] [info] local_count=155, local_size=155
host_utc=2026-10-01T12:12:22.334+00:00 host_mono_ns=2615761524319484 
host_utc=2026-10-01T12:12:22.334+00:00 host_mono_ns=2615761524329643 value_stack:
host_utc=2026-10-01T12:12:22.334+00:00 host_mono_ns=2615761524339843   types:
host_utc=2026-10-01T12:12:22.334+00:00 host_mono_ns=2615761524350262 1 1 1 1   values:
host_utc=2026-10-01T12:12:22.334+00:00 host_mono_ns=2615761524360602 label stack:
host_utc=2026-10-01T12:12:22.334+00:00 host_mono_ns=2615761524370881   size: 2
host_utc=2026-10-01T12:12:22.334+00:00 host_mono_ns=2615761524381291 1 [ 1   values: 80215232 80215232 80215232
host_utc=2026-10-01T12:12:22.334+00:00 host_mono_ns=2615761524391841 label stack:
host_utc=2026-10-01T12:12:22.334+00:00 host_mono_ns=2615761524402130   size: 2
host_utc=2026-10-01T12:12:22.334+00:00 host_mono_ns=2615761524412470 1 [2026-10-01 12:12
host_utc=2026-10-01T12:12:22.334+00:00 host_mono_ns=2615761524422749     targets: 176 4294967295
host_utc=2026-10-01T12:12:22.334+00:00 host_mono_ns=2615761524433129 1 18 17 1 1 1 Stack: [ 13 1 1 1 1 ]
host_utc=2026-10-01T12:12:22.334+00:00 host_mono_ns=2615761524443458 16 1 12     begins: 0 171
host_utc=2026-10-01T12:12:22.334+00:00 host_mono_ns=2615761524453868 [2     targets: 489 4294967295
host_utc=2026-10-01T12:12:22.334+00:00 host_mono_ns=2615761524464227 1 14 [2026-10-01 12:12:22.325] [info] local_count=14, local_size=14
host_utc=2026-10-01T12:12:22.334+00:00 host_mono_ns=2615761524474727 
host_utc=2026-10-01T12:12:22.334+00:00 host_mono_ns=2615761524484876 13 12 11 10 9 8 7 6 5 0 [2026-10-01 12:12:22.325] [info] stack_count=8, stack_size=8
host_utc=2026-10-01T12:12:22.334+00:00 host_mono_ns=2615761524495386 
host_utc=2026-10-01T12:12:22.334+00:00 host_mono_ns=2615761524505606 1     stack_pointers: 0 0
host_utc=2026-10-01T12:12:22.334+00:00 host_mono_ns=2615761524515895     stack_pointers: 0 0
host_utc=2026-10-01T12:12:22.334+00:00 host_mono_ns=2615761524526255 ]
host_utc=2026-10-01T12:12:22.334+00:00 host_mono_ns=2615761524536434     cell_nums: 1 0
host_utc=2026-10-01T12:12:22.334+00:00 host_mono_ns=2615761524546823     cell_nums: 1 0
host_utc=2026-10-01T12:12:22.334+00:00 host_mono_ns=2615761524557053 ]
host_utc=2026-10-01T12:12:22.334+00:00 host_mono_ns=2615761524567312 CallStackEntry: fidx=3322, offset=427
host_utc=2026-10-01T12:12:22.334+00:00 host_mono_ns=2615761524577872 pc:
host_utc=2026-10-01T12:12:22.334+00:00 host_mono_ns=2615761524594033   pc: (3322, 427)
host_utc=2026-10-01T12:12:22.334+00:00 host_mono_ns=2615761524604603 locals:
host_utc=2026-10-01T12:12:22.334+00:00 host_mono_ns=2615761524615042 [2 10 9 8 7 6 1 4 [2026-10-01 12:12:22.325] [info] local_count=8, local_size=8
host_utc=2026-10-01T12:12:22.334+00:00 host_mono_ns=2615761524625572 
host_utc=2026-10-01T12:12:22.334+00:00 host_mono_ns=2615761524635731 1   types: 1 1 1 1 1 1 1 1 1
host_utc=2026-10-01T12:12:22.334+00:00 host_mono_ns=2615761524646111 Stack:   values: 80215232 80215280 80215208 80215168 2 0 80215188 80215264 1
host_utc=2026-10-01T12:12:22.334+00:00 host_mono_ns=2615761524656791 value_stack:
host_utc=2026-10-01T12:12:22.334+00:00 host_mono_ns=2615761524667291 [ 1 [2026-10-01 12:12:22.325] [info] locals: {count=155, size=155}
host_utc=2026-10-01T12:12:22.334+00:00 host_mono_ns=2615761524677941 
host_utc=2026-10-01T12:12:22.334+00:00 host_mono_ns=2615761524688311 5 3 [2026-10-01 12:12:22.325] [info] locals: {count=8, size=8}
host_utc=2026-10-01T12:12:22.334+00:00 host_mono_ns=2615761524698911 
host_utc=2026-10-01T12:12:22.334+00:00 host_mono_ns=2615761524709250 2 CallStackEntry: fidx=1375, offset=341
host_utc=2026-10-01T12:12:22.334+00:00 host_mono_ns=2615761524719860   types: 1 1 1 1 1
host_utc=2026-10-01T12:12:22.334+00:00 host_mono_ns=2615761524730400 pc:
host_utc=2026-10-01T12:12:22.334+00:00 host_mono_ns=2615761524740970 1   values: 80215188 80215188 80215188 80215188 80215188
host_utc=2026-10-01T12:12:22.334+00:00 host_mono_ns=2615761524751610 0 1   pc: (1375, 341)
host_utc=2026-10-01T12:12:22.334+00:00 host_mono_ns=2615761524761909 1 ]
host_utc=2026-10-01T12:12:22.334+00:00 host_mono_ns=2615761524772349 Stack: [ locals:
host_utc=2026-10-01T12:12:22.334+00:00 host_mono_ns=2615761524782749 1 1 1 1 1 1 1 1 1 1 1 1 1 1 1 1   types: 1 1 1 1 1 1 1 1 1 1 1 1 1 1 1 1 1 1 1 1 1 1 1 1 1 1 1 1 1 1 1 1 1 1 1 1 1 1 1 1 1 1 1 1 1 1 1 1 1 1 1 1 1 1 1 1 1 1 1 1 1 1 1
host_utc=2026-10-01T12:12:22.334+00:00 host_mono_ns=2615761524793790 1 1 [2Stack: [ 1 label stack:
host_utc=2026-10-01T12:12:22.334+00:00 host_mono_ns=2615761524804239 [2026-10-01 12:12:22.325] [info] value_stack: {count=16, size=16}
host_utc=2026-10-01T12:12:22.334+00:00 host_mono_ns=2615761524814960 
host_utc=2026-10-01T12:12:22.334+00:00 host_mono_ns=2615761524825319 1 1 1 1 1 1 1 1 1 1 1 1 1 1 1 1 1 1 1 1 1 1 1 1 1 1 1 1 1 1 1 4 1 1   values: 4000 53997776 112 53997664 0 80 53997744 53997744 0 32 53997696 53997696 0 80 53997744 53997744 4000 4294967295 4000 4294967295 0 1 0 0 0 0 0 0 0 0 0 0 4000 8 53997672 53997672 32 53997696 53997696 80 53997744 53997744 8 53997672 53997672 0 0 0 0 0 0 0 0 0 0 0 0 0 0 0 0 0 0
host_utc=2026-10-01T12:12:22.334+00:00 host_mono_ns=2615761524837562 [2026-10-01 12:12:22.325] [info] locals: {count=14, size=14}
host_utc=2026-10-01T12:12:22.334+00:00 host_mono_ns=2615761524848172 
host_utc=2026-10-01T12:12:22.334+00:00 host_mono_ns=2615761524858332 1 value_stack:
host_utc=2026-10-01T12:12:22.334+00:00 host_mono_ns=2615761524868621 0 1   types: 1 1 1
host_utc=2026-10-01T12:12:22.334+00:00 host_mono_ns=2615761524879041 ]
host_utc=2026-10-01T12:12:22.334+00:00 host_mono_ns=2615761524889470 1 Stack:   [2026-10-01 12:12:22.325] [info] value_stack: {count=0, size=0}
host_utc=2026-10-01T12:12:22.334+00:00 host_mono_ns=2615761524900080 
host_utc=2026-10-01T12:12:22.334+00:00 host_mono_ns=2615761524910230   size: 2
host_utc=2026-10-01T12:12:22.334+00:00 host_mono_ns=2615761524920559 1 1 1     begins: 0 56
host_utc=2026-10-01T12:12:22.334+00:00 host_mono_ns=2615761524952980 [2026-10-01 12Stack: 3 [ 7 6   size: 2
host_utc=2026-10-01T12:12:22.334+00:00 host_mono_ns=2615761524964011 [ 2 5 Stack:     begins: 0 171
host_utc=2026-10-01T12:12:22.334+00:00 host_mono_ns=2615761524974421 13 [2026-10-01 12:12:22.325] [info] value_stack: {count=0, size=0}
host_utc=2026-10-01T12:12:22.334+00:00 host_mono_ns=2615761524985051 
host_utc=2026-10-01T12:12:22.334+00:00 host_mono_ns=2615761524995320 [     targets: 489 4294967295
host_utc=2026-10-01T12:12:22.334+00:00 host_mono_ns=2615761525011891     stack_pointers: 0 0
host_utc=2026-10-01T12:12:22.334+00:00 host_mono_ns=2615761525032170     cell_nums: 1 0
host_utc=2026-10-01T12:12:22.334+00:00 host_mono_ns=2615761525042780 CallStackEntry: fidx=3322, offset=427
host_utc=2026-10-01T12:12:22.334+00:00 host_mono_ns=2615761525053270 pc:
host_utc=2026-10-01T12:12:22.334+00:00 host_mono_ns=2615761525063649 4   pc: (3322, 427)
host_utc=2026-10-01T12:12:22.334+00:00 host_mono_ns=2615761525074069 locals:
host_utc=2026-10-01T12:12:22.334+00:00 host_mono_ns=2615761525084529 1 12 0 1 1 3 1 ]
host_utc=2026-10-01T12:12:22.334+00:00 host_mono_ns=2615761525094768 1 1 Stack: 1 1 ]
host_utc=2026-10-01T12:12:22.334+00:00 host_mono_ns=2615761525105188 1 1     targets: 1233 4294967295
host_utc=2026-10-01T12:12:22.334+00:00 host_mono_ns=2615761525115577 1 [2026-10-01 12:12:22.325] [info] stack_count=2, stack_size=2
host_utc=2026-10-01T12:12:22.334+00:00 host_mono_ns=2615761525126257 
host_utc=2026-10-01T12:12:22.334+00:00 host_mono_ns=2615761525136477     stack_pointers: 0 0
host_utc=2026-10-01T12:12:22.334+00:00 host_mono_ns=2615761525146836 11 1 1     cell_nums: 1 0
host_utc=2026-10-01T12:12:22.334+00:00 host_mono_ns=2615761525157246 CallStackEntry: fidx=3320, offset=189
host_utc=2026-10-01T12:12:22.334+00:00 host_mono_ns=2615761525167575 1 Stack: pc:
host_utc=2026-10-01T12:12:22.335+00:00 host_mono_ns=2615761525177895   types: 1 1 1 1 1 1 1 1 1
host_utc=2026-10-01T12:12:22.335+00:00 host_mono_ns=2615761525188355 [ 1   pc: (3320, 189)
host_utc=2026-10-01T12:12:22.335+00:00 host_mono_ns=2615761525198714 locals:
host_utc=2026-10-01T12:12:22.335+00:00 host_mono_ns=2615761525209134 1 2   types: 1 1 1 1 1 1 2 1
host_utc=2026-10-01T12:12:22.335+00:00 host_mono_ns=2615761525219523   [2026-10-01 12:12:22.325] [info] locals: {count=2, size=2}
host_utc=2026-10-01T12:12:22.335+00:00 host_mono_ns=2615761525230013 
host_utc=2026-10-01T12:12:22.335+00:00 host_mono_ns=2615761525240222 97728 1
host_utc=2026-10-01T12:12:22.335+00:00 host_mono_ns=2615761525250602 [ value_stack:
host_utc=2026-10-01T12:12:22.335+00:00 host_mono_ns=2615761525260901   types: 1 1 1 1 1
host_utc=2026-10-01T12:12:22.335+00:00 host_mono_ns=2615761525271161 1 1 10 [2026-10-01 12:12:22.325] [info] value_stack: {count=0, size=0}
host_utc=2026-10-01T12:12:22.335+00:00 host_mono_ns=2615761525281671 
host_utc=2026-10-01T12:12:22.335+00:00 host_mono_ns=2615761525291750 1 1 9 8 1 1 1   values: 80215188 2 80215168 999988158 1 80215152 4294916434997280768
host_utc=2026-10-01T12:12:22.335+00:00 host_mono_ns=2615761525302270 1 1 1 1 1 1 value_stack:
host_utc=2026-10-01T12:12:22.335+00:00 host_mono_ns=2615761525312779 1 call_stack size: 6
host_utc=2026-10-01T12:12:22.335+00:00 host_mono_ns=2615761525323219   types: 1 1
host_utc=2026-10-01T12:12:22.335+00:00 host_mono_ns=2615761525333519   values: 0 0
host_utc=2026-10-01T12:12:22.335+00:00 host_mono_ns=2615761525343878 label stack:
host_utc=2026-10-01T12:12:22.335+00:00 host_mono_ns=2615761525354137 CallStackEntry: fidx=3354, offset=26
host_utc=2026-10-01T12:12:22.335+00:00 host_mono_ns=2615761525364677 1   size: 2
host_utc=2026-10-01T12:12:22.335+00:00 host_mono_ns=2615761525375087 pc:
host_utc=2026-10-01T12:12:22.335+00:00 host_mono_ns=2615761525385416 7 0     begins: 0 19
host_utc=2026-10-01T12:12:22.335+00:00 host_mono_ns=2615761525395696 ]
host_utc=2026-10-01T12:12:22.335+00:00 host_mono_ns=2615761525405925 6 0 1 1 Stack:     targets: 234 4294967295
host_utc=2026-10-01T12:12:22.335+00:00 host_mono_ns=2615761525416525 1 ]
host_utc=2026-10-01T12:12:22.335+00:00 host_mono_ns=2615761525426754 1 [ 1 1 ]
host_utc=2026-10-01T12:12:22.335+00:00 host_mono_ns=2615761525436984     stack_pointers: 0 0
host_utc=2026-10-01T12:12:22.335+00:00 host_mono_ns=2615761525447413 1 Stack: 1 1 5     cell_nums: 1 0
host_utc=2026-10-01T12:12:22.335+00:00 host_mono_ns=2615761525457923 1 1 1 ]
host_utc=2026-10-01T12:12:22.335+00:00 host_mono_ns=2615761525468373 ]
host_utc=2026-10-01T12:12:22.335+00:00 host_mono_ns=2615761525478632 1   pc: (3354, 26)
host_utc=2026-10-01T12:12:22.335+00:00 host_mono_ns=2615761525488832 1 4 1 1 3 1 2 locals:
host_utc=2026-10-01T12:12:22.335+00:00 host_mono_ns=2615761525505122 1 1   types: 1 1
host_utc=2026-10-01T12:12:22.335+00:00 host_mono_ns=2615761525515642 [ 1 [2026-10-01 12:12:22.325] [info] local_count=34, local_size=34
host_utc=2026-10-01T12:12:22.335+00:00 host_mono_ns=2615761525526242 
host_utc=2026-10-01T12:12:22.335+00:00 host_mono_ns=2615761525536432 CallStackEntry: fidx=3314, offset=24
host_utc=2026-10-01T12:12:22.335+00:00 host_mono_ns=2615761525547042 pc:
host_utc=2026-10-01T12:12:22.335+00:00 host_mono_ns=2615761525557401 [2026-10-01 12:12:22.325] [info] stack_count=2, stack_size=2
host_utc=2026-10-01T12:12:22.335+00:00 host_mono_ns=2615761525567821 
host_utc=2026-10-01T12:12:22.335+00:00 host_mono_ns=2615761525577970 [2026-10-01 12:12:22.325] [info] local_count=2, local_size=2
host_utc=2026-10-01T12:12:22.335+00:00 host_mono_ns=2615761525588450 
host_utc=2026-10-01T12:12:22.335+00:00 host_mono_ns=2615761525598629 1 [2026-10-01 12:12:22.325] [info] locals: {count=2, size=2}
host_utc=2026-10-01T12:12:22.335+00:00 host_mono_ns=2615761525609009 
host_utc=2026-10-01T12:12:22.335+00:00 host_mono_ns=2615761525619158 1 1 1 1 1 1 1 ]
host_utc=2026-10-01T12:12:22.335+00:00 host_mono_ns=2615761525629557 [2026-10-01 12:12:22.325] [info] value_stack: {count=0, size=0}
host_utc=2026-10-01T12:12:22.335+00:00 host_mono_ns=2615761525640157 
host_utc=2026-10-01T12:12:22.335+00:00 host_mono_ns=2615761525650236 0 ]
host_utc=2026-10-01T12:12:22.335+00:00 host_mono_ns=2615761525660626 Stack: [ 1 1 1 1 1 1 1 1 1 1 1 1 1 1 ]
host_utc=2026-10-01T12:12:22.335+00:00 host_mono_ns=2615761525670965 call_stack size: 6
host_utc=2026-10-01T12:12:22.335+00:00 host_mono_ns=2615761525681305 CallStackEntry: fidx=3354, offset=26
host_utc=2026-10-01T12:12:22.335+00:00 host_mono_ns=2615761525691785 pc:
host_utc=2026-10-01T12:12:22.335+00:00 host_mono_ns=2615761525701994   pc: (3354, 26)
host_utc=2026-10-01T12:12:22.335+00:00 host_mono_ns=2615761525712283 locals:
host_utc=2026-10-01T12:12:22.335+00:00 host_mono_ns=2615761525722693   types: 1 1
host_utc=2026-10-01T12:12:22.335+00:00 host_mono_ns=2615761525733063   values: 4 34203580
host_utc=2026-10-01T12:12:22.335+00:00 host_mono_ns=2615761525743392 value_stack:
host_utc=2026-10-01T12:12:22.335+00:00 host_mono_ns=2615761525753812   types:
host_utc=2026-10-01T12:12:22.335+00:00 host_mono_ns=2615761525764252   values: 53997652 53997652 53997652 53997652 53997652
host_utc=2026-10-01T12:12:22.335+00:00 host_mono_ns=2615761525774862 1 [2026-10-01 12:12:22.325] [info] local_count=14, local_size=14
host_utc=2026-10-01T12:12:22.335+00:00 host_mono_ns=2615761525785301 
host_utc=2026-10-01T12:12:22.335+00:00 host_mono_ns=2615761525795450 values: 3 27583516
host_utc=2026-10-01T12:12:22.335+00:00 host_mono_ns=2615761525805740   pc: (3314, 24)
host_utc=2026-10-01T12:12:22.335+00:00 host_mono_ns=2615761525815909 1 value_stack:
host_utc=2026-10-01T12:12:22.335+00:00 host_mono_ns=2615761525826279   types:
host_utc=2026-10-01T12:12:22.335+00:00 host_mono_ns=2615761525836598   values:
host_utc=2026-10-01T12:12:22.335+00:00 host_mono_ns=2615761525846908 locals:
host_utc=2026-10-01T12:12:22.335+00:00 host_mono_ns=2615761525857157   types: 1 1 1 2 1
host_utc=2026-10-01T12:12:22.335+00:00 host_mono_ns=2615761525867456 label stack:
host_utc=2026-10-01T12:12:22.335+00:00 host_mono_ns=2615761525877826   size: 1
host_utc=2026-10-01T12:12:22.335+00:00 host_mono_ns=2615761525888286 1   values: 80215188 128 2 4294916434997280768
host_utc=2026-10-01T12:12:22.335+00:00 host_mono_ns=2615761525898836     begins: 0
host_utc=2026-10-01T12:12:22.335+00:00 host_mono_ns=2615761525909215 1 1 1     targets: 57
host_utc=2026-10-01T12:12:22.335+00:00 host_mono_ns=2615761525919635 value_stack:
host_utc=2026-10-01T12:12:22.335+00:00 host_mono_ns=2615761525929884 1 1 1   types: 1 1 1 1 1 2
host_utc=2026-10-01T12:12:22.335+00:00 host_mono_ns=2615761525940194     stack_pointers: 0
host_utc=2026-10-01T12:12:22.335+00:00 host_mono_ns=2615761525950493   values: 4294967290 4294967223 0 80215188 2 4294916434997280768
host_utc=2026-10-01T12:12:22.335+00:00 host_mono_ns=2615761525967355 1   values:
host_utc=2026-10-01T12:12:22.335+00:00 host_mono_ns=2615761525978085     cell_nums: 0
host_utc=2026-10-01T12:12:22.335+00:00 host_mono_ns=2615761525988465 1 1 label stack:
host_utc=2026-10-01T12:12:22.335+00:00 host_mono_ns=2615761525998804   size: 1
host_utc=2026-10-01T12:12:22.335+00:00 host_mono_ns=2615761526019253 [2026-10-01 12:12:22.325] [info] value_stack: {count=0, size=0}
host_utc=2026-10-01T12:12:22.335+00:00 host_mono_ns=2615761526029993 
host_utc=2026-10-01T12:12:22.335+00:00 host_mono_ns=2615761526040192 label stack:
host_utc=2026-10-01T12:12:22.335+00:00 host_mono_ns=2615761526050512   size: 2
host_utc=2026-10-01T12:12:22.335+00:00 host_mono_ns=2615761526060982 label stack:
host_utc=2026-10-01T12:12:22.335+00:00 host_mono_ns=2615761526071231     begins: 0 56
host_utc=2026-10-01T12:12:22.335+00:00 host_mono_ns=2615761526081591 1 Stack: [ 7 6 5 4 3   size: 2
host_utc=2026-10-01T12:12:22.335+00:00 host_mono_ns=2615761526091950 2     begins: 0 6
host_utc=2026-10-01T12:12:22.335+00:00 host_mono_ns=2615761526102300     begins: 0
host_utc=2026-10-01T12:12:22.335+00:00 host_mono_ns=2615761526112719 1     targets: 47 4294967295
host_utc=2026-10-01T12:12:22.335+00:00 host_mono_ns=2615761526123089 1     targets: 57
host_utc=2026-10-01T12:12:22.335+00:00 host_mono_ns=2615761526133458 0 1     targets: 1233 4294967295
host_utc=2026-10-01T12:12:22.335+00:00 host_mono_ns=2615761526143808     stack_pointers: 0 0
host_utc=2026-10-01T12:12:22.335+00:00 host_mono_ns=2615761526154188 1 ]
host_utc=2026-10-01T12:12:22.335+00:00 host_mono_ns=2615761526164587     stack_pointers: 0 0
host_utc=2026-10-01T12:12:22.336+00:00 host_mono_ns=2615761526174867 CallStackEntry: fidx=3328, offset=31
host_utc=2026-10-01T12:12:22.336+00:00 host_mono_ns=2615761526185286     cell_nums: 1 0
host_utc=2026-10-01T12:12:22.336+00:00 host_mono_ns=2615761526195566     cell_nums: 1 0
host_utc=2026-10-01T12:12:22.336+00:00 host_mono_ns=2615761526205985 pc:
host_utc=2026-10-01T12:12:22.336+00:00 host_mono_ns=2615761526216275   pc: (3328, 31)
host_utc=2026-10-01T12:12:22.336+00:00 host_mono_ns=2615761526226554 CallStackEntry: fidx=3320, offset=189
host_utc=2026-10-01T12:12:22.336+00:00 host_mono_ns=2615761526237044 locals:
host_utc=2026-10-01T12:12:22.336+00:00 host_mono_ns=2615761526247364   types: 1 1 1 1 1 1 1 1
host_utc=2026-10-01T12:12:22.336+00:00 host_mono_ns=2615761526257693 [2026-10-01 12:12:22.325] [info] stack_count=205, stack_size=205
host_utc=2026-10-01T12:12:22.336+00:00 host_mono_ns=2615761526268113 
host_utc=2026-10-01T12:12:22.336+00:00 host_mono_ns=2615761526278362 [2026-10-01 12:12:22.325] [info] local_count=198, local_size=198
host_utc=2026-10-01T12:12:22.336+00:00 host_mono_ns=2615761526288852 
host_utc=2026-10-01T12:12:22.336+00:00 host_mono_ns=2615761526298981     stack_pointers: 0
host_utc=2026-10-01T12:12:22.336+00:00 host_mono_ns=2615761526309280     cell_nums: 0
host_utc=2026-10-01T12:12:22.336+00:00 host_mono_ns=2615761526319560 CallStackEntry: fidx=3328, offset=31
host_utc=2026-10-01T12:12:22.336+00:00 host_mono_ns=2615761526330010 pc:
host_utc=2026-10-01T12:12:22.336+00:00 host_mono_ns=2615761526340219   pc: (3328, 31)
host_utc=2026-10-01T12:12:22.336+00:00 host_mono_ns=2615761526350468 locals:
host_utc=2026-10-01T12:12:22.336+00:00 host_mono_ns=2615761526360657   types: 1 1 1 1 1 1 1 1
host_utc=2026-10-01T12:12:22.336+00:00 host_mono_ns=2615761526370927   values: 3 27583516 27583540 0 0 0 0 0
host_utc=2026-10-01T12:12:22.336+00:00 host_mono_ns=2615761526381407   values: 4 34203580 34203604 0 0 0 0 0
host_utc=2026-10-01T12:12:22.336+00:00 host_mono_ns=2615761526391866 ]
host_utc=2026-10-01T12:12:22.336+00:00 host_mono_ns=2615761526402286 Stack: value_stack:
host_utc=2026-10-01T12:12:22.336+00:00 host_mono_ns=2615761526412656 [ [2026-10-01 12:12:22.325] [info] stack_count=14, stack_size=14
host_utc=2026-10-01T12:12:22.336+00:00 host_mono_ns=2615761526423085 
host_utc=2026-10-01T12:12:22.336+00:00 host_mono_ns=2615761526433375 pc:
host_utc=2026-10-01T12:12:22.336+00:00 host_mono_ns=2615761526449896   pc: (3320, 189)
host_utc=2026-10-01T12:12:22.336+00:00 host_mono_ns=2615761526460566 locals:
host_utc=2026-10-01T12:12:22.336+00:00 host_mono_ns=2615761526470855   types: 1 1 1 1 1 1 2 1
host_utc=2026-10-01T12:12:22.336+00:00 host_mono_ns=2615761526481185 1 1 [2026-10-01 12:12:22.325] [info] locals: {count=34, size=34}
host_utc=2026-10-01T12:12:22.336+00:00 host_mono_ns=2615761526491675 
host_utc=2026-10-01T12:12:22.336+00:00 host_mono_ns=2615761526501984   values: 53997652 2 53997632 999992095 1 53997616 17179835232283525120
host_utc=2026-10-01T12:12:22.336+00:00 host_mono_ns=2615761526512534   types:
host_utc=2026-10-01T12:12:22.336+00:00 host_mono_ns=2615761526522894   values:
host_utc=2026-10-01T12:12:22.336+00:00 host_mono_ns=2615761526533243 value_stack:
host_utc=2026-10-01T12:12:22.336+00:00 host_mono_ns=2615761526543513 label stack:
host_utc=2026-10-01T12:12:22.336+00:00 host_mono_ns=2615761526553782   size: 1
host_utc=2026-10-01T12:12:22.336+00:00 host_mono_ns=2615761526564132     begins: 0
host_utc=2026-10-01T12:12:22.336+00:00 host_mono_ns=2615761526574601   types: 1 1
host_utc=2026-10-01T12:12:22.336+00:00 host_mono_ns=2615761526584991     targets: 622
host_utc=2026-10-01T12:12:22.336+00:00 host_mono_ns=2615761526595280     stack_pointers: 0
host_utc=2026-10-01T12:12:22.336+00:00 host_mono_ns=2615761526605630 1 1 1 1 1 1 1 ]
host_utc=2026-10-01T12:12:22.336+00:00 host_mono_ns=2615761526616080 [2026-10-01 12:12:22.325] [info] stack_count=26, stack_size=26
host_utc=2026-10-01T12:12:22.336+00:00 host_mono_ns=2615761526626559 
host_utc=2026-10-01T12:12:22.336+00:00 host_mono_ns=2615761526636749 [2026-10-01 12:12:22.325] [info] local_count=25, local_size=25
host_utc=2026-10-01T12:12:22.336+00:00 host_mono_ns=2615761526647258 
host_utc=2026-10-01T12:12:22.336+00:00 host_mono_ns=2615761526657528 value_stack:
host_utc=2026-10-01T12:12:22.336+00:00 host_mono_ns=2615761526667777   types:
host_utc=2026-10-01T12:12:22.336+00:00 host_mono_ns=2615761526678087   values:
host_utc=2026-10-01T12:12:22.336+00:00 host_mono_ns=2615761526688476 [2026-10-01 12  size: 1
host_utc=2026-10-01T12:12:22.336+00:00 host_mono_ns=2615761526698886   values: 0 0
host_utc=2026-10-01T12:12:22.336+00:00 host_mono_ns=2615761526709185 label stack:
host_utc=2026-10-01T12:12:22.336+00:00 host_mono_ns=2615761526719455   size: 2
host_utc=2026-10-01T12:12:22.336+00:00 host_mono_ns=2615761526729784     cell_nums: 0
host_utc=2026-10-01T12:12:22.336+00:00 host_mono_ns=2615761526740084     begins: 0 19
host_utc=2026-10-01T12:12:22.336+00:00 host_mono_ns=2615761526750453 CallStackEntry: fidx=1362, offset=109
host_utc=2026-10-01T12:12:22.336+00:00 host_mono_ns=2615761526760873     targets: 234 4294967295
host_utc=2026-10-01T12:12:22.336+00:00 host_mono_ns=2615761526771202 ]
host_utc=2026-10-01T12:12:22.336+00:00 host_mono_ns=2615761526781422 026-10-01 12:12:22.325] [info] local_count=8, local_size=8
host_utc=2026-10-01T12:12:22.336+00:00 host_mono_ns=2615761526792022 
host_utc=2026-10-01T12:12:22.336+00:00 host_mono_ns=2615761526802351     begins: 0
host_utc=2026-10-01T12:12:22.336+00:00 host_mono_ns=2615761526812681     targets: 622
host_utc=2026-10-01T12:12:22.336+00:00 host_mono_ns=2615761526822970 [2026-10-01 12:12:22.325] [info] stack_count=8, stack_size=8
host_utc=2026-10-01T12:12:22.336+00:00 host_mono_ns=2615761526833350 
host_utc=2026-10-01T12:12:22.336+00:00 host_mono_ns=2615761526843559 pc:
host_utc=2026-10-01T12:12:22.336+00:00 host_mono_ns=2615761526853768 [2pc: (1362, 109)
host_utc=2026-10-01T12:12:22.336+00:00 host_mono_ns=2615761526864108     stack_pointers: 0 0
host_utc=2026-10-01T12:12:22.336+00:00 host_mono_ns=2615761526874518     stack_pointers: 0
host_utc=2026-10-01T12:12:22.336+00:00 host_mono_ns=2615761526884757     cell_nums: 0
host_utc=2026-10-01T12:12:22.336+00:00 host_mono_ns=2615761526894926 CallStackEntry: fidx=1362, offset=109
host_utc=2026-10-01T12:12:22.336+00:00 host_mono_ns=2615761526905306 pc:
host_utc=2026-10-01T12:12:22.336+00:00 host_mono_ns=2615761526915605   pc: (1362, 109)
host_utc=2026-10-01T12:12:22.336+00:00 host_mono_ns=2615761526931796 locals:
host_utc=2026-10-01T12:12:22.336+00:00 host_mono_ns=2615761526942396   types: 1 1 1 1 1 1 1 1 1 1 1 1 1 1
host_utc=2026-10-01T12:12:22.336+00:00 host_mono_ns=2615761526952926 Stack: [ 7 6 5 4 3   values: 7855136 34203568 16 34203552 7855136 95 7855136 1164988 7855136 95 1164988 0 0 0
host_utc=2026-10-01T12:12:22.336+00:00 host_mono_ns=2615761526963846 value_stack:
host_utc=2026-10-01T12:12:22.336+00:00 host_mono_ns=2615761526974216     cell_nums: 1 0
host_utc=2026-10-01T12:12:22.336+00:00 host_mono_ns=2615761526984555   types:
host_utc=2026-10-01T12:12:22.336+00:00 host_mono_ns=2615761526994905 2 CallStackEntry: fidx=3314, offset=24
host_utc=2026-10-01T12:12:22.336+00:00 host_mono_ns=2615761527011145 1 0 ]
host_utc=2026-10-01T12:12:22.336+00:00 host_mono_ns=2615761527024761 Stack: [ [2026-10-01 12:12:22.325] [info] value_stack: {count=0, size=0}
host_utc=2026-10-01T12:12:22.336+00:00 host_mono_ns=2615761527035361 
host_utc=2026-10-01T12:12:22.336+00:00 host_mono_ns=2615761527045570   values:
host_utc=2026-10-01T12:12:22.336+00:00 host_mono_ns=2615761527055920 Stack: [ 1 0 ]
host_utc=2026-10-01T12:12:22.336+00:00 host_mono_ns=2615761527066199 [2026-10-01 12:12:22.325] [info] local_count=8, local_size=8
host_utc=2026-10-01T12:12:22.336+00:00 host_mono_ns=2615761527076619 
host_utc=2026-10-01T12:12:22.336+00:00 host_mono_ns=2615761527086708 1 1 1 1 1 1 1 pc:
host_utc=2026-10-01T12:12:22.336+00:00 host_mono_ns=2615761527097008 1 ]
host_utc=2026-10-01T12:12:22.336+00:00 host_mono_ns=2615761527107307   pc: (3314, 24)
host_utc=2026-10-01T12:12:22.336+00:00 host_mono_ns=2615761527117546 locals:
host_utc=2026-10-01T12:12:22.336+00:00 host_mono_ns=2615761527127796 locals:
host_utc=2026-10-01T12:12:22.336+00:00 host_mono_ns=2615761527138055   types: 1 1 1 2 1
host_utc=2026-10-01T12:12:22.336+00:00 host_mono_ns=2615761527148385 [2026-10-01 12:12:22.325] [info] stack_count=8, stack_size=8
host_utc=2026-10-01T12:12:22.336+00:00 host_mono_ns=2615761527158824 
host_utc=2026-10-01T12:12:22.337+00:00 host_mono_ns=2615761527169004 Stack: [ 1 1 ]
host_utc=2026-10-01T12:12:22.337+00:00 host_mono_ns=2615761527179203 [2026-10-01 12:12:22.325] [info] local_count=8, local_size=8
host_utc=2026-10-01T12:12:22.337+00:00 host_mono_ns=2615761527189592 
host_utc=2026-10-01T12:12:22.337+00:00 host_mono_ns=2615761527199892   values: 53997652 128 2 17179835232283525120
host_utc=2026-10-01T12:12:22.337+00:00 host_mono_ns=2615761527210422 label stack:
host_utc=2026-10-01T12:12:22.337+00:00 host_mono_ns=2615761527220741   size: 1
host_utc=2026-10-01T12:12:22.337+00:00 host_mono_ns=2615761527231111     begins: 0
host_utc=2026-10-01T12:12:22.337+00:00 host_mono_ns=2615761527241550 [2026-10-01 12:12:22.325] [info] locals: {count=8, size=8}
host_utc=2026-10-01T12:12:22.337+00:00 host_mono_ns=2615761527251920 
host_utc=2026-10-01T12:12:22.337+00:00 host_mono_ns=2615761527262199   types: 1 1 1 1 1 1 1 1 1 1 1 1 1 1
host_utc=2026-10-01T12:12:22.337+00:00 host_mono_ns=2615761527272669 [2026-10-01 12:12:22.325] [info] locals: {count=25, size=25}
host_utc=2026-10-01T12:12:22.337+00:00 host_mono_ns=2615761527283109 
host_utc=2026-10-01T12:12:22.337+00:00 host_mono_ns=2615761527293298   values: 7855136 27583504 16 27583488 7855136 95 7855136 1165032 7855136 95 1165032 0 0 0
host_utc=2026-10-01T12:12:22.337+00:00 host_mono_ns=2615761527304018 value_stack:
host_utc=2026-10-01T12:12:22.337+00:00 host_mono_ns=2615761527314488 [2026-10-01 12:12:22.325] [info] value_stack: {count=0, size=0}
host_utc=2026-10-01T12:12:22.337+00:00 host_mono_ns=2615761527325168 
host_utc=2026-10-01T12:12:22.337+00:00 host_mono_ns=2615761527335307 [2026-10-01 12:12:22.325] [info] value_stack: {count=1, size=1}
host_utc=2026-10-01T12:12:22.337+00:00 host_mono_ns=2615761527345887 
host_utc=2026-10-01T12:12:22.337+00:00 host_mono_ns=2615761527356007   types:
host_utc=2026-10-01T12:12:22.337+00:00 host_mono_ns=2615761527366446 Stack: [ 24   values:
host_utc=2026-10-01T12:12:22.337+00:00 host_mono_ns=2615761527376706 [2026-1label stack:
host_utc=2026-10-01T12:12:22.337+00:00 host_mono_ns=2615761527393487 325] [info] locals: {count=8, size=8}
host_utc=2026-10-01T12:12:22.337+00:00 host_mono_ns=2615761527404017 
host_utc=2026-10-01T12:12:22.337+00:00 host_mono_ns=2615761527414317     targets: 142
host_utc=2026-10-01T12:12:22.337+00:00 host_mono_ns=2615761527424626   size: 1
host_utc=2026-10-01T12:12:22.337+00:00 host_mono_ns=2615761527434976     stack_pointers: 0
host_utc=2026-10-01T12:12:22.337+00:00 host_mono_ns=2615761527445385     begins: 0
host_utc=2026-10-01T12:12:22.337+00:00 host_mono_ns=2615761527455765 value_stack:
host_utc=2026-10-01T12:12:22.337+00:00 host_mono_ns=2615761527466255 [2026-10-01 12:12:22.325] [info] value_stack: {count=0, size=0}
host_utc=2026-10-01T12:12:22.337+00:00 host_mono_ns=2615761527476604 
host_utc=2026-10-01T12:12:22.337+00:00 host_mono_ns=2615761527486783     targets: 142
host_utc=2026-10-01T12:12:22.337+00:00 host_mono_ns=2615761527497033     stack_pointers: 0
host_utc=2026-10-01T12:12:22.337+00:00 host_mono_ns=2615761527507372     cell_nums: 1
host_utc=2026-10-01T12:12:22.337+00:00 host_mono_ns=2615761527517682 CallStackEntry: fidx=1294, offset=761
host_utc=2026-10-01T12:12:22.337+00:00 host_mono_ns=2615761527528091 pc:
host_utc=2026-10-01T12:12:22.337+00:00 host_mono_ns=2615761527538341   pc: (1294, 761)
host_utc=2026-10-01T12:12:22.337+00:00 host_mono_ns=2615761527548600 locals:
host_utc=2026-10-01T12:12:22.337+00:00 host_mono_ns=2615761527558759 23 22 21 [     cell_nums: 1
host_utc=2026-10-01T12:12:22.337+00:00 host_mono_ns=2615761527569129 7 CallStackEntry: fidx=1294, offset=761
host_utc=2026-10-01T12:12:22.337+00:00 host_mono_ns=2615761527579669   types: 1 1 1 1 1 1 1 1 1 1 1 1 1 1 1 1 1 1 1 1 1 1 1 1 1 1 1 1 1 1 1 1 1 1 1 1 1 1 1 1 1 1 1 1 1 1 1 1 1 1 1 1 1 1 1 1 1 1 1 1 1 1 1 1 1 1 1 1 1 1 1 1 1 1 1 1 1 1 1 1 1 1 1 1 1 1 1 1 1 1 1 1 1 1 1 1 1 1 1 1 1 1 1 1 1 1 1 1 1 1 1 1 1 1 1 1 1 1 1 1 1 1 1 1 1 1 1 1 1 1 1 1 1 1 1 1 1 1 1 1 1 1 1 1 1 1 1 1 1 1 1 1 1 1 1 1 1 1 1 1 1 1 1 1 1 1 1 1 1 1 1 1 1 1 1 1 1 1 1 1 1 1 1 1 1 1 1 1 1 1 1 1 1 1 1 1 1 1
host_utc=2026-10-01T12:12:22.337+00:00 host_mono_ns=2615761527591992 20 6 [ 026-10-01 12:12:22.325] [info] value_stack: {count=0, size=0}
host_utc=2026-10-01T12:12:22.337+00:00 host_mono_ns=2615761527602792 
host_utc=2026-10-01T12:12:22.337+00:00 host_mono_ns=2615761527613002 19 pc:
host_utc=2026-10-01T12:12:22.337+00:00 host_mono_ns=2615761527623592 4 18 17 16 15 14 13 12 11 10 9   values: 1165032 27583488 224 27583264 0 1165032 1165032 14409852 65535 27584176 27584176 0 27584176 0 0 1 0 0 0 0 0 0 0 0 0 0 0 0 0 0 0 0 0 0 33 33 1000 0 33 1000 33 7121 8859 128 27583392 14409852 2743 144 27583408 11500 0 27583540 14409852 7 1972 0 0 14409852 7 0 7 0 0 1 0 0 16 14409852 7 27584176 65535 0 176 27583440 27583440 172 27583436 27583436 204 204 0 204 0 0 1 0 0 0 0 0 0 0 0 0 0 0 0 0 0 0 0 0 0 0 0 0 0 0 0 0 0 0 0 0 0 0 0 0 0 0 0 0 0 0 0 0 0 0 0 0 0 0 0 0 0 0 0 0 0 0 0 0 0 0 0 0 0 0 204 0 640 65535 204 638876 638876 0 638876 0 0 1 0 0 0 0 0 0 0 0 0 0 0 0 0 0 0 0 0 0 0 0 638876 638892 27584176 204 1165032 42 1165032 31284 1165032 638876 176 27583440 27583440 4 27583444 59420 65535 59420
host_utc=2026-10-01T12:12:22.337+00:00 host_mono_ns=2615761527636827 8 7 6 5 4 3 2 3   pc: (1294, 761)
host_utc=2026-10-01T12:12:22.337+00:00 host_mono_ns=2615761527647497 value_stack:
host_utc=2026-10-01T12:12:22.337+00:00 host_mono_ns=2615761527657796 Stack: locals:
host_utc=2026-10-01T12:12:22.337+00:00 host_mono_ns=2615761527668036   types: 1 1 1 1 1 1 1
host_utc=2026-10-01T12:12:22.337+00:00 host_mono_ns=2615761527678465 [ 1   values: 7 7 7 7 7 7 7
host_utc=2026-10-01T12:12:22.337+00:00 host_mono_ns=2615761527688905 0 label stack:
host_utc=2026-10-01T12:12:22.337+00:00 host_mono_ns=2615761527699355   size: 2
host_utc=2026-10-01T12:12:22.337+00:00 host_mono_ns=2615761527709885 ]
host_utc=2026-10-01T12:12:22.337+00:00 host_mono_ns=2615761527720314 Stack:     begins: 0 591
host_utc=2026-10-01T12:12:22.337+00:00 host_mono_ns=2615761527730774 [ 1 1 ]
host_utc=2026-10-01T12:12:22.337+00:00 host_mono_ns=2615761527741154     targets: 2060 591
host_utc=2026-10-01T12:12:22.337+00:00 host_mono_ns=2615761527757084   types: 1 1 1 1 1 2
host_utc=2026-10-01T12:12:22.337+00:00 host_mono_ns=2615761527767644     stack_pointers: 0 0
host_utc=2026-10-01T12:12:22.337+00:00 host_mono_ns=2615761527778033     cell_nums: 0 0
host_utc=2026-10-01T12:12:22.337+00:00 host_mono_ns=2615761527788443 CallStackEntry: fidx=1243, offset=383
host_utc=2026-10-01T12:12:22.337+00:00 host_mono_ns=2615761527798993   values: 4294967290 4294967223 0 53997652 2 17179835232283525120
host_utc=2026-10-01T12:12:22.337+00:00 host_mono_ns=2615761527809593 pc:
host_utc=2026-10-01T12:12:22.337+00:00 host_mono_ns=2615761527819932 label stack:
host_utc=2026-10-01T12:12:22.337+00:00 host_mono_ns=2615761527830222   size: 2
host_utc=2026-10-01T12:12:22.337+00:00 host_mono_ns=2615761527840491   pc: (1243, 383)
host_utc=2026-10-01T12:12:22.337+00:00 host_mono_ns=2615761527850721 locals:
host_utc=2026-10-01T12:12:22.337+00:00 host_mono_ns=2615761527861371   types: 1 1 1 1 1 1 1 1 1 1 1 1 1 1 1 1 1 1 1 1 1 1 1 1 1 1 1 1 1 1 1 1 1 1 1 1 1 1 1 1 1 1 1 1 1 1 1 1 1 1 1 1 1 1 1 1 1 1 1 1 1 1 1 1 1 1 1 1 1 1 1 1 1 1 1 1 1 1 1 1 1 1 1 1 1 1 1 1 1 1 1 1 1 1 1 1 1 1 1 1 1 1 1 1 1 1 1 1 1 1 1 1 1 1 1 1 1 1 1 1 1 1 1 1 1 1 1 1 1 1 1 1 1 1 1 1 1 1 1 1 1 1 1 1 1 1 1 1 1 1 1 1 1 1 1 1 1 1 1 1 1 1 1 1 1 1 1 1 1 1 1 1 1 1 1 1 1 1 1 1 1 1 1 1 1 1 1 1 1 1 1 1 1 1 1 1 1 1
host_utc=2026-10-01T12:12:22.337+00:00 host_mono_ns=2615761527873073   types: 1 1 1 1 1 1 1 1 1 1 1 1 1 1 1 1 1 1 1 1 1 1 1 1 1 1 1 1 1 1 1 1 1 1 1 1 1 1 1 1 1 1 1 1 1 1 1 1 1 1 1 1 1 1 1 1 1 1 1 1 1 1 1 1 1 1 1 1 1 1 1 1 1 1 1 1 1
host_utc=2026-10-01T12:12:22.337+00:00 host_mono_ns=2615761527884244 Stack: [ 1 0 ]
host_utc=2026-10-01T12:12:22.337+00:00 host_mono_ns=2615761527894684 Stack: [ 1 1 ]
host_utc=2026-10-01T12:12:22.337+00:00 host_mono_ns=2615761527905063 [2026-10-01 12:12:22.325] [info] stack_count=2, stack_size=2
host_utc=2026-10-01T12:12:22.337+00:00 host_mono_ns=2615761527915643 
host_utc=2026-10-01T12:12:22.337+00:00 host_mono_ns=2615761527925933 [2026-10-01 12:12:22.325] [info] local_count=2, local_size=2
host_utc=2026-10-01T12:12:22.337+00:00 host_mono_ns=2615761527936342 
host_utc=2026-10-01T12:12:22.337+00:00 host_mono_ns=2615761527969695 [2026-10-01 12:12:22.325] [info] locals: {count=2, size=2}
host_utc=2026-10-01T12:12:22.337+00:00 host_mono_ns=2615761527980716 
host_utc=2026-10-01T12:12:22.337+00:00 host_mono_ns=2615761527990965 Stack: [2026-10-01 12:12:22.325] [info] value_stack: {count=0, size=0}
host_utc=2026-10-01T12:12:22.337+00:00 host_mono_ns=2615761528009340 
host_utc=2026-10-01T12:12:22.337+00:00 host_mono_ns=2615761528023216 call_stack size: 13
host_utc=2026-10-01T12:12:22.337+00:00 host_mono_ns=2615761528033796 CallStackEntry: fidx=3354, offset=26
host_utc=2026-10-01T12:12:22.337+00:00 host_mono_ns=2615761528044376 pc:
host_utc=2026-10-01T12:12:22.337+00:00 host_mono_ns=2615761528054906 [ 13 12 11   pc: (3354, 26)
host_utc=2026-10-01T12:12:22.337+00:00 host_mono_ns=2615761528065426 10 [2026-10-01 12:12:22.325] [info] Success to dump frame stack
host_utc=2026-10-01T12:12:22.337+00:00 host_mono_ns=2615761528076136 
host_utc=2026-10-01T12:12:22.337+00:00 host_mono_ns=2615761528086426 stack, 5353526
host_utc=2026-10-01T12:12:22.337+00:00 host_mono_ns=2615761528096715 11-thread attrs, 38312
host_utc=2026-10-01T12:12:22.337+00:00 host_mono_ns=2615761528107295   values: 7 27584176 65535 0 27583440 27583436 27583264 80 27583184 27584176 65535 0 1 0 0 0 0 0 0 0 27583440 0 27583440 0 1 1 1 0 0 0 0 0 7 1 0 44 27583228 27583228 16 27583200 27583200 40 27583224 27583224 65535 0 0 0 0 0 0 0 0 0 0 0 0 0 0 0 0 0 0 0 0 0 0 0 0 0 0 0 0 0 0 0 0
host_utc=2026-10-01T12:12:22.337+00:00 host_mono_ns=2615761528118817 value_stack:
host_utc=2026-10-01T12:12:22.337+00:00 host_mono_ns=2615761528129136   types:
host_utc=2026-10-01T12:12:22.337+00:00 host_mono_ns=2615761528139666   values:
host_utc=2026-10-01T12:12:22.337+00:00 host_mono_ns=2615761528150006 label stack:
host_utc=2026-10-01T12:12:22.337+00:00 host_mono_ns=2615761528160335   size: 2
host_utc=2026-10-01T12:12:22.338+00:00 host_mono_ns=2615761528176776 1     begins: 0 140
host_utc=2026-10-01T12:12:22.338+00:00 host_mono_ns=2615761528187446 2 0 ]
host_utc=2026-10-01T12:12:22.338+00:00 host_mono_ns=2615761528198187   values: 1164988 34203552 224 34203328 0 1164988 1164988 14409880 65535 34204240 34204240 0 34204240 0 0 1 0 0 0 0 0 0 0 0 0 0 0 0 0 0 0 0 0 0 113 113 1000 0 113 1000 113 7121 8859 128 34203456 14409880 2743 144 34203472 11500 0 34203604 14409880 14 1972 0 0 14409880 14 0 14 0 0 1 0 0 16 14409880 14 34204240 65535 0 176 34203504 34203504 172 34203500 34203500 104 104 0 104 0 0 1 0 0 0 0 0 0 0 0 0 0 0 0 0 0 0 0 0 0 0 0 0 0 0 0 0 0 0 0 0 0 0 0 0 0 0 0 0 0 0 0 0 0 0 0 0 0 0 0 0 0 0 0 0 0 0 0 0 0 0 0 0 0 0 104 0 640 65535 104 638876 638876 0 638876 0 0 1 0 0 0 0 0 0 0 0 0 0 0 0 0 0 0 0 0 0 0 0 638876 638892 34204240 104 1164988 42 1164988 31284 1164988 638876 176 34203504 34203504 4 34203508 62236 65535 62236
host_utc=2026-10-01T12:12:22.338+00:00 host_mono_ns=2615761528211211 9 1 8 value_stack:
host_utc=2026-10-01T12:12:22.338+00:00 host_mono_ns=2615761528221911 0   types: 1 1 1 1 1 1 1
host_utc=2026-10-01T12:12:22.338+00:00 host_mono_ns=2615761528232441 7 locals:
host_utc=2026-10-01T12:12:22.338+00:00 host_mono_ns=2615761528242941   values: 14 14 14 14 14 14 14
host_utc=2026-10-01T12:12:22.338+00:00 host_mono_ns=2615761528253491 label stack:
host_utc=2026-10-01T12:12:22.338+00:00 host_mono_ns=2615761528263871   size: 2
host_utc=2026-10-01T12:12:22.338+00:00 host_mono_ns=2615761528274400 [2026-10-01 12:12:22.325] [info] stack_count=2, stack_size=2
host_utc=2026-10-01T12:12:22.338+00:00 host_mono_ns=2615761528284850 
host_utc=2026-10-01T12:12:22.338+00:00 host_mono_ns=2615761528294889     begins: 0 591
host_utc=2026-10-01T12:12:22.338+00:00 host_mono_ns=2615761528305269   types: 1 1
host_utc=2026-10-01T12:12:22.338+00:00 host_mono_ns=2615761528315728 Stack:     targets: 2060 591
host_utc=2026-10-01T12:12:22.338+00:00 host_mono_ns=2615761528326088     targets: 675 4294967295
host_utc=2026-10-01T12:12:22.338+00:00 host_mono_ns=2615761528336468     stack_pointers: 0 0
host_utc=2026-10-01T12:12:22.338+00:00 host_mono_ns=2615761528346847     stack_pointers: 0 0
host_utc=2026-10-01T12:12:22.338+00:00 host_mono_ns=2615761528357167     cell_nums: 0 0
host_utc=2026-10-01T12:12:22.338+00:00 host_mono_ns=2615761528367406     cell_nums: 1 0
host_utc=2026-10-01T12:12:22.338+00:00 host_mono_ns=2615761528377846 CallStackEntry: fidx=1243, offset=383
host_utc=2026-10-01T12:12:22.338+00:00 host_mono_ns=2615761528388205 pc:
host_utc=2026-10-01T12:12:22.338+00:00 host_mono_ns=2615761528398655 CallStackEntry: fidx=1244, offset=136
host_utc=2026-10-01T12:12:22.338+00:00 host_mono_ns=2615761528409125 ]
host_utc=2026-10-01T12:12:22.338+00:00 host_mono_ns=2615761528419354 6 Stack: [ 1 1 1   values: 9 67106844
host_utc=2026-10-01T12:12:22.338+00:00 host_mono_ns=2615761528429644 5 1 value_stack:
host_utc=2026-10-01T12:12:22.338+00:00 host_mono_ns=2615761528439953   pc: (1243, 383)
host_utc=2026-10-01T12:12:22.338+00:00 host_mono_ns=2615761528450323 4 3 2 1 0 ]
host_utc=2026-10-01T12:12:22.338+00:00 host_mono_ns=2615761528460822 Stack: [ 1 1 1 1 1 1 1 1 1 1 1 1 1 1 ]
host_utc=2026-10-01T12:12:22.338+00:00 host_mono_ns=2615761528471352 [2026-10-01 12:12:22.326] [info] locals: {count=2, size=2}
host_utc=2026-10-01T12:12:22.338+00:00 host_mono_ns=2615761528482012 
host_utc=2026-10-01T12:12:22.338+00:00 host_mono_ns=2615761528492282 [06:36:01:167 - 75AAA9B88640]:   types:
host_utc=2026-10-01T12:12:22.338+00:00 host_mono_ns=2615761528502561 Success to dump img for wamr
host_utc=2026-10-01T12:12:22.338+00:00 host_mono_ns=2615761528513001 
host_utc=2026-10-01T12:12:22.338+00:00 host_mono_ns=2615761528523230 do_checkpoint_4
host_utc=2026-10-01T12:12:22.338+00:00 host_mono_ns=2615761528533620 wasm_cluster_increase_checkpointing_counter called 1
host_utc=2026-10-01T12:12:22.338+00:00 host_mono_ns=2615761528544230 wasm_cluster_increase_checkpointing_counter called 2
host_utc=2026-10-01T12:12:22.338+00:00 host_mono_ns=2615761528565490 wasm_cluster_increase_checkpointing_counter called 3
host_utc=2026-10-01T12:12:22.338+00:00 host_mono_ns=2615761528576351   values:
host_utc=2026-10-01T12:12:22.338+00:00 host_mono_ns=2615761528586810 label stack:
host_utc=2026-10-01T12:12:22.338+00:00 host_mono_ns=2615761528597090   size: 1
host_utc=2026-10-01T12:12:22.338+00:00 host_mono_ns=2615761528607399 1 1 [ 1 ]
host_utc=2026-10-01T12:12:22.338+00:00 host_mono_ns=2615761528617709     begins: 0
host_utc=2026-10-01T12:12:22.338+00:00 host_mono_ns=2615761528628168 call_stack size: 9
host_utc=2026-10-01T12:12:22.338+00:00 host_mono_ns=2615761528638468 CallStackEntry: fidx=3354, offset=26
host_utc=2026-10-01T12:12:22.338+00:00 host_mono_ns=2615761528648928     targets: 57
host_utc=2026-10-01T12:12:22.338+00:00 host_mono_ns=2615761528659397 pc:
host_utc=2026-10-01T12:12:22.338+00:00 host_mono_ns=2615761528669737     begins: 0 6
host_utc=2026-10-01T12:12:22.338+00:00 host_mono_ns=2615761528680036     targets: 47 4294967295
host_utc=2026-10-01T12:12:22.338+00:00 host_mono_ns=2615761528690506     stack_pointers: 0 0
host_utc=2026-10-01T12:12:22.338+00:00 host_mono_ns=2615761528700986 pc:
host_utc=2026-10-01T12:12:22.338+00:00 host_mono_ns=2615761528711436     cell_nums: 1 0
host_utc=2026-10-01T12:12:22.338+00:00 host_mono_ns=2615761528721705     stack_pointers: 0
host_utc=2026-10-01T12:12:22.338+00:00 host_mono_ns=2615761528732064   pc: (1244, 136)
host_utc=2026-10-01T12:12:22.338+00:00 host_mono_ns=2615761528742334 locals:
host_utc=2026-10-01T12:12:22.338+00:00 host_mono_ns=2615761528752603     cell_nums: 0
host_utc=2026-10-01T12:12:22.338+00:00 host_mono_ns=2615761528762953 CallStackEntry: fidx=3328, offset=31
host_utc=2026-10-01T12:12:22.338+00:00 host_mono_ns=2615761528773393 pc:
host_utc=2026-10-01T12:12:22.338+00:00 host_mono_ns=2615761528783612   pc: (3328, 31)
host_utc=2026-10-01T12:12:22.338+00:00 host_mono_ns=2615761528793971 locals:
host_utc=2026-10-01T12:12:22.338+00:00 host_mono_ns=2615761528804451   types: 1 1 1 1 1 1 1 1 1 1 1 1 1 1 1 1 1 1 1 1 1 1
host_utc=2026-10-01T12:12:22.338+00:00 host_mono_ns=2615761528815061   types: 1 1 1 1 1 1 1 1
host_utc=2026-10-01T12:12:22.338+00:00 host_mono_ns=2615761528825631 [2026-10-01 12:12:22.326] [info] local_count=14, local_size=14
host_utc=2026-10-01T12:12:22.338+00:00 host_mono_ns=2615761528836191 
host_utc=2026-10-01T12:12:22.338+00:00 host_mono_ns=2615761528846420   pc: (3354, 26)
host_utc=2026-10-01T12:12:22.338+00:00 host_mono_ns=2615761528856760 locals:
host_utc=2026-10-01T12:12:22.338+00:00 host_mono_ns=2615761528867150   types: 1 1
host_utc=2026-10-01T12:12:22.338+00:00 host_mono_ns=2615761528877499 locals:
host_utc=2026-10-01T12:12:22.338+00:00 host_mono_ns=2615761528887829   values: 1 14408748
host_utc=2026-10-01T12:12:22.338+00:00 host_mono_ns=2615761528898338 value_stack:
host_utc=2026-10-01T12:12:22.338+00:00 host_mono_ns=2615761528908648   types:
host_utc=2026-10-01T12:12:22.338+00:00 host_mono_ns=2615761528919027   values:
host_utc=2026-10-01T12:12:22.338+00:00 host_mono_ns=2615761528929377 label stack:
host_utc=2026-10-01T12:12:22.338+00:00 host_mono_ns=2615761528939707   size: 1
host_utc=2026-10-01T12:12:22.338+00:00 host_mono_ns=2615761528950006     begins: 0
host_utc=2026-10-01T12:12:22.338+00:00 host_mono_ns=2615761528960416     targets: 57
host_utc=2026-10-01T12:12:22.338+00:00 host_mono_ns=2615761528970825     stack_pointers: 0
host_utc=2026-10-01T12:12:22.338+00:00 host_mono_ns=2615761528981275     cell_nums: 0
host_utc=2026-10-01T12:12:22.338+00:00 host_mono_ns=2615761528991484   values: 9 67106844 67106868 0 0 0 0 0
host_utc=2026-10-01T12:12:22.338+00:00 host_mono_ns=2615761529009148   [2026-10-01 12:12:22.326] [info] locals: {count=14, size=14}
host_utc=2026-10-01T12:12:22.338+00:00 host_mono_ns=2615761529023204 
host_utc=2026-10-01T12:12:22.338+00:00 host_mono_ns=2615761529033614  1 1 1 1 1 1 1 1 1 1 1 1 1 1 1 1 1 1 1 1 1 1 1 1 1 1 1 1 1 1 1 1 1 1 1 1 1 1 1 1 1 1 1 1 1 1 1 1 1
host_utc=2026-10-01T12:12:22.338+00:00 host_mono_ns=2615761529044144 CallStackEntry: fidx=3328, offset=31
host_utc=2026-10-01T12:12:22.338+00:00 host_mono_ns=2615761529060965 value_stack:
host_utc=2026-10-01T12:12:22.338+00:00 host_mono_ns=2615761529071405 [2026-10-01 12:12:22.325] [info] stack_count=2, stack_size=2
host_utc=2026-10-01T12:12:22.338+00:00 host_mono_ns=2615761529081835 
host_utc=2026-10-01T12:12:22.338+00:00 host_mono_ns=2615761529092054   values: 14 34204240 65535 0 34203504 34203500 34203328 80 34203248 34204240 65535 0 1 0 0 0 0 0 0 0 34203504 0 34203504 0 1 1 1 0 0 0 0 0 14 1 0 44 34203292 34203292 16 34203264 34203264 40 34203288 34203288 65535 0 0 0 0 0 0 0 0 0 0 0 0 0 0 0 0 0 0 0 0 0 0 0 0 0 0 0 0 0 0 0 0
host_utc=2026-10-01T12:12:22.338+00:00 host_mono_ns=2615761529103526 [2026-10-01 12:12:22.326] [info] local_count=2, local_size=2
host_utc=2026-10-01T12:12:22.338+00:00 host_mono_ns=2615761529114076 
host_utc=2026-10-01T12:12:22.338+00:00 host_mono_ns=2615761529124375 value_stack:
host_utc=2026-10-01T12:12:22.338+00:00 host_mono_ns=2615761529134755   types:
host_utc=2026-10-01T12:12:22.338+00:00 host_mono_ns=2615761529145225   values:
host_utc=2026-10-01T12:12:22.338+00:00 host_mono_ns=2615761529155554 label stack:
host_utc=2026-10-01T12:12:22.338+00:00 host_mono_ns=2615761529165904   size: 1
host_utc=2026-10-01T12:12:22.339+00:00 host_mono_ns=2615761529176363   values: 7 27583228 1 0 27583200 27583224 27583184 32 27583152 7 27583228 1 0 65535 0 27583200 27583224 0 0 0 0 0
host_utc=2026-10-01T12:12:22.339+00:00 host_mono_ns=2615761529187144 [2026-10-01 12:12:22.326] [info] locals: {count=2, size=2}
host_utc=2026-10-01T12:12:22.339+00:00 host_mono_ns=2615761529197653 
host_utc=2026-10-01T12:12:22.339+00:00 host_mono_ns=2615761529207913   types:
host_utc=2026-10-01T12:12:22.339+00:00 host_mono_ns=2615761529218262 value_stack:
host_utc=2026-10-01T12:12:22.339+00:00 host_mono_ns=2615761529228672   values:
host_utc=2026-10-01T12:12:22.339+00:00 host_mono_ns=2615761529238982 label stack:
host_utc=2026-10-01T12:12:22.339+00:00 host_mono_ns=2615761529249201   size: 2
host_utc=2026-10-01T12:12:22.339+00:00 host_mono_ns=2615761529259590 [2026-10-01 12:12:22.326] [info] value_stack: {count=0, size=0}
host_utc=2026-10-01T12:12:22.339+00:00 host_mono_ns=2615761529270040 
host_utc=2026-10-01T12:12:22.339+00:00 host_mono_ns=2615761529280189     begins: 0
host_utc=2026-10-01T12:12:22.339+00:00 host_mono_ns=2615761529290569 call_stack size: 6
host_utc=2026-10-01T12:12:22.339+00:00 host_mono_ns=2615761529300938 CallStackEntry: fidx=3354, offset=26
host_utc=2026-10-01T12:12:22.339+00:00 host_mono_ns=2615761529311438 pc:
host_utc=2026-10-01T12:12:22.339+00:00 host_mono_ns=2615761529321648   pc: (3354, 26)
host_utc=2026-10-01T12:12:22.339+00:00 host_mono_ns=2615761529332187 locals:
host_utc=2026-10-01T12:12:22.339+00:00 host_mono_ns=2615761529342417     targets: 622
host_utc=2026-10-01T12:12:22.339+00:00 host_mono_ns=2615761529352867   types: 1 1
host_utc=2026-10-01T12:12:22.339+00:00 host_mono_ns=2615761529363176     stack_pointers: 0
host_utc=2026-10-01T12:12:22.339+00:00 host_mono_ns=2615761529373586     cell_nums: 0
host_utc=2026-10-01T12:12:22.339+00:00 host_mono_ns=2615761529383805 CallStackEntry: fidx=1362, offset=109
host_utc=2026-10-01T12:12:22.339+00:00 host_mono_ns=2615761529394315   values: 2 20963708
host_utc=2026-10-01T12:12:22.339+00:00 host_mono_ns=2615761529404704 pc:
host_utc=2026-10-01T12:12:22.339+00:00 host_mono_ns=2615761529414994   pc: (1362, 109)
host_utc=2026-10-01T12:12:22.339+00:00 host_mono_ns=2615761529425303 locals:
host_utc=2026-10-01T12:12:22.339+00:00 host_mono_ns=2615761529435643 value_stack:
host_utc=2026-10-01T12:12:22.339+00:00 host_mono_ns=2615761529445992   types:
host_utc=2026-10-01T12:12:22.339+00:00 host_mono_ns=2615761529456212   values:
host_utc=2026-10-01T12:12:22.339+00:00 host_mono_ns=2615761529466571 label stack:
host_utc=2026-10-01T12:12:22.339+00:00 host_mono_ns=2615761529476740   size: 1
host_utc=2026-10-01T12:12:22.339+00:00 host_mono_ns=2615761529487050   types: 1 1 1 1 1 1 1 1 1 1 1 1 1 1
host_utc=2026-10-01T12:12:22.339+00:00 host_mono_ns=2615761529497560     begins: 0
host_utc=2026-10-01T12:12:22.339+00:00 host_mono_ns=2615761529513971     targets: 57
host_utc=2026-10-01T12:12:22.339+00:00 host_mono_ns=2615761529524400 pc:
host_utc=2026-10-01T12:12:22.339+00:00 host_mono_ns=2615761529534810   values: 7855136 67106832 16 67106816 7855136 36 7855136 31284 7855136 36 31284 0 0 0
host_utc=2026-10-01T12:12:22.339+00:00 host_mono_ns=2615761529545650     begins: 0 140
host_utc=2026-10-01T12:12:22.339+00:00 host_mono_ns=2615761529555910     stack_pointers: 0
host_utc=2026-10-01T12:12:22.339+00:00 host_mono_ns=2615761529566309 value_stack:
host_utc=2026-10-01T12:12:22.339+00:00 host_mono_ns=2615761529576719   types:
host_utc=2026-10-01T12:12:22.339+00:00 host_mono_ns=2615761529587069   pc: (3328, 31)
host_utc=2026-10-01T12:12:22.339+00:00 host_mono_ns=2615761529597448     cell_nums: 0
host_utc=2026-10-01T12:12:22.339+00:00 host_mono_ns=2615761529607788 CallStackEntry: fidx=3328, offset=31
host_utc=2026-10-01T12:12:22.339+00:00 host_mono_ns=2615761529618157 locals:
host_utc=2026-10-01T12:12:22.339+00:00 host_mono_ns=2615761529628517 pc:
host_utc=2026-10-01T12:12:22.339+00:00 host_mono_ns=2615761529638736   pc: (3328, 31)
host_utc=2026-10-01T12:12:22.339+00:00 host_mono_ns=2615761529648966 locals:
host_utc=2026-10-01T12:12:22.339+00:00 host_mono_ns=2615761529659205   types: 1 1 1 1 1 1 1 1
host_utc=2026-10-01T12:12:22.339+00:00 host_mono_ns=2615761529669625   types: 1 1 1 1 1 1 1 1
host_utc=2026-10-01T12:12:22.339+00:00 host_mono_ns=2615761529679924 [2026-10-01 12:12:22.326] [info] value_stack: {count=0, size=0}
host_utc=2026-10-01T12:12:22.339+00:00 host_mono_ns=2615761529690534 
host_utc=2026-10-01T12:12:22.339+00:00 host_mono_ns=2615761529700803 [2026-10-01 12:12:22.326] [info] local_count=8, local_size=8
host_utc=2026-10-01T12:12:22.339+00:00 host_mono_ns=2615761529711263 
host_utc=2026-10-01T12:12:22.339+00:00 host_mono_ns=2615761529721543 Stack: [ 7 6 5 4 3 2 1 0 ]
host_utc=2026-10-01T12:12:22.339+00:00 host_mono_ns=2615761529732002 Stack: [ 1 1 1 1 1 1 1 1 ]
host_utc=2026-10-01T12:12:22.339+00:00 host_mono_ns=2615761529742212 [2026-10-01 12:12:22.326] [info] stack_count=8, stack_size=8
host_utc=2026-10-01T12:12:22.339+00:00 host_mono_ns=2615761529752792 
host_utc=2026-10-01T12:12:22.339+00:00 host_mono_ns=2615761529762921     targets: 675 4294967295
host_utc=2026-10-01T12:12:22.339+00:00 host_mono_ns=2615761529773441 [2026-10-01 12:12:22.326] [info] local_count=8, local_size=8
host_utc=2026-10-01T12:12:22.339+00:00 host_mono_ns=2615761529783820 
host_utc=2026-10-01T12:12:22.339+00:00 host_mono_ns=2615761529794009     stack_pointers: 0 0
host_utc=2026-10-01T12:12:22.339+00:00 host_mono_ns=2615761529804409     cell_nums: 1 0
host_utc=2026-10-01T12:12:22.339+00:00 host_mono_ns=2615761529814829 CallStackEntry: fidx=1244, offset=136
host_utc=2026-10-01T12:12:22.339+00:00 host_mono_ns=2615761529825288 pc:
host_utc=2026-10-01T12:12:22.339+00:00 host_mono_ns=2615761529835538   pc: (1244, 136)
host_utc=2026-10-01T12:12:22.339+00:00 host_mono_ns=2615761529845977 locals:
host_utc=2026-10-01T12:12:22.339+00:00 host_mono_ns=2615761529856317   types: 1 1 1 1 1 1 1 1 1 1 1 1 1 1 1 1 1 1 1 1 1 1
host_utc=2026-10-01T12:12:22.339+00:00 host_mono_ns=2615761529867127   values: 14 34203292 1 0 34203264 34203288 34203248 32 34203216 14 34203292 1 0 65535 0 34203264 34203288 0 0 0 0 0
host_utc=2026-10-01T12:12:22.339+00:00 host_mono_ns=2615761529877908 value_stack:
host_utc=2026-10-01T12:12:22.339+00:00 host_mono_ns=2615761529888277   types: 1
host_utc=2026-10-01T12:12:22.339+00:00 host_mono_ns=2615761529898637   types: 1
host_utc=2026-10-01T12:12:22.339+00:00 host_mono_ns=2615761529908976   values: 27
host_utc=2026-10-01T12:12:22.339+00:00 host_mono_ns=2615761529919256   values: 27
host_utc=2026-10-01T12:12:22.339+00:00 host_mono_ns=2615761529929555 label stack:
host_utc=2026-10-01T12:12:22.339+00:00 host_mono_ns=2615761529939795   size: 1
host_utc=2026-10-01T12:12:22.339+00:00 host_mono_ns=2615761529950254     begins: 0
host_utc=2026-10-01T12:12:22.339+00:00 host_mono_ns=2615761529960544 label stack:
host_utc=2026-10-01T12:12:22.339+00:00 host_mono_ns=2615761529976845     targets: 179
host_utc=2026-10-01T12:12:22.339+00:00 host_mono_ns=2615761529987495   size: [
host_utc=2026-10-01T12:12:22.339+00:00 host_mono_ns=2615761529997984   values: 1 14408748 14408772 0 0 0 0 0
host_utc=2026-10-01T12:12:22.339+00:00 host_mono_ns=2615761530013353     begins: 0
host_utc=2026-10-01T12:12:22.339+00:00 host_mono_ns=2615761530027029 value_stack:
host_utc=2026-10-01T12:12:22.339+00:00 host_mono_ns=2615761530037529   types:
host_utc=2026-10-01T12:12:22.339+00:00 host_mono_ns=2615761530047969     targets: 179
host_utc=2026-10-01T12:12:22.339+00:00 host_mono_ns=2615761530058308   values:
host_utc=2026-10-01T12:12:22.339+00:00 host_mono_ns=2615761530068658     stack_pointers: 0
host_utc=2026-10-01T12:12:22.339+00:00 host_mono_ns=2615761530079128     stack_pointers: 0
host_utc=2026-10-01T12:12:22.339+00:00 host_mono_ns=2615761530089577 label stack:
host_utc=2026-10-01T12:12:22.339+00:00 host_mono_ns=2615761530099877   size: 1
host_utc=2026-10-01T12:12:22.339+00:00 host_mono_ns=2615761530110246     cell_nums: 1
host_utc=2026-10-01T12:12:22.339+00:00 host_mono_ns=2615761530120656   values:
host_utc=2026-10-01T12:12:22.339+00:00 host_mono_ns=2615761530130975     cell_nums: 1
host_utc=2026-10-01T12:12:22.339+00:00 host_mono_ns=2615761530141265 label stack:
host_utc=2026-10-01T12:12:22.339+00:00 host_mono_ns=2615761530151574 [2026-10-01 12:12:22.326] [info] value_stack: {count=0, size=0}
host_utc=2026-10-01T12:12:22.339+00:00 host_mono_ns=2615761530162224 
host_utc=2026-10-01T12:12:22.340+00:00 host_mono_ns=2615761530172524     begins: 0
host_utc=2026-10-01T12:12:22.340+00:00 host_mono_ns=2615761530182924     targets: 622
host_utc=2026-10-01T12:12:22.340+00:00 host_mono_ns=2615761530193203 Stack: [     stack_pointers: 0
host_utc=2026-10-01T12:12:22.340+00:00 host_mono_ns=2615761530203673 1 [     cell_nums: 0
host_utc=2026-10-01T12:12:22.340+00:00 host_mono_ns=2615761530213982 0   size: 1
host_utc=2026-10-01T12:12:22.340+00:00 host_mono_ns=2615761530224342 CallStackEntry: fidx=1362, offset=109
host_utc=2026-10-01T12:12:22.340+00:00 host_mono_ns=2615761530234711     begins: 0
host_utc=2026-10-01T12:12:22.340+00:00 host_mono_ns=2615761530245101     targets: 142
host_utc=2026-10-01T12:12:22.340+00:00 host_mono_ns=2615761530255420     stack_pointers: 0
host_utc=2026-10-01T12:12:22.340+00:00 host_mono_ns=2615761530265820 [2026-10-01 12:12:22.326] [info] Success to dump frame stack
host_utc=2026-10-01T12:12:22.340+00:00 host_mono_ns=2615761530276450 
host_utc=2026-10-01T12:12:22.340+00:00 host_mono_ns=2615761530286639 stack, 5681466
host_utc=2026-10-01T12:12:22.340+00:00 host_mono_ns=2615761530296939 7-thread attrs, 78448
host_utc=2026-10-01T12:12:22.340+00:00 host_mono_ns=2615761530307489 stack, 5608519
host_utc=2026-10-01T12:12:22.340+00:00 host_mono_ns=2615761530317848 pc:
host_utc=2026-10-01T12:12:22.340+00:00 host_mono_ns=2615761530328218   pc: (1362, 109)
host_utc=2026-10-01T12:12:22.340+00:00 host_mono_ns=2615761530338487 locals:
host_utc=2026-10-01T12:12:22.340+00:00 host_mono_ns=2615761530348897   values: 2 20963708 20963732 0 0 0 0 0
host_utc=2026-10-01T12:12:22.340+00:00 host_mono_ns=2615761530359256   types: 1 1 1 1 1 1 1 1 1 1 1 1 1 1
host_utc=2026-10-01T12:12:22.340+00:00 host_mono_ns=2615761530369876 value_stack:
host_utc=2026-10-01T12:12:22.340+00:00 host_mono_ns=2615761530380246 ]
host_utc=2026-10-01T12:12:22.340+00:00 host_mono_ns=2615761530390596   types:
host_utc=2026-10-01T12:12:22.340+00:00 host_mono_ns=2615761530400925 Stack: [ 1   values:
host_utc=2026-10-01T12:12:22.340+00:00 host_mono_ns=2615761530411184 1 label stack:
host_utc=2026-10-01T12:12:22.340+00:00 host_mono_ns=2615761530421494 ]
host_utc=2026-10-01T12:12:22.340+00:00 host_mono_ns=2615761530431763 1 [2026-10-01 12:12:22.326] [info] stack_count=2, stack_size=2
host_utc=2026-10-01T12:12:22.340+00:00 host_mono_ns=2615761530442273 
host_utc=2026-10-01T12:12:22.340+00:00 host_mono_ns=2615761530452583   size: 1
host_utc=2026-10-01T12:12:22.340+00:00 host_mono_ns=2615761530469314 1 CallStackEntry: fidx=866, offset=106
host_utc=2026-10-01T12:12:22.340+00:00 host_mono_ns=2615761530480024 1 1 1 1 1   values: 7855136 14408736 16 14408720 7855136 7 7855136 0 7855136 7 0 0 0 0
host_utc=2026-10-01T12:12:22.340+00:00 host_mono_ns=2615761530490574 1 value_stack:
host_utc=2026-10-01T12:12:22.340+00:00 host_mono_ns=2615761530500924   types:
host_utc=2026-10-01T12:12:22.340+00:00 host_mono_ns=2615761530511273   values:
host_utc=2026-10-01T12:12:22.340+00:00 host_mono_ns=2615761530521693 label stack:
host_utc=2026-10-01T12:12:22.340+00:00 host_mono_ns=2615761530531952 1   size: 1
host_utc=2026-10-01T12:12:22.340+00:00 host_mono_ns=2615761530542322 pc:
host_utc=2026-10-01T12:12:22.340+00:00 host_mono_ns=2615761530552501     begins: 0
host_utc=2026-10-01T12:12:22.340+00:00 host_mono_ns=2615761530562971 1 [2026-10-01 12:12:22.326] [info] local_count=2, local_size=2
host_utc=2026-10-01T12:12:22.340+00:00 host_mono_ns=2615761530573360 
host_utc=2026-10-01T12:12:22.340+00:00 host_mono_ns=2615761530583550 1 1 1 1 1 1 1 1   pc: (866, 106)
host_utc=2026-10-01T12:12:22.340+00:00 host_mono_ns=2615761530594009 1 [2026-10-01 12:12:22.326] [info] locals: {count=2, size=2}
host_utc=2026-10-01T12:12:22.340+00:00 host_mono_ns=2615761530604619 
host_utc=2026-10-01T12:12:22.340+00:00 host_mono_ns=2615761530614759 locals:
host_utc=2026-10-01T12:12:22.340+00:00 host_mono_ns=2615761530625058     begins: 0
host_utc=2026-10-01T12:12:22.340+00:00 host_mono_ns=2615761530635488     targets: 142
host_utc=2026-10-01T12:12:22.340+00:00 host_mono_ns=2615761530645807   types: 1 1 1 1 1 1 1 1 1 1 1 1 1 1 1
host_utc=2026-10-01T12:12:22.340+00:00 host_mono_ns=2615761530656227 [2026-10-01 12:12:22.326] [info] value_stack: {count=0, size=0}
host_utc=2026-10-01T12:12:22.340+00:00 host_mono_ns=2615761530666827 
host_utc=2026-10-01T12:12:22.340+00:00 host_mono_ns=2615761530676976 1 1 1 1 1 1 ]
host_utc=2026-10-01T12:12:22.340+00:00 host_mono_ns=2615761530687225     targets: 622
host_utc=2026-10-01T12:12:22.340+00:00 host_mono_ns=2615761530697575     stack_pointers: 0
host_utc=2026-10-01T12:12:22.340+00:00 host_mono_ns=2615761530708045     cell_nums: 0
host_utc=2026-10-01T12:12:22.340+00:00 host_mono_ns=2615761530718284 CallStackEntry: fidx=1362, offset=109
host_utc=2026-10-01T12:12:22.340+00:00 host_mono_ns=2615761530728744 pc:
host_utc=2026-10-01T12:12:22.340+00:00 host_mono_ns=2615761530739053   pc: (1362, 109)
host_utc=2026-10-01T12:12:22.340+00:00 host_mono_ns=2615761530749393 locals:
host_utc=2026-10-01T12:12:22.340+00:00 host_mono_ns=2615761530759772 call_stack size: 13
host_utc=2026-10-01T12:12:22.340+00:00 host_mono_ns=2615761530770442 CallStackEntry: fidx=[202, offset=2:12:22.326] [info] stack_count=25, stack_size=25
host_utc=2026-10-01T12:12:22.340+00:00 host_mono_ns=2615761530781243 
host_utc=2026-10-01T12:12:22.340+00:00 host_mono_ns=2615761530791602 26
host_utc=2026-10-01T12:12:22.340+00:00 host_mono_ns=2615761530802122   types: 1 1 1 1 1 1 1 1 1 1 1 1 1 1
host_utc=2026-10-01T12:12:22.340+00:00 host_mono_ns=2615761530812652     stack_pointers: 0
host_utc=2026-10-01T12:12:22.340+00:00 host_mono_ns=2615761530823092   values: 31284 67106816 16 67106800 31284 31284 0 31284 0 0 1 0 31284 0 0
host_utc=2026-10-01T12:12:22.340+00:00 host_mono_ns=2615761530833812     cell_nums: 1
host_utc=2026-10-01T12:12:22.340+00:00 host_mono_ns=2615761530844202 value_stack:
host_utc=2026-10-01T12:12:22.340+00:00 host_mono_ns=2615761530854651   types:
host_utc=2026-10-01T12:12:22.340+00:00 host_mono_ns=2615761530865021   values:
host_utc=2026-10-01T12:12:22.340+00:00 host_mono_ns=2615761530875361   values: 7855136 20963696 16 20963680 7855136 95 7855136 1165076 7855136 95 1165076 0 0 0
host_utc=2026-10-01T12:12:22.340+00:00 host_mono_ns=2615761530885920 CallStackEntry: fidx=126, offset=1152
host_utc=2026-10-01T12:12:22.340+00:00 host_mono_ns=2615761530896400 value_stack:
host_utc=2026-10-01T12:12:22.340+00:00 host_mono_ns=2615761530906750 pc:
host_utc=2026-10-01T12:12:22.340+00:00 host_mono_ns=2615761530917079   types:
host_utc=2026-10-01T12:12:22.340+00:00 host_mono_ns=2615761530933200   values:
host_utc=2026-10-01T12:12:22.340+00:00 host_mono_ns=2615761530943710 label stack:
host_utc=2026-10-01T12:12:22.340+00:00 host_mono_ns=2615761530954099   pc: (3354, 26)
host_utc=2026-10-01T12:12:22.340+00:00 host_mono_ns=2615761530964639 locals:
host_utc=2026-10-01T12:12:22.340+00:00 host_mono_ns=2615761530975039 pc:
host_utc=2026-10-01T12:12:22.340+00:00 host_mono_ns=2615761530985488   types: 1 1
host_utc=2026-10-01T12:12:22.340+00:00 host_mono_ns=2615761530995908   values: 8 60552588
host_utc=2026-10-01T12:12:22.340+00:00 host_mono_ns=2615761531012349 value_stack:
host_utc=2026-10-01T12:12:22.340+00:00 host_mono_ns=2615761531025825   types:
host_utc=2026-10-01T12:12:22.340+00:00 host_mono_ns=2615761531036374   values:
host_utc=2026-10-01T12:12:22.340+00:00 host_mono_ns=2615761531046844 label stack:
host_utc=2026-10-01T12:12:22.340+00:00 host_mono_ns=2615761531057114   size: 1
host_utc=2026-10-01T12:12:22.340+00:00 host_mono_ns=2615761531067443     begins: 0
host_utc=2026-10-01T12:12:22.340+00:00 host_mono_ns=2615761531077823     targets: 57
host_utc=2026-10-01T12:12:22.340+00:00 host_mono_ns=2615761531088172     stack_pointers: 0
host_utc=2026-10-01T12:12:22.340+00:00 host_mono_ns=2615761531098482     cell_nums: 0
host_utc=2026-10-01T12:12:22.340+00:00 host_mono_ns=2615761531108831 CallStackEntry: fidx=3328, offset=31
host_utc=2026-10-01T12:12:22.340+00:00 host_mono_ns=2615761531119261 pc:
host_utc=2026-10-01T12:12:22.340+00:00 host_mono_ns=2615761531129620   pc: (3328, 31)
host_utc=2026-10-01T12:12:22.340+00:00 host_mono_ns=2615761531139900 locals:
host_utc=2026-10-01T12:12:22.340+00:00 host_mono_ns=2615761531150199 label stack:
host_utc=2026-10-01T12:12:22.340+00:00 host_mono_ns=2615761531160509   [2026-10-01 12:12:22.326] [info] local_count=25, local_size=25
host_utc=2026-10-01T12:12:22.341+00:00 host_mono_ns=2615761531171049 
host_utc=2026-10-01T12:12:22.341+00:00 host_mono_ns=2615761531181298   size: 1
host_utc=2026-10-01T12:12:22.341+00:00 host_mono_ns=2615761531191728     begins: 0
host_utc=2026-10-01T12:12:22.341+00:00 host_mono_ns=2615761531202157     targets: 142
host_utc=2026-10-01T12:12:22.341+00:00 host_mono_ns=2615761531212427     stack_pointers: 0
host_utc=2026-10-01T12:12:22.341+00:00 host_mono_ns=2615761531222907 [2026-10-01 12:12:22.326] [info] Success to dump frame stack
host_utc=2026-10-01T12:12:22.341+00:00 host_mono_ns=2615761531233547 
host_utc=2026-10-01T12:12:22.341+00:00 host_mono_ns=2615761531243806 [06:36:01:464 - 75AAA9CB0640]: Success to dump img for wamr
host_utc=2026-10-01T12:12:22.341+00:00 host_mono_ns=2615761531254326 
host_utc=2026-10-01T12:12:22.341+00:00 host_mono_ns=2615761531264445 do_checkpoint_4
host_utc=2026-10-01T12:12:22.341+00:00 host_mono_ns=2615761531274865 wasm_cluster_increase_checkpointing_counter called 1
host_utc=2026-10-01T12:12:22.341+00:00 host_mono_ns=2615761531285445 wasm_cluster_increase_checkpointing_counter called 2
host_utc=2026-10-01T12:12:22.341+00:00 host_mono_ns=2615761531296075 wasm_cluster_increase_checkpointing_counter called 3
host_utc=2026-10-01T12:12:22.341+00:00 host_mono_ns=2615761531306765   size: 2
host_utc=2026-10-01T12:12:22.341+00:00 host_mono_ns=2615761531339256     begins: 0 87
host_utc=2026-10-01T12:12:22.341+00:00 host_mono_ns=2615761531350177     targets: 133 4294967295
host_utc=2026-10-01T12:12:22.341+00:00 host_mono_ns=2615761531360737     cell_nums: 1
host_utc=2026-10-01T12:12:22.341+00:00 host_mono_ns=2615761531371106     stack_pointers: 0 0
host_utc=2026-10-01T12:12:22.341+00:00 host_mono_ns=2615761531381436     cell_nums: 0 0
host_utc=2026-10-01T12:12:22.341+00:00 host_mono_ns=2615761531391805 CallStackEntry: fidx=869, offset=167
host_utc=2026-10-01T12:12:22.341+00:00 host_mono_ns=2615761531402225 CallStackEntry: fidx=1294, offset=761
host_utc=2026-10-01T12:12:22.341+00:00 host_mono_ns=2615761531412755 pc:
host_utc=2026-10-01T12:12:22.341+00:00 host_mono_ns=2615761531423225 [2026-10-01 12:12:22.326] [info] locals: {count=25, size=25}
host_utc=2026-10-01T12:12:22.341+00:00 host_mono_ns=2615761531440217 
host_utc=2026-10-01T12:12:22.341+00:00 host_mono_ns=2615761531450707 pc:
host_utc=2026-10-01T12:12:22.341+00:00 host_mono_ns=2615761531460976   pc: (869, 167)
host_utc=2026-10-01T12:12:22.341+00:00 host_mono_ns=2615761531471296   pc: (1294, 761)
host_utc=2026-10-01T12:12:22.341+00:00 host_mono_ns=2615761531481565 locals:
host_utc=2026-10-01T12:12:22.341+00:00 host_mono_ns=2615761531492085   types: 1 1 1 1 1 1 1 1 1 1 1 1 1 1 1 1 1 1 1 1 1 1 1 1 1 1 1 1 1 1 1 1 1 1 1 1 1 1 1 1 1 1 1 1 1 1 1 1 1 1 1 1 1 1 1 1 1 1 1 1 1 1 1 1 1 1 1 1 1 1 1 1 1 1 1 1 1 1 1 1 1 1 1 1 1 1 1 1 1 1 1 1 1 1 1 1 1 1 1 1 1 1 1 1 1 1 1 1 1 1 1 1 1 1 1 1 1 1 1 1 1 1 1 1 1 1 1 1 1 1 1 1 1 1 1 1 1 1 1 1 1 1 1 1 1 1 1 1 1 1 1 1 1 1 1 1 1 1 1 1 1 1 1 1 1 1 1 1 1 1 1 1 1 1 1 1 1 1 1 1 1 1 1 1 1 1 1 1 1 1 1 1 1 1 1 1 1 1
host_utc=2026-10-01T12:12:22.341+00:00 host_mono_ns=2615761531503977 [2026-10-01 12:12:22.326] [info] value_stack: {count=0, size=0}
host_utc=2026-10-01T12:12:22.341+00:00 host_mono_ns=2615761531514647 
host_utc=2026-10-01T12:12:22.341+00:00 host_mono_ns=2615761531524837 [2026-10-01 12:12:22.326] [info] locals: {count=8, size=8}
host_utc=2026-10-01T12:12:22.341+00:00 host_mono_ns=2615761531535346 
host_utc=2026-10-01T12:12:22.341+00:00 host_mono_ns=2615761531545736   values: 1165076 20963680 224 20963456 0 1165076 1165076 14409824 65535 20964368 20964368 0 20964368 0 0 1 0 0 0 0 0 0 0 0 0 0 0 0 0 0 0 0 0 0 29 29 1000 0 29 1000 29 7121 8859 128 20963584 14409824 2743 144 20963600 11500 0 20963732 14409824 4 1972 0 0 14409824 4 0 4 0 0 1 0 0 16 14409824 4 20964368 65535 0 176 20963632 20963632 172 20963628 20963628 0 0 0 0 0 0 0 0 0 0 0 0 0 0 0 0 0 0 0 0 0 0 0 0 0 0 0 0 0 0 0 0 0 0 0 0 0 0 0 0 0 0 0 0 0 0 0 0 0 0 0 0 0 0 0 0 0 0 0 0 0 0 0 0 0 0 0 0 0 0 0 0 0 0 0 0 0 0 0 0 0 0 0 0 0 0 0 0 0 0 0 0 0 0 0 0 0 0 0 0 0 0 0 0 0 0 0 0 0 0 0 0 0 0 0 0 0 0 0 0
host_utc=2026-10-01T12:12:22.341+00:00 host_mono_ns=2615761531558019 value_stack:
host_utc=2026-10-01T12:12:22.341+00:00 host_mono_ns=2615761531568589 Stack:   types: 1 1 1 1 1 1 1
host_utc=2026-10-01T12:12:22.341+00:00 host_mono_ns=2615761531579029 [ 37 36 35   values: 4 4 4 4 4 4 4
host_utc=2026-10-01T12:12:22.341+00:00 host_mono_ns=2615761531589459   [2026-10-01 12:
host_utc=2026-10-01T12:12:22.341+00:00 host_mono_ns=2615761531599818 4-thread attrs, 56146
host_utc=2026-10-01T12:12:22.341+00:00 host_mono_ns=2615761531610248 stack, 5558363
host_utc=2026-10-01T12:12:22.341+00:00 host_mono_ns=2615761531620467 3-thread attrs, 41157
host_utc=2026-10-01T12:12:22.341+00:00 host_mono_ns=2615761531630887 locals:
host_utc=2026-10-01T12:12:22.341+00:00 host_mono_ns=2615761531641176   types: 1 1 1 1 1 1 1 1 1 1 1 1 1 1 1 1 1 1 1 1 1 1 1 1 1 1 1
host_utc=2026-10-01T12:12:22.341+00:00 host_mono_ns=2615761531651656 Stack: 34 label stack:
host_utc=2026-10-01T12:12:22.341+00:00 host_mono_ns=2615761531661925 [ 33   size: 2
host_utc=2026-10-01T12:12:22.341+00:00 host_mono_ns=2615761531672255   values: 31284 67106800 16 67106784 31284 1 1 1 28 31312 8 67106792 67106792 0 1 0 0 1 0 24 31308 0 555160 11968 54 0 0
host_utc=2026-10-01T12:12:22.341+00:00 host_mono_ns=2615761531683105 locals:
host_utc=2026-10-01T12:12:22.341+00:00 host_mono_ns=2615761531693355 32 value_stack:
host_utc=2026-10-01T12:12:22.341+00:00 host_mono_ns=2615761531703714   types:
host_utc=2026-10-01T12:12:22.341+00:00 host_mono_ns=2615761531714124   values:
host_utc=2026-10-01T12:12:22.341+00:00 host_mono_ns=2615761531724624 31 30 29 28 27 26 25 24 23 22 21 20 19 18 17 16 15 14 13 12 11 10 9   types: 1 1 1 1 1 1 1 1 1 1 1 1 1 1 1 1 1 1 1 1 1 1 1 1 1 1 1 1 1 1 1 1 1 1 1 1 1 1 1 1 1 1 1 1 1 1 1 1 1 1 1 1 1 1 1 1 1 1 1 1 1 1 1 1 1 1 1 1 1 1 1 1 1 1 1 1 1 1 1 1 1 1 1 1 1 1 1 1 1 1 1 1 1 1 1 1 1 1 1 1 1 1 1 1 1 1 1 1 1 1 1 1 1 1 1 1 1 1 1 1 1 1 1 1 1 1 1 1 1 1 1 1 1 1 1 1 1 1 1 1 1 1 1 1 1 1 1 1 1 1 1 1 1 1 1
host_utc=2026-10-01T12:12:22.341+00:00 host_mono_ns=2615761531736516 label stack: 2:12:22.326] [info] Success to dump frame stack
host_utc=2026-10-01T12:12:22.341+00:00 host_mono_ns=2615761531747277 
host_utc=2026-10-01T12:12:22.341+00:00 host_mono_ns=2615761531763317 
host_utc=2026-10-01T12:12:22.341+00:00 host_mono_ns=2615761531773636 1 8 [06:36:01:535 - 75AAA9D8D640]:   values: 8 60552588 60552612 0 0 0 0 0
host_utc=2026-10-01T12:12:22.341+00:00 host_mono_ns=2615761531784557   values: 0 14408720 160 14408560 7 7 1000 0 7 1000 7 7075 8859 96 14408656 1983 0 11500 0 8 8 1000 0 8 1000 8 7075 8859 80 14408640 3418 0 11500 0 0 0 1 0 0 255 0 255 0 1 1 1 638640 1 31284 8 0 1024 638640 31284 0 10 4 0 27649728 0 0 27649728 0 27649728 0 0 1 0 0 0 0 0 0 0 0 0 0 0 0 0 0 0 1 4294967295 4294967294 1 0 100 31284 144 144 1000 0 144 1000 144 7075 8859 64 14408624 3379 0 11500 0 0 0 0 1 0 4294967295 0 0 4294967295 4294967295 4294967295 1 1 1000 0 0 0 0 0 0 0 0 0 0 0 0 0 0 0 0 0 0 0 0 0 0 0 0 0 0 0 0 0 0 0 0 0 0 0 0 0
host_utc=2026-10-01T12:12:22.341+00:00 host_mono_ns=2615761531796840   size: 4
host_utc=2026-10-01T12:12:22.341+00:00 host_mono_ns=2615761531807360 value_stack:
host_utc=2026-10-01T12:12:22.341+00:00 host_mono_ns=2615761531817619     begins: 0 43 45 144
host_utc=2026-10-01T12:12:22.341+00:00 host_mono_ns=2615761531827989 Success to dump img for wamr
host_utc=2026-10-01T12:12:22.341+00:00 host_mono_ns=2615761531838419   types:
host_utc=2026-10-01T12:12:22.341+00:00 host_mono_ns=2615761531848728 value_stack:
host_utc=2026-10-01T12:12:22.341+00:00 host_mono_ns=2615761531859048     targets: 233 4294967295 45 4294967295
host_utc=2026-10-01T12:12:22.341+00:00 host_mono_ns=2615761531869698 
host_utc=2026-10-01T12:12:22.341+00:00 host_mono_ns=2615761531879997   values:
host_utc=2026-10-01T12:12:22.341+00:00 host_mono_ns=2615761531890297 do_checkpoint_4
host_utc=2026-10-01T12:12:22.341+00:00 host_mono_ns=2615761531900816     stack_pointers: 0 0 0 0
host_utc=2026-10-01T12:12:22.341+00:00 host_mono_ns=2615761531911427 label stack:
host_utc=2026-10-01T12:12:22.341+00:00 host_mono_ns=2615761531921766   types: 1 1 1 1 1 1 1 1 1 1 1 1 1 1 1 1
host_utc=2026-10-01T12:12:22.341+00:00 host_mono_ns=2615761531932426 0 wasm_cluster_increase_checkpointing_counter called 1
host_utc=2026-10-01T12:12:22.341+00:00 host_mono_ns=2615761531943086 wasm_cluster_increase_checkpointing_counter called 2
host_utc=2026-10-01T12:12:22.341+00:00 host_mono_ns=2615761531953807     cell_nums: 0 0 0 0
host_utc=2026-10-01T12:12:22.341+00:00 host_mono_ns=2615761531964176 7 ]
host_utc=2026-10-01T12:12:22.341+00:00 host_mono_ns=2615761531974616 Stack: 6 [ 1 1   values: 1000 1000 1000 1000 1000 1000 1000 1000 1000 1000 1000 1000 1000 1000 1000 1000
host_utc=2026-10-01T12:12:22.341+00:00 host_mono_ns=2615761531985326 ]
host_utc=2026-10-01T12:12:22.341+00:00 host_mono_ns=2615761531995585     begins: 0 591
host_utc=2026-10-01T12:12:22.341+00:00 host_mono_ns=2615761532011355 5 label stack:
host_utc=2026-10-01T12:12:22.341+00:00 host_mono_ns=2615761532025281 4 3 2 1 0 ]
host_utc=2026-10-01T12:12:22.341+00:00 host_mono_ns=2615761532035871   size: 4
host_utc=2026-10-01T12:12:22.341+00:00 host_mono_ns=2615761532046512 Stack:     targets: 2060 591
host_utc=2026-10-01T12:12:22.341+00:00 host_mono_ns=2615761532056881     stack_pointers: 0 0
host_utc=2026-10-01T12:12:22.341+00:00 host_mono_ns=2615761532067331 CallStackEntry: fidx=1308, offset=183
host_utc=2026-10-01T12:12:22.341+00:00 host_mono_ns=2615761532077680     cell_nums: 0 0
host_utc=2026-10-01T12:12:22.341+00:00 host_mono_ns=2615761532088030 pc:
host_utc=2026-10-01T12:12:22.341+00:00 host_mono_ns=2615761532098279   pc: (1308, 183)
host_utc=2026-10-01T12:12:22.341+00:00 host_mono_ns=2615761532108649 CallStackEntry: fidx=1243, offset=383
host_utc=2026-10-01T12:12:22.341+00:00 host_mono_ns=2615761532119079 [ wasm_cluster_increase_checkpointing_counter called 3
host_utc=2026-10-01T12:12:22.341+00:00 host_mono_ns=2615761532129799 pc:
host_utc=2026-10-01T12:12:22.341+00:00 host_mono_ns=2615761532140078   pc: (1243, 383)
host_utc=2026-10-01T12:12:22.341+00:00 host_mono_ns=2615761532150458 1   size: 1
host_utc=2026-10-01T12:12:22.341+00:00 host_mono_ns=2615761532160867     begins: 0 647 1052 1140
host_utc=2026-10-01T12:12:22.342+00:00 host_mono_ns=2615761532177950     begins: 0
host_utc=2026-10-01T12:12:22.342+00:00 host_mono_ns=2615761532188490 1     targets: 1612 4294967295 1052 4294967295
host_utc=2026-10-01T12:12:22.342+00:00 host_mono_ns=2615761532199009 1 1 1     targets: 622
host_utc=2026-10-01T12:12:22.342+00:00 host_mono_ns=2615761532209369 [06:36:01:584 - 75AAA9DD6640]: locals:
host_utc=2026-10-01T12:12:22.342+00:00 host_mono_ns=2615761532219749 Success to dump img for wamr
host_utc=2026-10-01T12:12:22.342+00:00 host_mono_ns=2615761532230278 
host_utc=2026-10-01T12:12:22.342+00:00 host_mono_ns=2615761532240518 do_checkpoint_4
host_utc=2026-10-01T12:12:22.342+00:00 host_mono_ns=2615761532250877 wasm_cluster_increase_checkpointing_counter called 1
host_utc=2026-10-01T12:12:22.342+00:00 host_mono_ns=2615761532261397 wasm_cluster_increase_checkpointing_counter called 2
host_utc=2026-10-01T12:12:22.342+00:00 host_mono_ns=2615761532272027 wasm_cluster_increase_checkpointing_counter called 3
host_utc=2026-10-01T12:12:22.342+00:00 host_mono_ns=2615761532282557   types: 1 1 1 1 1 1 1 1 1 1 1 1 1 1 1 1 1 1 1 1 1 1 1 1 1
host_utc=2026-10-01T12:12:22.342+00:00 host_mono_ns=2615761532293167 locals:
host_utc=2026-10-01T12:12:22.342+00:00 host_mono_ns=2615761532303577   values: 31308 0 67106784 16 67106768 49276 0 0 0 0 0 0 0 0 0 31308 14409728 4294967295 0 0 0 0 0 0 0
host_utc=2026-10-01T12:12:22.342+00:00 host_mono_ns=2615761532314247 value_stack:
host_utc=2026-10-01T12:12:22.342+00:00 host_mono_ns=2615761532324577   types:
host_utc=2026-10-01T12:12:22.342+00:00 host_mono_ns=2615761532335046   values:
host_utc=2026-10-01T12:12:22.342+00:00 host_mono_ns=2615761532345386 label stack:
host_utc=2026-10-01T12:12:22.342+00:00 host_mono_ns=2615761532355725   size: 4
host_utc=2026-10-01T12:12:22.342+00:00 host_mono_ns=2615761532366025     begins: 0 65 159 161
host_utc=2026-10-01T12:12:22.342+00:00 host_mono_ns=2615761532376605   types: 1 1 1 1 1 1 1 1 1 1 1 1 1 1 1 1 1 1 1 1 1 1 1 1 1 1 1 1 1 1 1 1 1 1 1 1 1 1 1 1 1 1 1 1 1 1 1 1 1 1 1 1 1 1 1 1 1 1 1 1 1 1 1 1 1 1 1 1 1 1 1 1 1 1 1 1 1
host_utc=2026-10-01T12:12:22.342+00:00 host_mono_ns=2615761532387696     stack_pointers: 0
host_utc=2026-10-01T12:12:22.342+00:00 host_mono_ns=2615761532398246     targets: 259 4294967295 4294967295 161
host_utc=2026-10-01T12:12:22.342+00:00 host_mono_ns=2615761532408725     cell_nums: 0
host_utc=2026-10-01T12:12:22.342+00:00 host_mono_ns=2615761532419015 CallStackEntry: fidx=486, offset=157
host_utc=2026-10-01T12:12:22.342+00:00 host_mono_ns=2615761532429545 pc:
host_utc=2026-10-01T12:12:22.342+00:00 host_mono_ns=2615761532439844   pc: (486, 157)
host_utc=2026-10-01T12:12:22.342+00:00 host_mono_ns=2615761532450244 locals:
host_utc=2026-10-01T12:12:22.342+00:00 host_mono_ns=2615761532460483     stack_pointers: 0 0 0 0
host_utc=2026-10-01T12:12:22.342+00:00 host_mono_ns=2615761532470873     cell_nums: 1 0 0 0
host_utc=2026-10-01T12:12:22.342+00:00 host_mono_ns=2615761532481082 CallStackEntry: fidx=1356, offset=278
host_utc=2026-10-01T12:12:22.342+00:00 host_mono_ns=2615761532491592 pc:
host_utc=2026-10-01T12:12:22.342+00:00 host_mono_ns=2615761532501951   types: 1 1 1 1 1 1 1 1 1 1 1 1 1 1 1 1 1 1 1 1 1 1 1 1 1
host_utc=2026-10-01T12:12:22.342+00:00 host_mono_ns=2615761532512682 1   pc: (1356, 278)
host_utc=2026-10-01T12:12:22.342+00:00 host_mono_ns=2615761532523232   values: 4 20964368 65535 0 20963632 20963628 20963456 80 20963376 20964368 65535 0 1 0 0 0 0 0 0 0 20963632 0 20963632 0 1 1 1 0 0 0 0 0 4 1 0 44 20963420 20963420 16 20963392 20963392 40 20963416 20963416 65535 0 0 0 0 0 0 0 0 0 0 0 0 0 0 0 0 0 0 0 0 0 0 0 0 0 0 0 0 0 0 0 0
host_utc=2026-10-01T12:12:22.342+00:00 host_mono_ns=2615761532534493 1 locals:
host_utc=2026-10-01T12:12:22.342+00:00 host_mono_ns=2615761532544792 1 1 1 1 value_stack:
host_utc=2026-10-01T12:12:22.342+00:00 host_mono_ns=2615761532555262   types: 1 1 1 1 1 1 1 1 1 1 1 1 1 1 1 1 1 1 1 1 1 1 1 1 1 1 1 1 1 1 1 1 1 1
host_utc=2026-10-01T12:12:22.342+00:00 host_mono_ns=2615761532565862   types:
host_utc=2026-10-01T12:12:22.342+00:00 host_mono_ns=2615761532576282   values:
host_utc=2026-10-01T12:12:22.342+00:00 host_mono_ns=2615761532592993 label stack:
host_utc=2026-10-01T12:12:22.342+00:00 host_mono_ns=2615761532603493   size: 2
host_utc=2026-10-01T12:12:22.342+00:00 host_mono_ns=2615761532613762     begins: 0 140
host_utc=2026-10-01T12:12:22.342+00:00 host_mono_ns=2615761532624112   [2026-10-01 12:12:22.326]
host_utc=2026-10-01T12:12:22.342+00:00 host_mono_ns=2615761532634431     stack_pointers: 0 0
host_utc=2026-10-01T12:12:22.342+00:00 host_mono_ns=2615761532644951 1   values: 53998960 60552576 32 60552544 53998960 24 60552568 60552568 1294204 24 60552568 60552568 53998960 53998960 47444240 24 60552568 60552568 53998960 0 0 0 0 0 0
host_utc=2026-10-01T12:12:22.342+00:00 host_mono_ns=2615761532655802     stack_pointers: 0 0 0 0
host_utc=2026-10-01T12:12:22.342+00:00 host_mono_ns=2615761532666452 value_stack:
host_utc=2026-10-01T12:12:22.342+00:00 host_mono_ns=2615761532676892   types: 1
host_utc=2026-10-01T12:12:22.342+00:00 host_mono_ns=2615761532687351 [2026-10-01 12:12:22.326] [info] value_stack: {count=0, size=0}
host_utc=2026-10-01T12:12:22.342+00:00 host_mono_ns=2615761532698042 
host_utc=2026-10-01T12:12:22.342+00:00 host_mono_ns=2615761532708341 call_stack size: 6
host_utc=2026-10-01T12:12:22.342+00:00 host_mono_ns=2615761532718741 CallStackEntry: fidx=3354, offset=26
host_utc=2026-10-01T12:12:22.342+00:00 host_mono_ns=2615761532729230 pc:
host_utc=2026-10-01T12:12:22.342+00:00 host_mono_ns=2615761532739520   pc: (3354, 26)
host_utc=2026-10-01T12:12:22.342+00:00 host_mono_ns=2615761532749910 locals:
host_utc=2026-10-01T12:12:22.342+00:00 host_mono_ns=2615761532760199     cell_nums: 1 0
host_utc=2026-10-01T12:12:22.342+00:00 host_mono_ns=2615761532770589   types: 1 1
host_utc=2026-10-01T12:12:22.342+00:00 host_mono_ns=2615761532780908   values: 5 40823388
host_utc=2026-10-01T12:12:22.342+00:00 host_mono_ns=2615761532791067 value_stack:
host_utc=2026-10-01T12:12:22.342+00:00 host_mono_ns=2615761532801447   types:
host_utc=2026-10-01T12:12:22.342+00:00 host_mono_ns=2615761532811836   values:
host_utc=2026-10-01T12:12:22.342+00:00 host_mono_ns=2615761532822236 label stack:
host_utc=2026-10-01T12:12:22.342+00:00 host_mono_ns=2615761532832536   values: 14409728 4294967295 67106768 32 67106736 0 14409728 0 14409728 0 0 1 0 0 14409728 14409728 3735928557 3735928557 3735928557 3735928557 0 1 0 0 0 0 0 14409728 4294967295 0 0 0 0 0
host_utc=2026-10-01T12:12:22.342+00:00 host_mono_ns=2615761532843797 CallStackEntry: fidx=1244, offset=136
host_utc=2026-10-01T12:12:22.342+00:00 host_mono_ns=2615761532854246 pc:
host_utc=2026-10-01T12:12:22.342+00:00 host_mono_ns=2615761532864646   pc: (1244, 136)
host_utc=2026-10-01T12:12:22.342+00:00 host_mono_ns=2615761532874956   size: 1
host_utc=2026-10-01T12:12:22.342+00:00 host_mono_ns=2615761532885275 locals:
host_utc=2026-10-01T12:12:22.342+00:00 host_mono_ns=2615761532895715 value_stack:
host_utc=2026-10-01T12:12:22.342+00:00 host_mono_ns=2615761532906124   types:
host_utc=2026-10-01T12:12:22.342+00:00 host_mono_ns=2615761532916454   values:
host_utc=2026-10-01T12:12:22.342+00:00 host_mono_ns=2615761532926663 1   types: 1 1 1 1 1 1 1 1 1 1 1 1 1 1 1 1 1 1 1 1 1 1
host_utc=2026-10-01T12:12:22.342+00:00 host_mono_ns=2615761532937303 1 1 1 label stack:
host_utc=2026-10-01T12:12:22.342+00:00 host_mono_ns=2615761532947763   size: 2
host_utc=2026-10-01T12:12:22.342+00:00 host_mono_ns=2615761532958163     cell_nums: 0 0 0 0
host_utc=2026-10-01T12:12:22.342+00:00 host_mono_ns=2615761532968422   values: 53998960
host_utc=2026-10-01T12:12:22.342+00:00 host_mono_ns=2615761532978782 1 label stack:
host_utc=2026-10-01T12:12:22.342+00:00 host_mono_ns=2615761532989071   size: 1
host_utc=2026-10-01T12:12:22.342+00:00 host_mono_ns=2615761532999240 1     begins: 0
host_utc=2026-10-01T12:12:22.342+00:00 host_mono_ns=2615761533019148 CallStackEntry: fidx=1347, offset=131
host_utc=2026-10-01T12:12:22.342+00:00 host_mono_ns=2615761533029748 pc:
host_utc=2026-10-01T12:12:22.342+00:00 host_mono_ns=2615761533040117 1   pc: (1347, 131)
host_utc=2026-10-01T12:12:22.342+00:00 host_mono_ns=2615761533060065     targets: 213
host_utc=2026-10-01T12:12:22.342+00:00 host_mono_ns=2615761533070695 1 1 1 locals:
host_utc=2026-10-01T12:12:22.342+00:00 host_mono_ns=2615761533081115     stack_pointers: 0
host_utc=2026-10-01T12:12:22.342+00:00 host_mono_ns=2615761533091424 1     cell_nums: 1
host_utc=2026-10-01T12:12:22.342+00:00 host_mono_ns=2615761533101874     begins: 0
host_utc=2026-10-01T12:12:22.342+00:00 host_mono_ns=2615761533112214   values: 4 20963420 1 0 20963392 20963416 20963376 32 20963344 4 20963420 1 0 65535 0 20963392 20963416 0 0 0 0 0
host_utc=2026-10-01T12:12:22.342+00:00 host_mono_ns=2615761533123054 1   types: 1 1 1 1 1 1 1 1 1 1 1 1 1 1 1 1 1 1 1
host_utc=2026-10-01T12:12:22.342+00:00 host_mono_ns=2615761533133774 value_stack:
host_utc=2026-10-01T12:12:22.342+00:00 host_mono_ns=2615761533144174 1 1 1   types: 1
host_utc=2026-10-01T12:12:22.342+00:00 host_mono_ns=2615761533154634     begins: 0 95
host_utc=2026-10-01T12:12:22.342+00:00 host_mono_ns=2615761533164823     targets: 57
host_utc=2026-10-01T12:12:22.343+00:00 host_mono_ns=2615761533175343   values: 1000 14408560 16 14408544 0 1 0 1 0 1 0 0 1000 0 1000 0 0 0 0
host_utc=2026-10-01T12:12:22.343+00:00 host_mono_ns=2615761533185933     targets: 343 4294967295
host_utc=2026-10-01T12:12:22.343+00:00 host_mono_ns=2615761533196332 1 value_stack:
host_utc=2026-10-01T12:12:22.343+00:00 host_mono_ns=2615761533206902   types:
host_utc=2026-10-01T12:12:22.343+00:00 host_mono_ns=2615761533217262   values:
host_utc=2026-10-01T12:12:22.343+00:00 host_mono_ns=2615761533227722     stack_pointers: 0
host_utc=2026-10-01T12:12:22.343+00:00 host_mono_ns=2615761533238001     stack_pointers: 0 0
host_utc=2026-10-01T12:12:22.343+00:00 host_mono_ns=2615761533248591 label stack:
host_utc=2026-10-01T12:12:22.343+00:00 host_mono_ns=2615761533258890     cell_nums: 0
host_utc=2026-10-01T12:12:22.343+00:00 host_mono_ns=2615761533269260 CallStackEntry: fidx=509, offset=72
host_utc=2026-10-01T12:12:22.343+00:00 host_mono_ns=2615761533279670     cell_nums: 1 0
host_utc=2026-10-01T12:12:22.343+00:00 host_mono_ns=2615761533290089 CallStackEntry: fidx=1357, offset=260
host_utc=2026-10-01T12:12:22.343+00:00 host_mono_ns=2615761533300549 CallStackEntry: fidx=3328, offset=31
host_utc=2026-10-01T12:12:22.343+00:00 host_mono_ns=2615761533311009 pc:
host_utc=2026-10-01T12:12:22.343+00:00 host_mono_ns=2615761533321429 pc:
host_utc=2026-10-01T12:12:22.343+00:00 host_mono_ns=2615761533331748   pc: (3328, 31)
host_utc=2026-10-01T12:12:22.343+00:00 host_mono_ns=2615761533342148 locals:
host_utc=2026-10-01T12:12:22.343+00:00 host_mono_ns=2615761533352567   pc: (1357, 260)
host_utc=2026-10-01T12:12:22.343+00:00 host_mono_ns=2615761533362857 locals:
host_utc=2026-10-01T12:12:22.343+00:00 host_mono_ns=2615761533373196   types: 1 1 1 1 1 1 1 1
host_utc=2026-10-01T12:12:22.343+00:00 host_mono_ns=2615761533383716   values: 27
host_utc=2026-10-01T12:12:22.343+00:00 host_mono_ns=2615761533394306   values: 5 40823388 40823412 0 0 0 0 0
host_utc=2026-10-01T12:12:22.343+00:00 host_mono_ns=2615761533404836   types: 1 1 1 1 1 1 1 1 1 1 1 1 1 1 1 1 1 1 1 1 1 1 1 1 1 1 1 1 1 1 1 1 1 1 1 1 1 1
host_utc=2026-10-01T12:12:22.343+00:00 host_mono_ns=2615761533415496 label stack:
host_utc=2026-10-01T12:12:22.343+00:00 host_mono_ns=2615761533425846 value_stack:
host_utc=2026-10-01T12:12:22.343+00:00 host_mono_ns=2615761533436215 1   types:
host_utc=2026-10-01T12:12:22.343+00:00 host_mono_ns=2615761533446495   values:
host_utc=2026-10-01T12:12:22.343+00:00 host_mono_ns=2615761533456794 label stack:
host_utc=2026-10-01T12:12:22.343+00:00 host_mono_ns=2615761533467033 pc:
host_utc=2026-10-01T12:12:22.343+00:00 host_mono_ns=2615761533477373   size: 1
host_utc=2026-10-01T12:12:22.343+00:00 host_mono_ns=2615761533487793   pc: (509, 72)
host_utc=2026-10-01T12:12:22.343+00:00 host_mono_ns=2615761533498373 1   values: 14409728 4294967295 67106736 16 67106720 0 14409728 0 0 0 0 0 1 0 0 0 0 0 4294967295 0 4294967295 4294967295 4294967295 4294967295 1 1 1 4294967295 14409728 12 14409740 4294967295 67106720 0 0 0 0 0
host_utc=2026-10-01T12:12:22.343+00:00 host_mono_ns=2615761533515735 locals:
host_utc=2026-10-01T12:12:22.343+00:00 host_mono_ns=2615761533526195     begins: 0
host_utc=2026-10-01T12:12:22.343+00:00 host_mono_ns=2615761533536765 value_stack:
host_utc=2026-10-01T12:12:22.343+00:00 host_mono_ns=2615761533547195   types:
host_utc=2026-10-01T12:12:22.343+00:00 host_mono_ns=2615761533557654   values:
host_utc=2026-10-01T12:12:22.343+00:00 host_mono_ns=2615761533567924 label stack:
host_utc=2026-10-01T12:12:22.343+00:00 host_mono_ns=2615761533578293   size: 3
host_utc=2026-10-01T12:12:22.343+00:00 host_mono_ns=2615761533588693     targets: 622
host_utc=2026-10-01T12:12:22.343+00:00 host_mono_ns=2615761533599113   types: 1 1 1 1 1 1 1 1 1 1
host_utc=2026-10-01T12:12:22.343+00:00 host_mono_ns=2615761533609552     stack_pointers: 0
host_utc=2026-10-01T12:12:22.343+00:00 host_mono_ns=2615761533620032     begins: 0 98 149
host_utc=2026-10-01T12:12:22.343+00:00 host_mono_ns=2615761533630362 1     targets: 324 294 293
host_utc=2026-10-01T12:12:22.343+00:00 host_mono_ns=2615761533640781   size: 1
host_utc=2026-10-01T12:12:22.343+00:00 host_mono_ns=2615761533651261     stack_pointers: 0 0 0
host_utc=2026-10-01T12:12:22.343+00:00 host_mono_ns=2615761533661681     cell_nums: 1 0 0
host_utc=2026-10-01T12:12:22.343+00:00 host_mono_ns=2615761533672050 CallStackEntry: fidx=1377, offset=275
host_utc=2026-10-01T12:12:22.343+00:00 host_mono_ns=2615761533682600     begins: 0
host_utc=2026-10-01T12:12:22.343+00:00 host_mono_ns=2615761533693000 pc:
host_utc=2026-10-01T12:12:22.343+00:00 host_mono_ns=2615761533703370     targets: 179
host_utc=2026-10-01T12:12:22.343+00:00 host_mono_ns=2615761533713779     stack_pointers: 0
host_utc=2026-10-01T12:12:22.343+00:00 host_mono_ns=2615761533724069     cell_nums: 1
host_utc=2026-10-01T12:12:22.343+00:00 host_mono_ns=2615761533734278   pc: (1377, 275)
host_utc=2026-10-01T12:12:22.343+00:00 host_mono_ns=2615761533744688 locals:
host_utc=2026-10-01T12:12:22.343+00:00 host_mono_ns=2615761533754947     cell_nums: 0
host_utc=2026-10-01T12:12:22.343+00:00 host_mono_ns=2615761533765317 CallStackEntry: fidx=1362, offset=109
host_utc=2026-10-01T12:12:22.343+00:00 host_mono_ns=2615761533775947 pc:
host_utc=2026-10-01T12:12:22.343+00:00 host_mono_ns=2615761533786146   pc: (1362, 109)
host_utc=2026-10-01T12:12:22.343+00:00 host_mono_ns=2615761533796405 locals:
host_utc=2026-10-01T12:12:22.343+00:00 host_mono_ns=2615761533835389 1 1   types: 1 1 1 1 1 1 1 1 1 1 1 1 1 1 1 1 1 1 1 1 1 1 1 1 1 1 1 1 1 1 1 1 1 1 1 1 1 1 1 1 1 1 1 1 1 1 1 1 1 1 1 1 1 1 1 1 1 1 1 1 1 1 1 1 1 1 1 1 1 1 1 1 1 1 1 1 1 1 1 1 1 1 1 1 1 1 1 1 1 1 1 1 1 1
host_utc=2026-10-01T12:12:22.343+00:00 host_mono_ns=2615761533847351   types: 1 1 1 1 1 1 1 1 1 1 1 1 1 1
host_utc=2026-10-01T12:12:22.343+00:00 host_mono_ns=2615761533858132 1   size: 2
host_utc=2026-10-01T12:12:22.343+00:00 host_mono_ns=2615761533868642 1 1 1 1 ]
host_utc=2026-10-01T12:12:22.343+00:00 host_mono_ns=2615761533879091   values: 7855136 40823376 16 40823360 7855136 95 7855136 1164944 7855136 95 1164944 0 0 0
host_utc=2026-10-01T12:12:22.343+00:00 host_mono_ns=2615761533889731     begins: 0 74
host_utc=2026-10-01T12:12:22.343+00:00 host_mono_ns=2615761533900241   values: 14409740 4294967295 67106720 67106720 112 67106608 0 24 67106632 67106632 12 67106644 4294967295 14409740 0 14409740 0 1 1 1 14409740 24 67106632 67106632 4294967295 4294967295 4294967295 4294967295 1 1 1 24 67106632 67106632 12 67106644 16 67106660 1294048 0 0 0 0 0 0 0 0 0 0 0 0 0 0 0 0 0 0 0 0 0 0 0 0 0 0 0 0 0 0 0 0 0 0 0 0 0 0 0 0 0 0 0 0 0 0 0 0 0 0 0 0 0 0 0
host_utc=2026-10-01T12:12:22.343+00:00 host_mono_ns=2615761533911943     targets: 176 4294967295
host_utc=2026-10-01T12:12:22.343+00:00 host_mono_ns=2615761533922413   values: 53998960 60552544 16 60552528 53998960 53998964 53998960 53998972 0 0
host_utc=2026-10-01T12:12:22.343+00:00 host_mono_ns=2615761533933113 value_stack:
host_utc=2026-10-01T12:12:22.343+00:00 host_mono_ns=2615761533943513   types:
host_utc=2026-10-01T12:12:22.343+00:00 host_mono_ns=2615761533960966   values:
host_utc=2026-10-01T12:12:22.343+00:00 host_mono_ns=2615761533971526 label stack:
host_utc=2026-10-01T12:12:22.343+00:00 host_mono_ns=2615761533981865   size: 3
host_utc=2026-10-01T12:12:22.343+00:00 host_mono_ns=2615761533992225 value_stack:
host_utc=2026-10-01T12:12:22.343+00:00 host_mono_ns=2615761534007804     stack_pointers: 0 0
host_utc=2026-10-01T12:12:22.343+00:00 host_mono_ns=2615761534021771     begins: 0 219 221
host_utc=2026-10-01T12:12:22.343+00:00 host_mono_ns=2615761534032411 [2026-10-01 12:12:22.326] [info] stack_count=38, stack_size=38
host_utc=2026-10-01T12:12:22.343+00:00 host_mono_ns=2615761534043071 
host_utc=2026-10-01T12:12:22.343+00:00 host_mono_ns=2615761534053641   types:
host_utc=2026-10-01T12:12:22.343+00:00 host_mono_ns=2615761534064141 [2026-10-01 12:12:22.326] [info] local_count=37, local_size=37
host_utc=2026-10-01T12:12:22.343+00:00 host_mono_ns=2615761534074861 
host_utc=2026-10-01T12:12:22.343+00:00 host_mono_ns=2615761534085200 value_stack:
host_utc=2026-10-01T12:12:22.343+00:00 host_mono_ns=2615761534095590   values:
host_utc=2026-10-01T12:12:22.343+00:00 host_mono_ns=2615761534105900   types:
host_utc=2026-10-01T12:12:22.343+00:00 host_mono_ns=2615761534116249   values:
host_utc=2026-10-01T12:12:22.343+00:00 host_mono_ns=2615761534126639 label stack:
host_utc=2026-10-01T12:12:22.343+00:00 host_mono_ns=2615761534136958   size: 1
host_utc=2026-10-01T12:12:22.343+00:00 host_mono_ns=2615761534147328 label stack:
host_utc=2026-10-01T12:12:22.343+00:00 host_mono_ns=2615761534157607   size: 1
host_utc=2026-10-01T12:12:22.344+00:00 host_mono_ns=2615761534168037     begins: 0
host_utc=2026-10-01T12:12:22.344+00:00 host_mono_ns=2615761534178507     begins: 0
host_utc=2026-10-01T12:12:22.344+00:00 host_mono_ns=2615761534188766     targets: 98
host_utc=2026-10-01T12:12:22.344+00:00 host_mono_ns=2615761534199196     targets: 142
host_utc=2026-10-01T12:12:22.344+00:00 host_mono_ns=2615761534209555     stack_pointers: 0
host_utc=2026-10-01T12:12:22.344+00:00 host_mono_ns=2615761534219995     stack_pointers: 0
host_utc=2026-10-01T12:12:22.344+00:00 host_mono_ns=2615761534230294     cell_nums: 0
host_utc=2026-10-01T12:12:22.344+00:00 host_mono_ns=2615761534240514     cell_nums: 1
host_utc=2026-10-01T12:12:22.344+00:00 host_mono_ns=2615761534250763 CallStackEntry: fidx=1294, offset=761
host_utc=2026-10-01T12:12:22.344+00:00 host_mono_ns=2615761534261273 pc:
host_utc=2026-10-01T12:12:22.344+00:00 host_mono_ns=2615761534271673 CallStackEntry: fidx=534, offset=155
host_utc=2026-10-01T12:12:22.344+00:00 host_mono_ns=2615761534282323     cell_nums: 1 0
host_utc=2026-10-01T12:12:22.344+00:00 host_mono_ns=2615761534292812   pc: (1294, 761)
host_utc=2026-10-01T12:12:22.344+00:00 host_mono_ns=2615761534303162     targets: 708 4294967295 4294967295
host_utc=2026-10-01T12:12:22.344+00:00 host_mono_ns=2615761534313802 pc:
host_utc=2026-10-01T12:12:22.344+00:00 host_mono_ns=2615761534324162 CallStackEntry: fidx=1375, offset=341
host_utc=2026-10-01T12:12:22.344+00:00 host_mono_ns=2615761534334722 pc:
host_utc=2026-10-01T12:12:22.344+00:00 host_mono_ns=2615761534345041     stack_pointers: 0 0 0
host_utc=2026-10-01T12:12:22.344+00:00 host_mono_ns=2615761534355451     cell_nums: 1 0 0
host_utc=2026-10-01T12:12:22.344+00:00 host_mono_ns=2615761534365850   pc: (1375, 341)
host_utc=2026-10-01T12:12:22.344+00:00 host_mono_ns=2615761534376080 CallStackEntry: fidx=3324, offset=6
host_utc=2026-10-01T12:12:22.344+00:00 host_mono_ns=2615761534386579 pc:
host_utc=2026-10-01T12:12:22.344+00:00 host_mono_ns=2615761534396939   pc: (3324, 6)
host_utc=2026-10-01T12:12:22.344+00:00 host_mono_ns=2615761534407459 locals:
host_utc=2026-10-01T12:12:22.344+00:00 host_mono_ns=2615761534417919   types: 1 1
host_utc=2026-10-01T12:12:22.344+00:00 host_mono_ns=2615761534428428   values: 67106660 1294048
host_utc=2026-10-01T12:12:22.344+00:00 host_mono_ns=2615761534438918 value_stack:
host_utc=2026-10-01T12:12:22.344+00:00 host_mono_ns=2615761534449358   types:
host_utc=2026-10-01T12:12:22.344+00:00 host_mono_ns=2615761534466260   values:
host_utc=2026-10-01T12:12:22.344+00:00 host_mono_ns=2615761534476870 label stack:
host_utc=2026-10-01T12:12:22.344+00:00 host_mono_ns=2615761534487239   size: 1
host_utc=2026-10-01T12:12:22.344+00:00 host_mono_ns=2615761534497609     begins: 0
host_utc=2026-10-01T12:12:22.344+00:00 host_mono_ns=2615761534508119     targets: 12
host_utc=2026-10-01T12:12:22.344+00:00 host_mono_ns=2615761534518458     stack_pointers: 0
host_utc=2026-10-01T12:12:22.344+00:00 host_mono_ns=2615761534528728     cell_nums: 1
host_utc=2026-10-01T12:12:22.344+00:00 host_mono_ns=2615761534539147 CallStackEntry: fidx=3322, offset=427
host_utc=2026-10-01T12:12:22.344+00:00 host_mono_ns=2615761534549667 pc:
host_utc=2026-10-01T12:12:22.344+00:00 host_mono_ns=2615761534559997 locals:
host_utc=2026-10-01T12:12:22.344+00:00 host_mono_ns=2615761534570386 locals:
host_utc=2026-10-01T12:12:22.344+00:00 host_mono_ns=2615761534580816   pc: (3322, 427)
host_utc=2026-10-01T12:12:22.344+00:00 host_mono_ns=2615761534591166 locals:
host_utc=2026-10-01T12:12:22.344+00:00 host_mono_ns=2615761534601575   types: 1 1 1 1 1 1 1 1 1
host_utc=2026-10-01T12:12:22.344+00:00 host_mono_ns=2615761534612095   values: 67106660 1294048 0 67106576 2 0 67106596 67106692 1
host_utc=2026-10-01T12:12:22.344+00:00 host_mono_ns=2615761534622765 value_stack:
host_utc=2026-10-01T12:12:22.344+00:00 host_mono_ns=2615761534633005   types: 1 1 1 1 1
host_utc=2026-10-01T12:12:22.344+00:00 host_mono_ns=2615761534643454   [2026-10-01 12:12:22.326] [info] locals: {count=37, size=37}
host_utc=2026-10-01T12:12:22.344+00:00 host_mono_ns=2615761534654054 
host_utc=2026-10-01T12:12:22.344+00:00 host_mono_ns=2615761534664654   types: 1 1 1 1 1 1 1 1 1 1 1 1 1 1 1 1 1 1 1 1 1 1 1 1 1 1 1 1 1 1 1 1 1 1 1 1 1 1 1 1 1 1 1 1 1 1 1 1 1 1 1 1 1 1 1 1 1 1 1 1 1 1 1 1 1 1 1 1 1 1 1 1 1 1 1 1 1 1 1 1 1 1 1 1 1 1 1 1 1 1 1 1 1 1 1 1 1 1 1 1 1 1 1 1 1 1 1 1 1 1 1 1 1 1 1 1 1 1 1 1 1 1 1 1 1 1 1 1 1 1 1 1 1 1 1 1 1 1 1 1 1 1 1 1 1 1 1 1 1 1 1 1 1 1 1 1 1 1 1 1 1 1 1 1 1 1 1 1 1 1 1 1 1 1 1 1 1 1 1 1 1 1 1 1 1 1 1 1 1 1 1 1 1 1 1 1 1 1
host_utc=2026-10-01T12:12:22.344+00:00 host_mono_ns=2615761534676657 [2026-10-01 12:12:22.326] [info] value_stack: {count=1, size=1}
host_utc=2026-10-01T12:12:22.344+00:00 host_mono_ns=2615761534687417 
host_utc=2026-10-01T12:12:22.344+00:00 host_mono_ns=2615761534697747 stack, 5753592
host_utc=2026-10-01T12:12:22.344+00:00 host_mono_ns=2615761534708117 2-thread attrs, 44424
host_utc=2026-10-01T12:12:22.344+00:00 host_mono_ns=2615761534718536 stack, 6095136
host_utc=2026-10-01T12:12:22.344+00:00 host_mono_ns=2615761534728806 stack, 6325842
host_utc=2026-10-01T12:12:22.344+00:00 host_mono_ns=2615761534739065 5-thread attrs, 48642
host_utc=2026-10-01T12:12:22.344+00:00 host_mono_ns=2615761534749424 9-thread attrs, 61736
host_utc=2026-10-01T12:12:22.344+00:00 host_mono_ns=2615761534759764 stack, 6191859
host_utc=2026-10-01T12:12:22.344+00:00 host_mono_ns=2615761534770124 stack, 6392107
host_utc=2026-10-01T12:12:22.344+00:00 host_mono_ns=2615761534780443 1-thread attrs, 54794
host_utc=2026-10-01T12:12:22.344+00:00 host_mono_ns=2615761534790773 8-thread attrs, 74531
host_utc=2026-10-01T12:12:22.344+00:00 host_mono_ns=2615761534801172 stack, 6418408
host_utc=2026-10-01T12:12:22.344+00:00 host_mono_ns=2615761534811391 10-thread attrs, 46308
host_utc=2026-10-01T12:12:22.344+00:00 host_mono_ns=2615761534821791 label stack:
host_utc=2026-10-01T12:12:22.344+00:00 host_mono_ns=2615761534832091   size: 2
host_utc=2026-10-01T12:12:22.344+00:00 host_mono_ns=2615761534842530 Stack:     begins: 0 56
host_utc=2026-10-01T12:12:22.344+00:00 host_mono_ns=2615761534852980     targets: 1233 4294967295
host_utc=2026-10-01T12:12:22.344+00:00 host_mono_ns=2615761534863400     stack_pointers: 0 0
host_utc=2026-10-01T12:12:22.344+00:00 host_mono_ns=2615761534873970 [   values: 1164944 40823360 224 40823136 0 1164944 1164944 14409908 65535 40824048 40824048 0 40824048 0 0 1 0 0 0 0 0 0 0 0 0 0 0 0 0 0 0 0 0 0 118 118 1000 0 118 1000 118 7121 8859 128 40823264 14409908 2743 144 40823280 11500 0 40823412 14409908 12 1972 0 0 14409908 12 0 12 0 0 1 0 0 16 14409908 12 40824048 65535 0 176 40823312 40823312 172 40823308 40823308 48 48 0 48 0 0 1 0 0 0 0 0 0 0 0 0 0 0 0 0 0 0 0 0 0 0 0 0 0 0 0 0 0 0 0 0 0 0 0 0 0 0 0 0 0 0 0 0 0 0 0 0 0 0 0 0 0 0 0 0 0 0 0 0 0 0 0 0 0 0 48 0 640 65535 48 638876 638876 0 638876 0 0 1 0 0 0 0 0 0 0 0 0 0 0 0 0 0 0 0 0 0 0 0 638876 638892 40824048 48 1164944 42 1164944 31284 1164944 638876 176 40823312 40823312 4 40823316 61980 65535 61980
host_utc=2026-10-01T12:12:22.344+00:00 host_mono_ns=2615761534897103     cell_nums: 1 0
host_utc=2026-10-01T12:12:22.344+00:00 host_mono_ns=2615761534907643 CallStackEntry: fidx=3320, offset=189
host_utc=2026-10-01T12:12:22.344+00:00 host_mono_ns=2615761534918203 pc:
host_utc=2026-10-01T12:12:22.344+00:00 host_mono_ns=2615761534928583   pc: (3320, 189)
host_utc=2026-10-01T12:12:22.344+00:00 host_mono_ns=2615761534938792   pc: (534, 155)
host_utc=2026-10-01T12:12:22.344+00:00 host_mono_ns=2615761534949152 value_stack:
host_utc=2026-10-01T12:12:22.344+00:00 host_mono_ns=2615761534959611 locals:
host_utc=2026-10-01T12:12:22.344+00:00 host_mono_ns=2615761534969891   types: 1 1 1 1 1 1 1
host_utc=2026-10-01T12:12:22.344+00:00 host_mono_ns=2615761534980310 locals:
host_utc=2026-10-01T12:12:22.344+00:00 host_mono_ns=2615761534990630   types: 1 1 1 1 1 1 2 1
host_utc=2026-10-01T12:12:22.344+00:00 host_mono_ns=2615761535007912   types: 1 1 1 1 1 1 1 1 1 1 1 1 1 1 1 1 1 1 1 1 1 1
host_utc=2026-10-01T12:12:22.344+00:00 host_mono_ns=2615761535021789   values: 12 12 12 12 12 12 12
host_utc=2026-10-01T12:12:22.344+00:00 host_mono_ns=2615761535032419   values: 67106596 2 67106576 0 1 67106560 18446744073709551615
host_utc=2026-10-01T12:12:22.344+00:00 host_mono_ns=2615761535043039   values: 53998964 53998972 60552528 16 60552512 53998972 53998816 53998964 0 14 1 0 53998816 1 0 0 0 0 14 14 0 0
host_utc=2026-10-01T12:12:22.344+00:00 host_mono_ns=2615761535054010 label stack:
host_utc=2026-10-01T12:12:22.344+00:00 host_mono_ns=2615761535064499 value_stack:
host_utc=2026-10-01T12:12:22.344+00:00 host_mono_ns=2615761535074759 value_stack:
host_utc=2026-10-01T12:12:22.344+00:00 host_mono_ns=2615761535085078   size: 2
host_utc=2026-10-01T12:12:22.344+00:00 host_mono_ns=2615761535095538   types:
host_utc=2026-10-01T12:12:22.344+00:00 host_mono_ns=2615761535106028 14   values:
host_utc=2026-10-01T12:12:22.344+00:00 host_mono_ns=2615761535116417 13 label stack:
host_utc=2026-10-01T12:12:22.344+00:00 host_mono_ns=2615761535126787 12   types: 1 1 1 1 1 1 1 1 1 1 1 1 1 1 1 1 1 1 1 1 1 1 1 1 1 1 1 1 1 1 1 1 1 1 1 1 1 1 1 1 1 1 1 1 1 1 1 1 1 1 1 1 1 1 1 1 1 1 1 1 1 1 1
host_utc=2026-10-01T12:12:22.344+00:00 host_mono_ns=2615761535137527     begins: 0 591
host_utc=2026-10-01T12:12:22.344+00:00 host_mono_ns=2615761535147837     targets: 2060 591
host_utc=2026-10-01T12:12:22.344+00:00 host_mono_ns=2615761535158246     stack_pointers: 0 0
host_utc=2026-10-01T12:12:22.345+00:00 host_mono_ns=2615761535168726     cell_nums: 0 0
host_utc=2026-10-01T12:12:22.345+00:00 host_mono_ns=2615761535178895 CallStackEntry: fidx=1243, offset=383
host_utc=2026-10-01T12:12:22.345+00:00 host_mono_ns=2615761535189395 pc:
host_utc=2026-10-01T12:12:22.345+00:00 host_mono_ns=2615761535199865   pc: (1243, 383)
host_utc=2026-10-01T12:12:22.345+00:00 host_mono_ns=2615761535210164 locals:
host_utc=2026-10-01T12:12:22.345+00:00 host_mono_ns=2615761535220574   values: 1000 14408544 112 14408432 0 80 14408512 14408512 0 32 14408464 14408464 0 80 14408512 14408512 1000 4294967295 1000 4294967295 0 1 0 0 0 0 0 0 0 0 0 0 1000 8 14408440 14408440 32 14408464 14408464 80 14408512 14408512 8 14408440 14408440 0 0 0 0 0 0 0 0 0 0 0 0 0 0 0 0 0 0
host_utc=2026-10-01T12:12:22.345+00:00 host_mono_ns=2615761535232116   types: 1 1
host_utc=2026-10-01T12:12:22.345+00:00 host_mono_ns=2615761535242525 11 10 9 8 value_stack:
host_utc=2026-10-01T12:12:22.345+00:00 host_mono_ns=2615761535252925   values: 0 0
host_utc=2026-10-01T12:12:22.345+00:00 host_mono_ns=2615761535263395   types: 1 1 1 1 1 1 1 1 1 1 1 1 1 1 1 1 1 1 1 1 1 1 1 1 1 1 1 1 1 1 1 1 1 1 1 1 1 1 1 1 1 1 1 1 1 1 1 1 1 1 1 1 1 1 1 1 1 1 1 1 1 1 1 1 1 1 1 1 1 1 1 1 1 1 1 1 1
host_utc=2026-10-01T12:12:22.345+00:00 host_mono_ns=2615761535281329 label stack:
host_utc=2026-10-01T12:12:22.345+00:00 host_mono_ns=2615761535291889   size: 2
host_utc=2026-10-01T12:12:22.345+00:00 host_mono_ns=2615761535302398     begins: 0 19
host_utc=2026-10-01T12:12:22.345+00:00 host_mono_ns=2615761535312928   size: 1
host_utc=2026-10-01T12:12:22.345+00:00 host_mono_ns=2615761535323298     targets: 234 4294967295
host_utc=2026-10-01T12:12:22.345+00:00 host_mono_ns=2615761535333758     begins: 0
host_utc=2026-10-01T12:12:22.345+00:00 host_mono_ns=2615761535344147     stack_pointers: 0 0
host_utc=2026-10-01T12:12:22.345+00:00 host_mono_ns=2615761535354597     cell_nums: 1 0
host_utc=2026-10-01T12:12:22.345+00:00 host_mono_ns=2615761535364916     targets: 182
host_utc=2026-10-01T12:12:22.345+00:00 host_mono_ns=2615761535375206 CallStackEntry: fidx=3314, offset=24
host_utc=2026-10-01T12:12:22.345+00:00 host_mono_ns=2615761535385716 pc:
host_utc=2026-10-01T12:12:22.345+00:00 host_mono_ns=2615761535395995   pc: (3314, 24)
host_utc=2026-10-01T12:12:22.345+00:00 host_mono_ns=2615761535406304     stack_pointers: 0
host_utc=2026-10-01T12:12:22.345+00:00 host_mono_ns=2615761535416714     cell_nums: 0
host_utc=2026-10-01T12:12:22.345+00:00 host_mono_ns=2615761535427024 CallStackEntry: fidx=205, offset=152
host_utc=2026-10-01T12:12:22.345+00:00 host_mono_ns=2615761535437473   [2026-10-01 12:12:22.326] [info] Success to dump frame stack
host_utc=2026-10-01T12:12:22.345+00:00 host_mono_ns=2615761535448184 
host_utc=2026-10-01T12:12:22.345+00:00 host_mono_ns=2615761535458493 pc:
host_utc=2026-10-01T12:12:22.345+00:00 host_mono_ns=2615761535468883 locals:
host_utc=2026-10-01T12:12:22.345+00:00 host_mono_ns=2615761535479172   pc: (205, 152)
host_utc=2026-10-01T12:12:22.345+00:00 host_mono_ns=2615761535489461   types: 1 1 1 2 1
host_utc=2026-10-01T12:12:22.345+00:00 host_mono_ns=2615761535499821 7 6 5 4 3 2 1 0 ]
host_utc=2026-10-01T12:12:22.345+00:00 host_mono_ns=2615761535510150 Stack: [ 1 1 1 1 1 1 1 1 1 1 1   values: 67106596 128 2 18446744073709551615
host_utc=2026-10-01T12:12:22.345+00:00 host_mono_ns=2615761535520841 locals:
host_utc=2026-10-01T12:12:22.345+00:00 host_mono_ns=2615761535531110 1 1 value_stack:
host_utc=2026-10-01T12:12:22.345+00:00 host_mono_ns=2615761535541399 1   types: 1 1 1 1 1 2
host_utc=2026-10-01T12:12:22.345+00:00 host_mono_ns=2615761535551829 1 ]
host_utc=2026-10-01T12:12:22.345+00:00 host_mono_ns=2615761535562129   values: 4294967290 4294967223 0 67106596 2 18446744073709551615
host_utc=2026-10-01T12:12:22.345+00:00 host_mono_ns=2615761535572709 label stack:
host_utc=2026-10-01T12:12:22.345+00:00 host_mono_ns=2615761535582988   size: 2
host_utc=2026-10-01T12:12:22.345+00:00 host_mono_ns=2615761535593267     begins: 0 6
host_utc=2026-10-01T12:12:22.345+00:00 host_mono_ns=2615761535603677   types: 1 1 1 1 1 1 1 1 1 1 1 1 1 1 1 1 1 1 1 1 1 1 1 1 1 1 1 1 1 1 1 1 1 1 1 1 1 1 1 1 1 1 1 1 1 1 1 1 1 1 1 1 1 1 1 1 1 1 1 1 1 1
host_utc=2026-10-01T12:12:22.345+00:00 host_mono_ns=2615761535614538 value_stack:
host_utc=2026-10-01T12:12:22.345+00:00 host_mono_ns=2615761535624917 [2026-10-01 12:12:22.326] [info] stack_count=15, stack_size=15
host_utc=2026-10-01T12:12:22.345+00:00 host_mono_ns=2615761535635417 
host_utc=2026-10-01T12:12:22.345+00:00 host_mono_ns=2615761535645797 [2026-10-01 12:12:22.326] [info] local_count=15, local_size=15
host_utc=2026-10-01T12:12:22.345+00:00 host_mono_ns=2615761535656346 
host_utc=2026-10-01T12:12:22.345+00:00 host_mono_ns=2615761535666516     targets: 47 4294967295
host_utc=2026-10-01T12:12:22.345+00:00 host_mono_ns=2615761535677025   values: 53998816 60552512 80 60552432 53998816 64 60552496 60552496 8 53998824 56 60552488 60552488 32 53998848 53998816 56 60552488 60552488 0 1 0 0 0 0 0 80 53998896 64 60552496 60552496 0 0 56 60552488 0 4 60552436 60552436 64 60552496 60552496 80216144 80216144 4 80216148 4 60552436 60552436 1 4 60552436 60552436 4 60552436 60552436 0 64 60552496 0 0 0
host_utc=2026-10-01T12:12:22.345+00:00 host_mono_ns=2615761535694528 [2026-10-01 12:12:22.326] [info] locals: {count=15, size=15}
host_utc=2026-10-01T12:12:22.345+00:00 host_mono_ns=2615761535705329 
host_utc=2026-10-01T12:12:22.345+00:00 host_mono_ns=2615761535715648   types:
host_utc=2026-10-01T12:12:22.345+00:00 host_mono_ns=2615761535725968   values:
host_utc=2026-10-01T12:12:22.345+00:00 host_mono_ns=2615761535736347 label stack:
host_utc=2026-10-01T12:12:22.345+00:00 host_mono_ns=2615761535746617   size: 2
host_utc=2026-10-01T12:12:22.345+00:00 host_mono_ns=2615761535756896     begins: 0 140
host_utc=2026-10-01T12:12:22.345+00:00 host_mono_ns=2615761535767226 [2026-10-01 12:12:22.326] [info] value_stack: {count=0, size=0}
host_utc=2026-10-01T12:12:22.345+00:00 host_mono_ns=2615761535777796 
host_utc=2026-10-01T12:12:22.345+00:00 host_mono_ns=2615761535788165 value_stack:
host_utc=2026-10-01T12:12:22.345+00:00 host_mono_ns=2615761535798324   types: 1 1
host_utc=2026-10-01T12:12:22.345+00:00 host_mono_ns=2615761535808694 Stack: [ 13   values: 53998848 53998848
host_utc=2026-10-01T12:12:22.345+00:00 host_mono_ns=2615761535819244 label stack:
host_utc=2026-10-01T12:12:22.345+00:00 host_mono_ns=2615761535829543 12 11   size: 2
host_utc=2026-10-01T12:12:22.345+00:00 host_mono_ns=2615761535839873 10     stack_pointers: 0 0
host_utc=2026-10-01T12:12:22.345+00:00 host_mono_ns=2615761535850122 9 8     targets: 675 4294967295
host_utc=2026-10-01T12:12:22.345+00:00 host_mono_ns=2615761535860482     cell_nums: 1 0
host_utc=2026-10-01T12:12:22.345+00:00 host_mono_ns=2615761535870671     stack_pointers: 0 0
host_utc=2026-10-01T12:12:22.345+00:00 host_mono_ns=2615761535881010     cell_nums: 1 0
host_utc=2026-10-01T12:12:22.345+00:00 host_mono_ns=2615761535891280 CallStackEntry: fidx=1244, offset=136
host_utc=2026-10-01T12:12:22.345+00:00 host_mono_ns=2615761535901689 pc:
host_utc=2026-10-01T12:12:22.345+00:00 host_mono_ns=2615761535912009   pc: (1244, 136)
host_utc=2026-10-01T12:12:22.345+00:00 host_mono_ns=2615761535922419 locals:
host_utc=2026-10-01T12:12:22.345+00:00 host_mono_ns=2615761535932688   types: 1 1 1 1 1 1 1 1 1 1 1 1 1 1 1 1 1 1 1 1 1 1
host_utc=2026-10-01T12:12:22.345+00:00 host_mono_ns=2615761535943318 [06:36:01:849 - 75AAA9E1F640]: 7   values: 12 40823100 1 0 40823072 40823096 40823056 32 40823024 12 40823100 1 0 65535 0 40823072 40823096 0 0 0 0 0
host_utc=2026-10-01T12:12:22.345+00:00 host_mono_ns=2615761535954249 6 5 4 value_stack:
host_utc=2026-10-01T12:12:22.345+00:00 host_mono_ns=2615761535964618   types: 1
host_utc=2026-10-01T12:12:22.345+00:00 host_mono_ns=2615761535975098   values: 27
host_utc=2026-10-01T12:12:22.345+00:00 host_mono_ns=2615761535985458 3 2 label stack:
host_utc=2026-10-01T12:12:22.345+00:00 host_mono_ns=2615761535995857   size: 1
host_utc=2026-10-01T12:12:22.345+00:00 host_mono_ns=2615761536011116     begins: 0
host_utc=2026-10-01T12:12:22.345+00:00 host_mono_ns=2615761536024922     begins: 0 44
host_utc=2026-10-01T12:12:22.345+00:00 host_mono_ns=2615761536035332     targets: 179
host_utc=2026-10-01T12:12:22.345+00:00 host_mono_ns=2615761536045591     targets: 550 44
host_utc=2026-10-01T12:12:22.345+00:00 host_mono_ns=2615761536055991 1 0     stack_pointers: 0 0
host_utc=2026-10-01T12:12:22.345+00:00 host_mono_ns=2615761536066410     cell_nums: 0 0
host_utc=2026-10-01T12:12:22.345+00:00 host_mono_ns=2615761536076770 CallStackEntry: fidx=478, offset=122
host_utc=2026-10-01T12:12:22.345+00:00 host_mono_ns=2615761536087330 ]
host_utc=2026-10-01T12:12:22.345+00:00 host_mono_ns=2615761536097689 Stack: [ 1 1     stack_pointers: 0
host_utc=2026-10-01T12:12:22.345+00:00 host_mono_ns=2615761536108290 1 pc:
host_utc=2026-10-01T12:12:22.345+00:00 host_mono_ns=2615761536118719     cell_nums: 1
host_utc=2026-10-01T12:12:22.345+00:00 host_mono_ns=2615761536128979 1 1 1   pc: (478, 122)
host_utc=2026-10-01T12:12:22.345+00:00 host_mono_ns=2615761536139478 locals:
host_utc=2026-10-01T12:12:22.345+00:00 host_mono_ns=2615761536149928 1 1 1 1   types: 1 1 1 1 1 1 1 1 1 1 1 1 1 1 1 1 1 1
host_utc=2026-10-01T12:12:22.345+00:00 host_mono_ns=2615761536166710 1   types: 1 1 1
host_utc=2026-10-01T12:12:22.346+00:00 host_mono_ns=2615761536177200 1 1 1 ]
host_utc=2026-10-01T12:12:22.346+00:00 host_mono_ns=2615761536187609 Success to dump img for wamr
host_utc=2026-10-01T12:12:22.346+00:00 host_mono_ns=2615761536198199   values: 53998848 60552488 53998816 60552432 16 60552416 53998848 12 60552428 60552428 0 4294967295 4294967295 1 1 60552488 0 0
host_utc=2026-10-01T12:12:22.346+00:00 host_mono_ns=2615761536208960 [2026-10-01 12:12:22.326] [info] stack_count=14, stack_size=14
host_utc=2026-10-01T12:12:22.346+00:00 host_mono_ns=2615761536219489 
host_utc=2026-10-01T12:12:22.346+00:00 host_mono_ns=2615761536229799 value_stack:
host_utc=2026-10-01T12:12:22.346+00:00 host_mono_ns=2615761536240209   values: 14408464 14408464 14408464
host_utc=2026-10-01T12:12:22.346+00:00 host_mono_ns=2615761536250849 label stack:
host_utc=2026-10-01T12:12:22.346+00:00 host_mono_ns=2615761536261248   size: 2
host_utc=2026-10-01T12:12:22.346+00:00 host_mono_ns=2615761536271758 [2026-10-01 12:12:22.326] [info] local_count=14, local_size=14
host_utc=2026-10-01T12:12:22.346+00:00 host_mono_ns=2615761536282138 
host_utc=2026-10-01T12:12:22.346+00:00 host_mono_ns=2615761536292287 
host_utc=2026-10-01T12:12:22.346+00:00 host_mono_ns=2615761536302576 do_checkpoint_4
host_utc=2026-10-01T12:12:22.346+00:00 host_mono_ns=2615761536313066 wasm_cluster_increase_checkpointing_counter called 1
host_utc=2026-10-01T12:12:22.346+00:00 host_mono_ns=2615761536323686 wasm_cluster_increase_checkpointing_counter called 2
host_utc=2026-10-01T12:12:22.346+00:00 host_mono_ns=2615761536334386 wasm_cluster_increase_checkpointing_counter called 3
host_utc=2026-10-01T12:12:22.346+00:00 host_mono_ns=2615761536345137 [2026-10-01 12:12:22.326] [info] locals: {count=14, size=14}
host_utc=2026-10-01T12:12:22.346+00:00 host_mono_ns=2615761536355757 
host_utc=2026-10-01T12:12:22.346+00:00 host_mono_ns=2615761536366116 [2026-10-01 12:12:22.326] [info] value_stack: {count=0, size=0}
host_utc=2026-10-01T12:12:22.346+00:00 host_mono_ns=2615761536376646 
host_utc=2026-10-01T12:12:22.346+00:00 host_mono_ns=2615761536386825 Stack: [ 7 6 5 4 3 2 1 0 ]
host_utc=2026-10-01T12:12:22.346+00:00 host_mono_ns=2615761536397185 Stack: [ 1 1 1 1 1 1 1 1 ]
host_utc=2026-10-01T12:12:22.346+00:00 host_mono_ns=2615761536407575 [2026-10-01 12:12:22.326] [info] stack_count=8, stack_size=8
host_utc=2026-10-01T12:12:22.346+00:00 host_mono_ns=2615761536418114 
host_utc=2026-10-01T12:12:22.346+00:00 host_mono_ns=2615761536428364 [2026-10-01 12:12:22.326] [info] local_count=8, local_size=8
host_utc=2026-10-01T12:12:22.346+00:00 host_mono_ns=2615761536438874 
host_utc=2026-10-01T12:12:22.346+00:00 host_mono_ns=2615761536471405     begins: 0 171
host_utc=2026-10-01T12:12:22.346+00:00 host_mono_ns=2615761536482466     targets: 489 4294967295
host_utc=2026-10-01T12:12:22.346+00:00 host_mono_ns=2615761536493046     stack_pointers: 0 0
host_utc=2026-10-01T12:12:22.346+00:00 host_mono_ns=2615761536503486     cell_nums: 1 0
host_utc=2026-10-01T12:12:22.346+00:00 host_mono_ns=2615761536513855 CallStackEntry: fidx=3322, offset=427
host_utc=2026-10-01T12:12:22.346+00:00 host_mono_ns=2615761536524305 pc:
host_utc=2026-10-01T12:12:22.346+00:00 host_mono_ns=2615761536534835   [2026-10-01 12:12:22.326] [info] locals: {count=8, size=8}
host_utc=2026-10-01T12:12:22.346+00:00 host_mono_ns=2615761536545365 
host_utc=2026-10-01T12:12:22.346+00:00 host_mono_ns=2615761536555484 types:
host_utc=2026-10-01T12:12:22.346+00:00 host_mono_ns=2615761536565843   pc: (3322, 427)
host_utc=2026-10-01T12:12:22.346+00:00 host_mono_ns=2615761536576343 locals:
host_utc=2026-10-01T12:12:22.346+00:00 host_mono_ns=2615761536586753 [2026-10-01 12:12:22.326] [info] value_stack: {count=0, size=0}
host_utc=2026-10-01T12:12:22.346+00:00 host_mono_ns=2615761536597323 
host_utc=2026-10-01T12:12:22.346+00:00 host_mono_ns=2615761536607742 Stack: [ 1 0 ]
host_utc=2026-10-01T12:12:22.346+00:00 host_mono_ns=2615761536618102 Stack: [ 1 1 ]
host_utc=2026-10-01T12:12:22.346+00:00 host_mono_ns=2615761536634944 [2026-10-01 12:12:22.326] [info] stack_count=2, stack_size=2
host_utc=2026-10-01T12:12:22.346+00:00 host_mono_ns=2615761536645644 
host_utc=2026-10-01T12:12:22.346+00:00 host_mono_ns=2615761536655883   values:
host_utc=2026-10-01T12:12:22.346+00:00 host_mono_ns=2615761536666273 label stack:
host_utc=2026-10-01T12:12:22.346+00:00 host_mono_ns=2615761536676643   size: 3
host_utc=2026-10-01T12:12:22.346+00:00 host_mono_ns=2615761536687152 [2026-10-01 12:12:22.326] [info] local_count=2, local_size=2
host_utc=2026-10-01T12:12:22.346+00:00 host_mono_ns=2615761536697532 
host_utc=2026-10-01T12:12:22.346+00:00 host_mono_ns=2615761536707631   types: 1 1 1 1 1 1 1 1 1
host_utc=2026-10-01T12:12:22.346+00:00 host_mono_ns=2615761536718141   values: 14408464 14408512 14408440 14408400 2 0 14408420 14408496 1
host_utc=2026-10-01T12:12:22.346+00:00 host_mono_ns=2615761536728831 value_stack:
host_utc=2026-10-01T12:12:22.346+00:00 host_mono_ns=2615761536739191   types: 1 1 1 1 1
host_utc=2026-10-01T12:12:22.346+00:00 host_mono_ns=2615761536749680   values: 14408420 14408420 14408420 14408420 14408420
host_utc=2026-10-01T12:12:22.346+00:00 host_mono_ns=2615761536760250 label stack:
host_utc=2026-10-01T12:12:22.346+00:00 host_mono_ns=2615761536770650   size: 2
host_utc=2026-10-01T12:12:22.346+00:00 host_mono_ns=2615761536781010     begins: 0 56
host_utc=2026-10-01T12:12:22.346+00:00 host_mono_ns=2615761536791349     begins: 0 57 59
host_utc=2026-10-01T12:12:22.346+00:00 host_mono_ns=2615761536801809     targets: 1233 1219
host_utc=2026-10-01T12:12:22.346+00:00 host_mono_ns=2615761536812128     stack_pointers: 0 0
host_utc=2026-10-01T12:12:22.346+00:00 host_mono_ns=2615761536822518     cell_nums: 1 0
host_utc=2026-10-01T12:12:22.346+00:00 host_mono_ns=2615761536832898 CallStackEntry: fidx=3320, offset=189
host_utc=2026-10-01T12:12:22.346+00:00 host_mono_ns=2615761536843417 pc:
host_utc=2026-10-01T12:12:22.346+00:00 host_mono_ns=2615761536853777     targets: 152 4294967295 59
host_utc=2026-10-01T12:12:22.346+00:00 host_mono_ns=2615761536864157   pc: (3320, 189)
host_utc=2026-10-01T12:12:22.346+00:00 host_mono_ns=2615761536874496     stack_pointers: 0 0 0
host_utc=2026-10-01T12:12:22.346+00:00 host_mono_ns=2615761536884936 [2026-10-01 12:12:22.326] [info] locals: {count=2, size=2}
host_utc=2026-10-01T12:12:22.346+00:00 host_mono_ns=2615761536895486 
host_utc=2026-10-01T12:12:22.346+00:00 host_mono_ns=2615761536905805     cell_nums: 0 0 0
host_utc=2026-10-01T12:12:22.346+00:00 host_mono_ns=2615761536916155 locals:
host_utc=2026-10-01T12:12:22.346+00:00 host_mono_ns=2615761536926454   types: 1 1 1 1 1 1 2 1
host_utc=2026-10-01T12:12:22.346+00:00 host_mono_ns=2615761536936884   values: 14408420 2 14408400 999992546 1 14408384 4294935281313775616
host_utc=2026-10-01T12:12:22.346+00:00 host_mono_ns=2615761536947554 value_stack:
host_utc=2026-10-01T12:12:22.346+00:00 host_mono_ns=2615761536957974   types: 1 1
host_utc=2026-10-01T12:12:22.346+00:00 host_mono_ns=2615761536968273   values: 0 0
host_utc=2026-10-01T12:12:22.346+00:00 host_mono_ns=2615761536978713 label stack:
host_utc=2026-10-01T12:12:22.346+00:00 host_mono_ns=2615761536989153   size: 2
host_utc=2026-10-01T12:12:22.346+00:00 host_mono_ns=2615761536999482     begins: 0 19
host_utc=2026-10-01T12:12:22.346+00:00 host_mono_ns=2615761537020081     targets: 234 4294967295
host_utc=2026-10-01T12:12:22.346+00:00 host_mono_ns=2615761537030761 CallStackEntry: fidx=1389, offset=137
host_utc=2026-10-01T12:12:22.346+00:00 host_mono_ns=2615761537041291 pc:
host_utc=2026-10-01T12:12:22.346+00:00 host_mono_ns=2615761537051651   pc: (1389, 137)
host_utc=2026-10-01T12:12:22.346+00:00 host_mono_ns=2615761537062080 locals:
host_utc=2026-10-01T12:12:22.346+00:00 host_mono_ns=2615761537072550   types: 1 1 1 1 1 1 1 1 1 1 1 1 1 1 1 1 1 1 1 1 1
host_utc=2026-10-01T12:12:22.346+00:00 host_mono_ns=2615761537083360   values: 53998848 60552488 60552416 16 60552400 53998848 60552488 1 1 1 0 0 60552488 53998824 53998824 0 0 0 0 0 0
host_utc=2026-10-01T12:12:22.346+00:00 host_mono_ns=2615761537101314 value_stack:
host_utc=2026-10-01T12:12:22.346+00:00 host_mono_ns=2615761537111804   types:
host_utc=2026-10-01T12:12:22.346+00:00 host_mono_ns=2615761537122254   values:
host_utc=2026-10-01T12:12:22.346+00:00 host_mono_ns=2615761537132583 label stack:
host_utc=2026-10-01T12:12:22.346+00:00 host_mono_ns=2615761537142953   size: 1
host_utc=2026-10-01T12:12:22.346+00:00 host_mono_ns=2615761537153272     begins: 0
host_utc=2026-10-01T12:12:22.346+00:00 host_mono_ns=2615761537163812     targets: 213
host_utc=2026-10-01T12:12:22.347+00:00 host_mono_ns=2615761537174102     stack_pointers: 0
host_utc=2026-10-01T12:12:22.347+00:00 host_mono_ns=2615761537184541     cell_nums: 0
host_utc=2026-10-01T12:12:22.347+00:00 host_mono_ns=2615761537194871 CallStackEntry: fidx=1393, offset=59
host_utc=2026-10-01T12:12:22.347+00:00 host_mono_ns=2615761537205461 pc:
host_utc=2026-10-01T12:12:22.347+00:00 host_mono_ns=2615761537215911   pc: (1393, 59)
host_utc=2026-10-01T12:12:22.347+00:00 host_mono_ns=2615761537226300 call_stack size: 13
host_utc=2026-10-01T12:12:22.347+00:00 host_mono_ns=2615761537236890 locals:
host_utc=2026-10-01T12:12:22.347+00:00 host_mono_ns=2615761537247260 CallStackEntry: fidx=3354, offset=26
host_utc=2026-10-01T12:12:22.347+00:00 host_mono_ns=2615761537257720   types: 1 1 1 1 1 1 1 1 1 1
host_utc=2026-10-01T12:12:22.347+00:00 host_mono_ns=2615761537268169     stack_pointers: 0 0
host_utc=2026-10-01T12:12:22.347+00:00 host_mono_ns=2615761537278659   values: 53998848 53998824 60552400 16 60552384 53998848 53998824 0 0 0
host_utc=2026-10-01T12:12:22.347+00:00 host_mono_ns=2615761537289279 value_stack:
host_utc=2026-10-01T12:12:22.347+00:00 host_mono_ns=2615761537299779   types:
host_utc=2026-10-01T12:12:22.347+00:00 host_mono_ns=2615761537310149 pc:
host_utc=2026-10-01T12:12:22.347+00:00 host_mono_ns=2615761537320488     cell_nums: 1 0
host_utc=2026-10-01T12:12:22.347+00:00 host_mono_ns=2615761537330878 CallStackEntry: fidx=3314, offset=24
host_utc=2026-10-01T12:12:22.347+00:00 host_mono_ns=2615761537341317   pc: (3354, 26)
host_utc=2026-10-01T12:12:22.347+00:00 host_mono_ns=2615761537351727 pc:
host_utc=2026-10-01T12:12:22.347+00:00 host_mono_ns=2615761537362137   pc: (3314, 24)
host_utc=2026-10-01T12:12:22.347+00:00 host_mono_ns=2615761537372466 locals:
host_utc=2026-10-01T12:12:22.347+00:00 host_mono_ns=2615761537382806 locals:
host_utc=2026-10-01T12:12:22.347+00:00 host_mono_ns=2615761537393195   types: 1 1
host_utc=2026-10-01T12:12:22.347+00:00 host_mono_ns=2615761537403655   values:
host_utc=2026-10-01T12:12:22.347+00:00 host_mono_ns=2615761537414285   types: 1 1 1 2 1
host_utc=2026-10-01T12:12:22.347+00:00 host_mono_ns=2615761537424635 label stack:
host_utc=2026-10-01T12:12:22.347+00:00 host_mono_ns=2615761537434954   size: 1
host_utc=2026-10-01T12:12:22.347+00:00 host_mono_ns=2615761537445264   values: 10 73661116
host_utc=2026-10-01T12:12:22.347+00:00 host_mono_ns=2615761537455613     begins: 0
host_utc=2026-10-01T12:12:22.347+00:00 host_mono_ns=2615761537465963 value_stack:
host_utc=2026-10-01T12:12:22.347+00:00 host_mono_ns=2615761537476252   types:
host_utc=2026-10-01T12:12:22.347+00:00 host_mono_ns=2615761537486642   values: 14408420 128 2 4294935281313775616
host_utc=2026-10-01T12:12:22.347+00:00 host_mono_ns=2615761537497202     targets: 89
host_utc=2026-10-01T12:12:22.347+00:00 host_mono_ns=2615761537507912 [2026-10-01 12:12:22.326] [info] Success to dump frame stack
host_utc=2026-10-01T12:12:22.347+00:00 host_mono_ns=2615761537518853 
host_utc=2026-10-01T12:12:22.347+00:00 host_mono_ns=2615761537529152   values:
host_utc=2026-10-01T12:12:22.347+00:00 host_mono_ns=2615761537539682 label stack:
host_utc=2026-10-01T12:12:22.347+00:00 host_mono_ns=2615761537550051   size: 1
host_utc=2026-10-01T12:12:22.347+00:00 host_mono_ns=2615761537560301     begins: 0
host_utc=2026-10-01T12:12:22.347+00:00 host_mono_ns=2615761537570700     targets: 57
host_utc=2026-10-01T12:12:22.347+00:00 host_mono_ns=2615761537581160     stack_pointers: 0
host_utc=2026-10-01T12:12:22.347+00:00 host_mono_ns=2615761537598703     cell_nums: 0
host_utc=2026-10-01T12:12:22.347+00:00 host_mono_ns=2615761537609183 CallStackEntry: fidx=3328, offset=31
host_utc=2026-10-01T12:12:22.347+00:00 host_mono_ns=2615761537619723 pc:
host_utc=2026-10-01T12:12:22.347+00:00 host_mono_ns=2615761537630163   pc: (3328, 31)
host_utc=2026-10-01T12:12:22.347+00:00 host_mono_ns=2615761537640612 locals:
host_utc=2026-10-01T12:12:22.347+00:00 host_mono_ns=2615761537651162 [2026-10-01 12:12:22.326] [info] Success to dump frame stack
host_utc=2026-10-01T12:12:22.347+00:00 host_mono_ns=2615761537661923 
host_utc=2026-10-01T12:12:22.347+00:00 host_mono_ns=2615761537672222 value_stack:
host_utc=2026-10-01T12:12:22.347+00:00 host_mono_ns=2615761537682582   types: 1 1 1 1 1 2
host_utc=2026-10-01T12:12:22.347+00:00 host_mono_ns=2615761537693011   values: 4294967290 4294967223 0 14408420 2 4294935281313775616
host_utc=2026-10-01T12:12:22.347+00:00 host_mono_ns=2615761537703511 label stack:
host_utc=2026-10-01T12:12:22.347+00:00 host_mono_ns=2615761537713831   size: 2
host_utc=2026-10-01T12:12:22.347+00:00 host_mono_ns=2615761537724230     begins: 0 6
host_utc=2026-10-01T12:12:22.347+00:00 host_mono_ns=2615761537734680     targets: 47 4294967295
host_utc=2026-10-01T12:12:22.347+00:00 host_mono_ns=2615761537744979     stack_pointers: 0 0
host_utc=2026-10-01T12:12:22.347+00:00 host_mono_ns=2615761537755269     cell_nums: 1 0
host_utc=2026-10-01T12:12:22.347+00:00 host_mono_ns=2615761537765518   types: 1 1 1 1 1 1 1 1
host_utc=2026-10-01T12:12:22.347+00:00 host_mono_ns=2615761537775848   values: 10 73661116 73661140 0 0 0 0 0
host_utc=2026-10-01T12:12:22.347+00:00 host_mono_ns=2615761537786378 value_stack:
host_utc=2026-10-01T12:12:22.347+00:00 host_mono_ns=2615761537796697   types:
host_utc=2026-10-01T12:12:22.347+00:00 host_mono_ns=2615761537807107   values:
host_utc=2026-10-01T12:12:22.347+00:00 host_mono_ns=2615761537817476 label stack:
host_utc=2026-10-01T12:12:22.347+00:00 host_mono_ns=2615761537827786   size: 1
host_utc=2026-10-01T12:12:22.347+00:00 host_mono_ns=2615761537838135     begins: 0
host_utc=2026-10-01T12:12:22.347+00:00 host_mono_ns=2615761537848555     targets: 622
host_utc=2026-10-01T12:12:22.347+00:00 host_mono_ns=2615761537858965     stack_pointers: 0
host_utc=2026-10-01T12:12:22.347+00:00 host_mono_ns=2615761537869314     cell_nums: 0
host_utc=2026-10-01T12:12:22.347+00:00 host_mono_ns=2615761537879674 CallStackEntry: fidx=1362, offset=109
host_utc=2026-10-01T12:12:22.347+00:00 host_mono_ns=2615761537890244 pc:
host_utc=2026-10-01T12:12:22.347+00:00 host_mono_ns=2615761537900523   pc: (1362, 109)
host_utc=2026-10-01T12:12:22.347+00:00 host_mono_ns=2615761537911013 locals:
host_utc=2026-10-01T12:12:22.347+00:00 host_mono_ns=2615761537921483   types: 1 1 1 1 1 1 1 1 1 1 1 1 1 1
host_utc=2026-10-01T12:12:22.347+00:00 host_mono_ns=2615761537932013   values: 67107504 73661104 16 73661088 67107504 37 67107504 31284 67107504 37 31284 0 0 0
host_utc=2026-10-01T12:12:22.347+00:00 host_mono_ns=2615761537942773 value_stack:
host_utc=2026-10-01T12:12:22.347+00:00 host_mono_ns=2615761537953142   types:
host_utc=2026-10-01T12:12:22.347+00:00 host_mono_ns=2615761537963542   values:
host_utc=2026-10-01T12:12:22.347+00:00 host_mono_ns=2615761537974383     stack_pointers: 0
host_utc=2026-10-01T12:12:22.347+00:00 host_mono_ns=2615761537985203 [06:36:01:091 - 75AAA9D44640]: Success to dump img for wamr
host_utc=2026-10-01T12:12:22.347+00:00 host_mono_ns=2615761537995873 
host_utc=2026-10-01T12:12:22.347+00:00 host_mono_ns=2615761538012354 do_checkpoint_4
host_utc=2026-10-01T12:12:22.347+00:00 host_mono_ns=2615761538026040 wasm_cluster_increase_checkpointing_counter called 1
host_utc=2026-10-01T12:12:22.347+00:00 host_mono_ns=2615761538036750 wasm_cluster_increase_checkpointing_counter called 2
host_utc=2026-10-01T12:12:22.347+00:00 host_mono_ns=2615761538047441 wasm_cluster_increase_checkpointing_counter called 3
host_utc=2026-10-01T12:12:22.347+00:00 host_mono_ns=2615761538058061     cell_nums: 1
host_utc=2026-10-01T12:12:22.347+00:00 host_mono_ns=2615761538074782 CallStackEntry: fidx=3324, offset=6
host_utc=2026-10-01T12:12:22.347+00:00 host_mono_ns=2615761538085663 pc:
host_utc=2026-10-01T12:12:22.347+00:00 host_mono_ns=2615761538096062   pc: (3324, 6)
host_utc=2026-10-01T12:12:22.347+00:00 host_mono_ns=2615761538106662 locals:
host_utc=2026-10-01T12:12:22.347+00:00 host_mono_ns=2615761538117052   types: 1 1
host_utc=2026-10-01T12:12:22.347+00:00 host_mono_ns=2615761538127552   values: 53998848 53998824
host_utc=2026-10-01T12:12:22.347+00:00 host_mono_ns=2615761538138132 value_stack:
host_utc=2026-10-01T12:12:22.347+00:00 host_mono_ns=2615761538148561   types:
host_utc=2026-10-01T12:12:22.347+00:00 host_mono_ns=2615761538158951   values:
host_utc=2026-10-01T12:12:22.348+00:00 host_mono_ns=2615761538169261 label stack:
host_utc=2026-10-01T12:12:22.348+00:00 host_mono_ns=2615761538179680   size: 1
host_utc=2026-10-01T12:12:22.348+00:00 host_mono_ns=2615761538190050     begins: 0
host_utc=2026-10-01T12:12:22.348+00:00 host_mono_ns=2615761538200369 label stack:
host_utc=2026-10-01T12:12:22.348+00:00 host_mono_ns=2615761538210659     targets: 12
host_utc=2026-10-01T12:12:22.348+00:00 host_mono_ns=2615761538220988     stack_pointers: 0
host_utc=2026-10-01T12:12:22.348+00:00 host_mono_ns=2615761538231398   size: 1
host_utc=2026-10-01T12:12:22.348+00:00 host_mono_ns=2615761538241918     begins: 0
host_utc=2026-10-01T12:12:22.348+00:00 host_mono_ns=2615761538252407     cell_nums: 1
host_utc=2026-10-01T12:12:22.348+00:00 host_mono_ns=2615761538262737     targets: 142
host_utc=2026-10-01T12:12:22.348+00:00 host_mono_ns=2615761538273066 CallStackEntry: fidx=3322, offset=427
host_utc=2026-10-01T12:12:22.348+00:00 host_mono_ns=2615761538283687 pc:
host_utc=2026-10-01T12:12:22.348+00:00 host_mono_ns=2615761538294096   pc: (3322, 427)
host_utc=2026-10-01T12:12:22.348+00:00 host_mono_ns=2615761538304506 locals:
host_utc=2026-10-01T12:12:22.348+00:00 host_mono_ns=2615761538314926     stack_pointers: 0
host_utc=2026-10-01T12:12:22.348+00:00 host_mono_ns=2615761538325295   types: 1 1 1 1 1 1 1 1 1
host_utc=2026-10-01T12:12:22.348+00:00 host_mono_ns=2615761538335695     cell_nums: 1
host_utc=2026-10-01T12:12:22.348+00:00 host_mono_ns=2615761538346124 CallStackEntry: fidx=867, offset=106
host_utc=2026-10-01T12:12:22.348+00:00 host_mono_ns=2615761538356694 pc:
host_utc=2026-10-01T12:12:22.348+00:00 host_mono_ns=2615761538367054   pc: (867, 106)
host_utc=2026-10-01T12:12:22.348+00:00 host_mono_ns=2615761538377393 locals:
host_utc=2026-10-01T12:12:22.348+00:00 host_mono_ns=2615761538387623   values: 53998848 53998824 0 60552352 2 0 60552372 53998880 1
host_utc=2026-10-01T12:12:22.348+00:00 host_mono_ns=2615761538398163 value_stack:
host_utc=2026-10-01T12:12:22.348+00:00 host_mono_ns=2615761538408683   types: 1 1 1 1 1 1 1 1 1 1 1 1 1 1 1
host_utc=2026-10-01T12:12:22.348+00:00 host_mono_ns=2615761538419303   types: 1 1 1 1 1
host_utc=2026-10-01T12:12:22.348+00:00 host_mono_ns=2615761538429742   values: 31284 73661088 16 73661072 31284 31284 0 31284 0 0 1 0 31284 0 0
host_utc=2026-10-01T12:12:22.348+00:00 host_mono_ns=2615761538440282 value_stack:
host_utc=2026-10-01T12:12:22.348+00:00 host_mono_ns=2615761538450642   types:
host_utc=2026-10-01T12:12:22.348+00:00 host_mono_ns=2615761538460991   values:
host_utc=2026-10-01T12:12:22.348+00:00 host_mono_ns=2615761538471311 label stack:
host_utc=2026-10-01T12:12:22.348+00:00 host_mono_ns=2615761538481630   size: 2
host_utc=2026-10-01T12:12:22.348+00:00 host_mono_ns=2615761538492090   values: 60552372 60552372 60552372 60552372 60552372
host_utc=2026-10-01T12:12:22.348+00:00 host_mono_ns=2615761538502660     begins: 0 87
host_utc=2026-10-01T12:12:22.348+00:00 host_mono_ns=2615761538512979 label stack:
host_utc=2026-10-01T12:12:22.348+00:00 host_mono_ns=2615761538523399     targets: 133 4294967295
host_utc=2026-10-01T12:12:22.348+00:00 host_mono_ns=2615761538534039   size: 2
host_utc=2026-10-01T12:12:22.348+00:00 host_mono_ns=2615761538544529     stack_pointers: 0 0
host_utc=2026-10-01T12:12:22.348+00:00 host_mono_ns=2615761538554909     cell_nums: 0 0
host_utc=2026-10-01T12:12:22.348+00:00 host_mono_ns=2615761538571279 CallStackEntry: fidx=870, offset=196
host_utc=2026-10-01T12:12:22.348+00:00 host_mono_ns=2615761538581890 pc:
host_utc=2026-10-01T12:12:22.348+00:00 host_mono_ns=2615761538592239     begins: 0 56
host_utc=2026-10-01T12:12:22.348+00:00 host_mono_ns=2615761538602559   pc: (870, 196)
host_utc=2026-10-01T12:12:22.348+00:00 host_mono_ns=2615761538612858     targets: 1233 4294967295
host_utc=2026-10-01T12:12:22.348+00:00 host_mono_ns=2615761538623288 locals:
host_utc=2026-10-01T12:12:22.348+00:00 host_mono_ns=2615761538633677     stack_pointers: 0 0
host_utc=2026-10-01T12:12:22.348+00:00 host_mono_ns=2615761538644047     cell_nums: 1 0
host_utc=2026-10-01T12:12:22.348+00:00 host_mono_ns=2615761538654216 CallStackEntry: fidx=3320, offset=189
host_utc=2026-10-01T12:12:22.348+00:00 host_mono_ns=2615761538664636 pc:
host_utc=2026-10-01T12:12:22.348+00:00 host_mono_ns=2615761538674935   pc: (3320, 189)
host_utc=2026-10-01T12:12:22.348+00:00 host_mono_ns=2615761538685205 locals:
host_utc=2026-10-01T12:12:22.348+00:00 host_mono_ns=2615761538695524   types: 1 1 1 1 1 1 1 1 1 1 1 1 1 1 1 1 1 1 1 1 1 1 1 1 1 1 1 1 1 1 1 1 1 1 1 1 1
host_utc=2026-10-01T12:12:22.348+00:00 host_mono_ns=2615761538706254   types: 1 1 1 1 1 1 2 1
host_utc=2026-10-01T12:12:22.348+00:00 host_mono_ns=2615761538716634   values: 60552372 2 60552352 0 1 60552336 18446744073709551615
host_utc=2026-10-01T12:12:22.348+00:00 host_mono_ns=2615761538727164 value_stack:
host_utc=2026-10-01T12:12:22.348+00:00 host_mono_ns=2615761538737563   types: 1 1
host_utc=2026-10-01T12:12:22.348+00:00 host_mono_ns=2615761538747993   values: 0 0
host_utc=2026-10-01T12:12:22.348+00:00 host_mono_ns=2615761538758443   values: 31284 73661072 48 73661024 31284 1 1 1 24 73661048 73661048 124 31408 24 73661048 73661048 0 1 0 0 1 0 20 31304 0 2 41 31284 24 73661048 73661048 0 24 73661048 0 0 0
host_utc=2026-10-01T12:12:22.348+00:00 host_mono_ns=2615761538769644 label stack:
host_utc=2026-10-01T12:12:22.348+00:00 host_mono_ns=2615761538780024 value_stack:
host_utc=2026-10-01T12:12:22.348+00:00 host_mono_ns=2615761538790283   size: 2
host_utc=2026-10-01T12:12:22.348+00:00 host_mono_ns=2615761538800582     begins: 0 19
host_utc=2026-10-01T12:12:22.348+00:00 host_mono_ns=2615761538810862 [06:36:01:123 - 75AAA9C1C640]:     targets: 234 4294967295
host_utc=2026-10-01T12:12:22.348+00:00 host_mono_ns=2615761538821602     stack_pointers: 0 0
host_utc=2026-10-01T12:12:22.348+00:00 host_mono_ns=2615761538832032     cell_nums: 1 0
host_utc=2026-10-01T12:12:22.348+00:00 host_mono_ns=2615761538842261 CallStackEntry: fidx=3314, offset=24
host_utc=2026-10-01T12:12:22.348+00:00 host_mono_ns=2615761538852681 Success to dump img for wamr
host_utc=2026-10-01T12:12:22.348+00:00 host_mono_ns=2615761538863191 pc:
host_utc=2026-10-01T12:12:22.348+00:00 host_mono_ns=2615761538873600 
host_utc=2026-10-01T12:12:22.348+00:00 host_mono_ns=2615761538883810 do_checkpoint_4
host_utc=2026-10-01T12:12:22.348+00:00 host_mono_ns=2615761538894269 wasm_cluster_increase_checkpointing_counter called 1
host_utc=2026-10-01T12:12:22.348+00:00 host_mono_ns=2615761538904919 wasm_cluster_increase_checkpointing_counter called 2
host_utc=2026-10-01T12:12:22.348+00:00 host_mono_ns=2615761538915670 wasm_cluster_increase_checkpointing_counter called 3
host_utc=2026-10-01T12:12:22.348+00:00 host_mono_ns=2615761538926280   pc: (3314, 24)
host_utc=2026-10-01T12:12:22.348+00:00 host_mono_ns=2615761538936599 locals:
host_utc=2026-10-01T12:12:22.348+00:00 host_mono_ns=2615761538946979   types: 1 1 1 2 1
host_utc=2026-10-01T12:12:22.348+00:00 host_mono_ns=2615761538957278   values: 60552372 128 2 18446744073709551615
host_utc=2026-10-01T12:12:22.348+00:00 host_mono_ns=2615761538967928 value_stack:
host_utc=2026-10-01T12:12:22.348+00:00 host_mono_ns=2615761538978378   types: 1 1 1 1 1 2
host_utc=2026-10-01T12:12:22.348+00:00 host_mono_ns=2615761538988818   values: 4294967290 4294967223 0 60552372 2 18446744073709551615
host_utc=2026-10-01T12:12:22.348+00:00 host_mono_ns=2615761539010218 label stack:
host_utc=2026-10-01T12:12:22.348+00:00 host_mono_ns=2615761539023964   size: 2
host_utc=2026-10-01T12:12:22.348+00:00 host_mono_ns=2615761539034464     begins: 0 6
host_utc=2026-10-01T12:12:22.348+00:00 host_mono_ns=2615761539044904     targets: 47 4294967295
host_utc=2026-10-01T12:12:22.348+00:00 host_mono_ns=2615761539055464   types: 1
host_utc=2026-10-01T12:12:22.348+00:00 host_mono_ns=2615761539065963     stack_pointers: 0 0
host_utc=2026-10-01T12:12:22.348+00:00 host_mono_ns=2615761539076293   values: 31304
host_utc=2026-10-01T12:12:22.348+00:00 host_mono_ns=2615761539086753 label stack:
host_utc=2026-10-01T12:12:22.348+00:00 host_mono_ns=2615761539097032   size: 6
host_utc=2026-10-01T12:12:22.348+00:00 host_mono_ns=2615761539107241     cell_nums: 1 0
host_utc=2026-10-01T12:12:22.348+00:00 host_mono_ns=2615761539117671     begins: 0 43 45 47 171 173
host_utc=2026-10-01T12:12:22.348+00:00 host_mono_ns=2615761539128101     targets: 335 4294967295 4294967295 47 4294967295 4294967295
host_utc=2026-10-01T12:12:22.348+00:00 host_mono_ns=2615761539138801     stack_pointers: 0 0 0 0 0 0
host_utc=2026-10-01T12:12:22.348+00:00 host_mono_ns=2615761539149301     cell_nums: 0 0 0 0 0 0
host_utc=2026-10-01T12:12:22.348+00:00 host_mono_ns=2615761539159720 CallStackEntry: fidx=1308, offset=183
host_utc=2026-10-01T12:12:22.349+00:00 host_mono_ns=2615761539170160 pc:
host_utc=2026-10-01T12:12:22.349+00:00 host_mono_ns=2615761539180389   pc: (1308, 183)
host_utc=2026-10-01T12:12:22.349+00:00 host_mono_ns=2615761539190729 locals:
host_utc=2026-10-01T12:12:22.349+00:00 host_mono_ns=2615761539201079   types: 1 1 1 1 1 1 1 1 1 1 1 1 1 1 1 1 1 1 1 1 1 1 1 1 1
host_utc=2026-10-01T12:12:22.349+00:00 host_mono_ns=2615761539211669   values: 31304 0 73661024 16 73661008 49277 0 0 0 0 0 0 0 0 0 31304 14409696 4294967295 0 0 0 0 0 0 0
host_utc=2026-10-01T12:12:22.349+00:00 host_mono_ns=2615761539222419 value_stack:
host_utc=2026-10-01T12:12:22.349+00:00 host_mono_ns=2615761539232748   types:
host_utc=2026-10-01T12:12:22.349+00:00 host_mono_ns=2615761539243268   values:
host_utc=2026-10-01T12:12:22.349+00:00 host_mono_ns=2615761539253528 label stack:
host_utc=2026-10-01T12:12:22.349+00:00 host_mono_ns=2615761539263877   size: 4
host_utc=2026-10-01T12:12:22.349+00:00 host_mono_ns=2615761539274297     begins: 0 65 159 161
host_utc=2026-10-01T12:12:22.349+00:00 host_mono_ns=2615761539284716     targets: 259 4294967295 4294967295 161
host_utc=2026-10-01T12:12:22.349+00:00 host_mono_ns=2615761539295246     stack_pointers: 0 0 0 0
host_utc=2026-10-01T12:12:22.349+00:00 host_mono_ns=2615761539305726     cell_nums: 1 0 0 0
host_utc=2026-10-01T12:12:22.349+00:00 host_mono_ns=2615761539316196 CallStackEntry: fidx=1356, offset=278
host_utc=2026-10-01T12:12:22.349+00:00 host_mono_ns=2615761539326555 pc:
host_utc=2026-10-01T12:12:22.349+00:00 host_mono_ns=2615761539336925   pc: (1356, 278)
host_utc=2026-10-01T12:12:22.349+00:00 host_mono_ns=2615761539347244 locals:
host_utc=2026-10-01T12:12:22.349+00:00 host_mono_ns=2615761539357584   types: 1 1 1 1 1 1 1 1 1 1 1 1 1 1 1 1 1 1 1 1 1 1 1 1 1 1 1 1 1 1 1 1 1 1
host_utc=2026-10-01T12:12:22.349+00:00 host_mono_ns=2615761539368254   values: 14409696 4294967295 73661008 32 73660976 0 14409696 0 14409696 0 0 1 0 0 14409696 14409696 3735928557 3735928557 3735928557 3735928557 0 1 0 0 0 0 0 14409696 4294967295 0 0 0 0 0
host_utc=2026-10-01T12:12:22.349+00:00 host_mono_ns=2615761539379535 value_stack:
host_utc=2026-10-01T12:12:22.349+00:00 host_mono_ns=2615761539389825   types:
host_utc=2026-10-01T12:12:22.349+00:00 host_mono_ns=2615761539400235   values:
host_utc=2026-10-01T12:12:22.349+00:00 host_mono_ns=2615761539410604 label stack:
host_utc=2026-10-01T12:12:22.349+00:00 host_mono_ns=2615761539420873   size: 2
host_utc=2026-10-01T12:12:22.349+00:00 host_mono_ns=2615761539431233     begins: 0 95
host_utc=2026-10-01T12:12:22.349+00:00 host_mono_ns=2615761539441492     targets: 343 4294967295
host_utc=2026-10-01T12:12:22.349+00:00 host_mono_ns=2615761539451992     stack_pointers: 0 0
host_utc=2026-10-01T12:12:22.349+00:00 host_mono_ns=2615761539468403     cell_nums: 1 0
host_utc=2026-10-01T12:12:22.349+00:00 host_mono_ns=2615761539478753 CallStackEntry: fidx=1357, offset=260
host_utc=2026-10-01T12:12:22.349+00:00 host_mono_ns=2615761539489213 pc:
host_utc=2026-10-01T12:12:22.349+00:00 host_mono_ns=2615761539499552   pc: (1357, 260)
host_utc=2026-10-01T12:12:22.349+00:00 host_mono_ns=2615761539509962 locals:
host_utc=2026-10-01T12:12:22.349+00:00 host_mono_ns=2615761539520261   types: 1 1 1 1 1 1 1 1 1 1 1 1 1 1 1 1 1 1 1 1 1 1 1 1 1 1 1 1 1 1 1 1 1 1 1 1 1 1
host_utc=2026-10-01T12:12:22.349+00:00 host_mono_ns=2615761539530981   values: 14409696 4294967295 73660976 16 73660960 0 14409696 0 0 0 0 0 1 0 0 0 0 0 4294967295 0 4294967295 4294967295 4294967295 4294967295 1 1 1 4294967295 14409696 12 14409708 4294967295 73660960 0 0 0 0 0
host_utc=2026-10-01T12:12:22.349+00:00 host_mono_ns=2615761539542283 value_stack:
host_utc=2026-10-01T12:12:22.349+00:00 host_mono_ns=2615761539552652   types:
host_utc=2026-10-01T12:12:22.349+00:00 host_mono_ns=2615761539563112   values:
host_utc=2026-10-01T12:12:22.349+00:00 host_mono_ns=2615761539573371 label stack:
host_utc=2026-10-01T12:12:22.349+00:00 host_mono_ns=2615761539583651   size: 3
host_utc=2026-10-01T12:12:22.349+00:00 host_mono_ns=2615761539593940     begins: 0 98 149
host_utc=2026-10-01T12:12:22.349+00:00 host_mono_ns=2615761539604210     targets: 324 294 4294967295
host_utc=2026-10-01T12:12:22.349+00:00 host_mono_ns=2615761539614709     stack_pointers: 0 0 0
host_utc=2026-10-01T12:12:22.349+00:00 host_mono_ns=2615761539625129     cell_nums: 1 0 0
host_utc=2026-10-01T12:12:22.349+00:00 host_mono_ns=2615761539635439 CallStackEntry: fidx=1377, offset=275
host_utc=2026-10-01T12:12:22.349+00:00 host_mono_ns=2615761539645948 pc:
host_utc=2026-10-01T12:12:22.349+00:00 host_mono_ns=2615761539656218   pc: (1377, 275)
host_utc=2026-10-01T12:12:22.349+00:00 host_mono_ns=2615761539666607 locals:
host_utc=2026-10-01T12:12:22.349+00:00 host_mono_ns=2615761539677007   types: 1 1 1 1 1 1 1 1 1 1 1 1 1 1 1 1 1 1 1 1 1 1 1 1 1 1 1 1 1 1 1 1 1 1 1 1 1 1 1 1 1 1 1 1 1 1 1 1 1 1 1 1 1 1 1 1 1 1 1 1 1 1 1 1 1 1 1 1 1 1 1 1 1 1 1 1 1 1 1 1 1 1 1 1 1 1 1 1 1 1 1 1 1 1
host_utc=2026-10-01T12:12:22.349+00:00 host_mono_ns=2615761539688258   values: 14409708 4294967295 73660960 73660960 112 73660848 0 24 73660872 73660872 12 73660884 4294967295 14409708 0 14409708 0 1 1 1 14409708 24 73660872 73660872 4294967295 4294967295 4294967295 4294967295 1 1 1 24 73660872 73660872 12 73660884 16 73660900 1294048 0 0 0 0 0 0 0 0 0 0 0 0 0 0 0 0 0 0 0 0 0 0 0 0 0 0 0 0 0 0 0 0 0 0 0 0 0 0 0 0 0 0 0 0 0 0 0 0 0 0 0 0 0 0 0
host_utc=2026-10-01T12:12:22.349+00:00 host_mono_ns=2615761539699900 value_stack:
host_utc=2026-10-01T12:12:22.349+00:00 host_mono_ns=2615761539710260   types:
host_utc=2026-10-01T12:12:22.349+00:00 host_mono_ns=2615761539720700   values:
host_utc=2026-10-01T12:12:22.349+00:00 host_mono_ns=2615761539731069 label stack:
host_utc=2026-10-01T12:12:22.349+00:00 host_mono_ns=2615761539741459   size: 3
host_utc=2026-10-01T12:12:22.349+00:00 host_mono_ns=2615761539751728     begins: 0 219 221
host_utc=2026-10-01T12:12:22.349+00:00 host_mono_ns=2615761539762288     targets: 708 4294967295 4294967295
host_utc=2026-10-01T12:12:22.349+00:00 host_mono_ns=2615761539772828     stack_pointers: 0 0 0
host_utc=2026-10-01T12:12:22.349+00:00 host_mono_ns=2615761539783278     cell_nums: 1 0 0
host_utc=2026-10-01T12:12:22.349+00:00 host_mono_ns=2615761539805289 CallStackEntry: fidx=3324, offset=6
host_utc=2026-10-01T12:12:22.349+00:00 host_mono_ns=2615761539816330 pc:
host_utc=2026-10-01T12:12:22.349+00:00 host_mono_ns=2615761539826710   pc: (3324, 6)
host_utc=2026-10-01T12:12:22.349+00:00 host_mono_ns=2615761539837230 locals:
host_utc=2026-10-01T12:12:22.349+00:00 host_mono_ns=2615761539847659   types: 1 1
host_utc=2026-10-01T12:12:22.349+00:00 host_mono_ns=2615761539857969   values: 73660900 1294048
host_utc=2026-10-01T12:12:22.349+00:00 host_mono_ns=2615761539868539 value_stack:
host_utc=2026-10-01T12:12:22.349+00:00 host_mono_ns=2615761539885210   types:
host_utc=2026-10-01T12:12:22.349+00:00 host_mono_ns=2615761539895900   values:
host_utc=2026-10-01T12:12:22.349+00:00 host_mono_ns=2615761539906210 label stack:
host_utc=2026-10-01T12:12:22.349+00:00 host_mono_ns=2615761539916780   size: 1
host_utc=2026-10-01T12:12:22.349+00:00 host_mono_ns=2615761539927159     begins: 0
host_utc=2026-10-01T12:12:22.349+00:00 host_mono_ns=2615761539937569     targets: 12
host_utc=2026-10-01T12:12:22.349+00:00 host_mono_ns=2615761539947929     stack_pointers: 0
host_utc=2026-10-01T12:12:22.349+00:00 host_mono_ns=2615761539958348     cell_nums: 1
host_utc=2026-10-01T12:12:22.349+00:00 host_mono_ns=2615761539968648 CallStackEntry: fidx=3322, offset=427
host_utc=2026-10-01T12:12:22.349+00:00 host_mono_ns=2615761539979147 pc:
host_utc=2026-10-01T12:12:22.349+00:00 host_mono_ns=2615761539989457   pc: (3322, 427)
host_utc=2026-10-01T12:12:22.349+00:00 host_mono_ns=2615761539999837 locals:
host_utc=2026-10-01T12:12:22.349+00:00 host_mono_ns=2615761540019774   types: 1 1 1 1 1 1 1 1 1
host_utc=2026-10-01T12:12:22.349+00:00 host_mono_ns=2615761540030404   values: 73660900 1294048 0 73660816 2 0 73660836 73660932 1
host_utc=2026-10-01T12:12:22.349+00:00 host_mono_ns=2615761540041074 value_stack:
host_utc=2026-10-01T12:12:22.349+00:00 host_mono_ns=2615761540051524   types: 1 1 1 1 1
host_utc=2026-10-01T12:12:22.349+00:00 host_mono_ns=2615761540062084   values: 73660836 73660836 73660836 73660836 73660836
host_utc=2026-10-01T12:12:22.349+00:00 host_mono_ns=2615761540072644 label stack:
host_utc=2026-10-01T12:12:22.349+00:00 host_mono_ns=2615761540083024   size: 2
host_utc=2026-10-01T12:12:22.349+00:00 host_mono_ns=2615761540093483     begins: 0 56
host_utc=2026-10-01T12:12:22.349+00:00 host_mono_ns=2615761540103783     targets: 1233 4294967295
host_utc=2026-10-01T12:12:22.349+00:00 host_mono_ns=2615761540114142     stack_pointers: 0 0
host_utc=2026-10-01T12:12:22.349+00:00 host_mono_ns=2615761540124452     cell_nums: 1 0
host_utc=2026-10-01T12:12:22.349+00:00 host_mono_ns=2615761540134641 CallStackEntry: fidx=3320, offset=189
host_utc=2026-10-01T12:12:22.349+00:00 host_mono_ns=2615761540145081 pc:
host_utc=2026-10-01T12:12:22.349+00:00 host_mono_ns=2615761540155631   pc: (3320, 189)
host_utc=2026-10-01T12:12:22.349+00:00 host_mono_ns=2615761540165900 locals:
host_utc=2026-10-01T12:12:22.350+00:00 host_mono_ns=2615761540176239   types: 1 1 1 1 1 1 2 1
host_utc=2026-10-01T12:12:22.350+00:00 host_mono_ns=2615761540186649   values: 73660836 2 73660816 0 1 73660800 18446744073709551615
host_utc=2026-10-01T12:12:22.350+00:00 host_mono_ns=2615761540197159 value_stack:
host_utc=2026-10-01T12:12:22.350+00:00 host_mono_ns=2615761540207458   types: 1 1
host_utc=2026-10-01T12:12:22.350+00:00 host_mono_ns=2615761540217798   values: 0 0
host_utc=2026-10-01T12:12:22.350+00:00 host_mono_ns=2615761540228258 label stack:
host_utc=2026-10-01T12:12:22.350+00:00 host_mono_ns=2615761540238567   size: 2
host_utc=2026-10-01T12:12:22.350+00:00 host_mono_ns=2615761540248867     begins: 0 19
host_utc=2026-10-01T12:12:22.350+00:00 host_mono_ns=2615761540259346     targets: 234 4294967295
host_utc=2026-10-01T12:12:22.350+00:00 host_mono_ns=2615761540269956     stack_pointers: 0 0
host_utc=2026-10-01T12:12:22.350+00:00 host_mono_ns=2615761540280306     cell_nums: 1 0
host_utc=2026-10-01T12:12:22.350+00:00 host_mono_ns=2615761540290565 CallStackEntry: fidx=3314, offset=24
host_utc=2026-10-01T12:12:22.350+00:00 host_mono_ns=2615761540301065 pc:
host_utc=2026-10-01T12:12:22.350+00:00 host_mono_ns=2615761540311375   pc: (3314, 24)
host_utc=2026-10-01T12:12:22.350+00:00 host_mono_ns=2615761540321824 locals:
host_utc=2026-10-01T12:12:22.350+00:00 host_mono_ns=2615761540332264   types: 1 1 1 2 1
host_utc=2026-10-01T12:12:22.350+00:00 host_mono_ns=2615761540342644   values: 73660836 128 2 18446744073709551615
host_utc=2026-10-01T12:12:22.350+00:00 host_mono_ns=2615761540353324 value_stack:
host_utc=2026-10-01T12:12:22.350+00:00 host_mono_ns=2615761540363623   types: 1 1 1 1 1 2
host_utc=2026-10-01T12:12:22.350+00:00 host_mono_ns=2615761540380365   values: 4294967290 4294967223 0 73660836 2 18446744073709551615
host_utc=2026-10-01T12:12:22.350+00:00 host_mono_ns=2615761540390935 label stack:
host_utc=2026-10-01T12:12:22.350+00:00 host_mono_ns=2615761540401244   size: 2
host_utc=2026-10-01T12:12:22.350+00:00 host_mono_ns=2615761540411634     begins: 0 6
host_utc=2026-10-01T12:12:22.350+00:00 host_mono_ns=2615761540421943     targets: 47 4294967295
host_utc=2026-10-01T12:12:22.350+00:00 host_mono_ns=2615761540432233     stack_pointers: 0 0
host_utc=2026-10-01T12:12:22.350+00:00 host_mono_ns=2615761540442582     cell_nums: 1 0
host_utc=2026-10-01T12:12:22.350+00:00 host_mono_ns=2615761540452862 [2026-10-01 12:12:22.327] [info] Success to dump frame stack
host_utc=2026-10-01T12:12:22.350+00:00 host_mono_ns=2615761540463442 
host_utc=2026-10-01T12:12:22.350+00:00 host_mono_ns=2615761540473731 [2026-10-01 12:12:22.327] [info] Success to dump frame stack
host_utc=2026-10-01T12:12:22.350+00:00 host_mono_ns=2615761540484341 
host_utc=2026-10-01T12:12:22.350+00:00 host_mono_ns=2615761540494721 [06:36:01:340 - 75AAA9E68640]: Success to dump img for wamr
host_utc=2026-10-01T12:12:22.350+00:00 host_mono_ns=2615761540505251 
host_utc=2026-10-01T12:12:22.350+00:00 host_mono_ns=2615761540515590 do_checkpoint_4
host_utc=2026-10-01T12:12:22.350+00:00 host_mono_ns=2615761540525990 wasm_cluster_increase_checkpointing_counter called 1
host_utc=2026-10-01T12:12:22.350+00:00 host_mono_ns=2615761540536700 wasm_cluster_increase_checkpointing_counter called 2
host_utc=2026-10-01T12:12:22.350+00:00 host_mono_ns=2615761540547390 wasm_cluster_increase_checkpointing_counter called 3
host_utc=2026-10-01T12:12:22.350+00:00 host_mono_ns=2615761540557930 [06:36:01:362 - 75AAA9C66640]: Success to dump img for wamr
host_utc=2026-10-01T12:12:22.350+00:00 host_mono_ns=2615761540568590 
host_utc=2026-10-01T12:12:22.350+00:00 host_mono_ns=2615761540578809 do_checkpoint_4
host_utc=2026-10-01T12:12:22.350+00:00 host_mono_ns=2615761540589169 wasm_cluster_increase_checkpointing_counter called 1
host_utc=2026-10-01T12:12:22.350+00:00 host_mono_ns=2615761540599659 wasm_cluster_increase_checkpointing_counter called 2
host_utc=2026-10-01T12:12:22.350+00:00 host_mono_ns=2615761540610209 wasm_cluster_increase_checkpointing_counter called 3
host_utc=2026-10-01T12:12:22.350+00:00 host_mono_ns=2615761540620769 [2026-10-01 12:12:22.327] [info] Success to dump frame stack
host_utc=2026-10-01T12:12:22.350+00:00 host_mono_ns=2615761540631379 
host_utc=2026-10-01T12:12:23.388+00:00 host_mono_ns=2615762578977758 memory, 1068712096
host_utc=2026-10-01T12:12:23.388+00:00 host_mono_ns=2615762579084640 global, 68119
host_utc=2026-10-01T12:12:23.389+00:00 host_mono_ns=2615762579327308 program counter, 30027
host_utc=2026-10-01T12:12:23.389+00:00 host_mono_ns=2615762579343238 [06:36:01:497 - 75AAA9BD2640]: Success to dump img for wamr
host_utc=2026-10-01T12:12:23.389+00:00 host_mono_ns=2615762579357705 
host_utc=2026-10-01T12:12:23.389+00:00 host_mono_ns=2615762579371622 do_checkpoint_4
host_utc=2026-10-01T12:12:23.389+00:00 host_mono_ns=2615762579385037 wasm_cluster_increase_checkpointing_counter called 1
host_utc=2026-10-01T12:12:23.389+00:00 host_mono_ns=2615762579399164 wasm_cluster_increase_checkpointing_counter called 2
host_utc=2026-10-01T12:12:23.389+00:00 host_mono_ns=2615762579412759 wasm_cluster_increase_checkpointing_counter called 3
host_utc=2026-10-01T12:12:23.389+00:00 host_mono_ns=2615762579425934 Stack: [ 11 10 9 8 7 6 5 3 2 1 0 ]
host_utc=2026-10-01T12:12:23.389+00:00 host_mono_ns=2615762579439420 Stack: [ 2 1 1 1 1 1 1 2 1 1 1 ]
host_utc=2026-10-01T12:12:23.389+00:00 host_mono_ns=2615762579452645 [2026-10-01 12:12:23.388] [info] stack_count=11, stack_size=13
host_utc=2026-10-01T12:12:23.389+00:00 host_mono_ns=2615762579466070 
host_utc=2026-10-01T12:12:23.389+00:00 host_mono_ns=2615762579479215 [2026-10-01 12:12:23.388] [info] local_count=5, local_size=6
host_utc=2026-10-01T12:12:23.389+00:00 host_mono_ns=2615762579492540 
host_utc=2026-10-01T12:12:23.389+00:00 host_mono_ns=2615762579518379 [2026-10-01 12:12:23.388] [info] locals: {count=5, size=6}
host_utc=2026-10-01T12:12:23.389+00:00 host_mono_ns=2615762579529650 
host_utc=2026-10-01T12:12:23.389+00:00 host_mono_ns=2615762579540270 [2026-10-01 12:12:23.388] [info] value_stack: {count=6, size=7}
host_utc=2026-10-01T12:12:23.389+00:00 host_mono_ns=2615762579551612 
host_utc=2026-10-01T12:12:23.389+00:00 host_mono_ns=2615762579562232 Stack: [ 10 9 8 6 5 4 3 2 1 0 ]
host_utc=2026-10-01T12:12:23.389+00:00 host_mono_ns=2615762579573112 Stack: [ 1 1 1 2 1 1 1 1 1 1 ]
host_utc=2026-10-01T12:12:23.389+00:00 host_mono_ns=2615762579584053 [2026-10-01 12:12:23.388] [info] stack_count=10, stack_size=11
host_utc=2026-10-01T12:12:23.389+00:00 host_mono_ns=2615762579595224 
host_utc=2026-10-01T12:12:23.389+00:00 host_mono_ns=2615762579605904 [2026-10-01 12:12:23.388] [info] local_count=8, local_size=9
host_utc=2026-10-01T12:12:23.389+00:00 host_mono_ns=2615762579616925 
host_utc=2026-10-01T12:12:23.389+00:00 host_mono_ns=2615762579627615 [2026-10-01 12:12:23.388] [info] locals: {count=8, size=9}
host_utc=2026-10-01T12:12:23.389+00:00 host_mono_ns=2615762579638626 
host_utc=2026-10-01T12:12:23.389+00:00 host_mono_ns=2615762579649216 [2026-10-01 12:12:23.388] [info] value_stack: {count=2, size=2}
host_utc=2026-10-01T12:12:23.389+00:00 host_mono_ns=2615762579660337 
host_utc=2026-10-01T12:12:23.389+00:00 host_mono_ns=2615762579671037 Stack: [ 9 9 9 9 9 8 7 6 5 4 3 2 1 0 ]
host_utc=2026-10-01T12:12:23.389+00:00 host_mono_ns=2615762579682008 Stack: [ 1 1 1 1 1 1 1 1 1 1 1 1 1 1 ]
host_utc=2026-10-01T12:12:23.389+00:00 host_mono_ns=2615762579692818 [2026-10-01 12:12:23.388] [info] stack_count=14, stack_size=14
host_utc=2026-10-01T12:12:23.389+00:00 host_mono_ns=2615762579703679 
host_utc=2026-10-01T12:12:23.389+00:00 host_mono_ns=2615762579714219 [2026-10-01 12:12:23.388] [info] local_count=9, local_size=9
host_utc=2026-10-01T12:12:23.389+00:00 host_mono_ns=2615762579725089 
host_utc=2026-10-01T12:12:23.389+00:00 host_mono_ns=2615762579735799 [2026-10-01 12:12:23.388] [info] locals: {count=9, size=9}
host_utc=2026-10-01T12:12:23.389+00:00 host_mono_ns=2615762579746720 
host_utc=2026-10-01T12:12:23.389+00:00 host_mono_ns=2615762579757731 [2026-10-01 12:12:23.388] [info] value_stack: {count=5, size=5}
host_utc=2026-10-01T12:12:23.389+00:00 host_mono_ns=2615762579768802 
host_utc=2026-10-01T12:12:23.389+00:00 host_mono_ns=2615762579779662 Stack: [ 63 63 63 62 61 60 59 58 57 56 55 54 53 52 51 50 49 48 47 46 45 44 43 42 41 40 39 38 37 36 35 34 33 32 31 30 29 28 27 26 25 24 23 22 21 20 19 18 17 16 15 14 13 12 11 10 9 8 7 6 5 4 3 2 1 0 ]
host_utc=2026-10-01T12:12:23.389+00:00 host_mono_ns=2615762579792126 Stack: [ 1 1 1 1 1 1 1 1 1 1 1 1 1 1 1 1 1 1 1 1 1 1 1 1 1 1 1 1 1 1 1 1 1 1 1 1 1 1 1 1 1 1 1 1 1 1 1 1 1 1 1 1 1 1 1 1 1 1 1 1 1 1 1 1 1 1 ]
host_utc=2026-10-01T12:12:23.389+00:00 host_mono_ns=2615762579804319 [2026-10-01 12:12:23.388] [info] stack_count=66, stack_size=66
host_utc=2026-10-01T12:12:23.389+00:00 host_mono_ns=2615762579815259 
host_utc=2026-10-01T12:12:23.389+00:00 host_mono_ns=2615762579825889 [2026-10-01 12:12:23.388] [info] local_count=63, local_size=63
host_utc=2026-10-01T12:12:23.389+00:00 host_mono_ns=2615762579836780 
host_utc=2026-10-01T12:12:23.389+00:00 host_mono_ns=2615762579847330 [2026-10-01 12:12:23.388] [info] locals: {count=63, size=63}
host_utc=2026-10-01T12:12:23.389+00:00 host_mono_ns=2615762579858331 
host_utc=2026-10-01T12:12:23.389+00:00 host_mono_ns=2615762579868871 [2026-10-01 12:12:23.388] [info] value_stack: {count=3, size=3}
host_utc=2026-10-01T12:12:23.389+00:00 host_mono_ns=2615762579879771 
host_utc=2026-10-01T12:12:23.389+00:00 host_mono_ns=2615762579890371 Stack: [ 18 17 16 15 14 13 12 11 10 9 8 7 6 5 4 3 2 1 0 ]
host_utc=2026-10-01T12:12:23.389+00:00 host_mono_ns=2615762579901692 Stack: [ 1 1 1 1 1 1 1 1 1 1 1 1 1 1 1 1 1 1 1 ]
host_utc=2026-10-01T12:12:23.389+00:00 host_mono_ns=2615762579912723 [2026-10-01 12:12:23.388] [info] stack_count=19, stack_size=19
host_utc=2026-10-01T12:12:23.389+00:00 host_mono_ns=2615762579930096 
host_utc=2026-10-01T12:12:23.389+00:00 host_mono_ns=2615762579940716 [2026-10-01 12:12:23.388] [info] local_count=19, local_size=19
host_utc=2026-10-01T12:12:23.389+00:00 host_mono_ns=2615762579951456 
host_utc=2026-10-01T12:12:23.389+00:00 host_mono_ns=2615762579962076 [2026-10-01 12:12:23.388] [info] locals: {count=19, size=19}
host_utc=2026-10-01T12:12:23.389+00:00 host_mono_ns=2615762579972827 
host_utc=2026-10-01T12:12:23.389+00:00 host_mono_ns=2615762579983337 [2026-10-01 12:12:23.388] [info] value_stack: {count=0, size=0}
host_utc=2026-10-01T12:12:23.389+00:00 host_mono_ns=2615762579994257 
host_utc=2026-10-01T12:12:23.389+00:00 host_mono_ns=2615762580013964 Stack: [ 147 147 147 147 147 147 147 147 147 147 147 147 147 147 147 147 147 147 147 147 147 147 146 145 144 143 142 141 140 139 138 137 136 135 134 133 132 131 130 129 128 127 126 125 124 123 122 121 120 119 118 117 116 115 114 113 112 111 110 109 108 107 106 105 104 103 102 101 100 98 97 96 95 94 93 92 91 90 89 88 87 86 85 84 83 82 81 80 79 78 77 76 75 74 73 72 71 70 69 68 67 66 65 64 63 62 61 60 59 58 57 56 55 54 53 52 51 50 49 48 47 46 45 44 43 42 41 40 39 38 37 36 35 34 33 32 31 30 29 28 27 26 25 24 23 22 21 20 19 18 17 16 15 14 13 12 11 10 9 8 7 6 5 4 3 2 1 0 ]
host_utc=2026-10-01T12:12:23.389+00:00 host_mono_ns=2615762580031708 Stack: [ 1 1 1 1 1 1 1 1 1 1 1 1 1 1 1 1 1 1 1 1 1 1 1 1 1 1 1 1 1 1 1 1 1 1 1 1 1 1 1 1 1 1 1 1 1 1 1 1 1 1 1 1 1 1 1 1 1 1 1 1 1 1 1 1 1 1 1 1 1 2 1 1 1 1 1 1 1 1 1 1 1 1 1 1 1 1 1 1 1 1 1 1 1 1 1 1 1 1 1 1 1 1 1 1 1 1 1 1 1 1 1 1 1 1 1 1 1 1 1 1 1 1 1 1 1 1 1 1 1 1 1 1 1 1 1 1 1 1 1 1 1 1 1 1 1 1 1 1 1 1 1 1 1 1 1 1 1 1 1 1 1 1 1 1 1 1 1 1 ]
host_utc=2026-10-01T12:12:23.389+00:00 host_mono_ns=2615762580044903 [2026-10-01 12:12:23.388] [info] stack_count=168, stack_size=169
host_utc=2026-10-01T12:12:23.389+00:00 host_mono_ns=2615762580056415 
host_utc=2026-10-01T12:12:23.389+00:00 host_mono_ns=2615762580067175 [2026-10-01 12:12:23.388] [info] local_count=146, local_size=147
host_utc=2026-10-01T12:12:23.389+00:00 host_mono_ns=2615762580078156 
host_utc=2026-10-01T12:12:23.389+00:00 host_mono_ns=2615762580088786 [2026-10-01 12:12:23.388] [info] locals: {count=146, size=147}
host_utc=2026-10-01T12:12:23.389+00:00 host_mono_ns=2615762580099746 
host_utc=2026-10-01T12:12:23.389+00:00 host_mono_ns=2615762580110467 [2026-10-01 12:12:23.388] [info] value_stack: {count=22, size=22}
host_utc=2026-10-01T12:12:23.389+00:00 host_mono_ns=2615762580121678 
host_utc=2026-10-01T12:12:23.389+00:00 host_mono_ns=2615762580132348 Stack: [ 2 1 0 ]
host_utc=2026-10-01T12:12:23.389+00:00 host_mono_ns=2615762580143118 Stack: [ 1 1 1 ]
host_utc=2026-10-01T12:12:23.389+00:00 host_mono_ns=2615762580153909 [2026-10-01 12:12:23.388] [info] stack_count=3, stack_size=3
host_utc=2026-10-01T12:12:23.389+00:00 host_mono_ns=2615762580165000 
host_utc=2026-10-01T12:12:23.390+00:00 host_mono_ns=2615762580175680 [2026-10-01 12:12:23.388] [info] local_count=3, local_size=3
host_utc=2026-10-01T12:12:23.390+00:00 host_mono_ns=2615762580186711 
host_utc=2026-10-01T12:12:23.390+00:00 host_mono_ns=2615762580197361 [2026-10-01 12:12:23.388] [info] locals: {count=3, size=3}
host_utc=2026-10-01T12:12:23.390+00:00 host_mono_ns=2615762580208171 
host_utc=2026-10-01T12:12:23.390+00:00 host_mono_ns=2615762580218781 [2026-10-01 12:12:23.388] [info] value_stack: {count=0, size=0}
host_utc=2026-10-01T12:12:23.390+00:00 host_mono_ns=2615762580229762 
host_utc=2026-10-01T12:12:23.390+00:00 host_mono_ns=2615762580240362 Stack: [ 0 ]
host_utc=2026-10-01T12:12:23.390+00:00 host_mono_ns=2615762580251313 Stack: [ 1 ]
host_utc=2026-10-01T12:12:23.390+00:00 host_mono_ns=2615762580262023 [2026-10-01 12:12:23.388] [info] stack_count=1, stack_size=1
host_utc=2026-10-01T12:12:23.390+00:00 host_mono_ns=2615762580272873 
host_utc=2026-10-01T12:12:23.390+00:00 host_mono_ns=2615762580283453 [2026-10-01 12:12:23.388] [info] local_count=1, local_size=1
host_utc=2026-10-01T12:12:23.390+00:00 host_mono_ns=2615762580294214 
host_utc=2026-10-01T12:12:23.390+00:00 host_mono_ns=2615762580327096 [2026-10-01 12:12:23.388] [info] locals: {count=1, size=1}
host_utc=2026-10-01T12:12:23.390+00:00 host_mono_ns=2615762580338006 
host_utc=2026-10-01T12:12:23.390+00:00 host_mono_ns=2615762580348526 [2026-10-01 12:12:23.388] [info] value_stack: {count=0, size=0}
host_utc=2026-10-01T12:12:23.390+00:00 host_mono_ns=2615762580359306 
host_utc=2026-10-01T12:12:23.390+00:00 host_mono_ns=2615762580369866 call_stack size: 8
host_utc=2026-10-01T12:12:23.390+00:00 host_mono_ns=2615762580380747 CallStackEntry: fidx=46, offset=39
host_utc=2026-10-01T12:12:23.390+00:00 host_mono_ns=2615762580391698 pc:
host_utc=2026-10-01T12:12:23.390+00:00 host_mono_ns=2615762580402929   pc: (46, 39)
host_utc=2026-10-01T12:12:23.390+00:00 host_mono_ns=2615762580413749 locals:
host_utc=2026-10-01T12:12:23.390+00:00 host_mono_ns=2615762580424580   types: 1
host_utc=2026-10-01T12:12:23.390+00:00 host_mono_ns=2615762580435671   values: 0
host_utc=2026-10-01T12:12:23.390+00:00 host_mono_ns=2615762580446471 value_stack:
host_utc=2026-10-01T12:12:23.390+00:00 host_mono_ns=2615762580457261   types:
host_utc=2026-10-01T12:12:23.390+00:00 host_mono_ns=2615762580468142   values:
host_utc=2026-10-01T12:12:23.390+00:00 host_mono_ns=2615762580479143 label stack:
host_utc=2026-10-01T12:12:23.390+00:00 host_mono_ns=2615762580489903   size: 3
host_utc=2026-10-01T12:12:23.390+00:00 host_mono_ns=2615762580500894     begins: 0 2 4
host_utc=2026-10-01T12:12:23.390+00:00 host_mono_ns=2615762580511844     targets: 71 4294967295 4294967295
host_utc=2026-10-01T12:12:23.390+00:00 host_mono_ns=2615762580522835     stack_pointers: 0 0 0
host_utc=2026-10-01T12:12:23.390+00:00 host_mono_ns=2615762580533726     cell_nums: 0 0 0
host_utc=2026-10-01T12:12:23.390+00:00 host_mono_ns=2615762580544666 CallStackEntry: fidx=3167, offset=108
host_utc=2026-10-01T12:12:23.390+00:00 host_mono_ns=2615762580555577 pc:
host_utc=2026-10-01T12:12:23.390+00:00 host_mono_ns=2615762580566317   pc: (3167, 108)
host_utc=2026-10-01T12:12:23.390+00:00 host_mono_ns=2615762580577198 locals:
host_utc=2026-10-01T12:12:23.390+00:00 host_mono_ns=2615762580587988   types: 1 1 1
host_utc=2026-10-01T12:12:23.390+00:00 host_mono_ns=2615762580598769   values: 7855040 7855120 7855072
host_utc=2026-10-01T12:12:23.390+00:00 host_mono_ns=2615762580609749 value_stack:
host_utc=2026-10-01T12:12:23.390+00:00 host_mono_ns=2615762580620610   types:
host_utc=2026-10-01T12:12:23.390+00:00 host_mono_ns=2615762580631410   values:
host_utc=2026-10-01T12:12:23.390+00:00 host_mono_ns=2615762580642150 label stack:
host_utc=2026-10-01T12:12:23.390+00:00 host_mono_ns=2615762580652811   size: 6
host_utc=2026-10-01T12:12:23.390+00:00 host_mono_ns=2615762580663671     begins: 0 19 21 23 25 27
host_utc=2026-10-01T12:12:23.390+00:00 host_mono_ns=2615762580674582     targets: 209 4294967295 4294967295 4294967295 4294967295 4294967295
host_utc=2026-10-01T12:12:23.390+00:00 host_mono_ns=2615762580685773     stack_pointers: 0 0 0 0 0 0
host_utc=2026-10-01T12:12:23.390+00:00 host_mono_ns=2615762580696884     cell_nums: 1 0 0 0 0 0
host_utc=2026-10-01T12:12:23.390+00:00 host_mono_ns=2615762580707784 CallStackEntry: fidx=50, offset=1296
host_utc=2026-10-01T12:12:23.390+00:00 host_mono_ns=2615762580718725 pc:
host_utc=2026-10-01T12:12:23.390+00:00 host_mono_ns=2615762580729555   pc: (50, 1296)
host_utc=2026-10-01T12:12:23.390+00:00 host_mono_ns=2615762580740366 locals:
host_utc=2026-10-01T12:12:23.390+00:00 host_mono_ns=2615762580751417   types: 1 1 1 1 1 1 1 1 1 1 1 1 1 1 1 1 1 1 1 1 1 1 1 1 1 1 1 1 1 1 1 1 1 1 1 1 1 1 1 1 1 1 1 1 1 1 1 1 1 1 1 1 1 1 1 1 1 1 1 1 1 1 1 1 1 1 1 1 1 1 1 1 1 1 1 1 1 1 1 1 1 1 1 1 1 1 1 1 1 1 1 1 1 1 1 1 1 1 2 1 1 1 1 1 1 1 1 1 1 1 1 1 1 1 1 1 1 1 1 1 1 1 1 1 1 1 1 1 1 1 1 1 1 1 1 1 1 1 1 1 1 1 1 1 1 1
host_utc=2026-10-01T12:12:23.390+00:00 host_mono_ns=2615762580764421   values: 1 7855120 7855040 240 7854800 0 0 7398 11481 0 11343 0 0 6 6 1000 0 6 1000 6 7075 8859 32 7854832 11398 0 11500 0 196 7854996 7854996 7374 208 7855008 7855008 196 7854996 7854996 196 7854996 7854996 160 7854960 7854960 1282 172 7854972 7854972 208 7855008 7855008 160 7854960 7854960 10 160 7854960 7854960 124 7854924 7854924 3127 136 7854936 7854936 208 7855008 7855008 124 7854924 7854924 10 1 124 7854924 7854924 100 230 230 1000 0 230 1000 230 7121 8859 16 7854816 11371 0 11500 0 0 112 7854912 0 104 7854904 0 96 7854896 88 7854888 80 7854880 7854880 49 1 50 56 7854856 7854856 68 7854868 7854868 8761 56 7854856 7854856 80 7854880 7854880 68 7854868 7854868 68 7854868 7854868 56 7854856 7854856 80 7854880 7854880 80216080 11435 172 7854972 7854972 80 7854880 7854880 1000 80 7854880
host_utc=2026-10-01T12:12:23.390+00:00 host_mono_ns=2615762580784038 value_stack:
host_utc=2026-10-01T12:12:23.390+00:00 host_mono_ns=2615762580795039   types: 1 1 1 1 1 1 1 1 1 1 1 1 1 1 1 1 1 1 1 1 1 1
host_utc=2026-10-01T12:12:23.390+00:00 host_mono_ns=2615762580806130   values: 1000 1000 1000 1000 1000 1000 1000 1000 1000 1000 1000 1000 1000 1000 1000 1000 1000 1000 1000 1000 1000 1000
host_utc=2026-10-01T12:12:23.390+00:00 host_mono_ns=2615762580818323 label stack:
host_utc=2026-10-01T12:12:23.390+00:00 host_mono_ns=2615762580829123   size: 2
host_utc=2026-10-01T12:12:23.390+00:00 host_mono_ns=2615762580840054     begins: 0 856
host_utc=2026-10-01T12:12:23.390+00:00 host_mono_ns=2615762580850824     targets: 1337 856
host_utc=2026-10-01T12:12:23.390+00:00 host_mono_ns=2615762580861605     stack_pointers: 0 0
host_utc=2026-10-01T12:12:23.390+00:00 host_mono_ns=2615762580872325     cell_nums: 1 0
host_utc=2026-10-01T12:12:23.390+00:00 host_mono_ns=2615762580883015 CallStackEntry: fidx=1347, offset=131
host_utc=2026-10-01T12:12:23.390+00:00 host_mono_ns=2615762580893946 pc:
host_utc=2026-10-01T12:12:23.390+00:00 host_mono_ns=2615762580904666   pc: (1347, 131)
host_utc=2026-10-01T12:12:23.390+00:00 host_mono_ns=2615762580915376 locals:
host_utc=2026-10-01T12:12:23.390+00:00 host_mono_ns=2615762580926127   types: 1 1 1 1 1 1 1 1 1 1 1 1 1 1 1 1 1 1 1
host_utc=2026-10-01T12:12:23.390+00:00 host_mono_ns=2615762580937187   values: 1000 7854800 16 7854784 0 1 0 1 0 1 0 0 1000 0 1000 0 0 0 0
host_utc=2026-10-01T12:12:23.390+00:00 host_mono_ns=2615762580948278 value_stack:
host_utc=2026-10-01T12:12:23.390+00:00 host_mono_ns=2615762580958969   types:
host_utc=2026-10-01T12:12:23.390+00:00 host_mono_ns=2615762580969749   values:
host_utc=2026-10-01T12:12:23.390+00:00 host_mono_ns=2615762580980499 label stack:
host_utc=2026-10-01T12:12:23.390+00:00 host_mono_ns=2615762580991350   size: 2
host_utc=2026-10-01T12:12:23.390+00:00 host_mono_ns=2615762581008592     begins: 0 74
host_utc=2026-10-01T12:12:23.390+00:00 host_mono_ns=2615762581022719     targets: 176 4294967295
host_utc=2026-10-01T12:12:23.390+00:00 host_mono_ns=2615762581033930     stack_pointers: 0 0
host_utc=2026-10-01T12:12:23.390+00:00 host_mono_ns=2615762581044921     cell_nums: 1 0
host_utc=2026-10-01T12:12:23.390+00:00 host_mono_ns=2615762581055851 CallStackEntry: fidx=1375, offset=341
host_utc=2026-10-01T12:12:23.390+00:00 host_mono_ns=2615762581066812 pc:
host_utc=2026-10-01T12:12:23.390+00:00 host_mono_ns=2615762581077593   pc: (1375, 341)
host_utc=2026-10-01T12:12:23.390+00:00 host_mono_ns=2615762581088443 locals:
host_utc=2026-10-01T12:12:23.390+00:00 host_mono_ns=2615762581099394   types: 1 1 1 1 1 1 1 1 1 1 1 1 1 1 1 1 1 1 1 1 1 1 1 1 1 1 1 1 1 1 1 1 1 1 1 1 1 1 1 1 1 1 1 1 1 1 1 1 1 1 1 1 1 1 1 1 1 1 1 1 1 1 1
host_utc=2026-10-01T12:12:23.390+00:00 host_mono_ns=2615762581110976   values: 1000 7854784 112 7854672 0 80 7854752 7854752 0 32 7854704 7854704 0 80 7854752 7854752 1000 4294967295 1000 4294967295 0 1 0 0 0 0 0 0 0 0 0 0 1000 8 7854680 7854680 32 7854704 7854704 80 7854752 7854752 8 7854680 7854680 0 0 0 0 0 0 0 0 0 0 0 0 0 0 0 0 0 0
host_utc=2026-10-01T12:12:23.390+00:00 host_mono_ns=2615762581123088 value_stack:
host_utc=2026-10-01T12:12:23.390+00:00 host_mono_ns=2615762581133979   types: 1 1 1
host_utc=2026-10-01T12:12:23.390+00:00 host_mono_ns=2615762581144739   values: 7854704 7854704 7854704
host_utc=2026-10-01T12:12:23.390+00:00 host_mono_ns=2615762581155510 label stack:
host_utc=2026-10-01T12:12:23.391+00:00 host_mono_ns=2615762581172542   size: 2
host_utc=2026-10-01T12:12:23.391+00:00 host_mono_ns=2615762581183292     begins: 0 171
host_utc=2026-10-01T12:12:23.391+00:00 host_mono_ns=2615762581193882     targets: 489 4294967295
host_utc=2026-10-01T12:12:23.391+00:00 host_mono_ns=2615762581204783     stack_pointers: 0 0
host_utc=2026-10-01T12:12:23.391+00:00 host_mono_ns=2615762581215473     cell_nums: 1 0
host_utc=2026-10-01T12:12:23.391+00:00 host_mono_ns=2615762581226133 CallStackEntry: fidx=3322, offset=427
host_utc=2026-10-01T12:12:23.391+00:00 host_mono_ns=2615762581236983 pc:
host_utc=2026-10-01T12:12:23.391+00:00 host_mono_ns=2615762581247593   pc: (3322, 427)
host_utc=2026-10-01T12:12:23.391+00:00 host_mono_ns=2615762581258163 locals:
host_utc=2026-10-01T12:12:23.391+00:00 host_mono_ns=2615762581268924   types: 1 1 1 1 1 1 1 1 1
host_utc=2026-10-01T12:12:23.391+00:00 host_mono_ns=2615762581279754   values: 7854704 7854752 7854680 7854640 2 0 7854660 7854736 1
host_utc=2026-10-01T12:12:23.391+00:00 host_mono_ns=2615762581290735 value_stack:
host_utc=2026-10-01T12:12:23.391+00:00 host_mono_ns=2615762581301615   types: 1 1 1 1 1
host_utc=2026-10-01T12:12:23.391+00:00 host_mono_ns=2615762581312506   values: 7854660 7854660 7854660 7854660 7854660
host_utc=2026-10-01T12:12:23.391+00:00 host_mono_ns=2615762581323377 label stack:
host_utc=2026-10-01T12:12:23.391+00:00 host_mono_ns=2615762581334217   size: 2
host_utc=2026-10-01T12:12:23.391+00:00 host_mono_ns=2615762581345088     begins: 0 56
host_utc=2026-10-01T12:12:23.391+00:00 host_mono_ns=2615762581355808     targets: 1233 4294967295
host_utc=2026-10-01T12:12:23.391+00:00 host_mono_ns=2615762581366678     stack_pointers: 0 0
host_utc=2026-10-01T12:12:23.391+00:00 host_mono_ns=2615762581377469     cell_nums: 1 0
host_utc=2026-10-01T12:12:23.391+00:00 host_mono_ns=2615762581388199 CallStackEntry: fidx=3320, offset=189
host_utc=2026-10-01T12:12:23.391+00:00 host_mono_ns=2615762581399039 pc:
host_utc=2026-10-01T12:12:23.391+00:00 host_mono_ns=2615762581409760   pc: (3320, 189)
host_utc=2026-10-01T12:12:23.391+00:00 host_mono_ns=2615762581420340 locals:
host_utc=2026-10-01T12:12:23.391+00:00 host_mono_ns=2615762581431040   types: 1 1 1 1 1 1 2 1
host_utc=2026-10-01T12:12:23.391+00:00 host_mono_ns=2615762581441940   values: 7854660 2 7854640 999989560 1 7854624 4294922456541429760
host_utc=2026-10-01T12:12:23.391+00:00 host_mono_ns=2615762581452921 value_stack:
host_utc=2026-10-01T12:12:23.391+00:00 host_mono_ns=2615762581463782   types: 1 1
host_utc=2026-10-01T12:12:23.391+00:00 host_mono_ns=2615762581474692   values: 0 0
host_utc=2026-10-01T12:12:23.391+00:00 host_mono_ns=2615762581485583 label stack:
host_utc=2026-10-01T12:12:23.391+00:00 host_mono_ns=2615762581496463   size: 2
host_utc=2026-10-01T12:12:23.391+00:00 host_mono_ns=2615762581507053     begins: 0 19
host_utc=2026-10-01T12:12:23.391+00:00 host_mono_ns=2615762581517934     targets: 234 4294967295
host_utc=2026-10-01T12:12:23.391+00:00 host_mono_ns=2615762581528764     stack_pointers: 0 0
host_utc=2026-10-01T12:12:23.391+00:00 host_mono_ns=2615762581539495     cell_nums: 1 0
host_utc=2026-10-01T12:12:23.391+00:00 host_mono_ns=2615762581550225 CallStackEntry: fidx=3314, offset=24
host_utc=2026-10-01T12:12:23.391+00:00 host_mono_ns=2615762581561216 pc:
host_utc=2026-10-01T12:12:23.391+00:00 host_mono_ns=2615762581571836   pc: (3314, 24)
host_utc=2026-10-01T12:12:23.391+00:00 host_mono_ns=2615762581582566 locals:
host_utc=2026-10-01T12:12:23.391+00:00 host_mono_ns=2615762581593216   types: 1 1 1 2 1
host_utc=2026-10-01T12:12:23.391+00:00 host_mono_ns=2615762581603956   values: 7854660 128 2 4294922456541429760
host_utc=2026-10-01T12:12:23.391+00:00 host_mono_ns=2615762581614887 value_stack:
host_utc=2026-10-01T12:12:23.391+00:00 host_mono_ns=2615762581625577   types: 1 1 1 1 1 2
host_utc=2026-10-01T12:12:23.391+00:00 host_mono_ns=2615762581636398   values: 4294967290 4294967223 0 7854660 2 4294922456541429760
host_utc=2026-10-01T12:12:23.391+00:00 host_mono_ns=2615762581647318 label stack:
host_utc=2026-10-01T12:12:23.391+00:00 host_mono_ns=2615762581664030   size: 2
host_utc=2026-10-01T12:12:23.391+00:00 host_mono_ns=2615762581674910     begins: 0 6
host_utc=2026-10-01T12:12:23.391+00:00 host_mono_ns=2615762581685640     targets: 47 4294967295
host_utc=2026-10-01T12:12:23.391+00:00 host_mono_ns=2615762581704596     stack_pointers: 0 0
host_utc=2026-10-01T12:12:23.391+00:00 host_mono_ns=2615762581715727     cell_nums: 1 0
host_utc=2026-10-01T12:12:23.391+00:00 host_mono_ns=2615762581726438 [2026-10-01 12:12:23.388] [info] Success to dump frame stack
host_utc=2026-10-01T12:12:23.391+00:00 host_mono_ns=2615762581737649 
host_utc=2026-10-01T12:12:23.391+00:00 host_mono_ns=2615762581748369 stack, 302011
host_utc=2026-10-01T12:12:23.391+00:00 host_mono_ns=2615762581759159 main-thread attrs, 37330
host_utc=2026-10-01T12:12:23.391+00:00 host_mono_ns=2615762581770080 checkpoint done:0
host_utc=2026-10-01T12:12:23.393+00:00 host_mono_ns=2615762584189527 main thread dump_thread_states
host_utc=2026-10-01T12:12:23.394+00:00 host_mono_ns=2615762584242427 thread id: 11
host_utc=2026-10-01T12:12:23.394+00:00 host_mono_ns=2615762584257496 thread id: 10
host_utc=2026-10-01T12:12:23.394+00:00 host_mono_ns=2615762584270200 thread id: 9
host_utc=2026-10-01T12:12:23.394+00:00 host_mono_ns=2615762584282262 thread id: 8
host_utc=2026-10-01T12:12:23.394+00:00 host_mono_ns=2615762584293914 thread id: 7
host_utc=2026-10-01T12:12:23.394+00:00 host_mono_ns=2615762584305586 thread id: 6
host_utc=2026-10-01T12:12:23.394+00:00 host_mono_ns=2615762584317779 thread id: 5
host_utc=2026-10-01T12:12:23.394+00:00 host_mono_ns=2615762584330453 thread id: 4
host_utc=2026-10-01T12:12:23.394+00:00 host_mono_ns=2615762584344510 thread id: 3
host_utc=2026-10-01T12:12:23.394+00:00 host_mono_ns=2615762584355200 thread id: 2
host_utc=2026-10-01T12:12:23.394+00:00 host_mono_ns=2615762584365419 thread id: 1
host_utc=2026-10-01T12:12:23.394+00:00 host_mono_ns=2615762584375809 待機中スレッド一覧の保存をdump_valueで行います．数；8
host_utc=2026-10-01T12:12:23.394+00:00 host_mono_ns=2615762584394033 [06:36:02:310 - 75AAAA0EF840]: Success to dump img for wamr
host_utc=2026-10-01T12:12:23.394+00:00 host_mono_ns=2615762584406206 
host_utc=2026-10-01T12:12:23.394+00:00 host_mono_ns=2615762584417528 do_checkpoint_4
host_utc=2026-10-01T12:12:23.394+00:00 host_mono_ns=2615762584428709 wasm_cluster_increase_checkpointing_counter called 1
host_utc=2026-10-01T12:12:23.394+00:00 host_mono_ns=2615762584440110 wasm_cluster_increase_checkpointing_counter called 2
host_utc=2026-10-01T12:12:23.394+00:00 host_mono_ns=2615762584452373 wasm_cluster_increase_checkpointing_counter called 3
host_utc=2026-10-01T12:12:23.426+00:00 host_mono_ns=2615762616636923 event=collector_process_exit source=checkpoint exit_status=0
