[SEDP-RACE-RUN35] host_utc=2026-09-28T09:04:23.917+00:00 host_mono_ns=2345283107462074 event=collector_start host_pid=1781195 container=mros2-cr-run35-native-peer
[SEDP-RACE-RUN35] host_utc=2026-09-28T09:04:23.970+00:00 host_mono_ns=2345283160694002 [CR-NATIVE-R04] event=process_start pid=14
[SEDP-RACE-RUN35] host_utc=2026-09-28T09:04:23.970+00:00 host_mono_ns=2345283160998517 ipaddr=0x050012ac
[SEDP-RACE-RUN35] host_utc=2026-09-28T09:04:23.970+00:00 host_mono_ns=2345283161016321 mask=0x00ffffff
[SEDP-RACE-RUN35] host_utc=2026-09-28T09:04:23.970+00:00 host_mono_ns=2345283161021811 [CR-NATIVE-R04] event=netif_config ip=172.18.0.5 mask=255.255.255.0 result=0
[SEDP-RACE-RUN35] host_utc=2026-09-28T09:04:23.970+00:00 host_mono_ns=2345283161027261 LOG_NOTICE : 00000000.000 : osKernelStart
[SEDP-RACE-RUN35] host_utc=2026-09-28T09:04:23.970+00:00 host_mono_ns=2345283161031940 [CR-NATIVE-R04] event=mros2_init_begin
[SEDP-RACE-RUN35] host_utc=2026-09-28T09:04:23.970+00:00 host_mono_ns=2345283161036539 LOG_DEBUG : 00000000.000 : mROS 2 initialization is completed
[SEDP-RACE-RUN35] host_utc=2026-09-28T09:04:23.970+00:00 host_mono_ns=2345283161041188 
[SEDP-RACE-RUN35] host_utc=2026-09-28T09:04:23.970+00:00 host_mono_ns=2345283161045696 LOG_DEBUG : 00000000.000 : [MROS2LIB] create_node
[SEDP-RACE-RUN35] host_utc=2026-09-28T09:04:23.970+00:00 host_mono_ns=2345283161050155 LOG_DEBUG : 00000000.000 : [MROS2LIB] start creating participant
[SEDP-RACE-RUN35] host_utc=2026-09-28T09:04:23.970+00:00 host_mono_ns=2345283161064602 LOG_DEBUG : 00000000.000 : [MROS2LIB] mros2_init task start
[SEDP-RACE-RUN35] host_utc=2026-09-28T09:04:23.970+00:00 host_mono_ns=2345283161069651 LOG_DEBUG : 00000000.000 : /tmp/mros2-posix-run04-final-source/lwip-posix/src/core/udp.c udp_init() 28: enter
[SEDP-RACE-RUN35] host_utc=2026-09-28T09:04:23.970+00:00 host_mono_ns=2345283161074821 LOG_DEBUG : 00000000.000 : [MROS2LIB] Initilizing lwIP complete
[SEDP-RACE-RUN35] host_utc=2026-09-28T09:04:23.970+00:00 host_mono_ns=2345283161079280 LOG_DEBUG : 00000000.000 : /tmp/mros2-posix-run04-final-source/lwip-posix/src/core/udp.c udp_new() 307: enter
[SEDP-RACE-RUN35] host_utc=2026-09-28T09:04:23.970+00:00 host_mono_ns=2345283161084319 LOG_DEBUG : 00000000.000 : /tmp/mros2-posix-run04-final-source/lwip-posix/src/core/udp_multicast_manager.c udp_mc_info_alloc() 24: enter
[SEDP-RACE-RUN35] host_utc=2026-09-28T09:04:23.970+00:00 host_mono_ns=2345283161089489 LOG_DEBUG : 00000000.000 : /tmp/mros2-posix-run04-final-source/lwip-posix/src/core/udp_multicast_manager.c udp_mc_info_alloc() 42: mcp=0x75300c000db0 exit
[SEDP-RACE-RUN35] host_utc=2026-09-28T09:04:23.970+00:00 host_mono_ns=2345283161094418 LOG_DEBUG : 00000000.000 : /tmp/mros2-posix-run04-final-source/lwip-posix/src/core/udp.c udp_new() 327: exit
[SEDP-RACE-RUN35] host_utc=2026-09-28T09:04:23.970+00:00 host_mono_ns=2345283161099398 LOG_DEBUG : 00000000.000 : /tmp/mros2-posix-run04-final-source/lwip-posix/src/core/udp.c udp_bind() 142: ipaddr=0x0 port=7401 enter
[SEDP-RACE-RUN35] host_utc=2026-09-28T09:04:23.970+00:00 host_mono_ns=2345283161104307 LOG_DEBUG : 00000000.000 : /tmp/mros2-posix-run04-final-source/lwip-posix/src/core/udp.c udp_bind() 155: mcp exist 0x75300c000db0
[SEDP-RACE-RUN35] host_utc=2026-09-28T09:04:23.970+00:00 host_mono_ns=2345283161108946 LOG_DEBUG : 00000000.000 : /tmp/mros2-posix-run04-final-source/lwip-posix/src/core/udp.c udp_bind() 225: exit
[SEDP-RACE-RUN35] host_utc=2026-09-28T09:04:23.970+00:00 host_mono_ns=2345283161113424 LOG_DEBUG : 00000000.000 : /tmp/mros2-posix-run04-final-source/lwip-posix/src/core/udp.c udp_recv() 240: enter
[SEDP-RACE-RUN35] host_utc=2026-09-28T09:04:23.971+00:00 host_mono_ns=2345283161230756 LOG_DEBUG : 00000000.000 : /tmp/mros2-posix-run04-final-source/lwip-posix/src/core/udp.c udp_recv() 251: exit
[SEDP-RACE-RUN35] host_utc=2026-09-28T09:04:23.971+00:00 host_mono_ns=2345283161277855 LOG_DEBUG : 00000000.000 : /tmp/mros2-posix-run04-final-source/lwip-posix/src/core/udp.c udp_new() 307: enter
[SEDP-RACE-RUN35] host_utc=2026-09-28T09:04:23.971+00:00 host_mono_ns=2345283161295959 LOG_DEBUG : 00000000.000 : /tmp/mros2-posix-run04-final-source/lwip-posix/src/core/udp_multicast_manager.c udp_mc_info_alloc() 24: enter
[SEDP-RACE-RUN35] host_utc=2026-09-28T09:04:23.971+00:00 host_mono_ns=2345283161334271 LOG_DEBUG : 00000000.000 : /tmp/mros2-posix-run04-final-source/lwip-posix/src/core/udp_multicast_manager.c udp_mc_info_alloc() 42: mcp=0x75300c000dd0 exit
[SEDP-RACE-RUN35] host_utc=2026-09-28T09:04:23.971+00:00 host_mono_ns=2345283161350572 LOG_DEBUG : 00000000.000 :
[SEDP-RACE-RUN35] host_utc=2026-09-28T09:04:23.971+00:00 host_mono_ns=2345283161365140 === DEBUG [lwip-posix]: thread_udp_recv thread started! ===
[SEDP-RACE-RUN35] host_utc=2026-09-28T09:04:23.971+00:00 host_mono_ns=2345283161390067 LOG_NOTICE : 00000000.000 : thread_udp_recv:UP: mcp=0x75300c000db0
[SEDP-RACE-RUN35] host_utc=2026-09-28T09:04:23.971+00:00 host_mono_ns=2345283161401518 /tmp/mros2-posix-run04-final-source/lwip-posix/src/core/udp.c udp_new() 327: exit
[SEDP-RACE-RUN35] host_utc=2026-09-28T09:04:23.971+00:00 host_mono_ns=2345283161412379 LOG_DEBUG : 00000000.000 : /tmp/mros2-posix-run04-final-source/lwip-posix/src/core/udp.c udp_bind() 142: ipaddr=0x0 port=7400 enter
[SEDP-RACE-RUN35] host_utc=2026-09-28T09:04:23.971+00:00 host_mono_ns=2345283161423239 LOG_DEBUG : 00000000.000 : /tmp/mros2-posix-run04-final-source/lwip-posix/src/core/udp.c udp_bind() 155: mcp exist 0x75300c000dd0
[SEDP-RACE-RUN35] host_utc=2026-09-28T09:04:23.971+00:00 host_mono_ns=2345283161433719 LOG_DEBUG : 00000000.000 : /tmp/mros2-posix-run04-final-source/lwip-posix/src/core/udp.c udp_bind() 225: exit
[SEDP-RACE-RUN35] host_utc=2026-09-28T09:04:23.971+00:00 host_mono_ns=2345283161444079 LOG_DEBUG : 00000000.000 : /tmp/mros2-posix-run04-final-source/lwip-posix/src/core/udp.c udp_recv() 240: enter
[SEDP-RACE-RUN35] host_utc=2026-09-28T09:04:23.971+00:00 host_mono_ns=2345283161454268 LOG_DEBUG : 00000000.001 : /tmp/mros2-posix-run04-final-source/lwip-posix/src/core/udp.c udp_recv() 251: exit
[SEDP-RACE-RUN35] host_utc=2026-09-28T09:04:23.971+00:00 host_mono_ns=2345283161464387 LOG_DEBUG : 00000000.001 : /tmp/mros2-posix-run04-final-source/lwip-posix/src/core/udp_multicast_manager.c udp_mc_joingroup() 78: enter ifaddr=0x50012ac groupaddr=0x100ffef
[SEDP-RACE-RUN35] host_utc=2026-09-28T09:04:23.971+00:00 host_mono_ns=2345283161476180 LOG_NOTICE : 00000000.001 : udp_mc_joingroup(): mcp=0x75300c000db0 ifaddr=0x50012ac groupaddr=0x100ffef
[SEDP-RACE-RUN35] host_utc=2026-09-28T09:04:23.971+00:00 host_mono_ns=2345283161486399 
[SEDP-RACE-RUN35] host_utc=2026-09-28T09:04:23.971+00:00 host_mono_ns=2345283161496788 === DEBUG [lwip-posix]: thread_udp_recv thread started! ===
[SEDP-RACE-RUN35] host_utc=2026-09-28T09:04:23.971+00:00 host_mono_ns=2345283161506797 LOG_NOTICE : 00000000.001 : udp_mc_joingroup(): mcp=0x75300c000dd0 ifaddr=0x50012ac groupaddr=0x100ffef
[SEDP-RACE-RUN35] host_utc=2026-09-28T09:04:23.971+00:00 host_mono_ns=2345283161516806 LOG_DEBUG : 00000000.001 : /tmp/mros2-posix-run04-final-source/lwip-posix/src/core/udp_multicast_manager.c udp_mc_joingroup() 93: exit
[SEDP-RACE-RUN35] host_utc=2026-09-28T09:04:23.971+00:00 host_mono_ns=2345283161527076 LOG_NOTICE : 00000000.001 : thread_udp_recv:UP: mcp=0x75300c000dd0
[SEDP-RACE-RUN35] host_utc=2026-09-28T09:04:24.070+00:00 host_mono_ns=2345283261170034 LOG_DEBUG : 00000000.100 : /tmp/mros2-posix-run04-final-source/lwip-posix/src/core/udp.c udp_new() 307: enter
[SEDP-RACE-RUN35] host_utc=2026-09-28T09:04:24.071+00:00 host_mono_ns=2345283261202065 LOG_DEBUG : 00000000.100 : /tmp/mros2-posix-run04-final-source/lwip-posix/src/core/udp_multicast_manager.c udp_mc_info_alloc() 24: enter
[SEDP-RACE-RUN35] host_utc=2026-09-28T09:04:24.071+00:00 host_mono_ns=2345283261214378 LOG_DEBUG : 00000000.100 : /tmp/mros2-posix-run04-final-source/lwip-posix/src/core/udp_multicast_manager.c udp_mc_info_alloc() 42: mcp=0x75300c000df0 exit
[SEDP-RACE-RUN35] host_utc=2026-09-28T09:04:24.071+00:00 host_mono_ns=2345283261225038 LOG_DEBUG : 00000000.100 : /tmp/mros2-posix-run04-final-source/lwip-posix/src/core/udp.c udp_new() 327: exit
[SEDP-RACE-RUN35] host_utc=2026-09-28T09:04:24.071+00:00 host_mono_ns=2345283261248983 LOG_DEBUG : 00000000.100 : /tmp/mros2-posix-run04-final-source/lwip-posix/src/core/udp.c udp_bind() 142: ipaddr=0x0 port=7411 enter
[SEDP-RACE-RUN35] host_utc=2026-09-28T09:04:24.071+00:00 host_mono_ns=2345283261259483 LOG_DEBUG : 00000000.100 : /tmp/mros2-posix-run04-final-source/lwip-posix/src/core/udp.c udp_bind() 155: mcp exist 0x75300c000df0
[SEDP-RACE-RUN35] host_utc=2026-09-28T09:04:24.071+00:00 host_mono_ns=2345283261269672 LOG_DEBUG : 00000000.100 : /tmp/mros2-posix-run04-final-source/lwip-posix/src/core/udp.c udp_bind() 225: exit
[SEDP-RACE-RUN35] host_utc=2026-09-28T09:04:24.071+00:00 host_mono_ns=2345283261279902 LOG_DEBUG : 00000000.100 : /tmp/mros2-posix-run04-final-source/lwip-posix/src/core/udp.c udp_recv() 240: enter
[SEDP-RACE-RUN35] host_utc=2026-09-28T09:04:24.071+00:00 host_mono_ns=2345283261290031 LOG_DEBUG : 00000000.100 : /tmp/mros2-posix-run04-final-source/lwip-posix/src/core/udp.c udp_recv() 251: exit
[SEDP-RACE-RUN35] host_utc=2026-09-28T09:04:24.071+00:00 host_mono_ns=2345283261300000 LOG_DEBUG : 00000000.100 : /tmp/mros2-posix-run04-final-source/lwip-posix/src/core/udp.c udp_new() 307: enter
[SEDP-RACE-RUN35] host_utc=2026-09-28T09:04:24.071+00:00 host_mono_ns=2345283261309968 LOG_DEBUG : 00000000.100 : /tmp/mros2-posix-run04-final-source/lwip-posix/src/core/udp_multicast_manager.c udp_mc_info_alloc() 24: enter
[SEDP-RACE-RUN35] host_utc=2026-09-28T09:04:24.071+00:00 host_mono_ns=2345283261319997 LOG_DEBUG : 00000000.100 : /tmp/mros2-posix-run04-final-source/lwip-posix/src/core/udp_multicast_manager.c udp_mc_info_alloc() 42: mcp=0x75300c000e10 exit
[SEDP-RACE-RUN35] host_utc=2026-09-28T09:04:24.071+00:00 host_mono_ns=2345283261330086 LOG_DEBUG : 00000000.100 : /tmp/mros2-posix-run04-final-source/lwip-posix/src/core/udp.c udp_new() 327: exit
[SEDP-RACE-RUN35] host_utc=2026-09-28T09:04:24.071+00:00 host_mono_ns=2345283261340105 LOG_DEBUG : 00000000.100 : /tmp/mros2-posix-run04-final-source/lwip-posix/src/core/udp.c udp_bind() 142: ipaddr=0x0 port=7410 enter
[SEDP-RACE-RUN35] host_utc=2026-09-28T09:04:24.071+00:00 host_mono_ns=2345283261350164 LOG_DEBUG : 00000000.100 : /tmp/mros2-posix-run04-final-source/lwip-posix/src/core/udp.c udp_bind() 155: mcp exist 0x75300c000e10
[SEDP-RACE-RUN35] host_utc=2026-09-28T09:04:24.071+00:00 host_mono_ns=2345283261360303 LOG_DEBUG : 00000000.100 : /tmp/mros2-posix-run04-final-source/lwip-posix/src/core/udp.c udp_bind() 225: exit
[SEDP-RACE-RUN35] host_utc=2026-09-28T09:04:24.071+00:00 host_mono_ns=2345283261370292 LOG_DEBUG : 00000000.100 : /tmp/mros2-posix-run04-final-source/lwip-posix/src/core/udp.c udp_recv() 240: enter
[SEDP-RACE-RUN35] host_utc=2026-09-28T09:04:24.071+00:00 host_mono_ns=2345283261380191 LOG_DEBUG : 00000000.100 : /tmp/mros2-posix-run04-final-source/lwip-posix/src/core/udp.c udp_recv() 251: exit
[SEDP-RACE-RUN35] host_utc=2026-09-28T09:04:24.071+00:00 host_mono_ns=2345283261390250 === DEBUG [lwip-posix]: thread_udp_recv thread started! ===
[SEDP-RACE-RUN35] host_utc=2026-09-28T09:04:24.071+00:00 host_mono_ns=2345283261400219 
[SEDP-RACE-RUN35] host_utc=2026-09-28T09:04:24.071+00:00 host_mono_ns=2345283261410278 LOG_NOTICE : 00000000.100 : thread_udp_recv:UP: mcp=0x75300c000df0
[SEDP-RACE-RUN35] host_utc=2026-09-28T09:04:24.071+00:00 host_mono_ns=2345283261420267 
[SEDP-RACE-RUN35] host_utc=2026-09-28T09:04:24.071+00:00 host_mono_ns=2345283261429975 === DEBUG [lwip-posix]: thread_udp_recv thread started! ===
[SEDP-RACE-RUN35] host_utc=2026-09-28T09:04:24.071+00:00 host_mono_ns=2345283261447699 LOG_NOTICE : 00000000.100 : thread_udp_recv:UP: mcp=0x75300c000e10
[SEDP-RACE-RUN35] host_utc=2026-09-28T09:04:24.071+00:00 host_mono_ns=2345283261458008 LOG_DEBUG : 00000000.101 : [MROS2LIB] successfully created participant
[SEDP-RACE-RUN35] host_utc=2026-09-28T09:04:24.071+00:00 host_mono_ns=2345283261468217 LOG_DEBUG : 00000000.101 : [MROS2LIB] create_publisher complete.
[SEDP-RACE-RUN35] host_utc=2026-09-28T09:04:24.071+00:00 host_mono_ns=2345283261478447 LOG_DEBUG : 00000000.101 : [MROS2LIB] create_subscription complete.
[SEDP-RACE-RUN35] host_utc=2026-09-28T09:04:24.071+00:00 host_mono_ns=2345283261702911 LOG_DEBUG : 00000000.101 : [MROS2LIB] Initilizing Domain complete
[SEDP-RACE-RUN35] host_utc=2026-09-28T09:04:24.071+00:00 host_mono_ns=2345283261722398 
[SEDP-RACE-RUN35] host_utc=2026-09-28T09:04:24.071+00:00 host_mono_ns=2345283261733008 === DEBUG [lwip-posix]: udp_sendto called! Bypassing to POSIX sendto ===
[SEDP-RACE-RUN35] host_utc=2026-09-28T09:04:24.071+00:00 host_mono_ns=2345283261884574 
[SEDP-RACE-RUN35] host_utc=2026-09-28T09:04:24.071+00:00 host_mono_ns=2345283261922756 === DEBUG [lwip-posix]: recvfrom received packet of len 204! Bypassing to pcb->recv ===
[SEDP-RACE-RUN35] host_utc=2026-09-28T09:04:24.171+00:00 host_mono_ns=2345283361493388 LOG_NOTICE : 00000000.201 : native peer ready: /to_linux -> /to_stm
[SEDP-RACE-RUN35] host_utc=2026-09-28T09:04:24.171+00:00 host_mono_ns=2345283361527493 
[SEDP-RACE-RUN35] host_utc=2026-09-28T09:04:24.171+00:00 host_mono_ns=2345283361538674 [CR-NATIVE-R04] event=peer_ready subscribe=/to_linux publish=/to_stm type=std_msgs/msg/String
[SEDP-RACE-RUN35] host_utc=2026-09-28T09:04:24.825+00:00 host_mono_ns=2345284015566255 
[SEDP-RACE-RUN35] host_utc=2026-09-28T09:04:24.825+00:00 host_mono_ns=2345284015602994 === DEBUG [lwip-posix]: recvfrom received packet of len 204! Bypassing to pcb->recv ===
[SEDP-RACE-RUN35] host_utc=2026-09-28T09:04:24.825+00:00 host_mono_ns=2345284015619475 
[SEDP-RACE-RUN35] host_utc=2026-09-28T09:04:24.825+00:00 host_mono_ns=2345284015627500 === DEBUG [lwip-posix]: udp_sendto called! Bypassing to POSIX sendto ===
[SEDP-RACE-RUN35] host_utc=2026-09-28T09:04:24.825+00:00 host_mono_ns=2345284015634524 
[SEDP-RACE-RUN35] host_utc=2026-09-28T09:04:24.825+00:00 host_mono_ns=2345284015640825 === DEBUG [lwip-posix]: recvfrom received packet of len 204! Bypassing to pcb->recv ===
[SEDP-RACE-RUN35] host_utc=2026-09-28T09:04:24.827+00:00 host_mono_ns=2345284017452227 
[SEDP-RACE-RUN35] host_utc=2026-09-28T09:04:24.827+00:00 host_mono_ns=2345284017503234 === DEBUG [lwip-posix]: recvfrom received packet of len 52! Bypassing to pcb->recv ===
[SEDP-RACE-RUN35] host_utc=2026-09-28T09:04:24.827+00:00 host_mono_ns=2345284017524183 
[SEDP-RACE-RUN35] host_utc=2026-09-28T09:04:24.827+00:00 host_mono_ns=2345284017540164 === DEBUG [lwip-posix]: udp_sendto called! Bypassing to POSIX sendto ===
[SEDP-RACE-RUN35] host_utc=2026-09-28T09:04:24.827+00:00 host_mono_ns=2345284017616237 
[SEDP-RACE-RUN35] host_utc=2026-09-28T09:04:24.827+00:00 host_mono_ns=2345284017638018 === DEBUG [lwip-posix]: recvfrom received packet of len 52! Bypassing to pcb->recv ===
[SEDP-RACE-RUN35] host_utc=2026-09-28T09:04:24.827+00:00 host_mono_ns=2345284017711167 
[SEDP-RACE-RUN35] host_utc=2026-09-28T09:04:24.827+00:00 host_mono_ns=2345284017730703 === DEBUG [lwip-posix]: udp_sendto called! Bypassing to POSIX sendto ===
[SEDP-RACE-RUN35] host_utc=2026-09-28T09:04:24.827+00:00 host_mono_ns=2345284017747806 
[SEDP-RACE-RUN35] host_utc=2026-09-28T09:04:24.827+00:00 host_mono_ns=2345284017758045 === DEBUG [lwip-posix]: recvfrom received packet of len 52! Bypassing to pcb->recv ===
[SEDP-RACE-RUN35] host_utc=2026-09-28T09:04:24.827+00:00 host_mono_ns=2345284017768284 
[SEDP-RACE-RUN35] host_utc=2026-09-28T09:04:24.827+00:00 host_mono_ns=2345284017778033 === DEBUG [lwip-posix]: udp_sendto called! Bypassing to POSIX sendto ===
[SEDP-RACE-RUN35] host_utc=2026-09-28T09:04:24.827+00:00 host_mono_ns=2345284018037934 
[SEDP-RACE-RUN35] host_utc=2026-09-28T09:04:24.827+00:00 host_mono_ns=2345284018076156 === DEBUG [lwip-posix]: recvfrom received packet of len 52! Bypassing to pcb->recv ===
[SEDP-RACE-RUN35] host_utc=2026-09-28T09:04:24.827+00:00 host_mono_ns=2345284018088660 
[SEDP-RACE-RUN35] host_utc=2026-09-28T09:04:24.827+00:00 host_mono_ns=2345284018098067 === DEBUG [lwip-posix]: udp_sendto called! Bypassing to POSIX sendto ===
[SEDP-RACE-RUN35] host_utc=2026-09-28T09:04:24.827+00:00 host_mono_ns=2345284018109399 
[SEDP-RACE-RUN35] host_utc=2026-09-28T09:04:24.827+00:00 host_mono_ns=2345284018121462 === DEBUG [lwip-posix]: recvfrom received packet of len 52! Bypassing to pcb->recv ===
[SEDP-RACE-RUN35] host_utc=2026-09-28T09:04:24.827+00:00 host_mono_ns=2345284018144445 
[SEDP-RACE-RUN35] host_utc=2026-09-28T09:04:24.827+00:00 host_mono_ns=2345284018153502 === DEBUG [lwip-posix]: udp_sendto called! Bypassing to POSIX sendto ===
[SEDP-RACE-RUN35] host_utc=2026-09-28T09:04:24.828+00:00 host_mono_ns=2345284018172228 
[SEDP-RACE-RUN35] host_utc=2026-09-28T09:04:24.828+00:00 host_mono_ns=2345284018181425 === DEBUG [lwip-posix]: recvfrom received packet of len 52! Bypassing to pcb->recv ===
[SEDP-RACE-RUN35] host_utc=2026-09-28T09:04:24.828+00:00 host_mono_ns=2345284018190382 
[SEDP-RACE-RUN35] host_utc=2026-09-28T09:04:24.828+00:00 host_mono_ns=2345284018198898 === DEBUG [lwip-posix]: udp_sendto called! Bypassing to POSIX sendto ===
[SEDP-RACE-RUN35] host_utc=2026-09-28T09:04:24.828+00:00 host_mono_ns=2345284018565430 
[SEDP-RACE-RUN35] host_utc=2026-09-28T09:04:24.828+00:00 host_mono_ns=2345284018588123 === DEBUG [lwip-posix]: recvfrom received packet of len 52! Bypassing to pcb->recv ===
[SEDP-RACE-RUN35] host_utc=2026-09-28T09:04:24.828+00:00 host_mono_ns=2345284018601469 
[SEDP-RACE-RUN35] host_utc=2026-09-28T09:04:24.828+00:00 host_mono_ns=2345284018611618 === DEBUG [lwip-posix]: udp_sendto called! Bypassing to POSIX sendto ===
[SEDP-RACE-RUN35] host_utc=2026-09-28T09:04:24.828+00:00 host_mono_ns=2345284018875186 
[SEDP-RACE-RUN35] host_utc=2026-09-28T09:04:24.828+00:00 host_mono_ns=2345284018898109 === DEBUG [lwip-posix]: recvfrom received packet of len 204! Bypassing to pcb->recv ===
[SEDP-RACE-RUN35] host_utc=2026-09-28T09:04:24.828+00:00 host_mono_ns=2345284018909340 
[SEDP-RACE-RUN35] host_utc=2026-09-28T09:04:24.828+00:00 host_mono_ns=2345284018918017 === DEBUG [lwip-posix]: recvfrom received packet of len 52! Bypassing to pcb->recv ===
[SEDP-RACE-RUN35] host_utc=2026-09-28T09:04:24.828+00:00 host_mono_ns=2345284018927074 
[SEDP-RACE-RUN35] host_utc=2026-09-28T09:04:24.828+00:00 host_mono_ns=2345284018935790 === DEBUG [lwip-posix]: udp_sendto called! Bypassing to POSIX sendto ===
[SEDP-RACE-RUN35] host_utc=2026-09-28T09:04:24.829+00:00 host_mono_ns=2345284019631294 
[SEDP-RACE-RUN35] host_utc=2026-09-28T09:04:24.829+00:00 host_mono_ns=2345284019657794 === DEBUG [lwip-posix]: recvfrom received packet of len 216! Bypassing to pcb->recv ===
[SEDP-RACE-RUN35] host_utc=2026-09-28T09:04:24.829+00:00 host_mono_ns=2345284019669476 LOG_DEBUG : 00000000.859 : [MROS2LIB] subscriber matched with remote publisher
[SEDP-RACE-RUN35] host_utc=2026-09-28T09:04:24.829+00:00 host_mono_ns=2345284019780256 
[SEDP-RACE-RUN35] host_utc=2026-09-28T09:04:24.829+00:00 host_mono_ns=2345284019795204 === DEBUG [lwip-posix]: recvfrom received packet of len 52! Bypassing to pcb->recv ===
[SEDP-RACE-RUN35] host_utc=2026-09-28T09:04:24.829+00:00 host_mono_ns=2345284019803930 
[SEDP-RACE-RUN35] host_utc=2026-09-28T09:04:24.829+00:00 host_mono_ns=2345284019810883 === DEBUG [lwip-posix]: udp_sendto called! Bypassing to POSIX sendto ===
[SEDP-RACE-RUN35] host_utc=2026-09-28T09:04:24.829+00:00 host_mono_ns=2345284019824820 
[SEDP-RACE-RUN35] host_utc=2026-09-28T09:04:24.829+00:00 host_mono_ns=2345284019834608 === DEBUG [lwip-posix]: recvfrom received packet of len 52! Bypassing to pcb->recv ===
[SEDP-RACE-RUN35] host_utc=2026-09-28T09:04:24.829+00:00 host_mono_ns=2345284019844487 
[SEDP-RACE-RUN35] host_utc=2026-09-28T09:04:24.829+00:00 host_mono_ns=2345284019853805 === DEBUG [lwip-posix]: udp_sendto called! Bypassing to POSIX sendto ===
[SEDP-RACE-RUN35] host_utc=2026-09-28T09:04:24.830+00:00 host_mono_ns=2345284020282845 
[SEDP-RACE-RUN35] host_utc=2026-09-28T09:04:24.830+00:00 host_mono_ns=2345284020302122 === DEBUG [lwip-posix]: recvfrom received packet of len 52! Bypassing to pcb->recv ===
[SEDP-RACE-RUN35] host_utc=2026-09-28T09:04:24.830+00:00 host_mono_ns=2345284020310557 
[SEDP-RACE-RUN35] host_utc=2026-09-28T09:04:24.830+00:00 host_mono_ns=2345284020317230 === DEBUG [lwip-posix]: recvfrom received packet of len 52! Bypassing to pcb->recv ===
[SEDP-RACE-RUN35] host_utc=2026-09-28T09:04:24.830+00:00 host_mono_ns=2345284020331377 
[SEDP-RACE-RUN35] host_utc=2026-09-28T09:04:24.830+00:00 host_mono_ns=2345284020337889 === DEBUG [lwip-posix]: udp_sendto called! Bypassing to POSIX sendto ===
[SEDP-RACE-RUN35] host_utc=2026-09-28T09:04:24.830+00:00 host_mono_ns=2345284020350763 
[SEDP-RACE-RUN35] host_utc=2026-09-28T09:04:24.830+00:00 host_mono_ns=2345284020357256 === DEBUG [lwip-posix]: udp_sendto called! Bypassing to POSIX sendto ===
[SEDP-RACE-RUN35] host_utc=2026-09-28T09:04:24.830+00:00 host_mono_ns=2345284020619661 
[SEDP-RACE-RUN35] host_utc=2026-09-28T09:04:24.830+00:00 host_mono_ns=2345284020633297 === DEBUG [lwip-posix]: recvfrom received packet of len 52! Bypassing to pcb->recv ===
[SEDP-RACE-RUN35] host_utc=2026-09-28T09:04:24.830+00:00 host_mono_ns=2345284020660499 
[SEDP-RACE-RUN35] host_utc=2026-09-28T09:04:24.830+00:00 host_mono_ns=2345284020667322 === DEBUG [lwip-posix]: udp_sendto called! Bypassing to POSIX sendto ===
[SEDP-RACE-RUN35] host_utc=2026-09-28T09:04:24.830+00:00 host_mono_ns=2345284020737825 
[SEDP-RACE-RUN35] host_utc=2026-09-28T09:04:24.830+00:00 host_mono_ns=2345284020746271 === DEBUG [lwip-posix]: recvfrom received packet of len 216! Bypassing to pcb->recv ===
[SEDP-RACE-RUN35] host_utc=2026-09-28T09:04:24.830+00:00 host_mono_ns=2345284020820671 
[SEDP-RACE-RUN35] host_utc=2026-09-28T09:04:24.830+00:00 host_mono_ns=2345284020827073 === DEBUG [lwip-posix]: recvfrom received packet of len 52! Bypassing to pcb->recv ===
[SEDP-RACE-RUN35] host_utc=2026-09-28T09:04:24.830+00:00 host_mono_ns=2345284020831902 
[SEDP-RACE-RUN35] host_utc=2026-09-28T09:04:24.830+00:00 host_mono_ns=2345284020836321 === DEBUG [lwip-posix]: udp_sendto called! Bypassing to POSIX sendto ===
[SEDP-RACE-RUN35] host_utc=2026-09-28T09:04:24.830+00:00 host_mono_ns=2345284020843534 
[SEDP-RACE-RUN35] host_utc=2026-09-28T09:04:24.830+00:00 host_mono_ns=2345284020847973 === DEBUG [lwip-posix]: recvfrom received packet of len 52! Bypassing to pcb->recv ===
[SEDP-RACE-RUN35] host_utc=2026-09-28T09:04:24.830+00:00 host_mono_ns=2345284020852461 
[SEDP-RACE-RUN35] host_utc=2026-09-28T09:04:24.830+00:00 host_mono_ns=2345284020856739 === DEBUG [lwip-posix]: udp_sendto called! Bypassing to POSIX sendto ===
[SEDP-RACE-RUN35] host_utc=2026-09-28T09:04:24.831+00:00 host_mono_ns=2345284021423931 
[SEDP-RACE-RUN35] host_utc=2026-09-28T09:04:24.831+00:00 host_mono_ns=2345284021461943 === DEBUG [lwip-posix]: recvfrom received packet of len 52! Bypassing to pcb->recv ===
[SEDP-RACE-RUN35] host_utc=2026-09-28T09:04:24.831+00:00 host_mono_ns=2345284021544709 
[SEDP-RACE-RUN35] host_utc=2026-09-28T09:04:24.831+00:00 host_mono_ns=2345284021562914 === DEBUG [lwip-posix]: udp_sendto called! Bypassing to POSIX sendto ===
[SEDP-RACE-RUN35] host_utc=2026-09-28T09:04:24.831+00:00 host_mono_ns=2345284021870645 
[SEDP-RACE-RUN35] host_utc=2026-09-28T09:04:24.831+00:00 host_mono_ns=2345284021909759 === DEBUG [lwip-posix]: recvfrom received packet of len 52! Bypassing to pcb->recv ===
[SEDP-RACE-RUN35] host_utc=2026-09-28T09:04:24.831+00:00 host_mono_ns=2345284021927011 
[SEDP-RACE-RUN35] host_utc=2026-09-28T09:04:24.831+00:00 host_mono_ns=2345284021940567 === DEBUG [lwip-posix]: recvfrom received packet of len 52! Bypassing to pcb->recv ===
[SEDP-RACE-RUN35] host_utc=2026-09-28T09:04:24.831+00:00 host_mono_ns=2345284021954173 
[SEDP-RACE-RUN35] host_utc=2026-09-28T09:04:24.831+00:00 host_mono_ns=2345284021966737 === DEBUG [lwip-posix]: recvfrom received packet of len 216! Bypassing to pcb->recv ===
[SEDP-RACE-RUN35] host_utc=2026-09-28T09:04:24.831+00:00 host_mono_ns=2345284021991624 
[SEDP-RACE-RUN35] host_utc=2026-09-28T09:04:24.831+00:00 host_mono_ns=2345284022012814 === DEBUG [lwip-posix]: udp_sendto called! Bypassing to POSIX sendto ===
[SEDP-RACE-RUN35] host_utc=2026-09-28T09:04:24.831+00:00 host_mono_ns=2345284022028914 
[SEDP-RACE-RUN35] host_utc=2026-09-28T09:04:24.831+00:00 host_mono_ns=2345284022037650 === DEBUG [lwip-posix]: udp_sendto called! Bypassing to POSIX sendto ===
[SEDP-RACE-RUN35] host_utc=2026-09-28T09:04:24.831+00:00 host_mono_ns=2345284022058760 LOG_DEBUG : 00000000.861 : [MROS2LIB] publisher matched with remote subscriber
[SEDP-RACE-RUN35] host_utc=2026-09-28T09:04:24.831+00:00 host_mono_ns=2345284022112802 
[SEDP-RACE-RUN35] host_utc=2026-09-28T09:04:24.831+00:00 host_mono_ns=2345284022122561 === DEBUG [lwip-posix]: recvfrom received packet of len 52! Bypassing to pcb->recv ===
[SEDP-RACE-RUN35] host_utc=2026-09-28T09:04:24.831+00:00 host_mono_ns=2345284022131608 
[SEDP-RACE-RUN35] host_utc=2026-09-28T09:04:24.831+00:00 host_mono_ns=2345284022140014 === DEBUG [lwip-posix]: udp_sendto called! Bypassing to POSIX sendto ===
[SEDP-RACE-RUN35] host_utc=2026-09-28T09:04:24.832+00:00 host_mono_ns=2345284022438838 
[SEDP-RACE-RUN35] host_utc=2026-09-28T09:04:24.832+00:00 host_mono_ns=2345284022461241 === DEBUG [lwip-posix]: recvfrom received packet of len 52! Bypassing to pcb->recv ===
[SEDP-RACE-RUN35] host_utc=2026-09-28T09:04:24.832+00:00 host_mono_ns=2345284022472923 
[SEDP-RACE-RUN35] host_utc=2026-09-28T09:04:24.832+00:00 host_mono_ns=2345284022481419 === DEBUG [lwip-posix]: udp_sendto called! Bypassing to POSIX sendto ===
[SEDP-RACE-RUN35] host_utc=2026-09-28T09:04:24.832+00:00 host_mono_ns=2345284022619490 
[SEDP-RACE-RUN35] host_utc=2026-09-28T09:04:24.832+00:00 host_mono_ns=2345284022644798 === DEBUG [lwip-posix]: recvfrom received packet of len 52! Bypassing to pcb->recv ===
[SEDP-RACE-RUN35] host_utc=2026-09-28T09:04:24.832+00:00 host_mono_ns=2345284022688390 
[SEDP-RACE-RUN35] host_utc=2026-09-28T09:04:24.832+00:00 host_mono_ns=2345284022704390 === DEBUG [lwip-posix]: udp_sendto called! Bypassing to POSIX sendto ===
[SEDP-RACE-RUN35] host_utc=2026-09-28T09:04:24.832+00:00 host_mono_ns=2345284022849725 
[SEDP-RACE-RUN35] host_utc=2026-09-28T09:04:24.832+00:00 host_mono_ns=2345284022862579 === DEBUG [lwip-posix]: recvfrom received packet of len 52! Bypassing to pcb->recv ===
[SEDP-RACE-RUN35] host_utc=2026-09-28T09:04:24.832+00:00 host_mono_ns=2345284022936238 
[SEDP-RACE-RUN35] host_utc=2026-09-28T09:04:24.832+00:00 host_mono_ns=2345284022945165 === DEBUG [lwip-posix]: udp_sendto called! Bypassing to POSIX sendto ===
[SEDP-RACE-RUN35] host_utc=2026-09-28T09:04:24.832+00:00 host_mono_ns=2345284023069400 
[SEDP-RACE-RUN35] host_utc=2026-09-28T09:04:24.832+00:00 host_mono_ns=2345284023084709 === DEBUG [lwip-posix]: recvfrom received packet of len 216! Bypassing to pcb->recv ===
[SEDP-RACE-RUN35] host_utc=2026-09-28T09:04:24.832+00:00 host_mono_ns=2345284023091301 
[SEDP-RACE-RUN35] host_utc=2026-09-28T09:04:24.832+00:00 host_mono_ns=2345284023098054 === DEBUG [lwip-posix]: recvfrom received packet of len 52! Bypassing to pcb->recv ===
[SEDP-RACE-RUN35] host_utc=2026-09-28T09:04:24.832+00:00 host_mono_ns=2345284023102983 
[SEDP-RACE-RUN35] host_utc=2026-09-28T09:04:24.832+00:00 host_mono_ns=2345284023107983 === DEBUG [lwip-posix]: udp_sendto called! Bypassing to POSIX sendto ===
[SEDP-RACE-RUN35] host_utc=2026-09-28T09:04:24.833+00:00 host_mono_ns=2345284023291109 
[SEDP-RACE-RUN35] host_utc=2026-09-28T09:04:24.833+00:00 host_mono_ns=2345284023313301 === DEBUG [lwip-posix]: recvfrom received packet of len 52! Bypassing to pcb->recv ===
[SEDP-RACE-RUN35] host_utc=2026-09-28T09:04:24.833+00:00 host_mono_ns=2345284023328279 
[SEDP-RACE-RUN35] host_utc=2026-09-28T09:04:24.833+00:00 host_mono_ns=2345284023338027 === DEBUG [lwip-posix]: udp_sendto called! Bypassing to POSIX sendto ===
[SEDP-RACE-RUN35] host_utc=2026-09-28T09:04:24.833+00:00 host_mono_ns=2345284023660747 
[SEDP-RACE-RUN35] host_utc=2026-09-28T09:04:24.833+00:00 host_mono_ns=2345284023680655 === DEBUG [lwip-posix]: recvfrom received packet of len 52! Bypassing to pcb->recv ===
[SEDP-RACE-RUN35] host_utc=2026-09-28T09:04:24.833+00:00 host_mono_ns=2345284023691705 
[SEDP-RACE-RUN35] host_utc=2026-09-28T09:04:24.833+00:00 host_mono_ns=2345284023701374 === DEBUG [lwip-posix]: udp_sendto called! Bypassing to POSIX sendto ===
[SEDP-RACE-RUN35] host_utc=2026-09-28T09:04:24.833+00:00 host_mono_ns=2345284023916260 
[SEDP-RACE-RUN35] host_utc=2026-09-28T09:04:24.833+00:00 host_mono_ns=2345284023944343 === DEBUG [lwip-posix]: recvfrom received packet of len 52! Bypassing to pcb->recv ===
[SEDP-RACE-RUN35] host_utc=2026-09-28T09:04:24.833+00:00 host_mono_ns=2345284023955314 
[SEDP-RACE-RUN35] host_utc=2026-09-28T09:04:24.833+00:00 host_mono_ns=2345284023965142 === DEBUG [lwip-posix]: udp_sendto called! Bypassing to POSIX sendto ===
[SEDP-RACE-RUN35] host_utc=2026-09-28T09:04:24.833+00:00 host_mono_ns=2345284023979299 
[SEDP-RACE-RUN35] host_utc=2026-09-28T09:04:24.833+00:00 host_mono_ns=2345284023987905 === DEBUG [lwip-posix]: recvfrom received packet of len 52! Bypassing to pcb->recv ===
[SEDP-RACE-RUN35] host_utc=2026-09-28T09:04:24.833+00:00 host_mono_ns=2345284023997072 
[SEDP-RACE-RUN35] host_utc=2026-09-28T09:04:24.833+00:00 host_mono_ns=2345284024016970 === DEBUG [lwip-posix]: recvfrom received packet of len 216! Bypassing to pcb->recv ===
[SEDP-RACE-RUN35] host_utc=2026-09-28T09:04:24.833+00:00 host_mono_ns=2345284024031928 
[SEDP-RACE-RUN35] host_utc=2026-09-28T09:04:24.833+00:00 host_mono_ns=2345284024041376 === DEBUG [lwip-posix]: udp_sendto called! Bypassing to POSIX sendto ===
[SEDP-RACE-RUN35] host_utc=2026-09-28T09:04:24.834+00:00 host_mono_ns=2345284024253176 
[SEDP-RACE-RUN35] host_utc=2026-09-28T09:04:24.834+00:00 host_mono_ns=2345284024265039 === DEBUG [lwip-posix]: recvfrom received packet of len 52! Bypassing to pcb->recv ===
[SEDP-RACE-RUN35] host_utc=2026-09-28T09:04:24.834+00:00 host_mono_ns=2345284024272242 
[SEDP-RACE-RUN35] host_utc=2026-09-28T09:04:24.834+00:00 host_mono_ns=2345284024278624 === DEBUG [lwip-posix]: udp_sendto called! Bypassing to POSIX sendto ===
[SEDP-RACE-RUN35] host_utc=2026-09-28T09:04:24.834+00:00 host_mono_ns=2345284024443105 
[SEDP-RACE-RUN35] host_utc=2026-09-28T09:04:24.834+00:00 host_mono_ns=2345284024458213 === DEBUG [lwip-posix]: recvfrom received packet of len 52! Bypassing to pcb->recv ===
[SEDP-RACE-RUN35] host_utc=2026-09-28T09:04:24.834+00:00 host_mono_ns=2345284024468092 
[SEDP-RACE-RUN35] host_utc=2026-09-28T09:04:24.834+00:00 host_mono_ns=2345284024477179 === DEBUG [lwip-posix]: udp_sendto called! Bypassing to POSIX sendto ===
[SEDP-RACE-RUN35] host_utc=2026-09-28T09:04:24.834+00:00 host_mono_ns=2345284024491116 
[SEDP-RACE-RUN35] host_utc=2026-09-28T09:04:24.834+00:00 host_mono_ns=2345284024499922 === DEBUG [lwip-posix]: recvfrom received packet of len 52! Bypassing to pcb->recv ===
[SEDP-RACE-RUN35] host_utc=2026-09-28T09:04:24.834+00:00 host_mono_ns=2345284024508629 
[SEDP-RACE-RUN35] host_utc=2026-09-28T09:04:24.834+00:00 host_mono_ns=2345284024517125 === DEBUG [lwip-posix]: udp_sendto called! Bypassing to POSIX sendto ===
[SEDP-RACE-RUN35] host_utc=2026-09-28T09:04:24.834+00:00 host_mono_ns=2345284024716902 
[SEDP-RACE-RUN35] host_utc=2026-09-28T09:04:24.834+00:00 host_mono_ns=2345284024731991 === DEBUG [lwip-posix]: recvfrom received packet of len 52! Bypassing to pcb->recv ===
[SEDP-RACE-RUN35] host_utc=2026-09-28T09:04:24.834+00:00 host_mono_ns=2345284024742260 
[SEDP-RACE-RUN35] host_utc=2026-09-28T09:04:24.834+00:00 host_mono_ns=2345284024751477 === DEBUG [lwip-posix]: udp_sendto called! Bypassing to POSIX sendto ===
[SEDP-RACE-RUN35] host_utc=2026-09-28T09:04:24.834+00:00 host_mono_ns=2345284024830136 
[SEDP-RACE-RUN35] host_utc=2026-09-28T09:04:24.834+00:00 host_mono_ns=2345284024842349 === DEBUG [lwip-posix]: recvfrom received packet of len 52! Bypassing to pcb->recv ===
[SEDP-RACE-RUN35] host_utc=2026-09-28T09:04:24.834+00:00 host_mono_ns=2345284024849793 
[SEDP-RACE-RUN35] host_utc=2026-09-28T09:04:24.834+00:00 host_mono_ns=2345284024856135 === DEBUG [lwip-posix]: udp_sendto called! Bypassing to POSIX sendto ===
[SEDP-RACE-RUN35] host_utc=2026-09-28T09:04:24.835+00:00 host_mono_ns=2345284025344087 
[SEDP-RACE-RUN35] host_utc=2026-09-28T09:04:24.835+00:00 host_mono_ns=2345284025357041 === DEBUG [lwip-posix]: recvfrom received packet of len 216! Bypassing to pcb->recv ===
[SEDP-RACE-RUN35] host_utc=2026-09-28T09:04:24.835+00:00 host_mono_ns=2345284025364065 
[SEDP-RACE-RUN35] host_utc=2026-09-28T09:04:24.835+00:00 host_mono_ns=2345284025378281 === DEBUG [lwip-posix]: recvfrom received packet of len 52! Bypassing to pcb->recv ===
[SEDP-RACE-RUN35] host_utc=2026-09-28T09:04:24.835+00:00 host_mono_ns=2345284025385265 
[SEDP-RACE-RUN35] host_utc=2026-09-28T09:04:24.835+00:00 host_mono_ns=2345284025391466 === DEBUG [lwip-posix]: udp_sendto called! Bypassing to POSIX sendto ===
[SEDP-RACE-RUN35] host_utc=2026-09-28T09:04:24.835+00:00 host_mono_ns=2345284025397658 
[SEDP-RACE-RUN35] host_utc=2026-09-28T09:04:24.835+00:00 host_mono_ns=2345284025403509 === DEBUG [lwip-posix]: recvfrom received packet of len 52! Bypassing to pcb->recv ===
[SEDP-RACE-RUN35] host_utc=2026-09-28T09:04:24.835+00:00 host_mono_ns=2345284025409731 
[SEDP-RACE-RUN35] host_utc=2026-09-28T09:04:24.835+00:00 host_mono_ns=2345284025415842 === DEBUG [lwip-posix]: udp_sendto called! Bypassing to POSIX sendto ===
[SEDP-RACE-RUN35] host_utc=2026-09-28T09:04:24.835+00:00 host_mono_ns=2345284025647240 
[SEDP-RACE-RUN35] host_utc=2026-09-28T09:04:24.835+00:00 host_mono_ns=2345284025660374 === DEBUG [lwip-posix]: recvfrom received packet of len 52! Bypassing to pcb->recv ===
[SEDP-RACE-RUN35] host_utc=2026-09-28T09:04:24.835+00:00 host_mono_ns=2345284025739544 
[SEDP-RACE-RUN35] host_utc=2026-09-28T09:04:24.835+00:00 host_mono_ns=2345284025750986 === DEBUG [lwip-posix]: udp_sendto called! Bypassing to POSIX sendto ===
[SEDP-RACE-RUN35] host_utc=2026-09-28T09:04:24.835+00:00 host_mono_ns=2345284025758209 
[SEDP-RACE-RUN35] host_utc=2026-09-28T09:04:24.835+00:00 host_mono_ns=2345284025763880 === DEBUG [lwip-posix]: recvfrom received packet of len 52! Bypassing to pcb->recv ===
[SEDP-RACE-RUN35] host_utc=2026-09-28T09:04:24.835+00:00 host_mono_ns=2345284026151102 
[SEDP-RACE-RUN35] host_utc=2026-09-28T09:04:24.835+00:00 host_mono_ns=2345284026163846 === DEBUG [lwip-posix]: udp_sendto called! Bypassing to POSIX sendto ===
[SEDP-RACE-RUN35] host_utc=2026-09-28T09:04:24.836+00:00 host_mono_ns=2345284026169236 
[SEDP-RACE-RUN35] host_utc=2026-09-28T09:04:24.836+00:00 host_mono_ns=2345284026173794 === DEBUG [lwip-posix]: recvfrom received packet of len 52! Bypassing to pcb->recv ===
[SEDP-RACE-RUN35] host_utc=2026-09-28T09:04:24.836+00:00 host_mono_ns=2345284026178443 
[SEDP-RACE-RUN35] host_utc=2026-09-28T09:04:24.836+00:00 host_mono_ns=2345284026182781 === DEBUG [lwip-posix]: udp_sendto called! Bypassing to POSIX sendto ===
[SEDP-RACE-RUN35] host_utc=2026-09-28T09:04:24.836+00:00 host_mono_ns=2345284026187250 
[SEDP-RACE-RUN35] host_utc=2026-09-28T09:04:24.836+00:00 host_mono_ns=2345284026191718 === DEBUG [lwip-posix]: recvfrom received packet of len 216! Bypassing to pcb->recv ===
[SEDP-RACE-RUN35] host_utc=2026-09-28T09:04:24.836+00:00 host_mono_ns=2345284026388560 
[SEDP-RACE-RUN35] host_utc=2026-09-28T09:04:24.836+00:00 host_mono_ns=2345284026400583 === DEBUG [lwip-posix]: recvfrom received packet of len 52! Bypassing to pcb->recv ===
[SEDP-RACE-RUN35] host_utc=2026-09-28T09:04:24.836+00:00 host_mono_ns=2345284026407897 
[SEDP-RACE-RUN35] host_utc=2026-09-28T09:04:24.836+00:00 host_mono_ns=2345284026414419 === DEBUG [lwip-posix]: udp_sendto called! Bypassing to POSIX sendto ===
[SEDP-RACE-RUN35] host_utc=2026-09-28T09:04:24.836+00:00 host_mono_ns=2345284026764120 
[SEDP-RACE-RUN35] host_utc=2026-09-28T09:04:24.836+00:00 host_mono_ns=2345284026775100 === DEBUG [lwip-posix]: recvfrom received packet of len 52! Bypassing to pcb->recv ===
[SEDP-RACE-RUN35] host_utc=2026-09-28T09:04:24.836+00:00 host_mono_ns=2345284026782424 
[SEDP-RACE-RUN35] host_utc=2026-09-28T09:04:24.836+00:00 host_mono_ns=2345284026788456 === DEBUG [lwip-posix]: udp_sendto called! Bypassing to POSIX sendto ===
[SEDP-RACE-RUN35] host_utc=2026-09-28T09:04:24.836+00:00 host_mono_ns=2345284026862606 
[SEDP-RACE-RUN35] host_utc=2026-09-28T09:04:24.836+00:00 host_mono_ns=2345284026871693 === DEBUG [lwip-posix]: recvfrom received packet of len 52! Bypassing to pcb->recv ===
[SEDP-RACE-RUN35] host_utc=2026-09-28T09:04:24.836+00:00 host_mono_ns=2345284026876863 
[SEDP-RACE-RUN35] host_utc=2026-09-28T09:04:24.836+00:00 host_mono_ns=2345284026887262 === DEBUG [lwip-posix]: udp_sendto called! Bypassing to POSIX sendto ===
[SEDP-RACE-RUN35] host_utc=2026-09-28T09:04:24.836+00:00 host_mono_ns=2345284027045551 
[SEDP-RACE-RUN35] host_utc=2026-09-28T09:04:24.836+00:00 host_mono_ns=2345284027060089 === DEBUG [lwip-posix]: recvfrom received packet of len 52! Bypassing to pcb->recv ===
[SEDP-RACE-RUN35] host_utc=2026-09-28T09:04:24.836+00:00 host_mono_ns=2345284027067423 
[SEDP-RACE-RUN35] host_utc=2026-09-28T09:04:24.836+00:00 host_mono_ns=2345284027073895 === DEBUG [lwip-posix]: udp_sendto called! Bypassing to POSIX sendto ===
[SEDP-RACE-RUN35] host_utc=2026-09-28T09:04:24.837+00:00 host_mono_ns=2345284027360406 
[SEDP-RACE-RUN35] host_utc=2026-09-28T09:04:24.837+00:00 host_mono_ns=2345284027371187 === DEBUG [lwip-posix]: recvfrom received packet of len 52! Bypassing to pcb->recv ===
[SEDP-RACE-RUN35] host_utc=2026-09-28T09:04:24.837+00:00 host_mono_ns=2345284027378190 
[SEDP-RACE-RUN35] host_utc=2026-09-28T09:04:24.837+00:00 host_mono_ns=2345284027384482 === DEBUG [lwip-posix]: udp_sendto called! Bypassing to POSIX sendto ===
[SEDP-RACE-RUN35] host_utc=2026-09-28T09:04:24.837+00:00 host_mono_ns=2345284027476977 
[SEDP-RACE-RUN35] host_utc=2026-09-28T09:04:24.837+00:00 host_mono_ns=2345284027488328 === DEBUG [lwip-posix]: recvfrom received packet of len 216! Bypassing to pcb->recv ===
[SEDP-RACE-RUN35] host_utc=2026-09-28T09:04:24.837+00:00 host_mono_ns=2345284027581414 
[SEDP-RACE-RUN35] host_utc=2026-09-28T09:04:24.837+00:00 host_mono_ns=2345284027591793 === DEBUG [lwip-posix]: recvfrom received packet of len 52! Bypassing to pcb->recv ===
[SEDP-RACE-RUN35] host_utc=2026-09-28T09:04:24.837+00:00 host_mono_ns=2345284027597274 
[SEDP-RACE-RUN35] host_utc=2026-09-28T09:04:24.837+00:00 host_mono_ns=2345284027602143 === DEBUG [lwip-posix]: udp_sendto called! Bypassing to POSIX sendto ===
[SEDP-RACE-RUN35] host_utc=2026-09-28T09:04:24.838+00:00 host_mono_ns=2345284028211354 
[SEDP-RACE-RUN35] host_utc=2026-09-28T09:04:24.838+00:00 host_mono_ns=2345284028229298 === DEBUG [lwip-posix]: recvfrom received packet of len 52! Bypassing to pcb->recv ===
[SEDP-RACE-RUN35] host_utc=2026-09-28T09:04:24.838+00:00 host_mono_ns=2345284028235289 
[SEDP-RACE-RUN35] host_utc=2026-09-28T09:04:24.838+00:00 host_mono_ns=2345284028239798 === DEBUG [lwip-posix]: udp_sendto called! Bypassing to POSIX sendto ===
[SEDP-RACE-RUN35] host_utc=2026-09-28T09:04:24.838+00:00 host_mono_ns=2345284028244457 
[SEDP-RACE-RUN35] host_utc=2026-09-28T09:04:24.838+00:00 host_mono_ns=2345284028248725 === DEBUG [lwip-posix]: recvfrom received packet of len 52! Bypassing to pcb->recv ===
[SEDP-RACE-RUN35] host_utc=2026-09-28T09:04:24.838+00:00 host_mono_ns=2345284028253093 
[SEDP-RACE-RUN35] host_utc=2026-09-28T09:04:24.838+00:00 host_mono_ns=2345284028257201 === DEBUG [lwip-posix]: udp_sendto called! Bypassing to POSIX sendto ===
[SEDP-RACE-RUN35] host_utc=2026-09-28T09:04:24.838+00:00 host_mono_ns=2345284028261479 
[SEDP-RACE-RUN35] host_utc=2026-09-28T09:04:24.838+00:00 host_mono_ns=2345284028265586 === DEBUG [lwip-posix]: recvfrom received packet of len 52! Bypassing to pcb->recv ===
[SEDP-RACE-RUN35] host_utc=2026-09-28T09:04:24.838+00:00 host_mono_ns=2345284028269895 
[SEDP-RACE-RUN35] host_utc=2026-09-28T09:04:24.838+00:00 host_mono_ns=2345284028274032 === DEBUG [lwip-posix]: udp_sendto called! Bypassing to POSIX sendto ===
[SEDP-RACE-RUN35] host_utc=2026-09-28T09:04:24.838+00:00 host_mono_ns=2345284028327373 
[SEDP-RACE-RUN35] host_utc=2026-09-28T09:04:24.838+00:00 host_mono_ns=2345284028343153 === DEBUG [lwip-posix]: recvfrom received packet of len 52! Bypassing to pcb->recv ===
[SEDP-RACE-RUN35] host_utc=2026-09-28T09:04:24.838+00:00 host_mono_ns=2345284028358773 
[SEDP-RACE-RUN35] host_utc=2026-09-28T09:04:24.838+00:00 host_mono_ns=2345284028368220 === DEBUG [lwip-posix]: udp_sendto called! Bypassing to POSIX sendto ===
[SEDP-RACE-RUN35] host_utc=2026-09-28T09:04:24.838+00:00 host_mono_ns=2345284028680721 
[SEDP-RACE-RUN35] host_utc=2026-09-28T09:04:24.838+00:00 host_mono_ns=2345284028712200 === DEBUG [lwip-posix]: recvfrom received packet of len 52! Bypassing to pcb->recv ===
[SEDP-RACE-RUN35] host_utc=2026-09-28T09:04:24.838+00:00 host_mono_ns=2345284028725876 
[SEDP-RACE-RUN35] host_utc=2026-09-28T09:04:24.838+00:00 host_mono_ns=2345284028738119 === DEBUG [lwip-posix]: udp_sendto called! Bypassing to POSIX sendto ===
[SEDP-RACE-RUN35] host_utc=2026-09-28T09:04:24.838+00:00 host_mono_ns=2345284028893192 
[SEDP-RACE-RUN35] host_utc=2026-09-28T09:04:24.838+00:00 host_mono_ns=2345284028909443 === DEBUG [lwip-posix]: recvfrom received packet of len 52! Bypassing to pcb->recv ===
[SEDP-RACE-RUN35] host_utc=2026-09-28T09:04:24.838+00:00 host_mono_ns=2345284028919101 
[SEDP-RACE-RUN35] host_utc=2026-09-28T09:04:24.838+00:00 host_mono_ns=2345284028927617 === DEBUG [lwip-posix]: udp_sendto called! Bypassing to POSIX sendto ===
[SEDP-RACE-RUN35] host_utc=2026-09-28T09:04:24.838+00:00 host_mono_ns=2345284028936234 
[SEDP-RACE-RUN35] host_utc=2026-09-28T09:04:24.838+00:00 host_mono_ns=2345284028944649 === DEBUG [lwip-posix]: recvfrom received packet of len 52! Bypassing to pcb->recv ===
[SEDP-RACE-RUN35] host_utc=2026-09-28T09:04:24.838+00:00 host_mono_ns=2345284028971190 
[SEDP-RACE-RUN35] host_utc=2026-09-28T09:04:24.838+00:00 host_mono_ns=2345284028980066 === DEBUG [lwip-posix]: udp_sendto called! Bypassing to POSIX sendto ===
[SEDP-RACE-RUN35] host_utc=2026-09-28T09:04:24.839+00:00 host_mono_ns=2345284029251920 
[SEDP-RACE-RUN35] host_utc=2026-09-28T09:04:24.839+00:00 host_mono_ns=2345284029270064 === DEBUG [lwip-posix]: recvfrom received packet of len 216! Bypassing to pcb->recv ===
[SEDP-RACE-RUN35] host_utc=2026-09-28T09:04:24.839+00:00 host_mono_ns=2345284029357620 
[SEDP-RACE-RUN35] host_utc=2026-09-28T09:04:24.839+00:00 host_mono_ns=2345284029370213 === DEBUG [lwip-posix]: recvfrom received packet of len 52! Bypassing to pcb->recv ===
[SEDP-RACE-RUN35] host_utc=2026-09-28T09:04:24.839+00:00 host_mono_ns=2345284029403807 
[SEDP-RACE-RUN35] host_utc=2026-09-28T09:04:24.839+00:00 host_mono_ns=2345284029413706 === DEBUG [lwip-posix]: udp_sendto called! Bypassing to POSIX sendto ===
[SEDP-RACE-RUN35] host_utc=2026-09-28T09:04:24.839+00:00 host_mono_ns=2345284029422753 
[SEDP-RACE-RUN35] host_utc=2026-09-28T09:04:24.839+00:00 host_mono_ns=2345284029433353 === DEBUG [lwip-posix]: recvfrom received packet of len 52! Bypassing to pcb->recv ===
[SEDP-RACE-RUN35] host_utc=2026-09-28T09:04:24.839+00:00 host_mono_ns=2345284029444985 
[SEDP-RACE-RUN35] host_utc=2026-09-28T09:04:24.839+00:00 host_mono_ns=2345284029458701 === DEBUG [lwip-posix]: udp_sendto called! Bypassing to POSIX sendto ===
[SEDP-RACE-RUN35] host_utc=2026-09-28T09:04:24.839+00:00 host_mono_ns=2345284029717209 
[SEDP-RACE-RUN35] host_utc=2026-09-28T09:04:24.839+00:00 host_mono_ns=2345284029728420 === DEBUG [lwip-posix]: recvfrom received packet of len 52! Bypassing to pcb->recv ===
[SEDP-RACE-RUN35] host_utc=2026-09-28T09:04:24.839+00:00 host_mono_ns=2345284029738279 
[SEDP-RACE-RUN35] host_utc=2026-09-28T09:04:24.839+00:00 host_mono_ns=2345284029748358 === DEBUG [lwip-posix]: udp_sendto called! Bypassing to POSIX sendto ===
[SEDP-RACE-RUN35] host_utc=2026-09-28T09:04:24.839+00:00 host_mono_ns=2345284029767133 
[SEDP-RACE-RUN35] host_utc=2026-09-28T09:04:24.839+00:00 host_mono_ns=2345284029777273 === DEBUG [lwip-posix]: recvfrom received packet of len 52! Bypassing to pcb->recv ===
[SEDP-RACE-RUN35] host_utc=2026-09-28T09:04:24.839+00:00 host_mono_ns=2345284029787091 
[SEDP-RACE-RUN35] host_utc=2026-09-28T09:04:24.839+00:00 host_mono_ns=2345284029796379 === DEBUG [lwip-posix]: udp_sendto called! Bypassing to POSIX sendto ===
[SEDP-RACE-RUN35] host_utc=2026-09-28T09:04:24.839+00:00 host_mono_ns=2345284029832246 
[SEDP-RACE-RUN35] host_utc=2026-09-28T09:04:24.839+00:00 host_mono_ns=2345284029842907 === DEBUG [lwip-posix]: recvfrom received packet of len 216! Bypassing to pcb->recv ===
[SEDP-RACE-RUN35] host_utc=2026-09-28T09:04:24.840+00:00 host_mono_ns=2345284030250747 
[SEDP-RACE-RUN35] host_utc=2026-09-28T09:04:24.840+00:00 host_mono_ns=2345284030278179 === DEBUG [lwip-posix]: recvfrom received packet of len 52! Bypassing to pcb->recv ===
[SEDP-RACE-RUN35] host_utc=2026-09-28T09:04:24.840+00:00 host_mono_ns=2345284030289370 
[SEDP-RACE-RUN35] host_utc=2026-09-28T09:04:24.840+00:00 host_mono_ns=2345284030300200 === DEBUG [lwip-posix]: udp_sendto called! Bypassing to POSIX sendto ===
[SEDP-RACE-RUN35] host_utc=2026-09-28T09:04:24.840+00:00 host_mono_ns=2345284030319397 
[SEDP-RACE-RUN35] host_utc=2026-09-28T09:04:24.840+00:00 host_mono_ns=2345284030329355 === DEBUG [lwip-posix]: recvfrom received packet of len 52! Bypassing to pcb->recv ===
[SEDP-RACE-RUN35] host_utc=2026-09-28T09:04:24.840+00:00 host_mono_ns=2345284030338984 
[SEDP-RACE-RUN35] host_utc=2026-09-28T09:04:24.840+00:00 host_mono_ns=2345284030348371 === DEBUG [lwip-posix]: udp_sendto called! Bypassing to POSIX sendto ===
[SEDP-RACE-RUN35] host_utc=2026-09-28T09:04:24.840+00:00 host_mono_ns=2345284030716837 
[SEDP-RACE-RUN35] host_utc=2026-09-28T09:04:24.840+00:00 host_mono_ns=2345284030732447 === DEBUG [lwip-posix]: recvfrom received packet of len 52! Bypassing to pcb->recv ===
[SEDP-RACE-RUN35] host_utc=2026-09-28T09:04:24.840+00:00 host_mono_ns=2345284030745411 
[SEDP-RACE-RUN35] host_utc=2026-09-28T09:04:24.840+00:00 host_mono_ns=2345284030754599 === DEBUG [lwip-posix]: udp_sendto called! Bypassing to POSIX sendto ===
[SEDP-RACE-RUN35] host_utc=2026-09-28T09:04:24.840+00:00 host_mono_ns=2345284030867582 
[SEDP-RACE-RUN35] host_utc=2026-09-28T09:04:24.840+00:00 host_mono_ns=2345284030880877 === DEBUG [lwip-posix]: recvfrom received packet of len 52! Bypassing to pcb->recv ===
[SEDP-RACE-RUN35] host_utc=2026-09-28T09:04:24.840+00:00 host_mono_ns=2345284030890996 
[SEDP-RACE-RUN35] host_utc=2026-09-28T09:04:24.840+00:00 host_mono_ns=2345284030899823 === DEBUG [lwip-posix]: udp_sendto called! Bypassing to POSIX sendto ===
[SEDP-RACE-RUN35] host_utc=2026-09-28T09:04:24.840+00:00 host_mono_ns=2345284030912557 
[SEDP-RACE-RUN35] host_utc=2026-09-28T09:04:24.840+00:00 host_mono_ns=2345284030921614 === DEBUG [lwip-posix]: recvfrom received packet of len 52! Bypassing to pcb->recv ===
[SEDP-RACE-RUN35] host_utc=2026-09-28T09:04:24.840+00:00 host_mono_ns=2345284030930411 
[SEDP-RACE-RUN35] host_utc=2026-09-28T09:04:24.840+00:00 host_mono_ns=2345284030938997 === DEBUG [lwip-posix]: udp_sendto called! Bypassing to POSIX sendto ===
[SEDP-RACE-RUN35] host_utc=2026-09-28T09:04:24.841+00:00 host_mono_ns=2345284031217583 
[SEDP-RACE-RUN35] host_utc=2026-09-28T09:04:24.841+00:00 host_mono_ns=2345284031250145 === DEBUG [lwip-posix]: recvfrom received packet of len 216! Bypassing to pcb->recv ===
[SEDP-RACE-RUN35] host_utc=2026-09-28T09:04:24.841+00:00 host_mono_ns=2345284031289880 
[SEDP-RACE-RUN35] host_utc=2026-09-28T09:04:24.841+00:00 host_mono_ns=2345284031304548 === DEBUG [lwip-posix]: recvfrom received packet of len 52! Bypassing to pcb->recv ===
[SEDP-RACE-RUN35] host_utc=2026-09-28T09:04:24.841+00:00 host_mono_ns=2345284031315158 
[SEDP-RACE-RUN35] host_utc=2026-09-28T09:04:24.841+00:00 host_mono_ns=2345284031327942 === DEBUG [lwip-posix]: udp_sendto called! Bypassing to POSIX sendto ===
[SEDP-RACE-RUN35] host_utc=2026-09-28T09:04:24.841+00:00 host_mono_ns=2345284031346537 
[SEDP-RACE-RUN35] host_utc=2026-09-28T09:04:24.841+00:00 host_mono_ns=2345284031356806 === DEBUG [lwip-posix]: recvfrom received packet of len 52! Bypassing to pcb->recv ===
[SEDP-RACE-RUN35] host_utc=2026-09-28T09:04:24.841+00:00 host_mono_ns=2345284031366875 
[SEDP-RACE-RUN35] host_utc=2026-09-28T09:04:24.841+00:00 host_mono_ns=2345284031376463 === DEBUG [lwip-posix]: udp_sendto called! Bypassing to POSIX sendto ===
[SEDP-RACE-RUN35] host_utc=2026-09-28T09:04:24.841+00:00 host_mono_ns=2345284031559639 
[SEDP-RACE-RUN35] host_utc=2026-09-28T09:04:24.841+00:00 host_mono_ns=2345284031571552 === DEBUG [lwip-posix]: recvfrom received packet of len 52! Bypassing to pcb->recv ===
[SEDP-RACE-RUN35] host_utc=2026-09-28T09:04:24.841+00:00 host_mono_ns=2345284031581801 
[SEDP-RACE-RUN35] host_utc=2026-09-28T09:04:24.841+00:00 host_mono_ns=2345284031604264 === DEBUG [lwip-posix]: udp_sendto called! Bypassing to POSIX sendto ===
[SEDP-RACE-RUN35] host_utc=2026-09-28T09:04:24.841+00:00 host_mono_ns=2345284031684225 
[SEDP-RACE-RUN35] host_utc=2026-09-28T09:04:24.841+00:00 host_mono_ns=2345284031697059 === DEBUG [lwip-posix]: recvfrom received packet of len 52! Bypassing to pcb->recv ===
[SEDP-RACE-RUN35] host_utc=2026-09-28T09:04:24.841+00:00 host_mono_ns=2345284031711787 
[SEDP-RACE-RUN35] host_utc=2026-09-28T09:04:24.841+00:00 host_mono_ns=2345284031721746 === DEBUG [lwip-posix]: udp_sendto called! Bypassing to POSIX sendto ===
[SEDP-RACE-RUN35] host_utc=2026-09-28T09:04:24.841+00:00 host_mono_ns=2345284031861299 
[SEDP-RACE-RUN35] host_utc=2026-09-28T09:04:24.841+00:00 host_mono_ns=2345284031872661 === DEBUG [lwip-posix]: recvfrom received packet of len 52! Bypassing to pcb->recv ===
[SEDP-RACE-RUN35] host_utc=2026-09-28T09:04:24.841+00:00 host_mono_ns=2345284031882860 
[SEDP-RACE-RUN35] host_utc=2026-09-28T09:04:24.841+00:00 host_mono_ns=2345284031892468 === DEBUG [lwip-posix]: udp_sendto called! Bypassing to POSIX sendto ===
[SEDP-RACE-RUN35] host_utc=2026-09-28T09:04:24.841+00:00 host_mono_ns=2345284031922194 
[SEDP-RACE-RUN35] host_utc=2026-09-28T09:04:24.841+00:00 host_mono_ns=2345284031935389 === DEBUG [lwip-posix]: recvfrom received packet of len 216! Bypassing to pcb->recv ===
[SEDP-RACE-RUN35] host_utc=2026-09-28T09:04:24.841+00:00 host_mono_ns=2345284032173830 
[SEDP-RACE-RUN35] host_utc=2026-09-28T09:04:24.842+00:00 host_mono_ns=2345284032214407 === DEBUG [lwip-posix]: recvfrom received packet of len 52! Bypassing to pcb->recv ===
[SEDP-RACE-RUN35] host_utc=2026-09-28T09:04:24.842+00:00 host_mono_ns=2345284032228453 
[SEDP-RACE-RUN35] host_utc=2026-09-28T09:04:24.842+00:00 host_mono_ns=2345284032241147 === DEBUG [lwip-posix]: udp_sendto called! Bypassing to POSIX sendto ===
[SEDP-RACE-RUN35] host_utc=2026-09-28T09:04:24.842+00:00 host_mono_ns=2345284032301331 
[SEDP-RACE-RUN35] host_utc=2026-09-28T09:04:24.842+00:00 host_mono_ns=2345284032325486 === DEBUG [lwip-posix]: recvfrom received packet of len 52! Bypassing to pcb->recv ===
[SEDP-RACE-RUN35] host_utc=2026-09-28T09:04:24.842+00:00 host_mono_ns=2345284032337629 
[SEDP-RACE-RUN35] host_utc=2026-09-28T09:04:24.842+00:00 host_mono_ns=2345284032347698 === DEBUG [lwip-posix]: udp_sendto called! Bypassing to POSIX sendto ===
[SEDP-RACE-RUN35] host_utc=2026-09-28T09:04:24.842+00:00 host_mono_ns=2345284032364400 
[SEDP-RACE-RUN35] host_utc=2026-09-28T09:04:24.842+00:00 host_mono_ns=2345284032374639 === DEBUG [lwip-posix]: recvfrom received packet of len 52! Bypassing to pcb->recv ===
[SEDP-RACE-RUN35] host_utc=2026-09-28T09:04:24.842+00:00 host_mono_ns=2345284032384538 
[SEDP-RACE-RUN35] host_utc=2026-09-28T09:04:24.842+00:00 host_mono_ns=2345284032394236 === DEBUG [lwip-posix]: udp_sendto called! Bypassing to POSIX sendto ===
[SEDP-RACE-RUN35] host_utc=2026-09-28T09:04:24.842+00:00 host_mono_ns=2345284032584576 
[SEDP-RACE-RUN35] host_utc=2026-09-28T09:04:24.842+00:00 host_mono_ns=2345284032596609 === DEBUG [lwip-posix]: recvfrom received packet of len 52! Bypassing to pcb->recv ===
[SEDP-RACE-RUN35] host_utc=2026-09-28T09:04:24.842+00:00 host_mono_ns=2345284032606798 
[SEDP-RACE-RUN35] host_utc=2026-09-28T09:04:24.842+00:00 host_mono_ns=2345284032616386 === DEBUG [lwip-posix]: udp_sendto called! Bypassing to POSIX sendto ===
[SEDP-RACE-RUN35] host_utc=2026-09-28T09:04:24.842+00:00 host_mono_ns=2345284032691708 
[SEDP-RACE-RUN35] host_utc=2026-09-28T09:04:24.842+00:00 host_mono_ns=2345284032712207 === DEBUG [lwip-posix]: recvfrom received packet of len 52! Bypassing to pcb->recv ===
[SEDP-RACE-RUN35] host_utc=2026-09-28T09:04:24.842+00:00 host_mono_ns=2345284032724059 
[SEDP-RACE-RUN35] host_utc=2026-09-28T09:04:24.842+00:00 host_mono_ns=2345284032734078 === DEBUG [lwip-posix]: udp_sendto called! Bypassing to POSIX sendto ===
[SEDP-RACE-RUN35] host_utc=2026-09-28T09:04:24.842+00:00 host_mono_ns=2345284032821734 
[SEDP-RACE-RUN35] host_utc=2026-09-28T09:04:24.842+00:00 host_mono_ns=2345284032849386 === DEBUG [lwip-posix]: recvfrom received packet of len 216! Bypassing to pcb->recv ===
[SEDP-RACE-RUN35] host_utc=2026-09-28T09:04:24.842+00:00 host_mono_ns=2345284032868703 
[SEDP-RACE-RUN35] host_utc=2026-09-28T09:04:24.842+00:00 host_mono_ns=2345284032879002 === DEBUG [lwip-posix]: recvfrom received packet of len 52! Bypassing to pcb->recv ===
[SEDP-RACE-RUN35] host_utc=2026-09-28T09:04:24.842+00:00 host_mono_ns=2345284032889121 
[SEDP-RACE-RUN35] host_utc=2026-09-28T09:04:24.842+00:00 host_mono_ns=2345284032898790 === DEBUG [lwip-posix]: udp_sendto called! Bypassing to POSIX sendto ===
[SEDP-RACE-RUN35] host_utc=2026-09-28T09:04:24.842+00:00 host_mono_ns=2345284033163580 
[SEDP-RACE-RUN35] host_utc=2026-09-28T09:04:24.843+00:00 host_mono_ns=2345284033189318 === DEBUG [lwip-posix]: recvfrom received packet of len 52! Bypassing to pcb->recv ===
[SEDP-RACE-RUN35] host_utc=2026-09-28T09:04:24.843+00:00 host_mono_ns=2345284033201341 
[SEDP-RACE-RUN35] host_utc=2026-09-28T09:04:24.843+00:00 host_mono_ns=2345284033211611 === DEBUG [lwip-posix]: udp_sendto called! Bypassing to POSIX sendto ===
[SEDP-RACE-RUN35] host_utc=2026-09-28T09:04:24.843+00:00 host_mono_ns=2345284033227881 
[SEDP-RACE-RUN35] host_utc=2026-09-28T09:04:24.843+00:00 host_mono_ns=2345284033237920 === DEBUG [lwip-posix]: recvfrom received packet of len 52! Bypassing to pcb->recv ===
[SEDP-RACE-RUN35] host_utc=2026-09-28T09:04:24.843+00:00 host_mono_ns=2345284033247709 
[SEDP-RACE-RUN35] host_utc=2026-09-28T09:04:24.843+00:00 host_mono_ns=2345284033257207 === DEBUG [lwip-posix]: udp_sendto called! Bypassing to POSIX sendto ===
[SEDP-RACE-RUN35] host_utc=2026-09-28T09:04:24.843+00:00 host_mono_ns=2345284033650750 
[SEDP-RACE-RUN35] host_utc=2026-09-28T09:04:24.843+00:00 host_mono_ns=2345284033661090 === DEBUG [lwip-posix]: recvfrom received packet of len 52! Bypassing to pcb->recv ===
[SEDP-RACE-RUN35] host_utc=2026-09-28T09:04:24.843+00:00 host_mono_ns=2345284033673042 
[SEDP-RACE-RUN35] host_utc=2026-09-28T09:04:24.843+00:00 host_mono_ns=2345284033686257 === DEBUG [lwip-posix]: udp_sendto called! Bypassing to POSIX sendto ===
[SEDP-RACE-RUN35] host_utc=2026-09-28T09:04:24.843+00:00 host_mono_ns=2345284033742073 
[SEDP-RACE-RUN35] host_utc=2026-09-28T09:04:24.843+00:00 host_mono_ns=2345284033754917 === DEBUG [lwip-posix]: recvfrom received packet of len 52! Bypassing to pcb->recv ===
[SEDP-RACE-RUN35] host_utc=2026-09-28T09:04:24.843+00:00 host_mono_ns=2345284033765206 
[SEDP-RACE-RUN35] host_utc=2026-09-28T09:04:24.843+00:00 host_mono_ns=2345284033774995 === DEBUG [lwip-posix]: udp_sendto called! Bypassing to POSIX sendto ===
[SEDP-RACE-RUN35] host_utc=2026-09-28T09:04:24.843+00:00 host_mono_ns=2345284033887257 
[SEDP-RACE-RUN35] host_utc=2026-09-28T09:04:24.843+00:00 host_mono_ns=2345284033899280 === DEBUG [lwip-posix]: recvfrom received packet of len 52! Bypassing to pcb->recv ===
[SEDP-RACE-RUN35] host_utc=2026-09-28T09:04:24.843+00:00 host_mono_ns=2345284033909589 
[SEDP-RACE-RUN35] host_utc=2026-09-28T09:04:24.843+00:00 host_mono_ns=2345284033919207 === DEBUG [lwip-posix]: udp_sendto called! Bypassing to POSIX sendto ===
[SEDP-RACE-RUN35] host_utc=2026-09-28T09:04:24.843+00:00 host_mono_ns=2345284033933364 
[SEDP-RACE-RUN35] host_utc=2026-09-28T09:04:24.843+00:00 host_mono_ns=2345284033944756 === DEBUG [lwip-posix]: recvfrom received packet of len 52! Bypassing to pcb->recv ===
[SEDP-RACE-RUN35] host_utc=2026-09-28T09:04:24.843+00:00 host_mono_ns=2345284033958351 
[SEDP-RACE-RUN35] host_utc=2026-09-28T09:04:24.843+00:00 host_mono_ns=2345284033969683 === DEBUG [lwip-posix]: udp_sendto called! Bypassing to POSIX sendto ===
[SEDP-RACE-RUN35] host_utc=2026-09-28T09:04:24.844+00:00 host_mono_ns=2345284034249962 
[SEDP-RACE-RUN35] host_utc=2026-09-28T09:04:24.844+00:00 host_mono_ns=2345284034267225 === DEBUG [lwip-posix]: recvfrom received packet of len 52! Bypassing to pcb->recv ===
[SEDP-RACE-RUN35] host_utc=2026-09-28T09:04:24.844+00:00 host_mono_ns=2345284034277665 
[SEDP-RACE-RUN35] host_utc=2026-09-28T09:04:24.844+00:00 host_mono_ns=2345284034301890 === DEBUG [lwip-posix]: udp_sendto called! Bypassing to POSIX sendto ===
[SEDP-RACE-RUN35] host_utc=2026-09-28T09:04:24.844+00:00 host_mono_ns=2345284034322439 
[SEDP-RACE-RUN35] host_utc=2026-09-28T09:04:24.844+00:00 host_mono_ns=2345284034332749 === DEBUG [lwip-posix]: recvfrom received packet of len 52! Bypassing to pcb->recv ===
[SEDP-RACE-RUN35] host_utc=2026-09-28T09:04:24.844+00:00 host_mono_ns=2345284034342768 
[SEDP-RACE-RUN35] host_utc=2026-09-28T09:04:24.844+00:00 host_mono_ns=2345284034352326 === DEBUG [lwip-posix]: udp_sendto called! Bypassing to POSIX sendto ===
[SEDP-RACE-RUN35] host_utc=2026-09-28T09:04:24.844+00:00 host_mono_ns=2345284034543898 
[SEDP-RACE-RUN35] host_utc=2026-09-28T09:04:24.844+00:00 host_mono_ns=2345284034555189 === DEBUG [lwip-posix]: recvfrom received packet of len 52! Bypassing to pcb->recv ===
[SEDP-RACE-RUN35] host_utc=2026-09-28T09:04:24.844+00:00 host_mono_ns=2345284034565328 
[SEDP-RACE-RUN35] host_utc=2026-09-28T09:04:24.844+00:00 host_mono_ns=2345284034574896 === DEBUG [lwip-posix]: udp_sendto called! Bypassing to POSIX sendto ===
[SEDP-RACE-RUN35] host_utc=2026-09-28T09:04:24.844+00:00 host_mono_ns=2345284034623238 
[SEDP-RACE-RUN35] host_utc=2026-09-28T09:04:24.844+00:00 host_mono_ns=2345284034634809 === DEBUG [lwip-posix]: recvfrom received packet of len 52! Bypassing to pcb->recv ===
[SEDP-RACE-RUN35] host_utc=2026-09-28T09:04:24.844+00:00 host_mono_ns=2345284034644969 
[SEDP-RACE-RUN35] host_utc=2026-09-28T09:04:24.844+00:00 host_mono_ns=2345284034655739 === DEBUG [lwip-posix]: udp_sendto called! Bypassing to POSIX sendto ===
[SEDP-RACE-RUN35] host_utc=2026-09-28T09:04:24.844+00:00 host_mono_ns=2345284034852030 
[SEDP-RACE-RUN35] host_utc=2026-09-28T09:04:24.844+00:00 host_mono_ns=2345284034864453 === DEBUG [lwip-posix]: recvfrom received packet of len 52! Bypassing to pcb->recv ===
[SEDP-RACE-RUN35] host_utc=2026-09-28T09:04:24.844+00:00 host_mono_ns=2345284034874522 
[SEDP-RACE-RUN35] host_utc=2026-09-28T09:04:24.844+00:00 host_mono_ns=2345284034884010 === DEBUG [lwip-posix]: udp_sendto called! Bypassing to POSIX sendto ===
[SEDP-RACE-RUN35] host_utc=2026-09-28T09:04:24.844+00:00 host_mono_ns=2345284034920840 
[SEDP-RACE-RUN35] host_utc=2026-09-28T09:04:24.844+00:00 host_mono_ns=2345284034932372 === DEBUG [lwip-posix]: recvfrom received packet of len 52! Bypassing to pcb->recv ===
[SEDP-RACE-RUN35] host_utc=2026-09-28T09:04:24.844+00:00 host_mono_ns=2345284034942431 
[SEDP-RACE-RUN35] host_utc=2026-09-28T09:04:24.844+00:00 host_mono_ns=2345284034952069 === DEBUG [lwip-posix]: udp_sendto called! Bypassing to POSIX sendto ===
[SEDP-RACE-RUN35] host_utc=2026-09-28T09:04:24.844+00:00 host_mono_ns=2345284035142108 
[SEDP-RACE-RUN35] host_utc=2026-09-28T09:04:24.844+00:00 host_mono_ns=2345284035159240 === DEBUG [lwip-posix]: recvfrom received packet of len 52! Bypassing to pcb->recv ===
[SEDP-RACE-RUN35] host_utc=2026-09-28T09:04:24.845+00:00 host_mono_ns=2345284035169680 
[SEDP-RACE-RUN35] host_utc=2026-09-28T09:04:24.845+00:00 host_mono_ns=2345284035179318 === DEBUG [lwip-posix]: udp_sendto called! Bypassing to POSIX sendto ===
[SEDP-RACE-RUN35] host_utc=2026-09-28T09:04:24.845+00:00 host_mono_ns=2345284035195128 
[SEDP-RACE-RUN35] host_utc=2026-09-28T09:04:24.845+00:00 host_mono_ns=2345284035208453 === DEBUG [lwip-posix]: recvfrom received packet of len 52! Bypassing to pcb->recv ===
[SEDP-RACE-RUN35] host_utc=2026-09-28T09:04:24.845+00:00 host_mono_ns=2345284035219704 
[SEDP-RACE-RUN35] host_utc=2026-09-28T09:04:24.845+00:00 host_mono_ns=2345284035229453 === DEBUG [lwip-posix]: udp_sendto called! Bypassing to POSIX sendto ===
[SEDP-RACE-RUN35] host_utc=2026-09-28T09:04:24.845+00:00 host_mono_ns=2345284035436865 
[SEDP-RACE-RUN35] host_utc=2026-09-28T09:04:24.845+00:00 host_mono_ns=2345284035470178 === DEBUG [lwip-posix]: recvfrom received packet of len 52! Bypassing to pcb->recv ===
[SEDP-RACE-RUN35] host_utc=2026-09-28T09:04:24.845+00:00 host_mono_ns=2345284035487701 
[SEDP-RACE-RUN35] host_utc=2026-09-28T09:04:24.845+00:00 host_mono_ns=2345284035502689 === DEBUG [lwip-posix]: udp_sendto called! Bypassing to POSIX sendto ===
[SEDP-RACE-RUN35] host_utc=2026-09-28T09:04:24.845+00:00 host_mono_ns=2345284035537234 
[SEDP-RACE-RUN35] host_utc=2026-09-28T09:04:24.845+00:00 host_mono_ns=2345284035548075 === DEBUG [lwip-posix]: recvfrom received packet of len 52! Bypassing to pcb->recv ===
[SEDP-RACE-RUN35] host_utc=2026-09-28T09:04:24.845+00:00 host_mono_ns=2345284035559216 
[SEDP-RACE-RUN35] host_utc=2026-09-28T09:04:24.845+00:00 host_mono_ns=2345284035568934 === DEBUG [lwip-posix]: udp_sendto called! Bypassing to POSIX sendto ===
[SEDP-RACE-RUN35] host_utc=2026-09-28T09:04:24.845+00:00 host_mono_ns=2345284035750537 
[SEDP-RACE-RUN35] host_utc=2026-09-28T09:04:24.845+00:00 host_mono_ns=2345284035771116 === DEBUG [lwip-posix]: recvfrom received packet of len 52! Bypassing to pcb->recv ===
[SEDP-RACE-RUN35] host_utc=2026-09-28T09:04:24.845+00:00 host_mono_ns=2345284035784371 
[SEDP-RACE-RUN35] host_utc=2026-09-28T09:04:24.845+00:00 host_mono_ns=2345284035797857 === DEBUG [lwip-posix]: udp_sendto called! Bypassing to POSIX sendto ===
[SEDP-RACE-RUN35] host_utc=2026-09-28T09:04:24.845+00:00 host_mono_ns=2345284035841269 
[SEDP-RACE-RUN35] host_utc=2026-09-28T09:04:24.845+00:00 host_mono_ns=2345284035853983 === DEBUG [lwip-posix]: recvfrom received packet of len 52! Bypassing to pcb->recv ===
[SEDP-RACE-RUN35] host_utc=2026-09-28T09:04:24.845+00:00 host_mono_ns=2345284035864302 
[SEDP-RACE-RUN35] host_utc=2026-09-28T09:04:24.845+00:00 host_mono_ns=2345284035873870 === DEBUG [lwip-posix]: udp_sendto called! Bypassing to POSIX sendto ===
[SEDP-RACE-RUN35] host_utc=2026-09-28T09:04:24.845+00:00 host_mono_ns=2345284036010539 
[SEDP-RACE-RUN35] host_utc=2026-09-28T09:04:24.845+00:00 host_mono_ns=2345284036032680 === DEBUG [lwip-posix]: recvfrom received packet of len 52! Bypassing to pcb->recv ===
[SEDP-RACE-RUN35] host_utc=2026-09-28T09:04:24.845+00:00 host_mono_ns=2345284036043902 
[SEDP-RACE-RUN35] host_utc=2026-09-28T09:04:24.845+00:00 host_mono_ns=2345284036053510 === DEBUG [lwip-posix]: udp_sendto called! Bypassing to POSIX sendto ===
[SEDP-RACE-RUN35] host_utc=2026-09-28T09:04:24.845+00:00 host_mono_ns=2345284036097573 
[SEDP-RACE-RUN35] host_utc=2026-09-28T09:04:24.845+00:00 host_mono_ns=2345284036109936 === DEBUG [lwip-posix]: recvfrom received packet of len 52! Bypassing to pcb->recv ===
[SEDP-RACE-RUN35] host_utc=2026-09-28T09:04:24.845+00:00 host_mono_ns=2345284036120316 
[SEDP-RACE-RUN35] host_utc=2026-09-28T09:04:24.845+00:00 host_mono_ns=2345284036129934 === DEBUG [lwip-posix]: udp_sendto called! Bypassing to POSIX sendto ===
[SEDP-RACE-RUN35] host_utc=2026-09-28T09:04:24.846+00:00 host_mono_ns=2345284036295116 
[SEDP-RACE-RUN35] host_utc=2026-09-28T09:04:24.846+00:00 host_mono_ns=2345284036306929 === DEBUG [lwip-posix]: recvfrom received packet of len 52! Bypassing to pcb->recv ===
[SEDP-RACE-RUN35] host_utc=2026-09-28T09:04:24.846+00:00 host_mono_ns=2345284036317208 
[SEDP-RACE-RUN35] host_utc=2026-09-28T09:04:24.846+00:00 host_mono_ns=2345284036326996 === DEBUG [lwip-posix]: udp_sendto called! Bypassing to POSIX sendto ===
[SEDP-RACE-RUN35] host_utc=2026-09-28T09:04:24.846+00:00 host_mono_ns=2345284036368264 
[SEDP-RACE-RUN35] host_utc=2026-09-28T09:04:24.846+00:00 host_mono_ns=2345284036379355 === DEBUG [lwip-posix]: recvfrom received packet of len 52! Bypassing to pcb->recv ===
[SEDP-RACE-RUN35] host_utc=2026-09-28T09:04:24.846+00:00 host_mono_ns=2345284036389214 
[SEDP-RACE-RUN35] host_utc=2026-09-28T09:04:24.846+00:00 host_mono_ns=2345284036398682 === DEBUG [lwip-posix]: udp_sendto called! Bypassing to POSIX sendto ===
[SEDP-RACE-RUN35] host_utc=2026-09-28T09:04:24.846+00:00 host_mono_ns=2345284036523117 
[SEDP-RACE-RUN35] host_utc=2026-09-28T09:04:24.846+00:00 host_mono_ns=2345284036535530 === DEBUG [lwip-posix]: recvfrom received packet of len 52! Bypassing to pcb->recv ===
[SEDP-RACE-RUN35] host_utc=2026-09-28T09:04:24.846+00:00 host_mono_ns=2345284036545720 
[SEDP-RACE-RUN35] host_utc=2026-09-28T09:04:24.846+00:00 host_mono_ns=2345284036555358 === DEBUG [lwip-posix]: udp_sendto called! Bypassing to POSIX sendto ===
[SEDP-RACE-RUN35] host_utc=2026-09-28T09:04:24.846+00:00 host_mono_ns=2345284036585074 
[SEDP-RACE-RUN35] host_utc=2026-09-28T09:04:24.846+00:00 host_mono_ns=2345284036599351 === DEBUG [lwip-posix]: recvfrom received packet of len 52! Bypassing to pcb->recv ===
[SEDP-RACE-RUN35] host_utc=2026-09-28T09:04:24.846+00:00 host_mono_ns=2345284036614129 
[SEDP-RACE-RUN35] host_utc=2026-09-28T09:04:24.846+00:00 host_mono_ns=2345284036623947 === DEBUG [lwip-posix]: udp_sendto called! Bypassing to POSIX sendto ===
[SEDP-RACE-RUN35] host_utc=2026-09-28T09:04:24.846+00:00 host_mono_ns=2345284036817012 
[SEDP-RACE-RUN35] host_utc=2026-09-28T09:04:24.846+00:00 host_mono_ns=2345284036829776 === DEBUG [lwip-posix]: recvfrom received packet of len 52! Bypassing to pcb->recv ===
[SEDP-RACE-RUN35] host_utc=2026-09-28T09:04:24.846+00:00 host_mono_ns=2345284036839976 
[SEDP-RACE-RUN35] host_utc=2026-09-28T09:04:24.846+00:00 host_mono_ns=2345284036849674 === DEBUG [lwip-posix]: udp_sendto called! Bypassing to POSIX sendto ===
[SEDP-RACE-RUN35] host_utc=2026-09-28T09:04:24.846+00:00 host_mono_ns=2345284036864081 
[SEDP-RACE-RUN35] host_utc=2026-09-28T09:04:24.846+00:00 host_mono_ns=2345284036876334 === DEBUG [lwip-posix]: recvfrom received packet of len 52! Bypassing to pcb->recv ===
[SEDP-RACE-RUN35] host_utc=2026-09-28T09:04:24.846+00:00 host_mono_ns=2345284036895070 
[SEDP-RACE-RUN35] host_utc=2026-09-28T09:04:24.846+00:00 host_mono_ns=2345284036905590 === DEBUG [lwip-posix]: udp_sendto called! Bypassing to POSIX sendto ===
[SEDP-RACE-RUN35] host_utc=2026-09-28T09:04:24.846+00:00 host_mono_ns=2345284037075621 
[SEDP-RACE-RUN35] host_utc=2026-09-28T09:04:24.846+00:00 host_mono_ns=2345284037093545 === DEBUG [lwip-posix]: recvfrom received packet of len 52! Bypassing to pcb->recv ===
[SEDP-RACE-RUN35] host_utc=2026-09-28T09:04:24.846+00:00 host_mono_ns=2345284037104155 
[SEDP-RACE-RUN35] host_utc=2026-09-28T09:04:24.846+00:00 host_mono_ns=2345284037115606 === DEBUG [lwip-posix]: udp_sendto called! Bypassing to POSIX sendto ===
[SEDP-RACE-RUN35] host_utc=2026-09-28T09:04:24.846+00:00 host_mono_ns=2345284037135243 
[SEDP-RACE-RUN35] host_utc=2026-09-28T09:04:24.846+00:00 host_mono_ns=2345284037145473 === DEBUG [lwip-posix]: recvfrom received packet of len 52! Bypassing to pcb->recv ===
[SEDP-RACE-RUN35] host_utc=2026-09-28T09:04:24.846+00:00 host_mono_ns=2345284037155351 
[SEDP-RACE-RUN35] host_utc=2026-09-28T09:04:24.846+00:00 host_mono_ns=2345284037164919 === DEBUG [lwip-posix]: udp_sendto called! Bypassing to POSIX sendto ===
[SEDP-RACE-RUN35] host_utc=2026-09-28T09:04:24.847+00:00 host_mono_ns=2345284037329019 
[SEDP-RACE-RUN35] host_utc=2026-09-28T09:04:24.847+00:00 host_mono_ns=2345284037340281 === DEBUG [lwip-posix]: recvfrom received packet of len 52! Bypassing to pcb->recv ===
[SEDP-RACE-RUN35] host_utc=2026-09-28T09:04:24.847+00:00 host_mono_ns=2345284037350640 
[SEDP-RACE-RUN35] host_utc=2026-09-28T09:04:24.847+00:00 host_mono_ns=2345284037360329 === DEBUG [lwip-posix]: udp_sendto called! Bypassing to POSIX sendto ===
[SEDP-RACE-RUN35] host_utc=2026-09-28T09:04:24.847+00:00 host_mono_ns=2345284037374616 
[SEDP-RACE-RUN35] host_utc=2026-09-28T09:04:24.847+00:00 host_mono_ns=2345284037386738 === DEBUG [lwip-posix]: recvfrom received packet of len 52! Bypassing to pcb->recv ===
[SEDP-RACE-RUN35] host_utc=2026-09-28T09:04:24.847+00:00 host_mono_ns=2345284037405324 
[SEDP-RACE-RUN35] host_utc=2026-09-28T09:04:24.847+00:00 host_mono_ns=2345284037415653 === DEBUG [lwip-posix]: udp_sendto called! Bypassing to POSIX sendto ===
[SEDP-RACE-RUN35] host_utc=2026-09-28T09:04:24.847+00:00 host_mono_ns=2345284037578140 
[SEDP-RACE-RUN35] host_utc=2026-09-28T09:04:24.847+00:00 host_mono_ns=2345284037591605 === DEBUG [lwip-posix]: recvfrom received packet of len 52! Bypassing to pcb->recv ===
[SEDP-RACE-RUN35] host_utc=2026-09-28T09:04:24.847+00:00 host_mono_ns=2345284037601935 
[SEDP-RACE-RUN35] host_utc=2026-09-28T09:04:24.847+00:00 host_mono_ns=2345284037611663 === DEBUG [lwip-posix]: udp_sendto called! Bypassing to POSIX sendto ===
[SEDP-RACE-RUN35] host_utc=2026-09-28T09:04:24.847+00:00 host_mono_ns=2345284037689230 
[SEDP-RACE-RUN35] host_utc=2026-09-28T09:04:24.847+00:00 host_mono_ns=2345284037700872 === DEBUG [lwip-posix]: recvfrom received packet of len 52! Bypassing to pcb->recv ===
[SEDP-RACE-RUN35] host_utc=2026-09-28T09:04:24.847+00:00 host_mono_ns=2345284037711151 
[SEDP-RACE-RUN35] host_utc=2026-09-28T09:04:24.847+00:00 host_mono_ns=2345284037720829 === DEBUG [lwip-posix]: udp_sendto called! Bypassing to POSIX sendto ===
[SEDP-RACE-RUN35] host_utc=2026-09-28T09:04:24.847+00:00 host_mono_ns=2345284037970701 
[SEDP-RACE-RUN35] host_utc=2026-09-28T09:04:24.847+00:00 host_mono_ns=2345284037983315 === DEBUG [lwip-posix]: recvfrom received packet of len 52! Bypassing to pcb->recv ===
[SEDP-RACE-RUN35] host_utc=2026-09-28T09:04:24.847+00:00 host_mono_ns=2345284037993444 
[SEDP-RACE-RUN35] host_utc=2026-09-28T09:04:24.847+00:00 host_mono_ns=2345284038013242 === DEBUG [lwip-posix]: udp_sendto called! Bypassing to POSIX sendto ===
[SEDP-RACE-RUN35] host_utc=2026-09-28T09:04:24.847+00:00 host_mono_ns=2345284038037217 
[SEDP-RACE-RUN35] host_utc=2026-09-28T09:04:24.847+00:00 host_mono_ns=2345284038047527 === DEBUG [lwip-posix]: recvfrom received packet of len 52! Bypassing to pcb->recv ===
[SEDP-RACE-RUN35] host_utc=2026-09-28T09:04:24.847+00:00 host_mono_ns=2345284038057405 
[SEDP-RACE-RUN35] host_utc=2026-09-28T09:04:24.847+00:00 host_mono_ns=2345284038067033 === DEBUG [lwip-posix]: udp_sendto called! Bypassing to POSIX sendto ===
[SEDP-RACE-RUN35] host_utc=2026-09-28T09:04:24.848+00:00 host_mono_ns=2345284038258916 
[SEDP-RACE-RUN35] host_utc=2026-09-28T09:04:24.848+00:00 host_mono_ns=2345284038270528 === DEBUG [lwip-posix]: recvfrom received packet of len 52! Bypassing to pcb->recv ===
[SEDP-RACE-RUN35] host_utc=2026-09-28T09:04:24.848+00:00 host_mono_ns=2345284038280587 
[SEDP-RACE-RUN35] host_utc=2026-09-28T09:04:24.848+00:00 host_mono_ns=2345284038290446 === DEBUG [lwip-posix]: udp_sendto called! Bypassing to POSIX sendto ===
[SEDP-RACE-RUN35] host_utc=2026-09-28T09:04:24.848+00:00 host_mono_ns=2345284038406304 
[SEDP-RACE-RUN35] host_utc=2026-09-28T09:04:24.848+00:00 host_mono_ns=2345284038419119 === DEBUG [lwip-posix]: recvfrom received packet of len 52! Bypassing to pcb->recv ===
[SEDP-RACE-RUN35] host_utc=2026-09-28T09:04:24.848+00:00 host_mono_ns=2345284038429458 
[SEDP-RACE-RUN35] host_utc=2026-09-28T09:04:24.848+00:00 host_mono_ns=2345284038439257 === DEBUG [lwip-posix]: udp_sendto called! Bypassing to POSIX sendto ===
[SEDP-RACE-RUN35] host_utc=2026-09-28T09:04:24.848+00:00 host_mono_ns=2345284038536741 
[SEDP-RACE-RUN35] host_utc=2026-09-28T09:04:24.848+00:00 host_mono_ns=2345284038549054 === DEBUG [lwip-posix]: recvfrom received packet of len 52! Bypassing to pcb->recv ===
[SEDP-RACE-RUN35] host_utc=2026-09-28T09:04:24.848+00:00 host_mono_ns=2345284038559364 
[SEDP-RACE-RUN35] host_utc=2026-09-28T09:04:24.848+00:00 host_mono_ns=2345284038569102 === DEBUG [lwip-posix]: udp_sendto called! Bypassing to POSIX sendto ===
[SEDP-RACE-RUN35] host_utc=2026-09-28T09:04:24.848+00:00 host_mono_ns=2345284038701803 
[SEDP-RACE-RUN35] host_utc=2026-09-28T09:04:24.848+00:00 host_mono_ns=2345284038713124 === DEBUG [lwip-posix]: recvfrom received packet of len 52! Bypassing to pcb->recv ===
[SEDP-RACE-RUN35] host_utc=2026-09-28T09:04:24.848+00:00 host_mono_ns=2345284038723223 
[SEDP-RACE-RUN35] host_utc=2026-09-28T09:04:24.848+00:00 host_mono_ns=2345284038732851 === DEBUG [lwip-posix]: udp_sendto called! Bypassing to POSIX sendto ===
[SEDP-RACE-RUN35] host_utc=2026-09-28T09:04:24.848+00:00 host_mono_ns=2345284038764862 
[SEDP-RACE-RUN35] host_utc=2026-09-28T09:04:24.848+00:00 host_mono_ns=2345284038777085 === DEBUG [lwip-posix]: recvfrom received packet of len 52! Bypassing to pcb->recv ===
[SEDP-RACE-RUN35] host_utc=2026-09-28T09:04:24.848+00:00 host_mono_ns=2345284038787465 
[SEDP-RACE-RUN35] host_utc=2026-09-28T09:04:24.848+00:00 host_mono_ns=2345284038796983 === DEBUG [lwip-posix]: udp_sendto called! Bypassing to POSIX sendto ===
[SEDP-RACE-RUN35] host_utc=2026-09-28T09:04:24.848+00:00 host_mono_ns=2345284038956424 
[SEDP-RACE-RUN35] host_utc=2026-09-28T09:04:24.848+00:00 host_mono_ns=2345284038967915 === DEBUG [lwip-posix]: recvfrom received packet of len 52! Bypassing to pcb->recv ===
[SEDP-RACE-RUN35] host_utc=2026-09-28T09:04:24.848+00:00 host_mono_ns=2345284038978015 
[SEDP-RACE-RUN35] host_utc=2026-09-28T09:04:24.848+00:00 host_mono_ns=2345284038987663 === DEBUG [lwip-posix]: udp_sendto called! Bypassing to POSIX sendto ===
[SEDP-RACE-RUN35] host_utc=2026-09-28T09:04:24.848+00:00 host_mono_ns=2345284039010676 
[SEDP-RACE-RUN35] host_utc=2026-09-28T09:04:24.848+00:00 host_mono_ns=2345284039030935 === DEBUG [lwip-posix]: recvfrom received packet of len 52! Bypassing to pcb->recv ===
[SEDP-RACE-RUN35] host_utc=2026-09-28T09:04:24.848+00:00 host_mono_ns=2345284039046935 
[SEDP-RACE-RUN35] host_utc=2026-09-28T09:04:24.848+00:00 host_mono_ns=2345284039056884 === DEBUG [lwip-posix]: udp_sendto called! Bypassing to POSIX sendto ===
[SEDP-RACE-RUN35] host_utc=2026-09-28T09:04:24.849+00:00 host_mono_ns=2345284039220372 
[SEDP-RACE-RUN35] host_utc=2026-09-28T09:04:24.849+00:00 host_mono_ns=2345284039244378 === DEBUG [lwip-posix]: recvfrom received packet of len 52! Bypassing to pcb->recv ===
[SEDP-RACE-RUN35] host_utc=2026-09-28T09:04:24.849+00:00 host_mono_ns=2345284039267471 
[SEDP-RACE-RUN35] host_utc=2026-09-28T09:04:24.849+00:00 host_mono_ns=2345284039278212 === DEBUG [lwip-posix]: udp_sendto called! Bypassing to POSIX sendto ===
[SEDP-RACE-RUN35] host_utc=2026-09-28T09:04:24.849+00:00 host_mono_ns=2345284039291587 
[SEDP-RACE-RUN35] host_utc=2026-09-28T09:04:24.849+00:00 host_mono_ns=2345284039305223 === DEBUG [lwip-posix]: recvfrom received packet of len 52! Bypassing to pcb->recv ===
[SEDP-RACE-RUN35] host_utc=2026-09-28T09:04:24.849+00:00 host_mono_ns=2345284039322876 
[SEDP-RACE-RUN35] host_utc=2026-09-28T09:04:24.849+00:00 host_mono_ns=2345284039333146 === DEBUG [lwip-posix]: udp_sendto called! Bypassing to POSIX sendto ===
[SEDP-RACE-RUN35] host_utc=2026-09-28T09:04:24.849+00:00 host_mono_ns=2345284039522583 
[SEDP-RACE-RUN35] host_utc=2026-09-28T09:04:24.849+00:00 host_mono_ns=2345284039535277 === DEBUG [lwip-posix]: recvfrom received packet of len 52! Bypassing to pcb->recv ===
[SEDP-RACE-RUN35] host_utc=2026-09-28T09:04:24.849+00:00 host_mono_ns=2345284039547881 
[SEDP-RACE-RUN35] host_utc=2026-09-28T09:04:24.849+00:00 host_mono_ns=2345284039561166 === DEBUG [lwip-posix]: udp_sendto called! Bypassing to POSIX sendto ===
[SEDP-RACE-RUN35] host_utc=2026-09-28T09:04:24.849+00:00 host_mono_ns=2345284039578509 
[SEDP-RACE-RUN35] host_utc=2026-09-28T09:04:24.849+00:00 host_mono_ns=2345284039591123 === DEBUG [lwip-posix]: recvfrom received packet of len 52! Bypassing to pcb->recv ===
[SEDP-RACE-RUN35] host_utc=2026-09-28T09:04:24.849+00:00 host_mono_ns=2345284039624576 
[SEDP-RACE-RUN35] host_utc=2026-09-28T09:04:24.849+00:00 host_mono_ns=2345284039635346 === DEBUG [lwip-posix]: udp_sendto called! Bypassing to POSIX sendto ===
[SEDP-RACE-RUN35] host_utc=2026-09-28T09:04:24.849+00:00 host_mono_ns=2345284039864970 
[SEDP-RACE-RUN35] host_utc=2026-09-28T09:04:24.849+00:00 host_mono_ns=2345284039886230 === DEBUG [lwip-posix]: recvfrom received packet of len 52! Bypassing to pcb->recv ===
[SEDP-RACE-RUN35] host_utc=2026-09-28T09:04:24.849+00:00 host_mono_ns=2345284039898985 
[SEDP-RACE-RUN35] host_utc=2026-09-28T09:04:24.849+00:00 host_mono_ns=2345284039912821 === DEBUG [lwip-posix]: udp_sendto called! Bypassing to POSIX sendto ===
[SEDP-RACE-RUN35] host_utc=2026-09-28T09:04:24.849+00:00 host_mono_ns=2345284039932638 
[SEDP-RACE-RUN35] host_utc=2026-09-28T09:04:24.849+00:00 host_mono_ns=2345284039943118 === DEBUG [lwip-posix]: recvfrom received packet of len 52! Bypassing to pcb->recv ===
[SEDP-RACE-RUN35] host_utc=2026-09-28T09:04:24.849+00:00 host_mono_ns=2345284039953117 
[SEDP-RACE-RUN35] host_utc=2026-09-28T09:04:24.849+00:00 host_mono_ns=2345284039962845 === DEBUG [lwip-posix]: udp_sendto called! Bypassing to POSIX sendto ===
[SEDP-RACE-RUN35] host_utc=2026-09-28T09:04:24.849+00:00 host_mono_ns=2345284040024472 
[SEDP-RACE-RUN35] host_utc=2026-09-28T09:04:24.849+00:00 host_mono_ns=2345284040043227 === DEBUG [lwip-posix]: recvfrom received packet of len 52! Bypassing to pcb->recv ===
[SEDP-RACE-RUN35] host_utc=2026-09-28T09:04:24.849+00:00 host_mono_ns=2345284040054989 
[SEDP-RACE-RUN35] host_utc=2026-09-28T09:04:24.849+00:00 host_mono_ns=2345284040066311 === DEBUG [lwip-posix]: udp_sendto called! Bypassing to POSIX sendto ===
[SEDP-RACE-RUN35] host_utc=2026-09-28T09:04:24.849+00:00 host_mono_ns=2345284040114121 
[SEDP-RACE-RUN35] host_utc=2026-09-28T09:04:24.849+00:00 host_mono_ns=2345284040125492 === DEBUG [lwip-posix]: recvfrom received packet of len 52! Bypassing to pcb->recv ===
[SEDP-RACE-RUN35] host_utc=2026-09-28T09:04:24.849+00:00 host_mono_ns=2345284040135602 
[SEDP-RACE-RUN35] host_utc=2026-09-28T09:04:24.849+00:00 host_mono_ns=2345284040145220 === DEBUG [lwip-posix]: udp_sendto called! Bypassing to POSIX sendto ===
[SEDP-RACE-RUN35] host_utc=2026-09-28T09:04:24.850+00:00 host_mono_ns=2345284040230731 
[SEDP-RACE-RUN35] host_utc=2026-09-28T09:04:24.850+00:00 host_mono_ns=2345284040241592 === DEBUG [lwip-posix]: recvfrom received packet of len 52! Bypassing to pcb->recv ===
[SEDP-RACE-RUN35] host_utc=2026-09-28T09:04:24.850+00:00 host_mono_ns=2345284040251591 
[SEDP-RACE-RUN35] host_utc=2026-09-28T09:04:24.850+00:00 host_mono_ns=2345284040261379 === DEBUG [lwip-posix]: udp_sendto called! Bypassing to POSIX sendto ===
[SEDP-RACE-RUN35] host_utc=2026-09-28T09:04:24.850+00:00 host_mono_ns=2345284040440478 
[SEDP-RACE-RUN35] host_utc=2026-09-28T09:04:24.850+00:00 host_mono_ns=2345284040451739 === DEBUG [lwip-posix]: recvfrom received packet of len 52! Bypassing to pcb->recv ===
[SEDP-RACE-RUN35] host_utc=2026-09-28T09:04:24.850+00:00 host_mono_ns=2345284040461878 
[SEDP-RACE-RUN35] host_utc=2026-09-28T09:04:24.850+00:00 host_mono_ns=2345284040471496 === DEBUG [lwip-posix]: udp_sendto called! Bypassing to POSIX sendto ===
[SEDP-RACE-RUN35] host_utc=2026-09-28T09:04:24.850+00:00 host_mono_ns=2345284040531249 
[SEDP-RACE-RUN35] host_utc=2026-09-28T09:04:24.850+00:00 host_mono_ns=2345284040542540 === DEBUG [lwip-posix]: recvfrom received packet of len 52! Bypassing to pcb->recv ===
[SEDP-RACE-RUN35] host_utc=2026-09-28T09:04:24.850+00:00 host_mono_ns=2345284040552760 
[SEDP-RACE-RUN35] host_utc=2026-09-28T09:04:24.850+00:00 host_mono_ns=2345284040562658 === DEBUG [lwip-posix]: udp_sendto called! Bypassing to POSIX sendto ===
[SEDP-RACE-RUN35] host_utc=2026-09-28T09:04:24.850+00:00 host_mono_ns=2345284040628573 
[SEDP-RACE-RUN35] host_utc=2026-09-28T09:04:24.850+00:00 host_mono_ns=2345284040641207 === DEBUG [lwip-posix]: recvfrom received packet of len 52! Bypassing to pcb->recv ===
[SEDP-RACE-RUN35] host_utc=2026-09-28T09:04:24.850+00:00 host_mono_ns=2345284040651436 
[SEDP-RACE-RUN35] host_utc=2026-09-28T09:04:24.850+00:00 host_mono_ns=2345284040661064 === DEBUG [lwip-posix]: udp_sendto called! Bypassing to POSIX sendto ===
[SEDP-RACE-RUN35] host_utc=2026-09-28T09:04:24.850+00:00 host_mono_ns=2345284040876341 
[SEDP-RACE-RUN35] host_utc=2026-09-28T09:04:24.850+00:00 host_mono_ns=2345284040887452 === DEBUG [lwip-posix]: recvfrom received packet of len 52! Bypassing to pcb->recv ===
[SEDP-RACE-RUN35] host_utc=2026-09-28T09:04:24.850+00:00 host_mono_ns=2345284040897651 
[SEDP-RACE-RUN35] host_utc=2026-09-28T09:04:24.850+00:00 host_mono_ns=2345284040907300 === DEBUG [lwip-posix]: udp_sendto called! Bypassing to POSIX sendto ===
[SEDP-RACE-RUN35] host_utc=2026-09-28T09:04:24.850+00:00 host_mono_ns=2345284040974166 
[SEDP-RACE-RUN35] host_utc=2026-09-28T09:04:24.850+00:00 host_mono_ns=2345284040985868 === DEBUG [lwip-posix]: recvfrom received packet of len 52! Bypassing to pcb->recv ===
[SEDP-RACE-RUN35] host_utc=2026-09-28T09:04:24.850+00:00 host_mono_ns=2345284040995997 
[SEDP-RACE-RUN35] host_utc=2026-09-28T09:04:24.850+00:00 host_mono_ns=2345284041021806 === DEBUG [lwip-posix]: udp_sendto called! Bypassing to POSIX sendto ===
[SEDP-RACE-RUN35] host_utc=2026-09-28T09:04:24.850+00:00 host_mono_ns=2345284041112838 
[SEDP-RACE-RUN35] host_utc=2026-09-28T09:04:24.850+00:00 host_mono_ns=2345284041127606 === DEBUG [lwip-posix]: recvfrom received packet of len 52! Bypassing to pcb->recv ===
[SEDP-RACE-RUN35] host_utc=2026-09-28T09:04:24.850+00:00 host_mono_ns=2345284041143115 
[SEDP-RACE-RUN35] host_utc=2026-09-28T09:04:24.850+00:00 host_mono_ns=2345284041153244 === DEBUG [lwip-posix]: udp_sendto called! Bypassing to POSIX sendto ===
[SEDP-RACE-RUN35] host_utc=2026-09-28T09:04:24.851+00:00 host_mono_ns=2345284041215051 
[SEDP-RACE-RUN35] host_utc=2026-09-28T09:04:24.851+00:00 host_mono_ns=2345284041226733 === DEBUG [lwip-posix]: recvfrom received packet of len 52! Bypassing to pcb->recv ===
[SEDP-RACE-RUN35] host_utc=2026-09-28T09:04:24.851+00:00 host_mono_ns=2345284041236752 
[SEDP-RACE-RUN35] host_utc=2026-09-28T09:04:24.851+00:00 host_mono_ns=2345284041246270 === DEBUG [lwip-posix]: udp_sendto called! Bypassing to POSIX sendto ===
[SEDP-RACE-RUN35] host_utc=2026-09-28T09:04:24.851+00:00 host_mono_ns=2345284041488888 
[SEDP-RACE-RUN35] host_utc=2026-09-28T09:04:24.851+00:00 host_mono_ns=2345284041500080 === DEBUG [lwip-posix]: recvfrom received packet of len 52! Bypassing to pcb->recv ===
[SEDP-RACE-RUN35] host_utc=2026-09-28T09:04:24.851+00:00 host_mono_ns=2345284041509918 
[SEDP-RACE-RUN35] host_utc=2026-09-28T09:04:24.851+00:00 host_mono_ns=2345284041522532 === DEBUG [lwip-posix]: udp_sendto called! Bypassing to POSIX sendto ===
[SEDP-RACE-RUN35] host_utc=2026-09-28T09:04:24.851+00:00 host_mono_ns=2345284041540646 
[SEDP-RACE-RUN35] host_utc=2026-09-28T09:04:24.851+00:00 host_mono_ns=2345284041551256 === DEBUG [lwip-posix]: recvfrom received packet of len 52! Bypassing to pcb->recv ===
[SEDP-RACE-RUN35] host_utc=2026-09-28T09:04:24.851+00:00 host_mono_ns=2345284041561325 
[SEDP-RACE-RUN35] host_utc=2026-09-28T09:04:24.851+00:00 host_mono_ns=2345284041570923 === DEBUG [lwip-posix]: udp_sendto called! Bypassing to POSIX sendto ===
[SEDP-RACE-RUN35] host_utc=2026-09-28T09:04:24.851+00:00 host_mono_ns=2345284041794125 
[SEDP-RACE-RUN35] host_utc=2026-09-28T09:04:24.851+00:00 host_mono_ns=2345284041806007 === DEBUG [lwip-posix]: recvfrom received packet of len 52! Bypassing to pcb->recv ===
[SEDP-RACE-RUN35] host_utc=2026-09-28T09:04:24.851+00:00 host_mono_ns=2345284041818902 
[SEDP-RACE-RUN35] host_utc=2026-09-28T09:04:24.851+00:00 host_mono_ns=2345284041832007 === DEBUG [lwip-posix]: udp_sendto called! Bypassing to POSIX sendto ===
[SEDP-RACE-RUN35] host_utc=2026-09-28T09:04:24.851+00:00 host_mono_ns=2345284041847897 
[SEDP-RACE-RUN35] host_utc=2026-09-28T09:04:24.851+00:00 host_mono_ns=2345284041857735 === DEBUG [lwip-posix]: recvfrom received packet of len 52! Bypassing to pcb->recv ===
[SEDP-RACE-RUN35] host_utc=2026-09-28T09:04:24.851+00:00 host_mono_ns=2345284041867343 
[SEDP-RACE-RUN35] host_utc=2026-09-28T09:04:24.851+00:00 host_mono_ns=2345284041876821 === DEBUG [lwip-posix]: udp_sendto called! Bypassing to POSIX sendto ===
[SEDP-RACE-RUN35] host_utc=2026-09-28T09:04:24.851+00:00 host_mono_ns=2345284042048466 
[SEDP-RACE-RUN35] host_utc=2026-09-28T09:04:24.851+00:00 host_mono_ns=2345284042066139 === DEBUG [lwip-posix]: recvfrom received packet of len 52! Bypassing to pcb->recv ===
[SEDP-RACE-RUN35] host_utc=2026-09-28T09:04:24.851+00:00 host_mono_ns=2345284042079885 
[SEDP-RACE-RUN35] host_utc=2026-09-28T09:04:24.851+00:00 host_mono_ns=2345284042092809 === DEBUG [lwip-posix]: udp_sendto called! Bypassing to POSIX sendto ===
[SEDP-RACE-RUN35] host_utc=2026-09-28T09:04:24.851+00:00 host_mono_ns=2345284042108028 
[SEDP-RACE-RUN35] host_utc=2026-09-28T09:04:24.851+00:00 host_mono_ns=2345284042117867 === DEBUG [lwip-posix]: recvfrom received packet of len 52! Bypassing to pcb->recv ===
[SEDP-RACE-RUN35] host_utc=2026-09-28T09:04:24.851+00:00 host_mono_ns=2345284042127655 
[SEDP-RACE-RUN35] host_utc=2026-09-28T09:04:24.851+00:00 host_mono_ns=2345284042137203 === DEBUG [lwip-posix]: udp_sendto called! Bypassing to POSIX sendto ===
[SEDP-RACE-RUN35] host_utc=2026-09-28T09:04:24.852+00:00 host_mono_ns=2345284042438883 
[SEDP-RACE-RUN35] host_utc=2026-09-28T09:04:24.852+00:00 host_mono_ns=2345284042463410 === DEBUG [lwip-posix]: recvfrom received packet of len 52! Bypassing to pcb->recv ===
[SEDP-RACE-RUN35] host_utc=2026-09-28T09:04:24.852+00:00 host_mono_ns=2345284042478909 
[SEDP-RACE-RUN35] host_utc=2026-09-28T09:04:24.852+00:00 host_mono_ns=2345284042491793 === DEBUG [lwip-posix]: udp_sendto called! Bypassing to POSIX sendto ===
[SEDP-RACE-RUN35] host_utc=2026-09-28T09:04:24.852+00:00 host_mono_ns=2345284042548440 
[SEDP-RACE-RUN35] host_utc=2026-09-28T09:04:24.852+00:00 host_mono_ns=2345284042563789 === DEBUG [lwip-posix]: recvfrom received packet of len 52! Bypassing to pcb->recv ===
[SEDP-RACE-RUN35] host_utc=2026-09-28T09:04:24.852+00:00 host_mono_ns=2345284042578297 
[SEDP-RACE-RUN35] host_utc=2026-09-28T09:04:24.852+00:00 host_mono_ns=2345284042591291 === DEBUG [lwip-posix]: udp_sendto called! Bypassing to POSIX sendto ===
[SEDP-RACE-RUN35] host_utc=2026-09-28T09:04:24.852+00:00 host_mono_ns=2345284042710777 
[SEDP-RACE-RUN35] host_utc=2026-09-28T09:04:24.852+00:00 host_mono_ns=2345284042718632 === DEBUG [lwip-posix]: recvfrom received packet of len 52! Bypassing to pcb->recv ===
[SEDP-RACE-RUN35] host_utc=2026-09-28T09:04:24.852+00:00 host_mono_ns=2345284042725234 
[SEDP-RACE-RUN35] host_utc=2026-09-28T09:04:24.852+00:00 host_mono_ns=2345284042731376 === DEBUG [lwip-posix]: udp_sendto called! Bypassing to POSIX sendto ===
[SEDP-RACE-RUN35] host_utc=2026-09-28T09:04:24.852+00:00 host_mono_ns=2345284042737648 
[SEDP-RACE-RUN35] host_utc=2026-09-28T09:04:24.852+00:00 host_mono_ns=2345284042743529 === DEBUG [lwip-posix]: recvfrom received packet of len 52! Bypassing to pcb->recv ===
[SEDP-RACE-RUN35] host_utc=2026-09-28T09:04:24.852+00:00 host_mono_ns=2345284042749470 
[SEDP-RACE-RUN35] host_utc=2026-09-28T09:04:24.852+00:00 host_mono_ns=2345284042755111 === DEBUG [lwip-posix]: udp_sendto called! Bypassing to POSIX sendto ===
[SEDP-RACE-RUN35] host_utc=2026-09-28T09:04:24.852+00:00 host_mono_ns=2345284043045579 
[SEDP-RACE-RUN35] host_utc=2026-09-28T09:04:24.852+00:00 host_mono_ns=2345284043056590 === DEBUG [lwip-posix]: recvfrom received packet of len 52! Bypassing to pcb->recv ===
[SEDP-RACE-RUN35] host_utc=2026-09-28T09:04:24.852+00:00 host_mono_ns=2345284043063403 
[SEDP-RACE-RUN35] host_utc=2026-09-28T09:04:24.852+00:00 host_mono_ns=2345284043069525 === DEBUG [lwip-posix]: udp_sendto called! Bypassing to POSIX sendto ===
[SEDP-RACE-RUN35] host_utc=2026-09-28T09:04:24.852+00:00 host_mono_ns=2345284043127584 
[SEDP-RACE-RUN35] host_utc=2026-09-28T09:04:24.852+00:00 host_mono_ns=2345284043135089 === DEBUG [lwip-posix]: recvfrom received packet of len 52! Bypassing to pcb->recv ===
[SEDP-RACE-RUN35] host_utc=2026-09-28T09:04:24.852+00:00 host_mono_ns=2345284043141561 
[SEDP-RACE-RUN35] host_utc=2026-09-28T09:04:24.852+00:00 host_mono_ns=2345284043147772 === DEBUG [lwip-posix]: udp_sendto called! Bypassing to POSIX sendto ===
[SEDP-RACE-RUN35] host_utc=2026-09-28T09:04:24.853+00:00 host_mono_ns=2345284043342571 
[SEDP-RACE-RUN35] host_utc=2026-09-28T09:04:24.853+00:00 host_mono_ns=2345284043350125 === DEBUG [lwip-posix]: recvfrom received packet of len 52! Bypassing to pcb->recv ===
[SEDP-RACE-RUN35] host_utc=2026-09-28T09:04:24.853+00:00 host_mono_ns=2345284043356687 
[SEDP-RACE-RUN35] host_utc=2026-09-28T09:04:24.853+00:00 host_mono_ns=2345284043362879 === DEBUG [lwip-posix]: udp_sendto called! Bypassing to POSIX sendto ===
[SEDP-RACE-RUN35] host_utc=2026-09-28T09:04:24.853+00:00 host_mono_ns=2345284043372437 
[SEDP-RACE-RUN35] host_utc=2026-09-28T09:04:24.853+00:00 host_mono_ns=2345284043379009 === DEBUG [lwip-posix]: recvfrom received packet of len 52! Bypassing to pcb->recv ===
[SEDP-RACE-RUN35] host_utc=2026-09-28T09:04:24.853+00:00 host_mono_ns=2345284043417181 
[SEDP-RACE-RUN35] host_utc=2026-09-28T09:04:24.853+00:00 host_mono_ns=2345284043423764 === DEBUG [lwip-posix]: udp_sendto called! Bypassing to POSIX sendto ===
[SEDP-RACE-RUN35] host_utc=2026-09-28T09:04:24.853+00:00 host_mono_ns=2345284043551676 
[SEDP-RACE-RUN35] host_utc=2026-09-28T09:04:24.853+00:00 host_mono_ns=2345284043560051 === DEBUG [lwip-posix]: recvfrom received packet of len 52! Bypassing to pcb->recv ===
[SEDP-RACE-RUN35] host_utc=2026-09-28T09:04:24.853+00:00 host_mono_ns=2345284043566484 
[SEDP-RACE-RUN35] host_utc=2026-09-28T09:04:24.853+00:00 host_mono_ns=2345284043572896 === DEBUG [lwip-posix]: udp_sendto called! Bypassing to POSIX sendto ===
[SEDP-RACE-RUN35] host_utc=2026-09-28T09:04:24.853+00:00 host_mono_ns=2345284043582654 
[SEDP-RACE-RUN35] host_utc=2026-09-28T09:04:24.853+00:00 host_mono_ns=2345284043589146 === DEBUG [lwip-posix]: recvfrom received packet of len 52! Bypassing to pcb->recv ===
[SEDP-RACE-RUN35] host_utc=2026-09-28T09:04:24.853+00:00 host_mono_ns=2345284043597863 
[SEDP-RACE-RUN35] host_utc=2026-09-28T09:04:24.853+00:00 host_mono_ns=2345284043604095 === DEBUG [lwip-posix]: udp_sendto called! Bypassing to POSIX sendto ===
[SEDP-RACE-RUN35] host_utc=2026-09-28T09:04:24.853+00:00 host_mono_ns=2345284043867322 
[SEDP-RACE-RUN35] host_utc=2026-09-28T09:04:24.853+00:00 host_mono_ns=2345284043875678 === DEBUG [lwip-posix]: recvfrom received packet of len 52! Bypassing to pcb->recv ===
[SEDP-RACE-RUN35] host_utc=2026-09-28T09:04:24.853+00:00 host_mono_ns=2345284043882310 
[SEDP-RACE-RUN35] host_utc=2026-09-28T09:04:24.853+00:00 host_mono_ns=2345284043888472 === DEBUG [lwip-posix]: udp_sendto called! Bypassing to POSIX sendto ===
[SEDP-RACE-RUN35] host_utc=2026-09-28T09:04:24.853+00:00 host_mono_ns=2345284043953304 
[SEDP-RACE-RUN35] host_utc=2026-09-28T09:04:24.853+00:00 host_mono_ns=2345284043960237 === DEBUG [lwip-posix]: recvfrom received packet of len 52! Bypassing to pcb->recv ===
[SEDP-RACE-RUN35] host_utc=2026-09-28T09:04:24.853+00:00 host_mono_ns=2345284043966329 
[SEDP-RACE-RUN35] host_utc=2026-09-28T09:04:24.853+00:00 host_mono_ns=2345284043971950 === DEBUG [lwip-posix]: udp_sendto called! Bypassing to POSIX sendto ===
[SEDP-RACE-RUN35] host_utc=2026-09-28T09:04:24.854+00:00 host_mono_ns=2345284044194570 
[SEDP-RACE-RUN35] host_utc=2026-09-28T09:04:24.854+00:00 host_mono_ns=2345284044215249 === DEBUG [lwip-posix]: recvfrom received packet of len 52! Bypassing to pcb->recv ===
[SEDP-RACE-RUN35] host_utc=2026-09-28T09:04:24.854+00:00 host_mono_ns=2345284044225679 
[SEDP-RACE-RUN35] host_utc=2026-09-28T09:04:24.854+00:00 host_mono_ns=2345284044237802 === DEBUG [lwip-posix]: udp_sendto called! Bypassing to POSIX sendto ===
[SEDP-RACE-RUN35] host_utc=2026-09-28T09:04:24.854+00:00 host_mono_ns=2345284044324636 
[SEDP-RACE-RUN35] host_utc=2026-09-28T09:04:24.854+00:00 host_mono_ns=2345284044335266 === DEBUG [lwip-posix]: recvfrom received packet of len 52! Bypassing to pcb->recv ===
[SEDP-RACE-RUN35] host_utc=2026-09-28T09:04:24.854+00:00 host_mono_ns=2345284044342339 
[SEDP-RACE-RUN35] host_utc=2026-09-28T09:04:24.854+00:00 host_mono_ns=2345284044348601 === DEBUG [lwip-posix]: udp_sendto called! Bypassing to POSIX sendto ===
[SEDP-RACE-RUN35] host_utc=2026-09-28T09:04:24.854+00:00 host_mono_ns=2345284044429724 
[SEDP-RACE-RUN35] host_utc=2026-09-28T09:04:24.854+00:00 host_mono_ns=2345284044437309 === DEBUG [lwip-posix]: recvfrom received packet of len 52! Bypassing to pcb->recv ===
[SEDP-RACE-RUN35] host_utc=2026-09-28T09:04:24.854+00:00 host_mono_ns=2345284044443881 
[SEDP-RACE-RUN35] host_utc=2026-09-28T09:04:24.854+00:00 host_mono_ns=2345284044450033 === DEBUG [lwip-posix]: udp_sendto called! Bypassing to POSIX sendto ===
[SEDP-RACE-RUN35] host_utc=2026-09-28T09:04:24.854+00:00 host_mono_ns=2345284044577313 
[SEDP-RACE-RUN35] host_utc=2026-09-28T09:04:24.854+00:00 host_mono_ns=2345284044585298 === DEBUG [lwip-posix]: recvfrom received packet of len 52! Bypassing to pcb->recv ===
[SEDP-RACE-RUN35] host_utc=2026-09-28T09:04:24.854+00:00 host_mono_ns=2345284044592001 
[SEDP-RACE-RUN35] host_utc=2026-09-28T09:04:24.854+00:00 host_mono_ns=2345284044598213 === DEBUG [lwip-posix]: udp_sendto called! Bypassing to POSIX sendto ===
[SEDP-RACE-RUN35] host_utc=2026-09-28T09:04:24.854+00:00 host_mono_ns=2345284044674777 
[SEDP-RACE-RUN35] host_utc=2026-09-28T09:04:24.854+00:00 host_mono_ns=2345284044683524 === DEBUG [lwip-posix]: recvfrom received packet of len 52! Bypassing to pcb->recv ===
[SEDP-RACE-RUN35] host_utc=2026-09-28T09:04:24.854+00:00 host_mono_ns=2345284044689886 
[SEDP-RACE-RUN35] host_utc=2026-09-28T09:04:24.854+00:00 host_mono_ns=2345284044695767 === DEBUG [lwip-posix]: udp_sendto called! Bypassing to POSIX sendto ===
[SEDP-RACE-RUN35] host_utc=2026-09-28T09:04:24.854+00:00 host_mono_ns=2345284044936892 
[SEDP-RACE-RUN35] host_utc=2026-09-28T09:04:24.854+00:00 host_mono_ns=2345284044944597 === DEBUG [lwip-posix]: recvfrom received packet of len 52! Bypassing to pcb->recv ===
[SEDP-RACE-RUN35] host_utc=2026-09-28T09:04:24.854+00:00 host_mono_ns=2345284045052290 
[SEDP-RACE-RUN35] host_utc=2026-09-28T09:04:24.854+00:00 host_mono_ns=2345284045064684 === DEBUG [lwip-posix]: udp_sendto called! Bypassing to POSIX sendto ===
[SEDP-RACE-RUN35] host_utc=2026-09-28T09:04:24.854+00:00 host_mono_ns=2345284045071537 
[SEDP-RACE-RUN35] host_utc=2026-09-28T09:04:24.854+00:00 host_mono_ns=2345284045077869 === DEBUG [lwip-posix]: recvfrom received packet of len 52! Bypassing to pcb->recv ===
[SEDP-RACE-RUN35] host_utc=2026-09-28T09:04:24.854+00:00 host_mono_ns=2345284045084211 
[SEDP-RACE-RUN35] host_utc=2026-09-28T09:04:24.854+00:00 host_mono_ns=2345284045090492 === DEBUG [lwip-posix]: udp_sendto called! Bypassing to POSIX sendto ===
[SEDP-RACE-RUN35] host_utc=2026-09-28T09:04:24.855+00:00 host_mono_ns=2345284045245435 
[SEDP-RACE-RUN35] host_utc=2026-09-28T09:04:24.855+00:00 host_mono_ns=2345284045260654 === DEBUG [lwip-posix]: recvfrom received packet of len 52! Bypassing to pcb->recv ===
[SEDP-RACE-RUN35] host_utc=2026-09-28T09:04:24.855+00:00 host_mono_ns=2345284045270362 
[SEDP-RACE-RUN35] host_utc=2026-09-28T09:04:24.855+00:00 host_mono_ns=2345284045279049 === DEBUG [lwip-posix]: udp_sendto called! Bypassing to POSIX sendto ===
[SEDP-RACE-RUN35] host_utc=2026-09-28T09:04:24.855+00:00 host_mono_ns=2345284045292945 
[SEDP-RACE-RUN35] host_utc=2026-09-28T09:04:24.855+00:00 host_mono_ns=2345284045302573 === DEBUG [lwip-posix]: recvfrom received packet of len 52! Bypassing to pcb->recv ===
[SEDP-RACE-RUN35] host_utc=2026-09-28T09:04:24.855+00:00 host_mono_ns=2345284045355703 
[SEDP-RACE-RUN35] host_utc=2026-09-28T09:04:24.855+00:00 host_mono_ns=2345284045375130 === DEBUG [lwip-posix]: udp_sendto called! Bypassing to POSIX sendto ===
[SEDP-RACE-RUN35] host_utc=2026-09-28T09:04:24.855+00:00 host_mono_ns=2345284045534221 
[SEDP-RACE-RUN35] host_utc=2026-09-28T09:04:24.855+00:00 host_mono_ns=2345284045546274 === DEBUG [lwip-posix]: recvfrom received packet of len 52! Bypassing to pcb->recv ===
[SEDP-RACE-RUN35] host_utc=2026-09-28T09:04:24.855+00:00 host_mono_ns=2345284045555721 
[SEDP-RACE-RUN35] host_utc=2026-09-28T09:04:24.855+00:00 host_mono_ns=2345284045564768 === DEBUG [lwip-posix]: udp_sendto called! Bypassing to POSIX sendto ===
[SEDP-RACE-RUN35] host_utc=2026-09-28T09:04:24.855+00:00 host_mono_ns=2345284045574076 
[SEDP-RACE-RUN35] host_utc=2026-09-28T09:04:24.855+00:00 host_mono_ns=2345284045583103 === DEBUG [lwip-posix]: recvfrom received packet of len 52! Bypassing to pcb->recv ===
[SEDP-RACE-RUN35] host_utc=2026-09-28T09:04:24.855+00:00 host_mono_ns=2345284045592561 
[SEDP-RACE-RUN35] host_utc=2026-09-28T09:04:24.855+00:00 host_mono_ns=2345284045601658 === DEBUG [lwip-posix]: udp_sendto called! Bypassing to POSIX sendto ===
[SEDP-RACE-RUN35] host_utc=2026-09-28T09:04:24.855+00:00 host_mono_ns=2345284045927664 
[SEDP-RACE-RUN35] host_utc=2026-09-28T09:04:24.855+00:00 host_mono_ns=2345284045940779 === DEBUG [lwip-posix]: recvfrom received packet of len 52! Bypassing to pcb->recv ===
[SEDP-RACE-RUN35] host_utc=2026-09-28T09:04:24.855+00:00 host_mono_ns=2345284045948524 
[SEDP-RACE-RUN35] host_utc=2026-09-28T09:04:24.855+00:00 host_mono_ns=2345284045955196 === DEBUG [lwip-posix]: udp_sendto called! Bypassing to POSIX sendto ===
[SEDP-RACE-RUN35] host_utc=2026-09-28T09:04:24.855+00:00 host_mono_ns=2345284045971006 
[SEDP-RACE-RUN35] host_utc=2026-09-28T09:04:24.855+00:00 host_mono_ns=2345284045978049 === DEBUG [lwip-posix]: recvfrom received packet of len 52! Bypassing to pcb->recv ===
[SEDP-RACE-RUN35] host_utc=2026-09-28T09:04:24.855+00:00 host_mono_ns=2345284045985123 
[SEDP-RACE-RUN35] host_utc=2026-09-28T09:04:24.855+00:00 host_mono_ns=2345284045992006 === DEBUG [lwip-posix]: udp_sendto called! Bypassing to POSIX sendto ===
[SEDP-RACE-RUN35] host_utc=2026-09-28T09:04:24.856+00:00 host_mono_ns=2345284046269821 
[SEDP-RACE-RUN35] host_utc=2026-09-28T09:04:24.856+00:00 host_mono_ns=2345284046291051 === DEBUG [lwip-posix]: recvfrom received packet of len 52! Bypassing to pcb->recv ===
[SEDP-RACE-RUN35] host_utc=2026-09-28T09:04:24.856+00:00 host_mono_ns=2345284046301230 
[SEDP-RACE-RUN35] host_utc=2026-09-28T09:04:24.856+00:00 host_mono_ns=2345284046314164 === DEBUG [lwip-posix]: udp_sendto called! Bypassing to POSIX sendto ===
[SEDP-RACE-RUN35] host_utc=2026-09-28T09:04:24.856+00:00 host_mono_ns=2345284046323302 
[SEDP-RACE-RUN35] host_utc=2026-09-28T09:04:24.856+00:00 host_mono_ns=2345284046331968 === DEBUG [lwip-posix]: recvfrom received packet of len 52! Bypassing to pcb->recv ===
[SEDP-RACE-RUN35] host_utc=2026-09-28T09:04:24.856+00:00 host_mono_ns=2345284046340735 
[SEDP-RACE-RUN35] host_utc=2026-09-28T09:04:24.856+00:00 host_mono_ns=2345284046349431 === DEBUG [lwip-posix]: udp_sendto called! Bypassing to POSIX sendto ===
[SEDP-RACE-RUN35] host_utc=2026-09-28T09:04:24.856+00:00 host_mono_ns=2345284046586198 
[SEDP-RACE-RUN35] host_utc=2026-09-28T09:04:24.856+00:00 host_mono_ns=2345284046605314 === DEBUG [lwip-posix]: recvfrom received packet of len 52! Bypassing to pcb->recv ===
[SEDP-RACE-RUN35] host_utc=2026-09-28T09:04:24.856+00:00 host_mono_ns=2345284046615924 
[SEDP-RACE-RUN35] host_utc=2026-09-28T09:04:24.856+00:00 host_mono_ns=2345284046625022 === DEBUG [lwip-posix]: recvfrom received packet of len 52! Bypassing to pcb->recv ===
[SEDP-RACE-RUN35] host_utc=2026-09-28T09:04:24.856+00:00 host_mono_ns=2345284046634139 
[SEDP-RACE-RUN35] host_utc=2026-09-28T09:04:24.856+00:00 host_mono_ns=2345284046642735 === DEBUG [lwip-posix]: udp_sendto called! Bypassing to POSIX sendto ===
[SEDP-RACE-RUN35] host_utc=2026-09-28T09:04:24.856+00:00 host_mono_ns=2345284046651572 
[SEDP-RACE-RUN35] host_utc=2026-09-28T09:04:24.856+00:00 host_mono_ns=2345284046660248 === DEBUG [lwip-posix]: udp_sendto called! Bypassing to POSIX sendto ===
[SEDP-RACE-RUN35] host_utc=2026-09-28T09:04:24.856+00:00 host_mono_ns=2345284046799692 
[SEDP-RACE-RUN35] host_utc=2026-09-28T09:04:24.856+00:00 host_mono_ns=2345284046817706 === DEBUG [lwip-posix]: recvfrom received packet of len 52! Bypassing to pcb->recv ===
[SEDP-RACE-RUN35] host_utc=2026-09-28T09:04:24.856+00:00 host_mono_ns=2345284046828165 
[SEDP-RACE-RUN35] host_utc=2026-09-28T09:04:24.856+00:00 host_mono_ns=2345284046837223 === DEBUG [lwip-posix]: udp_sendto called! Bypassing to POSIX sendto ===
[SEDP-RACE-RUN35] host_utc=2026-09-28T09:04:24.856+00:00 host_mono_ns=2345284046851970 
[SEDP-RACE-RUN35] host_utc=2026-09-28T09:04:24.856+00:00 host_mono_ns=2345284046861088 === DEBUG [lwip-posix]: recvfrom received packet of len 52! Bypassing to pcb->recv ===
[SEDP-RACE-RUN35] host_utc=2026-09-28T09:04:24.856+00:00 host_mono_ns=2345284046870004 
[SEDP-RACE-RUN35] host_utc=2026-09-28T09:04:24.856+00:00 host_mono_ns=2345284046878651 === DEBUG [lwip-posix]: udp_sendto called! Bypassing to POSIX sendto ===
[SEDP-RACE-RUN35] host_utc=2026-09-28T09:04:24.857+00:00 host_mono_ns=2345284047176273 
[SEDP-RACE-RUN35] host_utc=2026-09-28T09:04:24.857+00:00 host_mono_ns=2345284047191422 === DEBUG [lwip-posix]: recvfrom received packet of len 52! Bypassing to pcb->recv ===
[SEDP-RACE-RUN35] host_utc=2026-09-28T09:04:24.857+00:00 host_mono_ns=2345284047200619 
[SEDP-RACE-RUN35] host_utc=2026-09-28T09:04:24.857+00:00 host_mono_ns=2345284047209185 === DEBUG [lwip-posix]: udp_sendto called! Bypassing to POSIX sendto ===
[SEDP-RACE-RUN35] host_utc=2026-09-28T09:04:24.857+00:00 host_mono_ns=2345284047475178 
[SEDP-RACE-RUN35] host_utc=2026-09-28T09:04:24.857+00:00 host_mono_ns=2345284047498532 === DEBUG [lwip-posix]: recvfrom received packet of len 52! Bypassing to pcb->recv ===
[SEDP-RACE-RUN35] host_utc=2026-09-28T09:04:24.857+00:00 host_mono_ns=2345284047507910 
[SEDP-RACE-RUN35] host_utc=2026-09-28T09:04:24.857+00:00 host_mono_ns=2345284047516606 === DEBUG [lwip-posix]: recvfrom received packet of len 52! Bypassing to pcb->recv ===
[SEDP-RACE-RUN35] host_utc=2026-09-28T09:04:24.857+00:00 host_mono_ns=2345284047525383 
[SEDP-RACE-RUN35] host_utc=2026-09-28T09:04:24.857+00:00 host_mono_ns=2345284047533949 === DEBUG [lwip-posix]: recvfrom received packet of len 52! Bypassing to pcb->recv ===
[SEDP-RACE-RUN35] host_utc=2026-09-28T09:04:24.857+00:00 host_mono_ns=2345284047542816 
[SEDP-RACE-RUN35] host_utc=2026-09-28T09:04:24.857+00:00 host_mono_ns=2345284047551462 === DEBUG [lwip-posix]: udp_sendto called! Bypassing to POSIX sendto ===
[SEDP-RACE-RUN35] host_utc=2026-09-28T09:04:24.857+00:00 host_mono_ns=2345284047560259 
[SEDP-RACE-RUN35] host_utc=2026-09-28T09:04:24.857+00:00 host_mono_ns=2345284047568815 === DEBUG [lwip-posix]: udp_sendto called! Bypassing to POSIX sendto ===
[SEDP-RACE-RUN35] host_utc=2026-09-28T09:04:24.857+00:00 host_mono_ns=2345284047581899 
[SEDP-RACE-RUN35] host_utc=2026-09-28T09:04:24.857+00:00 host_mono_ns=2345284047590546 === DEBUG [lwip-posix]: udp_sendto called! Bypassing to POSIX sendto ===
[SEDP-RACE-RUN35] host_utc=2026-09-28T09:04:24.857+00:00 host_mono_ns=2345284047715592 
[SEDP-RACE-RUN35] host_utc=2026-09-28T09:04:24.857+00:00 host_mono_ns=2345284047734227 === DEBUG [lwip-posix]: recvfrom received packet of len 52! Bypassing to pcb->recv ===
[SEDP-RACE-RUN35] host_utc=2026-09-28T09:04:24.857+00:00 host_mono_ns=2345284047744837 
[SEDP-RACE-RUN35] host_utc=2026-09-28T09:04:24.857+00:00 host_mono_ns=2345284047753864 === DEBUG [lwip-posix]: udp_sendto called! Bypassing to POSIX sendto ===
[SEDP-RACE-RUN35] host_utc=2026-09-28T09:04:24.857+00:00 host_mono_ns=2345284047953391 
[SEDP-RACE-RUN35] host_utc=2026-09-28T09:04:24.857+00:00 host_mono_ns=2345284047964122 === DEBUG [lwip-posix]: recvfrom received packet of len 52! Bypassing to pcb->recv ===
[SEDP-RACE-RUN35] host_utc=2026-09-28T09:04:24.857+00:00 host_mono_ns=2345284047974311 
[SEDP-RACE-RUN35] host_utc=2026-09-28T09:04:24.857+00:00 host_mono_ns=2345284047983097 === DEBUG [lwip-posix]: udp_sendto called! Bypassing to POSIX sendto ===
[SEDP-RACE-RUN35] host_utc=2026-09-28T09:04:24.857+00:00 host_mono_ns=2345284047991974 
[SEDP-RACE-RUN35] host_utc=2026-09-28T09:04:24.857+00:00 host_mono_ns=2345284048009287 === DEBUG [lwip-posix]: recvfrom received packet of len 52! Bypassing to pcb->recv ===
[SEDP-RACE-RUN35] host_utc=2026-09-28T09:04:24.857+00:00 host_mono_ns=2345284048025167 
[SEDP-RACE-RUN35] host_utc=2026-09-28T09:04:24.857+00:00 host_mono_ns=2345284048034104 === DEBUG [lwip-posix]: udp_sendto called! Bypassing to POSIX sendto ===
[SEDP-RACE-RUN35] host_utc=2026-09-28T09:04:24.858+00:00 host_mono_ns=2345284048247407 
[SEDP-RACE-RUN35] host_utc=2026-09-28T09:04:24.858+00:00 host_mono_ns=2345284048260431 === DEBUG [lwip-posix]: recvfrom received packet of len 52! Bypassing to pcb->recv ===
[SEDP-RACE-RUN35] host_utc=2026-09-28T09:04:24.858+00:00 host_mono_ns=2345284048272915 
[SEDP-RACE-RUN35] host_utc=2026-09-28T09:04:24.858+00:00 host_mono_ns=2345284048284096 === DEBUG [lwip-posix]: udp_sendto called! Bypassing to POSIX sendto ===
[SEDP-RACE-RUN35] host_utc=2026-09-28T09:04:24.858+00:00 host_mono_ns=2345284048297742 
[SEDP-RACE-RUN35] host_utc=2026-09-28T09:04:24.858+00:00 host_mono_ns=2345284048308532 === DEBUG [lwip-posix]: recvfrom received packet of len 52! Bypassing to pcb->recv ===
[SEDP-RACE-RUN35] host_utc=2026-09-28T09:04:24.858+00:00 host_mono_ns=2345284048325444 
[SEDP-RACE-RUN35] host_utc=2026-09-28T09:04:24.858+00:00 host_mono_ns=2345284048334992 === DEBUG [lwip-posix]: udp_sendto called! Bypassing to POSIX sendto ===
[SEDP-RACE-RUN35] host_utc=2026-09-28T09:04:24.858+00:00 host_mono_ns=2345284048519982 
[SEDP-RACE-RUN35] host_utc=2026-09-28T09:04:24.858+00:00 host_mono_ns=2345284048541753 === DEBUG [lwip-posix]: recvfrom received packet of len 52! Bypassing to pcb->recv ===
[SEDP-RACE-RUN35] host_utc=2026-09-28T09:04:24.858+00:00 host_mono_ns=2345284048553846 
[SEDP-RACE-RUN35] host_utc=2026-09-28T09:04:24.858+00:00 host_mono_ns=2345284048565858 === DEBUG [lwip-posix]: udp_sendto called! Bypassing to POSIX sendto ===
[SEDP-RACE-RUN35] host_utc=2026-09-28T09:04:24.858+00:00 host_mono_ns=2345284048578202 
[SEDP-RACE-RUN35] host_utc=2026-09-28T09:04:24.858+00:00 host_mono_ns=2345284048587119 === DEBUG [lwip-posix]: recvfrom received packet of len 52! Bypassing to pcb->recv ===
[SEDP-RACE-RUN35] host_utc=2026-09-28T09:04:24.858+00:00 host_mono_ns=2345284048601055 
[SEDP-RACE-RUN35] host_utc=2026-09-28T09:04:24.858+00:00 host_mono_ns=2345284048609821 === DEBUG [lwip-posix]: udp_sendto called! Bypassing to POSIX sendto ===
[SEDP-RACE-RUN35] host_utc=2026-09-28T09:04:24.858+00:00 host_mono_ns=2345284048827262 
[SEDP-RACE-RUN35] host_utc=2026-09-28T09:04:24.858+00:00 host_mono_ns=2345284048840648 === DEBUG [lwip-posix]: recvfrom received packet of len 52! Bypassing to pcb->recv ===
[SEDP-RACE-RUN35] host_utc=2026-09-28T09:04:24.858+00:00 host_mono_ns=2345284048850216 
[SEDP-RACE-RUN35] host_utc=2026-09-28T09:04:24.858+00:00 host_mono_ns=2345284048858892 === DEBUG [lwip-posix]: udp_sendto called! Bypassing to POSIX sendto ===
[SEDP-RACE-RUN35] host_utc=2026-09-28T09:04:24.858+00:00 host_mono_ns=2345284048874892 
[SEDP-RACE-RUN35] host_utc=2026-09-28T09:04:24.858+00:00 host_mono_ns=2345284048887175 === DEBUG [lwip-posix]: recvfrom received packet of len 52! Bypassing to pcb->recv ===
[SEDP-RACE-RUN35] host_utc=2026-09-28T09:04:24.858+00:00 host_mono_ns=2345284048897164 
[SEDP-RACE-RUN35] host_utc=2026-09-28T09:04:24.858+00:00 host_mono_ns=2345284048905821 === DEBUG [lwip-posix]: udp_sendto called! Bypassing to POSIX sendto ===
[SEDP-RACE-RUN35] host_utc=2026-09-28T09:04:24.858+00:00 host_mono_ns=2345284049158358 
[SEDP-RACE-RUN35] host_utc=2026-09-28T09:04:24.859+00:00 host_mono_ns=2345284049173857 === DEBUG [lwip-posix]: recvfrom received packet of len 52! Bypassing to pcb->recv ===
[SEDP-RACE-RUN35] host_utc=2026-09-28T09:04:24.859+00:00 host_mono_ns=2345284049182954 
[SEDP-RACE-RUN35] host_utc=2026-09-28T09:04:24.859+00:00 host_mono_ns=2345284049191531 === DEBUG [lwip-posix]: udp_sendto called! Bypassing to POSIX sendto ===
[SEDP-RACE-RUN35] host_utc=2026-09-28T09:04:24.859+00:00 host_mono_ns=2345284049323079 
[SEDP-RACE-RUN35] host_utc=2026-09-28T09:04:24.859+00:00 host_mono_ns=2345284049334781 === DEBUG [lwip-posix]: recvfrom received packet of len 52! Bypassing to pcb->recv ===
[SEDP-RACE-RUN35] host_utc=2026-09-28T09:04:24.859+00:00 host_mono_ns=2345284049343948 
[SEDP-RACE-RUN35] host_utc=2026-09-28T09:04:24.859+00:00 host_mono_ns=2345284049355059 === DEBUG [lwip-posix]: udp_sendto called! Bypassing to POSIX sendto ===
[SEDP-RACE-RUN35] host_utc=2026-09-28T09:04:24.859+00:00 host_mono_ns=2345284049466961 
[SEDP-RACE-RUN35] host_utc=2026-09-28T09:04:24.859+00:00 host_mono_ns=2345284049486037 === DEBUG [lwip-posix]: recvfrom received packet of len 52! Bypassing to pcb->recv ===
[SEDP-RACE-RUN35] host_utc=2026-09-28T09:04:24.859+00:00 host_mono_ns=2345284049500164 
[SEDP-RACE-RUN35] host_utc=2026-09-28T09:04:24.859+00:00 host_mono_ns=2345284049519410 === DEBUG [lwip-posix]: udp_sendto called! Bypassing to POSIX sendto ===
[SEDP-RACE-RUN35] host_utc=2026-09-28T09:04:24.859+00:00 host_mono_ns=2345284049634598 
[SEDP-RACE-RUN35] host_utc=2026-09-28T09:04:24.859+00:00 host_mono_ns=2345284049649376 === DEBUG [lwip-posix]: recvfrom received packet of len 52! Bypassing to pcb->recv ===
[SEDP-RACE-RUN35] host_utc=2026-09-28T09:04:24.859+00:00 host_mono_ns=2345284049660076 
[SEDP-RACE-RUN35] host_utc=2026-09-28T09:04:24.859+00:00 host_mono_ns=2345284049668953 === DEBUG [lwip-posix]: udp_sendto called! Bypassing to POSIX sendto ===
[SEDP-RACE-RUN35] host_utc=2026-09-28T09:04:24.859+00:00 host_mono_ns=2345284049749244 
[SEDP-RACE-RUN35] host_utc=2026-09-28T09:04:24.859+00:00 host_mono_ns=2345284049782687 === DEBUG [lwip-posix]: recvfrom received packet of len 52! Bypassing to pcb->recv ===
[SEDP-RACE-RUN35] host_utc=2026-09-28T09:04:24.859+00:00 host_mono_ns=2345284049794470 
[SEDP-RACE-RUN35] host_utc=2026-09-28T09:04:24.859+00:00 host_mono_ns=2345284049803707 === DEBUG [lwip-posix]: udp_sendto called! Bypassing to POSIX sendto ===
[SEDP-RACE-RUN35] host_utc=2026-09-28T09:04:24.859+00:00 host_mono_ns=2345284049818565 
[SEDP-RACE-RUN35] host_utc=2026-09-28T09:04:24.859+00:00 host_mono_ns=2345284049827572 === DEBUG [lwip-posix]: recvfrom received packet of len 52! Bypassing to pcb->recv ===
[SEDP-RACE-RUN35] host_utc=2026-09-28T09:04:24.859+00:00 host_mono_ns=2345284049836419 
[SEDP-RACE-RUN35] host_utc=2026-09-28T09:04:24.859+00:00 host_mono_ns=2345284049845025 === DEBUG [lwip-posix]: udp_sendto called! Bypassing to POSIX sendto ===
[SEDP-RACE-RUN35] host_utc=2026-09-28T09:04:24.859+00:00 host_mono_ns=2345284050040444 
[SEDP-RACE-RUN35] host_utc=2026-09-28T09:04:24.859+00:00 host_mono_ns=2345284050063628 === DEBUG [lwip-posix]: recvfrom received packet of len 52! Bypassing to pcb->recv ===
[SEDP-RACE-RUN35] host_utc=2026-09-28T09:04:24.859+00:00 host_mono_ns=2345284050075180 
[SEDP-RACE-RUN35] host_utc=2026-09-28T09:04:24.859+00:00 host_mono_ns=2345284050086081 === DEBUG [lwip-posix]: udp_sendto called! Bypassing to POSIX sendto ===
[SEDP-RACE-RUN35] host_utc=2026-09-28T09:04:24.859+00:00 host_mono_ns=2345284050098865 
[SEDP-RACE-RUN35] host_utc=2026-09-28T09:04:24.859+00:00 host_mono_ns=2345284050108703 === DEBUG [lwip-posix]: recvfrom received packet of len 52! Bypassing to pcb->recv ===
[SEDP-RACE-RUN35] host_utc=2026-09-28T09:04:24.859+00:00 host_mono_ns=2345284050123321 
[SEDP-RACE-RUN35] host_utc=2026-09-28T09:04:24.859+00:00 host_mono_ns=2345284050132328 === DEBUG [lwip-posix]: udp_sendto called! Bypassing to POSIX sendto ===
[SEDP-RACE-RUN35] host_utc=2026-09-28T09:04:24.860+00:00 host_mono_ns=2345284050259168 
[SEDP-RACE-RUN35] host_utc=2026-09-28T09:04:24.860+00:00 host_mono_ns=2345284050271832 === DEBUG [lwip-posix]: recvfrom received packet of len 52! Bypassing to pcb->recv ===
[SEDP-RACE-RUN35] host_utc=2026-09-28T09:04:24.860+00:00 host_mono_ns=2345284050281039 
[SEDP-RACE-RUN35] host_utc=2026-09-28T09:04:24.860+00:00 host_mono_ns=2345284050289816 === DEBUG [lwip-posix]: udp_sendto called! Bypassing to POSIX sendto ===
[SEDP-RACE-RUN35] host_utc=2026-09-28T09:04:24.860+00:00 host_mono_ns=2345284050298542 
[SEDP-RACE-RUN35] host_utc=2026-09-28T09:04:24.860+00:00 host_mono_ns=2345284050307759 === DEBUG [lwip-posix]: recvfrom received packet of len 52! Bypassing to pcb->recv ===
[SEDP-RACE-RUN35] host_utc=2026-09-28T09:04:24.860+00:00 host_mono_ns=2345284050319802 
[SEDP-RACE-RUN35] host_utc=2026-09-28T09:04:24.860+00:00 host_mono_ns=2345284050330042 === DEBUG [lwip-posix]: udp_sendto called! Bypassing to POSIX sendto ===
[SEDP-RACE-RUN35] host_utc=2026-09-28T09:04:24.860+00:00 host_mono_ns=2345284050432776 
[SEDP-RACE-RUN35] host_utc=2026-09-28T09:04:24.860+00:00 host_mono_ns=2345284050443005 === DEBUG [lwip-posix]: recvfrom received packet of len 52! Bypassing to pcb->recv ===
[SEDP-RACE-RUN35] host_utc=2026-09-28T09:04:24.860+00:00 host_mono_ns=2345284050503660 
[SEDP-RACE-RUN35] host_utc=2026-09-28T09:04:24.860+00:00 host_mono_ns=2345284050513749 === DEBUG [lwip-posix]: udp_sendto called! Bypassing to POSIX sendto ===
[SEDP-RACE-RUN35] host_utc=2026-09-28T09:04:24.860+00:00 host_mono_ns=2345284050522856 
[SEDP-RACE-RUN35] host_utc=2026-09-28T09:04:24.860+00:00 host_mono_ns=2345284050531492 === DEBUG [lwip-posix]: recvfrom received packet of len 52! Bypassing to pcb->recv ===
[SEDP-RACE-RUN35] host_utc=2026-09-28T09:04:24.860+00:00 host_mono_ns=2345284050540399 
[SEDP-RACE-RUN35] host_utc=2026-09-28T09:04:24.860+00:00 host_mono_ns=2345284050548975 === DEBUG [lwip-posix]: udp_sendto called! Bypassing to POSIX sendto ===
[SEDP-RACE-RUN35] host_utc=2026-09-28T09:04:24.860+00:00 host_mono_ns=2345284050666016 
[SEDP-RACE-RUN35] host_utc=2026-09-28T09:04:24.860+00:00 host_mono_ns=2345284050688529 === DEBUG [lwip-posix]: recvfrom received packet of len 52! Bypassing to pcb->recv ===
[SEDP-RACE-RUN35] host_utc=2026-09-28T09:04:24.860+00:00 host_mono_ns=2345284050697766 
[SEDP-RACE-RUN35] host_utc=2026-09-28T09:04:24.860+00:00 host_mono_ns=2345284050706302 === DEBUG [lwip-posix]: udp_sendto called! Bypassing to POSIX sendto ===
[SEDP-RACE-RUN35] host_utc=2026-09-28T09:04:24.860+00:00 host_mono_ns=2345284050861916 
[SEDP-RACE-RUN35] host_utc=2026-09-28T09:04:24.860+00:00 host_mono_ns=2345284050874190 === DEBUG [lwip-posix]: recvfrom received packet of len 52! Bypassing to pcb->recv ===
[SEDP-RACE-RUN35] host_utc=2026-09-28T09:04:24.860+00:00 host_mono_ns=2345284050882265 
[SEDP-RACE-RUN35] host_utc=2026-09-28T09:04:24.860+00:00 host_mono_ns=2345284050889088 === DEBUG [lwip-posix]: udp_sendto called! Bypassing to POSIX sendto ===
[SEDP-RACE-RUN35] host_utc=2026-09-28T09:04:24.860+00:00 host_mono_ns=2345284050941407 
[SEDP-RACE-RUN35] host_utc=2026-09-28T09:04:24.860+00:00 host_mono_ns=2345284050958339 === DEBUG [lwip-posix]: recvfrom received packet of len 52! Bypassing to pcb->recv ===
[SEDP-RACE-RUN35] host_utc=2026-09-28T09:04:24.860+00:00 host_mono_ns=2345284050968688 
[SEDP-RACE-RUN35] host_utc=2026-09-28T09:04:24.860+00:00 host_mono_ns=2345284050978376 === DEBUG [lwip-posix]: udp_sendto called! Bypassing to POSIX sendto ===
[SEDP-RACE-RUN35] host_utc=2026-09-28T09:04:24.860+00:00 host_mono_ns=2345284051038260 
[SEDP-RACE-RUN35] host_utc=2026-09-28T09:04:24.860+00:00 host_mono_ns=2345284051051825 === DEBUG [lwip-posix]: recvfrom received packet of len 52! Bypassing to pcb->recv ===
[SEDP-RACE-RUN35] host_utc=2026-09-28T09:04:24.860+00:00 host_mono_ns=2345284051059500 
[SEDP-RACE-RUN35] host_utc=2026-09-28T09:04:24.860+00:00 host_mono_ns=2345284051066232 === DEBUG [lwip-posix]: udp_sendto called! Bypassing to POSIX sendto ===
[SEDP-RACE-RUN35] host_utc=2026-09-28T09:04:24.860+00:00 host_mono_ns=2345284051104505 
[SEDP-RACE-RUN35] host_utc=2026-09-28T09:04:24.860+00:00 host_mono_ns=2345284051113742 === DEBUG [lwip-posix]: recvfrom received packet of len 52! Bypassing to pcb->recv ===
[SEDP-RACE-RUN35] host_utc=2026-09-28T09:04:24.860+00:00 host_mono_ns=2345284051120906 
[SEDP-RACE-RUN35] host_utc=2026-09-28T09:04:24.860+00:00 host_mono_ns=2345284051127638 === DEBUG [lwip-posix]: udp_sendto called! Bypassing to POSIX sendto ===
[SEDP-RACE-RUN35] host_utc=2026-09-28T09:04:24.861+00:00 host_mono_ns=2345284051230292 
[SEDP-RACE-RUN35] host_utc=2026-09-28T09:04:24.861+00:00 host_mono_ns=2345284051237776 === DEBUG [lwip-posix]: recvfrom received packet of len 52! Bypassing to pcb->recv ===
[SEDP-RACE-RUN35] host_utc=2026-09-28T09:04:24.861+00:00 host_mono_ns=2345284051242616 
[SEDP-RACE-RUN35] host_utc=2026-09-28T09:04:24.861+00:00 host_mono_ns=2345284051247084 === DEBUG [lwip-posix]: udp_sendto called! Bypassing to POSIX sendto ===
[SEDP-RACE-RUN35] host_utc=2026-09-28T09:04:24.861+00:00 host_mono_ns=2345284051345730 
[SEDP-RACE-RUN35] host_utc=2026-09-28T09:04:24.861+00:00 host_mono_ns=2345284051351161 === DEBUG [lwip-posix]: recvfrom received packet of len 52! Bypassing to pcb->recv ===
[SEDP-RACE-RUN35] host_utc=2026-09-28T09:04:24.861+00:00 host_mono_ns=2345284051355659 
[SEDP-RACE-RUN35] host_utc=2026-09-28T09:04:24.861+00:00 host_mono_ns=2345284051359957 === DEBUG [lwip-posix]: udp_sendto called! Bypassing to POSIX sendto ===
[SEDP-RACE-RUN35] host_utc=2026-09-28T09:04:24.861+00:00 host_mono_ns=2345284051499360 
[SEDP-RACE-RUN35] host_utc=2026-09-28T09:04:24.861+00:00 host_mono_ns=2345284051504671 === DEBUG [lwip-posix]: recvfrom received packet of len 52! Bypassing to pcb->recv ===
[SEDP-RACE-RUN35] host_utc=2026-09-28T09:04:24.861+00:00 host_mono_ns=2345284051509169 
[SEDP-RACE-RUN35] host_utc=2026-09-28T09:04:24.861+00:00 host_mono_ns=2345284051513447 === DEBUG [lwip-posix]: udp_sendto called! Bypassing to POSIX sendto ===
[SEDP-RACE-RUN35] host_utc=2026-09-28T09:04:24.861+00:00 host_mono_ns=2345284051727511 
[SEDP-RACE-RUN35] host_utc=2026-09-28T09:04:24.861+00:00 host_mono_ns=2345284051738452 === DEBUG [lwip-posix]: recvfrom received packet of len 52! Bypassing to pcb->recv ===
[SEDP-RACE-RUN35] host_utc=2026-09-28T09:04:24.861+00:00 host_mono_ns=2345284051758690 
[SEDP-RACE-RUN35] host_utc=2026-09-28T09:04:24.861+00:00 host_mono_ns=2345284051763419 === DEBUG [lwip-posix]: udp_sendto called! Bypassing to POSIX sendto ===
[SEDP-RACE-RUN35] host_utc=2026-09-28T09:04:24.861+00:00 host_mono_ns=2345284051847718 
[SEDP-RACE-RUN35] host_utc=2026-09-28T09:04:24.861+00:00 host_mono_ns=2345284051852978 === DEBUG [lwip-posix]: recvfrom received packet of len 52! Bypassing to pcb->recv ===
[SEDP-RACE-RUN35] host_utc=2026-09-28T09:04:24.861+00:00 host_mono_ns=2345284051857437 
[SEDP-RACE-RUN35] host_utc=2026-09-28T09:04:24.861+00:00 host_mono_ns=2345284051861675 === DEBUG [lwip-posix]: udp_sendto called! Bypassing to POSIX sendto ===
[SEDP-RACE-RUN35] host_utc=2026-09-28T09:04:24.861+00:00 host_mono_ns=2345284052036625 
[SEDP-RACE-RUN35] host_utc=2026-09-28T09:04:24.861+00:00 host_mono_ns=2345284052044260 === DEBUG [lwip-posix]: recvfrom received packet of len 52! Bypassing to pcb->recv ===
[SEDP-RACE-RUN35] host_utc=2026-09-28T09:04:24.861+00:00 host_mono_ns=2345284052048949 
[SEDP-RACE-RUN35] host_utc=2026-09-28T09:04:24.861+00:00 host_mono_ns=2345284052053297 === DEBUG [lwip-posix]: udp_sendto called! Bypassing to POSIX sendto ===
[SEDP-RACE-RUN35] host_utc=2026-09-28T09:04:24.861+00:00 host_mono_ns=2345284052093042 
[SEDP-RACE-RUN35] host_utc=2026-09-28T09:04:24.861+00:00 host_mono_ns=2345284052097791 === DEBUG [lwip-posix]: recvfrom received packet of len 52! Bypassing to pcb->recv ===
[SEDP-RACE-RUN35] host_utc=2026-09-28T09:04:24.861+00:00 host_mono_ns=2345284052102269 
[SEDP-RACE-RUN35] host_utc=2026-09-28T09:04:24.861+00:00 host_mono_ns=2345284052106547 === DEBUG [lwip-posix]: udp_sendto called! Bypassing to POSIX sendto ===
[SEDP-RACE-RUN35] host_utc=2026-09-28T09:04:24.862+00:00 host_mono_ns=2345284052264937 
[SEDP-RACE-RUN35] host_utc=2026-09-28T09:04:24.862+00:00 host_mono_ns=2345284052269425 === DEBUG [lwip-posix]: recvfrom received packet of len 52! Bypassing to pcb->recv ===
[SEDP-RACE-RUN35] host_utc=2026-09-28T09:04:24.862+00:00 host_mono_ns=2345284052273793 
[SEDP-RACE-RUN35] host_utc=2026-09-28T09:04:24.862+00:00 host_mono_ns=2345284052278152 === DEBUG [lwip-posix]: udp_sendto called! Bypassing to POSIX sendto ===
[SEDP-RACE-RUN35] host_utc=2026-09-28T09:04:24.862+00:00 host_mono_ns=2345284052321053 
[SEDP-RACE-RUN35] host_utc=2026-09-28T09:04:24.862+00:00 host_mono_ns=2345284052325651 === DEBUG [lwip-posix]: recvfrom received packet of len 52! Bypassing to pcb->recv ===
[SEDP-RACE-RUN35] host_utc=2026-09-28T09:04:24.862+00:00 host_mono_ns=2345284052330030 
[SEDP-RACE-RUN35] host_utc=2026-09-28T09:04:24.862+00:00 host_mono_ns=2345284052334268 === DEBUG [lwip-posix]: udp_sendto called! Bypassing to POSIX sendto ===
[SEDP-RACE-RUN35] host_utc=2026-09-28T09:04:24.862+00:00 host_mono_ns=2345284052530088 
[SEDP-RACE-RUN35] host_utc=2026-09-28T09:04:24.862+00:00 host_mono_ns=2345284052537421 === DEBUG [lwip-posix]: recvfrom received packet of len 52! Bypassing to pcb->recv ===
[SEDP-RACE-RUN35] host_utc=2026-09-28T09:04:24.862+00:00 host_mono_ns=2345284052542311 
[SEDP-RACE-RUN35] host_utc=2026-09-28T09:04:24.862+00:00 host_mono_ns=2345284052546629 === DEBUG [lwip-posix]: udp_sendto called! Bypassing to POSIX sendto ===
[SEDP-RACE-RUN35] host_utc=2026-09-28T09:04:24.862+00:00 host_mono_ns=2345284052568590 
[SEDP-RACE-RUN35] host_utc=2026-09-28T09:04:24.862+00:00 host_mono_ns=2345284052573239 === DEBUG [lwip-posix]: recvfrom received packet of len 52! Bypassing to pcb->recv ===
[SEDP-RACE-RUN35] host_utc=2026-09-28T09:04:24.862+00:00 host_mono_ns=2345284052577688 
[SEDP-RACE-RUN35] host_utc=2026-09-28T09:04:24.862+00:00 host_mono_ns=2345284052584009 === DEBUG [lwip-posix]: udp_sendto called! Bypassing to POSIX sendto ===
[SEDP-RACE-RUN35] host_utc=2026-09-28T09:04:24.862+00:00 host_mono_ns=2345284052838721 
[SEDP-RACE-RUN35] host_utc=2026-09-28T09:04:24.862+00:00 host_mono_ns=2345284052855973 === DEBUG [lwip-posix]: recvfrom received packet of len 52! Bypassing to pcb->recv ===
[SEDP-RACE-RUN35] host_utc=2026-09-28T09:04:24.862+00:00 host_mono_ns=2345284052863457 
[SEDP-RACE-RUN35] host_utc=2026-09-28T09:04:24.862+00:00 host_mono_ns=2345284052869559 === DEBUG [lwip-posix]: udp_sendto called! Bypassing to POSIX sendto ===
[SEDP-RACE-RUN35] host_utc=2026-09-28T09:04:24.862+00:00 host_mono_ns=2345284052879919 
[SEDP-RACE-RUN35] host_utc=2026-09-28T09:04:24.862+00:00 host_mono_ns=2345284052888946 === DEBUG [lwip-posix]: recvfrom received packet of len 52! Bypassing to pcb->recv ===
[SEDP-RACE-RUN35] host_utc=2026-09-28T09:04:24.862+00:00 host_mono_ns=2345284052895558 
[SEDP-RACE-RUN35] host_utc=2026-09-28T09:04:24.862+00:00 host_mono_ns=2345284052901720 === DEBUG [lwip-posix]: udp_sendto called! Bypassing to POSIX sendto ===
[SEDP-RACE-RUN35] host_utc=2026-09-28T09:04:24.862+00:00 host_mono_ns=2345284053134800 
[SEDP-RACE-RUN35] host_utc=2026-09-28T09:04:24.862+00:00 host_mono_ns=2345284053146051 === DEBUG [lwip-posix]: recvfrom received packet of len 52! Bypassing to pcb->recv ===
[SEDP-RACE-RUN35] host_utc=2026-09-28T09:04:24.862+00:00 host_mono_ns=2345284053152514 
[SEDP-RACE-RUN35] host_utc=2026-09-28T09:04:24.862+00:00 host_mono_ns=2345284053158555 === DEBUG [lwip-posix]: udp_sendto called! Bypassing to POSIX sendto ===
[SEDP-RACE-RUN35] host_utc=2026-09-28T09:04:24.863+00:00 host_mono_ns=2345284053190335 
[SEDP-RACE-RUN35] host_utc=2026-09-28T09:04:24.863+00:00 host_mono_ns=2345284053195505 === DEBUG [lwip-posix]: recvfrom received packet of len 52! Bypassing to pcb->recv ===
[SEDP-RACE-RUN35] host_utc=2026-09-28T09:04:24.863+00:00 host_mono_ns=2345284053200164 
[SEDP-RACE-RUN35] host_utc=2026-09-28T09:04:24.863+00:00 host_mono_ns=2345284053204512 === DEBUG [lwip-posix]: udp_sendto called! Bypassing to POSIX sendto ===
[SEDP-RACE-RUN35] host_utc=2026-09-28T09:04:24.863+00:00 host_mono_ns=2345284053561416 
[SEDP-RACE-RUN35] host_utc=2026-09-28T09:04:24.863+00:00 host_mono_ns=2345284053579931 === DEBUG [lwip-posix]: recvfrom received packet of len 52! Bypassing to pcb->recv ===
[SEDP-RACE-RUN35] host_utc=2026-09-28T09:04:24.863+00:00 host_mono_ns=2345284053593417 
[SEDP-RACE-RUN35] host_utc=2026-09-28T09:04:24.863+00:00 host_mono_ns=2345284053611240 === DEBUG [lwip-posix]: udp_sendto called! Bypassing to POSIX sendto ===
[SEDP-RACE-RUN35] host_utc=2026-09-28T09:04:24.863+00:00 host_mono_ns=2345284053691191 
[SEDP-RACE-RUN35] host_utc=2026-09-28T09:04:24.863+00:00 host_mono_ns=2345284053703274 === DEBUG [lwip-posix]: recvfrom received packet of len 52! Bypassing to pcb->recv ===
[SEDP-RACE-RUN35] host_utc=2026-09-28T09:04:24.863+00:00 host_mono_ns=2345284053712481 
[SEDP-RACE-RUN35] host_utc=2026-09-28T09:04:24.863+00:00 host_mono_ns=2345284053722551 === DEBUG [lwip-posix]: udp_sendto called! Bypassing to POSIX sendto ===
[SEDP-RACE-RUN35] host_utc=2026-09-28T09:04:24.863+00:00 host_mono_ns=2345284053745744 
[SEDP-RACE-RUN35] host_utc=2026-09-28T09:04:24.863+00:00 host_mono_ns=2345284053755052 === DEBUG [lwip-posix]: recvfrom received packet of len 52! Bypassing to pcb->recv ===
[SEDP-RACE-RUN35] host_utc=2026-09-28T09:04:24.863+00:00 host_mono_ns=2345284053763919 
[SEDP-RACE-RUN35] host_utc=2026-09-28T09:04:24.863+00:00 host_mono_ns=2345284053772375 === DEBUG [lwip-posix]: udp_sendto called! Bypassing to POSIX sendto ===
[SEDP-RACE-RUN35] host_utc=2026-09-28T09:04:24.863+00:00 host_mono_ns=2345284054059136 
[SEDP-RACE-RUN35] host_utc=2026-09-28T09:04:24.863+00:00 host_mono_ns=2345284054081278 === DEBUG [lwip-posix]: recvfrom received packet of len 52! Bypassing to pcb->recv ===
[SEDP-RACE-RUN35] host_utc=2026-09-28T09:04:24.863+00:00 host_mono_ns=2345284054095195 
[SEDP-RACE-RUN35] host_utc=2026-09-28T09:04:24.863+00:00 host_mono_ns=2345284054112978 === DEBUG [lwip-posix]: udp_sendto called! Bypassing to POSIX sendto ===
[SEDP-RACE-RUN35] host_utc=2026-09-28T09:04:24.863+00:00 host_mono_ns=2345284054167611 
[SEDP-RACE-RUN35] host_utc=2026-09-28T09:04:24.864+00:00 host_mono_ns=2345284054181778 === DEBUG [lwip-posix]: recvfrom received packet of len 52! Bypassing to pcb->recv ===
[SEDP-RACE-RUN35] host_utc=2026-09-28T09:04:24.864+00:00 host_mono_ns=2345284054201014 
[SEDP-RACE-RUN35] host_utc=2026-09-28T09:04:24.864+00:00 host_mono_ns=2345284054209801 === DEBUG [lwip-posix]: udp_sendto called! Bypassing to POSIX sendto ===
[SEDP-RACE-RUN35] host_utc=2026-09-28T09:04:24.864+00:00 host_mono_ns=2345284054303658 
[SEDP-RACE-RUN35] host_utc=2026-09-28T09:04:24.864+00:00 host_mono_ns=2345284054314479 === DEBUG [lwip-posix]: recvfrom received packet of len 52! Bypassing to pcb->recv ===
[SEDP-RACE-RUN35] host_utc=2026-09-28T09:04:24.864+00:00 host_mono_ns=2345284054320029 
[SEDP-RACE-RUN35] host_utc=2026-09-28T09:04:24.864+00:00 host_mono_ns=2345284054324678 === DEBUG [lwip-posix]: udp_sendto called! Bypassing to POSIX sendto ===
[SEDP-RACE-RUN35] host_utc=2026-09-28T09:04:24.864+00:00 host_mono_ns=2345284054377788 
[SEDP-RACE-RUN35] host_utc=2026-09-28T09:04:24.864+00:00 host_mono_ns=2345284054384982 === DEBUG [lwip-posix]: recvfrom received packet of len 52! Bypassing to pcb->recv ===
[SEDP-RACE-RUN35] host_utc=2026-09-28T09:04:24.864+00:00 host_mono_ns=2345284054389731 
[SEDP-RACE-RUN35] host_utc=2026-09-28T09:04:24.864+00:00 host_mono_ns=2345284054394129 === DEBUG [lwip-posix]: udp_sendto called! Bypassing to POSIX sendto ===
[SEDP-RACE-RUN35] host_utc=2026-09-28T09:04:24.864+00:00 host_mono_ns=2345284054577185 
[SEDP-RACE-RUN35] host_utc=2026-09-28T09:04:24.864+00:00 host_mono_ns=2345284054582836 === DEBUG [lwip-posix]: recvfrom received packet of len 52! Bypassing to pcb->recv ===
[SEDP-RACE-RUN35] host_utc=2026-09-28T09:04:24.864+00:00 host_mono_ns=2345284054587575 
[SEDP-RACE-RUN35] host_utc=2026-09-28T09:04:24.864+00:00 host_mono_ns=2345284054592013 === DEBUG [lwip-posix]: udp_sendto called! Bypassing to POSIX sendto ===
[SEDP-RACE-RUN35] host_utc=2026-09-28T09:04:24.864+00:00 host_mono_ns=2345284054759820 
[SEDP-RACE-RUN35] host_utc=2026-09-28T09:04:24.864+00:00 host_mono_ns=2345284054770871 === DEBUG [lwip-posix]: recvfrom received packet of len 52! Bypassing to pcb->recv ===
[SEDP-RACE-RUN35] host_utc=2026-09-28T09:04:24.864+00:00 host_mono_ns=2345284054778065 
[SEDP-RACE-RUN35] host_utc=2026-09-28T09:04:24.864+00:00 host_mono_ns=2345284054784266 === DEBUG [lwip-posix]: udp_sendto called! Bypassing to POSIX sendto ===
[SEDP-RACE-RUN35] host_utc=2026-09-28T09:04:24.864+00:00 host_mono_ns=2345284054815946 
[SEDP-RACE-RUN35] host_utc=2026-09-28T09:04:24.864+00:00 host_mono_ns=2345284054824112 === DEBUG [lwip-posix]: recvfrom received packet of len 52! Bypassing to pcb->recv ===
[SEDP-RACE-RUN35] host_utc=2026-09-28T09:04:24.864+00:00 host_mono_ns=2345284054830744 
[SEDP-RACE-RUN35] host_utc=2026-09-28T09:04:24.864+00:00 host_mono_ns=2345284054836896 === DEBUG [lwip-posix]: udp_sendto called! Bypassing to POSIX sendto ===
[SEDP-RACE-RUN35] host_utc=2026-09-28T09:04:24.865+00:00 host_mono_ns=2345284055366136 
[SEDP-RACE-RUN35] host_utc=2026-09-28T09:04:24.865+00:00 host_mono_ns=2345284055381765 === DEBUG [lwip-posix]: recvfrom received packet of len 52! Bypassing to pcb->recv ===
[SEDP-RACE-RUN35] host_utc=2026-09-28T09:04:24.865+00:00 host_mono_ns=2345284055389209 
[SEDP-RACE-RUN35] host_utc=2026-09-28T09:04:24.865+00:00 host_mono_ns=2345284055393928 === DEBUG [lwip-posix]: udp_sendto called! Bypassing to POSIX sendto ===
[SEDP-RACE-RUN35] host_utc=2026-09-28T09:04:24.865+00:00 host_mono_ns=2345284055398567 
[SEDP-RACE-RUN35] host_utc=2026-09-28T09:04:24.865+00:00 host_mono_ns=2345284055402915 === DEBUG [lwip-posix]: recvfrom received packet of len 52! Bypassing to pcb->recv ===
[SEDP-RACE-RUN35] host_utc=2026-09-28T09:04:24.865+00:00 host_mono_ns=2345284055407454 
[SEDP-RACE-RUN35] host_utc=2026-09-28T09:04:24.865+00:00 host_mono_ns=2345284055411802 === DEBUG [lwip-posix]: udp_sendto called! Bypassing to POSIX sendto ===
[SEDP-RACE-RUN35] host_utc=2026-09-28T09:04:24.865+00:00 host_mono_ns=2345284055416240 
[SEDP-RACE-RUN35] host_utc=2026-09-28T09:04:24.865+00:00 host_mono_ns=2345284055421060 === DEBUG [lwip-posix]: recvfrom received packet of len 52! Bypassing to pcb->recv ===
[SEDP-RACE-RUN35] host_utc=2026-09-28T09:04:24.865+00:00 host_mono_ns=2345284055431359 
[SEDP-RACE-RUN35] host_utc=2026-09-28T09:04:24.865+00:00 host_mono_ns=2345284055435847 === DEBUG [lwip-posix]: udp_sendto called! Bypassing to POSIX sendto ===
[SEDP-RACE-RUN35] host_utc=2026-09-28T09:04:24.865+00:00 host_mono_ns=2345284055440256 
[SEDP-RACE-RUN35] host_utc=2026-09-28T09:04:24.865+00:00 host_mono_ns=2345284055444594 === DEBUG [lwip-posix]: recvfrom received packet of len 52! Bypassing to pcb->recv ===
[SEDP-RACE-RUN35] host_utc=2026-09-28T09:04:24.865+00:00 host_mono_ns=2345284055449173 
[SEDP-RACE-RUN35] host_utc=2026-09-28T09:04:24.865+00:00 host_mono_ns=2345284055453882 === DEBUG [lwip-posix]: udp_sendto called! Bypassing to POSIX sendto ===
[SEDP-RACE-RUN35] host_utc=2026-09-28T09:04:24.865+00:00 host_mono_ns=2345284055551987 
[SEDP-RACE-RUN35] host_utc=2026-09-28T09:04:24.865+00:00 host_mono_ns=2345284055564140 === DEBUG [lwip-posix]: recvfrom received packet of len 52! Bypassing to pcb->recv ===
[SEDP-RACE-RUN35] host_utc=2026-09-28T09:04:24.865+00:00 host_mono_ns=2345284055569841 
[SEDP-RACE-RUN35] host_utc=2026-09-28T09:04:24.865+00:00 host_mono_ns=2345284055574379 === DEBUG [lwip-posix]: udp_sendto called! Bypassing to POSIX sendto ===
[SEDP-RACE-RUN35] host_utc=2026-09-28T09:04:24.865+00:00 host_mono_ns=2345284055581903 
[SEDP-RACE-RUN35] host_utc=2026-09-28T09:04:24.865+00:00 host_mono_ns=2345284055586422 === DEBUG [lwip-posix]: recvfrom received packet of len 52! Bypassing to pcb->recv ===
[SEDP-RACE-RUN35] host_utc=2026-09-28T09:04:24.865+00:00 host_mono_ns=2345284055590850 
[SEDP-RACE-RUN35] host_utc=2026-09-28T09:04:24.865+00:00 host_mono_ns=2345284055595158 === DEBUG [lwip-posix]: udp_sendto called! Bypassing to POSIX sendto ===
[SEDP-RACE-RUN35] host_utc=2026-09-28T09:04:24.865+00:00 host_mono_ns=2345284055963394 
[SEDP-RACE-RUN35] host_utc=2026-09-28T09:04:24.865+00:00 host_mono_ns=2345284055970938 === DEBUG [lwip-posix]: recvfrom received packet of len 52! Bypassing to pcb->recv ===
[SEDP-RACE-RUN35] host_utc=2026-09-28T09:04:24.865+00:00 host_mono_ns=2345284055976078 
[SEDP-RACE-RUN35] host_utc=2026-09-28T09:04:24.865+00:00 host_mono_ns=2345284055980537 === DEBUG [lwip-posix]: udp_sendto called! Bypassing to POSIX sendto ===
[SEDP-RACE-RUN35] host_utc=2026-09-28T09:04:24.865+00:00 host_mono_ns=2345284055987540 
[SEDP-RACE-RUN35] host_utc=2026-09-28T09:04:24.865+00:00 host_mono_ns=2345284055992028 === DEBUG [lwip-posix]: recvfrom received packet of len 52! Bypassing to pcb->recv ===
[SEDP-RACE-RUN35] host_utc=2026-09-28T09:04:24.865+00:00 host_mono_ns=2345284055996507 
[SEDP-RACE-RUN35] host_utc=2026-09-28T09:04:24.865+00:00 host_mono_ns=2345284056009331 === DEBUG [lwip-posix]: udp_sendto called! Bypassing to POSIX sendto ===
[SEDP-RACE-RUN35] host_utc=2026-09-28T09:04:24.866+00:00 host_mono_ns=2345284056206253 
[SEDP-RACE-RUN35] host_utc=2026-09-28T09:04:24.866+00:00 host_mono_ns=2345284056216112 === DEBUG [lwip-posix]: recvfrom received packet of len 52! Bypassing to pcb->recv ===
[SEDP-RACE-RUN35] host_utc=2026-09-28T09:04:24.866+00:00 host_mono_ns=2345284056221792 
[SEDP-RACE-RUN35] host_utc=2026-09-28T09:04:24.866+00:00 host_mono_ns=2345284056227944 === DEBUG [lwip-posix]: udp_sendto called! Bypassing to POSIX sendto ===
[SEDP-RACE-RUN35] host_utc=2026-09-28T09:04:24.866+00:00 host_mono_ns=2345284056479359 
[SEDP-RACE-RUN35] host_utc=2026-09-28T09:04:24.866+00:00 host_mono_ns=2345284056488857 === DEBUG [lwip-posix]: recvfrom received packet of len 52! Bypassing to pcb->recv ===
[SEDP-RACE-RUN35] host_utc=2026-09-28T09:04:24.866+00:00 host_mono_ns=2345284056494017 
[SEDP-RACE-RUN35] host_utc=2026-09-28T09:04:24.866+00:00 host_mono_ns=2345284056498896 === DEBUG [lwip-posix]: udp_sendto called! Bypassing to POSIX sendto ===
[SEDP-RACE-RUN35] host_utc=2026-09-28T09:04:24.866+00:00 host_mono_ns=2345284056503364 
[SEDP-RACE-RUN35] host_utc=2026-09-28T09:04:24.866+00:00 host_mono_ns=2345284056507602 === DEBUG [lwip-posix]: recvfrom received packet of len 52! Bypassing to pcb->recv ===
[SEDP-RACE-RUN35] host_utc=2026-09-28T09:04:24.866+00:00 host_mono_ns=2345284056517621 
[SEDP-RACE-RUN35] host_utc=2026-09-28T09:04:24.866+00:00 host_mono_ns=2345284056522000 === DEBUG [lwip-posix]: udp_sendto called! Bypassing to POSIX sendto ===
[SEDP-RACE-RUN35] host_utc=2026-09-28T09:04:24.866+00:00 host_mono_ns=2345284056633160 
[SEDP-RACE-RUN35] host_utc=2026-09-28T09:04:24.866+00:00 host_mono_ns=2345284056643339 === DEBUG [lwip-posix]: recvfrom received packet of len 52! Bypassing to pcb->recv ===
[SEDP-RACE-RUN35] host_utc=2026-09-28T09:04:24.866+00:00 host_mono_ns=2345284056651033 
[SEDP-RACE-RUN35] host_utc=2026-09-28T09:04:24.866+00:00 host_mono_ns=2345284056660361 === DEBUG [lwip-posix]: udp_sendto called! Bypassing to POSIX sendto ===
[SEDP-RACE-RUN35] host_utc=2026-09-28T09:04:24.866+00:00 host_mono_ns=2345284056677293 
[SEDP-RACE-RUN35] host_utc=2026-09-28T09:04:24.866+00:00 host_mono_ns=2345284056691860 === DEBUG [lwip-posix]: recvfrom received packet of len 52! Bypassing to pcb->recv ===
[SEDP-RACE-RUN35] host_utc=2026-09-28T09:04:24.866+00:00 host_mono_ns=2345284056700817 
[SEDP-RACE-RUN35] host_utc=2026-09-28T09:04:24.866+00:00 host_mono_ns=2345284056709444 === DEBUG [lwip-posix]: udp_sendto called! Bypassing to POSIX sendto ===
[SEDP-RACE-RUN35] host_utc=2026-09-28T09:04:24.866+00:00 host_mono_ns=2345284056962712 
[SEDP-RACE-RUN35] host_utc=2026-09-28T09:04:24.866+00:00 host_mono_ns=2345284056978943 === DEBUG [lwip-posix]: recvfrom received packet of len 52! Bypassing to pcb->recv ===
[SEDP-RACE-RUN35] host_utc=2026-09-28T09:04:24.866+00:00 host_mono_ns=2345284056990865 
[SEDP-RACE-RUN35] host_utc=2026-09-28T09:04:24.866+00:00 host_mono_ns=2345284057013248 === DEBUG [lwip-posix]: udp_sendto called! Bypassing to POSIX sendto ===
[SEDP-RACE-RUN35] host_utc=2026-09-28T09:04:24.866+00:00 host_mono_ns=2345284057039617 
[SEDP-RACE-RUN35] host_utc=2026-09-28T09:04:24.866+00:00 host_mono_ns=2345284057052442 === DEBUG [lwip-posix]: recvfrom received packet of len 52! Bypassing to pcb->recv ===
[SEDP-RACE-RUN35] host_utc=2026-09-28T09:04:24.866+00:00 host_mono_ns=2345284057065146 
[SEDP-RACE-RUN35] host_utc=2026-09-28T09:04:24.866+00:00 host_mono_ns=2345284057076507 === DEBUG [lwip-posix]: udp_sendto called! Bypassing to POSIX sendto ===
[SEDP-RACE-RUN35] host_utc=2026-09-28T09:04:24.866+00:00 host_mono_ns=2345284057167830 
[SEDP-RACE-RUN35] host_utc=2026-09-28T09:04:24.867+00:00 host_mono_ns=2345284057190973 === DEBUG [lwip-posix]: recvfrom received packet of len 52! Bypassing to pcb->recv ===
[SEDP-RACE-RUN35] host_utc=2026-09-28T09:04:24.867+00:00 host_mono_ns=2345284057214227 
[SEDP-RACE-RUN35] host_utc=2026-09-28T09:04:24.867+00:00 host_mono_ns=2345284057228103 === DEBUG [lwip-posix]: udp_sendto called! Bypassing to POSIX sendto ===
[SEDP-RACE-RUN35] host_utc=2026-09-28T09:04:24.867+00:00 host_mono_ns=2345284057271015 
[SEDP-RACE-RUN35] host_utc=2026-09-28T09:04:24.867+00:00 host_mono_ns=2345284057286243 === DEBUG [lwip-posix]: recvfrom received packet of len 52! Bypassing to pcb->recv ===
[SEDP-RACE-RUN35] host_utc=2026-09-28T09:04:24.867+00:00 host_mono_ns=2345284057300270 
[SEDP-RACE-RUN35] host_utc=2026-09-28T09:04:24.867+00:00 host_mono_ns=2345284057313705 === DEBUG [lwip-posix]: udp_sendto called! Bypassing to POSIX sendto ===
[SEDP-RACE-RUN35] host_utc=2026-09-28T09:04:24.867+00:00 host_mono_ns=2345284057334014 
[SEDP-RACE-RUN35] host_utc=2026-09-28T09:04:24.867+00:00 host_mono_ns=2345284057347830 === DEBUG [lwip-posix]: recvfrom received packet of len 52! Bypassing to pcb->recv ===
[SEDP-RACE-RUN35] host_utc=2026-09-28T09:04:24.867+00:00 host_mono_ns=2345284057361485 
[SEDP-RACE-RUN35] host_utc=2026-09-28T09:04:24.867+00:00 host_mono_ns=2345284057374209 === DEBUG [lwip-posix]: udp_sendto called! Bypassing to POSIX sendto ===
[SEDP-RACE-RUN35] host_utc=2026-09-28T09:04:24.867+00:00 host_mono_ns=2345284057763074 
[SEDP-RACE-RUN35] host_utc=2026-09-28T09:04:24.867+00:00 host_mono_ns=2345284057779174 === DEBUG [lwip-posix]: recvfrom received packet of len 52! Bypassing to pcb->recv ===
[SEDP-RACE-RUN35] host_utc=2026-09-28T09:04:24.867+00:00 host_mono_ns=2345284057801567 
[SEDP-RACE-RUN35] host_utc=2026-09-28T09:04:24.867+00:00 host_mono_ns=2345284057810504 === DEBUG [lwip-posix]: udp_sendto called! Bypassing to POSIX sendto ===
[SEDP-RACE-RUN35] host_utc=2026-09-28T09:04:24.867+00:00 host_mono_ns=2345284057819380 
[SEDP-RACE-RUN35] host_utc=2026-09-28T09:04:24.867+00:00 host_mono_ns=2345284057828097 === DEBUG [lwip-posix]: recvfrom received packet of len 52! Bypassing to pcb->recv ===
[SEDP-RACE-RUN35] host_utc=2026-09-28T09:04:24.867+00:00 host_mono_ns=2345284057836903 
[SEDP-RACE-RUN35] host_utc=2026-09-28T09:04:24.867+00:00 host_mono_ns=2345284057845369 === DEBUG [lwip-posix]: udp_sendto called! Bypassing to POSIX sendto ===
[SEDP-RACE-RUN35] host_utc=2026-09-28T09:04:24.867+00:00 host_mono_ns=2345284057885385 
[SEDP-RACE-RUN35] host_utc=2026-09-28T09:04:24.867+00:00 host_mono_ns=2345284057895624 === DEBUG [lwip-posix]: recvfrom received packet of len 52! Bypassing to pcb->recv ===
[SEDP-RACE-RUN35] host_utc=2026-09-28T09:04:24.867+00:00 host_mono_ns=2345284057904461 
[SEDP-RACE-RUN35] host_utc=2026-09-28T09:04:24.867+00:00 host_mono_ns=2345284057913057 === DEBUG [lwip-posix]: udp_sendto called! Bypassing to POSIX sendto ===
[SEDP-RACE-RUN35] host_utc=2026-09-28T09:04:24.867+00:00 host_mono_ns=2345284057959575 
[SEDP-RACE-RUN35] host_utc=2026-09-28T09:04:24.867+00:00 host_mono_ns=2345284057972560 === DEBUG [lwip-posix]: recvfrom received packet of len 52! Bypassing to pcb->recv ===
[SEDP-RACE-RUN35] host_utc=2026-09-28T09:04:24.867+00:00 host_mono_ns=2345284057988500 
[SEDP-RACE-RUN35] host_utc=2026-09-28T09:04:24.867+00:00 host_mono_ns=2345284057997537 === DEBUG [lwip-posix]: udp_sendto called! Bypassing to POSIX sendto ===
[SEDP-RACE-RUN35] host_utc=2026-09-28T09:04:24.868+00:00 host_mono_ns=2345284058180563 
[SEDP-RACE-RUN35] host_utc=2026-09-28T09:04:24.868+00:00 host_mono_ns=2345284058195992 === DEBUG [lwip-posix]: recvfrom received packet of len 52! Bypassing to pcb->recv ===
[SEDP-RACE-RUN35] host_utc=2026-09-28T09:04:24.868+00:00 host_mono_ns=2345284058203606 
[SEDP-RACE-RUN35] host_utc=2026-09-28T09:04:24.868+00:00 host_mono_ns=2345284058210088 === DEBUG [lwip-posix]: udp_sendto called! Bypassing to POSIX sendto ===
[SEDP-RACE-RUN35] host_utc=2026-09-28T09:04:24.868+00:00 host_mono_ns=2345284058253591 
[SEDP-RACE-RUN35] host_utc=2026-09-28T09:04:24.868+00:00 host_mono_ns=2345284058261275 === DEBUG [lwip-posix]: recvfrom received packet of len 52! Bypassing to pcb->recv ===
[SEDP-RACE-RUN35] host_utc=2026-09-28T09:04:24.868+00:00 host_mono_ns=2345284058268218 
[SEDP-RACE-RUN35] host_utc=2026-09-28T09:04:24.868+00:00 host_mono_ns=2345284058274450 === DEBUG [lwip-posix]: udp_sendto called! Bypassing to POSIX sendto ===
[SEDP-RACE-RUN35] host_utc=2026-09-28T09:04:24.868+00:00 host_mono_ns=2345284058528540 
[SEDP-RACE-RUN35] host_utc=2026-09-28T09:04:24.868+00:00 host_mono_ns=2345284058537798 === DEBUG [lwip-posix]: recvfrom received packet of len 52! Bypassing to pcb->recv ===
[SEDP-RACE-RUN35] host_utc=2026-09-28T09:04:24.868+00:00 host_mono_ns=2345284058544220 
[SEDP-RACE-RUN35] host_utc=2026-09-28T09:04:24.868+00:00 host_mono_ns=2345284058550351 === DEBUG [lwip-posix]: udp_sendto called! Bypassing to POSIX sendto ===
[SEDP-RACE-RUN35] host_utc=2026-09-28T09:04:24.868+00:00 host_mono_ns=2345284058671260 
[SEDP-RACE-RUN35] host_utc=2026-09-28T09:04:24.868+00:00 host_mono_ns=2345284058681239 === DEBUG [lwip-posix]: recvfrom received packet of len 52! Bypassing to pcb->recv ===
[SEDP-RACE-RUN35] host_utc=2026-09-28T09:04:24.868+00:00 host_mono_ns=2345284058688432 
[SEDP-RACE-RUN35] host_utc=2026-09-28T09:04:24.868+00:00 host_mono_ns=2345284058694474 === DEBUG [lwip-posix]: recvfrom received packet of len 52! Bypassing to pcb->recv ===
[SEDP-RACE-RUN35] host_utc=2026-09-28T09:04:24.868+00:00 host_mono_ns=2345284058700785 
[SEDP-RACE-RUN35] host_utc=2026-09-28T09:04:24.868+00:00 host_mono_ns=2345284058709241 === DEBUG [lwip-posix]: udp_sendto called! Bypassing to POSIX sendto ===
[SEDP-RACE-RUN35] host_utc=2026-09-28T09:04:24.868+00:00 host_mono_ns=2345284058725903 
[SEDP-RACE-RUN35] host_utc=2026-09-28T09:04:24.868+00:00 host_mono_ns=2345284058731864 === DEBUG [lwip-posix]: udp_sendto called! Bypassing to POSIX sendto ===
[SEDP-RACE-RUN35] host_utc=2026-09-28T09:04:24.868+00:00 host_mono_ns=2345284059030729 
[SEDP-RACE-RUN35] host_utc=2026-09-28T09:04:24.868+00:00 host_mono_ns=2345284059043273 === DEBUG [lwip-posix]: recvfrom received packet of len 52! Bypassing to pcb->recv ===
[SEDP-RACE-RUN35] host_utc=2026-09-28T09:04:24.868+00:00 host_mono_ns=2345284059050426 
[SEDP-RACE-RUN35] host_utc=2026-09-28T09:04:24.868+00:00 host_mono_ns=2345284059056678 === DEBUG [lwip-posix]: udp_sendto called! Bypassing to POSIX sendto ===
[SEDP-RACE-RUN35] host_utc=2026-09-28T09:04:24.868+00:00 host_mono_ns=2345284059067348 
[SEDP-RACE-RUN35] host_utc=2026-09-28T09:04:24.868+00:00 host_mono_ns=2345284059073790 === DEBUG [lwip-posix]: recvfrom received packet of len 52! Bypassing to pcb->recv ===
[SEDP-RACE-RUN35] host_utc=2026-09-28T09:04:24.868+00:00 host_mono_ns=2345284059080142 
[SEDP-RACE-RUN35] host_utc=2026-09-28T09:04:24.868+00:00 host_mono_ns=2345284059086073 === DEBUG [lwip-posix]: udp_sendto called! Bypassing to POSIX sendto ===
[SEDP-RACE-RUN35] host_utc=2026-09-28T09:04:24.869+00:00 host_mono_ns=2345284059512218 
[SEDP-RACE-RUN35] host_utc=2026-09-28T09:04:24.869+00:00 host_mono_ns=2345284059543347 === DEBUG [lwip-posix]: recvfrom received packet of len 52! Bypassing to pcb->recv ===
[SEDP-RACE-RUN35] host_utc=2026-09-28T09:04:24.869+00:00 host_mono_ns=2345284059558286 
[SEDP-RACE-RUN35] host_utc=2026-09-28T09:04:24.869+00:00 host_mono_ns=2345284059570489 === DEBUG [lwip-posix]: udp_sendto called! Bypassing to POSIX sendto ===
[SEDP-RACE-RUN35] host_utc=2026-09-28T09:04:24.869+00:00 host_mono_ns=2345284059623178 
[SEDP-RACE-RUN35] host_utc=2026-09-28T09:04:24.869+00:00 host_mono_ns=2345284059634810 === DEBUG [lwip-posix]: recvfrom received packet of len 52! Bypassing to pcb->recv ===
[SEDP-RACE-RUN35] host_utc=2026-09-28T09:04:24.869+00:00 host_mono_ns=2345284059644098 
[SEDP-RACE-RUN35] host_utc=2026-09-28T09:04:24.869+00:00 host_mono_ns=2345284059652824 === DEBUG [lwip-posix]: udp_sendto called! Bypassing to POSIX sendto ===
[SEDP-RACE-RUN35] host_utc=2026-09-28T09:04:24.869+00:00 host_mono_ns=2345284059720011 
[SEDP-RACE-RUN35] host_utc=2026-09-28T09:04:24.869+00:00 host_mono_ns=2345284059732394 === DEBUG [lwip-posix]: recvfrom received packet of len 52! Bypassing to pcb->recv ===
[SEDP-RACE-RUN35] host_utc=2026-09-28T09:04:24.869+00:00 host_mono_ns=2345284059739889 
[SEDP-RACE-RUN35] host_utc=2026-09-28T09:04:24.869+00:00 host_mono_ns=2345284059746100 === DEBUG [lwip-posix]: udp_sendto called! Bypassing to POSIX sendto ===
[SEDP-RACE-RUN35] host_utc=2026-09-28T09:04:24.869+00:00 host_mono_ns=2345284059879823 
[SEDP-RACE-RUN35] host_utc=2026-09-28T09:04:24.869+00:00 host_mono_ns=2345284059890323 === DEBUG [lwip-posix]: recvfrom received packet of len 52! Bypassing to pcb->recv ===
[SEDP-RACE-RUN35] host_utc=2026-09-28T09:04:24.869+00:00 host_mono_ns=2345284059896785 
[SEDP-RACE-RUN35] host_utc=2026-09-28T09:04:24.869+00:00 host_mono_ns=2345284059902977 === DEBUG [lwip-posix]: udp_sendto called! Bypassing to POSIX sendto ===
[SEDP-RACE-RUN35] host_utc=2026-09-28T09:04:24.869+00:00 host_mono_ns=2345284060124896 
[SEDP-RACE-RUN35] host_utc=2026-09-28T09:04:24.869+00:00 host_mono_ns=2345284060137941 === DEBUG [lwip-posix]: recvfrom received packet of len 52! Bypassing to pcb->recv ===
[SEDP-RACE-RUN35] host_utc=2026-09-28T09:04:24.869+00:00 host_mono_ns=2345284060144964 
[SEDP-RACE-RUN35] host_utc=2026-09-28T09:04:24.869+00:00 host_mono_ns=2345284060151196 === DEBUG [lwip-posix]: udp_sendto called! Bypassing to POSIX sendto ===
[SEDP-RACE-RUN35] host_utc=2026-09-28T09:04:24.870+00:00 host_mono_ns=2345284060243841 
[SEDP-RACE-RUN35] host_utc=2026-09-28T09:04:24.870+00:00 host_mono_ns=2345284060254631 === DEBUG [lwip-posix]: recvfrom received packet of len 52! Bypassing to pcb->recv ===
[SEDP-RACE-RUN35] host_utc=2026-09-28T09:04:24.870+00:00 host_mono_ns=2345284060268097 
[SEDP-RACE-RUN35] host_utc=2026-09-28T09:04:24.870+00:00 host_mono_ns=2345284060273877 === DEBUG [lwip-posix]: udp_sendto called! Bypassing to POSIX sendto ===
[SEDP-RACE-RUN35] host_utc=2026-09-28T09:04:24.870+00:00 host_mono_ns=2345284060371873 
[SEDP-RACE-RUN35] host_utc=2026-09-28T09:04:24.870+00:00 host_mono_ns=2345284060382072 === DEBUG [lwip-posix]: recvfrom received packet of len 52! Bypassing to pcb->recv ===
[SEDP-RACE-RUN35] host_utc=2026-09-28T09:04:24.870+00:00 host_mono_ns=2345284060389045 
[SEDP-RACE-RUN35] host_utc=2026-09-28T09:04:24.870+00:00 host_mono_ns=2345284060393774 === DEBUG [lwip-posix]: udp_sendto called! Bypassing to POSIX sendto ===
[SEDP-RACE-RUN35] host_utc=2026-09-28T09:04:24.870+00:00 host_mono_ns=2345284060637154 
[SEDP-RACE-RUN35] host_utc=2026-09-28T09:04:24.870+00:00 host_mono_ns=2345284060647083 === DEBUG [lwip-posix]: recvfrom received packet of len 52! Bypassing to pcb->recv ===
[SEDP-RACE-RUN35] host_utc=2026-09-28T09:04:24.870+00:00 host_mono_ns=2345284060657582 
[SEDP-RACE-RUN35] host_utc=2026-09-28T09:04:24.870+00:00 host_mono_ns=2345284060663774 === DEBUG [lwip-posix]: udp_sendto called! Bypassing to POSIX sendto ===
[SEDP-RACE-RUN35] host_utc=2026-09-28T09:04:24.870+00:00 host_mono_ns=2345284060734718 
[SEDP-RACE-RUN35] host_utc=2026-09-28T09:04:24.870+00:00 host_mono_ns=2345284060742854 === DEBUG [lwip-posix]: recvfrom received packet of len 52! Bypassing to pcb->recv ===
[SEDP-RACE-RUN35] host_utc=2026-09-28T09:04:24.870+00:00 host_mono_ns=2345284060748845 
[SEDP-RACE-RUN35] host_utc=2026-09-28T09:04:24.870+00:00 host_mono_ns=2345284060754596 === DEBUG [lwip-posix]: udp_sendto called! Bypassing to POSIX sendto ===
[SEDP-RACE-RUN35] host_utc=2026-09-28T09:04:24.870+00:00 host_mono_ns=2345284060889290 
[SEDP-RACE-RUN35] host_utc=2026-09-28T09:04:24.870+00:00 host_mono_ns=2345284060898808 === DEBUG [lwip-posix]: recvfrom received packet of len 52! Bypassing to pcb->recv ===
[SEDP-RACE-RUN35] host_utc=2026-09-28T09:04:24.870+00:00 host_mono_ns=2345284060905451 
[SEDP-RACE-RUN35] host_utc=2026-09-28T09:04:24.870+00:00 host_mono_ns=2345284060911652 === DEBUG [lwip-posix]: udp_sendto called! Bypassing to POSIX sendto ===
[SEDP-RACE-RUN35] host_utc=2026-09-28T09:04:24.871+00:00 host_mono_ns=2345284061265781 
[SEDP-RACE-RUN35] host_utc=2026-09-28T09:04:24.871+00:00 host_mono_ns=2345284061277393 === DEBUG [lwip-posix]: recvfrom received packet of len 52! Bypassing to pcb->recv ===
[SEDP-RACE-RUN35] host_utc=2026-09-28T09:04:24.871+00:00 host_mono_ns=2345284061284467 
[SEDP-RACE-RUN35] host_utc=2026-09-28T09:04:24.871+00:00 host_mono_ns=2345284061290799 === DEBUG [lwip-posix]: udp_sendto called! Bypassing to POSIX sendto ===
[SEDP-RACE-RUN35] host_utc=2026-09-28T09:04:24.871+00:00 host_mono_ns=2345284061297041 
[SEDP-RACE-RUN35] host_utc=2026-09-28T09:04:24.871+00:00 host_mono_ns=2345284061303423 === DEBUG [lwip-posix]: recvfrom received packet of len 52! Bypassing to pcb->recv ===
[SEDP-RACE-RUN35] host_utc=2026-09-28T09:04:24.871+00:00 host_mono_ns=2345284061309755 
[SEDP-RACE-RUN35] host_utc=2026-09-28T09:04:24.871+00:00 host_mono_ns=2345284061315836 === DEBUG [lwip-posix]: udp_sendto called! Bypassing to POSIX sendto ===
[SEDP-RACE-RUN35] host_utc=2026-09-28T09:04:24.871+00:00 host_mono_ns=2345284061414082 
[SEDP-RACE-RUN35] host_utc=2026-09-28T09:04:24.871+00:00 host_mono_ns=2345284061425213 === DEBUG [lwip-posix]: recvfrom received packet of len 52! Bypassing to pcb->recv ===
[SEDP-RACE-RUN35] host_utc=2026-09-28T09:04:24.871+00:00 host_mono_ns=2345284061435011 
[SEDP-RACE-RUN35] host_utc=2026-09-28T09:04:24.871+00:00 host_mono_ns=2345284061440802 === DEBUG [lwip-posix]: udp_sendto called! Bypassing to POSIX sendto ===
[SEDP-RACE-RUN35] host_utc=2026-09-28T09:04:24.871+00:00 host_mono_ns=2345284061716964 
[SEDP-RACE-RUN35] host_utc=2026-09-28T09:04:24.871+00:00 host_mono_ns=2345284061727323 === DEBUG [lwip-posix]: recvfrom received packet of len 52! Bypassing to pcb->recv ===
[SEDP-RACE-RUN35] host_utc=2026-09-28T09:04:24.871+00:00 host_mono_ns=2345284061739997 
[SEDP-RACE-RUN35] host_utc=2026-09-28T09:04:24.871+00:00 host_mono_ns=2345284061745909 === DEBUG [lwip-posix]: udp_sendto called! Bypassing to POSIX sendto ===
[SEDP-RACE-RUN35] host_utc=2026-09-28T09:04:24.871+00:00 host_mono_ns=2345284061751760 
[SEDP-RACE-RUN35] host_utc=2026-09-28T09:04:24.871+00:00 host_mono_ns=2345284061757290 === DEBUG [lwip-posix]: recvfrom received packet of len 52! Bypassing to pcb->recv ===
[SEDP-RACE-RUN35] host_utc=2026-09-28T09:04:24.871+00:00 host_mono_ns=2345284061763271 
[SEDP-RACE-RUN35] host_utc=2026-09-28T09:04:24.871+00:00 host_mono_ns=2345284061768992 === DEBUG [lwip-posix]: udp_sendto called! Bypassing to POSIX sendto ===
[SEDP-RACE-RUN35] host_utc=2026-09-28T09:04:24.871+00:00 host_mono_ns=2345284061975573 
[SEDP-RACE-RUN35] host_utc=2026-09-28T09:04:24.871+00:00 host_mono_ns=2345284061984329 === DEBUG [lwip-posix]: recvfrom received packet of len 52! Bypassing to pcb->recv ===
[SEDP-RACE-RUN35] host_utc=2026-09-28T09:04:24.871+00:00 host_mono_ns=2345284061990811 
[SEDP-RACE-RUN35] host_utc=2026-09-28T09:04:24.871+00:00 host_mono_ns=2345284061996903 === DEBUG [lwip-posix]: udp_sendto called! Bypassing to POSIX sendto ===
[SEDP-RACE-RUN35] host_utc=2026-09-28T09:04:24.871+00:00 host_mono_ns=2345284062007874 
[SEDP-RACE-RUN35] host_utc=2026-09-28T09:04:24.871+00:00 host_mono_ns=2345284062017001 === DEBUG [lwip-posix]: recvfrom received packet of len 52! Bypassing to pcb->recv ===
[SEDP-RACE-RUN35] host_utc=2026-09-28T09:04:24.871+00:00 host_mono_ns=2345284062023213 
[SEDP-RACE-RUN35] host_utc=2026-09-28T09:04:24.871+00:00 host_mono_ns=2345284062028843 === DEBUG [lwip-posix]: udp_sendto called! Bypassing to POSIX sendto ===
[SEDP-RACE-RUN35] host_utc=2026-09-28T09:04:24.872+00:00 host_mono_ns=2345284062220926 
[SEDP-RACE-RUN35] host_utc=2026-09-28T09:04:24.872+00:00 host_mono_ns=2345284062230785 === DEBUG [lwip-posix]: recvfrom received packet of len 52! Bypassing to pcb->recv ===
[SEDP-RACE-RUN35] host_utc=2026-09-28T09:04:24.872+00:00 host_mono_ns=2345284062237517 
[SEDP-RACE-RUN35] host_utc=2026-09-28T09:04:24.872+00:00 host_mono_ns=2345284062243649 === DEBUG [lwip-posix]: udp_sendto called! Bypassing to POSIX sendto ===
[SEDP-RACE-RUN35] host_utc=2026-09-28T09:04:24.872+00:00 host_mono_ns=2345284062249450 
[SEDP-RACE-RUN35] host_utc=2026-09-28T09:04:24.872+00:00 host_mono_ns=2345284062255371 === DEBUG [lwip-posix]: recvfrom received packet of len 52! Bypassing to pcb->recv ===
[SEDP-RACE-RUN35] host_utc=2026-09-28T09:04:24.872+00:00 host_mono_ns=2345284062261693 
[SEDP-RACE-RUN35] host_utc=2026-09-28T09:04:24.872+00:00 host_mono_ns=2345284062267795 === DEBUG [lwip-posix]: udp_sendto called! Bypassing to POSIX sendto ===
[SEDP-RACE-RUN35] host_utc=2026-09-28T09:04:24.872+00:00 host_mono_ns=2345284062427316 
[SEDP-RACE-RUN35] host_utc=2026-09-28T09:04:24.872+00:00 host_mono_ns=2345284062435672 === DEBUG [lwip-posix]: recvfrom received packet of len 52! Bypassing to pcb->recv ===
[SEDP-RACE-RUN35] host_utc=2026-09-28T09:04:24.872+00:00 host_mono_ns=2345284062441974 
[SEDP-RACE-RUN35] host_utc=2026-09-28T09:04:24.872+00:00 host_mono_ns=2345284062447664 === DEBUG [lwip-posix]: udp_sendto called! Bypassing to POSIX sendto ===
[SEDP-RACE-RUN35] host_utc=2026-09-28T09:04:24.872+00:00 host_mono_ns=2345284062453365 
[SEDP-RACE-RUN35] host_utc=2026-09-28T09:04:24.872+00:00 host_mono_ns=2345284062458856 === DEBUG [lwip-posix]: recvfrom received packet of len 52! Bypassing to pcb->recv ===
[SEDP-RACE-RUN35] host_utc=2026-09-28T09:04:24.872+00:00 host_mono_ns=2345284062464616 
[SEDP-RACE-RUN35] host_utc=2026-09-28T09:04:24.872+00:00 host_mono_ns=2345284062470067 === DEBUG [lwip-posix]: udp_sendto called! Bypassing to POSIX sendto ===
[SEDP-RACE-RUN35] host_utc=2026-09-28T09:04:24.872+00:00 host_mono_ns=2345284062680074 
[SEDP-RACE-RUN35] host_utc=2026-09-28T09:04:24.872+00:00 host_mono_ns=2345284062687788 === DEBUG [lwip-posix]: recvfrom received packet of len 52! Bypassing to pcb->recv ===
[SEDP-RACE-RUN35] host_utc=2026-09-28T09:04:24.872+00:00 host_mono_ns=2345284062699410 
[SEDP-RACE-RUN35] host_utc=2026-09-28T09:04:24.872+00:00 host_mono_ns=2345284062705121 === DEBUG [lwip-posix]: udp_sendto called! Bypassing to POSIX sendto ===
[SEDP-RACE-RUN35] host_utc=2026-09-28T09:04:24.872+00:00 host_mono_ns=2345284062711242 
[SEDP-RACE-RUN35] host_utc=2026-09-28T09:04:24.872+00:00 host_mono_ns=2345284062717003 === DEBUG [lwip-posix]: recvfrom received packet of len 52! Bypassing to pcb->recv ===
[SEDP-RACE-RUN35] host_utc=2026-09-28T09:04:24.872+00:00 host_mono_ns=2345284062731781 
[SEDP-RACE-RUN35] host_utc=2026-09-28T09:04:24.872+00:00 host_mono_ns=2345284062737873 === DEBUG [lwip-posix]: udp_sendto called! Bypassing to POSIX sendto ===
[SEDP-RACE-RUN35] host_utc=2026-09-28T09:04:24.872+00:00 host_mono_ns=2345284062907453 
[SEDP-RACE-RUN35] host_utc=2026-09-28T09:04:24.872+00:00 host_mono_ns=2345284062914216 === DEBUG [lwip-posix]: recvfrom received packet of len 52! Bypassing to pcb->recv ===
[SEDP-RACE-RUN35] host_utc=2026-09-28T09:04:24.872+00:00 host_mono_ns=2345284062933252 
[SEDP-RACE-RUN35] host_utc=2026-09-28T09:04:24.872+00:00 host_mono_ns=2345284062938842 === DEBUG [lwip-posix]: udp_sendto called! Bypassing to POSIX sendto ===
[SEDP-RACE-RUN35] host_utc=2026-09-28T09:04:24.872+00:00 host_mono_ns=2345284062944764 
[SEDP-RACE-RUN35] host_utc=2026-09-28T09:04:24.872+00:00 host_mono_ns=2345284062950755 === DEBUG [lwip-posix]: recvfrom received packet of len 52! Bypassing to pcb->recv ===
[SEDP-RACE-RUN35] host_utc=2026-09-28T09:04:24.872+00:00 host_mono_ns=2345284062985190 
[SEDP-RACE-RUN35] host_utc=2026-09-28T09:04:24.872+00:00 host_mono_ns=2345284062993466 === DEBUG [lwip-posix]: udp_sendto called! Bypassing to POSIX sendto ===
[SEDP-RACE-RUN35] host_utc=2026-09-28T09:04:24.873+00:00 host_mono_ns=2345284063474765 
[SEDP-RACE-RUN35] host_utc=2026-09-28T09:04:24.873+00:00 host_mono_ns=2345284063486547 === DEBUG [lwip-posix]: recvfrom received packet of len 52! Bypassing to pcb->recv ===
[SEDP-RACE-RUN35] host_utc=2026-09-28T09:04:24.873+00:00 host_mono_ns=2345284063493370 
[SEDP-RACE-RUN35] host_utc=2026-09-28T09:04:24.873+00:00 host_mono_ns=2345284063499472 === DEBUG [lwip-posix]: udp_sendto called! Bypassing to POSIX sendto ===
[SEDP-RACE-RUN35] host_utc=2026-09-28T09:04:24.873+00:00 host_mono_ns=2345284063505483 
[SEDP-RACE-RUN35] host_utc=2026-09-28T09:04:24.873+00:00 host_mono_ns=2345284063510482 === DEBUG [lwip-posix]: recvfrom received packet of len 52! Bypassing to pcb->recv ===
[SEDP-RACE-RUN35] host_utc=2026-09-28T09:04:24.873+00:00 host_mono_ns=2345284063517836 
[SEDP-RACE-RUN35] host_utc=2026-09-28T09:04:24.873+00:00 host_mono_ns=2345284063522395 === DEBUG [lwip-posix]: udp_sendto called! Bypassing to POSIX sendto ===
[SEDP-RACE-RUN35] host_utc=2026-09-28T09:04:24.873+00:00 host_mono_ns=2345284063713696 
[SEDP-RACE-RUN35] host_utc=2026-09-28T09:04:24.873+00:00 host_mono_ns=2345284063721501 === DEBUG [lwip-posix]: recvfrom received packet of len 52! Bypassing to pcb->recv ===
[SEDP-RACE-RUN35] host_utc=2026-09-28T09:04:24.873+00:00 host_mono_ns=2345284063726511 
[SEDP-RACE-RUN35] host_utc=2026-09-28T09:04:24.873+00:00 host_mono_ns=2345284063730919 === DEBUG [lwip-posix]: udp_sendto called! Bypassing to POSIX sendto ===
[SEDP-RACE-RUN35] host_utc=2026-09-28T09:04:24.873+00:00 host_mono_ns=2345284063857909 
[SEDP-RACE-RUN35] host_utc=2026-09-28T09:04:24.873+00:00 host_mono_ns=2345284063867287 === DEBUG [lwip-posix]: recvfrom received packet of len 52! Bypassing to pcb->recv ===
[SEDP-RACE-RUN35] host_utc=2026-09-28T09:04:24.873+00:00 host_mono_ns=2345284063873919 
[SEDP-RACE-RUN35] host_utc=2026-09-28T09:04:24.873+00:00 host_mono_ns=2345284063880171 === DEBUG [lwip-posix]: udp_sendto called! Bypassing to POSIX sendto ===
[SEDP-RACE-RUN35] host_utc=2026-09-28T09:04:24.873+00:00 host_mono_ns=2345284064038971 
[SEDP-RACE-RUN35] host_utc=2026-09-28T09:04:24.873+00:00 host_mono_ns=2345284064051054 === DEBUG [lwip-posix]: recvfrom received packet of len 52! Bypassing to pcb->recv ===
[SEDP-RACE-RUN35] host_utc=2026-09-28T09:04:24.873+00:00 host_mono_ns=2345284064110135 
[SEDP-RACE-RUN35] host_utc=2026-09-28T09:04:24.873+00:00 host_mono_ns=2345284064118982 === DEBUG [lwip-posix]: udp_sendto called! Bypassing to POSIX sendto ===
[SEDP-RACE-RUN35] host_utc=2026-09-28T09:04:24.874+00:00 host_mono_ns=2345284064197891 
[SEDP-RACE-RUN35] host_utc=2026-09-28T09:04:24.874+00:00 host_mono_ns=2345284064205045 === DEBUG [lwip-posix]: recvfrom received packet of len 52! Bypassing to pcb->recv ===
[SEDP-RACE-RUN35] host_utc=2026-09-28T09:04:24.874+00:00 host_mono_ns=2345284064210385 
[SEDP-RACE-RUN35] host_utc=2026-09-28T09:04:24.874+00:00 host_mono_ns=2345284064214833 === DEBUG [lwip-posix]: udp_sendto called! Bypassing to POSIX sendto ===
[SEDP-RACE-RUN35] host_utc=2026-09-28T09:04:24.874+00:00 host_mono_ns=2345284064324079 
[SEDP-RACE-RUN35] host_utc=2026-09-28T09:04:24.874+00:00 host_mono_ns=2345284064330481 === DEBUG [lwip-posix]: recvfrom received packet of len 52! Bypassing to pcb->recv ===
[SEDP-RACE-RUN35] host_utc=2026-09-28T09:04:24.874+00:00 host_mono_ns=2345284064335621 
[SEDP-RACE-RUN35] host_utc=2026-09-28T09:04:24.874+00:00 host_mono_ns=2345284064340120 === DEBUG [lwip-posix]: udp_sendto called! Bypassing to POSIX sendto ===
[SEDP-RACE-RUN35] host_utc=2026-09-28T09:04:24.874+00:00 host_mono_ns=2345284064486646 
[SEDP-RACE-RUN35] host_utc=2026-09-28T09:04:24.874+00:00 host_mono_ns=2345284064498188 === DEBUG [lwip-posix]: recvfrom received packet of len 52! Bypassing to pcb->recv ===
[SEDP-RACE-RUN35] host_utc=2026-09-28T09:04:24.874+00:00 host_mono_ns=2345284064505212 
[SEDP-RACE-RUN35] host_utc=2026-09-28T09:04:24.874+00:00 host_mono_ns=2345284064511123 === DEBUG [lwip-posix]: udp_sendto called! Bypassing to POSIX sendto ===
[SEDP-RACE-RUN35] host_utc=2026-09-28T09:04:24.874+00:00 host_mono_ns=2345284064517495 
[SEDP-RACE-RUN35] host_utc=2026-09-28T09:04:24.874+00:00 host_mono_ns=2345284064523636 === DEBUG [lwip-posix]: recvfrom received packet of len 52! Bypassing to pcb->recv ===
[SEDP-RACE-RUN35] host_utc=2026-09-28T09:04:24.874+00:00 host_mono_ns=2345284064533705 
[SEDP-RACE-RUN35] host_utc=2026-09-28T09:04:24.874+00:00 host_mono_ns=2345284064540278 === DEBUG [lwip-posix]: udp_sendto called! Bypassing to POSIX sendto ===
[SEDP-RACE-RUN35] host_utc=2026-09-28T09:04:24.874+00:00 host_mono_ns=2345284064835806 
[SEDP-RACE-RUN35] host_utc=2026-09-28T09:04:24.874+00:00 host_mono_ns=2345284064844633 === DEBUG [lwip-posix]: recvfrom received packet of len 52! Bypassing to pcb->recv ===
[SEDP-RACE-RUN35] host_utc=2026-09-28T09:04:24.874+00:00 host_mono_ns=2345284064851305 
[SEDP-RACE-RUN35] host_utc=2026-09-28T09:04:24.874+00:00 host_mono_ns=2345284064857387 === DEBUG [lwip-posix]: udp_sendto called! Bypassing to POSIX sendto ===
[SEDP-RACE-RUN35] host_utc=2026-09-28T09:04:24.874+00:00 host_mono_ns=2345284064863859 
[SEDP-RACE-RUN35] host_utc=2026-09-28T09:04:24.874+00:00 host_mono_ns=2345284064869850 === DEBUG [lwip-posix]: recvfrom received packet of len 52! Bypassing to pcb->recv ===
[SEDP-RACE-RUN35] host_utc=2026-09-28T09:04:24.874+00:00 host_mono_ns=2345284064879679 
[SEDP-RACE-RUN35] host_utc=2026-09-28T09:04:24.874+00:00 host_mono_ns=2345284064886121 === DEBUG [lwip-posix]: udp_sendto called! Bypassing to POSIX sendto ===
[SEDP-RACE-RUN35] host_utc=2026-09-28T09:04:24.874+00:00 host_mono_ns=2345284065050922 
[SEDP-RACE-RUN35] host_utc=2026-09-28T09:04:24.874+00:00 host_mono_ns=2345284065066462 === DEBUG [lwip-posix]: recvfrom received packet of len 52! Bypassing to pcb->recv ===
[SEDP-RACE-RUN35] host_utc=2026-09-28T09:04:24.874+00:00 host_mono_ns=2345284065074006 
[SEDP-RACE-RUN35] host_utc=2026-09-28T09:04:24.874+00:00 host_mono_ns=2345284065080358 === DEBUG [lwip-posix]: udp_sendto called! Bypassing to POSIX sendto ===
[SEDP-RACE-RUN35] host_utc=2026-09-28T09:04:24.874+00:00 host_mono_ns=2345284065090327 
[SEDP-RACE-RUN35] host_utc=2026-09-28T09:04:24.874+00:00 host_mono_ns=2345284065096128 === DEBUG [lwip-posix]: recvfrom received packet of len 52! Bypassing to pcb->recv ===
[SEDP-RACE-RUN35] host_utc=2026-09-28T09:04:24.874+00:00 host_mono_ns=2345284065109082 
[SEDP-RACE-RUN35] host_utc=2026-09-28T09:04:24.874+00:00 host_mono_ns=2345284065114262 === DEBUG [lwip-posix]: udp_sendto called! Bypassing to POSIX sendto ===
[SEDP-RACE-RUN35] host_utc=2026-09-28T09:04:24.875+00:00 host_mono_ns=2345284065255359 
[SEDP-RACE-RUN35] host_utc=2026-09-28T09:04:24.875+00:00 host_mono_ns=2345284065261320 === DEBUG [lwip-posix]: recvfrom received packet of len 52! Bypassing to pcb->recv ===
[SEDP-RACE-RUN35] host_utc=2026-09-28T09:04:24.875+00:00 host_mono_ns=2345284065265898 
[SEDP-RACE-RUN35] host_utc=2026-09-28T09:04:24.875+00:00 host_mono_ns=2345284065270237 === DEBUG [lwip-posix]: udp_sendto called! Bypassing to POSIX sendto ===
[SEDP-RACE-RUN35] host_utc=2026-09-28T09:04:24.875+00:00 host_mono_ns=2345284065361008 
[SEDP-RACE-RUN35] host_utc=2026-09-28T09:04:24.875+00:00 host_mono_ns=2345284065368051 === DEBUG [lwip-posix]: recvfrom received packet of len 52! Bypassing to pcb->recv ===
[SEDP-RACE-RUN35] host_utc=2026-09-28T09:04:24.875+00:00 host_mono_ns=2345284065375395 
[SEDP-RACE-RUN35] host_utc=2026-09-28T09:04:24.875+00:00 host_mono_ns=2345284065379894 === DEBUG [lwip-posix]: udp_sendto called! Bypassing to POSIX sendto ===
[SEDP-RACE-RUN35] host_utc=2026-09-28T09:04:24.875+00:00 host_mono_ns=2345284065542832 
[SEDP-RACE-RUN35] host_utc=2026-09-28T09:04:24.875+00:00 host_mono_ns=2345284065548863 === DEBUG [lwip-posix]: recvfrom received packet of len 52! Bypassing to pcb->recv ===
[SEDP-RACE-RUN35] host_utc=2026-09-28T09:04:24.875+00:00 host_mono_ns=2345284065553482 
[SEDP-RACE-RUN35] host_utc=2026-09-28T09:04:24.875+00:00 host_mono_ns=2345284065558461 === DEBUG [lwip-posix]: udp_sendto called! Bypassing to POSIX sendto ===
[SEDP-RACE-RUN35] host_utc=2026-09-28T09:04:24.875+00:00 host_mono_ns=2345284065722992 
[SEDP-RACE-RUN35] host_utc=2026-09-28T09:04:24.875+00:00 host_mono_ns=2345284065736307 === DEBUG [lwip-posix]: recvfrom received packet of len 52! Bypassing to pcb->recv ===
[SEDP-RACE-RUN35] host_utc=2026-09-28T09:04:24.875+00:00 host_mono_ns=2345284065747839 
[SEDP-RACE-RUN35] host_utc=2026-09-28T09:04:24.875+00:00 host_mono_ns=2345284065755373 === DEBUG [lwip-posix]: udp_sendto called! Bypassing to POSIX sendto ===
[SEDP-RACE-RUN35] host_utc=2026-09-28T09:04:24.875+00:00 host_mono_ns=2345284065767145 
[SEDP-RACE-RUN35] host_utc=2026-09-28T09:04:24.875+00:00 host_mono_ns=2345284065775030 === DEBUG [lwip-posix]: recvfrom received packet of len 52! Bypassing to pcb->recv ===
[SEDP-RACE-RUN35] host_utc=2026-09-28T09:04:24.875+00:00 host_mono_ns=2345284065782344 
[SEDP-RACE-RUN35] host_utc=2026-09-28T09:04:24.875+00:00 host_mono_ns=2345284065789468 === DEBUG [lwip-posix]: udp_sendto called! Bypassing to POSIX sendto ===
[SEDP-RACE-RUN35] host_utc=2026-09-28T09:04:24.875+00:00 host_mono_ns=2345284066058286 
[SEDP-RACE-RUN35] host_utc=2026-09-28T09:04:24.875+00:00 host_mono_ns=2345284066070168 === DEBUG [lwip-posix]: recvfrom received packet of len 52! Bypassing to pcb->recv ===
[SEDP-RACE-RUN35] host_utc=2026-09-28T09:04:24.875+00:00 host_mono_ns=2345284066075568 
[SEDP-RACE-RUN35] host_utc=2026-09-28T09:04:24.875+00:00 host_mono_ns=2345284066080357 === DEBUG [lwip-posix]: udp_sendto called! Bypassing to POSIX sendto ===
[SEDP-RACE-RUN35] host_utc=2026-09-28T09:04:24.875+00:00 host_mono_ns=2345284066084976 
[SEDP-RACE-RUN35] host_utc=2026-09-28T09:04:24.875+00:00 host_mono_ns=2345284066090336 === DEBUG [lwip-posix]: recvfrom received packet of len 52! Bypassing to pcb->recv ===
[SEDP-RACE-RUN35] host_utc=2026-09-28T09:04:24.875+00:00 host_mono_ns=2345284066096548 
[SEDP-RACE-RUN35] host_utc=2026-09-28T09:04:24.875+00:00 host_mono_ns=2345284066102549 === DEBUG [lwip-posix]: udp_sendto called! Bypassing to POSIX sendto ===
[SEDP-RACE-RUN35] host_utc=2026-09-28T09:04:24.875+00:00 host_mono_ns=2345284066110174 
[SEDP-RACE-RUN35] host_utc=2026-09-28T09:04:24.875+00:00 host_mono_ns=2345284066115373 === DEBUG [lwip-posix]: recvfrom received packet of len 52! Bypassing to pcb->recv ===
[SEDP-RACE-RUN35] host_utc=2026-09-28T09:04:24.876+00:00 host_mono_ns=2345284066180256 
[SEDP-RACE-RUN35] host_utc=2026-09-28T09:04:24.876+00:00 host_mono_ns=2345284066186327 === DEBUG [lwip-posix]: udp_sendto called! Bypassing to POSIX sendto ===
[SEDP-RACE-RUN35] host_utc=2026-09-28T09:04:24.876+00:00 host_mono_ns=2345284066271098 
[SEDP-RACE-RUN35] host_utc=2026-09-28T09:04:24.876+00:00 host_mono_ns=2345284066281838 === DEBUG [lwip-posix]: recvfrom received packet of len 52! Bypassing to pcb->recv ===
[SEDP-RACE-RUN35] host_utc=2026-09-28T09:04:24.876+00:00 host_mono_ns=2345284066308709 
[SEDP-RACE-RUN35] host_utc=2026-09-28T09:04:24.876+00:00 host_mono_ns=2345284066315572 === DEBUG [lwip-posix]: udp_sendto called! Bypassing to POSIX sendto ===
[SEDP-RACE-RUN35] host_utc=2026-09-28T09:04:24.876+00:00 host_mono_ns=2345284066416242 
[SEDP-RACE-RUN35] host_utc=2026-09-28T09:04:24.876+00:00 host_mono_ns=2345284066423916 === DEBUG [lwip-posix]: recvfrom received packet of len 52! Bypassing to pcb->recv ===
[SEDP-RACE-RUN35] host_utc=2026-09-28T09:04:24.876+00:00 host_mono_ns=2345284066430348 
[SEDP-RACE-RUN35] host_utc=2026-09-28T09:04:24.876+00:00 host_mono_ns=2345284066436450 === DEBUG [lwip-posix]: udp_sendto called! Bypassing to POSIX sendto ===
[SEDP-RACE-RUN35] host_utc=2026-09-28T09:04:24.876+00:00 host_mono_ns=2345284066629214 
[SEDP-RACE-RUN35] host_utc=2026-09-28T09:04:24.876+00:00 host_mono_ns=2345284066638081 === DEBUG [lwip-posix]: recvfrom received packet of len 52! Bypassing to pcb->recv ===
[SEDP-RACE-RUN35] host_utc=2026-09-28T09:04:24.876+00:00 host_mono_ns=2345284066644593 
[SEDP-RACE-RUN35] host_utc=2026-09-28T09:04:24.876+00:00 host_mono_ns=2345284066650675 === DEBUG [lwip-posix]: udp_sendto called! Bypassing to POSIX sendto ===
[SEDP-RACE-RUN35] host_utc=2026-09-28T09:04:24.876+00:00 host_mono_ns=2345284066775911 
[SEDP-RACE-RUN35] host_utc=2026-09-28T09:04:24.876+00:00 host_mono_ns=2345284066785660 === DEBUG [lwip-posix]: recvfrom received packet of len 52! Bypassing to pcb->recv ===
[SEDP-RACE-RUN35] host_utc=2026-09-28T09:04:24.876+00:00 host_mono_ns=2345284066791591 
[SEDP-RACE-RUN35] host_utc=2026-09-28T09:04:24.876+00:00 host_mono_ns=2345284066796140 === DEBUG [lwip-posix]: udp_sendto called! Bypassing to POSIX sendto ===
[SEDP-RACE-RUN35] host_utc=2026-09-28T09:04:24.876+00:00 host_mono_ns=2345284066967644 
[SEDP-RACE-RUN35] host_utc=2026-09-28T09:04:24.876+00:00 host_mono_ns=2345284066977212 === DEBUG [lwip-posix]: recvfrom received packet of len 52! Bypassing to pcb->recv ===
[SEDP-RACE-RUN35] host_utc=2026-09-28T09:04:24.876+00:00 host_mono_ns=2345284066983443 
[SEDP-RACE-RUN35] host_utc=2026-09-28T09:04:24.876+00:00 host_mono_ns=2345284066989054 === DEBUG [lwip-posix]: udp_sendto called! Bypassing to POSIX sendto ===
[SEDP-RACE-RUN35] host_utc=2026-09-28T09:04:24.876+00:00 host_mono_ns=2345284067076760 
[SEDP-RACE-RUN35] host_utc=2026-09-28T09:04:24.876+00:00 host_mono_ns=2345284067089043 === DEBUG [lwip-posix]: recvfrom received packet of len 52! Bypassing to pcb->recv ===
[SEDP-RACE-RUN35] host_utc=2026-09-28T09:04:24.876+00:00 host_mono_ns=2345284067094453 
[SEDP-RACE-RUN35] host_utc=2026-09-28T09:04:24.876+00:00 host_mono_ns=2345284067098932 === DEBUG [lwip-posix]: udp_sendto called! Bypassing to POSIX sendto ===
[SEDP-RACE-RUN35] host_utc=2026-09-28T09:04:24.877+00:00 host_mono_ns=2345284067219580 
[SEDP-RACE-RUN35] host_utc=2026-09-28T09:04:24.877+00:00 host_mono_ns=2345284067231372 === DEBUG [lwip-posix]: recvfrom received packet of len 52! Bypassing to pcb->recv ===
[SEDP-RACE-RUN35] host_utc=2026-09-28T09:04:24.877+00:00 host_mono_ns=2345284067239537 
[SEDP-RACE-RUN35] host_utc=2026-09-28T09:04:24.877+00:00 host_mono_ns=2345284067246410 === DEBUG [lwip-posix]: udp_sendto called! Bypassing to POSIX sendto ===
[SEDP-RACE-RUN35] host_utc=2026-09-28T09:04:24.877+00:00 host_mono_ns=2345284067253965 
[SEDP-RACE-RUN35] host_utc=2026-09-28T09:04:24.877+00:00 host_mono_ns=2345284067261178 === DEBUG [lwip-posix]: recvfrom received packet of len 52! Bypassing to pcb->recv ===
[SEDP-RACE-RUN35] host_utc=2026-09-28T09:04:24.877+00:00 host_mono_ns=2345284067278621 
[SEDP-RACE-RUN35] host_utc=2026-09-28T09:04:24.877+00:00 host_mono_ns=2345284067295022 === DEBUG [lwip-posix]: udp_sendto called! Bypassing to POSIX sendto ===
[SEDP-RACE-RUN35] host_utc=2026-09-28T09:04:24.877+00:00 host_mono_ns=2345284067496473 
[SEDP-RACE-RUN35] host_utc=2026-09-28T09:04:24.877+00:00 host_mono_ns=2345284067502614 === DEBUG [lwip-posix]: recvfrom received packet of len 52! Bypassing to pcb->recv ===
[SEDP-RACE-RUN35] host_utc=2026-09-28T09:04:24.877+00:00 host_mono_ns=2345284067507203 
[SEDP-RACE-RUN35] host_utc=2026-09-28T09:04:24.877+00:00 host_mono_ns=2345284067511461 === DEBUG [lwip-posix]: udp_sendto called! Bypassing to POSIX sendto ===
[SEDP-RACE-RUN35] host_utc=2026-09-28T09:04:24.877+00:00 host_mono_ns=2345284067554402 
[SEDP-RACE-RUN35] host_utc=2026-09-28T09:04:24.877+00:00 host_mono_ns=2345284067561145 === DEBUG [lwip-posix]: recvfrom received packet of len 52! Bypassing to pcb->recv ===
[SEDP-RACE-RUN35] host_utc=2026-09-28T09:04:24.877+00:00 host_mono_ns=2345284067565784 
[SEDP-RACE-RUN35] host_utc=2026-09-28T09:04:24.877+00:00 host_mono_ns=2345284067571274 === DEBUG [lwip-posix]: udp_sendto called! Bypassing to POSIX sendto ===
[SEDP-RACE-RUN35] host_utc=2026-09-28T09:04:24.877+00:00 host_mono_ns=2345284067696901 
[SEDP-RACE-RUN35] host_utc=2026-09-28T09:04:24.877+00:00 host_mono_ns=2345284067707592 === DEBUG [lwip-posix]: recvfrom received packet of len 52! Bypassing to pcb->recv ===
[SEDP-RACE-RUN35] host_utc=2026-09-28T09:04:24.877+00:00 host_mono_ns=2345284067715096 
[SEDP-RACE-RUN35] host_utc=2026-09-28T09:04:24.877+00:00 host_mono_ns=2345284067722029 === DEBUG [lwip-posix]: udp_sendto called! Bypassing to POSIX sendto ===
[SEDP-RACE-RUN35] host_utc=2026-09-28T09:04:24.877+00:00 host_mono_ns=2345284067745944 
[SEDP-RACE-RUN35] host_utc=2026-09-28T09:04:24.877+00:00 host_mono_ns=2345284067753739 === DEBUG [lwip-posix]: recvfrom received packet of len 52! Bypassing to pcb->recv ===
[SEDP-RACE-RUN35] host_utc=2026-09-28T09:04:24.877+00:00 host_mono_ns=2345284067760962 
[SEDP-RACE-RUN35] host_utc=2026-09-28T09:04:24.877+00:00 host_mono_ns=2345284067767705 === DEBUG [lwip-posix]: udp_sendto called! Bypassing to POSIX sendto ===
[SEDP-RACE-RUN35] host_utc=2026-09-28T09:04:24.877+00:00 host_mono_ns=2345284067905636 
[SEDP-RACE-RUN35] host_utc=2026-09-28T09:04:24.877+00:00 host_mono_ns=2345284067916747 === DEBUG [lwip-posix]: recvfrom received packet of len 52! Bypassing to pcb->recv ===
[SEDP-RACE-RUN35] host_utc=2026-09-28T09:04:24.877+00:00 host_mono_ns=2345284067923880 
[SEDP-RACE-RUN35] host_utc=2026-09-28T09:04:24.877+00:00 host_mono_ns=2345284067930172 === DEBUG [lwip-posix]: udp_sendto called! Bypassing to POSIX sendto ===
[SEDP-RACE-RUN35] host_utc=2026-09-28T09:04:24.877+00:00 host_mono_ns=2345284068101195 
[SEDP-RACE-RUN35] host_utc=2026-09-28T09:04:24.877+00:00 host_mono_ns=2345284068113749 === DEBUG [lwip-posix]: recvfrom received packet of len 52! Bypassing to pcb->recv ===
[SEDP-RACE-RUN35] host_utc=2026-09-28T09:04:24.877+00:00 host_mono_ns=2345284068166058 
[SEDP-RACE-RUN35] host_utc=2026-09-28T09:04:24.878+00:00 host_mono_ns=2345284068174684 === DEBUG [lwip-posix]: udp_sendto called! Bypassing to POSIX sendto ===
[SEDP-RACE-RUN35] host_utc=2026-09-28T09:04:24.878+00:00 host_mono_ns=2345284068181447 
[SEDP-RACE-RUN35] host_utc=2026-09-28T09:04:24.878+00:00 host_mono_ns=2345284068187639 === DEBUG [lwip-posix]: recvfrom received packet of len 52! Bypassing to pcb->recv ===
[SEDP-RACE-RUN35] host_utc=2026-09-28T09:04:24.878+00:00 host_mono_ns=2345284068193710 
[SEDP-RACE-RUN35] host_utc=2026-09-28T09:04:24.878+00:00 host_mono_ns=2345284068199601 === DEBUG [lwip-posix]: udp_sendto called! Bypassing to POSIX sendto ===
[SEDP-RACE-RUN35] host_utc=2026-09-28T09:04:24.878+00:00 host_mono_ns=2345284068411742 
[SEDP-RACE-RUN35] host_utc=2026-09-28T09:04:24.878+00:00 host_mono_ns=2345284068428133 === DEBUG [lwip-posix]: recvfrom received packet of len 52! Bypassing to pcb->recv ===
[SEDP-RACE-RUN35] host_utc=2026-09-28T09:04:24.878+00:00 host_mono_ns=2345284068456116 
[SEDP-RACE-RUN35] host_utc=2026-09-28T09:04:24.878+00:00 host_mono_ns=2345284068476474 === DEBUG [lwip-posix]: udp_sendto called! Bypassing to POSIX sendto ===
[SEDP-RACE-RUN35] host_utc=2026-09-28T09:04:24.878+00:00 host_mono_ns=2345284068483558 
[SEDP-RACE-RUN35] host_utc=2026-09-28T09:04:24.878+00:00 host_mono_ns=2345284068489789 === DEBUG [lwip-posix]: recvfrom received packet of len 52! Bypassing to pcb->recv ===
[SEDP-RACE-RUN35] host_utc=2026-09-28T09:04:24.878+00:00 host_mono_ns=2345284068495971 
[SEDP-RACE-RUN35] host_utc=2026-09-28T09:04:24.878+00:00 host_mono_ns=2345284068502183 === DEBUG [lwip-posix]: udp_sendto called! Bypassing to POSIX sendto ===
[SEDP-RACE-RUN35] host_utc=2026-09-28T09:04:24.878+00:00 host_mono_ns=2345284068652647 
[SEDP-RACE-RUN35] host_utc=2026-09-28T09:04:24.878+00:00 host_mono_ns=2345284068661474 === DEBUG [lwip-posix]: recvfrom received packet of len 52! Bypassing to pcb->recv ===
[SEDP-RACE-RUN35] host_utc=2026-09-28T09:04:24.878+00:00 host_mono_ns=2345284068668156 
[SEDP-RACE-RUN35] host_utc=2026-09-28T09:04:24.878+00:00 host_mono_ns=2345284068674148 === DEBUG [lwip-posix]: udp_sendto called! Bypassing to POSIX sendto ===
[SEDP-RACE-RUN35] host_utc=2026-09-28T09:04:24.878+00:00 host_mono_ns=2345284068680349 
[SEDP-RACE-RUN35] host_utc=2026-09-28T09:04:24.878+00:00 host_mono_ns=2345284068686451 === DEBUG [lwip-posix]: recvfrom received packet of len 52! Bypassing to pcb->recv ===
[SEDP-RACE-RUN35] host_utc=2026-09-28T09:04:24.878+00:00 host_mono_ns=2345284068696400 
[SEDP-RACE-RUN35] host_utc=2026-09-28T09:04:24.878+00:00 host_mono_ns=2345284068702762 === DEBUG [lwip-posix]: udp_sendto called! Bypassing to POSIX sendto ===
[SEDP-RACE-RUN35] host_utc=2026-09-28T09:04:24.878+00:00 host_mono_ns=2345284068912648 
[SEDP-RACE-RUN35] host_utc=2026-09-28T09:04:24.878+00:00 host_mono_ns=2345284068919110 === DEBUG [lwip-posix]: recvfrom received packet of len 52! Bypassing to pcb->recv ===
[SEDP-RACE-RUN35] host_utc=2026-09-28T09:04:24.878+00:00 host_mono_ns=2345284068923980 
[SEDP-RACE-RUN35] host_utc=2026-09-28T09:04:24.878+00:00 host_mono_ns=2345284068928408 === DEBUG [lwip-posix]: udp_sendto called! Bypassing to POSIX sendto ===
[SEDP-RACE-RUN35] host_utc=2026-09-28T09:04:24.878+00:00 host_mono_ns=2345284069085154 
[SEDP-RACE-RUN35] host_utc=2026-09-28T09:04:24.878+00:00 host_mono_ns=2345284069099622 === DEBUG [lwip-posix]: recvfrom received packet of len 52! Bypassing to pcb->recv ===
[SEDP-RACE-RUN35] host_utc=2026-09-28T09:04:24.878+00:00 host_mono_ns=2345284069106765 
[SEDP-RACE-RUN35] host_utc=2026-09-28T09:04:24.878+00:00 host_mono_ns=2345284069113067 === DEBUG [lwip-posix]: udp_sendto called! Bypassing to POSIX sendto ===
[SEDP-RACE-RUN35] host_utc=2026-09-28T09:04:24.879+00:00 host_mono_ns=2345284069277207 
[SEDP-RACE-RUN35] host_utc=2026-09-28T09:04:24.879+00:00 host_mono_ns=2345284069287827 === DEBUG [lwip-posix]: recvfrom received packet of len 52! Bypassing to pcb->recv ===
[SEDP-RACE-RUN35] host_utc=2026-09-28T09:04:24.879+00:00 host_mono_ns=2345284069293307 
[SEDP-RACE-RUN35] host_utc=2026-09-28T09:04:24.879+00:00 host_mono_ns=2345284069297786 === DEBUG [lwip-posix]: udp_sendto called! Bypassing to POSIX sendto ===
[SEDP-RACE-RUN35] host_utc=2026-09-28T09:04:24.879+00:00 host_mono_ns=2345284069448771 
[SEDP-RACE-RUN35] host_utc=2026-09-28T09:04:24.879+00:00 host_mono_ns=2345284069459542 === DEBUG [lwip-posix]: recvfrom received packet of len 52! Bypassing to pcb->recv ===
[SEDP-RACE-RUN35] host_utc=2026-09-28T09:04:24.879+00:00 host_mono_ns=2345284069466445 
[SEDP-RACE-RUN35] host_utc=2026-09-28T09:04:24.879+00:00 host_mono_ns=2345284069472616 === DEBUG [lwip-posix]: udp_sendto called! Bypassing to POSIX sendto ===
[SEDP-RACE-RUN35] host_utc=2026-09-28T09:04:24.879+00:00 host_mono_ns=2345284069520386 
[SEDP-RACE-RUN35] host_utc=2026-09-28T09:04:24.879+00:00 host_mono_ns=2345284069530816 === DEBUG [lwip-posix]: recvfrom received packet of len 52! Bypassing to pcb->recv ===
[SEDP-RACE-RUN35] host_utc=2026-09-28T09:04:24.879+00:00 host_mono_ns=2345284069536737 
[SEDP-RACE-RUN35] host_utc=2026-09-28T09:04:24.879+00:00 host_mono_ns=2345284069547498 === DEBUG [lwip-posix]: udp_sendto called! Bypassing to POSIX sendto ===
[SEDP-RACE-RUN35] host_utc=2026-09-28T09:04:24.879+00:00 host_mono_ns=2345284069767223 
[SEDP-RACE-RUN35] host_utc=2026-09-28T09:04:24.879+00:00 host_mono_ns=2345284069779246 === DEBUG [lwip-posix]: recvfrom received packet of len 52! Bypassing to pcb->recv ===
[SEDP-RACE-RUN35] host_utc=2026-09-28T09:04:24.879+00:00 host_mono_ns=2345284069787551 
[SEDP-RACE-RUN35] host_utc=2026-09-28T09:04:24.879+00:00 host_mono_ns=2345284069794775 === DEBUG [lwip-posix]: udp_sendto called! Bypassing to POSIX sendto ===
[SEDP-RACE-RUN35] host_utc=2026-09-28T09:04:24.879+00:00 host_mono_ns=2345284069844489 
[SEDP-RACE-RUN35] host_utc=2026-09-28T09:04:24.879+00:00 host_mono_ns=2345284069855259 === DEBUG [lwip-posix]: recvfrom received packet of len 52! Bypassing to pcb->recv ===
[SEDP-RACE-RUN35] host_utc=2026-09-28T09:04:24.879+00:00 host_mono_ns=2345284069861822 
[SEDP-RACE-RUN35] host_utc=2026-09-28T09:04:24.879+00:00 host_mono_ns=2345284069867502 === DEBUG [lwip-posix]: udp_sendto called! Bypassing to POSIX sendto ===
[SEDP-RACE-RUN35] host_utc=2026-09-28T09:04:24.879+00:00 host_mono_ns=2345284070020121 
[SEDP-RACE-RUN35] host_utc=2026-09-28T09:04:24.879+00:00 host_mono_ns=2345284070034728 === DEBUG [lwip-posix]: recvfrom received packet of len 52! Bypassing to pcb->recv ===
[SEDP-RACE-RUN35] host_utc=2026-09-28T09:04:24.879+00:00 host_mono_ns=2345284070042683 
[SEDP-RACE-RUN35] host_utc=2026-09-28T09:04:24.879+00:00 host_mono_ns=2345284070049666 === DEBUG [lwip-posix]: udp_sendto called! Bypassing to POSIX sendto ===
[SEDP-RACE-RUN35] host_utc=2026-09-28T09:04:24.879+00:00 host_mono_ns=2345284070059896 
[SEDP-RACE-RUN35] host_utc=2026-09-28T09:04:24.879+00:00 host_mono_ns=2345284070066759 === DEBUG [lwip-posix]: recvfrom received packet of len 52! Bypassing to pcb->recv ===
[SEDP-RACE-RUN35] host_utc=2026-09-28T09:04:24.879+00:00 host_mono_ns=2345284070073572 
[SEDP-RACE-RUN35] host_utc=2026-09-28T09:04:24.879+00:00 host_mono_ns=2345284070079944 === DEBUG [lwip-posix]: udp_sendto called! Bypassing to POSIX sendto ===
[SEDP-RACE-RUN35] host_utc=2026-09-28T09:04:24.880+00:00 host_mono_ns=2345284070315859 
[SEDP-RACE-RUN35] host_utc=2026-09-28T09:04:24.880+00:00 host_mono_ns=2345284070326860 === DEBUG [lwip-posix]: recvfrom received packet of len 52! Bypassing to pcb->recv ===
[SEDP-RACE-RUN35] host_utc=2026-09-28T09:04:24.880+00:00 host_mono_ns=2345284070334234 
[SEDP-RACE-RUN35] host_utc=2026-09-28T09:04:24.880+00:00 host_mono_ns=2345284070340426 === DEBUG [lwip-posix]: udp_sendto called! Bypassing to POSIX sendto ===
[SEDP-RACE-RUN35] host_utc=2026-09-28T09:04:24.880+00:00 host_mono_ns=2345284070374009 
[SEDP-RACE-RUN35] host_utc=2026-09-28T09:04:24.880+00:00 host_mono_ns=2345284070380842 === DEBUG [lwip-posix]: recvfrom received packet of len 52! Bypassing to pcb->recv ===
[SEDP-RACE-RUN35] host_utc=2026-09-28T09:04:24.880+00:00 host_mono_ns=2345284070385571 
[SEDP-RACE-RUN35] host_utc=2026-09-28T09:04:24.880+00:00 host_mono_ns=2345284070390290 === DEBUG [lwip-posix]: udp_sendto called! Bypassing to POSIX sendto ===
[SEDP-RACE-RUN35] host_utc=2026-09-28T09:04:24.880+00:00 host_mono_ns=2345284070466785 
[SEDP-RACE-RUN35] host_utc=2026-09-28T09:04:24.880+00:00 host_mono_ns=2345284070478867 === DEBUG [lwip-posix]: recvfrom received packet of len 52! Bypassing to pcb->recv ===
[SEDP-RACE-RUN35] host_utc=2026-09-28T09:04:24.880+00:00 host_mono_ns=2345284070486071 
[SEDP-RACE-RUN35] host_utc=2026-09-28T09:04:24.880+00:00 host_mono_ns=2345284070492393 === DEBUG [lwip-posix]: udp_sendto called! Bypassing to POSIX sendto ===
[SEDP-RACE-RUN35] host_utc=2026-09-28T09:04:24.880+00:00 host_mono_ns=2345284070742686 
[SEDP-RACE-RUN35] host_utc=2026-09-28T09:04:24.880+00:00 host_mono_ns=2345284070754789 === DEBUG [lwip-posix]: recvfrom received packet of len 52! Bypassing to pcb->recv ===
[SEDP-RACE-RUN35] host_utc=2026-09-28T09:04:24.880+00:00 host_mono_ns=2345284070762563 
[SEDP-RACE-RUN35] host_utc=2026-09-28T09:04:24.880+00:00 host_mono_ns=2345284070776640 === DEBUG [lwip-posix]: udp_sendto called! Bypassing to POSIX sendto ===
[SEDP-RACE-RUN35] host_utc=2026-09-28T09:04:24.880+00:00 host_mono_ns=2345284070811746 
[SEDP-RACE-RUN35] host_utc=2026-09-28T09:04:24.880+00:00 host_mono_ns=2345284070820713 === DEBUG [lwip-posix]: recvfrom received packet of len 52! Bypassing to pcb->recv ===
[SEDP-RACE-RUN35] host_utc=2026-09-28T09:04:24.880+00:00 host_mono_ns=2345284070825713 
[SEDP-RACE-RUN35] host_utc=2026-09-28T09:04:24.880+00:00 host_mono_ns=2345284070830151 === DEBUG [lwip-posix]: udp_sendto called! Bypassing to POSIX sendto ===
[SEDP-RACE-RUN35] host_utc=2026-09-28T09:04:24.880+00:00 host_mono_ns=2345284070980786 
[SEDP-RACE-RUN35] host_utc=2026-09-28T09:04:24.880+00:00 host_mono_ns=2345284070991526 === DEBUG [lwip-posix]: recvfrom received packet of len 52! Bypassing to pcb->recv ===
[SEDP-RACE-RUN35] host_utc=2026-09-28T09:04:24.880+00:00 host_mono_ns=2345284070998429 
[SEDP-RACE-RUN35] host_utc=2026-09-28T09:04:24.880+00:00 host_mono_ns=2345284071010321 === DEBUG [lwip-posix]: udp_sendto called! Bypassing to POSIX sendto ===
[SEDP-RACE-RUN35] host_utc=2026-09-28T09:04:24.880+00:00 host_mono_ns=2345284071023997 
[SEDP-RACE-RUN35] host_utc=2026-09-28T09:04:24.880+00:00 host_mono_ns=2345284071028947 === DEBUG [lwip-posix]: recvfrom received packet of len 52! Bypassing to pcb->recv ===
[SEDP-RACE-RUN35] host_utc=2026-09-28T09:04:24.880+00:00 host_mono_ns=2345284071033465 
[SEDP-RACE-RUN35] host_utc=2026-09-28T09:04:24.880+00:00 host_mono_ns=2345284071037813 === DEBUG [lwip-posix]: udp_sendto called! Bypassing to POSIX sendto ===
[SEDP-RACE-RUN35] host_utc=2026-09-28T09:04:24.881+00:00 host_mono_ns=2345284071276695 
[SEDP-RACE-RUN35] host_utc=2026-09-28T09:04:24.881+00:00 host_mono_ns=2345284071289118 === DEBUG [lwip-posix]: recvfrom received packet of len 52! Bypassing to pcb->recv ===
[SEDP-RACE-RUN35] host_utc=2026-09-28T09:04:24.881+00:00 host_mono_ns=2345284071297774 
[SEDP-RACE-RUN35] host_utc=2026-09-28T09:04:24.881+00:00 host_mono_ns=2345284071305108 === DEBUG [lwip-posix]: udp_sendto called! Bypassing to POSIX sendto ===
[SEDP-RACE-RUN35] host_utc=2026-09-28T09:04:24.881+00:00 host_mono_ns=2345284071334594 
[SEDP-RACE-RUN35] host_utc=2026-09-28T09:04:24.881+00:00 host_mono_ns=2345284071341998 === DEBUG [lwip-posix]: recvfrom received packet of len 52! Bypassing to pcb->recv ===
[SEDP-RACE-RUN35] host_utc=2026-09-28T09:04:24.881+00:00 host_mono_ns=2345284071346877 
[SEDP-RACE-RUN35] host_utc=2026-09-28T09:04:24.881+00:00 host_mono_ns=2345284071351255 === DEBUG [lwip-posix]: udp_sendto called! Bypassing to POSIX sendto ===
[SEDP-RACE-RUN35] host_utc=2026-09-28T09:04:24.881+00:00 host_mono_ns=2345284071533510 
[SEDP-RACE-RUN35] host_utc=2026-09-28T09:04:24.881+00:00 host_mono_ns=2345284071544350 === DEBUG [lwip-posix]: recvfrom received packet of len 52! Bypassing to pcb->recv ===
[SEDP-RACE-RUN35] host_utc=2026-09-28T09:04:24.881+00:00 host_mono_ns=2345284071551754 
[SEDP-RACE-RUN35] host_utc=2026-09-28T09:04:24.881+00:00 host_mono_ns=2345284071558357 === DEBUG [lwip-posix]: udp_sendto called! Bypassing to POSIX sendto ===
[SEDP-RACE-RUN35] host_utc=2026-09-28T09:04:24.881+00:00 host_mono_ns=2345284071564488 
[SEDP-RACE-RUN35] host_utc=2026-09-28T09:04:24.881+00:00 host_mono_ns=2345284071570530 === DEBUG [lwip-posix]: recvfrom received packet of len 52! Bypassing to pcb->recv ===
[SEDP-RACE-RUN35] host_utc=2026-09-28T09:04:24.881+00:00 host_mono_ns=2345284071581039 
[SEDP-RACE-RUN35] host_utc=2026-09-28T09:04:24.881+00:00 host_mono_ns=2345284071586740 === DEBUG [lwip-posix]: udp_sendto called! Bypassing to POSIX sendto ===
[SEDP-RACE-RUN35] host_utc=2026-09-28T09:04:24.881+00:00 host_mono_ns=2345284071940058 
[SEDP-RACE-RUN35] host_utc=2026-09-28T09:04:24.881+00:00 host_mono_ns=2345284071949465 === DEBUG [lwip-posix]: recvfrom received packet of len 52! Bypassing to pcb->recv ===
[SEDP-RACE-RUN35] host_utc=2026-09-28T09:04:24.881+00:00 host_mono_ns=2345284071955597 
[SEDP-RACE-RUN35] host_utc=2026-09-28T09:04:24.881+00:00 host_mono_ns=2345284071967259 === DEBUG [lwip-posix]: udp_sendto called! Bypassing to POSIX sendto ===
[SEDP-RACE-RUN35] host_utc=2026-09-28T09:04:24.881+00:00 host_mono_ns=2345284071973461 
[SEDP-RACE-RUN35] host_utc=2026-09-28T09:04:24.881+00:00 host_mono_ns=2345284071979342 === DEBUG [lwip-posix]: recvfrom received packet of len 52! Bypassing to pcb->recv ===
[SEDP-RACE-RUN35] host_utc=2026-09-28T09:04:24.881+00:00 host_mono_ns=2345284071985183 
[SEDP-RACE-RUN35] host_utc=2026-09-28T09:04:24.881+00:00 host_mono_ns=2345284071990643 === DEBUG [lwip-posix]: udp_sendto called! Bypassing to POSIX sendto ===
[SEDP-RACE-RUN35] host_utc=2026-09-28T09:04:24.881+00:00 host_mono_ns=2345284072047110 
[SEDP-RACE-RUN35] host_utc=2026-09-28T09:04:24.881+00:00 host_mono_ns=2345284072057830 === DEBUG [lwip-posix]: recvfrom received packet of len 52! Bypassing to pcb->recv ===
[SEDP-RACE-RUN35] host_utc=2026-09-28T09:04:24.881+00:00 host_mono_ns=2345284072064242 
[SEDP-RACE-RUN35] host_utc=2026-09-28T09:04:24.881+00:00 host_mono_ns=2345284072069863 === DEBUG [lwip-posix]: udp_sendto called! Bypassing to POSIX sendto ===
[SEDP-RACE-RUN35] host_utc=2026-09-28T09:04:24.881+00:00 host_mono_ns=2345284072169341 
[SEDP-RACE-RUN35] host_utc=2026-09-28T09:04:24.882+00:00 host_mono_ns=2345284072180702 === DEBUG [lwip-posix]: recvfrom received packet of len 52! Bypassing to pcb->recv ===
[SEDP-RACE-RUN35] host_utc=2026-09-28T09:04:24.882+00:00 host_mono_ns=2345284072188176 
[SEDP-RACE-RUN35] host_utc=2026-09-28T09:04:24.882+00:00 host_mono_ns=2345284072194939 === DEBUG [lwip-posix]: udp_sendto called! Bypassing to POSIX sendto ===
[SEDP-RACE-RUN35] host_utc=2026-09-28T09:04:24.882+00:00 host_mono_ns=2345284072205569 
[SEDP-RACE-RUN35] host_utc=2026-09-28T09:04:24.882+00:00 host_mono_ns=2345284072212482 === DEBUG [lwip-posix]: recvfrom received packet of len 52! Bypassing to pcb->recv ===
[SEDP-RACE-RUN35] host_utc=2026-09-28T09:04:24.882+00:00 host_mono_ns=2345284072219405 
[SEDP-RACE-RUN35] host_utc=2026-09-28T09:04:24.882+00:00 host_mono_ns=2345284072226158 === DEBUG [lwip-posix]: udp_sendto called! Bypassing to POSIX sendto ===
[SEDP-RACE-RUN35] host_utc=2026-09-28T09:04:24.882+00:00 host_mono_ns=2345284072479226 
[SEDP-RACE-RUN35] host_utc=2026-09-28T09:04:24.882+00:00 host_mono_ns=2345284072491810 === DEBUG [lwip-posix]: recvfrom received packet of len 52! Bypassing to pcb->recv ===
[SEDP-RACE-RUN35] host_utc=2026-09-28T09:04:24.882+00:00 host_mono_ns=2345284072499915 
[SEDP-RACE-RUN35] host_utc=2026-09-28T09:04:24.882+00:00 host_mono_ns=2345284072507069 === DEBUG [lwip-posix]: udp_sendto called! Bypassing to POSIX sendto ===
[SEDP-RACE-RUN35] host_utc=2026-09-28T09:04:24.882+00:00 host_mono_ns=2345284072513872 
[SEDP-RACE-RUN35] host_utc=2026-09-28T09:04:24.882+00:00 host_mono_ns=2345284072520965 === DEBUG [lwip-posix]: recvfrom received packet of len 52! Bypassing to pcb->recv ===
[SEDP-RACE-RUN35] host_utc=2026-09-28T09:04:24.882+00:00 host_mono_ns=2345284072528439 
[SEDP-RACE-RUN35] host_utc=2026-09-28T09:04:24.882+00:00 host_mono_ns=2345284072535553 === DEBUG [lwip-posix]: udp_sendto called! Bypassing to POSIX sendto ===
[SEDP-RACE-RUN35] host_utc=2026-09-28T09:04:24.882+00:00 host_mono_ns=2345284072711465 
[SEDP-RACE-RUN35] host_utc=2026-09-28T09:04:24.882+00:00 host_mono_ns=2345284072732244 === DEBUG [lwip-posix]: recvfrom received packet of len 52! Bypassing to pcb->recv ===
[SEDP-RACE-RUN35] host_utc=2026-09-28T09:04:24.882+00:00 host_mono_ns=2345284072746020 
[SEDP-RACE-RUN35] host_utc=2026-09-28T09:04:24.882+00:00 host_mono_ns=2345284072758293 === DEBUG [lwip-posix]: udp_sendto called! Bypassing to POSIX sendto ===
[SEDP-RACE-RUN35] host_utc=2026-09-28T09:04:24.882+00:00 host_mono_ns=2345284072770607 
[SEDP-RACE-RUN35] host_utc=2026-09-28T09:04:24.882+00:00 host_mono_ns=2345284072782409 === DEBUG [lwip-posix]: recvfrom received packet of len 52! Bypassing to pcb->recv ===
[SEDP-RACE-RUN35] host_utc=2026-09-28T09:04:24.882+00:00 host_mono_ns=2345284072794622 
[SEDP-RACE-RUN35] host_utc=2026-09-28T09:04:24.882+00:00 host_mono_ns=2345284072806645 === DEBUG [lwip-posix]: udp_sendto called! Bypassing to POSIX sendto ===
[SEDP-RACE-RUN35] host_utc=2026-09-28T09:04:24.882+00:00 host_mono_ns=2345284072975193 
[SEDP-RACE-RUN35] host_utc=2026-09-28T09:04:24.882+00:00 host_mono_ns=2345284072990943 === DEBUG [lwip-posix]: recvfrom received packet of len 52! Bypassing to pcb->recv ===
[SEDP-RACE-RUN35] host_utc=2026-09-28T09:04:24.882+00:00 host_mono_ns=2345284073011271 
[SEDP-RACE-RUN35] host_utc=2026-09-28T09:04:24.882+00:00 host_mono_ns=2345284073029626 === DEBUG [lwip-posix]: udp_sendto called! Bypassing to POSIX sendto ===
[SEDP-RACE-RUN35] host_utc=2026-09-28T09:04:24.883+00:00 host_mono_ns=2345284073202613 
[SEDP-RACE-RUN35] host_utc=2026-09-28T09:04:24.883+00:00 host_mono_ns=2345284073218914 === DEBUG [lwip-posix]: recvfrom received packet of len 52! Bypassing to pcb->recv ===
[SEDP-RACE-RUN35] host_utc=2026-09-28T09:04:24.883+00:00 host_mono_ns=2345284073232048 
[SEDP-RACE-RUN35] host_utc=2026-09-28T09:04:24.883+00:00 host_mono_ns=2345284073243951 === DEBUG [lwip-posix]: udp_sendto called! Bypassing to POSIX sendto ===
[SEDP-RACE-RUN35] host_utc=2026-09-28T09:04:24.883+00:00 host_mono_ns=2345284073279668 
[SEDP-RACE-RUN35] host_utc=2026-09-28T09:04:24.883+00:00 host_mono_ns=2345284073293124 === DEBUG [lwip-posix]: recvfrom received packet of len 52! Bypassing to pcb->recv ===
[SEDP-RACE-RUN35] host_utc=2026-09-28T09:04:24.883+00:00 host_mono_ns=2345284073305868 
[SEDP-RACE-RUN35] host_utc=2026-09-28T09:04:24.883+00:00 host_mono_ns=2345284073318121 === DEBUG [lwip-posix]: udp_sendto called! Bypassing to POSIX sendto ===
[SEDP-RACE-RUN35] host_utc=2026-09-28T09:04:24.883+00:00 host_mono_ns=2345284073579755 
[SEDP-RACE-RUN35] host_utc=2026-09-28T09:04:24.883+00:00 host_mono_ns=2345284073591598 === DEBUG [lwip-posix]: recvfrom received packet of len 52! Bypassing to pcb->recv ===
[SEDP-RACE-RUN35] host_utc=2026-09-28T09:04:24.883+00:00 host_mono_ns=2345284073598912 
[SEDP-RACE-RUN35] host_utc=2026-09-28T09:04:24.883+00:00 host_mono_ns=2345284073605304 === DEBUG [lwip-posix]: udp_sendto called! Bypassing to POSIX sendto ===
[SEDP-RACE-RUN35] host_utc=2026-09-28T09:04:24.883+00:00 host_mono_ns=2345284073611686 
[SEDP-RACE-RUN35] host_utc=2026-09-28T09:04:24.883+00:00 host_mono_ns=2345284073617968 === DEBUG [lwip-posix]: recvfrom received packet of len 52! Bypassing to pcb->recv ===
[SEDP-RACE-RUN35] host_utc=2026-09-28T09:04:24.883+00:00 host_mono_ns=2345284073628107 
[SEDP-RACE-RUN35] host_utc=2026-09-28T09:04:24.883+00:00 host_mono_ns=2345284073634609 === DEBUG [lwip-posix]: udp_sendto called! Bypassing to POSIX sendto ===
[SEDP-RACE-RUN35] host_utc=2026-09-28T09:04:24.883+00:00 host_mono_ns=2345284074053761 
[SEDP-RACE-RUN35] host_utc=2026-09-28T09:04:24.883+00:00 host_mono_ns=2345284074067447 === DEBUG [lwip-posix]: recvfrom received packet of len 52! Bypassing to pcb->recv ===
[SEDP-RACE-RUN35] host_utc=2026-09-28T09:04:24.883+00:00 host_mono_ns=2345284074074280 
[SEDP-RACE-RUN35] host_utc=2026-09-28T09:04:24.883+00:00 host_mono_ns=2345284074080501 === DEBUG [lwip-posix]: udp_sendto called! Bypassing to POSIX sendto ===
[SEDP-RACE-RUN35] host_utc=2026-09-28T09:04:24.883+00:00 host_mono_ns=2345284074086803 
[SEDP-RACE-RUN35] host_utc=2026-09-28T09:04:24.883+00:00 host_mono_ns=2345284074092955 === DEBUG [lwip-posix]: recvfrom received packet of len 52! Bypassing to pcb->recv ===
[SEDP-RACE-RUN35] host_utc=2026-09-28T09:04:24.883+00:00 host_mono_ns=2345284074099497 
[SEDP-RACE-RUN35] host_utc=2026-09-28T09:04:24.883+00:00 host_mono_ns=2345284074105559 === DEBUG [lwip-posix]: udp_sendto called! Bypassing to POSIX sendto ===
[SEDP-RACE-RUN35] host_utc=2026-09-28T09:04:24.883+00:00 host_mono_ns=2345284074111841 
[SEDP-RACE-RUN35] host_utc=2026-09-28T09:04:24.883+00:00 host_mono_ns=2345284074118012 === DEBUG [lwip-posix]: recvfrom received packet of len 52! Bypassing to pcb->recv ===
[SEDP-RACE-RUN35] host_utc=2026-09-28T09:04:24.883+00:00 host_mono_ns=2345284074124234 
[SEDP-RACE-RUN35] host_utc=2026-09-28T09:04:24.883+00:00 host_mono_ns=2345284074130205 === DEBUG [lwip-posix]: udp_sendto called! Bypassing to POSIX sendto ===
[SEDP-RACE-RUN35] host_utc=2026-09-28T09:04:24.883+00:00 host_mono_ns=2345284074148600 
[SEDP-RACE-RUN35] host_utc=2026-09-28T09:04:24.883+00:00 host_mono_ns=2345284074155673 === DEBUG [lwip-posix]: recvfrom received packet of len 52! Bypassing to pcb->recv ===
[SEDP-RACE-RUN35] host_utc=2026-09-28T09:04:24.883+00:00 host_mono_ns=2345284074161905 
[SEDP-RACE-RUN35] host_utc=2026-09-28T09:04:24.884+00:00 host_mono_ns=2345284074167716 === DEBUG [lwip-posix]: udp_sendto called! Bypassing to POSIX sendto ===
[SEDP-RACE-RUN35] host_utc=2026-09-28T09:04:24.884+00:00 host_mono_ns=2345284074208834 
[SEDP-RACE-RUN35] host_utc=2026-09-28T09:04:24.884+00:00 host_mono_ns=2345284074217240 === DEBUG [lwip-posix]: recvfrom received packet of len 52! Bypassing to pcb->recv ===
[SEDP-RACE-RUN35] host_utc=2026-09-28T09:04:24.884+00:00 host_mono_ns=2345284074223792 
[SEDP-RACE-RUN35] host_utc=2026-09-28T09:04:24.884+00:00 host_mono_ns=2345284074229874 === DEBUG [lwip-posix]: udp_sendto called! Bypassing to POSIX sendto ===
[SEDP-RACE-RUN35] host_utc=2026-09-28T09:04:24.884+00:00 host_mono_ns=2345284074368015 
[SEDP-RACE-RUN35] host_utc=2026-09-28T09:04:24.884+00:00 host_mono_ns=2345284074377603 === DEBUG [lwip-posix]: recvfrom received packet of len 52! Bypassing to pcb->recv ===
[SEDP-RACE-RUN35] host_utc=2026-09-28T09:04:24.884+00:00 host_mono_ns=2345284074384586 
[SEDP-RACE-RUN35] host_utc=2026-09-28T09:04:24.884+00:00 host_mono_ns=2345284074390497 === DEBUG [lwip-posix]: udp_sendto called! Bypassing to POSIX sendto ===
[SEDP-RACE-RUN35] host_utc=2026-09-28T09:04:24.884+00:00 host_mono_ns=2345284074482952 
[SEDP-RACE-RUN35] host_utc=2026-09-28T09:04:24.884+00:00 host_mono_ns=2345284074491728 === DEBUG [lwip-posix]: recvfrom received packet of len 52! Bypassing to pcb->recv ===
[SEDP-RACE-RUN35] host_utc=2026-09-28T09:04:24.884+00:00 host_mono_ns=2345284074498401 
[SEDP-RACE-RUN35] host_utc=2026-09-28T09:04:24.884+00:00 host_mono_ns=2345284074504643 === DEBUG [lwip-posix]: udp_sendto called! Bypassing to POSIX sendto ===
[SEDP-RACE-RUN35] host_utc=2026-09-28T09:04:24.884+00:00 host_mono_ns=2345284074695954 
[SEDP-RACE-RUN35] host_utc=2026-09-28T09:04:24.884+00:00 host_mono_ns=2345284074706755 === DEBUG [lwip-posix]: recvfrom received packet of len 52! Bypassing to pcb->recv ===
[SEDP-RACE-RUN35] host_utc=2026-09-28T09:04:24.884+00:00 host_mono_ns=2345284074729057 
[SEDP-RACE-RUN35] host_utc=2026-09-28T09:04:24.884+00:00 host_mono_ns=2345284074736381 === DEBUG [lwip-posix]: udp_sendto called! Bypassing to POSIX sendto ===
[SEDP-RACE-RUN35] host_utc=2026-09-28T09:04:24.884+00:00 host_mono_ns=2345284074742382 
[SEDP-RACE-RUN35] host_utc=2026-09-28T09:04:24.884+00:00 host_mono_ns=2345284074747922 === DEBUG [lwip-posix]: recvfrom received packet of len 52! Bypassing to pcb->recv ===
[SEDP-RACE-RUN35] host_utc=2026-09-28T09:04:24.884+00:00 host_mono_ns=2345284074756318 
[SEDP-RACE-RUN35] host_utc=2026-09-28T09:04:24.884+00:00 host_mono_ns=2345284074762139 === DEBUG [lwip-posix]: udp_sendto called! Bypassing to POSIX sendto ===
[SEDP-RACE-RUN35] host_utc=2026-09-28T09:04:24.884+00:00 host_mono_ns=2345284075033001 
[SEDP-RACE-RUN35] host_utc=2026-09-28T09:04:24.884+00:00 host_mono_ns=2345284075046306 === DEBUG [lwip-posix]: recvfrom received packet of len 52! Bypassing to pcb->recv ===
[SEDP-RACE-RUN35] host_utc=2026-09-28T09:04:24.884+00:00 host_mono_ns=2345284075052919 
[SEDP-RACE-RUN35] host_utc=2026-09-28T09:04:24.884+00:00 host_mono_ns=2345284075058539 === DEBUG [lwip-posix]: udp_sendto called! Bypassing to POSIX sendto ===
[SEDP-RACE-RUN35] host_utc=2026-09-28T09:04:24.884+00:00 host_mono_ns=2345284075064450 
[SEDP-RACE-RUN35] host_utc=2026-09-28T09:04:24.884+00:00 host_mono_ns=2345284075073598 === DEBUG [lwip-posix]: recvfrom received packet of len 52! Bypassing to pcb->recv ===
[SEDP-RACE-RUN35] host_utc=2026-09-28T09:04:24.884+00:00 host_mono_ns=2345284075079920 
[SEDP-RACE-RUN35] host_utc=2026-09-28T09:04:24.884+00:00 host_mono_ns=2345284075085911 === DEBUG [lwip-posix]: udp_sendto called! Bypassing to POSIX sendto ===
[SEDP-RACE-RUN35] host_utc=2026-09-28T09:04:24.884+00:00 host_mono_ns=2345284075171423 
[SEDP-RACE-RUN35] host_utc=2026-09-28T09:04:24.885+00:00 host_mono_ns=2345284075183175 === DEBUG [lwip-posix]: recvfrom received packet of len 52! Bypassing to pcb->recv ===
[SEDP-RACE-RUN35] host_utc=2026-09-28T09:04:24.885+00:00 host_mono_ns=2345284075272483 
[SEDP-RACE-RUN35] host_utc=2026-09-28T09:04:24.885+00:00 host_mono_ns=2345284075279837 === DEBUG [lwip-posix]: udp_sendto called! Bypassing to POSIX sendto ===
[SEDP-RACE-RUN35] host_utc=2026-09-28T09:04:24.885+00:00 host_mono_ns=2345284075285628 
[SEDP-RACE-RUN35] host_utc=2026-09-28T09:04:24.885+00:00 host_mono_ns=2345284075290227 === DEBUG [lwip-posix]: recvfrom received packet of len 52! Bypassing to pcb->recv ===
[SEDP-RACE-RUN35] host_utc=2026-09-28T09:04:24.885+00:00 host_mono_ns=2345284075294746 
[SEDP-RACE-RUN35] host_utc=2026-09-28T09:04:24.885+00:00 host_mono_ns=2345284075299094 === DEBUG [lwip-posix]: udp_sendto called! Bypassing to POSIX sendto ===
[SEDP-RACE-RUN35] host_utc=2026-09-28T09:04:24.885+00:00 host_mono_ns=2345284075446162 
[SEDP-RACE-RUN35] host_utc=2026-09-28T09:04:24.885+00:00 host_mono_ns=2345284075453726 === DEBUG [lwip-posix]: recvfrom received packet of len 52! Bypassing to pcb->recv ===
[SEDP-RACE-RUN35] host_utc=2026-09-28T09:04:24.885+00:00 host_mono_ns=2345284075458805 
[SEDP-RACE-RUN35] host_utc=2026-09-28T09:04:24.885+00:00 host_mono_ns=2345284075463374 === DEBUG [lwip-posix]: udp_sendto called! Bypassing to POSIX sendto ===
[SEDP-RACE-RUN35] host_utc=2026-09-28T09:04:24.885+00:00 host_mono_ns=2345284075520863 
[SEDP-RACE-RUN35] host_utc=2026-09-28T09:04:24.885+00:00 host_mono_ns=2345284075531984 === DEBUG [lwip-posix]: recvfrom received packet of len 52! Bypassing to pcb->recv ===
[SEDP-RACE-RUN35] host_utc=2026-09-28T09:04:24.885+00:00 host_mono_ns=2345284075539588 
[SEDP-RACE-RUN35] host_utc=2026-09-28T09:04:24.885+00:00 host_mono_ns=2345284075546241 === DEBUG [lwip-posix]: udp_sendto called! Bypassing to POSIX sendto ===
[SEDP-RACE-RUN35] host_utc=2026-09-28T09:04:24.885+00:00 host_mono_ns=2345284075869822 
[SEDP-RACE-RUN35] host_utc=2026-09-28T09:04:24.885+00:00 host_mono_ns=2345284075878318 === DEBUG [lwip-posix]: recvfrom received packet of len 52! Bypassing to pcb->recv ===
[SEDP-RACE-RUN35] host_utc=2026-09-28T09:04:24.885+00:00 host_mono_ns=2345284075883468 
[SEDP-RACE-RUN35] host_utc=2026-09-28T09:04:24.885+00:00 host_mono_ns=2345284075887976 === DEBUG [lwip-posix]: udp_sendto called! Bypassing to POSIX sendto ===
[SEDP-RACE-RUN35] host_utc=2026-09-28T09:04:24.885+00:00 host_mono_ns=2345284075995309 
[SEDP-RACE-RUN35] host_utc=2026-09-28T09:04:24.885+00:00 host_mono_ns=2345284076006560 === DEBUG [lwip-posix]: recvfrom received packet of len 52! Bypassing to pcb->recv ===
[SEDP-RACE-RUN35] host_utc=2026-09-28T09:04:24.885+00:00 host_mono_ns=2345284076016128 
[SEDP-RACE-RUN35] host_utc=2026-09-28T09:04:24.885+00:00 host_mono_ns=2345284076022260 === DEBUG [lwip-posix]: udp_sendto called! Bypassing to POSIX sendto ===
[SEDP-RACE-RUN35] host_utc=2026-09-28T09:04:24.885+00:00 host_mono_ns=2345284076093424 
[SEDP-RACE-RUN35] host_utc=2026-09-28T09:04:24.885+00:00 host_mono_ns=2345284076103313 === DEBUG [lwip-posix]: recvfrom received packet of len 52! Bypassing to pcb->recv ===
[SEDP-RACE-RUN35] host_utc=2026-09-28T09:04:24.885+00:00 host_mono_ns=2345284076108713 
[SEDP-RACE-RUN35] host_utc=2026-09-28T09:04:24.885+00:00 host_mono_ns=2345284076113282 === DEBUG [lwip-posix]: udp_sendto called! Bypassing to POSIX sendto ===
[SEDP-RACE-RUN35] host_utc=2026-09-28T09:04:24.886+00:00 host_mono_ns=2345284076301247 
[SEDP-RACE-RUN35] host_utc=2026-09-28T09:04:24.886+00:00 host_mono_ns=2345284076313260 === DEBUG [lwip-posix]: recvfrom received packet of len 52! Bypassing to pcb->recv ===
[SEDP-RACE-RUN35] host_utc=2026-09-28T09:04:24.886+00:00 host_mono_ns=2345284076355860 
[SEDP-RACE-RUN35] host_utc=2026-09-28T09:04:24.886+00:00 host_mono_ns=2345284076367873 === DEBUG [lwip-posix]: udp_sendto called! Bypassing to POSIX sendto ===
[SEDP-RACE-RUN35] host_utc=2026-09-28T09:04:24.886+00:00 host_mono_ns=2345284076384204 
[SEDP-RACE-RUN35] host_utc=2026-09-28T09:04:24.886+00:00 host_mono_ns=2345284076391999 === DEBUG [lwip-posix]: recvfrom received packet of len 52! Bypassing to pcb->recv ===
[SEDP-RACE-RUN35] host_utc=2026-09-28T09:04:24.886+00:00 host_mono_ns=2345284076399763 
[SEDP-RACE-RUN35] host_utc=2026-09-28T09:04:24.886+00:00 host_mono_ns=2345284076406616 === DEBUG [lwip-posix]: udp_sendto called! Bypassing to POSIX sendto ===
[SEDP-RACE-RUN35] host_utc=2026-09-28T09:04:24.886+00:00 host_mono_ns=2345284076678039 
[SEDP-RACE-RUN35] host_utc=2026-09-28T09:04:24.886+00:00 host_mono_ns=2345284076687186 === DEBUG [lwip-posix]: recvfrom received packet of len 52! Bypassing to pcb->recv ===
[SEDP-RACE-RUN35] host_utc=2026-09-28T09:04:24.886+00:00 host_mono_ns=2345284076692596 
[SEDP-RACE-RUN35] host_utc=2026-09-28T09:04:24.886+00:00 host_mono_ns=2345284076697406 === DEBUG [lwip-posix]: udp_sendto called! Bypassing to POSIX sendto ===
[SEDP-RACE-RUN35] host_utc=2026-09-28T09:04:24.886+00:00 host_mono_ns=2345284076875302 
[SEDP-RACE-RUN35] host_utc=2026-09-28T09:04:24.886+00:00 host_mono_ns=2345284076881233 === DEBUG [lwip-posix]: recvfrom received packet of len 52! Bypassing to pcb->recv ===
[SEDP-RACE-RUN35] host_utc=2026-09-28T09:04:24.886+00:00 host_mono_ns=2345284076885852 
[SEDP-RACE-RUN35] host_utc=2026-09-28T09:04:24.886+00:00 host_mono_ns=2345284076890210 === DEBUG [lwip-posix]: udp_sendto called! Bypassing to POSIX sendto ===
[SEDP-RACE-RUN35] host_utc=2026-09-28T09:04:24.886+00:00 host_mono_ns=2345284077066703 
[SEDP-RACE-RUN35] host_utc=2026-09-28T09:04:24.886+00:00 host_mono_ns=2345284077078175 === DEBUG [lwip-posix]: recvfrom received packet of len 52! Bypassing to pcb->recv ===
[SEDP-RACE-RUN35] host_utc=2026-09-28T09:04:24.886+00:00 host_mono_ns=2345284077084918 
[SEDP-RACE-RUN35] host_utc=2026-09-28T09:04:24.886+00:00 host_mono_ns=2345284077090859 === DEBUG [lwip-posix]: udp_sendto called! Bypassing to POSIX sendto ===
[SEDP-RACE-RUN35] host_utc=2026-09-28T09:04:24.886+00:00 host_mono_ns=2345284077106849 
[SEDP-RACE-RUN35] host_utc=2026-09-28T09:04:24.886+00:00 host_mono_ns=2345284077114253 === DEBUG [lwip-posix]: recvfrom received packet of len 52! Bypassing to pcb->recv ===
[SEDP-RACE-RUN35] host_utc=2026-09-28T09:04:24.886+00:00 host_mono_ns=2345284077118802 
[SEDP-RACE-RUN35] host_utc=2026-09-28T09:04:24.886+00:00 host_mono_ns=2345284077123090 === DEBUG [lwip-posix]: udp_sendto called! Bypassing to POSIX sendto ===
[SEDP-RACE-RUN35] host_utc=2026-09-28T09:04:24.887+00:00 host_mono_ns=2345284077251382 
[SEDP-RACE-RUN35] host_utc=2026-09-28T09:04:24.887+00:00 host_mono_ns=2345284077256592 === DEBUG [lwip-posix]: recvfrom received packet of len 52! Bypassing to pcb->recv ===
[SEDP-RACE-RUN35] host_utc=2026-09-28T09:04:24.887+00:00 host_mono_ns=2345284077261111 
[SEDP-RACE-RUN35] host_utc=2026-09-28T09:04:24.887+00:00 host_mono_ns=2345284077265459 === DEBUG [lwip-posix]: udp_sendto called! Bypassing to POSIX sendto ===
[SEDP-RACE-RUN35] host_utc=2026-09-28T09:04:24.887+00:00 host_mono_ns=2345284077524398 
[SEDP-RACE-RUN35] host_utc=2026-09-28T09:04:24.887+00:00 host_mono_ns=2345284077532724 === DEBUG [lwip-posix]: recvfrom received packet of len 52! Bypassing to pcb->recv ===
[SEDP-RACE-RUN35] host_utc=2026-09-28T09:04:24.887+00:00 host_mono_ns=2345284077539116 
[SEDP-RACE-RUN35] host_utc=2026-09-28T09:04:24.887+00:00 host_mono_ns=2345284077545147 === DEBUG [lwip-posix]: udp_sendto called! Bypassing to POSIX sendto ===
[SEDP-RACE-RUN35] host_utc=2026-09-28T09:04:24.887+00:00 host_mono_ns=2345284077551670 
[SEDP-RACE-RUN35] host_utc=2026-09-28T09:04:24.887+00:00 host_mono_ns=2345284077557761 === DEBUG [lwip-posix]: recvfrom received packet of len 52! Bypassing to pcb->recv ===
[SEDP-RACE-RUN35] host_utc=2026-09-28T09:04:24.887+00:00 host_mono_ns=2345284077563993 
[SEDP-RACE-RUN35] host_utc=2026-09-28T09:04:24.887+00:00 host_mono_ns=2345284077570235 === DEBUG [lwip-posix]: udp_sendto called! Bypassing to POSIX sendto ===
[SEDP-RACE-RUN35] host_utc=2026-09-28T09:04:24.887+00:00 host_mono_ns=2345284077776855 
[SEDP-RACE-RUN35] host_utc=2026-09-28T09:04:24.887+00:00 host_mono_ns=2345284077796161 === DEBUG [lwip-posix]: recvfrom received packet of len 52! Bypassing to pcb->recv ===
[SEDP-RACE-RUN35] host_utc=2026-09-28T09:04:24.887+00:00 host_mono_ns=2345284077808204 
[SEDP-RACE-RUN35] host_utc=2026-09-28T09:04:24.887+00:00 host_mono_ns=2345284077818183 === DEBUG [lwip-posix]: udp_sendto called! Bypassing to POSIX sendto ===
[SEDP-RACE-RUN35] host_utc=2026-09-28T09:04:24.887+00:00 host_mono_ns=2345284077895860 
[SEDP-RACE-RUN35] host_utc=2026-09-28T09:04:24.887+00:00 host_mono_ns=2345284077906169 === DEBUG [lwip-posix]: recvfrom received packet of len 52! Bypassing to pcb->recv ===
[SEDP-RACE-RUN35] host_utc=2026-09-28T09:04:24.887+00:00 host_mono_ns=2345284077913283 
[SEDP-RACE-RUN35] host_utc=2026-09-28T09:04:24.887+00:00 host_mono_ns=2345284077919785 === DEBUG [lwip-posix]: udp_sendto called! Bypassing to POSIX sendto ===
[SEDP-RACE-RUN35] host_utc=2026-09-28T09:04:24.888+00:00 host_mono_ns=2345284078290986 
[SEDP-RACE-RUN35] host_utc=2026-09-28T09:04:24.888+00:00 host_mono_ns=2345284078305954 === DEBUG [lwip-posix]: recvfrom received packet of len 52! Bypassing to pcb->recv ===
[SEDP-RACE-RUN35] host_utc=2026-09-28T09:04:24.888+00:00 host_mono_ns=2345284078315993 
[SEDP-RACE-RUN35] host_utc=2026-09-28T09:04:24.888+00:00 host_mono_ns=2345284078325020 === DEBUG [lwip-posix]: recvfrom received packet of len 52! Bypassing to pcb->recv ===
[SEDP-RACE-RUN35] host_utc=2026-09-28T09:04:24.888+00:00 host_mono_ns=2345284078338696 
[SEDP-RACE-RUN35] host_utc=2026-09-28T09:04:24.888+00:00 host_mono_ns=2345284078347653 === DEBUG [lwip-posix]: recvfrom received packet of len 52! Bypassing to pcb->recv ===
[SEDP-RACE-RUN35] host_utc=2026-09-28T09:04:24.888+00:00 host_mono_ns=2345284078355087 
[SEDP-RACE-RUN35] host_utc=2026-09-28T09:04:24.888+00:00 host_mono_ns=2345284078362481 === DEBUG [lwip-posix]: recvfrom received packet of len 52! Bypassing to pcb->recv ===
[SEDP-RACE-RUN35] host_utc=2026-09-28T09:04:24.888+00:00 host_mono_ns=2345284078371368 
[SEDP-RACE-RUN35] host_utc=2026-09-28T09:04:24.888+00:00 host_mono_ns=2345284078380385 === DEBUG [lwip-posix]: udp_sendto called! Bypassing to POSIX sendto ===
[SEDP-RACE-RUN35] host_utc=2026-09-28T09:04:24.888+00:00 host_mono_ns=2345284078415311 
[SEDP-RACE-RUN35] host_utc=2026-09-28T09:04:24.888+00:00 host_mono_ns=2345284078426903 === DEBUG [lwip-posix]: udp_sendto called! Bypassing to POSIX sendto ===
[SEDP-RACE-RUN35] host_utc=2026-09-28T09:04:24.888+00:00 host_mono_ns=2345284078436511 
[SEDP-RACE-RUN35] host_utc=2026-09-28T09:04:24.888+00:00 host_mono_ns=2345284078460246 === DEBUG [lwip-posix]: udp_sendto called! Bypassing to POSIX sendto ===
[SEDP-RACE-RUN35] host_utc=2026-09-28T09:04:24.888+00:00 host_mono_ns=2345284078471808 
[SEDP-RACE-RUN35] host_utc=2026-09-28T09:04:24.888+00:00 host_mono_ns=2345284078481696 === DEBUG [lwip-posix]: udp_sendto called! Bypassing to POSIX sendto ===
[SEDP-RACE-RUN35] host_utc=2026-09-28T09:04:24.888+00:00 host_mono_ns=2345284078498368 
[SEDP-RACE-RUN35] host_utc=2026-09-28T09:04:24.888+00:00 host_mono_ns=2345284078508657 === DEBUG [lwip-posix]: recvfrom received packet of len 52! Bypassing to pcb->recv ===
[SEDP-RACE-RUN35] host_utc=2026-09-28T09:04:24.888+00:00 host_mono_ns=2345284078518175 
[SEDP-RACE-RUN35] host_utc=2026-09-28T09:04:24.888+00:00 host_mono_ns=2345284078527753 === DEBUG [lwip-posix]: udp_sendto called! Bypassing to POSIX sendto ===
[SEDP-RACE-RUN35] host_utc=2026-09-28T09:04:24.888+00:00 host_mono_ns=2345284078683598 
[SEDP-RACE-RUN35] host_utc=2026-09-28T09:04:24.888+00:00 host_mono_ns=2345284078697684 === DEBUG [lwip-posix]: recvfrom received packet of len 52! Bypassing to pcb->recv ===
[SEDP-RACE-RUN35] host_utc=2026-09-28T09:04:24.888+00:00 host_mono_ns=2345284078708074 
[SEDP-RACE-RUN35] host_utc=2026-09-28T09:04:24.888+00:00 host_mono_ns=2345284078715608 === DEBUG [lwip-posix]: udp_sendto called! Bypassing to POSIX sendto ===
[SEDP-RACE-RUN35] host_utc=2026-09-28T09:04:24.888+00:00 host_mono_ns=2345284078767436 
[SEDP-RACE-RUN35] host_utc=2026-09-28T09:04:24.888+00:00 host_mono_ns=2345284078776623 === DEBUG [lwip-posix]: recvfrom received packet of len 52! Bypassing to pcb->recv ===
[SEDP-RACE-RUN35] host_utc=2026-09-28T09:04:24.888+00:00 host_mono_ns=2345284078783456 
[SEDP-RACE-RUN35] host_utc=2026-09-28T09:04:24.888+00:00 host_mono_ns=2345284078789999 === DEBUG [lwip-posix]: udp_sendto called! Bypassing to POSIX sendto ===
[SEDP-RACE-RUN35] host_utc=2026-09-28T09:04:24.888+00:00 host_mono_ns=2345284078966803 
[SEDP-RACE-RUN35] host_utc=2026-09-28T09:04:24.888+00:00 host_mono_ns=2345284078976030 === DEBUG [lwip-posix]: recvfrom received packet of len 52! Bypassing to pcb->recv ===
[SEDP-RACE-RUN35] host_utc=2026-09-28T09:04:24.888+00:00 host_mono_ns=2345284078981280 
[SEDP-RACE-RUN35] host_utc=2026-09-28T09:04:24.888+00:00 host_mono_ns=2345284078985698 === DEBUG [lwip-posix]: recvfrom received packet of len 52! Bypassing to pcb->recv ===
[SEDP-RACE-RUN35] host_utc=2026-09-28T09:04:24.888+00:00 host_mono_ns=2345284078990107 
[SEDP-RACE-RUN35] host_utc=2026-09-28T09:04:24.888+00:00 host_mono_ns=2345284078994435 === DEBUG [lwip-posix]: udp_sendto called! Bypassing to POSIX sendto ===
[SEDP-RACE-RUN35] host_utc=2026-09-28T09:04:24.888+00:00 host_mono_ns=2345284079007610 
[SEDP-RACE-RUN35] host_utc=2026-09-28T09:04:24.888+00:00 host_mono_ns=2345284079014743 === DEBUG [lwip-posix]: udp_sendto called! Bypassing to POSIX sendto ===
[SEDP-RACE-RUN35] host_utc=2026-09-28T09:04:24.889+00:00 host_mono_ns=2345284079332824 
[SEDP-RACE-RUN35] host_utc=2026-09-28T09:04:24.889+00:00 host_mono_ns=2345284079340178 === DEBUG [lwip-posix]: recvfrom received packet of len 52! Bypassing to pcb->recv ===
[SEDP-RACE-RUN35] host_utc=2026-09-28T09:04:24.889+00:00 host_mono_ns=2345284079347482 
[SEDP-RACE-RUN35] host_utc=2026-09-28T09:04:24.889+00:00 host_mono_ns=2345284079352000 === DEBUG [lwip-posix]: udp_sendto called! Bypassing to POSIX sendto ===
[SEDP-RACE-RUN35] host_utc=2026-09-28T09:04:24.889+00:00 host_mono_ns=2345284079575994 
[SEDP-RACE-RUN35] host_utc=2026-09-28T09:04:24.889+00:00 host_mono_ns=2345284079581885 === DEBUG [lwip-posix]: recvfrom received packet of len 52! Bypassing to pcb->recv ===
[SEDP-RACE-RUN35] host_utc=2026-09-28T09:04:24.889+00:00 host_mono_ns=2345284079586584 
[SEDP-RACE-RUN35] host_utc=2026-09-28T09:04:24.889+00:00 host_mono_ns=2345284079590882 === DEBUG [lwip-posix]: udp_sendto called! Bypassing to POSIX sendto ===
[SEDP-RACE-RUN35] host_utc=2026-09-28T09:04:24.889+00:00 host_mono_ns=2345284079765993 
[SEDP-RACE-RUN35] host_utc=2026-09-28T09:04:24.889+00:00 host_mono_ns=2345284079773998 === DEBUG [lwip-posix]: recvfrom received packet of len 52! Bypassing to pcb->recv ===
[SEDP-RACE-RUN35] host_utc=2026-09-28T09:04:24.889+00:00 host_mono_ns=2345284079778877 
[SEDP-RACE-RUN35] host_utc=2026-09-28T09:04:24.889+00:00 host_mono_ns=2345284079783295 === DEBUG [lwip-posix]: udp_sendto called! Bypassing to POSIX sendto ===
[SEDP-RACE-RUN35] host_utc=2026-09-28T09:04:24.889+00:00 host_mono_ns=2345284080096597 
[SEDP-RACE-RUN35] host_utc=2026-09-28T09:04:24.889+00:00 host_mono_ns=2345284080111275 === DEBUG [lwip-posix]: recvfrom received packet of len 52! Bypassing to pcb->recv ===
[SEDP-RACE-RUN35] host_utc=2026-09-28T09:04:24.889+00:00 host_mono_ns=2345284080134439 
[SEDP-RACE-RUN35] host_utc=2026-09-28T09:04:24.889+00:00 host_mono_ns=2345284080141973 === DEBUG [lwip-posix]: udp_sendto called! Bypassing to POSIX sendto ===
[SEDP-RACE-RUN35] host_utc=2026-09-28T09:04:24.889+00:00 host_mono_ns=2345284080156951 
[SEDP-RACE-RUN35] host_utc=2026-09-28T09:04:24.889+00:00 host_mono_ns=2345284080162081 === DEBUG [lwip-posix]: recvfrom received packet of len 52! Bypassing to pcb->recv ===
[SEDP-RACE-RUN35] host_utc=2026-09-28T09:04:24.890+00:00 host_mono_ns=2345284080169455 
[SEDP-RACE-RUN35] host_utc=2026-09-28T09:04:24.890+00:00 host_mono_ns=2345284080174534 === DEBUG [lwip-posix]: udp_sendto called! Bypassing to POSIX sendto ===
[SEDP-RACE-RUN35] host_utc=2026-09-28T09:04:24.890+00:00 host_mono_ns=2345284080276497 
[SEDP-RACE-RUN35] host_utc=2026-09-28T09:04:24.890+00:00 host_mono_ns=2345284080286195 === DEBUG [lwip-posix]: recvfrom received packet of len 52! Bypassing to pcb->recv ===
[SEDP-RACE-RUN35] host_utc=2026-09-28T09:04:24.890+00:00 host_mono_ns=2345284080291536 
[SEDP-RACE-RUN35] host_utc=2026-09-28T09:04:24.890+00:00 host_mono_ns=2345284080295964 === DEBUG [lwip-posix]: udp_sendto called! Bypassing to POSIX sendto ===
[SEDP-RACE-RUN35] host_utc=2026-09-28T09:04:24.890+00:00 host_mono_ns=2345284080413556 
[SEDP-RACE-RUN35] host_utc=2026-09-28T09:04:24.890+00:00 host_mono_ns=2345284080421291 === DEBUG [lwip-posix]: recvfrom received packet of len 52! Bypassing to pcb->recv ===
[SEDP-RACE-RUN35] host_utc=2026-09-28T09:04:24.890+00:00 host_mono_ns=2345284080426170 
[SEDP-RACE-RUN35] host_utc=2026-09-28T09:04:24.890+00:00 host_mono_ns=2345284080430658 === DEBUG [lwip-posix]: udp_sendto called! Bypassing to POSIX sendto ===
[SEDP-RACE-RUN35] host_utc=2026-09-28T09:04:24.890+00:00 host_mono_ns=2345284080546487 
[SEDP-RACE-RUN35] host_utc=2026-09-28T09:04:24.890+00:00 host_mono_ns=2345284080555705 === DEBUG [lwip-posix]: recvfrom received packet of len 52! Bypassing to pcb->recv ===
[SEDP-RACE-RUN35] host_utc=2026-09-28T09:04:24.890+00:00 host_mono_ns=2345284080562848 
[SEDP-RACE-RUN35] host_utc=2026-09-28T09:04:24.890+00:00 host_mono_ns=2345284080569481 === DEBUG [lwip-posix]: udp_sendto called! Bypassing to POSIX sendto ===
[SEDP-RACE-RUN35] host_utc=2026-09-28T09:04:24.890+00:00 host_mono_ns=2345284080751745 
[SEDP-RACE-RUN35] host_utc=2026-09-28T09:04:24.890+00:00 host_mono_ns=2345284080761373 === DEBUG [lwip-posix]: recvfrom received packet of len 52! Bypassing to pcb->recv ===
[SEDP-RACE-RUN35] host_utc=2026-09-28T09:04:24.890+00:00 host_mono_ns=2345284080766783 
[SEDP-RACE-RUN35] host_utc=2026-09-28T09:04:24.890+00:00 host_mono_ns=2345284080771212 === DEBUG [lwip-posix]: udp_sendto called! Bypassing to POSIX sendto ===
[SEDP-RACE-RUN35] host_utc=2026-09-28T09:04:24.890+00:00 host_mono_ns=2345284080823320 
[SEDP-RACE-RUN35] host_utc=2026-09-28T09:04:24.890+00:00 host_mono_ns=2345284080829101 === DEBUG [lwip-posix]: recvfrom received packet of len 52! Bypassing to pcb->recv ===
[SEDP-RACE-RUN35] host_utc=2026-09-28T09:04:24.890+00:00 host_mono_ns=2345284080833730 
[SEDP-RACE-RUN35] host_utc=2026-09-28T09:04:24.890+00:00 host_mono_ns=2345284080838008 === DEBUG [lwip-posix]: udp_sendto called! Bypassing to POSIX sendto ===
[SEDP-RACE-RUN35] host_utc=2026-09-28T09:04:24.890+00:00 host_mono_ns=2345284080978754 
[SEDP-RACE-RUN35] host_utc=2026-09-28T09:04:24.890+00:00 host_mono_ns=2345284080984385 === DEBUG [lwip-posix]: recvfrom received packet of len 52! Bypassing to pcb->recv ===
[SEDP-RACE-RUN35] host_utc=2026-09-28T09:04:24.890+00:00 host_mono_ns=2345284080989013 
[SEDP-RACE-RUN35] host_utc=2026-09-28T09:04:24.890+00:00 host_mono_ns=2345284080993361 === DEBUG [lwip-posix]: udp_sendto called! Bypassing to POSIX sendto ===
[SEDP-RACE-RUN35] host_utc=2026-09-28T09:04:24.890+00:00 host_mono_ns=2345284081020693 
[SEDP-RACE-RUN35] host_utc=2026-09-28T09:04:24.890+00:00 host_mono_ns=2345284081028708 === DEBUG [lwip-posix]: recvfrom received packet of len 52! Bypassing to pcb->recv ===
[SEDP-RACE-RUN35] host_utc=2026-09-28T09:04:24.890+00:00 host_mono_ns=2345284081033347 
[SEDP-RACE-RUN35] host_utc=2026-09-28T09:04:24.890+00:00 host_mono_ns=2345284081037665 === DEBUG [lwip-posix]: udp_sendto called! Bypassing to POSIX sendto ===
[SEDP-RACE-RUN35] host_utc=2026-09-28T09:04:24.891+00:00 host_mono_ns=2345284081324718 
[SEDP-RACE-RUN35] host_utc=2026-09-28T09:04:24.891+00:00 host_mono_ns=2345284081329967 === DEBUG [lwip-posix]: recvfrom received packet of len 52! Bypassing to pcb->recv ===
[SEDP-RACE-RUN35] host_utc=2026-09-28T09:04:24.891+00:00 host_mono_ns=2345284081334556 
[SEDP-RACE-RUN35] host_utc=2026-09-28T09:04:24.891+00:00 host_mono_ns=2345284081338854 === DEBUG [lwip-posix]: udp_sendto called! Bypassing to POSIX sendto ===
[SEDP-RACE-RUN35] host_utc=2026-09-28T09:04:24.891+00:00 host_mono_ns=2345284081434976 
[SEDP-RACE-RUN35] host_utc=2026-09-28T09:04:24.891+00:00 host_mono_ns=2345284081442460 === DEBUG [lwip-posix]: recvfrom received packet of len 52! Bypassing to pcb->recv ===
[SEDP-RACE-RUN35] host_utc=2026-09-28T09:04:24.891+00:00 host_mono_ns=2345284081447229 
[SEDP-RACE-RUN35] host_utc=2026-09-28T09:04:24.891+00:00 host_mono_ns=2345284081451587 === DEBUG [lwip-posix]: udp_sendto called! Bypassing to POSIX sendto ===
[SEDP-RACE-RUN35] host_utc=2026-09-28T09:04:24.891+00:00 host_mono_ns=2345284081599126 
[SEDP-RACE-RUN35] host_utc=2026-09-28T09:04:24.891+00:00 host_mono_ns=2345284081604696 === DEBUG [lwip-posix]: recvfrom received packet of len 52! Bypassing to pcb->recv ===
[SEDP-RACE-RUN35] host_utc=2026-09-28T09:04:24.891+00:00 host_mono_ns=2345284081609155 
[SEDP-RACE-RUN35] host_utc=2026-09-28T09:04:24.891+00:00 host_mono_ns=2345284081613543 === DEBUG [lwip-posix]: udp_sendto called! Bypassing to POSIX sendto ===
[SEDP-RACE-RUN35] host_utc=2026-09-28T09:04:24.891+00:00 host_mono_ns=2345284081789476 
[SEDP-RACE-RUN35] host_utc=2026-09-28T09:04:24.891+00:00 host_mono_ns=2345284081801508 === DEBUG [lwip-posix]: recvfrom received packet of len 52! Bypassing to pcb->recv ===
[SEDP-RACE-RUN35] host_utc=2026-09-28T09:04:24.891+00:00 host_mono_ns=2345284081809253 
[SEDP-RACE-RUN35] host_utc=2026-09-28T09:04:24.891+00:00 host_mono_ns=2345284081816607 === DEBUG [lwip-posix]: recvfrom received packet of len 52! Bypassing to pcb->recv ===
[SEDP-RACE-RUN35] host_utc=2026-09-28T09:04:24.891+00:00 host_mono_ns=2345284081824001 
[SEDP-RACE-RUN35] host_utc=2026-09-28T09:04:24.891+00:00 host_mono_ns=2345284081831064 === DEBUG [lwip-posix]: udp_sendto called! Bypassing to POSIX sendto ===
[SEDP-RACE-RUN35] host_utc=2026-09-28T09:04:24.891+00:00 host_mono_ns=2345284081846934 
[SEDP-RACE-RUN35] host_utc=2026-09-28T09:04:24.891+00:00 host_mono_ns=2345284081853987 === DEBUG [lwip-posix]: udp_sendto called! Bypassing to POSIX sendto ===
[SEDP-RACE-RUN35] host_utc=2026-09-28T09:04:24.891+00:00 host_mono_ns=2345284082169103 
[SEDP-RACE-RUN35] host_utc=2026-09-28T09:04:24.892+00:00 host_mono_ns=2345284082181176 === DEBUG [lwip-posix]: recvfrom received packet of len 52! Bypassing to pcb->recv ===
[SEDP-RACE-RUN35] host_utc=2026-09-28T09:04:24.892+00:00 host_mono_ns=2345284082187738 
[SEDP-RACE-RUN35] host_utc=2026-09-28T09:04:24.892+00:00 host_mono_ns=2345284082192257 === DEBUG [lwip-posix]: recvfrom received packet of len 52! Bypassing to pcb->recv ===
[SEDP-RACE-RUN35] host_utc=2026-09-28T09:04:24.892+00:00 host_mono_ns=2345284082196625 
[SEDP-RACE-RUN35] host_utc=2026-09-28T09:04:24.892+00:00 host_mono_ns=2345284082200933 === DEBUG [lwip-posix]: udp_sendto called! Bypassing to POSIX sendto ===
[SEDP-RACE-RUN35] host_utc=2026-09-28T09:04:24.892+00:00 host_mono_ns=2345284082205271 
[SEDP-RACE-RUN35] host_utc=2026-09-28T09:04:24.892+00:00 host_mono_ns=2345284082209519 === DEBUG [lwip-posix]: udp_sendto called! Bypassing to POSIX sendto ===
[SEDP-RACE-RUN35] host_utc=2026-09-28T09:04:24.892+00:00 host_mono_ns=2345284082355024 
[SEDP-RACE-RUN35] host_utc=2026-09-28T09:04:24.892+00:00 host_mono_ns=2345284082360975 === DEBUG [lwip-posix]: recvfrom received packet of len 52! Bypassing to pcb->recv ===
[SEDP-RACE-RUN35] host_utc=2026-09-28T09:04:24.892+00:00 host_mono_ns=2345284082365514 
[SEDP-RACE-RUN35] host_utc=2026-09-28T09:04:24.892+00:00 host_mono_ns=2345284082369842 === DEBUG [lwip-posix]: udp_sendto called! Bypassing to POSIX sendto ===
[SEDP-RACE-RUN35] host_utc=2026-09-28T09:04:24.892+00:00 host_mono_ns=2345284082689777 
[SEDP-RACE-RUN35] host_utc=2026-09-28T09:04:24.892+00:00 host_mono_ns=2345284082698433 === DEBUG [lwip-posix]: recvfrom received packet of len 52! Bypassing to pcb->recv ===
[SEDP-RACE-RUN35] host_utc=2026-09-28T09:04:24.892+00:00 host_mono_ns=2345284082703603 
[SEDP-RACE-RUN35] host_utc=2026-09-28T09:04:24.892+00:00 host_mono_ns=2345284082708111 === DEBUG [lwip-posix]: udp_sendto called! Bypassing to POSIX sendto ===
[SEDP-RACE-RUN35] host_utc=2026-09-28T09:04:24.892+00:00 host_mono_ns=2345284082837035 
[SEDP-RACE-RUN35] host_utc=2026-09-28T09:04:24.892+00:00 host_mono_ns=2345284082847665 === DEBUG [lwip-posix]: recvfrom received packet of len 52! Bypassing to pcb->recv ===
[SEDP-RACE-RUN35] host_utc=2026-09-28T09:04:24.892+00:00 host_mono_ns=2345284082853185 
[SEDP-RACE-RUN35] host_utc=2026-09-28T09:04:24.892+00:00 host_mono_ns=2345284082857724 === DEBUG [lwip-posix]: udp_sendto called! Bypassing to POSIX sendto ===
[SEDP-RACE-RUN35] host_utc=2026-09-28T09:04:24.892+00:00 host_mono_ns=2345284082865398 
[SEDP-RACE-RUN35] host_utc=2026-09-28T09:04:24.892+00:00 host_mono_ns=2345284082869957 === DEBUG [lwip-posix]: recvfrom received packet of len 52! Bypassing to pcb->recv ===
[SEDP-RACE-RUN35] host_utc=2026-09-28T09:04:24.892+00:00 host_mono_ns=2345284082909572 
[SEDP-RACE-RUN35] host_utc=2026-09-28T09:04:24.892+00:00 host_mono_ns=2345284082915533 === DEBUG [lwip-posix]: udp_sendto called! Bypassing to POSIX sendto ===
[SEDP-RACE-RUN35] host_utc=2026-09-28T09:04:24.892+00:00 host_mono_ns=2345284083070656 
[SEDP-RACE-RUN35] host_utc=2026-09-28T09:04:24.892+00:00 host_mono_ns=2345284083081056 === DEBUG [lwip-posix]: recvfrom received packet of len 52! Bypassing to pcb->recv ===
[SEDP-RACE-RUN35] host_utc=2026-09-28T09:04:24.892+00:00 host_mono_ns=2345284083086025 
[SEDP-RACE-RUN35] host_utc=2026-09-28T09:04:24.892+00:00 host_mono_ns=2345284083091065 === DEBUG [lwip-posix]: udp_sendto called! Bypassing to POSIX sendto ===
[SEDP-RACE-RUN35] host_utc=2026-09-28T09:04:24.892+00:00 host_mono_ns=2345284083100372 
[SEDP-RACE-RUN35] host_utc=2026-09-28T09:04:24.892+00:00 host_mono_ns=2345284083105602 === DEBUG [lwip-posix]: recvfrom received packet of len 52! Bypassing to pcb->recv ===
[SEDP-RACE-RUN35] host_utc=2026-09-28T09:04:24.892+00:00 host_mono_ns=2345284083110131 
[SEDP-RACE-RUN35] host_utc=2026-09-28T09:04:24.892+00:00 host_mono_ns=2345284083114359 === DEBUG [lwip-posix]: udp_sendto called! Bypassing to POSIX sendto ===
[SEDP-RACE-RUN35] host_utc=2026-09-28T09:04:24.893+00:00 host_mono_ns=2345284083284200 
[SEDP-RACE-RUN35] host_utc=2026-09-28T09:04:24.893+00:00 host_mono_ns=2345284083291974 === DEBUG [lwip-posix]: recvfrom received packet of len 52! Bypassing to pcb->recv ===
[SEDP-RACE-RUN35] host_utc=2026-09-28T09:04:24.893+00:00 host_mono_ns=2345284083298567 
[SEDP-RACE-RUN35] host_utc=2026-09-28T09:04:24.893+00:00 host_mono_ns=2345284083304608 === DEBUG [lwip-posix]: udp_sendto called! Bypassing to POSIX sendto ===
[SEDP-RACE-RUN35] host_utc=2026-09-28T09:04:24.893+00:00 host_mono_ns=2345284083387184 
[SEDP-RACE-RUN35] host_utc=2026-09-28T09:04:24.893+00:00 host_mono_ns=2345284083396923 === DEBUG [lwip-posix]: recvfrom received packet of len 52! Bypassing to pcb->recv ===
[SEDP-RACE-RUN35] host_utc=2026-09-28T09:04:24.893+00:00 host_mono_ns=2345284083403705 
[SEDP-RACE-RUN35] host_utc=2026-09-28T09:04:24.893+00:00 host_mono_ns=2345284083409787 === DEBUG [lwip-posix]: udp_sendto called! Bypassing to POSIX sendto ===
[SEDP-RACE-RUN35] host_utc=2026-09-28T09:04:24.893+00:00 host_mono_ns=2345284083595778 
[SEDP-RACE-RUN35] host_utc=2026-09-28T09:04:24.893+00:00 host_mono_ns=2345284083608612 === DEBUG [lwip-posix]: recvfrom received packet of len 52! Bypassing to pcb->recv ===
[SEDP-RACE-RUN35] host_utc=2026-09-28T09:04:24.893+00:00 host_mono_ns=2345284083617139 
[SEDP-RACE-RUN35] host_utc=2026-09-28T09:04:24.893+00:00 host_mono_ns=2345284083624472 === DEBUG [lwip-posix]: udp_sendto called! Bypassing to POSIX sendto ===
[SEDP-RACE-RUN35] host_utc=2026-09-28T09:04:24.893+00:00 host_mono_ns=2345284083637287 
[SEDP-RACE-RUN35] host_utc=2026-09-28T09:04:24.893+00:00 host_mono_ns=2345284083645071 === DEBUG [lwip-posix]: recvfrom received packet of len 52! Bypassing to pcb->recv ===
[SEDP-RACE-RUN35] host_utc=2026-09-28T09:04:24.893+00:00 host_mono_ns=2345284083652075 
[SEDP-RACE-RUN35] host_utc=2026-09-28T09:04:24.893+00:00 host_mono_ns=2345284083659248 === DEBUG [lwip-posix]: udp_sendto called! Bypassing to POSIX sendto ===
[SEDP-RACE-RUN35] host_utc=2026-09-28T09:04:24.893+00:00 host_mono_ns=2345284083675759 
[SEDP-RACE-RUN35] host_utc=2026-09-28T09:04:24.893+00:00 host_mono_ns=2345284083683223 === DEBUG [lwip-posix]: recvfrom received packet of len 52! Bypassing to pcb->recv ===
[SEDP-RACE-RUN35] host_utc=2026-09-28T09:04:24.893+00:00 host_mono_ns=2345284083690026 
[SEDP-RACE-RUN35] host_utc=2026-09-28T09:04:24.893+00:00 host_mono_ns=2345284083696298 === DEBUG [lwip-posix]: udp_sendto called! Bypassing to POSIX sendto ===
[SEDP-RACE-RUN35] host_utc=2026-09-28T09:04:24.893+00:00 host_mono_ns=2345284083895555 
[SEDP-RACE-RUN35] host_utc=2026-09-28T09:04:24.893+00:00 host_mono_ns=2345284083905654 === DEBUG [lwip-posix]: recvfrom received packet of len 52! Bypassing to pcb->recv ===
[SEDP-RACE-RUN35] host_utc=2026-09-28T09:04:24.893+00:00 host_mono_ns=2345284083911174 
[SEDP-RACE-RUN35] host_utc=2026-09-28T09:04:24.893+00:00 host_mono_ns=2345284083915653 === DEBUG [lwip-posix]: udp_sendto called! Bypassing to POSIX sendto ===
[SEDP-RACE-RUN35] host_utc=2026-09-28T09:04:24.893+00:00 host_mono_ns=2345284083923247 
[SEDP-RACE-RUN35] host_utc=2026-09-28T09:04:24.893+00:00 host_mono_ns=2345284083927775 === DEBUG [lwip-posix]: recvfrom received packet of len 52! Bypassing to pcb->recv ===
[SEDP-RACE-RUN35] host_utc=2026-09-28T09:04:24.893+00:00 host_mono_ns=2345284083932214 
[SEDP-RACE-RUN35] host_utc=2026-09-28T09:04:24.893+00:00 host_mono_ns=2345284083936482 === DEBUG [lwip-posix]: udp_sendto called! Bypassing to POSIX sendto ===
[SEDP-RACE-RUN35] host_utc=2026-09-28T09:04:24.894+00:00 host_mono_ns=2345284084281343 
[SEDP-RACE-RUN35] host_utc=2026-09-28T09:04:24.894+00:00 host_mono_ns=2345284084296251 === DEBUG [lwip-posix]: recvfrom received packet of len 52! Bypassing to pcb->recv ===
[SEDP-RACE-RUN35] host_utc=2026-09-28T09:04:24.894+00:00 host_mono_ns=2345284084303876 
[SEDP-RACE-RUN35] host_utc=2026-09-28T09:04:24.894+00:00 host_mono_ns=2345284084310408 === DEBUG [lwip-posix]: udp_sendto called! Bypassing to POSIX sendto ===
[SEDP-RACE-RUN35] host_utc=2026-09-28T09:04:24.894+00:00 host_mono_ns=2345284084341146 
[SEDP-RACE-RUN35] host_utc=2026-09-28T09:04:24.894+00:00 host_mono_ns=2345284084349442 === DEBUG [lwip-posix]: recvfrom received packet of len 52! Bypassing to pcb->recv ===
[SEDP-RACE-RUN35] host_utc=2026-09-28T09:04:24.894+00:00 host_mono_ns=2345284084356555 
[SEDP-RACE-RUN35] host_utc=2026-09-28T09:04:24.894+00:00 host_mono_ns=2345284084363108 === DEBUG [lwip-posix]: udp_sendto called! Bypassing to POSIX sendto ===
[SEDP-RACE-RUN35] host_utc=2026-09-28T09:04:24.894+00:00 host_mono_ns=2345284084613841 
[SEDP-RACE-RUN35] host_utc=2026-09-28T09:04:24.894+00:00 host_mono_ns=2345284084621095 === DEBUG [lwip-posix]: recvfrom received packet of len 52! Bypassing to pcb->recv ===
[SEDP-RACE-RUN35] host_utc=2026-09-28T09:04:24.894+00:00 host_mono_ns=2345284084625864 
[SEDP-RACE-RUN35] host_utc=2026-09-28T09:04:24.894+00:00 host_mono_ns=2345284084630262 === DEBUG [lwip-posix]: udp_sendto called! Bypassing to POSIX sendto ===
[SEDP-RACE-RUN35] host_utc=2026-09-28T09:04:24.894+00:00 host_mono_ns=2345284084790585 
[SEDP-RACE-RUN35] host_utc=2026-09-28T09:04:24.894+00:00 host_mono_ns=2345284084797999 === DEBUG [lwip-posix]: recvfrom received packet of len 52! Bypassing to pcb->recv ===
[SEDP-RACE-RUN35] host_utc=2026-09-28T09:04:24.894+00:00 host_mono_ns=2345284084802848 
[SEDP-RACE-RUN35] host_utc=2026-09-28T09:04:24.894+00:00 host_mono_ns=2345284084807237 === DEBUG [lwip-posix]: udp_sendto called! Bypassing to POSIX sendto ===
[SEDP-RACE-RUN35] host_utc=2026-09-28T09:04:24.894+00:00 host_mono_ns=2345284084864214 
[SEDP-RACE-RUN35] host_utc=2026-09-28T09:04:24.894+00:00 host_mono_ns=2345284084872340 === DEBUG [lwip-posix]: recvfrom received packet of len 52! Bypassing to pcb->recv ===
[SEDP-RACE-RUN35] host_utc=2026-09-28T09:04:24.894+00:00 host_mono_ns=2345284084878982 
[SEDP-RACE-RUN35] host_utc=2026-09-28T09:04:24.894+00:00 host_mono_ns=2345284084885264 === DEBUG [lwip-posix]: udp_sendto called! Bypassing to POSIX sendto ===
[SEDP-RACE-RUN35] host_utc=2026-09-28T09:04:24.894+00:00 host_mono_ns=2345284085093718 
[SEDP-RACE-RUN35] host_utc=2026-09-28T09:04:24.894+00:00 host_mono_ns=2345284085113756 === DEBUG [lwip-posix]: recvfrom received packet of len 52! Bypassing to pcb->recv ===
[SEDP-RACE-RUN35] host_utc=2026-09-28T09:04:24.894+00:00 host_mono_ns=2345284085120999 
[SEDP-RACE-RUN35] host_utc=2026-09-28T09:04:24.894+00:00 host_mono_ns=2345284085127261 === DEBUG [lwip-posix]: udp_sendto called! Bypassing to POSIX sendto ===
[SEDP-RACE-RUN35] host_utc=2026-09-28T09:04:24.894+00:00 host_mono_ns=2345284085137310 
[SEDP-RACE-RUN35] host_utc=2026-09-28T09:04:24.894+00:00 host_mono_ns=2345284085146718 === DEBUG [lwip-posix]: recvfrom received packet of len 52! Bypassing to pcb->recv ===
[SEDP-RACE-RUN35] host_utc=2026-09-28T09:04:24.894+00:00 host_mono_ns=2345284085153290 
[SEDP-RACE-RUN35] host_utc=2026-09-28T09:04:24.894+00:00 host_mono_ns=2345284085159151 === DEBUG [lwip-posix]: udp_sendto called! Bypassing to POSIX sendto ===
[SEDP-RACE-RUN35] host_utc=2026-09-28T09:04:24.895+00:00 host_mono_ns=2345284085464058 
[SEDP-RACE-RUN35] host_utc=2026-09-28T09:04:24.895+00:00 host_mono_ns=2345284085476902 === DEBUG [lwip-posix]: recvfrom received packet of len 52! Bypassing to pcb->recv ===
[SEDP-RACE-RUN35] host_utc=2026-09-28T09:04:24.895+00:00 host_mono_ns=2345284085485047 
[SEDP-RACE-RUN35] host_utc=2026-09-28T09:04:24.895+00:00 host_mono_ns=2345284085492271 === DEBUG [lwip-posix]: udp_sendto called! Bypassing to POSIX sendto ===
[SEDP-RACE-RUN35] host_utc=2026-09-28T09:04:24.895+00:00 host_mono_ns=2345284085508672 
[SEDP-RACE-RUN35] host_utc=2026-09-28T09:04:24.895+00:00 host_mono_ns=2345284085516797 === DEBUG [lwip-posix]: recvfrom received packet of len 52! Bypassing to pcb->recv ===
[SEDP-RACE-RUN35] host_utc=2026-09-28T09:04:24.895+00:00 host_mono_ns=2345284085523319 
[SEDP-RACE-RUN35] host_utc=2026-09-28T09:04:24.895+00:00 host_mono_ns=2345284085528579 === DEBUG [lwip-posix]: udp_sendto called! Bypassing to POSIX sendto ===
[SEDP-RACE-RUN35] host_utc=2026-09-28T09:04:24.895+00:00 host_mono_ns=2345284085858843 
[SEDP-RACE-RUN35] host_utc=2026-09-28T09:04:24.895+00:00 host_mono_ns=2345284085865025 === DEBUG [lwip-posix]: recvfrom received packet of len 52! Bypassing to pcb->recv ===
[SEDP-RACE-RUN35] host_utc=2026-09-28T09:04:24.895+00:00 host_mono_ns=2345284085869644 
[SEDP-RACE-RUN35] host_utc=2026-09-28T09:04:24.895+00:00 host_mono_ns=2345284085873922 === DEBUG [lwip-posix]: udp_sendto called! Bypassing to POSIX sendto ===
[SEDP-RACE-RUN35] host_utc=2026-09-28T09:04:24.895+00:00 host_mono_ns=2345284085878300 
[SEDP-RACE-RUN35] host_utc=2026-09-28T09:04:24.895+00:00 host_mono_ns=2345284085882598 === DEBUG [lwip-posix]: recvfrom received packet of len 52! Bypassing to pcb->recv ===
[SEDP-RACE-RUN35] host_utc=2026-09-28T09:04:24.895+00:00 host_mono_ns=2345284085886997 
[SEDP-RACE-RUN35] host_utc=2026-09-28T09:04:24.895+00:00 host_mono_ns=2345284085891255 === DEBUG [lwip-posix]: udp_sendto called! Bypassing to POSIX sendto ===
[SEDP-RACE-RUN35] host_utc=2026-09-28T09:04:24.895+00:00 host_mono_ns=2345284086107233 
[SEDP-RACE-RUN35] host_utc=2026-09-28T09:04:24.895+00:00 host_mono_ns=2345284086115358 === DEBUG [lwip-posix]: recvfrom received packet of len 52! Bypassing to pcb->recv ===
[SEDP-RACE-RUN35] host_utc=2026-09-28T09:04:24.895+00:00 host_mono_ns=2345284086119967 
[SEDP-RACE-RUN35] host_utc=2026-09-28T09:04:24.895+00:00 host_mono_ns=2345284086124225 === DEBUG [lwip-posix]: udp_sendto called! Bypassing to POSIX sendto ===
[SEDP-RACE-RUN35] host_utc=2026-09-28T09:04:24.895+00:00 host_mono_ns=2345284086128513 
[SEDP-RACE-RUN35] host_utc=2026-09-28T09:04:24.895+00:00 host_mono_ns=2345284086132791 === DEBUG [lwip-posix]: recvfrom received packet of len 52! Bypassing to pcb->recv ===
[SEDP-RACE-RUN35] host_utc=2026-09-28T09:04:24.895+00:00 host_mono_ns=2345284086137129 
[SEDP-RACE-RUN35] host_utc=2026-09-28T09:04:24.895+00:00 host_mono_ns=2345284086141337 === DEBUG [lwip-posix]: udp_sendto called! Bypassing to POSIX sendto ===
[SEDP-RACE-RUN35] host_utc=2026-09-28T09:04:24.896+00:00 host_mono_ns=2345284086346615 
[SEDP-RACE-RUN35] host_utc=2026-09-28T09:04:24.896+00:00 host_mono_ns=2345284086365501 === DEBUG [lwip-posix]: recvfrom received packet of len 52! Bypassing to pcb->recv ===
[SEDP-RACE-RUN35] host_utc=2026-09-28T09:04:24.896+00:00 host_mono_ns=2345284086372895 
[SEDP-RACE-RUN35] host_utc=2026-09-28T09:04:24.896+00:00 host_mono_ns=2345284086379206 === DEBUG [lwip-posix]: udp_sendto called! Bypassing to POSIX sendto ===
[SEDP-RACE-RUN35] host_utc=2026-09-28T09:04:24.896+00:00 host_mono_ns=2345284086389396 
[SEDP-RACE-RUN35] host_utc=2026-09-28T09:04:24.896+00:00 host_mono_ns=2345284086394465 === DEBUG [lwip-posix]: recvfrom received packet of len 52! Bypassing to pcb->recv ===
[SEDP-RACE-RUN35] host_utc=2026-09-28T09:04:24.896+00:00 host_mono_ns=2345284086398954 
[SEDP-RACE-RUN35] host_utc=2026-09-28T09:04:24.896+00:00 host_mono_ns=2345284086403172 === DEBUG [lwip-posix]: udp_sendto called! Bypassing to POSIX sendto ===
[SEDP-RACE-RUN35] host_utc=2026-09-28T09:04:24.896+00:00 host_mono_ns=2345284086553877 
[SEDP-RACE-RUN35] host_utc=2026-09-28T09:04:24.896+00:00 host_mono_ns=2345284086565629 === DEBUG [lwip-posix]: recvfrom received packet of len 52! Bypassing to pcb->recv ===
[SEDP-RACE-RUN35] host_utc=2026-09-28T09:04:24.896+00:00 host_mono_ns=2345284086572812 
[SEDP-RACE-RUN35] host_utc=2026-09-28T09:04:24.896+00:00 host_mono_ns=2345284086578984 === DEBUG [lwip-posix]: udp_sendto called! Bypassing to POSIX sendto ===
[SEDP-RACE-RUN35] host_utc=2026-09-28T09:04:24.896+00:00 host_mono_ns=2345284086690164 
[SEDP-RACE-RUN35] host_utc=2026-09-28T09:04:24.896+00:00 host_mono_ns=2345284086698319 === DEBUG [lwip-posix]: recvfrom received packet of len 52! Bypassing to pcb->recv ===
[SEDP-RACE-RUN35] host_utc=2026-09-28T09:04:24.896+00:00 host_mono_ns=2345284086704872 
[SEDP-RACE-RUN35] host_utc=2026-09-28T09:04:24.896+00:00 host_mono_ns=2345284086710893 === DEBUG [lwip-posix]: udp_sendto called! Bypassing to POSIX sendto ===
[SEDP-RACE-RUN35] host_utc=2026-09-28T09:04:24.896+00:00 host_mono_ns=2345284086895342 
[SEDP-RACE-RUN35] host_utc=2026-09-28T09:04:24.896+00:00 host_mono_ns=2345284086917924 === DEBUG [lwip-posix]: recvfrom received packet of len 52! Bypassing to pcb->recv ===
[SEDP-RACE-RUN35] host_utc=2026-09-28T09:04:24.896+00:00 host_mono_ns=2345284086933083 
[SEDP-RACE-RUN35] host_utc=2026-09-28T09:04:24.896+00:00 host_mono_ns=2345284086946518 === DEBUG [lwip-posix]: udp_sendto called! Bypassing to POSIX sendto ===
[SEDP-RACE-RUN35] host_utc=2026-09-28T09:04:24.896+00:00 host_mono_ns=2345284087091462 
[SEDP-RACE-RUN35] host_utc=2026-09-28T09:04:24.896+00:00 host_mono_ns=2345284087116780 === DEBUG [lwip-posix]: recvfrom received packet of len 52! Bypassing to pcb->recv ===
[SEDP-RACE-RUN35] host_utc=2026-09-28T09:04:24.896+00:00 host_mono_ns=2345284087131658 
[SEDP-RACE-RUN35] host_utc=2026-09-28T09:04:24.896+00:00 host_mono_ns=2345284087144522 === DEBUG [lwip-posix]: udp_sendto called! Bypassing to POSIX sendto ===
[SEDP-RACE-RUN35] host_utc=2026-09-28T09:04:24.897+00:00 host_mono_ns=2345284087179238 
[SEDP-RACE-RUN35] host_utc=2026-09-28T09:04:24.897+00:00 host_mono_ns=2345284087188806 === DEBUG [lwip-posix]: recvfrom received packet of len 52! Bypassing to pcb->recv ===
[SEDP-RACE-RUN35] host_utc=2026-09-28T09:04:24.897+00:00 host_mono_ns=2345284087197823 
[SEDP-RACE-RUN35] host_utc=2026-09-28T09:04:24.897+00:00 host_mono_ns=2345284087206409 === DEBUG [lwip-posix]: udp_sendto called! Bypassing to POSIX sendto ===
[SEDP-RACE-RUN35] host_utc=2026-09-28T09:04:24.897+00:00 host_mono_ns=2345284087482100 
[SEDP-RACE-RUN35] host_utc=2026-09-28T09:04:24.897+00:00 host_mono_ns=2345284087501407 === DEBUG [lwip-posix]: recvfrom received packet of len 52! Bypassing to pcb->recv ===
[SEDP-RACE-RUN35] host_utc=2026-09-28T09:04:24.897+00:00 host_mono_ns=2345284087520413 
[SEDP-RACE-RUN35] host_utc=2026-09-28T09:04:24.897+00:00 host_mono_ns=2345284087529430 === DEBUG [lwip-posix]: udp_sendto called! Bypassing to POSIX sendto ===
[SEDP-RACE-RUN35] host_utc=2026-09-28T09:04:24.897+00:00 host_mono_ns=2345284087586938 
[SEDP-RACE-RUN35] host_utc=2026-09-28T09:04:24.897+00:00 host_mono_ns=2345284087618859 === DEBUG [lwip-posix]: recvfrom received packet of len 52! Bypassing to pcb->recv ===
[SEDP-RACE-RUN35] host_utc=2026-09-28T09:04:24.897+00:00 host_mono_ns=2345284087633085 
[SEDP-RACE-RUN35] host_utc=2026-09-28T09:04:24.897+00:00 host_mono_ns=2345284087642934 === DEBUG [lwip-posix]: udp_sendto called! Bypassing to POSIX sendto ===
[SEDP-RACE-RUN35] host_utc=2026-09-28T09:04:24.897+00:00 host_mono_ns=2345284087657742 
[SEDP-RACE-RUN35] host_utc=2026-09-28T09:04:24.897+00:00 host_mono_ns=2345284087666428 === DEBUG [lwip-posix]: recvfrom received packet of len 52! Bypassing to pcb->recv ===
[SEDP-RACE-RUN35] host_utc=2026-09-28T09:04:24.897+00:00 host_mono_ns=2345284087677980 
[SEDP-RACE-RUN35] host_utc=2026-09-28T09:04:24.897+00:00 host_mono_ns=2345284087689732 === DEBUG [lwip-posix]: udp_sendto called! Bypassing to POSIX sendto ===
[SEDP-RACE-RUN35] host_utc=2026-09-28T09:04:24.897+00:00 host_mono_ns=2345284087706354 
[SEDP-RACE-RUN35] host_utc=2026-09-28T09:04:24.897+00:00 host_mono_ns=2345284087715922 === DEBUG [lwip-posix]: recvfrom received packet of len 52! Bypassing to pcb->recv ===
[SEDP-RACE-RUN35] host_utc=2026-09-28T09:04:24.897+00:00 host_mono_ns=2345284087754976 
[SEDP-RACE-RUN35] host_utc=2026-09-28T09:04:24.897+00:00 host_mono_ns=2345284087763652 === DEBUG [lwip-posix]: udp_sendto called! Bypassing to POSIX sendto ===
[SEDP-RACE-RUN35] host_utc=2026-09-28T09:04:24.897+00:00 host_mono_ns=2345284087908055 
[SEDP-RACE-RUN35] host_utc=2026-09-28T09:04:24.897+00:00 host_mono_ns=2345284087919006 === DEBUG [lwip-posix]: recvfrom received packet of len 52! Bypassing to pcb->recv ===
[SEDP-RACE-RUN35] host_utc=2026-09-28T09:04:24.897+00:00 host_mono_ns=2345284087926590 
[SEDP-RACE-RUN35] host_utc=2026-09-28T09:04:24.897+00:00 host_mono_ns=2345284087933132 === DEBUG [lwip-posix]: udp_sendto called! Bypassing to POSIX sendto ===
[SEDP-RACE-RUN35] host_utc=2026-09-28T09:04:24.897+00:00 host_mono_ns=2345284087939675 
[SEDP-RACE-RUN35] host_utc=2026-09-28T09:04:24.897+00:00 host_mono_ns=2345284087946127 === DEBUG [lwip-posix]: recvfrom received packet of len 52! Bypassing to pcb->recv ===
[SEDP-RACE-RUN35] host_utc=2026-09-28T09:04:24.897+00:00 host_mono_ns=2345284087952669 
[SEDP-RACE-RUN35] host_utc=2026-09-28T09:04:24.897+00:00 host_mono_ns=2345284087958961 === DEBUG [lwip-posix]: udp_sendto called! Bypassing to POSIX sendto ===
[SEDP-RACE-RUN35] host_utc=2026-09-28T09:04:24.898+00:00 host_mono_ns=2345284088183295 
[SEDP-RACE-RUN35] host_utc=2026-09-28T09:04:24.898+00:00 host_mono_ns=2345284088197021 === DEBUG [lwip-posix]: recvfrom received packet of len 52! Bypassing to pcb->recv ===
[SEDP-RACE-RUN35] host_utc=2026-09-28T09:04:24.898+00:00 host_mono_ns=2345284088204124 
[SEDP-RACE-RUN35] host_utc=2026-09-28T09:04:24.898+00:00 host_mono_ns=2345284088210677 === DEBUG [lwip-posix]: recvfrom received packet of len 52! Bypassing to pcb->recv ===
[SEDP-RACE-RUN35] host_utc=2026-09-28T09:04:24.898+00:00 host_mono_ns=2345284088217449 
[SEDP-RACE-RUN35] host_utc=2026-09-28T09:04:24.898+00:00 host_mono_ns=2345284088223852 === DEBUG [lwip-posix]: udp_sendto called! Bypassing to POSIX sendto ===
[SEDP-RACE-RUN35] host_utc=2026-09-28T09:04:24.898+00:00 host_mono_ns=2345284088230374 
[SEDP-RACE-RUN35] host_utc=2026-09-28T09:04:24.898+00:00 host_mono_ns=2345284088236786 === DEBUG [lwip-posix]: udp_sendto called! Bypassing to POSIX sendto ===
[SEDP-RACE-RUN35] host_utc=2026-09-28T09:04:24.898+00:00 host_mono_ns=2345284088303492 
[SEDP-RACE-RUN35] host_utc=2026-09-28T09:04:24.898+00:00 host_mono_ns=2345284088311106 === DEBUG [lwip-posix]: recvfrom received packet of len 52! Bypassing to pcb->recv ===
[SEDP-RACE-RUN35] host_utc=2026-09-28T09:04:24.898+00:00 host_mono_ns=2345284088317869 
[SEDP-RACE-RUN35] host_utc=2026-09-28T09:04:24.898+00:00 host_mono_ns=2345284088324281 === DEBUG [lwip-posix]: udp_sendto called! Bypassing to POSIX sendto ===
[SEDP-RACE-RUN35] host_utc=2026-09-28T09:04:24.898+00:00 host_mono_ns=2345284088497058 
[SEDP-RACE-RUN35] host_utc=2026-09-28T09:04:24.898+00:00 host_mono_ns=2345284088529198 === DEBUG [lwip-posix]: recvfrom received packet of len 52! Bypassing to pcb->recv ===
[SEDP-RACE-RUN35] host_utc=2026-09-28T09:04:24.898+00:00 host_mono_ns=2345284088541071 
[SEDP-RACE-RUN35] host_utc=2026-09-28T09:04:24.898+00:00 host_mono_ns=2345284088550980 === DEBUG [lwip-posix]: udp_sendto called! Bypassing to POSIX sendto ===
[SEDP-RACE-RUN35] host_utc=2026-09-28T09:04:24.898+00:00 host_mono_ns=2345284088586897 
[SEDP-RACE-RUN35] host_utc=2026-09-28T09:04:24.898+00:00 host_mono_ns=2345284088598920 === DEBUG [lwip-posix]: recvfrom received packet of len 52! Bypassing to pcb->recv ===
[SEDP-RACE-RUN35] host_utc=2026-09-28T09:04:24.898+00:00 host_mono_ns=2345284088609360 
[SEDP-RACE-RUN35] host_utc=2026-09-28T09:04:24.898+00:00 host_mono_ns=2345284088619319 === DEBUG [lwip-posix]: udp_sendto called! Bypassing to POSIX sendto ===
[SEDP-RACE-RUN35] host_utc=2026-09-28T09:04:24.898+00:00 host_mono_ns=2345284088701474 
[SEDP-RACE-RUN35] host_utc=2026-09-28T09:04:24.898+00:00 host_mono_ns=2345284088739546 === DEBUG [lwip-posix]: recvfrom received packet of len 52! Bypassing to pcb->recv ===
[SEDP-RACE-RUN35] host_utc=2026-09-28T09:04:24.898+00:00 host_mono_ns=2345284088752260 
[SEDP-RACE-RUN35] host_utc=2026-09-28T09:04:24.898+00:00 host_mono_ns=2345284088762589 === DEBUG [lwip-posix]: udp_sendto called! Bypassing to POSIX sendto ===
[SEDP-RACE-RUN35] host_utc=2026-09-28T09:04:24.898+00:00 host_mono_ns=2345284088780854 
[SEDP-RACE-RUN35] host_utc=2026-09-28T09:04:24.898+00:00 host_mono_ns=2345284088794941 === DEBUG [lwip-posix]: recvfrom received packet of len 52! Bypassing to pcb->recv ===
[SEDP-RACE-RUN35] host_utc=2026-09-28T09:04:24.898+00:00 host_mono_ns=2345284088805711 
[SEDP-RACE-RUN35] host_utc=2026-09-28T09:04:24.898+00:00 host_mono_ns=2345284088815369 === DEBUG [lwip-posix]: udp_sendto called! Bypassing to POSIX sendto ===
[SEDP-RACE-RUN35] host_utc=2026-09-28T09:04:24.898+00:00 host_mono_ns=2345284088936688 
[SEDP-RACE-RUN35] host_utc=2026-09-28T09:04:24.898+00:00 host_mono_ns=2345284088950164 === DEBUG [lwip-posix]: recvfrom received packet of len 52! Bypassing to pcb->recv ===
[SEDP-RACE-RUN35] host_utc=2026-09-28T09:04:24.898+00:00 host_mono_ns=2345284088960704 
[SEDP-RACE-RUN35] host_utc=2026-09-28T09:04:24.898+00:00 host_mono_ns=2345284088970642 === DEBUG [lwip-posix]: udp_sendto called! Bypassing to POSIX sendto ===
[SEDP-RACE-RUN35] host_utc=2026-09-28T09:04:24.898+00:00 host_mono_ns=2345284088980942 
[SEDP-RACE-RUN35] host_utc=2026-09-28T09:04:24.898+00:00 host_mono_ns=2345284088994357 === DEBUG [lwip-posix]: recvfrom received packet of len 52! Bypassing to pcb->recv ===
[SEDP-RACE-RUN35] host_utc=2026-09-28T09:04:24.898+00:00 host_mono_ns=2345284089031407 
[SEDP-RACE-RUN35] host_utc=2026-09-28T09:04:24.898+00:00 host_mono_ns=2345284089044131 === DEBUG [lwip-posix]: udp_sendto called! Bypassing to POSIX sendto ===
[SEDP-RACE-RUN35] host_utc=2026-09-28T09:04:24.899+00:00 host_mono_ns=2345284089236445 
[SEDP-RACE-RUN35] host_utc=2026-09-28T09:04:24.899+00:00 host_mono_ns=2345284089247836 === DEBUG [lwip-posix]: recvfrom received packet of len 52! Bypassing to pcb->recv ===
[SEDP-RACE-RUN35] host_utc=2026-09-28T09:04:24.899+00:00 host_mono_ns=2345284089254940 
[SEDP-RACE-RUN35] host_utc=2026-09-28T09:04:24.899+00:00 host_mono_ns=2345284089261201 === DEBUG [lwip-posix]: udp_sendto called! Bypassing to POSIX sendto ===
[SEDP-RACE-RUN35] host_utc=2026-09-28T09:04:24.899+00:00 host_mono_ns=2345284089341363 
[SEDP-RACE-RUN35] host_utc=2026-09-28T09:04:24.899+00:00 host_mono_ns=2345284089349959 === DEBUG [lwip-posix]: recvfrom received packet of len 52! Bypassing to pcb->recv ===
[SEDP-RACE-RUN35] host_utc=2026-09-28T09:04:24.899+00:00 host_mono_ns=2345284089356582 
[SEDP-RACE-RUN35] host_utc=2026-09-28T09:04:24.899+00:00 host_mono_ns=2345284089361631 === DEBUG [lwip-posix]: udp_sendto called! Bypassing to POSIX sendto ===
[SEDP-RACE-RUN35] host_utc=2026-09-28T09:04:24.899+00:00 host_mono_ns=2345284089489934 
[SEDP-RACE-RUN35] host_utc=2026-09-28T09:04:24.899+00:00 host_mono_ns=2345284089506415 === DEBUG [lwip-posix]: recvfrom received packet of len 52! Bypassing to pcb->recv ===
[SEDP-RACE-RUN35] host_utc=2026-09-28T09:04:24.899+00:00 host_mono_ns=2345284089513268 
[SEDP-RACE-RUN35] host_utc=2026-09-28T09:04:24.899+00:00 host_mono_ns=2345284089519489 === DEBUG [lwip-posix]: udp_sendto called! Bypassing to POSIX sendto ===
[SEDP-RACE-RUN35] host_utc=2026-09-28T09:04:24.899+00:00 host_mono_ns=2345284089603047 
[SEDP-RACE-RUN35] host_utc=2026-09-28T09:04:24.899+00:00 host_mono_ns=2345284089610862 === DEBUG [lwip-posix]: recvfrom received packet of len 52! Bypassing to pcb->recv ===
[SEDP-RACE-RUN35] host_utc=2026-09-28T09:04:24.899+00:00 host_mono_ns=2345284089617284 
[SEDP-RACE-RUN35] host_utc=2026-09-28T09:04:24.899+00:00 host_mono_ns=2345284089623356 === DEBUG [lwip-posix]: udp_sendto called! Bypassing to POSIX sendto ===
[SEDP-RACE-RUN35] host_utc=2026-09-28T09:04:24.899+00:00 host_mono_ns=2345284089629497 
[SEDP-RACE-RUN35] host_utc=2026-09-28T09:04:24.899+00:00 host_mono_ns=2345284089635699 === DEBUG [lwip-posix]: recvfrom received packet of len 52! Bypassing to pcb->recv ===
[SEDP-RACE-RUN35] host_utc=2026-09-28T09:04:24.899+00:00 host_mono_ns=2345284089645027 
[SEDP-RACE-RUN35] host_utc=2026-09-28T09:04:24.899+00:00 host_mono_ns=2345284089651509 === DEBUG [lwip-posix]: udp_sendto called! Bypassing to POSIX sendto ===
[SEDP-RACE-RUN35] host_utc=2026-09-28T09:04:24.899+00:00 host_mono_ns=2345284089791503 
[SEDP-RACE-RUN35] host_utc=2026-09-28T09:04:24.899+00:00 host_mono_ns=2345284089797885 === DEBUG [lwip-posix]: recvfrom received packet of len 52! Bypassing to pcb->recv ===
[SEDP-RACE-RUN35] host_utc=2026-09-28T09:04:24.899+00:00 host_mono_ns=2345284089802715 
[SEDP-RACE-RUN35] host_utc=2026-09-28T09:04:24.899+00:00 host_mono_ns=2345284089807133 === DEBUG [lwip-posix]: udp_sendto called! Bypassing to POSIX sendto ===
[SEDP-RACE-RUN35] host_utc=2026-09-28T09:04:24.899+00:00 host_mono_ns=2345284090038750 
[SEDP-RACE-RUN35] host_utc=2026-09-28T09:04:24.899+00:00 host_mono_ns=2345284090059780 === DEBUG [lwip-posix]: recvfrom received packet of len 52! Bypassing to pcb->recv ===
[SEDP-RACE-RUN35] host_utc=2026-09-28T09:04:24.899+00:00 host_mono_ns=2345284090067936 
[SEDP-RACE-RUN35] host_utc=2026-09-28T09:04:24.899+00:00 host_mono_ns=2345284090074618 === DEBUG [lwip-posix]: udp_sendto called! Bypassing to POSIX sendto ===
[SEDP-RACE-RUN35] host_utc=2026-09-28T09:04:24.899+00:00 host_mono_ns=2345284090086421 
[SEDP-RACE-RUN35] host_utc=2026-09-28T09:04:24.899+00:00 host_mono_ns=2345284090093213 === DEBUG [lwip-posix]: recvfrom received packet of len 52! Bypassing to pcb->recv ===
[SEDP-RACE-RUN35] host_utc=2026-09-28T09:04:24.899+00:00 host_mono_ns=2345284090099756 
[SEDP-RACE-RUN35] host_utc=2026-09-28T09:04:24.899+00:00 host_mono_ns=2345284090106158 === DEBUG [lwip-posix]: udp_sendto called! Bypassing to POSIX sendto ===
[SEDP-RACE-RUN35] host_utc=2026-09-28T09:04:24.900+00:00 host_mono_ns=2345284090386928 
[SEDP-RACE-RUN35] host_utc=2026-09-28T09:04:24.900+00:00 host_mono_ns=2345284090403299 === DEBUG [lwip-posix]: recvfrom received packet of len 52! Bypassing to pcb->recv ===
[SEDP-RACE-RUN35] host_utc=2026-09-28T09:04:24.900+00:00 host_mono_ns=2345284090413849 
[SEDP-RACE-RUN35] host_utc=2026-09-28T09:04:24.900+00:00 host_mono_ns=2345284090423968 === DEBUG [lwip-posix]: udp_sendto called! Bypassing to POSIX sendto ===
[SEDP-RACE-RUN35] host_utc=2026-09-28T09:04:24.900+00:00 host_mono_ns=2345284090434378 
[SEDP-RACE-RUN35] host_utc=2026-09-28T09:04:24.900+00:00 host_mono_ns=2345284090444297 === DEBUG [lwip-posix]: recvfrom received packet of len 52! Bypassing to pcb->recv ===
[SEDP-RACE-RUN35] host_utc=2026-09-28T09:04:24.900+00:00 host_mono_ns=2345284090454536 
[SEDP-RACE-RUN35] host_utc=2026-09-28T09:04:24.900+00:00 host_mono_ns=2345284090464134 === DEBUG [lwip-posix]: udp_sendto called! Bypassing to POSIX sendto ===
[SEDP-RACE-RUN35] host_utc=2026-09-28T09:04:24.900+00:00 host_mono_ns=2345284090494071 
[SEDP-RACE-RUN35] host_utc=2026-09-28T09:04:24.900+00:00 host_mono_ns=2345284090515391 === DEBUG [lwip-posix]: recvfrom received packet of len 52! Bypassing to pcb->recv ===
[SEDP-RACE-RUN35] host_utc=2026-09-28T09:04:24.900+00:00 host_mono_ns=2345284090525731 
[SEDP-RACE-RUN35] host_utc=2026-09-28T09:04:24.900+00:00 host_mono_ns=2345284090535549 === DEBUG [lwip-posix]: udp_sendto called! Bypassing to POSIX sendto ===
[SEDP-RACE-RUN35] host_utc=2026-09-28T09:04:24.900+00:00 host_mono_ns=2345284090551609 
[SEDP-RACE-RUN35] host_utc=2026-09-28T09:04:24.900+00:00 host_mono_ns=2345284090562240 === DEBUG [lwip-posix]: recvfrom received packet of len 52! Bypassing to pcb->recv ===
[SEDP-RACE-RUN35] host_utc=2026-09-28T09:04:24.900+00:00 host_mono_ns=2345284090576987 
[SEDP-RACE-RUN35] host_utc=2026-09-28T09:04:24.900+00:00 host_mono_ns=2345284090587367 === DEBUG [lwip-posix]: udp_sendto called! Bypassing to POSIX sendto ===
[SEDP-RACE-RUN35] host_utc=2026-09-28T09:04:24.900+00:00 host_mono_ns=2345284090811100 
[SEDP-RACE-RUN35] host_utc=2026-09-28T09:04:24.900+00:00 host_mono_ns=2345284090820307 === DEBUG [lwip-posix]: recvfrom received packet of len 52! Bypassing to pcb->recv ===
[SEDP-RACE-RUN35] host_utc=2026-09-28T09:04:24.900+00:00 host_mono_ns=2345284090829164 
[SEDP-RACE-RUN35] host_utc=2026-09-28T09:04:24.900+00:00 host_mono_ns=2345284090833913 === DEBUG [lwip-posix]: udp_sendto called! Bypassing to POSIX sendto ===
[SEDP-RACE-RUN35] host_utc=2026-09-28T09:04:24.900+00:00 host_mono_ns=2345284090884328 
[SEDP-RACE-RUN35] host_utc=2026-09-28T09:04:24.900+00:00 host_mono_ns=2345284090889848 === DEBUG [lwip-posix]: recvfrom received packet of len 52! Bypassing to pcb->recv ===
[SEDP-RACE-RUN35] host_utc=2026-09-28T09:04:24.900+00:00 host_mono_ns=2345284090894467 
[SEDP-RACE-RUN35] host_utc=2026-09-28T09:04:24.900+00:00 host_mono_ns=2345284090898855 === DEBUG [lwip-posix]: udp_sendto called! Bypassing to POSIX sendto ===
[SEDP-RACE-RUN35] host_utc=2026-09-28T09:04:24.900+00:00 host_mono_ns=2345284090984387 
[SEDP-RACE-RUN35] host_utc=2026-09-28T09:04:24.900+00:00 host_mono_ns=2345284090992923 === DEBUG [lwip-posix]: recvfrom received packet of len 52! Bypassing to pcb->recv ===
[SEDP-RACE-RUN35] host_utc=2026-09-28T09:04:24.900+00:00 host_mono_ns=2345284091062595 
[SEDP-RACE-RUN35] host_utc=2026-09-28T09:04:24.900+00:00 host_mono_ns=2345284091089916 === DEBUG [lwip-posix]: udp_sendto called! Bypassing to POSIX sendto ===
[SEDP-RACE-RUN35] host_utc=2026-09-28T09:04:24.900+00:00 host_mono_ns=2345284091128960 
[SEDP-RACE-RUN35] host_utc=2026-09-28T09:04:24.900+00:00 host_mono_ns=2345284091137937 === DEBUG [lwip-posix]: recvfrom received packet of len 52! Bypassing to pcb->recv ===
[SEDP-RACE-RUN35] host_utc=2026-09-28T09:04:24.900+00:00 host_mono_ns=2345284091144530 
[SEDP-RACE-RUN35] host_utc=2026-09-28T09:04:24.900+00:00 host_mono_ns=2345284091150601 === DEBUG [lwip-posix]: udp_sendto called! Bypassing to POSIX sendto ===
[SEDP-RACE-RUN35] host_utc=2026-09-28T09:04:24.901+00:00 host_mono_ns=2345284091227667 
[SEDP-RACE-RUN35] host_utc=2026-09-28T09:04:24.901+00:00 host_mono_ns=2345284091234169 === DEBUG [lwip-posix]: recvfrom received packet of len 52! Bypassing to pcb->recv ===
[SEDP-RACE-RUN35] host_utc=2026-09-28T09:04:24.901+00:00 host_mono_ns=2345284091238968 
[SEDP-RACE-RUN35] host_utc=2026-09-28T09:04:24.901+00:00 host_mono_ns=2345284091243406 === DEBUG [lwip-posix]: udp_sendto called! Bypassing to POSIX sendto ===
[SEDP-RACE-RUN35] host_utc=2026-09-28T09:04:24.901+00:00 host_mono_ns=2345284091432574 
[SEDP-RACE-RUN35] host_utc=2026-09-28T09:04:24.901+00:00 host_mono_ns=2345284091441821 === DEBUG [lwip-posix]: recvfrom received packet of len 52! Bypassing to pcb->recv ===
[SEDP-RACE-RUN35] host_utc=2026-09-28T09:04:24.901+00:00 host_mono_ns=2345284091448504 
[SEDP-RACE-RUN35] host_utc=2026-09-28T09:04:24.901+00:00 host_mono_ns=2345284091454635 === DEBUG [lwip-posix]: udp_sendto called! Bypassing to POSIX sendto ===
[SEDP-RACE-RUN35] host_utc=2026-09-28T09:04:24.901+00:00 host_mono_ns=2345284091460847 
[SEDP-RACE-RUN35] host_utc=2026-09-28T09:04:24.901+00:00 host_mono_ns=2345284091469894 === DEBUG [lwip-posix]: recvfrom received packet of len 52! Bypassing to pcb->recv ===
[SEDP-RACE-RUN35] host_utc=2026-09-28T09:04:24.901+00:00 host_mono_ns=2345284091487748 
[SEDP-RACE-RUN35] host_utc=2026-09-28T09:04:24.901+00:00 host_mono_ns=2345284091494531 === DEBUG [lwip-posix]: udp_sendto called! Bypassing to POSIX sendto ===
[SEDP-RACE-RUN35] host_utc=2026-09-28T09:04:24.901+00:00 host_mono_ns=2345284091710368 
[SEDP-RACE-RUN35] host_utc=2026-09-28T09:04:24.901+00:00 host_mono_ns=2345284091734374 === DEBUG [lwip-posix]: recvfrom received packet of len 52! Bypassing to pcb->recv ===
[SEDP-RACE-RUN35] host_utc=2026-09-28T09:04:24.901+00:00 host_mono_ns=2345284091747759 
[SEDP-RACE-RUN35] host_utc=2026-09-28T09:04:24.901+00:00 host_mono_ns=2345284091759241 === DEBUG [lwip-posix]: udp_sendto called! Bypassing to POSIX sendto ===
[SEDP-RACE-RUN35] host_utc=2026-09-28T09:04:24.901+00:00 host_mono_ns=2345284091768388 
[SEDP-RACE-RUN35] host_utc=2026-09-28T09:04:24.901+00:00 host_mono_ns=2345284091777014 === DEBUG [lwip-posix]: recvfrom received packet of len 52! Bypassing to pcb->recv ===
[SEDP-RACE-RUN35] host_utc=2026-09-28T09:04:24.901+00:00 host_mono_ns=2345284091809816 
[SEDP-RACE-RUN35] host_utc=2026-09-28T09:04:24.901+00:00 host_mono_ns=2345284091818683 === DEBUG [lwip-posix]: udp_sendto called! Bypassing to POSIX sendto ===
[SEDP-RACE-RUN35] host_utc=2026-09-28T09:04:24.901+00:00 host_mono_ns=2345284092113911 
[SEDP-RACE-RUN35] host_utc=2026-09-28T09:04:24.901+00:00 host_mono_ns=2345284092122286 === DEBUG [lwip-posix]: recvfrom received packet of len 52! Bypassing to pcb->recv ===
[SEDP-RACE-RUN35] host_utc=2026-09-28T09:04:24.901+00:00 host_mono_ns=2345284092127086 
[SEDP-RACE-RUN35] host_utc=2026-09-28T09:04:24.901+00:00 host_mono_ns=2345284092131534 === DEBUG [lwip-posix]: udp_sendto called! Bypassing to POSIX sendto ===
[SEDP-RACE-RUN35] host_utc=2026-09-28T09:04:24.901+00:00 host_mono_ns=2345284092136042 
[SEDP-RACE-RUN35] host_utc=2026-09-28T09:04:24.901+00:00 host_mono_ns=2345284092140351 === DEBUG [lwip-posix]: recvfrom received packet of len 52! Bypassing to pcb->recv ===
[SEDP-RACE-RUN35] host_utc=2026-09-28T09:04:24.901+00:00 host_mono_ns=2345284092144739 
[SEDP-RACE-RUN35] host_utc=2026-09-28T09:04:24.901+00:00 host_mono_ns=2345284092149077 === DEBUG [lwip-posix]: udp_sendto called! Bypassing to POSIX sendto ===
[SEDP-RACE-RUN35] host_utc=2026-09-28T09:04:24.902+00:00 host_mono_ns=2345284092292107 
[SEDP-RACE-RUN35] host_utc=2026-09-28T09:04:24.902+00:00 host_mono_ns=2345284092297047 === DEBUG [lwip-posix]: recvfrom received packet of len 52! Bypassing to pcb->recv ===
[SEDP-RACE-RUN35] host_utc=2026-09-28T09:04:24.902+00:00 host_mono_ns=2345284092327394 
[SEDP-RACE-RUN35] host_utc=2026-09-28T09:04:24.902+00:00 host_mono_ns=2345284092334207 === DEBUG [lwip-posix]: recvfrom received packet of len 52! Bypassing to pcb->recv ===
[SEDP-RACE-RUN35] host_utc=2026-09-28T09:04:24.902+00:00 host_mono_ns=2345284092340489 
[SEDP-RACE-RUN35] host_utc=2026-09-28T09:04:24.902+00:00 host_mono_ns=2345284092346520 === DEBUG [lwip-posix]: udp_sendto called! Bypassing to POSIX sendto ===
[SEDP-RACE-RUN35] host_utc=2026-09-28T09:04:24.902+00:00 host_mono_ns=2345284092356048 
[SEDP-RACE-RUN35] host_utc=2026-09-28T09:04:24.902+00:00 host_mono_ns=2345284092362450 === DEBUG [lwip-posix]: udp_sendto called! Bypassing to POSIX sendto ===
[SEDP-RACE-RUN35] host_utc=2026-09-28T09:04:24.902+00:00 host_mono_ns=2345284092916868 
[SEDP-RACE-RUN35] host_utc=2026-09-28T09:04:24.902+00:00 host_mono_ns=2345284092927778 === DEBUG [lwip-posix]: recvfrom received packet of len 52! Bypassing to pcb->recv ===
[SEDP-RACE-RUN35] host_utc=2026-09-28T09:04:24.902+00:00 host_mono_ns=2345284092934822 
[SEDP-RACE-RUN35] host_utc=2026-09-28T09:04:24.902+00:00 host_mono_ns=2345284092941093 === DEBUG [lwip-posix]: udp_sendto called! Bypassing to POSIX sendto ===
[SEDP-RACE-RUN35] host_utc=2026-09-28T09:04:24.902+00:00 host_mono_ns=2345284092947345 
[SEDP-RACE-RUN35] host_utc=2026-09-28T09:04:24.902+00:00 host_mono_ns=2345284092953327 === DEBUG [lwip-posix]: recvfrom received packet of len 52! Bypassing to pcb->recv ===
[SEDP-RACE-RUN35] host_utc=2026-09-28T09:04:24.902+00:00 host_mono_ns=2345284092969707 
[SEDP-RACE-RUN35] host_utc=2026-09-28T09:04:24.902+00:00 host_mono_ns=2345284092976039 === DEBUG [lwip-posix]: udp_sendto called! Bypassing to POSIX sendto ===
[SEDP-RACE-RUN35] host_utc=2026-09-28T09:04:24.902+00:00 host_mono_ns=2345284092982401 
[SEDP-RACE-RUN35] host_utc=2026-09-28T09:04:24.902+00:00 host_mono_ns=2345284092988543 === DEBUG [lwip-posix]: recvfrom received packet of len 52! Bypassing to pcb->recv ===
[SEDP-RACE-RUN35] host_utc=2026-09-28T09:04:24.902+00:00 host_mono_ns=2345284092994965 
[SEDP-RACE-RUN35] host_utc=2026-09-28T09:04:24.902+00:00 host_mono_ns=2345284093005475 === DEBUG [lwip-posix]: udp_sendto called! Bypassing to POSIX sendto ===
[SEDP-RACE-RUN35] host_utc=2026-09-28T09:04:24.902+00:00 host_mono_ns=2345284093015464 
[SEDP-RACE-RUN35] host_utc=2026-09-28T09:04:24.902+00:00 host_mono_ns=2345284093022036 === DEBUG [lwip-posix]: recvfrom received packet of len 52! Bypassing to pcb->recv ===
[SEDP-RACE-RUN35] host_utc=2026-09-28T09:04:24.902+00:00 host_mono_ns=2345284093028458 
[SEDP-RACE-RUN35] host_utc=2026-09-28T09:04:24.902+00:00 host_mono_ns=2345284093034580 === DEBUG [lwip-posix]: udp_sendto called! Bypassing to POSIX sendto ===
[SEDP-RACE-RUN35] host_utc=2026-09-28T09:04:24.902+00:00 host_mono_ns=2345284093172761 
[SEDP-RACE-RUN35] host_utc=2026-09-28T09:04:24.903+00:00 host_mono_ns=2345284093190424 === DEBUG [lwip-posix]: recvfrom received packet of len 52! Bypassing to pcb->recv ===
[SEDP-RACE-RUN35] host_utc=2026-09-28T09:04:24.903+00:00 host_mono_ns=2345284093227304 
[SEDP-RACE-RUN35] host_utc=2026-09-28T09:04:24.903+00:00 host_mono_ns=2345284093239086 === DEBUG [lwip-posix]: udp_sendto called! Bypassing to POSIX sendto ===
[SEDP-RACE-RUN35] host_utc=2026-09-28T09:04:24.903+00:00 host_mono_ns=2345284093246140 
[SEDP-RACE-RUN35] host_utc=2026-09-28T09:04:24.903+00:00 host_mono_ns=2345284093252251 === DEBUG [lwip-posix]: recvfrom received packet of len 52! Bypassing to pcb->recv ===
[SEDP-RACE-RUN35] host_utc=2026-09-28T09:04:24.903+00:00 host_mono_ns=2345284093259014 
[SEDP-RACE-RUN35] host_utc=2026-09-28T09:04:24.903+00:00 host_mono_ns=2345284093265186 === DEBUG [lwip-posix]: udp_sendto called! Bypassing to POSIX sendto ===
[SEDP-RACE-RUN35] host_utc=2026-09-28T09:04:24.903+00:00 host_mono_ns=2345284093426220 
[SEDP-RACE-RUN35] host_utc=2026-09-28T09:04:24.903+00:00 host_mono_ns=2345284093435718 === DEBUG [lwip-posix]: recvfrom received packet of len 52! Bypassing to pcb->recv ===
[SEDP-RACE-RUN35] host_utc=2026-09-28T09:04:24.903+00:00 host_mono_ns=2345284093442731 
[SEDP-RACE-RUN35] host_utc=2026-09-28T09:04:24.903+00:00 host_mono_ns=2345284093448793 === DEBUG [lwip-posix]: udp_sendto called! Bypassing to POSIX sendto ===
[SEDP-RACE-RUN35] host_utc=2026-09-28T09:04:24.903+00:00 host_mono_ns=2345284093563209 
[SEDP-RACE-RUN35] host_utc=2026-09-28T09:04:24.903+00:00 host_mono_ns=2345284093572476 === DEBUG [lwip-posix]: recvfrom received packet of len 52! Bypassing to pcb->recv ===
[SEDP-RACE-RUN35] host_utc=2026-09-28T09:04:24.903+00:00 host_mono_ns=2345284093579369 
[SEDP-RACE-RUN35] host_utc=2026-09-28T09:04:24.903+00:00 host_mono_ns=2345284093585561 === DEBUG [lwip-posix]: udp_sendto called! Bypassing to POSIX sendto ===
[SEDP-RACE-RUN35] host_utc=2026-09-28T09:04:24.903+00:00 host_mono_ns=2345284093708203 
[SEDP-RACE-RUN35] host_utc=2026-09-28T09:04:24.903+00:00 host_mono_ns=2345284093723071 === DEBUG [lwip-posix]: recvfrom received packet of len 52! Bypassing to pcb->recv ===
[SEDP-RACE-RUN35] host_utc=2026-09-28T09:04:24.903+00:00 host_mono_ns=2345284093730986 
[SEDP-RACE-RUN35] host_utc=2026-09-28T09:04:24.903+00:00 host_mono_ns=2345284093738370 === DEBUG [lwip-posix]: udp_sendto called! Bypassing to POSIX sendto ===
[SEDP-RACE-RUN35] host_utc=2026-09-28T09:04:24.903+00:00 host_mono_ns=2345284093864308 
[SEDP-RACE-RUN35] host_utc=2026-09-28T09:04:24.903+00:00 host_mono_ns=2345284093875288 === DEBUG [lwip-posix]: recvfrom received packet of len 52! Bypassing to pcb->recv ===
[SEDP-RACE-RUN35] host_utc=2026-09-28T09:04:24.903+00:00 host_mono_ns=2345284093890728 
[SEDP-RACE-RUN35] host_utc=2026-09-28T09:04:24.903+00:00 host_mono_ns=2345284093897530 === DEBUG [lwip-posix]: udp_sendto called! Bypassing to POSIX sendto ===
[SEDP-RACE-RUN35] host_utc=2026-09-28T09:04:24.903+00:00 host_mono_ns=2345284093929120 
[SEDP-RACE-RUN35] host_utc=2026-09-28T09:04:24.903+00:00 host_mono_ns=2345284093938859 === DEBUG [lwip-posix]: recvfrom received packet of len 52! Bypassing to pcb->recv ===
[SEDP-RACE-RUN35] host_utc=2026-09-28T09:04:24.903+00:00 host_mono_ns=2345284093944850 
[SEDP-RACE-RUN35] host_utc=2026-09-28T09:04:24.903+00:00 host_mono_ns=2345284093951001 === DEBUG [lwip-posix]: udp_sendto called! Bypassing to POSIX sendto ===
[SEDP-RACE-RUN35] host_utc=2026-09-28T09:04:24.904+00:00 host_mono_ns=2345284094277238 
[SEDP-RACE-RUN35] host_utc=2026-09-28T09:04:24.904+00:00 host_mono_ns=2345284094291956 === DEBUG [lwip-posix]: recvfrom received packet of len 52! Bypassing to pcb->recv ===
[SEDP-RACE-RUN35] host_utc=2026-09-28T09:04:24.904+00:00 host_mono_ns=2345284094299340 
[SEDP-RACE-RUN35] host_utc=2026-09-28T09:04:24.904+00:00 host_mono_ns=2345284094305792 === DEBUG [lwip-posix]: udp_sendto called! Bypassing to POSIX sendto ===
[SEDP-RACE-RUN35] host_utc=2026-09-28T09:04:24.904+00:00 host_mono_ns=2345284094503014 
[SEDP-RACE-RUN35] host_utc=2026-09-28T09:04:24.904+00:00 host_mono_ns=2345284094513965 === DEBUG [lwip-posix]: recvfrom received packet of len 52! Bypassing to pcb->recv ===
[SEDP-RACE-RUN35] host_utc=2026-09-28T09:04:24.904+00:00 host_mono_ns=2345284094520918 
[SEDP-RACE-RUN35] host_utc=2026-09-28T09:04:24.904+00:00 host_mono_ns=2345284094527200 === DEBUG [lwip-posix]: udp_sendto called! Bypassing to POSIX sendto ===
[SEDP-RACE-RUN35] host_utc=2026-09-28T09:04:24.904+00:00 host_mono_ns=2345284094533612 
[SEDP-RACE-RUN35] host_utc=2026-09-28T09:04:24.904+00:00 host_mono_ns=2345284094539744 === DEBUG [lwip-posix]: recvfrom received packet of len 52! Bypassing to pcb->recv ===
[SEDP-RACE-RUN35] host_utc=2026-09-28T09:04:24.904+00:00 host_mono_ns=2345284094544483 
[SEDP-RACE-RUN35] host_utc=2026-09-28T09:04:24.904+00:00 host_mono_ns=2345284094548841 === DEBUG [lwip-posix]: udp_sendto called! Bypassing to POSIX sendto ===
[SEDP-RACE-RUN35] host_utc=2026-09-28T09:04:24.904+00:00 host_mono_ns=2345284094600408 
[SEDP-RACE-RUN35] host_utc=2026-09-28T09:04:24.904+00:00 host_mono_ns=2345284094618122 === DEBUG [lwip-posix]: recvfrom received packet of len 52! Bypassing to pcb->recv ===
[SEDP-RACE-RUN35] host_utc=2026-09-28T09:04:24.904+00:00 host_mono_ns=2345284094629052 
[SEDP-RACE-RUN35] host_utc=2026-09-28T09:04:24.904+00:00 host_mono_ns=2345284094641967 === DEBUG [lwip-posix]: udp_sendto called! Bypassing to POSIX sendto ===
[SEDP-RACE-RUN35] host_utc=2026-09-28T09:04:24.904+00:00 host_mono_ns=2345284094999152 
[SEDP-RACE-RUN35] host_utc=2026-09-28T09:04:24.904+00:00 host_mono_ns=2345284095020031 === DEBUG [lwip-posix]: recvfrom received packet of len 52! Bypassing to pcb->recv ===
[SEDP-RACE-RUN35] host_utc=2026-09-28T09:04:24.904+00:00 host_mono_ns=2345284095028457 
[SEDP-RACE-RUN35] host_utc=2026-09-28T09:04:24.904+00:00 host_mono_ns=2345284095035581 === DEBUG [lwip-posix]: udp_sendto called! Bypassing to POSIX sendto ===
[SEDP-RACE-RUN35] host_utc=2026-09-28T09:04:24.904+00:00 host_mono_ns=2345284095047062 
[SEDP-RACE-RUN35] host_utc=2026-09-28T09:04:24.904+00:00 host_mono_ns=2345284095053995 === DEBUG [lwip-posix]: recvfrom received packet of len 52! Bypassing to pcb->recv ===
[SEDP-RACE-RUN35] host_utc=2026-09-28T09:04:24.904+00:00 host_mono_ns=2345284095061650 
[SEDP-RACE-RUN35] host_utc=2026-09-28T09:04:24.904+00:00 host_mono_ns=2345284095068693 === DEBUG [lwip-posix]: udp_sendto called! Bypassing to POSIX sendto ===
[SEDP-RACE-RUN35] host_utc=2026-09-28T09:04:24.905+00:00 host_mono_ns=2345284095322843 
[SEDP-RACE-RUN35] host_utc=2026-09-28T09:04:24.905+00:00 host_mono_ns=2345284095333604 === DEBUG [lwip-posix]: recvfrom received packet of len 52! Bypassing to pcb->recv ===
[SEDP-RACE-RUN35] host_utc=2026-09-28T09:04:24.905+00:00 host_mono_ns=2345284095346568 
[SEDP-RACE-RUN35] host_utc=2026-09-28T09:04:24.905+00:00 host_mono_ns=2345284095353201 === DEBUG [lwip-posix]: udp_sendto called! Bypassing to POSIX sendto ===
[SEDP-RACE-RUN35] host_utc=2026-09-28T09:04:24.905+00:00 host_mono_ns=2345284095438241 
[SEDP-RACE-RUN35] host_utc=2026-09-28T09:04:24.905+00:00 host_mono_ns=2345284095446146 === DEBUG [lwip-posix]: recvfrom received packet of len 52! Bypassing to pcb->recv ===
[SEDP-RACE-RUN35] host_utc=2026-09-28T09:04:24.905+00:00 host_mono_ns=2345284095451136 
[SEDP-RACE-RUN35] host_utc=2026-09-28T09:04:24.905+00:00 host_mono_ns=2345284095455634 === DEBUG [lwip-posix]: udp_sendto called! Bypassing to POSIX sendto ===
[SEDP-RACE-RUN35] host_utc=2026-09-28T09:04:24.905+00:00 host_mono_ns=2345284095633941 
[SEDP-RACE-RUN35] host_utc=2026-09-28T09:04:24.905+00:00 host_mono_ns=2345284095643669 === DEBUG [lwip-posix]: recvfrom received packet of len 52! Bypassing to pcb->recv ===
[SEDP-RACE-RUN35] host_utc=2026-09-28T09:04:24.905+00:00 host_mono_ns=2345284095650342 
[SEDP-RACE-RUN35] host_utc=2026-09-28T09:04:24.905+00:00 host_mono_ns=2345284095656474 === DEBUG [lwip-posix]: udp_sendto called! Bypassing to POSIX sendto ===
[SEDP-RACE-RUN35] host_utc=2026-09-28T09:04:24.905+00:00 host_mono_ns=2345284095747776 
[SEDP-RACE-RUN35] host_utc=2026-09-28T09:04:24.905+00:00 host_mono_ns=2345284095757284 === DEBUG [lwip-posix]: recvfrom received packet of len 52! Bypassing to pcb->recv ===
[SEDP-RACE-RUN35] host_utc=2026-09-28T09:04:24.905+00:00 host_mono_ns=2345284095764147 
[SEDP-RACE-RUN35] host_utc=2026-09-28T09:04:24.905+00:00 host_mono_ns=2345284095770329 === DEBUG [lwip-posix]: udp_sendto called! Bypassing to POSIX sendto ===
[SEDP-RACE-RUN35] host_utc=2026-09-28T09:04:24.905+00:00 host_mono_ns=2345284095995334 
[SEDP-RACE-RUN35] host_utc=2026-09-28T09:04:24.905+00:00 host_mono_ns=2345284096024228 === DEBUG [lwip-posix]: recvfrom received packet of len 52! Bypassing to pcb->recv ===
[SEDP-RACE-RUN35] host_utc=2026-09-28T09:04:24.905+00:00 host_mono_ns=2345284096037093 
[SEDP-RACE-RUN35] host_utc=2026-09-28T09:04:24.905+00:00 host_mono_ns=2345284096047472 === DEBUG [lwip-posix]: udp_sendto called! Bypassing to POSIX sendto ===
[SEDP-RACE-RUN35] host_utc=2026-09-28T09:04:24.905+00:00 host_mono_ns=2345284096153823 
[SEDP-RACE-RUN35] host_utc=2026-09-28T09:04:24.905+00:00 host_mono_ns=2345284096164323 === DEBUG [lwip-posix]: recvfrom received packet of len 52! Bypassing to pcb->recv ===
[SEDP-RACE-RUN35] host_utc=2026-09-28T09:04:24.906+00:00 host_mono_ns=2345284096171166 
[SEDP-RACE-RUN35] host_utc=2026-09-28T09:04:24.906+00:00 host_mono_ns=2345284096177087 === DEBUG [lwip-posix]: udp_sendto called! Bypassing to POSIX sendto ===
[SEDP-RACE-RUN35] host_utc=2026-09-28T09:04:24.906+00:00 host_mono_ns=2345284096270484 
[SEDP-RACE-RUN35] host_utc=2026-09-28T09:04:24.906+00:00 host_mono_ns=2345284096279451 === DEBUG [lwip-posix]: recvfrom received packet of len 52! Bypassing to pcb->recv ===
[SEDP-RACE-RUN35] host_utc=2026-09-28T09:04:24.906+00:00 host_mono_ns=2345284096286213 
[SEDP-RACE-RUN35] host_utc=2026-09-28T09:04:24.906+00:00 host_mono_ns=2345284096292265 === DEBUG [lwip-posix]: udp_sendto called! Bypassing to POSIX sendto ===
[SEDP-RACE-RUN35] host_utc=2026-09-28T09:04:24.906+00:00 host_mono_ns=2345284096421990 
[SEDP-RACE-RUN35] host_utc=2026-09-28T09:04:24.906+00:00 host_mono_ns=2345284096430967 === DEBUG [lwip-posix]: recvfrom received packet of len 52! Bypassing to pcb->recv ===
[SEDP-RACE-RUN35] host_utc=2026-09-28T09:04:24.906+00:00 host_mono_ns=2345284096437108 
[SEDP-RACE-RUN35] host_utc=2026-09-28T09:04:24.906+00:00 host_mono_ns=2345284096442759 === DEBUG [lwip-posix]: udp_sendto called! Bypassing to POSIX sendto ===
[SEDP-RACE-RUN35] host_utc=2026-09-28T09:04:24.906+00:00 host_mono_ns=2345284096596399 
[SEDP-RACE-RUN35] host_utc=2026-09-28T09:04:24.906+00:00 host_mono_ns=2345284096606619 === DEBUG [lwip-posix]: recvfrom received packet of len 52! Bypassing to pcb->recv ===
[SEDP-RACE-RUN35] host_utc=2026-09-28T09:04:24.906+00:00 host_mono_ns=2345284096621557 
[SEDP-RACE-RUN35] host_utc=2026-09-28T09:04:24.906+00:00 host_mono_ns=2345284096628049 === DEBUG [lwip-posix]: udp_sendto called! Bypassing to POSIX sendto ===
[SEDP-RACE-RUN35] host_utc=2026-09-28T09:04:24.907+00:00 host_mono_ns=2345284097201913 
[SEDP-RACE-RUN35] host_utc=2026-09-28T09:04:24.907+00:00 host_mono_ns=2345284097229065 === DEBUG [lwip-posix]: recvfrom received packet of len 52! Bypassing to pcb->recv ===
[SEDP-RACE-RUN35] host_utc=2026-09-28T09:04:24.907+00:00 host_mono_ns=2345284097238372 
[SEDP-RACE-RUN35] host_utc=2026-09-28T09:04:24.907+00:00 host_mono_ns=2345284097244614 === DEBUG [lwip-posix]: udp_sendto called! Bypassing to POSIX sendto ===
[SEDP-RACE-RUN35] host_utc=2026-09-28T09:04:24.907+00:00 host_mono_ns=2345284097267237 
[SEDP-RACE-RUN35] host_utc=2026-09-28T09:04:24.907+00:00 host_mono_ns=2345284097275122 === DEBUG [lwip-posix]: recvfrom received packet of len 52! Bypassing to pcb->recv ===
[SEDP-RACE-RUN35] host_utc=2026-09-28T09:04:24.907+00:00 host_mono_ns=2345284097281925 
[SEDP-RACE-RUN35] host_utc=2026-09-28T09:04:24.907+00:00 host_mono_ns=2345284097288206 === DEBUG [lwip-posix]: udp_sendto called! Bypassing to POSIX sendto ===
[SEDP-RACE-RUN35] host_utc=2026-09-28T09:04:24.907+00:00 host_mono_ns=2345284097294639 
[SEDP-RACE-RUN35] host_utc=2026-09-28T09:04:24.907+00:00 host_mono_ns=2345284097300910 === DEBUG [lwip-posix]: recvfrom received packet of len 52! Bypassing to pcb->recv ===
[SEDP-RACE-RUN35] host_utc=2026-09-28T09:04:24.907+00:00 host_mono_ns=2345284097306932 
[SEDP-RACE-RUN35] host_utc=2026-09-28T09:04:24.907+00:00 host_mono_ns=2345284097312272 === DEBUG [lwip-posix]: udp_sendto called! Bypassing to POSIX sendto ===
[SEDP-RACE-RUN35] host_utc=2026-09-28T09:04:24.907+00:00 host_mono_ns=2345284097341617 
[SEDP-RACE-RUN35] host_utc=2026-09-28T09:04:24.907+00:00 host_mono_ns=2345284097347999 === DEBUG [lwip-posix]: recvfrom received packet of len 52! Bypassing to pcb->recv ===
[SEDP-RACE-RUN35] host_utc=2026-09-28T09:04:24.907+00:00 host_mono_ns=2345284097352628 
[SEDP-RACE-RUN35] host_utc=2026-09-28T09:04:24.907+00:00 host_mono_ns=2345284097358269 === DEBUG [lwip-posix]: udp_sendto called! Bypassing to POSIX sendto ===
[SEDP-RACE-RUN35] host_utc=2026-09-28T09:04:24.907+00:00 host_mono_ns=2345284097364501 
[SEDP-RACE-RUN35] host_utc=2026-09-28T09:04:24.907+00:00 host_mono_ns=2345284097370722 === DEBUG [lwip-posix]: recvfrom received packet of len 52! Bypassing to pcb->recv ===
[SEDP-RACE-RUN35] host_utc=2026-09-28T09:04:24.907+00:00 host_mono_ns=2345284097377175 
[SEDP-RACE-RUN35] host_utc=2026-09-28T09:04:24.907+00:00 host_mono_ns=2345284097383296 === DEBUG [lwip-posix]: udp_sendto called! Bypassing to POSIX sendto ===
[SEDP-RACE-RUN35] host_utc=2026-09-28T09:04:24.907+00:00 host_mono_ns=2345284097704773 
[SEDP-RACE-RUN35] host_utc=2026-09-28T09:04:24.907+00:00 host_mono_ns=2345284097724340 === DEBUG [lwip-posix]: recvfrom received packet of len 52! Bypassing to pcb->recv ===
[SEDP-RACE-RUN35] host_utc=2026-09-28T09:04:24.907+00:00 host_mono_ns=2345284097738637 
[SEDP-RACE-RUN35] host_utc=2026-09-28T09:04:24.907+00:00 host_mono_ns=2345284097749488 === DEBUG [lwip-posix]: udp_sendto called! Bypassing to POSIX sendto ===
[SEDP-RACE-RUN35] host_utc=2026-09-28T09:04:24.907+00:00 host_mono_ns=2345284097758565 
[SEDP-RACE-RUN35] host_utc=2026-09-28T09:04:24.907+00:00 host_mono_ns=2345284097767432 === DEBUG [lwip-posix]: recvfrom received packet of len 52! Bypassing to pcb->recv ===
[SEDP-RACE-RUN35] host_utc=2026-09-28T09:04:24.907+00:00 host_mono_ns=2345284097776369 
[SEDP-RACE-RUN35] host_utc=2026-09-28T09:04:24.907+00:00 host_mono_ns=2345284097785035 === DEBUG [lwip-posix]: udp_sendto called! Bypassing to POSIX sendto ===
[SEDP-RACE-RUN35] host_utc=2026-09-28T09:04:24.907+00:00 host_mono_ns=2345284098131550 
[SEDP-RACE-RUN35] host_utc=2026-09-28T09:04:24.907+00:00 host_mono_ns=2345284098159382 === DEBUG [lwip-posix]: recvfrom received packet of len 52! Bypassing to pcb->recv ===
[SEDP-RACE-RUN35] host_utc=2026-09-28T09:04:24.908+00:00 host_mono_ns=2345284098191493 
[SEDP-RACE-RUN35] host_utc=2026-09-28T09:04:24.908+00:00 host_mono_ns=2345284098206782 === DEBUG [lwip-posix]: udp_sendto called! Bypassing to POSIX sendto ===
[SEDP-RACE-RUN35] host_utc=2026-09-28T09:04:24.908+00:00 host_mono_ns=2345284098220768 
[SEDP-RACE-RUN35] host_utc=2026-09-28T09:04:24.908+00:00 host_mono_ns=2345284098234023 === DEBUG [lwip-posix]: recvfrom received packet of len 52! Bypassing to pcb->recv ===
[SEDP-RACE-RUN35] host_utc=2026-09-28T09:04:24.908+00:00 host_mono_ns=2345284098248080 
[SEDP-RACE-RUN35] host_utc=2026-09-28T09:04:24.908+00:00 host_mono_ns=2345284098262116 === DEBUG [lwip-posix]: udp_sendto called! Bypassing to POSIX sendto ===
[SEDP-RACE-RUN35] host_utc=2026-09-28T09:04:24.908+00:00 host_mono_ns=2345284098509664 
[SEDP-RACE-RUN35] host_utc=2026-09-28T09:04:24.908+00:00 host_mono_ns=2345284098533289 === DEBUG [lwip-posix]: recvfrom received packet of len 52! Bypassing to pcb->recv ===
[SEDP-RACE-RUN35] host_utc=2026-09-28T09:04:24.908+00:00 host_mono_ns=2345284098548728 
[SEDP-RACE-RUN35] host_utc=2026-09-28T09:04:24.908+00:00 host_mono_ns=2345284098561742 === DEBUG [lwip-posix]: udp_sendto called! Bypassing to POSIX sendto ===
[SEDP-RACE-RUN35] host_utc=2026-09-28T09:04:24.908+00:00 host_mono_ns=2345284098585397 
[SEDP-RACE-RUN35] host_utc=2026-09-28T09:04:24.908+00:00 host_mono_ns=2345284098600365 === DEBUG [lwip-posix]: recvfrom received packet of len 52! Bypassing to pcb->recv ===
[SEDP-RACE-RUN35] host_utc=2026-09-28T09:04:24.908+00:00 host_mono_ns=2345284098614853 
[SEDP-RACE-RUN35] host_utc=2026-09-28T09:04:24.908+00:00 host_mono_ns=2345284098628198 === DEBUG [lwip-posix]: udp_sendto called! Bypassing to POSIX sendto ===
[SEDP-RACE-RUN35] host_utc=2026-09-28T09:04:24.908+00:00 host_mono_ns=2345284098923656 
[SEDP-RACE-RUN35] host_utc=2026-09-28T09:04:24.908+00:00 host_mono_ns=2345284098934667 === DEBUG [lwip-posix]: recvfrom received packet of len 52! Bypassing to pcb->recv ===
[SEDP-RACE-RUN35] host_utc=2026-09-28T09:04:24.908+00:00 host_mono_ns=2345284098941760 
[SEDP-RACE-RUN35] host_utc=2026-09-28T09:04:24.908+00:00 host_mono_ns=2345284098948022 === DEBUG [lwip-posix]: udp_sendto called! Bypassing to POSIX sendto ===
[SEDP-RACE-RUN35] host_utc=2026-09-28T09:04:24.908+00:00 host_mono_ns=2345284099043893 
[SEDP-RACE-RUN35] host_utc=2026-09-28T09:04:24.908+00:00 host_mono_ns=2345284099056597 === DEBUG [lwip-posix]: recvfrom received packet of len 52! Bypassing to pcb->recv ===
[SEDP-RACE-RUN35] host_utc=2026-09-28T09:04:24.908+00:00 host_mono_ns=2345284099063380 
[SEDP-RACE-RUN35] host_utc=2026-09-28T09:04:24.908+00:00 host_mono_ns=2345284099069501 === DEBUG [lwip-posix]: udp_sendto called! Bypassing to POSIX sendto ===
[SEDP-RACE-RUN35] host_utc=2026-09-28T09:04:24.909+00:00 host_mono_ns=2345284099271914 
[SEDP-RACE-RUN35] host_utc=2026-09-28T09:04:24.909+00:00 host_mono_ns=2345284099296641 === DEBUG [lwip-posix]: recvfrom received packet of len 52! Bypassing to pcb->recv ===
[SEDP-RACE-RUN35] host_utc=2026-09-28T09:04:24.909+00:00 host_mono_ns=2345284099312901 
[SEDP-RACE-RUN35] host_utc=2026-09-28T09:04:24.909+00:00 host_mono_ns=2345284099326908 === DEBUG [lwip-posix]: udp_sendto called! Bypassing to POSIX sendto ===
[SEDP-RACE-RUN35] host_utc=2026-09-28T09:04:24.909+00:00 host_mono_ns=2345284099623869 
[SEDP-RACE-RUN35] host_utc=2026-09-28T09:04:24.909+00:00 host_mono_ns=2345284099633787 === DEBUG [lwip-posix]: recvfrom received packet of len 52! Bypassing to pcb->recv ===
[SEDP-RACE-RUN35] host_utc=2026-09-28T09:04:24.909+00:00 host_mono_ns=2345284099838164 
[SEDP-RACE-RUN35] host_utc=2026-09-28T09:04:24.909+00:00 host_mono_ns=2345284099853402 === DEBUG [lwip-posix]: udp_sendto called! Bypassing to POSIX sendto ===
[SEDP-RACE-RUN35] host_utc=2026-09-28T09:04:24.909+00:00 host_mono_ns=2345284099861207 
[SEDP-RACE-RUN35] host_utc=2026-09-28T09:04:24.909+00:00 host_mono_ns=2345284099867559 === DEBUG [lwip-posix]: recvfrom received packet of len 52! Bypassing to pcb->recv ===
[SEDP-RACE-RUN35] host_utc=2026-09-28T09:04:24.909+00:00 host_mono_ns=2345284099881225 
[SEDP-RACE-RUN35] host_utc=2026-09-28T09:04:24.909+00:00 host_mono_ns=2345284099887607 === DEBUG [lwip-posix]: udp_sendto called! Bypassing to POSIX sendto ===
[SEDP-RACE-RUN35] host_utc=2026-09-28T09:04:24.909+00:00 host_mono_ns=2345284099899329 
[SEDP-RACE-RUN35] host_utc=2026-09-28T09:04:24.909+00:00 host_mono_ns=2345284099905841 === DEBUG [lwip-posix]: recvfrom received packet of len 52! Bypassing to pcb->recv ===
[SEDP-RACE-RUN35] host_utc=2026-09-28T09:04:24.909+00:00 host_mono_ns=2345284099912093 
[SEDP-RACE-RUN35] host_utc=2026-09-28T09:04:24.909+00:00 host_mono_ns=2345284099918355 === DEBUG [lwip-posix]: udp_sendto called! Bypassing to POSIX sendto ===
[SEDP-RACE-RUN35] host_utc=2026-09-28T09:04:24.909+00:00 host_mono_ns=2345284099924527 
[SEDP-RACE-RUN35] host_utc=2026-09-28T09:04:24.909+00:00 host_mono_ns=2345284099930218 === DEBUG [lwip-posix]: recvfrom received packet of len 52! Bypassing to pcb->recv ===
[SEDP-RACE-RUN35] host_utc=2026-09-28T09:04:24.909+00:00 host_mono_ns=2345284099935948 
[SEDP-RACE-RUN35] host_utc=2026-09-28T09:04:24.909+00:00 host_mono_ns=2345284099941489 === DEBUG [lwip-posix]: udp_sendto called! Bypassing to POSIX sendto ===
[SEDP-RACE-RUN35] host_utc=2026-09-28T09:04:24.910+00:00 host_mono_ns=2345284100230996 
[SEDP-RACE-RUN35] host_utc=2026-09-28T09:04:24.910+00:00 host_mono_ns=2345284100254450 === DEBUG [lwip-posix]: recvfrom received packet of len 52! Bypassing to pcb->recv ===
[SEDP-RACE-RUN35] host_utc=2026-09-28T09:04:24.910+00:00 host_mono_ns=2345284100265251 
[SEDP-RACE-RUN35] host_utc=2026-09-28T09:04:24.910+00:00 host_mono_ns=2345284100274087 === DEBUG [lwip-posix]: udp_sendto called! Bypassing to POSIX sendto ===
[SEDP-RACE-RUN35] host_utc=2026-09-28T09:04:24.910+00:00 host_mono_ns=2345284100283064 
[SEDP-RACE-RUN35] host_utc=2026-09-28T09:04:24.910+00:00 host_mono_ns=2345284100291630 === DEBUG [lwip-posix]: recvfrom received packet of len 52! Bypassing to pcb->recv ===
[SEDP-RACE-RUN35] host_utc=2026-09-28T09:04:24.910+00:00 host_mono_ns=2345284100300367 
[SEDP-RACE-RUN35] host_utc=2026-09-28T09:04:24.910+00:00 host_mono_ns=2345284100308873 === DEBUG [lwip-posix]: udp_sendto called! Bypassing to POSIX sendto ===
[SEDP-RACE-RUN35] host_utc=2026-09-28T09:04:24.910+00:00 host_mono_ns=2345284100489514 
[SEDP-RACE-RUN35] host_utc=2026-09-28T09:04:24.910+00:00 host_mono_ns=2345284100499814 === DEBUG [lwip-posix]: recvfrom received packet of len 52! Bypassing to pcb->recv ===
[SEDP-RACE-RUN35] host_utc=2026-09-28T09:04:24.910+00:00 host_mono_ns=2345284100507017 
[SEDP-RACE-RUN35] host_utc=2026-09-28T09:04:24.910+00:00 host_mono_ns=2345284100513219 === DEBUG [lwip-posix]: udp_sendto called! Bypassing to POSIX sendto ===
[SEDP-RACE-RUN35] host_utc=2026-09-28T09:04:24.910+00:00 host_mono_ns=2345284100519431 
[SEDP-RACE-RUN35] host_utc=2026-09-28T09:04:24.910+00:00 host_mono_ns=2345284100525292 === DEBUG [lwip-posix]: recvfrom received packet of len 52! Bypassing to pcb->recv ===
[SEDP-RACE-RUN35] host_utc=2026-09-28T09:04:24.910+00:00 host_mono_ns=2345284100554567 
[SEDP-RACE-RUN35] host_utc=2026-09-28T09:04:24.910+00:00 host_mono_ns=2345284100562262 === DEBUG [lwip-posix]: udp_sendto called! Bypassing to POSIX sendto ===
[SEDP-RACE-RUN35] host_utc=2026-09-28T09:04:24.910+00:00 host_mono_ns=2345284100764664 
[SEDP-RACE-RUN35] host_utc=2026-09-28T09:04:24.910+00:00 host_mono_ns=2345284100781977 === DEBUG [lwip-posix]: recvfrom received packet of len 52! Bypassing to pcb->recv ===
[SEDP-RACE-RUN35] host_utc=2026-09-28T09:04:24.910+00:00 host_mono_ns=2345284100791595 
[SEDP-RACE-RUN35] host_utc=2026-09-28T09:04:24.910+00:00 host_mono_ns=2345284100798358 === DEBUG [lwip-posix]: udp_sendto called! Bypassing to POSIX sendto ===
[SEDP-RACE-RUN35] host_utc=2026-09-28T09:04:24.910+00:00 host_mono_ns=2345284100827763 
[SEDP-RACE-RUN35] host_utc=2026-09-28T09:04:24.910+00:00 host_mono_ns=2345284100840718 === DEBUG [lwip-posix]: recvfrom received packet of len 52! Bypassing to pcb->recv ===
[SEDP-RACE-RUN35] host_utc=2026-09-28T09:04:24.910+00:00 host_mono_ns=2345284100853933 
[SEDP-RACE-RUN35] host_utc=2026-09-28T09:04:24.910+00:00 host_mono_ns=2345284100860405 === DEBUG [lwip-posix]: udp_sendto called! Bypassing to POSIX sendto ===
[SEDP-RACE-RUN35] host_utc=2026-09-28T09:04:24.910+00:00 host_mono_ns=2345284101004708 
[SEDP-RACE-RUN35] host_utc=2026-09-28T09:04:24.910+00:00 host_mono_ns=2345284101017081 === DEBUG [lwip-posix]: recvfrom received packet of len 52! Bypassing to pcb->recv ===
[SEDP-RACE-RUN35] host_utc=2026-09-28T09:04:24.910+00:00 host_mono_ns=2345284101023523 
[SEDP-RACE-RUN35] host_utc=2026-09-28T09:04:24.910+00:00 host_mono_ns=2345284101029344 === DEBUG [lwip-posix]: udp_sendto called! Bypassing to POSIX sendto ===
[SEDP-RACE-RUN35] host_utc=2026-09-28T09:04:24.910+00:00 host_mono_ns=2345284101035245 
[SEDP-RACE-RUN35] host_utc=2026-09-28T09:04:24.910+00:00 host_mono_ns=2345284101040916 === DEBUG [lwip-posix]: recvfrom received packet of len 52! Bypassing to pcb->recv ===
[SEDP-RACE-RUN35] host_utc=2026-09-28T09:04:24.910+00:00 host_mono_ns=2345284101046877 
[SEDP-RACE-RUN35] host_utc=2026-09-28T09:04:24.910+00:00 host_mono_ns=2345284101051736 === DEBUG [lwip-posix]: udp_sendto called! Bypassing to POSIX sendto ===
[SEDP-RACE-RUN35] host_utc=2026-09-28T09:04:24.911+00:00 host_mono_ns=2345284101741540 
[SEDP-RACE-RUN35] host_utc=2026-09-28T09:04:24.911+00:00 host_mono_ns=2345284101753031 === DEBUG [lwip-posix]: recvfrom received packet of len 52! Bypassing to pcb->recv ===
[SEDP-RACE-RUN35] host_utc=2026-09-28T09:04:24.911+00:00 host_mono_ns=2345284101760445 
[SEDP-RACE-RUN35] host_utc=2026-09-28T09:04:24.911+00:00 host_mono_ns=2345284101766557 === DEBUG [lwip-posix]: udp_sendto called! Bypassing to POSIX sendto ===
[SEDP-RACE-RUN35] host_utc=2026-09-28T09:04:24.911+00:00 host_mono_ns=2345284101772538 
[SEDP-RACE-RUN35] host_utc=2026-09-28T09:04:24.911+00:00 host_mono_ns=2345284101778379 === DEBUG [lwip-posix]: recvfrom received packet of len 52! Bypassing to pcb->recv ===
[SEDP-RACE-RUN35] host_utc=2026-09-28T09:04:24.911+00:00 host_mono_ns=2345284101784411 
[SEDP-RACE-RUN35] host_utc=2026-09-28T09:04:24.911+00:00 host_mono_ns=2345284101788819 === DEBUG [lwip-posix]: recvfrom received packet of len 52! Bypassing to pcb->recv ===
[SEDP-RACE-RUN35] host_utc=2026-09-28T09:04:24.911+00:00 host_mono_ns=2345284101793277 
[SEDP-RACE-RUN35] host_utc=2026-09-28T09:04:24.911+00:00 host_mono_ns=2345284101798297 === DEBUG [lwip-posix]: recvfrom received packet of len 52! Bypassing to pcb->recv ===
[SEDP-RACE-RUN35] host_utc=2026-09-28T09:04:24.911+00:00 host_mono_ns=2345284101802695 
[SEDP-RACE-RUN35] host_utc=2026-09-28T09:04:24.911+00:00 host_mono_ns=2345284101808586 === DEBUG [lwip-posix]: udp_sendto called! Bypassing to POSIX sendto ===
[SEDP-RACE-RUN35] host_utc=2026-09-28T09:04:24.911+00:00 host_mono_ns=2345284101823855 
[SEDP-RACE-RUN35] host_utc=2026-09-28T09:04:24.911+00:00 host_mono_ns=2345284101829486 === DEBUG [lwip-posix]: recvfrom received packet of len 52! Bypassing to pcb->recv ===
[SEDP-RACE-RUN35] host_utc=2026-09-28T09:04:24.911+00:00 host_mono_ns=2345284101833984 
[SEDP-RACE-RUN35] host_utc=2026-09-28T09:04:24.911+00:00 host_mono_ns=2345284101838383 === DEBUG [lwip-posix]: udp_sendto called! Bypassing to POSIX sendto ===
[SEDP-RACE-RUN35] host_utc=2026-09-28T09:04:24.911+00:00 host_mono_ns=2345284101842701 
[SEDP-RACE-RUN35] host_utc=2026-09-28T09:04:24.911+00:00 host_mono_ns=2345284101848271 === DEBUG [lwip-posix]: udp_sendto called! Bypassing to POSIX sendto ===
[SEDP-RACE-RUN35] host_utc=2026-09-28T09:04:24.911+00:00 host_mono_ns=2345284101854092 
[SEDP-RACE-RUN35] host_utc=2026-09-28T09:04:24.911+00:00 host_mono_ns=2345284101860124 === DEBUG [lwip-posix]: udp_sendto called! Bypassing to POSIX sendto ===
[SEDP-RACE-RUN35] host_utc=2026-09-28T09:04:24.911+00:00 host_mono_ns=2345284101913595 
[SEDP-RACE-RUN35] host_utc=2026-09-28T09:04:24.911+00:00 host_mono_ns=2345284101923914 === DEBUG [lwip-posix]: recvfrom received packet of len 52! Bypassing to pcb->recv ===
[SEDP-RACE-RUN35] host_utc=2026-09-28T09:04:24.911+00:00 host_mono_ns=2345284101936338 
[SEDP-RACE-RUN35] host_utc=2026-09-28T09:04:24.911+00:00 host_mono_ns=2345284101940956 === DEBUG [lwip-posix]: udp_sendto called! Bypassing to POSIX sendto ===
[SEDP-RACE-RUN35] host_utc=2026-09-28T09:04:24.911+00:00 host_mono_ns=2345284102078246 
[SEDP-RACE-RUN35] host_utc=2026-09-28T09:04:24.911+00:00 host_mono_ns=2345284102090279 === DEBUG [lwip-posix]: recvfrom received packet of len 52! Bypassing to pcb->recv ===
[SEDP-RACE-RUN35] host_utc=2026-09-28T09:04:24.911+00:00 host_mono_ns=2345284102095979 
[SEDP-RACE-RUN35] host_utc=2026-09-28T09:04:24.911+00:00 host_mono_ns=2345284102102011 === DEBUG [lwip-posix]: udp_sendto called! Bypassing to POSIX sendto ===
[SEDP-RACE-RUN35] host_utc=2026-09-28T09:04:24.912+00:00 host_mono_ns=2345284102250451 
[SEDP-RACE-RUN35] host_utc=2026-09-28T09:04:24.912+00:00 host_mono_ns=2345284102261993 === DEBUG [lwip-posix]: recvfrom received packet of len 52! Bypassing to pcb->recv ===
[SEDP-RACE-RUN35] host_utc=2026-09-28T09:04:24.912+00:00 host_mono_ns=2345284102269577 
[SEDP-RACE-RUN35] host_utc=2026-09-28T09:04:24.912+00:00 host_mono_ns=2345284102276070 === DEBUG [lwip-posix]: udp_sendto called! Bypassing to POSIX sendto ===
[SEDP-RACE-RUN35] host_utc=2026-09-28T09:04:24.912+00:00 host_mono_ns=2345284102313631 
[SEDP-RACE-RUN35] host_utc=2026-09-28T09:04:24.912+00:00 host_mono_ns=2345284102320624 === DEBUG [lwip-posix]: recvfrom received packet of len 52! Bypassing to pcb->recv ===
[SEDP-RACE-RUN35] host_utc=2026-09-28T09:04:24.912+00:00 host_mono_ns=2345284102325363 
[SEDP-RACE-RUN35] host_utc=2026-09-28T09:04:24.912+00:00 host_mono_ns=2345284102329711 === DEBUG [lwip-posix]: udp_sendto called! Bypassing to POSIX sendto ===
[SEDP-RACE-RUN35] host_utc=2026-09-28T09:04:24.912+00:00 host_mono_ns=2345284102572289 
[SEDP-RACE-RUN35] host_utc=2026-09-28T09:04:24.912+00:00 host_mono_ns=2345284102579593 === DEBUG [lwip-posix]: recvfrom received packet of len 52! Bypassing to pcb->recv ===
[SEDP-RACE-RUN35] host_utc=2026-09-28T09:04:24.912+00:00 host_mono_ns=2345284102584873 
[SEDP-RACE-RUN35] host_utc=2026-09-28T09:04:24.912+00:00 host_mono_ns=2345284102589241 === DEBUG [lwip-posix]: udp_sendto called! Bypassing to POSIX sendto ===
[SEDP-RACE-RUN35] host_utc=2026-09-28T09:04:24.912+00:00 host_mono_ns=2345284102708897 
[SEDP-RACE-RUN35] host_utc=2026-09-28T09:04:24.912+00:00 host_mono_ns=2345284102716432 === DEBUG [lwip-posix]: recvfrom received packet of len 52! Bypassing to pcb->recv ===
[SEDP-RACE-RUN35] host_utc=2026-09-28T09:04:24.912+00:00 host_mono_ns=2345284102721231 
[SEDP-RACE-RUN35] host_utc=2026-09-28T09:04:24.912+00:00 host_mono_ns=2345284102725669 === DEBUG [lwip-posix]: udp_sendto called! Bypassing to POSIX sendto ===
[SEDP-RACE-RUN35] host_utc=2026-09-28T09:04:24.912+00:00 host_mono_ns=2345284102842880 
[SEDP-RACE-RUN35] host_utc=2026-09-28T09:04:24.912+00:00 host_mono_ns=2345284102850775 === DEBUG [lwip-posix]: recvfrom received packet of len 52! Bypassing to pcb->recv ===
[SEDP-RACE-RUN35] host_utc=2026-09-28T09:04:24.912+00:00 host_mono_ns=2345284102855685 
[SEDP-RACE-RUN35] host_utc=2026-09-28T09:04:24.912+00:00 host_mono_ns=2345284102860113 === DEBUG [lwip-posix]: udp_sendto called! Bypassing to POSIX sendto ===
[SEDP-RACE-RUN35] host_utc=2026-09-28T09:04:24.912+00:00 host_mono_ns=2345284103063507 
[SEDP-RACE-RUN35] host_utc=2026-09-28T09:04:24.912+00:00 host_mono_ns=2345284103074939 === DEBUG [lwip-posix]: recvfrom received packet of len 52! Bypassing to pcb->recv ===
[SEDP-RACE-RUN35] host_utc=2026-09-28T09:04:24.912+00:00 host_mono_ns=2345284103081772 
[SEDP-RACE-RUN35] host_utc=2026-09-28T09:04:24.912+00:00 host_mono_ns=2345284103087953 === DEBUG [lwip-posix]: udp_sendto called! Bypassing to POSIX sendto ===
[SEDP-RACE-RUN35] host_utc=2026-09-28T09:04:24.912+00:00 host_mono_ns=2345284103161422 
[SEDP-RACE-RUN35] host_utc=2026-09-28T09:04:24.913+00:00 host_mono_ns=2345284103168736 === DEBUG [lwip-posix]: recvfrom received packet of len 52! Bypassing to pcb->recv ===
[SEDP-RACE-RUN35] host_utc=2026-09-28T09:04:24.913+00:00 host_mono_ns=2345284103179977 
[SEDP-RACE-RUN35] host_utc=2026-09-28T09:04:24.913+00:00 host_mono_ns=2345284103184456 === DEBUG [lwip-posix]: udp_sendto called! Bypassing to POSIX sendto ===
[SEDP-RACE-RUN35] host_utc=2026-09-28T09:04:24.913+00:00 host_mono_ns=2345284103863449 
[SEDP-RACE-RUN35] host_utc=2026-09-28T09:04:24.913+00:00 host_mono_ns=2345284103874780 === DEBUG [lwip-posix]: recvfrom received packet of len 52! Bypassing to pcb->recv ===
[SEDP-RACE-RUN35] host_utc=2026-09-28T09:04:24.913+00:00 host_mono_ns=2345284103882174 
[SEDP-RACE-RUN35] host_utc=2026-09-28T09:04:24.913+00:00 host_mono_ns=2345284103888336 === DEBUG [lwip-posix]: udp_sendto called! Bypassing to POSIX sendto ===
[SEDP-RACE-RUN35] host_utc=2026-09-28T09:04:24.913+00:00 host_mono_ns=2345284103894587 
[SEDP-RACE-RUN35] host_utc=2026-09-28T09:04:24.913+00:00 host_mono_ns=2345284103900669 === DEBUG [lwip-posix]: recvfrom received packet of len 52! Bypassing to pcb->recv ===
[SEDP-RACE-RUN35] host_utc=2026-09-28T09:04:24.913+00:00 host_mono_ns=2345284103907021 
[SEDP-RACE-RUN35] host_utc=2026-09-28T09:04:24.913+00:00 host_mono_ns=2345284103913052 === DEBUG [lwip-posix]: udp_sendto called! Bypassing to POSIX sendto ===
[SEDP-RACE-RUN35] host_utc=2026-09-28T09:04:24.913+00:00 host_mono_ns=2345284103919484 
[SEDP-RACE-RUN35] host_utc=2026-09-28T09:04:24.913+00:00 host_mono_ns=2345284103925556 === DEBUG [lwip-posix]: recvfrom received packet of len 52! Bypassing to pcb->recv ===
[SEDP-RACE-RUN35] host_utc=2026-09-28T09:04:24.913+00:00 host_mono_ns=2345284103931788 
[SEDP-RACE-RUN35] host_utc=2026-09-28T09:04:24.913+00:00 host_mono_ns=2345284103937739 === DEBUG [lwip-posix]: udp_sendto called! Bypassing to POSIX sendto ===
[SEDP-RACE-RUN35] host_utc=2026-09-28T09:04:24.913+00:00 host_mono_ns=2345284103943730 
[SEDP-RACE-RUN35] host_utc=2026-09-28T09:04:24.913+00:00 host_mono_ns=2345284103949641 === DEBUG [lwip-posix]: recvfrom received packet of len 52! Bypassing to pcb->recv ===
[SEDP-RACE-RUN35] host_utc=2026-09-28T09:04:24.913+00:00 host_mono_ns=2345284103955803 
[SEDP-RACE-RUN35] host_utc=2026-09-28T09:04:24.913+00:00 host_mono_ns=2345284103961794 === DEBUG [lwip-posix]: udp_sendto called! Bypassing to POSIX sendto ===
[SEDP-RACE-RUN35] host_utc=2026-09-28T09:04:24.913+00:00 host_mono_ns=2345284104096469 
[SEDP-RACE-RUN35] host_utc=2026-09-28T09:04:24.913+00:00 host_mono_ns=2345284104113230 === DEBUG [lwip-posix]: recvfrom received packet of len 52! Bypassing to pcb->recv ===
[SEDP-RACE-RUN35] host_utc=2026-09-28T09:04:24.913+00:00 host_mono_ns=2345284104120424 
[SEDP-RACE-RUN35] host_utc=2026-09-28T09:04:24.913+00:00 host_mono_ns=2345284104126646 === DEBUG [lwip-posix]: udp_sendto called! Bypassing to POSIX sendto ===
[SEDP-RACE-RUN35] host_utc=2026-09-28T09:04:24.913+00:00 host_mono_ns=2345284104132878 
[SEDP-RACE-RUN35] host_utc=2026-09-28T09:04:24.913+00:00 host_mono_ns=2345284104139119 === DEBUG [lwip-posix]: recvfrom received packet of len 52! Bypassing to pcb->recv ===
[SEDP-RACE-RUN35] host_utc=2026-09-28T09:04:24.913+00:00 host_mono_ns=2345284104149419 
[SEDP-RACE-RUN35] host_utc=2026-09-28T09:04:24.913+00:00 host_mono_ns=2345284104155911 === DEBUG [lwip-posix]: udp_sendto called! Bypassing to POSIX sendto ===
[SEDP-RACE-RUN35] host_utc=2026-09-28T09:04:24.914+00:00 host_mono_ns=2345284104331423 
[SEDP-RACE-RUN35] host_utc=2026-09-28T09:04:24.914+00:00 host_mono_ns=2345284104341602 === DEBUG [lwip-posix]: recvfrom received packet of len 52! Bypassing to pcb->recv ===
[SEDP-RACE-RUN35] host_utc=2026-09-28T09:04:24.914+00:00 host_mono_ns=2345284104348515 
[SEDP-RACE-RUN35] host_utc=2026-09-28T09:04:24.914+00:00 host_mono_ns=2345284104354697 === DEBUG [lwip-posix]: udp_sendto called! Bypassing to POSIX sendto ===
[SEDP-RACE-RUN35] host_utc=2026-09-28T09:04:24.914+00:00 host_mono_ns=2345284104360979 
[SEDP-RACE-RUN35] host_utc=2026-09-28T09:04:24.914+00:00 host_mono_ns=2345284104367060 === DEBUG [lwip-posix]: recvfrom received packet of len 52! Bypassing to pcb->recv ===
[SEDP-RACE-RUN35] host_utc=2026-09-28T09:04:24.914+00:00 host_mono_ns=2345284104380786 
[SEDP-RACE-RUN35] host_utc=2026-09-28T09:04:24.914+00:00 host_mono_ns=2345284104387068 === DEBUG [lwip-posix]: udp_sendto called! Bypassing to POSIX sendto ===
[SEDP-RACE-RUN35] host_utc=2026-09-28T09:04:24.914+00:00 host_mono_ns=2345284104500152 
[SEDP-RACE-RUN35] host_utc=2026-09-28T09:04:24.914+00:00 host_mono_ns=2345284104519248 === DEBUG [lwip-posix]: recvfrom received packet of len 52! Bypassing to pcb->recv ===
[SEDP-RACE-RUN35] host_utc=2026-09-28T09:04:24.914+00:00 host_mono_ns=2345284104531240 
[SEDP-RACE-RUN35] host_utc=2026-09-28T09:04:24.914+00:00 host_mono_ns=2345284104540808 === DEBUG [lwip-posix]: udp_sendto called! Bypassing to POSIX sendto ===
[SEDP-RACE-RUN35] host_utc=2026-09-28T09:04:24.914+00:00 host_mono_ns=2345284104572889 
[SEDP-RACE-RUN35] host_utc=2026-09-28T09:04:24.914+00:00 host_mono_ns=2345284104583329 === DEBUG [lwip-posix]: recvfrom received packet of len 52! Bypassing to pcb->recv ===
[SEDP-RACE-RUN35] host_utc=2026-09-28T09:04:24.914+00:00 host_mono_ns=2345284104590272 
[SEDP-RACE-RUN35] host_utc=2026-09-28T09:04:24.914+00:00 host_mono_ns=2345284104596604 === DEBUG [lwip-posix]: udp_sendto called! Bypassing to POSIX sendto ===
[SEDP-RACE-RUN35] host_utc=2026-09-28T09:04:24.914+00:00 host_mono_ns=2345284104672708 
[SEDP-RACE-RUN35] host_utc=2026-09-28T09:04:24.914+00:00 host_mono_ns=2345284104681965 === DEBUG [lwip-posix]: recvfrom received packet of len 52! Bypassing to pcb->recv ===
[SEDP-RACE-RUN35] host_utc=2026-09-28T09:04:24.914+00:00 host_mono_ns=2345284104688628 
[SEDP-RACE-RUN35] host_utc=2026-09-28T09:04:24.914+00:00 host_mono_ns=2345284104694589 === DEBUG [lwip-posix]: udp_sendto called! Bypassing to POSIX sendto ===
[SEDP-RACE-RUN35] host_utc=2026-09-28T09:04:24.914+00:00 host_mono_ns=2345284104806190 
[SEDP-RACE-RUN35] host_utc=2026-09-28T09:04:24.914+00:00 host_mono_ns=2345284104814465 === DEBUG [lwip-posix]: recvfrom received packet of len 52! Bypassing to pcb->recv ===
[SEDP-RACE-RUN35] host_utc=2026-09-28T09:04:24.914+00:00 host_mono_ns=2345284104819585 
[SEDP-RACE-RUN35] host_utc=2026-09-28T09:04:24.914+00:00 host_mono_ns=2345284104824114 === DEBUG [lwip-posix]: udp_sendto called! Bypassing to POSIX sendto ===
[SEDP-RACE-RUN35] host_utc=2026-09-28T09:04:24.914+00:00 host_mono_ns=2345284104951584 
[SEDP-RACE-RUN35] host_utc=2026-09-28T09:04:24.914+00:00 host_mono_ns=2345284104960812 === DEBUG [lwip-posix]: recvfrom received packet of len 52! Bypassing to pcb->recv ===
[SEDP-RACE-RUN35] host_utc=2026-09-28T09:04:24.914+00:00 host_mono_ns=2345284104967464 
[SEDP-RACE-RUN35] host_utc=2026-09-28T09:04:24.914+00:00 host_mono_ns=2345284104973586 === DEBUG [lwip-posix]: udp_sendto called! Bypassing to POSIX sendto ===
[SEDP-RACE-RUN35] host_utc=2026-09-28T09:04:24.914+00:00 host_mono_ns=2345284105129400 
[SEDP-RACE-RUN35] host_utc=2026-09-28T09:04:24.914+00:00 host_mono_ns=2345284105142375 === DEBUG [lwip-posix]: recvfrom received packet of len 52! Bypassing to pcb->recv ===
[SEDP-RACE-RUN35] host_utc=2026-09-28T09:04:24.914+00:00 host_mono_ns=2345284105149198 
[SEDP-RACE-RUN35] host_utc=2026-09-28T09:04:24.914+00:00 host_mono_ns=2345284105155199 === DEBUG [lwip-posix]: udp_sendto called! Bypassing to POSIX sendto ===
[SEDP-RACE-RUN35] host_utc=2026-09-28T09:04:24.915+00:00 host_mono_ns=2345284105225372 
[SEDP-RACE-RUN35] host_utc=2026-09-28T09:04:24.915+00:00 host_mono_ns=2345284105234278 === DEBUG [lwip-posix]: recvfrom received packet of len 52! Bypassing to pcb->recv ===
[SEDP-RACE-RUN35] host_utc=2026-09-28T09:04:24.915+00:00 host_mono_ns=2345284105240971 
[SEDP-RACE-RUN35] host_utc=2026-09-28T09:04:24.915+00:00 host_mono_ns=2345284105247103 === DEBUG [lwip-posix]: udp_sendto called! Bypassing to POSIX sendto ===
[SEDP-RACE-RUN35] host_utc=2026-09-28T09:04:24.915+00:00 host_mono_ns=2345284105385274 
[SEDP-RACE-RUN35] host_utc=2026-09-28T09:04:24.915+00:00 host_mono_ns=2345284105395373 === DEBUG [lwip-posix]: recvfrom received packet of len 52! Bypassing to pcb->recv ===
[SEDP-RACE-RUN35] host_utc=2026-09-28T09:04:24.915+00:00 host_mono_ns=2345284105400773 
[SEDP-RACE-RUN35] host_utc=2026-09-28T09:04:24.915+00:00 host_mono_ns=2345284105411924 === DEBUG [lwip-posix]: udp_sendto called! Bypassing to POSIX sendto ===
[SEDP-RACE-RUN35] host_utc=2026-09-28T09:04:24.915+00:00 host_mono_ns=2345284105529025 
[SEDP-RACE-RUN35] host_utc=2026-09-28T09:04:24.915+00:00 host_mono_ns=2345284105539946 === DEBUG [lwip-posix]: recvfrom received packet of len 52! Bypassing to pcb->recv ===
[SEDP-RACE-RUN35] host_utc=2026-09-28T09:04:24.915+00:00 host_mono_ns=2345284105547099 
[SEDP-RACE-RUN35] host_utc=2026-09-28T09:04:24.915+00:00 host_mono_ns=2345284105553321 === DEBUG [lwip-posix]: udp_sendto called! Bypassing to POSIX sendto ===
[SEDP-RACE-RUN35] host_utc=2026-09-28T09:04:24.915+00:00 host_mono_ns=2345284105611641 
[SEDP-RACE-RUN35] host_utc=2026-09-28T09:04:24.915+00:00 host_mono_ns=2345284105622943 === DEBUG [lwip-posix]: recvfrom received packet of len 52! Bypassing to pcb->recv ===
[SEDP-RACE-RUN35] host_utc=2026-09-28T09:04:24.915+00:00 host_mono_ns=2345284105630146 
[SEDP-RACE-RUN35] host_utc=2026-09-28T09:04:24.915+00:00 host_mono_ns=2345284105636468 === DEBUG [lwip-posix]: udp_sendto called! Bypassing to POSIX sendto ===
[SEDP-RACE-RUN35] host_utc=2026-09-28T09:04:24.915+00:00 host_mono_ns=2345284105795298 
[SEDP-RACE-RUN35] host_utc=2026-09-28T09:04:24.915+00:00 host_mono_ns=2345284105804976 === DEBUG [lwip-posix]: recvfrom received packet of len 52! Bypassing to pcb->recv ===
[SEDP-RACE-RUN35] host_utc=2026-09-28T09:04:24.915+00:00 host_mono_ns=2345284105811388 
[SEDP-RACE-RUN35] host_utc=2026-09-28T09:04:24.915+00:00 host_mono_ns=2345284105817450 === DEBUG [lwip-posix]: udp_sendto called! Bypassing to POSIX sendto ===
[SEDP-RACE-RUN35] host_utc=2026-09-28T09:04:24.915+00:00 host_mono_ns=2345284105895517 
[SEDP-RACE-RUN35] host_utc=2026-09-28T09:04:24.915+00:00 host_mono_ns=2345284105905256 === DEBUG [lwip-posix]: recvfrom received packet of len 52! Bypassing to pcb->recv ===
[SEDP-RACE-RUN35] host_utc=2026-09-28T09:04:24.915+00:00 host_mono_ns=2345284105912119 
[SEDP-RACE-RUN35] host_utc=2026-09-28T09:04:24.915+00:00 host_mono_ns=2345284105918350 === DEBUG [lwip-posix]: udp_sendto called! Bypassing to POSIX sendto ===
[SEDP-RACE-RUN35] host_utc=2026-09-28T09:04:24.915+00:00 host_mono_ns=2345284106124340 
[SEDP-RACE-RUN35] host_utc=2026-09-28T09:04:24.915+00:00 host_mono_ns=2345284106138066 === DEBUG [lwip-posix]: recvfrom received packet of len 52! Bypassing to pcb->recv ===
[SEDP-RACE-RUN35] host_utc=2026-09-28T09:04:24.915+00:00 host_mono_ns=2345284106144828 
[SEDP-RACE-RUN35] host_utc=2026-09-28T09:04:24.915+00:00 host_mono_ns=2345284106150740 === DEBUG [lwip-posix]: udp_sendto called! Bypassing to POSIX sendto ===
[SEDP-RACE-RUN35] host_utc=2026-09-28T09:04:24.916+00:00 host_mono_ns=2345284106172691 
[SEDP-RACE-RUN35] host_utc=2026-09-28T09:04:24.916+00:00 host_mono_ns=2345284106179173 === DEBUG [lwip-posix]: recvfrom received packet of len 52! Bypassing to pcb->recv ===
[SEDP-RACE-RUN35] host_utc=2026-09-28T09:04:24.916+00:00 host_mono_ns=2345284106184022 
[SEDP-RACE-RUN35] host_utc=2026-09-28T09:04:24.916+00:00 host_mono_ns=2345284106188310 === DEBUG [lwip-posix]: udp_sendto called! Bypassing to POSIX sendto ===
[SEDP-RACE-RUN35] host_utc=2026-09-28T09:04:24.916+00:00 host_mono_ns=2345284106502153 
[SEDP-RACE-RUN35] host_utc=2026-09-28T09:04:24.916+00:00 host_mono_ns=2345284106514487 === DEBUG [lwip-posix]: recvfrom received packet of len 52! Bypassing to pcb->recv ===
[SEDP-RACE-RUN35] host_utc=2026-09-28T09:04:24.916+00:00 host_mono_ns=2345284106522141 
[SEDP-RACE-RUN35] host_utc=2026-09-28T09:04:24.916+00:00 host_mono_ns=2345284106528373 === DEBUG [lwip-posix]: udp_sendto called! Bypassing to POSIX sendto ===
[SEDP-RACE-RUN35] host_utc=2026-09-28T09:04:24.916+00:00 host_mono_ns=2345284106572667 
[SEDP-RACE-RUN35] host_utc=2026-09-28T09:04:24.916+00:00 host_mono_ns=2345284106582666 === DEBUG [lwip-posix]: recvfrom received packet of len 52! Bypassing to pcb->recv ===
[SEDP-RACE-RUN35] host_utc=2026-09-28T09:04:24.916+00:00 host_mono_ns=2345284106588096 
[SEDP-RACE-RUN35] host_utc=2026-09-28T09:04:24.916+00:00 host_mono_ns=2345284106598836 === DEBUG [lwip-posix]: udp_sendto called! Bypassing to POSIX sendto ===
[SEDP-RACE-RUN35] host_utc=2026-09-28T09:04:24.916+00:00 host_mono_ns=2345284106854349 
[SEDP-RACE-RUN35] host_utc=2026-09-28T09:04:24.916+00:00 host_mono_ns=2345284106865610 === DEBUG [lwip-posix]: recvfrom received packet of len 52! Bypassing to pcb->recv ===
[SEDP-RACE-RUN35] host_utc=2026-09-28T09:04:24.916+00:00 host_mono_ns=2345284106891940 
[SEDP-RACE-RUN35] host_utc=2026-09-28T09:04:24.916+00:00 host_mono_ns=2345284106896959 === DEBUG [lwip-posix]: udp_sendto called! Bypassing to POSIX sendto ===
[SEDP-RACE-RUN35] host_utc=2026-09-28T09:04:24.916+00:00 host_mono_ns=2345284106995405 
[SEDP-RACE-RUN35] host_utc=2026-09-28T09:04:24.916+00:00 host_mono_ns=2345284107011315 === DEBUG [lwip-posix]: recvfrom received packet of len 52! Bypassing to pcb->recv ===
[SEDP-RACE-RUN35] host_utc=2026-09-28T09:04:24.916+00:00 host_mono_ns=2345284107019431 
[SEDP-RACE-RUN35] host_utc=2026-09-28T09:04:24.916+00:00 host_mono_ns=2345284107024029 === DEBUG [lwip-posix]: udp_sendto called! Bypassing to POSIX sendto ===
[SEDP-RACE-RUN35] host_utc=2026-09-28T09:04:24.916+00:00 host_mono_ns=2345284107155568 
[SEDP-RACE-RUN35] host_utc=2026-09-28T09:04:24.916+00:00 host_mono_ns=2345284107167380 === DEBUG [lwip-posix]: recvfrom received packet of len 52! Bypassing to pcb->recv ===
[SEDP-RACE-RUN35] host_utc=2026-09-28T09:04:24.917+00:00 host_mono_ns=2345284107176457 
[SEDP-RACE-RUN35] host_utc=2026-09-28T09:04:24.917+00:00 host_mono_ns=2345284107181126 === DEBUG [lwip-posix]: udp_sendto called! Bypassing to POSIX sendto ===
[SEDP-RACE-RUN35] host_utc=2026-09-28T09:04:24.917+00:00 host_mono_ns=2345284107305792 
[SEDP-RACE-RUN35] host_utc=2026-09-28T09:04:24.917+00:00 host_mono_ns=2345284107315520 === DEBUG [lwip-posix]: recvfrom received packet of len 52! Bypassing to pcb->recv ===
[SEDP-RACE-RUN35] host_utc=2026-09-28T09:04:24.917+00:00 host_mono_ns=2345284107320610 
[SEDP-RACE-RUN35] host_utc=2026-09-28T09:04:24.917+00:00 host_mono_ns=2345284107325018 === DEBUG [lwip-posix]: udp_sendto called! Bypassing to POSIX sendto ===
[SEDP-RACE-RUN35] host_utc=2026-09-28T09:04:24.917+00:00 host_mono_ns=2345284107462598 
[SEDP-RACE-RUN35] host_utc=2026-09-28T09:04:24.917+00:00 host_mono_ns=2345284107471705 === DEBUG [lwip-posix]: recvfrom received packet of len 52! Bypassing to pcb->recv ===
[SEDP-RACE-RUN35] host_utc=2026-09-28T09:04:24.917+00:00 host_mono_ns=2345284107477596 
[SEDP-RACE-RUN35] host_utc=2026-09-28T09:04:24.917+00:00 host_mono_ns=2345284107482726 === DEBUG [lwip-posix]: udp_sendto called! Bypassing to POSIX sendto ===
[SEDP-RACE-RUN35] host_utc=2026-09-28T09:04:24.917+00:00 host_mono_ns=2345284107588406 
[SEDP-RACE-RUN35] host_utc=2026-09-28T09:04:24.917+00:00 host_mono_ns=2345284107599707 === DEBUG [lwip-posix]: recvfrom received packet of len 52! Bypassing to pcb->recv ===
[SEDP-RACE-RUN35] host_utc=2026-09-28T09:04:24.917+00:00 host_mono_ns=2345284107607452 
[SEDP-RACE-RUN35] host_utc=2026-09-28T09:04:24.917+00:00 host_mono_ns=2345284107614515 === DEBUG [lwip-posix]: udp_sendto called! Bypassing to POSIX sendto ===
[SEDP-RACE-RUN35] host_utc=2026-09-28T09:04:24.917+00:00 host_mono_ns=2345284107955109 
[SEDP-RACE-RUN35] host_utc=2026-09-28T09:04:24.917+00:00 host_mono_ns=2345284107964947 === DEBUG [lwip-posix]: recvfrom received packet of len 52! Bypassing to pcb->recv ===
[SEDP-RACE-RUN35] host_utc=2026-09-28T09:04:24.917+00:00 host_mono_ns=2345284107970417 
[SEDP-RACE-RUN35] host_utc=2026-09-28T09:04:24.917+00:00 host_mono_ns=2345284107974936 === DEBUG [lwip-posix]: udp_sendto called! Bypassing to POSIX sendto ===
[SEDP-RACE-RUN35] host_utc=2026-09-28T09:04:24.917+00:00 host_mono_ns=2345284107979475 
[SEDP-RACE-RUN35] host_utc=2026-09-28T09:04:24.917+00:00 host_mono_ns=2345284107983813 === DEBUG [lwip-posix]: recvfrom received packet of len 52! Bypassing to pcb->recv ===
[SEDP-RACE-RUN35] host_utc=2026-09-28T09:04:24.917+00:00 host_mono_ns=2345284107988241 
[SEDP-RACE-RUN35] host_utc=2026-09-28T09:04:24.917+00:00 host_mono_ns=2345284107999292 === DEBUG [lwip-posix]: udp_sendto called! Bypassing to POSIX sendto ===
[SEDP-RACE-RUN35] host_utc=2026-09-28T09:04:24.917+00:00 host_mono_ns=2345284108014160 
[SEDP-RACE-RUN35] host_utc=2026-09-28T09:04:24.917+00:00 host_mono_ns=2345284108018799 === DEBUG [lwip-posix]: recvfrom received packet of len 52! Bypassing to pcb->recv ===
[SEDP-RACE-RUN35] host_utc=2026-09-28T09:04:24.917+00:00 host_mono_ns=2345284108023297 
[SEDP-RACE-RUN35] host_utc=2026-09-28T09:04:24.917+00:00 host_mono_ns=2345284108027656 === DEBUG [lwip-posix]: udp_sendto called! Bypassing to POSIX sendto ===
[SEDP-RACE-RUN35] host_utc=2026-09-28T09:04:24.918+00:00 host_mono_ns=2345284108470162 
[SEDP-RACE-RUN35] host_utc=2026-09-28T09:04:24.918+00:00 host_mono_ns=2345284108480561 === DEBUG [lwip-posix]: recvfrom received packet of len 52! Bypassing to pcb->recv ===
[SEDP-RACE-RUN35] host_utc=2026-09-28T09:04:24.918+00:00 host_mono_ns=2345284108485751 
[SEDP-RACE-RUN35] host_utc=2026-09-28T09:04:24.918+00:00 host_mono_ns=2345284108490139 === DEBUG [lwip-posix]: udp_sendto called! Bypassing to POSIX sendto ===
[SEDP-RACE-RUN35] host_utc=2026-09-28T09:04:24.918+00:00 host_mono_ns=2345284108540515 
[SEDP-RACE-RUN35] host_utc=2026-09-28T09:04:24.918+00:00 host_mono_ns=2345284108550113 === DEBUG [lwip-posix]: recvfrom received packet of len 52! Bypassing to pcb->recv ===
[SEDP-RACE-RUN35] host_utc=2026-09-28T09:04:24.918+00:00 host_mono_ns=2345284108555343 
[SEDP-RACE-RUN35] host_utc=2026-09-28T09:04:24.918+00:00 host_mono_ns=2345284108559801 === DEBUG [lwip-posix]: udp_sendto called! Bypassing to POSIX sendto ===
[SEDP-RACE-RUN35] host_utc=2026-09-28T09:04:24.918+00:00 host_mono_ns=2345284108877090 
[SEDP-RACE-RUN35] host_utc=2026-09-28T09:04:24.918+00:00 host_mono_ns=2345284108888702 === DEBUG [lwip-posix]: recvfrom received packet of len 52! Bypassing to pcb->recv ===
[SEDP-RACE-RUN35] host_utc=2026-09-28T09:04:24.918+00:00 host_mono_ns=2345284108896237 
[SEDP-RACE-RUN35] host_utc=2026-09-28T09:04:24.918+00:00 host_mono_ns=2345284108902358 === DEBUG [lwip-posix]: udp_sendto called! Bypassing to POSIX sendto ===
[SEDP-RACE-RUN35] host_utc=2026-09-28T09:04:24.918+00:00 host_mono_ns=2345284108908650 
[SEDP-RACE-RUN35] host_utc=2026-09-28T09:04:24.918+00:00 host_mono_ns=2345284108914611 === DEBUG [lwip-posix]: recvfrom received packet of len 52! Bypassing to pcb->recv ===
[SEDP-RACE-RUN35] host_utc=2026-09-28T09:04:24.918+00:00 host_mono_ns=2345284108925472 
[SEDP-RACE-RUN35] host_utc=2026-09-28T09:04:24.918+00:00 host_mono_ns=2345284108929990 === DEBUG [lwip-posix]: udp_sendto called! Bypassing to POSIX sendto ===
[SEDP-RACE-RUN35] host_utc=2026-09-28T09:04:24.918+00:00 host_mono_ns=2345284109163842 
[SEDP-RACE-RUN35] host_utc=2026-09-28T09:04:24.919+00:00 host_mono_ns=2345284109199459 === DEBUG [lwip-posix]: recvfrom received packet of len 52! Bypassing to pcb->recv ===
[SEDP-RACE-RUN35] host_utc=2026-09-28T09:04:24.919+00:00 host_mono_ns=2345284109216582 
[SEDP-RACE-RUN35] host_utc=2026-09-28T09:04:24.919+00:00 host_mono_ns=2345284109231300 === DEBUG [lwip-posix]: udp_sendto called! Bypassing to POSIX sendto ===
[SEDP-RACE-RUN35] host_utc=2026-09-28T09:04:24.919+00:00 host_mono_ns=2345284109245617 
[SEDP-RACE-RUN35] host_utc=2026-09-28T09:04:24.919+00:00 host_mono_ns=2345284109258882 === DEBUG [lwip-posix]: recvfrom received packet of len 52! Bypassing to pcb->recv ===
[SEDP-RACE-RUN35] host_utc=2026-09-28T09:04:24.919+00:00 host_mono_ns=2345284109272618 
[SEDP-RACE-RUN35] host_utc=2026-09-28T09:04:24.919+00:00 host_mono_ns=2345284109285953 === DEBUG [lwip-posix]: udp_sendto called! Bypassing to POSIX sendto ===
[SEDP-RACE-RUN35] host_utc=2026-09-28T09:04:24.919+00:00 host_mono_ns=2345284109364351 
[SEDP-RACE-RUN35] host_utc=2026-09-28T09:04:24.919+00:00 host_mono_ns=2345284109374931 === DEBUG [lwip-posix]: recvfrom received packet of len 52! Bypassing to pcb->recv ===
[SEDP-RACE-RUN35] host_utc=2026-09-28T09:04:24.919+00:00 host_mono_ns=2345284109382385 
[SEDP-RACE-RUN35] host_utc=2026-09-28T09:04:24.919+00:00 host_mono_ns=2345284109396522 === DEBUG [lwip-posix]: udp_sendto called! Bypassing to POSIX sendto ===
[SEDP-RACE-RUN35] host_utc=2026-09-28T09:04:24.919+00:00 host_mono_ns=2345284109431227 
[SEDP-RACE-RUN35] host_utc=2026-09-28T09:04:24.919+00:00 host_mono_ns=2345284109440385 === DEBUG [lwip-posix]: recvfrom received packet of len 52! Bypassing to pcb->recv ===
[SEDP-RACE-RUN35] host_utc=2026-09-28T09:04:24.919+00:00 host_mono_ns=2345284109480571 
[SEDP-RACE-RUN35] host_utc=2026-09-28T09:04:24.919+00:00 host_mono_ns=2345284109487223 === DEBUG [lwip-posix]: udp_sendto called! Bypassing to POSIX sendto ===
[SEDP-RACE-RUN35] host_utc=2026-09-28T09:04:24.919+00:00 host_mono_ns=2345284109707539 
[SEDP-RACE-RUN35] host_utc=2026-09-28T09:04:24.919+00:00 host_mono_ns=2345284109719582 === DEBUG [lwip-posix]: recvfrom received packet of len 52! Bypassing to pcb->recv ===
[SEDP-RACE-RUN35] host_utc=2026-09-28T09:04:24.919+00:00 host_mono_ns=2345284109727036 
[SEDP-RACE-RUN35] host_utc=2026-09-28T09:04:24.919+00:00 host_mono_ns=2345284109733869 === DEBUG [lwip-posix]: udp_sendto called! Bypassing to POSIX sendto ===
[SEDP-RACE-RUN35] host_utc=2026-09-28T09:04:24.919+00:00 host_mono_ns=2345284109740812 
[SEDP-RACE-RUN35] host_utc=2026-09-28T09:04:24.919+00:00 host_mono_ns=2345284109750711 === DEBUG [lwip-posix]: recvfrom received packet of len 52! Bypassing to pcb->recv ===
[SEDP-RACE-RUN35] host_utc=2026-09-28T09:04:24.919+00:00 host_mono_ns=2345284109757604 
[SEDP-RACE-RUN35] host_utc=2026-09-28T09:04:24.919+00:00 host_mono_ns=2345284109764016 === DEBUG [lwip-posix]: udp_sendto called! Bypassing to POSIX sendto ===
[SEDP-RACE-RUN35] host_utc=2026-09-28T09:04:24.919+00:00 host_mono_ns=2345284109998088 
[SEDP-RACE-RUN35] host_utc=2026-09-28T09:04:24.919+00:00 host_mono_ns=2345284110017174 === DEBUG [lwip-posix]: recvfrom received packet of len 52! Bypassing to pcb->recv ===
[SEDP-RACE-RUN35] host_utc=2026-09-28T09:04:24.919+00:00 host_mono_ns=2345284110024979 
[SEDP-RACE-RUN35] host_utc=2026-09-28T09:04:24.919+00:00 host_mono_ns=2345284110032093 === DEBUG [lwip-posix]: udp_sendto called! Bypassing to POSIX sendto ===
[SEDP-RACE-RUN35] host_utc=2026-09-28T09:04:24.919+00:00 host_mono_ns=2345284110098348 
[SEDP-RACE-RUN35] host_utc=2026-09-28T09:04:24.919+00:00 host_mono_ns=2345284110107265 === DEBUG [lwip-posix]: recvfrom received packet of len 52! Bypassing to pcb->recv ===
[SEDP-RACE-RUN35] host_utc=2026-09-28T09:04:24.919+00:00 host_mono_ns=2345284110112424 
[SEDP-RACE-RUN35] host_utc=2026-09-28T09:04:24.919+00:00 host_mono_ns=2345284110116863 === DEBUG [lwip-posix]: udp_sendto called! Bypassing to POSIX sendto ===
[SEDP-RACE-RUN35] host_utc=2026-09-28T09:04:24.920+00:00 host_mono_ns=2345284110207434 
[SEDP-RACE-RUN35] host_utc=2026-09-28T09:04:24.920+00:00 host_mono_ns=2345284110218405 === DEBUG [lwip-posix]: recvfrom received packet of len 52! Bypassing to pcb->recv ===
[SEDP-RACE-RUN35] host_utc=2026-09-28T09:04:24.920+00:00 host_mono_ns=2345284110225698 
[SEDP-RACE-RUN35] host_utc=2026-09-28T09:04:24.920+00:00 host_mono_ns=2345284110231910 === DEBUG [lwip-posix]: udp_sendto called! Bypassing to POSIX sendto ===
[SEDP-RACE-RUN35] host_utc=2026-09-28T09:04:24.920+00:00 host_mono_ns=2345284110238212 
[SEDP-RACE-RUN35] host_utc=2026-09-28T09:04:24.920+00:00 host_mono_ns=2345284110244404 === DEBUG [lwip-posix]: recvfrom received packet of len 52! Bypassing to pcb->recv ===
[SEDP-RACE-RUN35] host_utc=2026-09-28T09:04:24.920+00:00 host_mono_ns=2345284110258059 
[SEDP-RACE-RUN35] host_utc=2026-09-28T09:04:24.920+00:00 host_mono_ns=2345284110265043 === DEBUG [lwip-posix]: udp_sendto called! Bypassing to POSIX sendto ===
[SEDP-RACE-RUN35] host_utc=2026-09-28T09:04:24.920+00:00 host_mono_ns=2345284110520896 
[SEDP-RACE-RUN35] host_utc=2026-09-28T09:04:24.920+00:00 host_mono_ns=2345284110531656 === DEBUG [lwip-posix]: recvfrom received packet of len 52! Bypassing to pcb->recv ===
[SEDP-RACE-RUN35] host_utc=2026-09-28T09:04:24.920+00:00 host_mono_ns=2345284110538579 
[SEDP-RACE-RUN35] host_utc=2026-09-28T09:04:24.920+00:00 host_mono_ns=2345284110552245 === DEBUG [lwip-posix]: udp_sendto called! Bypassing to POSIX sendto ===
[SEDP-RACE-RUN35] host_utc=2026-09-28T09:04:24.920+00:00 host_mono_ns=2345284110578244 
[SEDP-RACE-RUN35] host_utc=2026-09-28T09:04:24.920+00:00 host_mono_ns=2345284110589005 === DEBUG [lwip-posix]: recvfrom received packet of len 52! Bypassing to pcb->recv ===
[SEDP-RACE-RUN35] host_utc=2026-09-28T09:04:24.920+00:00 host_mono_ns=2345284110596028 
[SEDP-RACE-RUN35] host_utc=2026-09-28T09:04:24.920+00:00 host_mono_ns=2345284110602280 === DEBUG [lwip-posix]: udp_sendto called! Bypassing to POSIX sendto ===
[SEDP-RACE-RUN35] host_utc=2026-09-28T09:04:24.920+00:00 host_mono_ns=2345284110756421 
[SEDP-RACE-RUN35] host_utc=2026-09-28T09:04:24.920+00:00 host_mono_ns=2345284110766320 === DEBUG [lwip-posix]: recvfrom received packet of len 52! Bypassing to pcb->recv ===
[SEDP-RACE-RUN35] host_utc=2026-09-28T09:04:24.920+00:00 host_mono_ns=2345284110773103 
[SEDP-RACE-RUN35] host_utc=2026-09-28T09:04:24.920+00:00 host_mono_ns=2345284110779324 === DEBUG [lwip-posix]: udp_sendto called! Bypassing to POSIX sendto ===
[SEDP-RACE-RUN35] host_utc=2026-09-28T09:04:24.920+00:00 host_mono_ns=2345284110785456 
[SEDP-RACE-RUN35] host_utc=2026-09-28T09:04:24.920+00:00 host_mono_ns=2345284110791437 === DEBUG [lwip-posix]: recvfrom received packet of len 52! Bypassing to pcb->recv ===
[SEDP-RACE-RUN35] host_utc=2026-09-28T09:04:24.920+00:00 host_mono_ns=2345284110797789 
[SEDP-RACE-RUN35] host_utc=2026-09-28T09:04:24.920+00:00 host_mono_ns=2345284110803861 === DEBUG [lwip-posix]: udp_sendto called! Bypassing to POSIX sendto ===
[SEDP-RACE-RUN35] host_utc=2026-09-28T09:04:24.920+00:00 host_mono_ns=2345284110921122 
[SEDP-RACE-RUN35] host_utc=2026-09-28T09:04:24.920+00:00 host_mono_ns=2345284110930480 === DEBUG [lwip-posix]: recvfrom received packet of len 52! Bypassing to pcb->recv ===
[SEDP-RACE-RUN35] host_utc=2026-09-28T09:04:24.920+00:00 host_mono_ns=2345284110936762 
[SEDP-RACE-RUN35] host_utc=2026-09-28T09:04:24.920+00:00 host_mono_ns=2345284110942933 === DEBUG [lwip-posix]: udp_sendto called! Bypassing to POSIX sendto ===
[SEDP-RACE-RUN35] host_utc=2026-09-28T09:04:24.920+00:00 host_mono_ns=2345284110993830 
[SEDP-RACE-RUN35] host_utc=2026-09-28T09:04:24.920+00:00 host_mono_ns=2345284111011012 === DEBUG [lwip-posix]: recvfrom received packet of len 52! Bypassing to pcb->recv ===
[SEDP-RACE-RUN35] host_utc=2026-09-28T09:04:24.920+00:00 host_mono_ns=2345284111019077 
[SEDP-RACE-RUN35] host_utc=2026-09-28T09:04:24.920+00:00 host_mono_ns=2345284111023686 === DEBUG [lwip-posix]: udp_sendto called! Bypassing to POSIX sendto ===
[SEDP-RACE-RUN35] host_utc=2026-09-28T09:04:24.921+00:00 host_mono_ns=2345284111348179 
[SEDP-RACE-RUN35] host_utc=2026-09-28T09:04:24.921+00:00 host_mono_ns=2345284111358168 === DEBUG [lwip-posix]: recvfrom received packet of len 52! Bypassing to pcb->recv ===
[SEDP-RACE-RUN35] host_utc=2026-09-28T09:04:24.921+00:00 host_mono_ns=2345284111380941 
[SEDP-RACE-RUN35] host_utc=2026-09-28T09:04:24.921+00:00 host_mono_ns=2345284111389848 === DEBUG [lwip-posix]: udp_sendto called! Bypassing to POSIX sendto ===
[SEDP-RACE-RUN35] host_utc=2026-09-28T09:04:24.921+00:00 host_mono_ns=2345284111811133 
[SEDP-RACE-RUN35] host_utc=2026-09-28T09:04:24.921+00:00 host_mono_ns=2345284111819890 === DEBUG [lwip-posix]: recvfrom received packet of len 52! Bypassing to pcb->recv ===
[SEDP-RACE-RUN35] host_utc=2026-09-28T09:04:24.921+00:00 host_mono_ns=2345284111824969 
[SEDP-RACE-RUN35] host_utc=2026-09-28T09:04:24.921+00:00 host_mono_ns=2345284111829398 === DEBUG [lwip-posix]: udp_sendto called! Bypassing to POSIX sendto ===
[SEDP-RACE-RUN35] host_utc=2026-09-28T09:04:24.921+00:00 host_mono_ns=2345284111833876 
[SEDP-RACE-RUN35] host_utc=2026-09-28T09:04:24.921+00:00 host_mono_ns=2345284111838184 === DEBUG [lwip-posix]: recvfrom received packet of len 52! Bypassing to pcb->recv ===
[SEDP-RACE-RUN35] host_utc=2026-09-28T09:04:24.921+00:00 host_mono_ns=2345284111842553 
[SEDP-RACE-RUN35] host_utc=2026-09-28T09:04:24.921+00:00 host_mono_ns=2345284111846871 === DEBUG [lwip-posix]: udp_sendto called! Bypassing to POSIX sendto ===
[SEDP-RACE-RUN35] host_utc=2026-09-28T09:04:24.921+00:00 host_mono_ns=2345284111930409 
[SEDP-RACE-RUN35] host_utc=2026-09-28T09:04:24.921+00:00 host_mono_ns=2345284111941810 === DEBUG [lwip-posix]: recvfrom received packet of len 52! Bypassing to pcb->recv ===
[SEDP-RACE-RUN35] host_utc=2026-09-28T09:04:24.921+00:00 host_mono_ns=2345284111948974 
[SEDP-RACE-RUN35] host_utc=2026-09-28T09:04:24.921+00:00 host_mono_ns=2345284111955175 === DEBUG [lwip-posix]: udp_sendto called! Bypassing to POSIX sendto ===
[SEDP-RACE-RUN35] host_utc=2026-09-28T09:04:24.921+00:00 host_mono_ns=2345284111999078 
[SEDP-RACE-RUN35] host_utc=2026-09-28T09:04:24.921+00:00 host_mono_ns=2345284112014578 === DEBUG [lwip-posix]: recvfrom received packet of len 52! Bypassing to pcb->recv ===
[SEDP-RACE-RUN35] host_utc=2026-09-28T09:04:24.921+00:00 host_mono_ns=2345284112021591 
[SEDP-RACE-RUN35] host_utc=2026-09-28T09:04:24.921+00:00 host_mono_ns=2345284112027933 === DEBUG [lwip-posix]: udp_sendto called! Bypassing to POSIX sendto ===
[SEDP-RACE-RUN35] host_utc=2026-09-28T09:04:24.922+00:00 host_mono_ns=2345284112218403 
[SEDP-RACE-RUN35] host_utc=2026-09-28T09:04:24.922+00:00 host_mono_ns=2345284112228291 === DEBUG [lwip-posix]: recvfrom received packet of len 52! Bypassing to pcb->recv ===
[SEDP-RACE-RUN35] host_utc=2026-09-28T09:04:24.922+00:00 host_mono_ns=2345284112235295 
[SEDP-RACE-RUN35] host_utc=2026-09-28T09:04:24.922+00:00 host_mono_ns=2345284112241787 === DEBUG [lwip-posix]: udp_sendto called! Bypassing to POSIX sendto ===
[SEDP-RACE-RUN35] host_utc=2026-09-28T09:04:24.922+00:00 host_mono_ns=2345284112248329 
[SEDP-RACE-RUN35] host_utc=2026-09-28T09:04:24.922+00:00 host_mono_ns=2345284112254491 === DEBUG [lwip-posix]: recvfrom received packet of len 52! Bypassing to pcb->recv ===
[SEDP-RACE-RUN35] host_utc=2026-09-28T09:04:24.922+00:00 host_mono_ns=2345284112263578 
[SEDP-RACE-RUN35] host_utc=2026-09-28T09:04:24.922+00:00 host_mono_ns=2345284112269960 === DEBUG [lwip-posix]: udp_sendto called! Bypassing to POSIX sendto ===
[SEDP-RACE-RUN35] host_utc=2026-09-28T09:04:24.922+00:00 host_mono_ns=2345284112433229 
[SEDP-RACE-RUN35] host_utc=2026-09-28T09:04:24.922+00:00 host_mono_ns=2345284112449359 === DEBUG [lwip-posix]: recvfrom received packet of len 52! Bypassing to pcb->recv ===
[SEDP-RACE-RUN35] host_utc=2026-09-28T09:04:24.922+00:00 host_mono_ns=2345284112458156 
[SEDP-RACE-RUN35] host_utc=2026-09-28T09:04:24.922+00:00 host_mono_ns=2345284112464888 === DEBUG [lwip-posix]: udp_sendto called! Bypassing to POSIX sendto ===
[SEDP-RACE-RUN35] host_utc=2026-09-28T09:04:24.922+00:00 host_mono_ns=2345284112476781 
[SEDP-RACE-RUN35] host_utc=2026-09-28T09:04:24.922+00:00 host_mono_ns=2345284112483594 === DEBUG [lwip-posix]: recvfrom received packet of len 52! Bypassing to pcb->recv ===
[SEDP-RACE-RUN35] host_utc=2026-09-28T09:04:24.922+00:00 host_mono_ns=2345284112490357 
[SEDP-RACE-RUN35] host_utc=2026-09-28T09:04:24.922+00:00 host_mono_ns=2345284112496859 === DEBUG [lwip-posix]: udp_sendto called! Bypassing to POSIX sendto ===
[SEDP-RACE-RUN35] host_utc=2026-09-28T09:04:24.922+00:00 host_mono_ns=2345284112855997 
[SEDP-RACE-RUN35] host_utc=2026-09-28T09:04:24.922+00:00 host_mono_ns=2345284112866607 === DEBUG [lwip-posix]: recvfrom received packet of len 52! Bypassing to pcb->recv ===
[SEDP-RACE-RUN35] host_utc=2026-09-28T09:04:24.922+00:00 host_mono_ns=2345284112873450 
[SEDP-RACE-RUN35] host_utc=2026-09-28T09:04:24.922+00:00 host_mono_ns=2345284112879722 === DEBUG [lwip-posix]: udp_sendto called! Bypassing to POSIX sendto ===
[SEDP-RACE-RUN35] host_utc=2026-09-28T09:04:24.922+00:00 host_mono_ns=2345284112977717 
[SEDP-RACE-RUN35] host_utc=2026-09-28T09:04:24.922+00:00 host_mono_ns=2345284112986624 === DEBUG [lwip-posix]: recvfrom received packet of len 52! Bypassing to pcb->recv ===
[SEDP-RACE-RUN35] host_utc=2026-09-28T09:04:24.922+00:00 host_mono_ns=2345284112993317 
[SEDP-RACE-RUN35] host_utc=2026-09-28T09:04:24.922+00:00 host_mono_ns=2345284112999268 === DEBUG [lwip-posix]: udp_sendto called! Bypassing to POSIX sendto ===
[SEDP-RACE-RUN35] host_utc=2026-09-28T09:04:24.923+00:00 host_mono_ns=2345284113256223 
[SEDP-RACE-RUN35] host_utc=2026-09-28T09:04:24.923+00:00 host_mono_ns=2345284113266182 === DEBUG [lwip-posix]: recvfrom received packet of len 52! Bypassing to pcb->recv ===
[SEDP-RACE-RUN35] host_utc=2026-09-28T09:04:24.923+00:00 host_mono_ns=2345284113273105 
[SEDP-RACE-RUN35] host_utc=2026-09-28T09:04:24.923+00:00 host_mono_ns=2345284113279427 === DEBUG [lwip-posix]: udp_sendto called! Bypassing to POSIX sendto ===
[SEDP-RACE-RUN35] host_utc=2026-09-28T09:04:24.923+00:00 host_mono_ns=2345284113364047 
[SEDP-RACE-RUN35] host_utc=2026-09-28T09:04:24.923+00:00 host_mono_ns=2345284113372894 === DEBUG [lwip-posix]: recvfrom received packet of len 52! Bypassing to pcb->recv ===
[SEDP-RACE-RUN35] host_utc=2026-09-28T09:04:24.923+00:00 host_mono_ns=2345284113379617 
[SEDP-RACE-RUN35] host_utc=2026-09-28T09:04:24.923+00:00 host_mono_ns=2345284113385558 === DEBUG [lwip-posix]: udp_sendto called! Bypassing to POSIX sendto ===
[SEDP-RACE-RUN35] host_utc=2026-09-28T09:04:24.923+00:00 host_mono_ns=2345284113601235 
[SEDP-RACE-RUN35] host_utc=2026-09-28T09:04:24.923+00:00 host_mono_ns=2345284113611435 === DEBUG [lwip-posix]: recvfrom received packet of len 52! Bypassing to pcb->recv ===
[SEDP-RACE-RUN35] host_utc=2026-09-28T09:04:24.923+00:00 host_mono_ns=2345284113618187 
[SEDP-RACE-RUN35] host_utc=2026-09-28T09:04:24.923+00:00 host_mono_ns=2345284113624539 === DEBUG [lwip-posix]: udp_sendto called! Bypassing to POSIX sendto ===
[SEDP-RACE-RUN35] host_utc=2026-09-28T09:04:24.923+00:00 host_mono_ns=2345284113825249 
[SEDP-RACE-RUN35] host_utc=2026-09-28T09:04:24.923+00:00 host_mono_ns=2345284113840768 === DEBUG [lwip-posix]: recvfrom received packet of len 52! Bypassing to pcb->recv ===
[SEDP-RACE-RUN35] host_utc=2026-09-28T09:04:24.923+00:00 host_mono_ns=2345284113848502 
[SEDP-RACE-RUN35] host_utc=2026-09-28T09:04:24.923+00:00 host_mono_ns=2345284113853802 === DEBUG [lwip-posix]: udp_sendto called! Bypassing to POSIX sendto ===
[SEDP-RACE-RUN35] host_utc=2026-09-28T09:04:24.923+00:00 host_mono_ns=2345284113877758 
[SEDP-RACE-RUN35] host_utc=2026-09-28T09:04:24.923+00:00 host_mono_ns=2345284113887516 === DEBUG [lwip-posix]: recvfrom received packet of len 52! Bypassing to pcb->recv ===
[SEDP-RACE-RUN35] host_utc=2026-09-28T09:04:24.923+00:00 host_mono_ns=2345284113894339 
[SEDP-RACE-RUN35] host_utc=2026-09-28T09:04:24.923+00:00 host_mono_ns=2345284113900461 === DEBUG [lwip-posix]: udp_sendto called! Bypassing to POSIX sendto ===
[SEDP-RACE-RUN35] host_utc=2026-09-28T09:04:24.923+00:00 host_mono_ns=2345284114152036 
[SEDP-RACE-RUN35] host_utc=2026-09-28T09:04:24.924+00:00 host_mono_ns=2345284114168297 === DEBUG [lwip-posix]: recvfrom received packet of len 52! Bypassing to pcb->recv ===
[SEDP-RACE-RUN35] host_utc=2026-09-28T09:04:24.924+00:00 host_mono_ns=2345284114226336 
[SEDP-RACE-RUN35] host_utc=2026-09-28T09:04:24.924+00:00 host_mono_ns=2345284114235263 === DEBUG [lwip-posix]: udp_sendto called! Bypassing to POSIX sendto ===
[SEDP-RACE-RUN35] host_utc=2026-09-28T09:04:24.924+00:00 host_mono_ns=2345284114240513 
[SEDP-RACE-RUN35] host_utc=2026-09-28T09:04:24.924+00:00 host_mono_ns=2345284114245032 === DEBUG [lwip-posix]: recvfrom received packet of len 52! Bypassing to pcb->recv ===
[SEDP-RACE-RUN35] host_utc=2026-09-28T09:04:24.924+00:00 host_mono_ns=2345284114249580 
[SEDP-RACE-RUN35] host_utc=2026-09-28T09:04:24.924+00:00 host_mono_ns=2345284114253848 === DEBUG [lwip-posix]: udp_sendto called! Bypassing to POSIX sendto ===
[SEDP-RACE-RUN35] host_utc=2026-09-28T09:04:24.924+00:00 host_mono_ns=2345284114436053 
[SEDP-RACE-RUN35] host_utc=2026-09-28T09:04:24.924+00:00 host_mono_ns=2345284114447073 === DEBUG [lwip-posix]: recvfrom received packet of len 52! Bypassing to pcb->recv ===
[SEDP-RACE-RUN35] host_utc=2026-09-28T09:04:24.924+00:00 host_mono_ns=2345284114454057 
[SEDP-RACE-RUN35] host_utc=2026-09-28T09:04:24.924+00:00 host_mono_ns=2345284114460138 === DEBUG [lwip-posix]: udp_sendto called! Bypassing to POSIX sendto ===
[SEDP-RACE-RUN35] host_utc=2026-09-28T09:04:24.924+00:00 host_mono_ns=2345284114670275 
[SEDP-RACE-RUN35] host_utc=2026-09-28T09:04:24.924+00:00 host_mono_ns=2345284114688890 === DEBUG [lwip-posix]: recvfrom received packet of len 52! Bypassing to pcb->recv ===
[SEDP-RACE-RUN35] host_utc=2026-09-28T09:04:24.924+00:00 host_mono_ns=2345284114699330 
[SEDP-RACE-RUN35] host_utc=2026-09-28T09:04:24.924+00:00 host_mono_ns=2345284114711793 === DEBUG [lwip-posix]: udp_sendto called! Bypassing to POSIX sendto ===
[SEDP-RACE-RUN35] host_utc=2026-09-28T09:04:24.924+00:00 host_mono_ns=2345284114728515 
[SEDP-RACE-RUN35] host_utc=2026-09-28T09:04:24.924+00:00 host_mono_ns=2345284114741059 === DEBUG [lwip-posix]: recvfrom received packet of len 52! Bypassing to pcb->recv ===
[SEDP-RACE-RUN35] host_utc=2026-09-28T09:04:24.924+00:00 host_mono_ns=2345284114754023 
[SEDP-RACE-RUN35] host_utc=2026-09-28T09:04:24.924+00:00 host_mono_ns=2345284114766787 === DEBUG [lwip-posix]: udp_sendto called! Bypassing to POSIX sendto ===
[SEDP-RACE-RUN35] host_utc=2026-09-28T09:04:24.924+00:00 host_mono_ns=2345284114955283 
[SEDP-RACE-RUN35] host_utc=2026-09-28T09:04:24.924+00:00 host_mono_ns=2345284114969510 === DEBUG [lwip-posix]: recvfrom received packet of len 52! Bypassing to pcb->recv ===
[SEDP-RACE-RUN35] host_utc=2026-09-28T09:04:24.924+00:00 host_mono_ns=2345284114977626 
[SEDP-RACE-RUN35] host_utc=2026-09-28T09:04:24.924+00:00 host_mono_ns=2345284114984298 === DEBUG [lwip-posix]: udp_sendto called! Bypassing to POSIX sendto ===
[SEDP-RACE-RUN35] host_utc=2026-09-28T09:04:24.924+00:00 host_mono_ns=2345284115144711 
[SEDP-RACE-RUN35] host_utc=2026-09-28T09:04:24.924+00:00 host_mono_ns=2345284115165972 === DEBUG [lwip-posix]: recvfrom received packet of len 52! Bypassing to pcb->recv ===
[SEDP-RACE-RUN35] host_utc=2026-09-28T09:04:24.925+00:00 host_mono_ns=2345284115182032 
[SEDP-RACE-RUN35] host_utc=2026-09-28T09:04:24.925+00:00 host_mono_ns=2345284115193453 === DEBUG [lwip-posix]: udp_sendto called! Bypassing to POSIX sendto ===
[SEDP-RACE-RUN35] host_utc=2026-09-28T09:04:24.925+00:00 host_mono_ns=2345284115211498 
[SEDP-RACE-RUN35] host_utc=2026-09-28T09:04:24.925+00:00 host_mono_ns=2345284115222268 === DEBUG [lwip-posix]: recvfrom received packet of len 52! Bypassing to pcb->recv ===
[SEDP-RACE-RUN35] host_utc=2026-09-28T09:04:24.925+00:00 host_mono_ns=2345284115233359 
[SEDP-RACE-RUN35] host_utc=2026-09-28T09:04:24.925+00:00 host_mono_ns=2345284115244019 === DEBUG [lwip-posix]: udp_sendto called! Bypassing to POSIX sendto ===
[SEDP-RACE-RUN35] host_utc=2026-09-28T09:04:24.925+00:00 host_mono_ns=2345284115341373 
[SEDP-RACE-RUN35] host_utc=2026-09-28T09:04:24.925+00:00 host_mono_ns=2345284115357884 === DEBUG [lwip-posix]: recvfrom received packet of len 52! Bypassing to pcb->recv ===
[SEDP-RACE-RUN35] host_utc=2026-09-28T09:04:24.925+00:00 host_mono_ns=2345284115369306 
[SEDP-RACE-RUN35] host_utc=2026-09-28T09:04:24.925+00:00 host_mono_ns=2345284115380076 === DEBUG [lwip-posix]: udp_sendto called! Bypassing to POSIX sendto ===
[SEDP-RACE-RUN35] host_utc=2026-09-28T09:04:24.925+00:00 host_mono_ns=2345284115604520 
[SEDP-RACE-RUN35] host_utc=2026-09-28T09:04:24.925+00:00 host_mono_ns=2345284115624197 === DEBUG [lwip-posix]: recvfrom received packet of len 52! Bypassing to pcb->recv ===
[SEDP-RACE-RUN35] host_utc=2026-09-28T09:04:24.925+00:00 host_mono_ns=2345284115636450 
[SEDP-RACE-RUN35] host_utc=2026-09-28T09:04:24.925+00:00 host_mono_ns=2345284115648844 === DEBUG [lwip-posix]: udp_sendto called! Bypassing to POSIX sendto ===
[SEDP-RACE-RUN35] host_utc=2026-09-28T09:04:24.925+00:00 host_mono_ns=2345284115660125 
[SEDP-RACE-RUN35] host_utc=2026-09-28T09:04:24.925+00:00 host_mono_ns=2345284115668922 === DEBUG [lwip-posix]: recvfrom received packet of len 52! Bypassing to pcb->recv ===
[SEDP-RACE-RUN35] host_utc=2026-09-28T09:04:24.925+00:00 host_mono_ns=2345284115677889 
[SEDP-RACE-RUN35] host_utc=2026-09-28T09:04:24.925+00:00 host_mono_ns=2345284115686575 === DEBUG [lwip-posix]: udp_sendto called! Bypassing to POSIX sendto ===
[SEDP-RACE-RUN35] host_utc=2026-09-28T09:04:24.925+00:00 host_mono_ns=2345284115947438 
[SEDP-RACE-RUN35] host_utc=2026-09-28T09:04:24.925+00:00 host_mono_ns=2345284115964951 === DEBUG [lwip-posix]: recvfrom received packet of len 52! Bypassing to pcb->recv ===
[SEDP-RACE-RUN35] host_utc=2026-09-28T09:04:24.925+00:00 host_mono_ns=2345284115973397 
[SEDP-RACE-RUN35] host_utc=2026-09-28T09:04:24.925+00:00 host_mono_ns=2345284115980190 === DEBUG [lwip-posix]: udp_sendto called! Bypassing to POSIX sendto ===
[SEDP-RACE-RUN35] host_utc=2026-09-28T09:04:24.925+00:00 host_mono_ns=2345284115995369 
[SEDP-RACE-RUN35] host_utc=2026-09-28T09:04:24.925+00:00 host_mono_ns=2345284116008684 === DEBUG [lwip-posix]: recvfrom received packet of len 52! Bypassing to pcb->recv ===
[SEDP-RACE-RUN35] host_utc=2026-09-28T09:04:24.925+00:00 host_mono_ns=2345284116020366 
[SEDP-RACE-RUN35] host_utc=2026-09-28T09:04:24.925+00:00 host_mono_ns=2345284116027008 === DEBUG [lwip-posix]: udp_sendto called! Bypassing to POSIX sendto ===
[SEDP-RACE-RUN35] host_utc=2026-09-28T09:04:24.926+00:00 host_mono_ns=2345284116335591 
[SEDP-RACE-RUN35] host_utc=2026-09-28T09:04:24.926+00:00 host_mono_ns=2345284116347113 === DEBUG [lwip-posix]: recvfrom received packet of len 52! Bypassing to pcb->recv ===
[SEDP-RACE-RUN35] host_utc=2026-09-28T09:04:24.926+00:00 host_mono_ns=2345284116354337 
[SEDP-RACE-RUN35] host_utc=2026-09-28T09:04:24.926+00:00 host_mono_ns=2345284116360468 === DEBUG [lwip-posix]: recvfrom received packet of len 52! Bypassing to pcb->recv ===
[SEDP-RACE-RUN35] host_utc=2026-09-28T09:04:24.926+00:00 host_mono_ns=2345284116366750 
[SEDP-RACE-RUN35] host_utc=2026-09-28T09:04:24.926+00:00 host_mono_ns=2345284116372812 === DEBUG [lwip-posix]: udp_sendto called! Bypassing to POSIX sendto ===
[SEDP-RACE-RUN35] host_utc=2026-09-28T09:04:24.926+00:00 host_mono_ns=2345284116411916 
[SEDP-RACE-RUN35] host_utc=2026-09-28T09:04:24.926+00:00 host_mono_ns=2345284116429409 === DEBUG [lwip-posix]: udp_sendto called! Bypassing to POSIX sendto ===
[SEDP-RACE-RUN35] host_utc=2026-09-28T09:04:24.926+00:00 host_mono_ns=2345284116528666 
[SEDP-RACE-RUN35] host_utc=2026-09-28T09:04:24.926+00:00 host_mono_ns=2345284116544276 === DEBUG [lwip-posix]: recvfrom received packet of len 52! Bypassing to pcb->recv ===
[SEDP-RACE-RUN35] host_utc=2026-09-28T09:04:24.926+00:00 host_mono_ns=2345284116563312 
[SEDP-RACE-RUN35] host_utc=2026-09-28T09:04:24.926+00:00 host_mono_ns=2345284116574984 === DEBUG [lwip-posix]: udp_sendto called! Bypassing to POSIX sendto ===
[SEDP-RACE-RUN35] host_utc=2026-09-28T09:04:24.926+00:00 host_mono_ns=2345284116585644 
[SEDP-RACE-RUN35] host_utc=2026-09-28T09:04:24.926+00:00 host_mono_ns=2345284116595893 === DEBUG [lwip-posix]: recvfrom received packet of len 52! Bypassing to pcb->recv ===
[SEDP-RACE-RUN35] host_utc=2026-09-28T09:04:24.926+00:00 host_mono_ns=2345284116606183 
[SEDP-RACE-RUN35] host_utc=2026-09-28T09:04:24.926+00:00 host_mono_ns=2345284116616813 === DEBUG [lwip-posix]: udp_sendto called! Bypassing to POSIX sendto ===
[SEDP-RACE-RUN35] host_utc=2026-09-28T09:04:24.926+00:00 host_mono_ns=2345284116793867 
[SEDP-RACE-RUN35] host_utc=2026-09-28T09:04:24.926+00:00 host_mono_ns=2345284116813284 === DEBUG [lwip-posix]: recvfrom received packet of len 52! Bypassing to pcb->recv ===
[SEDP-RACE-RUN35] host_utc=2026-09-28T09:04:24.926+00:00 host_mono_ns=2345284116823944 
[SEDP-RACE-RUN35] host_utc=2026-09-28T09:04:24.926+00:00 host_mono_ns=2345284116838311 === DEBUG [lwip-posix]: udp_sendto called! Bypassing to POSIX sendto ===
[SEDP-RACE-RUN35] host_utc=2026-09-28T09:04:24.926+00:00 host_mono_ns=2345284116853029 
[SEDP-RACE-RUN35] host_utc=2026-09-28T09:04:24.926+00:00 host_mono_ns=2345284116861926 === DEBUG [lwip-posix]: recvfrom received packet of len 52! Bypassing to pcb->recv ===
[SEDP-RACE-RUN35] host_utc=2026-09-28T09:04:24.926+00:00 host_mono_ns=2345284116870903 
[SEDP-RACE-RUN35] host_utc=2026-09-28T09:04:24.926+00:00 host_mono_ns=2345284116879489 === DEBUG [lwip-posix]: udp_sendto called! Bypassing to POSIX sendto ===
[SEDP-RACE-RUN35] host_utc=2026-09-28T09:04:24.926+00:00 host_mono_ns=2345284117114353 
[SEDP-RACE-RUN35] host_utc=2026-09-28T09:04:24.926+00:00 host_mono_ns=2345284117138919 === DEBUG [lwip-posix]: recvfrom received packet of len 52! Bypassing to pcb->recv ===
[SEDP-RACE-RUN35] host_utc=2026-09-28T09:04:24.926+00:00 host_mono_ns=2345284117156853 
[SEDP-RACE-RUN35] host_utc=2026-09-28T09:04:24.926+00:00 host_mono_ns=2345284117169236 === DEBUG [lwip-posix]: udp_sendto called! Bypassing to POSIX sendto ===
[SEDP-RACE-RUN35] host_utc=2026-09-28T09:04:24.927+00:00 host_mono_ns=2345284117181279 
[SEDP-RACE-RUN35] host_utc=2026-09-28T09:04:24.927+00:00 host_mono_ns=2345284117192991 === DEBUG [lwip-posix]: recvfrom received packet of len 52! Bypassing to pcb->recv ===
[SEDP-RACE-RUN35] host_utc=2026-09-28T09:04:24.927+00:00 host_mono_ns=2345284117205795 
[SEDP-RACE-RUN35] host_utc=2026-09-28T09:04:24.927+00:00 host_mono_ns=2345284117217528 === DEBUG [lwip-posix]: udp_sendto called! Bypassing to POSIX sendto ===
[SEDP-RACE-RUN35] host_utc=2026-09-28T09:04:24.927+00:00 host_mono_ns=2345284117444587 
[SEDP-RACE-RUN35] host_utc=2026-09-28T09:04:24.927+00:00 host_mono_ns=2345284117458272 === DEBUG [lwip-posix]: recvfrom received packet of len 52! Bypassing to pcb->recv ===
[SEDP-RACE-RUN35] host_utc=2026-09-28T09:04:24.927+00:00 host_mono_ns=2345284117466227 
[SEDP-RACE-RUN35] host_utc=2026-09-28T09:04:24.927+00:00 host_mono_ns=2345284117473050 === DEBUG [lwip-posix]: udp_sendto called! Bypassing to POSIX sendto ===
[SEDP-RACE-RUN35] host_utc=2026-09-28T09:04:24.927+00:00 host_mono_ns=2345284117670784 
[SEDP-RACE-RUN35] host_utc=2026-09-28T09:04:24.927+00:00 host_mono_ns=2345284117691313 === DEBUG [lwip-posix]: recvfrom received packet of len 52! Bypassing to pcb->recv ===
[SEDP-RACE-RUN35] host_utc=2026-09-28T09:04:24.927+00:00 host_mono_ns=2345284117709357 
[SEDP-RACE-RUN35] host_utc=2026-09-28T09:04:24.927+00:00 host_mono_ns=2345284117722231 === DEBUG [lwip-posix]: udp_sendto called! Bypassing to POSIX sendto ===
[SEDP-RACE-RUN35] host_utc=2026-09-28T09:04:24.927+00:00 host_mono_ns=2345284117734785 
[SEDP-RACE-RUN35] host_utc=2026-09-28T09:04:24.927+00:00 host_mono_ns=2345284117746637 === DEBUG [lwip-posix]: recvfrom received packet of len 52! Bypassing to pcb->recv ===
[SEDP-RACE-RUN35] host_utc=2026-09-28T09:04:24.927+00:00 host_mono_ns=2345284117759261 
[SEDP-RACE-RUN35] host_utc=2026-09-28T09:04:24.927+00:00 host_mono_ns=2345284117770372 === DEBUG [lwip-posix]: udp_sendto called! Bypassing to POSIX sendto ===
[SEDP-RACE-RUN35] host_utc=2026-09-28T09:04:24.927+00:00 host_mono_ns=2345284118118580 
[SEDP-RACE-RUN35] host_utc=2026-09-28T09:04:24.927+00:00 host_mono_ns=2345284118141102 === DEBUG [lwip-posix]: recvfrom received packet of len 52! Bypassing to pcb->recv ===
[SEDP-RACE-RUN35] host_utc=2026-09-28T09:04:24.927+00:00 host_mono_ns=2345284118154367 
[SEDP-RACE-RUN35] host_utc=2026-09-28T09:04:24.927+00:00 host_mono_ns=2345284118166530 === DEBUG [lwip-posix]: udp_sendto called! Bypassing to POSIX sendto ===
[SEDP-RACE-RUN35] host_utc=2026-09-28T09:04:24.928+00:00 host_mono_ns=2345284118272751 
[SEDP-RACE-RUN35] host_utc=2026-09-28T09:04:24.928+00:00 host_mono_ns=2345284118287880 === DEBUG [lwip-posix]: recvfrom received packet of len 52! Bypassing to pcb->recv ===
[SEDP-RACE-RUN35] host_utc=2026-09-28T09:04:24.928+00:00 host_mono_ns=2345284118298500 
[SEDP-RACE-RUN35] host_utc=2026-09-28T09:04:24.928+00:00 host_mono_ns=2345284118310162 === DEBUG [lwip-posix]: udp_sendto called! Bypassing to POSIX sendto ===
[SEDP-RACE-RUN35] host_utc=2026-09-28T09:04:24.928+00:00 host_mono_ns=2345284118317075 
[SEDP-RACE-RUN35] host_utc=2026-09-28T09:04:24.928+00:00 host_mono_ns=2345284118323557 === DEBUG [lwip-posix]: recvfrom received packet of len 52! Bypassing to pcb->recv ===
[SEDP-RACE-RUN35] host_utc=2026-09-28T09:04:24.928+00:00 host_mono_ns=2345284118334768 
[SEDP-RACE-RUN35] host_utc=2026-09-28T09:04:24.928+00:00 host_mono_ns=2345284118341591 === DEBUG [lwip-posix]: udp_sendto called! Bypassing to POSIX sendto ===
[SEDP-RACE-RUN35] host_utc=2026-09-28T09:04:24.928+00:00 host_mono_ns=2345284118611541 
[SEDP-RACE-RUN35] host_utc=2026-09-28T09:04:24.928+00:00 host_mono_ns=2345284118621921 === DEBUG [lwip-posix]: recvfrom received packet of len 52! Bypassing to pcb->recv ===
[SEDP-RACE-RUN35] host_utc=2026-09-28T09:04:24.928+00:00 host_mono_ns=2345284118627281 
[SEDP-RACE-RUN35] host_utc=2026-09-28T09:04:24.928+00:00 host_mono_ns=2345284118632440 === DEBUG [lwip-posix]: udp_sendto called! Bypassing to POSIX sendto ===
[SEDP-RACE-RUN35] host_utc=2026-09-28T09:04:24.928+00:00 host_mono_ns=2345284118711881 
[SEDP-RACE-RUN35] host_utc=2026-09-28T09:04:24.928+00:00 host_mono_ns=2345284118731508 === DEBUG [lwip-posix]: recvfrom received packet of len 52! Bypassing to pcb->recv ===
[SEDP-RACE-RUN35] host_utc=2026-09-28T09:04:24.928+00:00 host_mono_ns=2345284118752036 
[SEDP-RACE-RUN35] host_utc=2026-09-28T09:04:24.928+00:00 host_mono_ns=2345284118765101 === DEBUG [lwip-posix]: udp_sendto called! Bypassing to POSIX sendto ===
[SEDP-RACE-RUN35] host_utc=2026-09-28T09:04:24.928+00:00 host_mono_ns=2345284118985908 
[SEDP-RACE-RUN35] host_utc=2026-09-28T09:04:24.928+00:00 host_mono_ns=2345284119022988 === DEBUG [lwip-posix]: recvfrom received packet of len 52! Bypassing to pcb->recv ===
[SEDP-RACE-RUN35] host_utc=2026-09-28T09:04:24.928+00:00 host_mono_ns=2345284119042665 
[SEDP-RACE-RUN35] host_utc=2026-09-28T09:04:24.928+00:00 host_mono_ns=2345284119055139 === DEBUG [lwip-posix]: udp_sendto called! Bypassing to POSIX sendto ===
[SEDP-RACE-RUN35] host_utc=2026-09-28T09:04:24.928+00:00 host_mono_ns=2345284119099122 
[SEDP-RACE-RUN35] host_utc=2026-09-28T09:04:24.928+00:00 host_mono_ns=2345284119112507 === DEBUG [lwip-posix]: recvfrom received packet of len 52! Bypassing to pcb->recv ===
[SEDP-RACE-RUN35] host_utc=2026-09-28T09:04:24.928+00:00 host_mono_ns=2345284119124640 
[SEDP-RACE-RUN35] host_utc=2026-09-28T09:04:24.928+00:00 host_mono_ns=2345284119136162 === DEBUG [lwip-posix]: udp_sendto called! Bypassing to POSIX sendto ===
[SEDP-RACE-RUN35] host_utc=2026-09-28T09:04:24.929+00:00 host_mono_ns=2345284119286927 
[SEDP-RACE-RUN35] host_utc=2026-09-28T09:04:24.929+00:00 host_mono_ns=2345284119300893 === DEBUG [lwip-posix]: recvfrom received packet of len 52! Bypassing to pcb->recv ===
[SEDP-RACE-RUN35] host_utc=2026-09-28T09:04:24.929+00:00 host_mono_ns=2345284119312896 
[SEDP-RACE-RUN35] host_utc=2026-09-28T09:04:24.929+00:00 host_mono_ns=2345284119324327 === DEBUG [lwip-posix]: udp_sendto called! Bypassing to POSIX sendto ===
[SEDP-RACE-RUN35] host_utc=2026-09-28T09:04:24.929+00:00 host_mono_ns=2345284119543311 
[SEDP-RACE-RUN35] host_utc=2026-09-28T09:04:24.929+00:00 host_mono_ns=2345284119560053 === DEBUG [lwip-posix]: recvfrom received packet of len 52! Bypassing to pcb->recv ===
[SEDP-RACE-RUN35] host_utc=2026-09-28T09:04:24.929+00:00 host_mono_ns=2345284119574400 
[SEDP-RACE-RUN35] host_utc=2026-09-28T09:04:24.929+00:00 host_mono_ns=2345284119583828 === DEBUG [lwip-posix]: udp_sendto called! Bypassing to POSIX sendto ===
[SEDP-RACE-RUN35] host_utc=2026-09-28T09:04:24.929+00:00 host_mono_ns=2345284119592735 
[SEDP-RACE-RUN35] host_utc=2026-09-28T09:04:24.929+00:00 host_mono_ns=2345284119601100 === DEBUG [lwip-posix]: recvfrom received packet of len 52! Bypassing to pcb->recv ===
[SEDP-RACE-RUN35] host_utc=2026-09-28T09:04:24.929+00:00 host_mono_ns=2345284119609506 
[SEDP-RACE-RUN35] host_utc=2026-09-28T09:04:24.929+00:00 host_mono_ns=2345284119617642 === DEBUG [lwip-posix]: udp_sendto called! Bypassing to POSIX sendto ===
[SEDP-RACE-RUN35] host_utc=2026-09-28T09:04:24.929+00:00 host_mono_ns=2345284119828580 
[SEDP-RACE-RUN35] host_utc=2026-09-28T09:04:24.929+00:00 host_mono_ns=2345284119839421 === DEBUG [lwip-posix]: recvfrom received packet of len 52! Bypassing to pcb->recv ===
[SEDP-RACE-RUN35] host_utc=2026-09-28T09:04:24.929+00:00 host_mono_ns=2345284119848368 
[SEDP-RACE-RUN35] host_utc=2026-09-28T09:04:24.929+00:00 host_mono_ns=2345284119857284 === DEBUG [lwip-posix]: udp_sendto called! Bypassing to POSIX sendto ===
[SEDP-RACE-RUN35] host_utc=2026-09-28T09:04:24.929+00:00 host_mono_ns=2345284119937215 
[SEDP-RACE-RUN35] host_utc=2026-09-28T09:04:24.929+00:00 host_mono_ns=2345284119947304 === DEBUG [lwip-posix]: recvfrom received packet of len 52! Bypassing to pcb->recv ===
[SEDP-RACE-RUN35] host_utc=2026-09-28T09:04:24.929+00:00 host_mono_ns=2345284119954137 
[SEDP-RACE-RUN35] host_utc=2026-09-28T09:04:24.929+00:00 host_mono_ns=2345284119960329 === DEBUG [lwip-posix]: udp_sendto called! Bypassing to POSIX sendto ===
[SEDP-RACE-RUN35] host_utc=2026-09-28T09:04:24.929+00:00 host_mono_ns=2345284120040050 
[SEDP-RACE-RUN35] host_utc=2026-09-28T09:04:24.929+00:00 host_mono_ns=2345284120050940 === DEBUG [lwip-posix]: recvfrom received packet of len 52! Bypassing to pcb->recv ===
[SEDP-RACE-RUN35] host_utc=2026-09-28T09:04:24.929+00:00 host_mono_ns=2345284120057663 
[SEDP-RACE-RUN35] host_utc=2026-09-28T09:04:24.929+00:00 host_mono_ns=2345284120063674 === DEBUG [lwip-posix]: udp_sendto called! Bypassing to POSIX sendto ===
[SEDP-RACE-RUN35] host_utc=2026-09-28T09:04:24.929+00:00 host_mono_ns=2345284120100414 
[SEDP-RACE-RUN35] host_utc=2026-09-28T09:04:24.929+00:00 host_mono_ns=2345284120106575 === DEBUG [lwip-posix]: recvfrom received packet of len 52! Bypassing to pcb->recv ===
[SEDP-RACE-RUN35] host_utc=2026-09-28T09:04:24.929+00:00 host_mono_ns=2345284120111415 
[SEDP-RACE-RUN35] host_utc=2026-09-28T09:04:24.929+00:00 host_mono_ns=2345284120115773 === DEBUG [lwip-posix]: udp_sendto called! Bypassing to POSIX sendto ===
[SEDP-RACE-RUN35] host_utc=2026-09-28T09:04:24.930+00:00 host_mono_ns=2345284120341790 
[SEDP-RACE-RUN35] host_utc=2026-09-28T09:04:24.930+00:00 host_mono_ns=2345284120359573 === DEBUG [lwip-posix]: recvfrom received packet of len 52! Bypassing to pcb->recv ===
[SEDP-RACE-RUN35] host_utc=2026-09-28T09:04:24.930+00:00 host_mono_ns=2345284120392556 
[SEDP-RACE-RUN35] host_utc=2026-09-28T09:04:24.930+00:00 host_mono_ns=2345284120403216 === DEBUG [lwip-posix]: udp_sendto called! Bypassing to POSIX sendto ===
[SEDP-RACE-RUN35] host_utc=2026-09-28T09:04:24.930+00:00 host_mono_ns=2345284120410580 
[SEDP-RACE-RUN35] host_utc=2026-09-28T09:04:24.930+00:00 host_mono_ns=2345284120417282 === DEBUG [lwip-posix]: recvfrom received packet of len 52! Bypassing to pcb->recv ===
[SEDP-RACE-RUN35] host_utc=2026-09-28T09:04:24.930+00:00 host_mono_ns=2345284120423905 
[SEDP-RACE-RUN35] host_utc=2026-09-28T09:04:24.930+00:00 host_mono_ns=2345284120430678 === DEBUG [lwip-posix]: udp_sendto called! Bypassing to POSIX sendto ===
[SEDP-RACE-RUN35] host_utc=2026-09-28T09:04:24.930+00:00 host_mono_ns=2345284120584899 
[SEDP-RACE-RUN35] host_utc=2026-09-28T09:04:24.930+00:00 host_mono_ns=2345284120596822 === DEBUG [lwip-posix]: recvfrom received packet of len 52! Bypassing to pcb->recv ===
[SEDP-RACE-RUN35] host_utc=2026-09-28T09:04:24.930+00:00 host_mono_ns=2345284120602763 
[SEDP-RACE-RUN35] host_utc=2026-09-28T09:04:24.930+00:00 host_mono_ns=2345284120607392 === DEBUG [lwip-posix]: udp_sendto called! Bypassing to POSIX sendto ===
[SEDP-RACE-RUN35] host_utc=2026-09-28T09:04:24.930+00:00 host_mono_ns=2345284120630856 
[SEDP-RACE-RUN35] host_utc=2026-09-28T09:04:24.930+00:00 host_mono_ns=2345284120637919 === DEBUG [lwip-posix]: recvfrom received packet of len 52! Bypassing to pcb->recv ===
[SEDP-RACE-RUN35] host_utc=2026-09-28T09:04:24.930+00:00 host_mono_ns=2345284120644191 
[SEDP-RACE-RUN35] host_utc=2026-09-28T09:04:24.930+00:00 host_mono_ns=2345284120649972 === DEBUG [lwip-posix]: udp_sendto called! Bypassing to POSIX sendto ===
[SEDP-RACE-RUN35] host_utc=2026-09-28T09:04:24.930+00:00 host_mono_ns=2345284120904743 
[SEDP-RACE-RUN35] host_utc=2026-09-28T09:04:24.930+00:00 host_mono_ns=2345284120913019 === DEBUG [lwip-posix]: recvfrom received packet of len 52! Bypassing to pcb->recv ===
[SEDP-RACE-RUN35] host_utc=2026-09-28T09:04:24.930+00:00 host_mono_ns=2345284120919712 
[SEDP-RACE-RUN35] host_utc=2026-09-28T09:04:24.930+00:00 host_mono_ns=2345284120925853 === DEBUG [lwip-posix]: udp_sendto called! Bypassing to POSIX sendto ===
[SEDP-RACE-RUN35] host_utc=2026-09-28T09:04:24.930+00:00 host_mono_ns=2345284121046752 
[SEDP-RACE-RUN35] host_utc=2026-09-28T09:04:24.930+00:00 host_mono_ns=2345284121057813 === DEBUG [lwip-posix]: recvfrom received packet of len 52! Bypassing to pcb->recv ===
[SEDP-RACE-RUN35] host_utc=2026-09-28T09:04:24.930+00:00 host_mono_ns=2345284121062962 
[SEDP-RACE-RUN35] host_utc=2026-09-28T09:04:24.930+00:00 host_mono_ns=2345284121067451 === DEBUG [lwip-posix]: udp_sendto called! Bypassing to POSIX sendto ===
[SEDP-RACE-RUN35] host_utc=2026-09-28T09:04:24.931+00:00 host_mono_ns=2345284121209249 
[SEDP-RACE-RUN35] host_utc=2026-09-28T09:04:24.931+00:00 host_mono_ns=2345284121214448 === DEBUG [lwip-posix]: recvfrom received packet of len 52! Bypassing to pcb->recv ===
[SEDP-RACE-RUN35] host_utc=2026-09-28T09:04:24.931+00:00 host_mono_ns=2345284121219067 
[SEDP-RACE-RUN35] host_utc=2026-09-28T09:04:24.931+00:00 host_mono_ns=2345284121223365 === DEBUG [lwip-posix]: udp_sendto called! Bypassing to POSIX sendto ===
[SEDP-RACE-RUN35] host_utc=2026-09-28T09:04:24.931+00:00 host_mono_ns=2345284121319407 
[SEDP-RACE-RUN35] host_utc=2026-09-28T09:04:24.931+00:00 host_mono_ns=2345284121326019 === DEBUG [lwip-posix]: recvfrom received packet of len 52! Bypassing to pcb->recv ===
[SEDP-RACE-RUN35] host_utc=2026-09-28T09:04:24.931+00:00 host_mono_ns=2345284121330788 
[SEDP-RACE-RUN35] host_utc=2026-09-28T09:04:24.931+00:00 host_mono_ns=2345284121335116 === DEBUG [lwip-posix]: udp_sendto called! Bypassing to POSIX sendto ===
[SEDP-RACE-RUN35] host_utc=2026-09-28T09:04:24.931+00:00 host_mono_ns=2345284121432230 
[SEDP-RACE-RUN35] host_utc=2026-09-28T09:04:24.931+00:00 host_mono_ns=2345284121437430 === DEBUG [lwip-posix]: recvfrom received packet of len 52! Bypassing to pcb->recv ===
[SEDP-RACE-RUN35] host_utc=2026-09-28T09:04:24.931+00:00 host_mono_ns=2345284121441928 
[SEDP-RACE-RUN35] host_utc=2026-09-28T09:04:24.931+00:00 host_mono_ns=2345284121446256 === DEBUG [lwip-posix]: udp_sendto called! Bypassing to POSIX sendto ===
[SEDP-RACE-RUN35] host_utc=2026-09-28T09:04:24.931+00:00 host_mono_ns=2345284121733760 
[SEDP-RACE-RUN35] host_utc=2026-09-28T09:04:24.931+00:00 host_mono_ns=2345284121745802 === DEBUG [lwip-posix]: recvfrom received packet of len 52! Bypassing to pcb->recv ===
[SEDP-RACE-RUN35] host_utc=2026-09-28T09:04:24.931+00:00 host_mono_ns=2345284121752295 
[SEDP-RACE-RUN35] host_utc=2026-09-28T09:04:24.931+00:00 host_mono_ns=2345284121757054 === DEBUG [lwip-posix]: udp_sendto called! Bypassing to POSIX sendto ===
[SEDP-RACE-RUN35] host_utc=2026-09-28T09:04:24.931+00:00 host_mono_ns=2345284121764858 
[SEDP-RACE-RUN35] host_utc=2026-09-28T09:04:24.931+00:00 host_mono_ns=2345284121769367 === DEBUG [lwip-posix]: recvfrom received packet of len 52! Bypassing to pcb->recv ===
[SEDP-RACE-RUN35] host_utc=2026-09-28T09:04:24.931+00:00 host_mono_ns=2345284121773855 
[SEDP-RACE-RUN35] host_utc=2026-09-28T09:04:24.931+00:00 host_mono_ns=2345284121778224 === DEBUG [lwip-posix]: udp_sendto called! Bypassing to POSIX sendto ===
[SEDP-RACE-RUN35] host_utc=2026-09-28T09:04:24.931+00:00 host_mono_ns=2345284122035670 
[SEDP-RACE-RUN35] host_utc=2026-09-28T09:04:24.931+00:00 host_mono_ns=2345284122047362 === DEBUG [lwip-posix]: recvfrom received packet of len 52! Bypassing to pcb->recv ===
[SEDP-RACE-RUN35] host_utc=2026-09-28T09:04:24.931+00:00 host_mono_ns=2345284122052712 
[SEDP-RACE-RUN35] host_utc=2026-09-28T09:04:24.931+00:00 host_mono_ns=2345284122057291 === DEBUG [lwip-posix]: udp_sendto called! Bypassing to POSIX sendto ===
[SEDP-RACE-RUN35] host_utc=2026-09-28T09:04:24.931+00:00 host_mono_ns=2345284122095653 
[SEDP-RACE-RUN35] host_utc=2026-09-28T09:04:24.931+00:00 host_mono_ns=2345284122100362 === DEBUG [lwip-posix]: recvfrom received packet of len 52! Bypassing to pcb->recv ===
[SEDP-RACE-RUN35] host_utc=2026-09-28T09:04:24.931+00:00 host_mono_ns=2345284122104801 
[SEDP-RACE-RUN35] host_utc=2026-09-28T09:04:24.931+00:00 host_mono_ns=2345284122109129 === DEBUG [lwip-posix]: udp_sendto called! Bypassing to POSIX sendto ===
[SEDP-RACE-RUN35] host_utc=2026-09-28T09:04:24.932+00:00 host_mono_ns=2345284122237932 
[SEDP-RACE-RUN35] host_utc=2026-09-28T09:04:24.932+00:00 host_mono_ns=2345284122249133 === DEBUG [lwip-posix]: recvfrom received packet of len 52! Bypassing to pcb->recv ===
[SEDP-RACE-RUN35] host_utc=2026-09-28T09:04:24.932+00:00 host_mono_ns=2345284122256517 
[SEDP-RACE-RUN35] host_utc=2026-09-28T09:04:24.932+00:00 host_mono_ns=2345284122262929 === DEBUG [lwip-posix]: udp_sendto called! Bypassing to POSIX sendto ===
[SEDP-RACE-RUN35] host_utc=2026-09-28T09:04:24.932+00:00 host_mono_ns=2345284122294569 
[SEDP-RACE-RUN35] host_utc=2026-09-28T09:04:24.932+00:00 host_mono_ns=2345284122301863 === DEBUG [lwip-posix]: recvfrom received packet of len 52! Bypassing to pcb->recv ===
[SEDP-RACE-RUN35] host_utc=2026-09-28T09:04:24.932+00:00 host_mono_ns=2345284122308385 
[SEDP-RACE-RUN35] host_utc=2026-09-28T09:04:24.932+00:00 host_mono_ns=2345284122314276 === DEBUG [lwip-posix]: udp_sendto called! Bypassing to POSIX sendto ===
[SEDP-RACE-RUN35] host_utc=2026-09-28T09:04:24.932+00:00 host_mono_ns=2345284122480450 
[SEDP-RACE-RUN35] host_utc=2026-09-28T09:04:24.932+00:00 host_mono_ns=2345284122491692 === DEBUG [lwip-posix]: recvfrom received packet of len 52! Bypassing to pcb->recv ===
[SEDP-RACE-RUN35] host_utc=2026-09-28T09:04:24.932+00:00 host_mono_ns=2345284122499206 
[SEDP-RACE-RUN35] host_utc=2026-09-28T09:04:24.932+00:00 host_mono_ns=2345284122505808 === DEBUG [lwip-posix]: udp_sendto called! Bypassing to POSIX sendto ===
[SEDP-RACE-RUN35] host_utc=2026-09-28T09:04:24.932+00:00 host_mono_ns=2345284122536136 
[SEDP-RACE-RUN35] host_utc=2026-09-28T09:04:24.932+00:00 host_mono_ns=2345284122543880 === DEBUG [lwip-posix]: recvfrom received packet of len 52! Bypassing to pcb->recv ===
[SEDP-RACE-RUN35] host_utc=2026-09-28T09:04:24.932+00:00 host_mono_ns=2345284122550984 
[SEDP-RACE-RUN35] host_utc=2026-09-28T09:04:24.932+00:00 host_mono_ns=2345284122557426 === DEBUG [lwip-posix]: udp_sendto called! Bypassing to POSIX sendto ===
[SEDP-RACE-RUN35] host_utc=2026-09-28T09:04:24.932+00:00 host_mono_ns=2345284122827496 
[SEDP-RACE-RUN35] host_utc=2026-09-28T09:04:24.932+00:00 host_mono_ns=2345284122841272 === DEBUG [lwip-posix]: recvfrom received packet of len 52! Bypassing to pcb->recv ===
[SEDP-RACE-RUN35] host_utc=2026-09-28T09:04:24.932+00:00 host_mono_ns=2345284122849167 
[SEDP-RACE-RUN35] host_utc=2026-09-28T09:04:24.932+00:00 host_mono_ns=2345284122856912 === DEBUG [lwip-posix]: udp_sendto called! Bypassing to POSIX sendto ===
[SEDP-RACE-RUN35] host_utc=2026-09-28T09:04:24.932+00:00 host_mono_ns=2345284122863684 
[SEDP-RACE-RUN35] host_utc=2026-09-28T09:04:24.932+00:00 host_mono_ns=2345284122874014 === DEBUG [lwip-posix]: recvfrom received packet of len 52! Bypassing to pcb->recv ===
[SEDP-RACE-RUN35] host_utc=2026-09-28T09:04:24.932+00:00 host_mono_ns=2345284122880666 
[SEDP-RACE-RUN35] host_utc=2026-09-28T09:04:24.932+00:00 host_mono_ns=2345284122887109 === DEBUG [lwip-posix]: udp_sendto called! Bypassing to POSIX sendto ===
[SEDP-RACE-RUN35] host_utc=2026-09-28T09:04:24.932+00:00 host_mono_ns=2345284123058372 
[SEDP-RACE-RUN35] host_utc=2026-09-28T09:04:24.932+00:00 host_mono_ns=2345284123071948 === DEBUG [lwip-posix]: recvfrom received packet of len 52! Bypassing to pcb->recv ===
[SEDP-RACE-RUN35] host_utc=2026-09-28T09:04:24.932+00:00 host_mono_ns=2345284123079071 
[SEDP-RACE-RUN35] host_utc=2026-09-28T09:04:24.932+00:00 host_mono_ns=2345284123085413 === DEBUG [lwip-posix]: udp_sendto called! Bypassing to POSIX sendto ===
[SEDP-RACE-RUN35] host_utc=2026-09-28T09:04:24.932+00:00 host_mono_ns=2345284123135227 
[SEDP-RACE-RUN35] host_utc=2026-09-28T09:04:24.932+00:00 host_mono_ns=2345284123143112 === DEBUG [lwip-posix]: recvfrom received packet of len 52! Bypassing to pcb->recv ===
[SEDP-RACE-RUN35] host_utc=2026-09-28T09:04:24.932+00:00 host_mono_ns=2345284123149945 
[SEDP-RACE-RUN35] host_utc=2026-09-28T09:04:24.932+00:00 host_mono_ns=2345284123156187 === DEBUG [lwip-posix]: udp_sendto called! Bypassing to POSIX sendto ===
[SEDP-RACE-RUN35] host_utc=2026-09-28T09:04:24.933+00:00 host_mono_ns=2345284123248992 
[SEDP-RACE-RUN35] host_utc=2026-09-28T09:04:24.933+00:00 host_mono_ns=2345284123258110 === DEBUG [lwip-posix]: recvfrom received packet of len 52! Bypassing to pcb->recv ===
[SEDP-RACE-RUN35] host_utc=2026-09-28T09:04:24.933+00:00 host_mono_ns=2345284123264562 
[SEDP-RACE-RUN35] host_utc=2026-09-28T09:04:24.933+00:00 host_mono_ns=2345284123270623 === DEBUG [lwip-posix]: udp_sendto called! Bypassing to POSIX sendto ===
[SEDP-RACE-RUN35] host_utc=2026-09-28T09:04:24.933+00:00 host_mono_ns=2345284123302473 
[SEDP-RACE-RUN35] host_utc=2026-09-28T09:04:24.933+00:00 host_mono_ns=2345284123309927 === DEBUG [lwip-posix]: recvfrom received packet of len 52! Bypassing to pcb->recv ===
[SEDP-RACE-RUN35] host_utc=2026-09-28T09:04:24.933+00:00 host_mono_ns=2345284123316269 
[SEDP-RACE-RUN35] host_utc=2026-09-28T09:04:24.933+00:00 host_mono_ns=2345284123322291 === DEBUG [lwip-posix]: udp_sendto called! Bypassing to POSIX sendto ===
[SEDP-RACE-RUN35] host_utc=2026-09-28T09:04:24.933+00:00 host_mono_ns=2345284123495368 
[SEDP-RACE-RUN35] host_utc=2026-09-28T09:04:24.933+00:00 host_mono_ns=2345284123515366 === DEBUG [lwip-posix]: recvfrom received packet of len 52! Bypassing to pcb->recv ===
[SEDP-RACE-RUN35] host_utc=2026-09-28T09:04:24.933+00:00 host_mono_ns=2345284123527729 
[SEDP-RACE-RUN35] host_utc=2026-09-28T09:04:24.933+00:00 host_mono_ns=2345284123542066 === DEBUG [lwip-posix]: udp_sendto called! Bypassing to POSIX sendto ===
[SEDP-RACE-RUN35] host_utc=2026-09-28T09:04:24.933+00:00 host_mono_ns=2345284123560701 
[SEDP-RACE-RUN35] host_utc=2026-09-28T09:04:24.933+00:00 host_mono_ns=2345284123572303 === DEBUG [lwip-posix]: recvfrom received packet of len 52! Bypassing to pcb->recv ===
[SEDP-RACE-RUN35] host_utc=2026-09-28T09:04:24.933+00:00 host_mono_ns=2345284123583595 
[SEDP-RACE-RUN35] host_utc=2026-09-28T09:04:24.933+00:00 host_mono_ns=2345284123593583 === DEBUG [lwip-posix]: udp_sendto called! Bypassing to POSIX sendto ===
[SEDP-RACE-RUN35] host_utc=2026-09-28T09:04:24.933+00:00 host_mono_ns=2345284123826403 
[SEDP-RACE-RUN35] host_utc=2026-09-28T09:04:24.933+00:00 host_mono_ns=2345284123843235 === DEBUG [lwip-posix]: recvfrom received packet of len 52! Bypassing to pcb->recv ===
[SEDP-RACE-RUN35] host_utc=2026-09-28T09:04:24.933+00:00 host_mono_ns=2345284123854947 
[SEDP-RACE-RUN35] host_utc=2026-09-28T09:04:24.933+00:00 host_mono_ns=2345284123865838 === DEBUG [lwip-posix]: udp_sendto called! Bypassing to POSIX sendto ===
[SEDP-RACE-RUN35] host_utc=2026-09-28T09:04:24.933+00:00 host_mono_ns=2345284123880145 
[SEDP-RACE-RUN35] host_utc=2026-09-28T09:04:24.933+00:00 host_mono_ns=2345284123890434 === DEBUG [lwip-posix]: recvfrom received packet of len 52! Bypassing to pcb->recv ===
[SEDP-RACE-RUN35] host_utc=2026-09-28T09:04:24.933+00:00 host_mono_ns=2345284123901525 
[SEDP-RACE-RUN35] host_utc=2026-09-28T09:04:24.933+00:00 host_mono_ns=2345284123912135 === DEBUG [lwip-posix]: udp_sendto called! Bypassing to POSIX sendto ===
[SEDP-RACE-RUN35] host_utc=2026-09-28T09:04:24.933+00:00 host_mono_ns=2345284124079882 
[SEDP-RACE-RUN35] host_utc=2026-09-28T09:04:24.933+00:00 host_mono_ns=2345284124096343 === DEBUG [lwip-posix]: recvfrom received packet of len 52! Bypassing to pcb->recv ===
[SEDP-RACE-RUN35] host_utc=2026-09-28T09:04:24.933+00:00 host_mono_ns=2345284124104188 
[SEDP-RACE-RUN35] host_utc=2026-09-28T09:04:24.933+00:00 host_mono_ns=2345284124110740 === DEBUG [lwip-posix]: udp_sendto called! Bypassing to POSIX sendto ===
[SEDP-RACE-RUN35] host_utc=2026-09-28T09:04:24.933+00:00 host_mono_ns=2345284124117293 
[SEDP-RACE-RUN35] host_utc=2026-09-28T09:04:24.933+00:00 host_mono_ns=2345284124123675 === DEBUG [lwip-posix]: recvfrom received packet of len 52! Bypassing to pcb->recv ===
[SEDP-RACE-RUN35] host_utc=2026-09-28T09:04:24.933+00:00 host_mono_ns=2345284124130187 
[SEDP-RACE-RUN35] host_utc=2026-09-28T09:04:24.933+00:00 host_mono_ns=2345284124136609 === DEBUG [lwip-posix]: udp_sendto called! Bypassing to POSIX sendto ===
[SEDP-RACE-RUN35] host_utc=2026-09-28T09:04:24.934+00:00 host_mono_ns=2345284124294257 
[SEDP-RACE-RUN35] host_utc=2026-09-28T09:04:24.934+00:00 host_mono_ns=2345284124323472 === DEBUG [lwip-posix]: recvfrom received packet of len 52! Bypassing to pcb->recv ===
[SEDP-RACE-RUN35] host_utc=2026-09-28T09:04:24.934+00:00 host_mono_ns=2345284124332339 
[SEDP-RACE-RUN35] host_utc=2026-09-28T09:04:24.934+00:00 host_mono_ns=2345284124342769 === DEBUG [lwip-posix]: udp_sendto called! Bypassing to POSIX sendto ===
[SEDP-RACE-RUN35] host_utc=2026-09-28T09:04:24.934+00:00 host_mono_ns=2345284124349572 
[SEDP-RACE-RUN35] host_utc=2026-09-28T09:04:24.934+00:00 host_mono_ns=2345284124356104 === DEBUG [lwip-posix]: recvfrom received packet of len 52! Bypassing to pcb->recv ===
[SEDP-RACE-RUN35] host_utc=2026-09-28T09:04:24.934+00:00 host_mono_ns=2345284124367085 
[SEDP-RACE-RUN35] host_utc=2026-09-28T09:04:24.934+00:00 host_mono_ns=2345284124373838 === DEBUG [lwip-posix]: udp_sendto called! Bypassing to POSIX sendto ===
[SEDP-RACE-RUN35] host_utc=2026-09-28T09:04:24.934+00:00 host_mono_ns=2345284124532066 
[SEDP-RACE-RUN35] host_utc=2026-09-28T09:04:24.934+00:00 host_mono_ns=2345284124545963 === DEBUG [lwip-posix]: recvfrom received packet of len 52! Bypassing to pcb->recv ===
[SEDP-RACE-RUN35] host_utc=2026-09-28T09:04:24.934+00:00 host_mono_ns=2345284124555581 
[SEDP-RACE-RUN35] host_utc=2026-09-28T09:04:24.934+00:00 host_mono_ns=2345284124563025 === DEBUG [lwip-posix]: udp_sendto called! Bypassing to POSIX sendto ===
[SEDP-RACE-RUN35] host_utc=2026-09-28T09:04:24.934+00:00 host_mono_ns=2345284124573885 
[SEDP-RACE-RUN35] host_utc=2026-09-28T09:04:24.934+00:00 host_mono_ns=2345284124580488 === DEBUG [lwip-posix]: recvfrom received packet of len 52! Bypassing to pcb->recv ===
[SEDP-RACE-RUN35] host_utc=2026-09-28T09:04:24.934+00:00 host_mono_ns=2345284124586960 
[SEDP-RACE-RUN35] host_utc=2026-09-28T09:04:24.934+00:00 host_mono_ns=2345284124593432 === DEBUG [lwip-posix]: udp_sendto called! Bypassing to POSIX sendto ===
[SEDP-RACE-RUN35] host_utc=2026-09-28T09:04:24.934+00:00 host_mono_ns=2345284124846170 
[SEDP-RACE-RUN35] host_utc=2026-09-28T09:04:24.934+00:00 host_mono_ns=2345284124863192 === DEBUG [lwip-posix]: recvfrom received packet of len 52! Bypassing to pcb->recv ===
[SEDP-RACE-RUN35] host_utc=2026-09-28T09:04:24.934+00:00 host_mono_ns=2345284124873662 
[SEDP-RACE-RUN35] host_utc=2026-09-28T09:04:24.934+00:00 host_mono_ns=2345284124882899 === DEBUG [lwip-posix]: udp_sendto called! Bypassing to POSIX sendto ===
[SEDP-RACE-RUN35] host_utc=2026-09-28T09:04:24.934+00:00 host_mono_ns=2345284124969373 
[SEDP-RACE-RUN35] host_utc=2026-09-28T09:04:24.934+00:00 host_mono_ns=2345284124980173 === DEBUG [lwip-posix]: recvfrom received packet of len 52! Bypassing to pcb->recv ===
[SEDP-RACE-RUN35] host_utc=2026-09-28T09:04:24.934+00:00 host_mono_ns=2345284124985613 
[SEDP-RACE-RUN35] host_utc=2026-09-28T09:04:24.934+00:00 host_mono_ns=2345284124990172 === DEBUG [lwip-posix]: udp_sendto called! Bypassing to POSIX sendto ===
[SEDP-RACE-RUN35] host_utc=2026-09-28T09:04:24.935+00:00 host_mono_ns=2345284125254902 
[SEDP-RACE-RUN35] host_utc=2026-09-28T09:04:24.935+00:00 host_mono_ns=2345284125263969 === DEBUG [lwip-posix]: recvfrom received packet of len 52! Bypassing to pcb->recv ===
[SEDP-RACE-RUN35] host_utc=2026-09-28T09:04:24.935+00:00 host_mono_ns=2345284125303464 
[SEDP-RACE-RUN35] host_utc=2026-09-28T09:04:24.935+00:00 host_mono_ns=2345284125311168 === DEBUG [lwip-posix]: udp_sendto called! Bypassing to POSIX sendto ===
[SEDP-RACE-RUN35] host_utc=2026-09-28T09:04:24.935+00:00 host_mono_ns=2345284125415876 
[SEDP-RACE-RUN35] host_utc=2026-09-28T09:04:24.935+00:00 host_mono_ns=2345284125430714 === DEBUG [lwip-posix]: recvfrom received packet of len 52! Bypassing to pcb->recv ===
[SEDP-RACE-RUN35] host_utc=2026-09-28T09:04:24.935+00:00 host_mono_ns=2345284125440833 
[SEDP-RACE-RUN35] host_utc=2026-09-28T09:04:24.935+00:00 host_mono_ns=2345284125454729 === DEBUG [lwip-posix]: udp_sendto called! Bypassing to POSIX sendto ===
[SEDP-RACE-RUN35] host_utc=2026-09-28T09:04:24.935+00:00 host_mono_ns=2345284125514933 
[SEDP-RACE-RUN35] host_utc=2026-09-28T09:04:24.935+00:00 host_mono_ns=2345284125535983 === DEBUG [lwip-posix]: recvfrom received packet of len 52! Bypassing to pcb->recv ===
[SEDP-RACE-RUN35] host_utc=2026-09-28T09:04:24.935+00:00 host_mono_ns=2345284125545691 
[SEDP-RACE-RUN35] host_utc=2026-09-28T09:04:24.935+00:00 host_mono_ns=2345284125554748 === DEBUG [lwip-posix]: udp_sendto called! Bypassing to POSIX sendto ===
[SEDP-RACE-RUN35] host_utc=2026-09-28T09:04:24.935+00:00 host_mono_ns=2345284125681317 
[SEDP-RACE-RUN35] host_utc=2026-09-28T09:04:24.935+00:00 host_mono_ns=2345284125691136 === DEBUG [lwip-posix]: recvfrom received packet of len 52! Bypassing to pcb->recv ===
[SEDP-RACE-RUN35] host_utc=2026-09-28T09:04:24.935+00:00 host_mono_ns=2345284125697899 
[SEDP-RACE-RUN35] host_utc=2026-09-28T09:04:24.935+00:00 host_mono_ns=2345284125704050 === DEBUG [lwip-posix]: udp_sendto called! Bypassing to POSIX sendto ===
[SEDP-RACE-RUN35] host_utc=2026-09-28T09:04:24.935+00:00 host_mono_ns=2345284125712176 
[SEDP-RACE-RUN35] host_utc=2026-09-28T09:04:24.935+00:00 host_mono_ns=2345284125717416 === DEBUG [lwip-posix]: recvfrom received packet of len 52! Bypassing to pcb->recv ===
[SEDP-RACE-RUN35] host_utc=2026-09-28T09:04:24.935+00:00 host_mono_ns=2345284125780064 
[SEDP-RACE-RUN35] host_utc=2026-09-28T09:04:24.935+00:00 host_mono_ns=2345284125785154 === DEBUG [lwip-posix]: udp_sendto called! Bypassing to POSIX sendto ===
[SEDP-RACE-RUN35] host_utc=2026-09-28T09:04:24.935+00:00 host_mono_ns=2345284125845397 
[SEDP-RACE-RUN35] host_utc=2026-09-28T09:04:24.935+00:00 host_mono_ns=2345284125850487 === DEBUG [lwip-posix]: recvfrom received packet of len 52! Bypassing to pcb->recv ===
[SEDP-RACE-RUN35] host_utc=2026-09-28T09:04:24.935+00:00 host_mono_ns=2345284125855046 
[SEDP-RACE-RUN35] host_utc=2026-09-28T09:04:24.935+00:00 host_mono_ns=2345284125859394 === DEBUG [lwip-posix]: udp_sendto called! Bypassing to POSIX sendto ===
[SEDP-RACE-RUN35] host_utc=2026-09-28T09:04:24.935+00:00 host_mono_ns=2345284126081263 
[SEDP-RACE-RUN35] host_utc=2026-09-28T09:04:24.935+00:00 host_mono_ns=2345284126092544 === DEBUG [lwip-posix]: recvfrom received packet of len 52! Bypassing to pcb->recv ===
[SEDP-RACE-RUN35] host_utc=2026-09-28T09:04:24.935+00:00 host_mono_ns=2345284126097934 
[SEDP-RACE-RUN35] host_utc=2026-09-28T09:04:24.935+00:00 host_mono_ns=2345284126102403 === DEBUG [lwip-posix]: udp_sendto called! Bypassing to POSIX sendto ===
[SEDP-RACE-RUN35] host_utc=2026-09-28T09:04:24.935+00:00 host_mono_ns=2345284126106831 
[SEDP-RACE-RUN35] host_utc=2026-09-28T09:04:24.935+00:00 host_mono_ns=2345284126111209 === DEBUG [lwip-posix]: recvfrom received packet of len 52! Bypassing to pcb->recv ===
[SEDP-RACE-RUN35] host_utc=2026-09-28T09:04:24.935+00:00 host_mono_ns=2345284126115678 
[SEDP-RACE-RUN35] host_utc=2026-09-28T09:04:24.935+00:00 host_mono_ns=2345284126119956 === DEBUG [lwip-posix]: udp_sendto called! Bypassing to POSIX sendto ===
[SEDP-RACE-RUN35] host_utc=2026-09-28T09:04:24.936+00:00 host_mono_ns=2345284126433508 
[SEDP-RACE-RUN35] host_utc=2026-09-28T09:04:24.936+00:00 host_mono_ns=2345284126444850 === DEBUG [lwip-posix]: recvfrom received packet of len 52! Bypassing to pcb->recv ===
[SEDP-RACE-RUN35] host_utc=2026-09-28T09:04:24.936+00:00 host_mono_ns=2345284126452033 
[SEDP-RACE-RUN35] host_utc=2026-09-28T09:04:24.936+00:00 host_mono_ns=2345284126458295 === DEBUG [lwip-posix]: udp_sendto called! Bypassing to POSIX sendto ===
[SEDP-RACE-RUN35] host_utc=2026-09-28T09:04:24.936+00:00 host_mono_ns=2345284126464507 
[SEDP-RACE-RUN35] host_utc=2026-09-28T09:04:24.936+00:00 host_mono_ns=2345284126470739 === DEBUG [lwip-posix]: recvfrom received packet of len 52! Bypassing to pcb->recv ===
[SEDP-RACE-RUN35] host_utc=2026-09-28T09:04:24.936+00:00 host_mono_ns=2345284126479535 
[SEDP-RACE-RUN35] host_utc=2026-09-28T09:04:24.936+00:00 host_mono_ns=2345284126485747 === DEBUG [lwip-posix]: udp_sendto called! Bypassing to POSIX sendto ===
[SEDP-RACE-RUN35] host_utc=2026-09-28T09:04:24.936+00:00 host_mono_ns=2345284126722454 
[SEDP-RACE-RUN35] host_utc=2026-09-28T09:04:24.936+00:00 host_mono_ns=2345284126737753 === DEBUG [lwip-posix]: recvfrom received packet of len 52! Bypassing to pcb->recv ===
[SEDP-RACE-RUN35] host_utc=2026-09-28T09:04:24.936+00:00 host_mono_ns=2345284126743885 
[SEDP-RACE-RUN35] host_utc=2026-09-28T09:04:24.936+00:00 host_mono_ns=2345284126748343 === DEBUG [lwip-posix]: udp_sendto called! Bypassing to POSIX sendto ===
[SEDP-RACE-RUN35] host_utc=2026-09-28T09:04:24.936+00:00 host_mono_ns=2345284126815570 
[SEDP-RACE-RUN35] host_utc=2026-09-28T09:04:24.936+00:00 host_mono_ns=2345284126822163 === DEBUG [lwip-posix]: recvfrom received packet of len 52! Bypassing to pcb->recv ===
[SEDP-RACE-RUN35] host_utc=2026-09-28T09:04:24.936+00:00 host_mono_ns=2345284126826942 
[SEDP-RACE-RUN35] host_utc=2026-09-28T09:04:24.936+00:00 host_mono_ns=2345284126831270 === DEBUG [lwip-posix]: udp_sendto called! Bypassing to POSIX sendto ===
[SEDP-RACE-RUN35] host_utc=2026-09-28T09:04:24.936+00:00 host_mono_ns=2345284127094127 
[SEDP-RACE-RUN35] host_utc=2026-09-28T09:04:24.936+00:00 host_mono_ns=2345284127107973 === DEBUG [lwip-posix]: recvfrom received packet of len 52! Bypassing to pcb->recv ===
[SEDP-RACE-RUN35] host_utc=2026-09-28T09:04:24.936+00:00 host_mono_ns=2345284127114695 
[SEDP-RACE-RUN35] host_utc=2026-09-28T09:04:24.936+00:00 host_mono_ns=2345284127120096 === DEBUG [lwip-posix]: udp_sendto called! Bypassing to POSIX sendto ===
[SEDP-RACE-RUN35] host_utc=2026-09-28T09:04:24.937+00:00 host_mono_ns=2345284127223591 
[SEDP-RACE-RUN35] host_utc=2026-09-28T09:04:24.937+00:00 host_mono_ns=2345284127234512 === DEBUG [lwip-posix]: recvfrom received packet of len 52! Bypassing to pcb->recv ===
[SEDP-RACE-RUN35] host_utc=2026-09-28T09:04:24.937+00:00 host_mono_ns=2345284127241174 
[SEDP-RACE-RUN35] host_utc=2026-09-28T09:04:24.937+00:00 host_mono_ns=2345284127247055 === DEBUG [lwip-posix]: udp_sendto called! Bypassing to POSIX sendto ===
[SEDP-RACE-RUN35] host_utc=2026-09-28T09:04:24.937+00:00 host_mono_ns=2345284127340322 
[SEDP-RACE-RUN35] host_utc=2026-09-28T09:04:24.937+00:00 host_mono_ns=2345284127348457 === DEBUG [lwip-posix]: recvfrom received packet of len 52! Bypassing to pcb->recv ===
[SEDP-RACE-RUN35] host_utc=2026-09-28T09:04:24.937+00:00 host_mono_ns=2345284127353286 
[SEDP-RACE-RUN35] host_utc=2026-09-28T09:04:24.937+00:00 host_mono_ns=2345284127357514 === DEBUG [lwip-posix]: udp_sendto called! Bypassing to POSIX sendto ===
[SEDP-RACE-RUN35] host_utc=2026-09-28T09:04:24.937+00:00 host_mono_ns=2345284127657942 
[SEDP-RACE-RUN35] host_utc=2026-09-28T09:04:24.937+00:00 host_mono_ns=2345284127680424 === DEBUG [lwip-posix]: recvfrom received packet of len 52! Bypassing to pcb->recv ===
[SEDP-RACE-RUN35] host_utc=2026-09-28T09:04:24.937+00:00 host_mono_ns=2345284127705141 
[SEDP-RACE-RUN35] host_utc=2026-09-28T09:04:24.937+00:00 host_mono_ns=2345284127717204 === DEBUG [lwip-posix]: udp_sendto called! Bypassing to POSIX sendto ===
[SEDP-RACE-RUN35] host_utc=2026-09-28T09:04:24.937+00:00 host_mono_ns=2345284127729397 
[SEDP-RACE-RUN35] host_utc=2026-09-28T09:04:24.937+00:00 host_mono_ns=2345284127740838 === DEBUG [lwip-posix]: recvfrom received packet of len 52! Bypassing to pcb->recv ===
[SEDP-RACE-RUN35] host_utc=2026-09-28T09:04:24.937+00:00 host_mono_ns=2345284127752440 
[SEDP-RACE-RUN35] host_utc=2026-09-28T09:04:24.937+00:00 host_mono_ns=2345284127763471 === DEBUG [lwip-posix]: udp_sendto called! Bypassing to POSIX sendto ===
[SEDP-RACE-RUN35] host_utc=2026-09-28T09:04:24.937+00:00 host_mono_ns=2345284127937650 
[SEDP-RACE-RUN35] host_utc=2026-09-28T09:04:24.937+00:00 host_mono_ns=2345284127951076 === DEBUG [lwip-posix]: recvfrom received packet of len 52! Bypassing to pcb->recv ===
[SEDP-RACE-RUN35] host_utc=2026-09-28T09:04:24.937+00:00 host_mono_ns=2345284127963229 
[SEDP-RACE-RUN35] host_utc=2026-09-28T09:04:24.937+00:00 host_mono_ns=2345284128093615 === DEBUG [lwip-posix]: udp_sendto called! Bypassing to POSIX sendto ===
[SEDP-RACE-RUN35] host_utc=2026-09-28T09:04:24.937+00:00 host_mono_ns=2345284128107932 
[SEDP-RACE-RUN35] host_utc=2026-09-28T09:04:24.937+00:00 host_mono_ns=2345284128122008 === DEBUG [lwip-posix]: recvfrom received packet of len 52! Bypassing to pcb->recv ===
[SEDP-RACE-RUN35] host_utc=2026-09-28T09:04:24.937+00:00 host_mono_ns=2345284128128501 
[SEDP-RACE-RUN35] host_utc=2026-09-28T09:04:24.937+00:00 host_mono_ns=2345284128134402 === DEBUG [lwip-posix]: udp_sendto called! Bypassing to POSIX sendto ===
[SEDP-RACE-RUN35] host_utc=2026-09-28T09:04:24.937+00:00 host_mono_ns=2345284128156153 
[SEDP-RACE-RUN35] host_utc=2026-09-28T09:04:24.937+00:00 host_mono_ns=2345284128161162 === DEBUG [lwip-posix]: recvfrom received packet of len 52! Bypassing to pcb->recv ===
[SEDP-RACE-RUN35] host_utc=2026-09-28T09:04:24.937+00:00 host_mono_ns=2345284128166242 
[SEDP-RACE-RUN35] host_utc=2026-09-28T09:04:24.938+00:00 host_mono_ns=2345284128170570 === DEBUG [lwip-posix]: recvfrom received packet of len 52! Bypassing to pcb->recv ===
[SEDP-RACE-RUN35] host_utc=2026-09-28T09:04:24.938+00:00 host_mono_ns=2345284128177814 
[SEDP-RACE-RUN35] host_utc=2026-09-28T09:04:24.938+00:00 host_mono_ns=2345284128182102 === DEBUG [lwip-posix]: udp_sendto called! Bypassing to POSIX sendto ===
[SEDP-RACE-RUN35] host_utc=2026-09-28T09:04:24.938+00:00 host_mono_ns=2345284128186430 
[SEDP-RACE-RUN35] host_utc=2026-09-28T09:04:24.938+00:00 host_mono_ns=2345284128190568 === DEBUG [lwip-posix]: udp_sendto called! Bypassing to POSIX sendto ===
[SEDP-RACE-RUN35] host_utc=2026-09-28T09:04:24.938+00:00 host_mono_ns=2345284128562611 
[SEDP-RACE-RUN35] host_utc=2026-09-28T09:04:24.938+00:00 host_mono_ns=2345284128574113 === DEBUG [lwip-posix]: recvfrom received packet of len 52! Bypassing to pcb->recv ===
[SEDP-RACE-RUN35] host_utc=2026-09-28T09:04:24.938+00:00 host_mono_ns=2345284128581236 
[SEDP-RACE-RUN35] host_utc=2026-09-28T09:04:24.938+00:00 host_mono_ns=2345284128587247 === DEBUG [lwip-posix]: udp_sendto called! Bypassing to POSIX sendto ===
[SEDP-RACE-RUN35] host_utc=2026-09-28T09:04:24.938+00:00 host_mono_ns=2345284128597156 
[SEDP-RACE-RUN35] host_utc=2026-09-28T09:04:24.938+00:00 host_mono_ns=2345284128603278 === DEBUG [lwip-posix]: recvfrom received packet of len 52! Bypassing to pcb->recv ===
[SEDP-RACE-RUN35] host_utc=2026-09-28T09:04:24.938+00:00 host_mono_ns=2345284128618997 
[SEDP-RACE-RUN35] host_utc=2026-09-28T09:04:24.938+00:00 host_mono_ns=2345284128623536 === DEBUG [lwip-posix]: udp_sendto called! Bypassing to POSIX sendto ===
[SEDP-RACE-RUN35] host_utc=2026-09-28T09:04:24.938+00:00 host_mono_ns=2345284128950293 
[SEDP-RACE-RUN35] host_utc=2026-09-28T09:04:24.938+00:00 host_mono_ns=2345284128959040 === DEBUG [lwip-posix]: recvfrom received packet of len 52! Bypassing to pcb->recv ===
[SEDP-RACE-RUN35] host_utc=2026-09-28T09:04:24.938+00:00 host_mono_ns=2345284128964079 
[SEDP-RACE-RUN35] host_utc=2026-09-28T09:04:24.938+00:00 host_mono_ns=2345284128968398 === DEBUG [lwip-posix]: udp_sendto called! Bypassing to POSIX sendto ===
[SEDP-RACE-RUN35] host_utc=2026-09-28T09:04:24.938+00:00 host_mono_ns=2345284129055863 
[SEDP-RACE-RUN35] host_utc=2026-09-28T09:04:24.938+00:00 host_mono_ns=2345284129065822 === DEBUG [lwip-posix]: recvfrom received packet of len 52! Bypassing to pcb->recv ===
[SEDP-RACE-RUN35] host_utc=2026-09-28T09:04:24.938+00:00 host_mono_ns=2345284129070561 
[SEDP-RACE-RUN35] host_utc=2026-09-28T09:04:24.938+00:00 host_mono_ns=2345284129074799 === DEBUG [lwip-posix]: udp_sendto called! Bypassing to POSIX sendto ===
[SEDP-RACE-RUN35] host_utc=2026-09-28T09:04:24.939+00:00 host_mono_ns=2345284129222788 
[SEDP-RACE-RUN35] host_utc=2026-09-28T09:04:24.939+00:00 host_mono_ns=2345284129227477 === DEBUG [lwip-posix]: recvfrom received packet of len 52! Bypassing to pcb->recv ===
[SEDP-RACE-RUN35] host_utc=2026-09-28T09:04:24.939+00:00 host_mono_ns=2345284129231785 
[SEDP-RACE-RUN35] host_utc=2026-09-28T09:04:24.939+00:00 host_mono_ns=2345284129235943 === DEBUG [lwip-posix]: udp_sendto called! Bypassing to POSIX sendto ===
[SEDP-RACE-RUN35] host_utc=2026-09-28T09:04:24.939+00:00 host_mono_ns=2345284129322937 
[SEDP-RACE-RUN35] host_utc=2026-09-28T09:04:24.939+00:00 host_mono_ns=2345284129340150 === DEBUG [lwip-posix]: recvfrom received packet of len 52! Bypassing to pcb->recv ===
[SEDP-RACE-RUN35] host_utc=2026-09-28T09:04:24.939+00:00 host_mono_ns=2345284129346993 
[SEDP-RACE-RUN35] host_utc=2026-09-28T09:04:24.939+00:00 host_mono_ns=2345284129352964 === DEBUG [lwip-posix]: udp_sendto called! Bypassing to POSIX sendto ===
[SEDP-RACE-RUN35] host_utc=2026-09-28T09:04:24.939+00:00 host_mono_ns=2345284129419520 
[SEDP-RACE-RUN35] host_utc=2026-09-28T09:04:24.939+00:00 host_mono_ns=2345284129427796 === DEBUG [lwip-posix]: recvfrom received packet of len 52! Bypassing to pcb->recv ===
[SEDP-RACE-RUN35] host_utc=2026-09-28T09:04:24.939+00:00 host_mono_ns=2345284129433897 
[SEDP-RACE-RUN35] host_utc=2026-09-28T09:04:24.939+00:00 host_mono_ns=2345284129439718 === DEBUG [lwip-posix]: udp_sendto called! Bypassing to POSIX sendto ===
[SEDP-RACE-RUN35] host_utc=2026-09-28T09:04:24.939+00:00 host_mono_ns=2345284129749022 
[SEDP-RACE-RUN35] host_utc=2026-09-28T09:04:24.939+00:00 host_mono_ns=2345284129758550 === DEBUG [lwip-posix]: recvfrom received packet of len 52! Bypassing to pcb->recv ===
[SEDP-RACE-RUN35] host_utc=2026-09-28T09:04:24.939+00:00 host_mono_ns=2345284129765153 
[SEDP-RACE-RUN35] host_utc=2026-09-28T09:04:24.939+00:00 host_mono_ns=2345284129771274 === DEBUG [lwip-posix]: udp_sendto called! Bypassing to POSIX sendto ===
[SEDP-RACE-RUN35] host_utc=2026-09-28T09:04:24.939+00:00 host_mono_ns=2345284129780923 
[SEDP-RACE-RUN35] host_utc=2026-09-28T09:04:24.939+00:00 host_mono_ns=2345284129787535 === DEBUG [lwip-posix]: recvfrom received packet of len 52! Bypassing to pcb->recv ===
[SEDP-RACE-RUN35] host_utc=2026-09-28T09:04:24.939+00:00 host_mono_ns=2345284129793877 
[SEDP-RACE-RUN35] host_utc=2026-09-28T09:04:24.939+00:00 host_mono_ns=2345284129803295 === DEBUG [lwip-posix]: udp_sendto called! Bypassing to POSIX sendto ===
[SEDP-RACE-RUN35] host_utc=2026-09-28T09:04:24.939+00:00 host_mono_ns=2345284129994797 
[SEDP-RACE-RUN35] host_utc=2026-09-28T09:04:24.939+00:00 host_mono_ns=2345284130014003 === DEBUG [lwip-posix]: recvfrom received packet of len 52! Bypassing to pcb->recv ===
[SEDP-RACE-RUN35] host_utc=2026-09-28T09:04:24.939+00:00 host_mono_ns=2345284130023832 
[SEDP-RACE-RUN35] host_utc=2026-09-28T09:04:24.939+00:00 host_mono_ns=2345284130029823 === DEBUG [lwip-posix]: udp_sendto called! Bypassing to POSIX sendto ===
[SEDP-RACE-RUN35] host_utc=2026-09-28T09:04:24.939+00:00 host_mono_ns=2345284130072844 
[SEDP-RACE-RUN35] host_utc=2026-09-28T09:04:24.939+00:00 host_mono_ns=2345284130080248 === DEBUG [lwip-posix]: recvfrom received packet of len 52! Bypassing to pcb->recv ===
[SEDP-RACE-RUN35] host_utc=2026-09-28T09:04:24.939+00:00 host_mono_ns=2345284130086410 
[SEDP-RACE-RUN35] host_utc=2026-09-28T09:04:24.939+00:00 host_mono_ns=2345284130092311 === DEBUG [lwip-posix]: udp_sendto called! Bypassing to POSIX sendto ===
[SEDP-RACE-RUN35] host_utc=2026-09-28T09:04:24.940+00:00 host_mono_ns=2345284130250770 
[SEDP-RACE-RUN35] host_utc=2026-09-28T09:04:24.940+00:00 host_mono_ns=2345284130260078 === DEBUG [lwip-posix]: recvfrom received packet of len 52! Bypassing to pcb->recv ===
[SEDP-RACE-RUN35] host_utc=2026-09-28T09:04:24.940+00:00 host_mono_ns=2345284130266540 
[SEDP-RACE-RUN35] host_utc=2026-09-28T09:04:24.940+00:00 host_mono_ns=2345284130272361 === DEBUG [lwip-posix]: udp_sendto called! Bypassing to POSIX sendto ===
[SEDP-RACE-RUN35] host_utc=2026-09-28T09:04:24.940+00:00 host_mono_ns=2345284130278222 
[SEDP-RACE-RUN35] host_utc=2026-09-28T09:04:24.940+00:00 host_mono_ns=2345284130284043 === DEBUG [lwip-posix]: recvfrom received packet of len 52! Bypassing to pcb->recv ===
[SEDP-RACE-RUN35] host_utc=2026-09-28T09:04:24.940+00:00 host_mono_ns=2345284130293421 
[SEDP-RACE-RUN35] host_utc=2026-09-28T09:04:24.940+00:00 host_mono_ns=2345284130299773 === DEBUG [lwip-posix]: udp_sendto called! Bypassing to POSIX sendto ===
[SEDP-RACE-RUN35] host_utc=2026-09-28T09:04:24.940+00:00 host_mono_ns=2345284130519037 
[SEDP-RACE-RUN35] host_utc=2026-09-28T09:04:24.940+00:00 host_mono_ns=2345284130540528 === DEBUG [lwip-posix]: recvfrom received packet of len 52! Bypassing to pcb->recv ===
[SEDP-RACE-RUN35] host_utc=2026-09-28T09:04:24.940+00:00 host_mono_ns=2345284130549024 
[SEDP-RACE-RUN35] host_utc=2026-09-28T09:04:24.940+00:00 host_mono_ns=2345284130555877 === DEBUG [lwip-posix]: udp_sendto called! Bypassing to POSIX sendto ===
[SEDP-RACE-RUN35] host_utc=2026-09-28T09:04:24.940+00:00 host_mono_ns=2345284130585362 
[SEDP-RACE-RUN35] host_utc=2026-09-28T09:04:24.940+00:00 host_mono_ns=2345284130596373 === DEBUG [lwip-posix]: recvfrom received packet of len 52! Bypassing to pcb->recv ===
[SEDP-RACE-RUN35] host_utc=2026-09-28T09:04:24.940+00:00 host_mono_ns=2345284130603367 
[SEDP-RACE-RUN35] host_utc=2026-09-28T09:04:24.940+00:00 host_mono_ns=2345284130609829 === DEBUG [lwip-posix]: udp_sendto called! Bypassing to POSIX sendto ===
[SEDP-RACE-RUN35] host_utc=2026-09-28T09:04:24.940+00:00 host_mono_ns=2345284130822160 
[SEDP-RACE-RUN35] host_utc=2026-09-28T09:04:24.940+00:00 host_mono_ns=2345284130833020 === DEBUG [lwip-posix]: recvfrom received packet of len 52! Bypassing to pcb->recv ===
[SEDP-RACE-RUN35] host_utc=2026-09-28T09:04:24.940+00:00 host_mono_ns=2345284130839994 
[SEDP-RACE-RUN35] host_utc=2026-09-28T09:04:24.940+00:00 host_mono_ns=2345284130846065 === DEBUG [lwip-posix]: udp_sendto called! Bypassing to POSIX sendto ===
[SEDP-RACE-RUN35] host_utc=2026-09-28T09:04:24.940+00:00 host_mono_ns=2345284130943128 
[SEDP-RACE-RUN35] host_utc=2026-09-28T09:04:24.940+00:00 host_mono_ns=2345284130950933 === DEBUG [lwip-posix]: recvfrom received packet of len 52! Bypassing to pcb->recv ===
[SEDP-RACE-RUN35] host_utc=2026-09-28T09:04:24.940+00:00 host_mono_ns=2345284130957425 
[SEDP-RACE-RUN35] host_utc=2026-09-28T09:04:24.940+00:00 host_mono_ns=2345284130963467 === DEBUG [lwip-posix]: udp_sendto called! Bypassing to POSIX sendto ===
[SEDP-RACE-RUN35] host_utc=2026-09-28T09:04:24.941+00:00 host_mono_ns=2345284131174025 
[SEDP-RACE-RUN35] host_utc=2026-09-28T09:04:24.941+00:00 host_mono_ns=2345284131186638 === DEBUG [lwip-posix]: recvfrom received packet of len 52! Bypassing to pcb->recv ===
[SEDP-RACE-RUN35] host_utc=2026-09-28T09:04:24.941+00:00 host_mono_ns=2345284131193361 
[SEDP-RACE-RUN35] host_utc=2026-09-28T09:04:24.941+00:00 host_mono_ns=2345284131199543 === DEBUG [lwip-posix]: udp_sendto called! Bypassing to POSIX sendto ===
[SEDP-RACE-RUN35] host_utc=2026-09-28T09:04:24.941+00:00 host_mono_ns=2345284131225101 
[SEDP-RACE-RUN35] host_utc=2026-09-28T09:04:24.941+00:00 host_mono_ns=2345284131231433 === DEBUG [lwip-posix]: recvfrom received packet of len 52! Bypassing to pcb->recv ===
[SEDP-RACE-RUN35] host_utc=2026-09-28T09:04:24.941+00:00 host_mono_ns=2345284131237635 
[SEDP-RACE-RUN35] host_utc=2026-09-28T09:04:24.941+00:00 host_mono_ns=2345284131243706 === DEBUG [lwip-posix]: udp_sendto called! Bypassing to POSIX sendto ===
[SEDP-RACE-RUN35] host_utc=2026-09-28T09:04:24.941+00:00 host_mono_ns=2345284131360257 
[SEDP-RACE-RUN35] host_utc=2026-09-28T09:04:24.941+00:00 host_mono_ns=2345284131369494 === DEBUG [lwip-posix]: recvfrom received packet of len 52! Bypassing to pcb->recv ===
[SEDP-RACE-RUN35] host_utc=2026-09-28T09:04:24.941+00:00 host_mono_ns=2345284131375956 
[SEDP-RACE-RUN35] host_utc=2026-09-28T09:04:24.941+00:00 host_mono_ns=2345284131381787 === DEBUG [lwip-posix]: udp_sendto called! Bypassing to POSIX sendto ===
[SEDP-RACE-RUN35] host_utc=2026-09-28T09:04:24.941+00:00 host_mono_ns=2345284131391225 
[SEDP-RACE-RUN35] host_utc=2026-09-28T09:04:24.941+00:00 host_mono_ns=2345284131397537 === DEBUG [lwip-posix]: recvfrom received packet of len 52! Bypassing to pcb->recv ===
[SEDP-RACE-RUN35] host_utc=2026-09-28T09:04:24.941+00:00 host_mono_ns=2345284131403739 
[SEDP-RACE-RUN35] host_utc=2026-09-28T09:04:24.941+00:00 host_mono_ns=2345284131409800 === DEBUG [lwip-posix]: udp_sendto called! Bypassing to POSIX sendto ===
[SEDP-RACE-RUN35] host_utc=2026-09-28T09:04:24.941+00:00 host_mono_ns=2345284131573840 
[SEDP-RACE-RUN35] host_utc=2026-09-28T09:04:24.941+00:00 host_mono_ns=2345284131582166 === DEBUG [lwip-posix]: recvfrom received packet of len 52! Bypassing to pcb->recv ===
[SEDP-RACE-RUN35] host_utc=2026-09-28T09:04:24.941+00:00 host_mono_ns=2345284131596323 
[SEDP-RACE-RUN35] host_utc=2026-09-28T09:04:24.941+00:00 host_mono_ns=2345284131602504 === DEBUG [lwip-posix]: udp_sendto called! Bypassing to POSIX sendto ===
[SEDP-RACE-RUN35] host_utc=2026-09-28T09:04:24.941+00:00 host_mono_ns=2345284131611972 
[SEDP-RACE-RUN35] host_utc=2026-09-28T09:04:24.941+00:00 host_mono_ns=2345284131618194 === DEBUG [lwip-posix]: recvfrom received packet of len 52! Bypassing to pcb->recv ===
[SEDP-RACE-RUN35] host_utc=2026-09-28T09:04:24.941+00:00 host_mono_ns=2345284131624165 
[SEDP-RACE-RUN35] host_utc=2026-09-28T09:04:24.941+00:00 host_mono_ns=2345284131629926 === DEBUG [lwip-posix]: udp_sendto called! Bypassing to POSIX sendto ===
[SEDP-RACE-RUN35] host_utc=2026-09-28T09:04:24.941+00:00 host_mono_ns=2345284131821929 
[SEDP-RACE-RUN35] host_utc=2026-09-28T09:04:24.941+00:00 host_mono_ns=2345284131830846 === DEBUG [lwip-posix]: recvfrom received packet of len 52! Bypassing to pcb->recv ===
[SEDP-RACE-RUN35] host_utc=2026-09-28T09:04:24.941+00:00 host_mono_ns=2345284131837398 
[SEDP-RACE-RUN35] host_utc=2026-09-28T09:04:24.941+00:00 host_mono_ns=2345284131843429 === DEBUG [lwip-posix]: udp_sendto called! Bypassing to POSIX sendto ===
[SEDP-RACE-RUN35] host_utc=2026-09-28T09:04:24.941+00:00 host_mono_ns=2345284131849611 
[SEDP-RACE-RUN35] host_utc=2026-09-28T09:04:24.941+00:00 host_mono_ns=2345284131855472 === DEBUG [lwip-posix]: recvfrom received packet of len 52! Bypassing to pcb->recv ===
[SEDP-RACE-RUN35] host_utc=2026-09-28T09:04:24.941+00:00 host_mono_ns=2345284131861544 
[SEDP-RACE-RUN35] host_utc=2026-09-28T09:04:24.941+00:00 host_mono_ns=2345284131870200 === DEBUG [lwip-posix]: udp_sendto called! Bypassing to POSIX sendto ===
[SEDP-RACE-RUN35] host_utc=2026-09-28T09:04:24.941+00:00 host_mono_ns=2345284131987171 
[SEDP-RACE-RUN35] host_utc=2026-09-28T09:04:24.941+00:00 host_mono_ns=2345284131995517 === DEBUG [lwip-posix]: recvfrom received packet of len 52! Bypassing to pcb->recv ===
[SEDP-RACE-RUN35] host_utc=2026-09-28T09:04:24.941+00:00 host_mono_ns=2345284132007179 
[SEDP-RACE-RUN35] host_utc=2026-09-28T09:04:24.941+00:00 host_mono_ns=2345284132015915 === DEBUG [lwip-posix]: udp_sendto called! Bypassing to POSIX sendto ===
[SEDP-RACE-RUN35] host_utc=2026-09-28T09:04:24.941+00:00 host_mono_ns=2345284132032186 
[SEDP-RACE-RUN35] host_utc=2026-09-28T09:04:24.941+00:00 host_mono_ns=2345284132038658 === DEBUG [lwip-posix]: recvfrom received packet of len 52! Bypassing to pcb->recv ===
[SEDP-RACE-RUN35] host_utc=2026-09-28T09:04:24.941+00:00 host_mono_ns=2345284132044670 
[SEDP-RACE-RUN35] host_utc=2026-09-28T09:04:24.941+00:00 host_mono_ns=2345284132050571 === DEBUG [lwip-posix]: udp_sendto called! Bypassing to POSIX sendto ===
[SEDP-RACE-RUN35] host_utc=2026-09-28T09:04:24.942+00:00 host_mono_ns=2345284132251370 
[SEDP-RACE-RUN35] host_utc=2026-09-28T09:04:24.942+00:00 host_mono_ns=2345284132259355 === DEBUG [lwip-posix]: recvfrom received packet of len 52! Bypassing to pcb->recv ===
[SEDP-RACE-RUN35] host_utc=2026-09-28T09:04:24.942+00:00 host_mono_ns=2345284132265687 
[SEDP-RACE-RUN35] host_utc=2026-09-28T09:04:24.942+00:00 host_mono_ns=2345284132271769 === DEBUG [lwip-posix]: udp_sendto called! Bypassing to POSIX sendto ===
[SEDP-RACE-RUN35] host_utc=2026-09-28T09:04:24.942+00:00 host_mono_ns=2345284132277910 
[SEDP-RACE-RUN35] host_utc=2026-09-28T09:04:24.942+00:00 host_mono_ns=2345284132283911 === DEBUG [lwip-posix]: recvfrom received packet of len 52! Bypassing to pcb->recv ===
[SEDP-RACE-RUN35] host_utc=2026-09-28T09:04:24.942+00:00 host_mono_ns=2345284132293109 
[SEDP-RACE-RUN35] host_utc=2026-09-28T09:04:24.942+00:00 host_mono_ns=2345284132299140 === DEBUG [lwip-posix]: udp_sendto called! Bypassing to POSIX sendto ===
[SEDP-RACE-RUN35] host_utc=2026-09-28T09:04:24.942+00:00 host_mono_ns=2345284132435598 
[SEDP-RACE-RUN35] host_utc=2026-09-28T09:04:24.942+00:00 host_mono_ns=2345284132444725 === DEBUG [lwip-posix]: recvfrom received packet of len 52! Bypassing to pcb->recv ===
[SEDP-RACE-RUN35] host_utc=2026-09-28T09:04:24.942+00:00 host_mono_ns=2345284132457199 
[SEDP-RACE-RUN35] host_utc=2026-09-28T09:04:24.942+00:00 host_mono_ns=2345284132463130 === DEBUG [lwip-posix]: udp_sendto called! Bypassing to POSIX sendto ===
[SEDP-RACE-RUN35] host_utc=2026-09-28T09:04:24.942+00:00 host_mono_ns=2345284132469031 
[SEDP-RACE-RUN35] host_utc=2026-09-28T09:04:24.942+00:00 host_mono_ns=2345284132475012 === DEBUG [lwip-posix]: recvfrom received packet of len 52! Bypassing to pcb->recv ===
[SEDP-RACE-RUN35] host_utc=2026-09-28T09:04:24.942+00:00 host_mono_ns=2345284132484530 
[SEDP-RACE-RUN35] host_utc=2026-09-28T09:04:24.942+00:00 host_mono_ns=2345284132490652 === DEBUG [lwip-posix]: udp_sendto called! Bypassing to POSIX sendto ===
[SEDP-RACE-RUN35] host_utc=2026-09-28T09:04:24.942+00:00 host_mono_ns=2345284132815125 
[SEDP-RACE-RUN35] host_utc=2026-09-28T09:04:24.942+00:00 host_mono_ns=2345284132829221 === DEBUG [lwip-posix]: recvfrom received packet of len 52! Bypassing to pcb->recv ===
[SEDP-RACE-RUN35] host_utc=2026-09-28T09:04:24.942+00:00 host_mono_ns=2345284132837076 
[SEDP-RACE-RUN35] host_utc=2026-09-28T09:04:24.942+00:00 host_mono_ns=2345284132843589 === DEBUG [lwip-posix]: udp_sendto called! Bypassing to POSIX sendto ===
[SEDP-RACE-RUN35] host_utc=2026-09-28T09:04:24.942+00:00 host_mono_ns=2345284132850101 
[SEDP-RACE-RUN35] host_utc=2026-09-28T09:04:24.942+00:00 host_mono_ns=2345284132856383 === DEBUG [lwip-posix]: recvfrom received packet of len 52! Bypassing to pcb->recv ===
[SEDP-RACE-RUN35] host_utc=2026-09-28T09:04:24.942+00:00 host_mono_ns=2345284132866963 
[SEDP-RACE-RUN35] host_utc=2026-09-28T09:04:24.942+00:00 host_mono_ns=2345284132873405 === DEBUG [lwip-posix]: udp_sendto called! Bypassing to POSIX sendto ===
[SEDP-RACE-RUN35] host_utc=2026-09-28T09:04:24.942+00:00 host_mono_ns=2345284132985677 
[SEDP-RACE-RUN35] host_utc=2026-09-28T09:04:24.942+00:00 host_mono_ns=2345284132994444 === DEBUG [lwip-posix]: recvfrom received packet of len 52! Bypassing to pcb->recv ===
[SEDP-RACE-RUN35] host_utc=2026-09-28T09:04:24.942+00:00 host_mono_ns=2345284132999293 
[SEDP-RACE-RUN35] host_utc=2026-09-28T09:04:24.942+00:00 host_mono_ns=2345284133012027 === DEBUG [lwip-posix]: recvfrom received packet of len 52! Bypassing to pcb->recv ===
[SEDP-RACE-RUN35] host_utc=2026-09-28T09:04:24.942+00:00 host_mono_ns=2345284133016545 
[SEDP-RACE-RUN35] host_utc=2026-09-28T09:04:24.942+00:00 host_mono_ns=2345284133020743 === DEBUG [lwip-posix]: udp_sendto called! Bypassing to POSIX sendto ===
[SEDP-RACE-RUN35] host_utc=2026-09-28T09:04:24.942+00:00 host_mono_ns=2345284133024991 
[SEDP-RACE-RUN35] host_utc=2026-09-28T09:04:24.942+00:00 host_mono_ns=2345284133029149 === DEBUG [lwip-posix]: udp_sendto called! Bypassing to POSIX sendto ===
[SEDP-RACE-RUN35] host_utc=2026-09-28T09:04:24.943+00:00 host_mono_ns=2345284133324517 
[SEDP-RACE-RUN35] host_utc=2026-09-28T09:04:24.943+00:00 host_mono_ns=2345284133330298 === DEBUG [lwip-posix]: recvfrom received packet of len 52! Bypassing to pcb->recv ===
[SEDP-RACE-RUN35] host_utc=2026-09-28T09:04:24.943+00:00 host_mono_ns=2345284133334787 
[SEDP-RACE-RUN35] host_utc=2026-09-28T09:04:24.943+00:00 host_mono_ns=2345284133339025 === DEBUG [lwip-posix]: udp_sendto called! Bypassing to POSIX sendto ===
[SEDP-RACE-RUN35] host_utc=2026-09-28T09:04:24.943+00:00 host_mono_ns=2345284133448862 
[SEDP-RACE-RUN35] host_utc=2026-09-28T09:04:24.943+00:00 host_mono_ns=2345284133465383 === DEBUG [lwip-posix]: recvfrom received packet of len 52! Bypassing to pcb->recv ===
[SEDP-RACE-RUN35] host_utc=2026-09-28T09:04:24.943+00:00 host_mono_ns=2345284133475633 
[SEDP-RACE-RUN35] host_utc=2026-09-28T09:04:24.943+00:00 host_mono_ns=2345284133484660 === DEBUG [lwip-posix]: udp_sendto called! Bypassing to POSIX sendto ===
[SEDP-RACE-RUN35] host_utc=2026-09-28T09:04:24.943+00:00 host_mono_ns=2345284133543992 
[SEDP-RACE-RUN35] host_utc=2026-09-28T09:04:24.943+00:00 host_mono_ns=2345284133554281 === DEBUG [lwip-posix]: recvfrom received packet of len 52! Bypassing to pcb->recv ===
[SEDP-RACE-RUN35] host_utc=2026-09-28T09:04:24.943+00:00 host_mono_ns=2345284133573768 
[SEDP-RACE-RUN35] host_utc=2026-09-28T09:04:24.943+00:00 host_mono_ns=2345284133582765 === DEBUG [lwip-posix]: udp_sendto called! Bypassing to POSIX sendto ===
[SEDP-RACE-RUN35] host_utc=2026-09-28T09:04:24.943+00:00 host_mono_ns=2345284133824943 
[SEDP-RACE-RUN35] host_utc=2026-09-28T09:04:24.943+00:00 host_mono_ns=2345284133832918 === DEBUG [lwip-posix]: recvfrom received packet of len 52! Bypassing to pcb->recv ===
[SEDP-RACE-RUN35] host_utc=2026-09-28T09:04:24.943+00:00 host_mono_ns=2345284133837827 
[SEDP-RACE-RUN35] host_utc=2026-09-28T09:04:24.943+00:00 host_mono_ns=2345284133842125 === DEBUG [lwip-posix]: udp_sendto called! Bypassing to POSIX sendto ===
[SEDP-RACE-RUN35] host_utc=2026-09-28T09:04:24.943+00:00 host_mono_ns=2345284133849028 
[SEDP-RACE-RUN35] host_utc=2026-09-28T09:04:24.943+00:00 host_mono_ns=2345284133853406 === DEBUG [lwip-posix]: recvfrom received packet of len 52! Bypassing to pcb->recv ===
[SEDP-RACE-RUN35] host_utc=2026-09-28T09:04:24.943+00:00 host_mono_ns=2345284133857765 
[SEDP-RACE-RUN35] host_utc=2026-09-28T09:04:24.943+00:00 host_mono_ns=2345284133861902 === DEBUG [lwip-posix]: udp_sendto called! Bypassing to POSIX sendto ===
[SEDP-RACE-RUN35] host_utc=2026-09-28T09:04:24.944+00:00 host_mono_ns=2345284134262279 
[SEDP-RACE-RUN35] host_utc=2026-09-28T09:04:24.944+00:00 host_mono_ns=2345284134273340 === DEBUG [lwip-posix]: recvfrom received packet of len 52! Bypassing to pcb->recv ===
[SEDP-RACE-RUN35] host_utc=2026-09-28T09:04:24.944+00:00 host_mono_ns=2345284134278510 
[SEDP-RACE-RUN35] host_utc=2026-09-28T09:04:24.944+00:00 host_mono_ns=2345284134282798 === DEBUG [lwip-posix]: udp_sendto called! Bypassing to POSIX sendto ===
[SEDP-RACE-RUN35] host_utc=2026-09-28T09:04:24.944+00:00 host_mono_ns=2345284134333914 
[SEDP-RACE-RUN35] host_utc=2026-09-28T09:04:24.944+00:00 host_mono_ns=2345284134339154 === DEBUG [lwip-posix]: recvfrom received packet of len 52! Bypassing to pcb->recv ===
[SEDP-RACE-RUN35] host_utc=2026-09-28T09:04:24.944+00:00 host_mono_ns=2345284134343613 
[SEDP-RACE-RUN35] host_utc=2026-09-28T09:04:24.944+00:00 host_mono_ns=2345284134347790 === DEBUG [lwip-posix]: udp_sendto called! Bypassing to POSIX sendto ===
[SEDP-RACE-RUN35] host_utc=2026-09-28T09:04:24.944+00:00 host_mono_ns=2345284134519535 
[SEDP-RACE-RUN35] host_utc=2026-09-28T09:04:24.944+00:00 host_mono_ns=2345284134532600 === DEBUG [lwip-posix]: recvfrom received packet of len 52! Bypassing to pcb->recv ===
[SEDP-RACE-RUN35] host_utc=2026-09-28T09:04:24.944+00:00 host_mono_ns=2345284134540234 
[SEDP-RACE-RUN35] host_utc=2026-09-28T09:04:24.944+00:00 host_mono_ns=2345284134546636 === DEBUG [lwip-posix]: udp_sendto called! Bypassing to POSIX sendto ===
[SEDP-RACE-RUN35] host_utc=2026-09-28T09:04:24.944+00:00 host_mono_ns=2345284134588565 
[SEDP-RACE-RUN35] host_utc=2026-09-28T09:04:24.944+00:00 host_mono_ns=2345284134600668 === DEBUG [lwip-posix]: recvfrom received packet of len 52! Bypassing to pcb->recv ===
[SEDP-RACE-RUN35] host_utc=2026-09-28T09:04:24.944+00:00 host_mono_ns=2345284134608393 
[SEDP-RACE-RUN35] host_utc=2026-09-28T09:04:24.944+00:00 host_mono_ns=2345284134615055 === DEBUG [lwip-posix]: udp_sendto called! Bypassing to POSIX sendto ===
[SEDP-RACE-RUN35] host_utc=2026-09-28T09:04:24.944+00:00 host_mono_ns=2345284134820944 
[SEDP-RACE-RUN35] host_utc=2026-09-28T09:04:24.944+00:00 host_mono_ns=2345284134832636 === DEBUG [lwip-posix]: recvfrom received packet of len 52! Bypassing to pcb->recv ===
[SEDP-RACE-RUN35] host_utc=2026-09-28T09:04:24.944+00:00 host_mono_ns=2345284134840451 
[SEDP-RACE-RUN35] host_utc=2026-09-28T09:04:24.944+00:00 host_mono_ns=2345284134847204 === DEBUG [lwip-posix]: udp_sendto called! Bypassing to POSIX sendto ===
[SEDP-RACE-RUN35] host_utc=2026-09-28T09:04:24.944+00:00 host_mono_ns=2345284134868534 
[SEDP-RACE-RUN35] host_utc=2026-09-28T09:04:24.944+00:00 host_mono_ns=2345284134874215 === DEBUG [lwip-posix]: recvfrom received packet of len 52! Bypassing to pcb->recv ===
[SEDP-RACE-RUN35] host_utc=2026-09-28T09:04:24.944+00:00 host_mono_ns=2345284134885116 
[SEDP-RACE-RUN35] host_utc=2026-09-28T09:04:24.944+00:00 host_mono_ns=2345284134889354 === DEBUG [lwip-posix]: udp_sendto called! Bypassing to POSIX sendto ===
[SEDP-RACE-RUN35] host_utc=2026-09-28T09:04:24.944+00:00 host_mono_ns=2345284135018387 
[SEDP-RACE-RUN35] host_utc=2026-09-28T09:04:24.944+00:00 host_mono_ns=2345284135030480 === DEBUG [lwip-posix]: recvfrom received packet of len 52! Bypassing to pcb->recv ===
[SEDP-RACE-RUN35] host_utc=2026-09-28T09:04:24.944+00:00 host_mono_ns=2345284135035490 
[SEDP-RACE-RUN35] host_utc=2026-09-28T09:04:24.944+00:00 host_mono_ns=2345284135039778 === DEBUG [lwip-posix]: udp_sendto called! Bypassing to POSIX sendto ===
[SEDP-RACE-RUN35] host_utc=2026-09-28T09:04:24.945+00:00 host_mono_ns=2345284135217203 
[SEDP-RACE-RUN35] host_utc=2026-09-28T09:04:24.945+00:00 host_mono_ns=2345284135222683 === DEBUG [lwip-posix]: recvfrom received packet of len 52! Bypassing to pcb->recv ===
[SEDP-RACE-RUN35] host_utc=2026-09-28T09:04:24.945+00:00 host_mono_ns=2345284135227082 
[SEDP-RACE-RUN35] host_utc=2026-09-28T09:04:24.945+00:00 host_mono_ns=2345284135231229 === DEBUG [lwip-posix]: udp_sendto called! Bypassing to POSIX sendto ===
[SEDP-RACE-RUN35] host_utc=2026-09-28T09:04:24.945+00:00 host_mono_ns=2345284135356256 
[SEDP-RACE-RUN35] host_utc=2026-09-28T09:04:24.945+00:00 host_mono_ns=2345284135367477 === DEBUG [lwip-posix]: recvfrom received packet of len 52! Bypassing to pcb->recv ===
[SEDP-RACE-RUN35] host_utc=2026-09-28T09:04:24.945+00:00 host_mono_ns=2345284135374971 
[SEDP-RACE-RUN35] host_utc=2026-09-28T09:04:24.945+00:00 host_mono_ns=2345284135381343 === DEBUG [lwip-posix]: udp_sendto called! Bypassing to POSIX sendto ===
[SEDP-RACE-RUN35] host_utc=2026-09-28T09:04:24.945+00:00 host_mono_ns=2345284135512491 
[SEDP-RACE-RUN35] host_utc=2026-09-28T09:04:24.945+00:00 host_mono_ns=2345284135518452 === DEBUG [lwip-posix]: recvfrom received packet of len 52! Bypassing to pcb->recv ===
[SEDP-RACE-RUN35] host_utc=2026-09-28T09:04:24.945+00:00 host_mono_ns=2345284135523001 
[SEDP-RACE-RUN35] host_utc=2026-09-28T09:04:24.945+00:00 host_mono_ns=2345284135527139 === DEBUG [lwip-posix]: udp_sendto called! Bypassing to POSIX sendto ===
[SEDP-RACE-RUN35] host_utc=2026-09-28T09:04:24.945+00:00 host_mono_ns=2345284135558518 
[SEDP-RACE-RUN35] host_utc=2026-09-28T09:04:24.945+00:00 host_mono_ns=2345284135567314 === DEBUG [lwip-posix]: recvfrom received packet of len 52! Bypassing to pcb->recv ===
[SEDP-RACE-RUN35] host_utc=2026-09-28T09:04:24.945+00:00 host_mono_ns=2345284135594165 
[SEDP-RACE-RUN35] host_utc=2026-09-28T09:04:24.945+00:00 host_mono_ns=2345284135601880 === DEBUG [lwip-posix]: udp_sendto called! Bypassing to POSIX sendto ===
[SEDP-RACE-RUN35] host_utc=2026-09-28T09:04:24.945+00:00 host_mono_ns=2345284135864676 
[SEDP-RACE-RUN35] host_utc=2026-09-28T09:04:24.945+00:00 host_mono_ns=2345284135875437 === DEBUG [lwip-posix]: recvfrom received packet of len 52! Bypassing to pcb->recv ===
[SEDP-RACE-RUN35] host_utc=2026-09-28T09:04:24.945+00:00 host_mono_ns=2345284135882390 
[SEDP-RACE-RUN35] host_utc=2026-09-28T09:04:24.945+00:00 host_mono_ns=2345284135888742 === DEBUG [lwip-posix]: udp_sendto called! Bypassing to POSIX sendto ===
[SEDP-RACE-RUN35] host_utc=2026-09-28T09:04:24.945+00:00 host_mono_ns=2345284135898570 
[SEDP-RACE-RUN35] host_utc=2026-09-28T09:04:24.945+00:00 host_mono_ns=2345284135904932 === DEBUG [lwip-posix]: recvfrom received packet of len 52! Bypassing to pcb->recv ===
[SEDP-RACE-RUN35] host_utc=2026-09-28T09:04:24.945+00:00 host_mono_ns=2345284135911294 
[SEDP-RACE-RUN35] host_utc=2026-09-28T09:04:24.945+00:00 host_mono_ns=2345284135917506 === DEBUG [lwip-posix]: udp_sendto called! Bypassing to POSIX sendto ===
[SEDP-RACE-RUN35] host_utc=2026-09-28T09:04:24.946+00:00 host_mono_ns=2345284136216661 
[SEDP-RACE-RUN35] host_utc=2026-09-28T09:04:24.946+00:00 host_mono_ns=2345284136230908 === DEBUG [lwip-posix]: recvfrom received packet of len 52! Bypassing to pcb->recv ===
[SEDP-RACE-RUN35] host_utc=2026-09-28T09:04:24.946+00:00 host_mono_ns=2345284136245376 
[SEDP-RACE-RUN35] host_utc=2026-09-28T09:04:24.946+00:00 host_mono_ns=2345284136250094 === DEBUG [lwip-posix]: udp_sendto called! Bypassing to POSIX sendto ===
[SEDP-RACE-RUN35] host_utc=2026-09-28T09:04:24.946+00:00 host_mono_ns=2345284136266495 
[SEDP-RACE-RUN35] host_utc=2026-09-28T09:04:24.946+00:00 host_mono_ns=2345284136272116 === DEBUG [lwip-posix]: recvfrom received packet of len 52! Bypassing to pcb->recv ===
[SEDP-RACE-RUN35] host_utc=2026-09-28T09:04:24.946+00:00 host_mono_ns=2345284136276605 
[SEDP-RACE-RUN35] host_utc=2026-09-28T09:04:24.946+00:00 host_mono_ns=2345284136280853 === DEBUG [lwip-posix]: udp_sendto called! Bypassing to POSIX sendto ===
[SEDP-RACE-RUN35] host_utc=2026-09-28T09:04:24.946+00:00 host_mono_ns=2345284136454220 
[SEDP-RACE-RUN35] host_utc=2026-09-28T09:04:24.946+00:00 host_mono_ns=2345284136459260 === DEBUG [lwip-posix]: recvfrom received packet of len 52! Bypassing to pcb->recv ===
[SEDP-RACE-RUN35] host_utc=2026-09-28T09:04:24.946+00:00 host_mono_ns=2345284136463688 
[SEDP-RACE-RUN35] host_utc=2026-09-28T09:04:24.946+00:00 host_mono_ns=2345284136467946 === DEBUG [lwip-posix]: udp_sendto called! Bypassing to POSIX sendto ===
[SEDP-RACE-RUN35] host_utc=2026-09-28T09:04:24.946+00:00 host_mono_ns=2345284136619532 
[SEDP-RACE-RUN35] host_utc=2026-09-28T09:04:24.946+00:00 host_mono_ns=2345284136632126 === DEBUG [lwip-posix]: recvfrom received packet of len 52! Bypassing to pcb->recv ===
[SEDP-RACE-RUN35] host_utc=2026-09-28T09:04:24.946+00:00 host_mono_ns=2345284136638168 
[SEDP-RACE-RUN35] host_utc=2026-09-28T09:04:24.946+00:00 host_mono_ns=2345284136642446 === DEBUG [lwip-posix]: udp_sendto called! Bypassing to POSIX sendto ===
[SEDP-RACE-RUN35] host_utc=2026-09-28T09:04:24.946+00:00 host_mono_ns=2345284136694143 
[SEDP-RACE-RUN35] host_utc=2026-09-28T09:04:24.946+00:00 host_mono_ns=2345284136703731 === DEBUG [lwip-posix]: recvfrom received packet of len 52! Bypassing to pcb->recv ===
[SEDP-RACE-RUN35] host_utc=2026-09-28T09:04:24.946+00:00 host_mono_ns=2345284136708791 
[SEDP-RACE-RUN35] host_utc=2026-09-28T09:04:24.946+00:00 host_mono_ns=2345284136713159 === DEBUG [lwip-posix]: udp_sendto called! Bypassing to POSIX sendto ===
[SEDP-RACE-RUN35] host_utc=2026-09-28T09:04:24.946+00:00 host_mono_ns=2345284136927114 
[SEDP-RACE-RUN35] host_utc=2026-09-28T09:04:24.946+00:00 host_mono_ns=2345284136938184 === DEBUG [lwip-posix]: recvfrom received packet of len 52! Bypassing to pcb->recv ===
[SEDP-RACE-RUN35] host_utc=2026-09-28T09:04:24.946+00:00 host_mono_ns=2345284136944857 
[SEDP-RACE-RUN35] host_utc=2026-09-28T09:04:24.946+00:00 host_mono_ns=2345284136950858 === DEBUG [lwip-posix]: udp_sendto called! Bypassing to POSIX sendto ===
[SEDP-RACE-RUN35] host_utc=2026-09-28T09:04:24.946+00:00 host_mono_ns=2345284137028886 
[SEDP-RACE-RUN35] host_utc=2026-09-28T09:04:24.946+00:00 host_mono_ns=2345284137040458 === DEBUG [lwip-posix]: recvfrom received packet of len 52! Bypassing to pcb->recv ===
[SEDP-RACE-RUN35] host_utc=2026-09-28T09:04:24.946+00:00 host_mono_ns=2345284137047090 
[SEDP-RACE-RUN35] host_utc=2026-09-28T09:04:24.946+00:00 host_mono_ns=2345284137053192 === DEBUG [lwip-posix]: udp_sendto called! Bypassing to POSIX sendto ===
[SEDP-RACE-RUN35] host_utc=2026-09-28T09:04:24.946+00:00 host_mono_ns=2345284137156717 
[SEDP-RACE-RUN35] host_utc=2026-09-28T09:04:24.947+00:00 host_mono_ns=2345284137167317 === DEBUG [lwip-posix]: recvfrom received packet of len 52! Bypassing to pcb->recv ===
[SEDP-RACE-RUN35] host_utc=2026-09-28T09:04:24.947+00:00 host_mono_ns=2345284137172587 
[SEDP-RACE-RUN35] host_utc=2026-09-28T09:04:24.947+00:00 host_mono_ns=2345284137176956 === DEBUG [lwip-posix]: udp_sendto called! Bypassing to POSIX sendto ===
[SEDP-RACE-RUN35] host_utc=2026-09-28T09:04:24.947+00:00 host_mono_ns=2345284137267487 
[SEDP-RACE-RUN35] host_utc=2026-09-28T09:04:24.947+00:00 host_mono_ns=2345284137273298 === DEBUG [lwip-posix]: recvfrom received packet of len 52! Bypassing to pcb->recv ===
[SEDP-RACE-RUN35] host_utc=2026-09-28T09:04:24.947+00:00 host_mono_ns=2345284137284539 
[SEDP-RACE-RUN35] host_utc=2026-09-28T09:04:24.947+00:00 host_mono_ns=2345284137288837 === DEBUG [lwip-posix]: udp_sendto called! Bypassing to POSIX sendto ===
[SEDP-RACE-RUN35] host_utc=2026-09-28T09:04:24.947+00:00 host_mono_ns=2345284137399155 
[SEDP-RACE-RUN35] host_utc=2026-09-28T09:04:24.947+00:00 host_mono_ns=2345284137405477 === DEBUG [lwip-posix]: recvfrom received packet of len 52! Bypassing to pcb->recv ===
[SEDP-RACE-RUN35] host_utc=2026-09-28T09:04:24.947+00:00 host_mono_ns=2345284137410036 
[SEDP-RACE-RUN35] host_utc=2026-09-28T09:04:24.947+00:00 host_mono_ns=2345284137414374 === DEBUG [lwip-posix]: udp_sendto called! Bypassing to POSIX sendto ===
[SEDP-RACE-RUN35] host_utc=2026-09-28T09:04:24.947+00:00 host_mono_ns=2345284137488013 
[SEDP-RACE-RUN35] host_utc=2026-09-28T09:04:24.947+00:00 host_mono_ns=2345284137492862 === DEBUG [lwip-posix]: recvfrom received packet of len 52! Bypassing to pcb->recv ===
[SEDP-RACE-RUN35] host_utc=2026-09-28T09:04:24.947+00:00 host_mono_ns=2345284137497211 
[SEDP-RACE-RUN35] host_utc=2026-09-28T09:04:24.947+00:00 host_mono_ns=2345284137501409 === DEBUG [lwip-posix]: udp_sendto called! Bypassing to POSIX sendto ===
[SEDP-RACE-RUN35] host_utc=2026-09-28T09:04:24.947+00:00 host_mono_ns=2345284137693842 
[SEDP-RACE-RUN35] host_utc=2026-09-28T09:04:24.947+00:00 host_mono_ns=2345284137700605 === DEBUG [lwip-posix]: recvfrom received packet of len 52! Bypassing to pcb->recv ===
[SEDP-RACE-RUN35] host_utc=2026-09-28T09:04:24.947+00:00 host_mono_ns=2345284137705224 
[SEDP-RACE-RUN35] host_utc=2026-09-28T09:04:24.947+00:00 host_mono_ns=2345284137709552 === DEBUG [lwip-posix]: udp_sendto called! Bypassing to POSIX sendto ===
[SEDP-RACE-RUN35] host_utc=2026-09-28T09:04:24.947+00:00 host_mono_ns=2345284137751421 
[SEDP-RACE-RUN35] host_utc=2026-09-28T09:04:24.947+00:00 host_mono_ns=2345284137756420 === DEBUG [lwip-posix]: recvfrom received packet of len 52! Bypassing to pcb->recv ===
[SEDP-RACE-RUN35] host_utc=2026-09-28T09:04:24.947+00:00 host_mono_ns=2345284137760849 
[SEDP-RACE-RUN35] host_utc=2026-09-28T09:04:24.947+00:00 host_mono_ns=2345284137765017 === DEBUG [lwip-posix]: udp_sendto called! Bypassing to POSIX sendto ===
[SEDP-RACE-RUN35] host_utc=2026-09-28T09:04:24.947+00:00 host_mono_ns=2345284137996424 
[SEDP-RACE-RUN35] host_utc=2026-09-28T09:04:24.947+00:00 host_mono_ns=2345284138009679 === DEBUG [lwip-posix]: recvfrom received packet of len 52! Bypassing to pcb->recv ===
[SEDP-RACE-RUN35] host_utc=2026-09-28T09:04:24.947+00:00 host_mono_ns=2345284138017724 
[SEDP-RACE-RUN35] host_utc=2026-09-28T09:04:24.947+00:00 host_mono_ns=2345284138022042 === DEBUG [lwip-posix]: udp_sendto called! Bypassing to POSIX sendto ===
[SEDP-RACE-RUN35] host_utc=2026-09-28T09:04:24.947+00:00 host_mono_ns=2345284138102695 
[SEDP-RACE-RUN35] host_utc=2026-09-28T09:04:24.947+00:00 host_mono_ns=2345284138107554 === DEBUG [lwip-posix]: recvfrom received packet of len 52! Bypassing to pcb->recv ===
[SEDP-RACE-RUN35] host_utc=2026-09-28T09:04:24.947+00:00 host_mono_ns=2345284138111892 
[SEDP-RACE-RUN35] host_utc=2026-09-28T09:04:24.947+00:00 host_mono_ns=2345284138116070 === DEBUG [lwip-posix]: udp_sendto called! Bypassing to POSIX sendto ===
[SEDP-RACE-RUN35] host_utc=2026-09-28T09:04:24.948+00:00 host_mono_ns=2345284138214145 
[SEDP-RACE-RUN35] host_utc=2026-09-28T09:04:24.948+00:00 host_mono_ns=2345284138220617 === DEBUG [lwip-posix]: recvfrom received packet of len 52! Bypassing to pcb->recv ===
[SEDP-RACE-RUN35] host_utc=2026-09-28T09:04:24.948+00:00 host_mono_ns=2345284138225176 
[SEDP-RACE-RUN35] host_utc=2026-09-28T09:04:24.948+00:00 host_mono_ns=2345284138229404 === DEBUG [lwip-posix]: udp_sendto called! Bypassing to POSIX sendto ===
[SEDP-RACE-RUN35] host_utc=2026-09-28T09:04:24.948+00:00 host_mono_ns=2345284138317530 
[SEDP-RACE-RUN35] host_utc=2026-09-28T09:04:24.948+00:00 host_mono_ns=2345284138322850 === DEBUG [lwip-posix]: recvfrom received packet of len 52! Bypassing to pcb->recv ===
[SEDP-RACE-RUN35] host_utc=2026-09-28T09:04:24.948+00:00 host_mono_ns=2345284138334923 
[SEDP-RACE-RUN35] host_utc=2026-09-28T09:04:24.948+00:00 host_mono_ns=2345284138340904 === DEBUG [lwip-posix]: udp_sendto called! Bypassing to POSIX sendto ===
[SEDP-RACE-RUN35] host_utc=2026-09-28T09:04:24.948+00:00 host_mono_ns=2345284138418291 
[SEDP-RACE-RUN35] host_utc=2026-09-28T09:04:24.948+00:00 host_mono_ns=2345284138428119 === DEBUG [lwip-posix]: recvfrom received packet of len 52! Bypassing to pcb->recv ===
[SEDP-RACE-RUN35] host_utc=2026-09-28T09:04:24.948+00:00 host_mono_ns=2345284138433549 
[SEDP-RACE-RUN35] host_utc=2026-09-28T09:04:24.948+00:00 host_mono_ns=2345284138439170 === DEBUG [lwip-posix]: udp_sendto called! Bypassing to POSIX sendto ===
[SEDP-RACE-RUN35] host_utc=2026-09-28T09:04:24.948+00:00 host_mono_ns=2345284138642063 
[SEDP-RACE-RUN35] host_utc=2026-09-28T09:04:24.948+00:00 host_mono_ns=2345284138651381 === DEBUG [lwip-posix]: recvfrom received packet of len 52! Bypassing to pcb->recv ===
[SEDP-RACE-RUN35] host_utc=2026-09-28T09:04:24.948+00:00 host_mono_ns=2345284138657783 
[SEDP-RACE-RUN35] host_utc=2026-09-28T09:04:24.948+00:00 host_mono_ns=2345284138663744 === DEBUG [lwip-posix]: udp_sendto called! Bypassing to POSIX sendto ===
[SEDP-RACE-RUN35] host_utc=2026-09-28T09:04:24.948+00:00 host_mono_ns=2345284138718327 
[SEDP-RACE-RUN35] host_utc=2026-09-28T09:04:24.948+00:00 host_mono_ns=2345284138725982 === DEBUG [lwip-posix]: recvfrom received packet of len 52! Bypassing to pcb->recv ===
[SEDP-RACE-RUN35] host_utc=2026-09-28T09:04:24.948+00:00 host_mono_ns=2345284138730701 
[SEDP-RACE-RUN35] host_utc=2026-09-28T09:04:24.948+00:00 host_mono_ns=2345284138734989 === DEBUG [lwip-posix]: udp_sendto called! Bypassing to POSIX sendto ===
[SEDP-RACE-RUN35] host_utc=2026-09-28T09:04:24.948+00:00 host_mono_ns=2345284138850036 
[SEDP-RACE-RUN35] host_utc=2026-09-28T09:04:24.948+00:00 host_mono_ns=2345284138858973 === DEBUG [lwip-posix]: recvfrom received packet of len 52! Bypassing to pcb->recv ===
[SEDP-RACE-RUN35] host_utc=2026-09-28T09:04:24.948+00:00 host_mono_ns=2345284138867790 
[SEDP-RACE-RUN35] host_utc=2026-09-28T09:04:24.948+00:00 host_mono_ns=2345284138876196 === DEBUG [lwip-posix]: udp_sendto called! Bypassing to POSIX sendto ===
[SEDP-RACE-RUN35] host_utc=2026-09-28T09:04:24.948+00:00 host_mono_ns=2345284139080702 
[SEDP-RACE-RUN35] host_utc=2026-09-28T09:04:24.948+00:00 host_mono_ns=2345284139094408 === DEBUG [lwip-posix]: recvfrom received packet of len 52! Bypassing to pcb->recv ===
[SEDP-RACE-RUN35] host_utc=2026-09-28T09:04:24.948+00:00 host_mono_ns=2345284139100910 
[SEDP-RACE-RUN35] host_utc=2026-09-28T09:04:24.948+00:00 host_mono_ns=2345284139106931 === DEBUG [lwip-posix]: udp_sendto called! Bypassing to POSIX sendto ===
[SEDP-RACE-RUN35] host_utc=2026-09-28T09:04:24.948+00:00 host_mono_ns=2345284139142228 
[SEDP-RACE-RUN35] host_utc=2026-09-28T09:04:24.948+00:00 host_mono_ns=2345284139148760 === DEBUG [lwip-posix]: recvfrom received packet of len 52! Bypassing to pcb->recv ===
[SEDP-RACE-RUN35] host_utc=2026-09-28T09:04:24.948+00:00 host_mono_ns=2345284139154892 
[SEDP-RACE-RUN35] host_utc=2026-09-28T09:04:24.948+00:00 host_mono_ns=2345284139160813 === DEBUG [lwip-posix]: udp_sendto called! Bypassing to POSIX sendto ===
[SEDP-RACE-RUN35] host_utc=2026-09-28T09:04:24.949+00:00 host_mono_ns=2345284139287923 
[SEDP-RACE-RUN35] host_utc=2026-09-28T09:04:24.949+00:00 host_mono_ns=2345284139297381 === DEBUG [lwip-posix]: recvfrom received packet of len 52! Bypassing to pcb->recv ===
[SEDP-RACE-RUN35] host_utc=2026-09-28T09:04:24.949+00:00 host_mono_ns=2345284139303823 
[SEDP-RACE-RUN35] host_utc=2026-09-28T09:04:24.949+00:00 host_mono_ns=2345284139309835 === DEBUG [lwip-posix]: udp_sendto called! Bypassing to POSIX sendto ===
[SEDP-RACE-RUN35] host_utc=2026-09-28T09:04:24.949+00:00 host_mono_ns=2345284139421706 
[SEDP-RACE-RUN35] host_utc=2026-09-28T09:04:24.949+00:00 host_mono_ns=2345284139429621 === DEBUG [lwip-posix]: recvfrom received packet of len 52! Bypassing to pcb->recv ===
[SEDP-RACE-RUN35] host_utc=2026-09-28T09:04:24.949+00:00 host_mono_ns=2345284139443778 
[SEDP-RACE-RUN35] host_utc=2026-09-28T09:04:24.949+00:00 host_mono_ns=2345284139449799 === DEBUG [lwip-posix]: udp_sendto called! Bypassing to POSIX sendto ===
[SEDP-RACE-RUN35] host_utc=2026-09-28T09:04:24.949+00:00 host_mono_ns=2345284139614019 
[SEDP-RACE-RUN35] host_utc=2026-09-28T09:04:24.949+00:00 host_mono_ns=2345284139632755 === DEBUG [lwip-posix]: recvfrom received packet of len 52! Bypassing to pcb->recv ===
[SEDP-RACE-RUN35] host_utc=2026-09-28T09:04:24.949+00:00 host_mono_ns=2345284139643014 
[SEDP-RACE-RUN35] host_utc=2026-09-28T09:04:24.949+00:00 host_mono_ns=2345284139656249 === DEBUG [lwip-posix]: udp_sendto called! Bypassing to POSIX sendto ===
[SEDP-RACE-RUN35] host_utc=2026-09-28T09:04:24.949+00:00 host_mono_ns=2345284139738655 
[SEDP-RACE-RUN35] host_utc=2026-09-28T09:04:24.949+00:00 host_mono_ns=2345284139748123 === DEBUG [lwip-posix]: recvfrom received packet of len 52! Bypassing to pcb->recv ===
[SEDP-RACE-RUN35] host_utc=2026-09-28T09:04:24.949+00:00 host_mono_ns=2345284139753523 
[SEDP-RACE-RUN35] host_utc=2026-09-28T09:04:24.949+00:00 host_mono_ns=2345284139759274 === DEBUG [lwip-posix]: udp_sendto called! Bypassing to POSIX sendto ===
[SEDP-RACE-RUN35] host_utc=2026-09-28T09:04:24.949+00:00 host_mono_ns=2345284139803217 
[SEDP-RACE-RUN35] host_utc=2026-09-28T09:04:24.949+00:00 host_mono_ns=2345284139810962 === DEBUG [lwip-posix]: recvfrom received packet of len 52! Bypassing to pcb->recv ===
[SEDP-RACE-RUN35] host_utc=2026-09-28T09:04:24.949+00:00 host_mono_ns=2345284139817193 
[SEDP-RACE-RUN35] host_utc=2026-09-28T09:04:24.949+00:00 host_mono_ns=2345284139823114 === DEBUG [lwip-posix]: udp_sendto called! Bypassing to POSIX sendto ===
[SEDP-RACE-RUN35] host_utc=2026-09-28T09:04:24.949+00:00 host_mono_ns=2345284139978027 
[SEDP-RACE-RUN35] host_utc=2026-09-28T09:04:24.949+00:00 host_mono_ns=2345284139987275 === DEBUG [lwip-posix]: recvfrom received packet of len 52! Bypassing to pcb->recv ===
[SEDP-RACE-RUN35] host_utc=2026-09-28T09:04:24.949+00:00 host_mono_ns=2345284139993767 
[SEDP-RACE-RUN35] host_utc=2026-09-28T09:04:24.949+00:00 host_mono_ns=2345284139999718 === DEBUG [lwip-posix]: udp_sendto called! Bypassing to POSIX sendto ===
[SEDP-RACE-RUN35] host_utc=2026-09-28T09:04:24.949+00:00 host_mono_ns=2345284140094217 
[SEDP-RACE-RUN35] host_utc=2026-09-28T09:04:24.949+00:00 host_mono_ns=2345284140109586 === DEBUG [lwip-posix]: recvfrom received packet of len 52! Bypassing to pcb->recv ===
[SEDP-RACE-RUN35] host_utc=2026-09-28T09:04:24.949+00:00 host_mono_ns=2345284140119004 
[SEDP-RACE-RUN35] host_utc=2026-09-28T09:04:24.949+00:00 host_mono_ns=2345284140127520 === DEBUG [lwip-posix]: udp_sendto called! Bypassing to POSIX sendto ===
[SEDP-RACE-RUN35] host_utc=2026-09-28T09:04:24.950+00:00 host_mono_ns=2345284140299895 
[SEDP-RACE-RUN35] host_utc=2026-09-28T09:04:24.950+00:00 host_mono_ns=2345284140309273 === DEBUG [lwip-posix]: recvfrom received packet of len 52! Bypassing to pcb->recv ===
[SEDP-RACE-RUN35] host_utc=2026-09-28T09:04:24.950+00:00 host_mono_ns=2345284140317909 
[SEDP-RACE-RUN35] host_utc=2026-09-28T09:04:24.950+00:00 host_mono_ns=2345284140326225 === DEBUG [lwip-posix]: udp_sendto called! Bypassing to POSIX sendto ===
[SEDP-RACE-RUN35] host_utc=2026-09-28T09:04:24.950+00:00 host_mono_ns=2345284140488001 
[SEDP-RACE-RUN35] host_utc=2026-09-28T09:04:24.950+00:00 host_mono_ns=2345284140507908 === DEBUG [lwip-posix]: recvfrom received packet of len 52! Bypassing to pcb->recv ===
[SEDP-RACE-RUN35] host_utc=2026-09-28T09:04:24.950+00:00 host_mono_ns=2345284140518148 
[SEDP-RACE-RUN35] host_utc=2026-09-28T09:04:24.950+00:00 host_mono_ns=2345284140526744 === DEBUG [lwip-posix]: udp_sendto called! Bypassing to POSIX sendto ===
[SEDP-RACE-RUN35] host_utc=2026-09-28T09:04:24.950+00:00 host_mono_ns=2345284140535400 
[SEDP-RACE-RUN35] host_utc=2026-09-28T09:04:24.950+00:00 host_mono_ns=2345284140543676 === DEBUG [lwip-posix]: recvfrom received packet of len 52! Bypassing to pcb->recv ===
[SEDP-RACE-RUN35] host_utc=2026-09-28T09:04:24.950+00:00 host_mono_ns=2345284140564325 
[SEDP-RACE-RUN35] host_utc=2026-09-28T09:04:24.950+00:00 host_mono_ns=2345284140573011 === DEBUG [lwip-posix]: udp_sendto called! Bypassing to POSIX sendto ===
[SEDP-RACE-RUN35] host_utc=2026-09-28T09:04:24.950+00:00 host_mono_ns=2345284140765224 
[SEDP-RACE-RUN35] host_utc=2026-09-28T09:04:24.950+00:00 host_mono_ns=2345284140778560 === DEBUG [lwip-posix]: recvfrom received packet of len 52! Bypassing to pcb->recv ===
[SEDP-RACE-RUN35] host_utc=2026-09-28T09:04:24.950+00:00 host_mono_ns=2345284140787827 
[SEDP-RACE-RUN35] host_utc=2026-09-28T09:04:24.950+00:00 host_mono_ns=2345284140796233 === DEBUG [lwip-posix]: recvfrom received packet of len 52! Bypassing to pcb->recv ===
[SEDP-RACE-RUN35] host_utc=2026-09-28T09:04:24.950+00:00 host_mono_ns=2345284140808727 
[SEDP-RACE-RUN35] host_utc=2026-09-28T09:04:24.950+00:00 host_mono_ns=2345284140817183 === DEBUG [lwip-posix]: udp_sendto called! Bypassing to POSIX sendto ===
[SEDP-RACE-RUN35] host_utc=2026-09-28T09:04:24.950+00:00 host_mono_ns=2345284140825729 
[SEDP-RACE-RUN35] host_utc=2026-09-28T09:04:24.950+00:00 host_mono_ns=2345284140834275 === DEBUG [lwip-posix]: udp_sendto called! Bypassing to POSIX sendto ===
[SEDP-RACE-RUN35] host_utc=2026-09-28T09:04:24.951+00:00 host_mono_ns=2345284141178495 
[SEDP-RACE-RUN35] host_utc=2026-09-28T09:04:24.951+00:00 host_mono_ns=2345284141200507 === DEBUG [lwip-posix]: recvfrom received packet of len 52! Bypassing to pcb->recv ===
[SEDP-RACE-RUN35] host_utc=2026-09-28T09:04:24.951+00:00 host_mono_ns=2345284141213091 
[SEDP-RACE-RUN35] host_utc=2026-09-28T09:04:24.951+00:00 host_mono_ns=2345284141224582 === DEBUG [lwip-posix]: udp_sendto called! Bypassing to POSIX sendto ===
[SEDP-RACE-RUN35] host_utc=2026-09-28T09:04:24.951+00:00 host_mono_ns=2345284141233870 
[SEDP-RACE-RUN35] host_utc=2026-09-28T09:04:24.951+00:00 host_mono_ns=2345284141242416 === DEBUG [lwip-posix]: recvfrom received packet of len 52! Bypassing to pcb->recv ===
[SEDP-RACE-RUN35] host_utc=2026-09-28T09:04:24.951+00:00 host_mono_ns=2345284141250932 
[SEDP-RACE-RUN35] host_utc=2026-09-28T09:04:24.951+00:00 host_mono_ns=2345284141259278 === DEBUG [lwip-posix]: udp_sendto called! Bypassing to POSIX sendto ===
[SEDP-RACE-RUN35] host_utc=2026-09-28T09:04:24.951+00:00 host_mono_ns=2345284141267634 
[SEDP-RACE-RUN35] host_utc=2026-09-28T09:04:24.951+00:00 host_mono_ns=2345284141275929 === DEBUG [lwip-posix]: recvfrom received packet of len 52! Bypassing to pcb->recv ===
[SEDP-RACE-RUN35] host_utc=2026-09-28T09:04:24.951+00:00 host_mono_ns=2345284141284425 
[SEDP-RACE-RUN35] host_utc=2026-09-28T09:04:24.951+00:00 host_mono_ns=2345284141292711 === DEBUG [lwip-posix]: udp_sendto called! Bypassing to POSIX sendto ===
[SEDP-RACE-RUN35] host_utc=2026-09-28T09:04:24.951+00:00 host_mono_ns=2345284141301027 
[SEDP-RACE-RUN35] host_utc=2026-09-28T09:04:24.951+00:00 host_mono_ns=2345284141309382 === DEBUG [lwip-posix]: recvfrom received packet of len 52! Bypassing to pcb->recv ===
[SEDP-RACE-RUN35] host_utc=2026-09-28T09:04:24.951+00:00 host_mono_ns=2345284141333187 
[SEDP-RACE-RUN35] host_utc=2026-09-28T09:04:24.951+00:00 host_mono_ns=2345284141345471 === DEBUG [lwip-posix]: udp_sendto called! Bypassing to POSIX sendto ===
[SEDP-RACE-RUN35] host_utc=2026-09-28T09:04:24.951+00:00 host_mono_ns=2345284141470697 
[SEDP-RACE-RUN35] host_utc=2026-09-28T09:04:24.951+00:00 host_mono_ns=2345284141484513 === DEBUG [lwip-posix]: recvfrom received packet of len 52! Bypassing to pcb->recv ===
[SEDP-RACE-RUN35] host_utc=2026-09-28T09:04:24.951+00:00 host_mono_ns=2345284141493580 
[SEDP-RACE-RUN35] host_utc=2026-09-28T09:04:24.951+00:00 host_mono_ns=2345284141501896 === DEBUG [lwip-posix]: udp_sendto called! Bypassing to POSIX sendto ===
[SEDP-RACE-RUN35] host_utc=2026-09-28T09:04:24.951+00:00 host_mono_ns=2345284141540910 
[SEDP-RACE-RUN35] host_utc=2026-09-28T09:04:24.951+00:00 host_mono_ns=2345284141549757 === DEBUG [lwip-posix]: recvfrom received packet of len 52! Bypassing to pcb->recv ===
[SEDP-RACE-RUN35] host_utc=2026-09-28T09:04:24.951+00:00 host_mono_ns=2345284141568662 
[SEDP-RACE-RUN35] host_utc=2026-09-28T09:04:24.951+00:00 host_mono_ns=2345284141577008 === DEBUG [lwip-posix]: udp_sendto called! Bypassing to POSIX sendto ===
[SEDP-RACE-RUN35] host_utc=2026-09-28T09:04:24.951+00:00 host_mono_ns=2345284141738523 
[SEDP-RACE-RUN35] host_utc=2026-09-28T09:04:24.951+00:00 host_mono_ns=2345284141750816 === DEBUG [lwip-posix]: recvfrom received packet of len 52! Bypassing to pcb->recv ===
[SEDP-RACE-RUN35] host_utc=2026-09-28T09:04:24.951+00:00 host_mono_ns=2345284141759824 
[SEDP-RACE-RUN35] host_utc=2026-09-28T09:04:24.951+00:00 host_mono_ns=2345284141768360 === DEBUG [lwip-posix]: udp_sendto called! Bypassing to POSIX sendto ===
[SEDP-RACE-RUN35] host_utc=2026-09-28T09:04:24.951+00:00 host_mono_ns=2345284141782947 
[SEDP-RACE-RUN35] host_utc=2026-09-28T09:04:24.951+00:00 host_mono_ns=2345284141794229 === DEBUG [lwip-posix]: recvfrom received packet of len 52! Bypassing to pcb->recv ===
[SEDP-RACE-RUN35] host_utc=2026-09-28T09:04:24.951+00:00 host_mono_ns=2345284141804378 
[SEDP-RACE-RUN35] host_utc=2026-09-28T09:04:24.951+00:00 host_mono_ns=2345284141812804 === DEBUG [lwip-posix]: udp_sendto called! Bypassing to POSIX sendto ===
[SEDP-RACE-RUN35] host_utc=2026-09-28T09:04:24.951+00:00 host_mono_ns=2345284141981021 
[SEDP-RACE-RUN35] host_utc=2026-09-28T09:04:24.951+00:00 host_mono_ns=2345284141999376 === DEBUG [lwip-posix]: recvfrom received packet of len 52! Bypassing to pcb->recv ===
[SEDP-RACE-RUN35] host_utc=2026-09-28T09:04:24.951+00:00 host_mono_ns=2345284142028762 
[SEDP-RACE-RUN35] host_utc=2026-09-28T09:04:24.951+00:00 host_mono_ns=2345284142037648 === DEBUG [lwip-posix]: udp_sendto called! Bypassing to POSIX sendto ===
[SEDP-RACE-RUN35] host_utc=2026-09-28T09:04:24.951+00:00 host_mono_ns=2345284142145913 
[SEDP-RACE-RUN35] host_utc=2026-09-28T09:04:24.951+00:00 host_mono_ns=2345284142168536 === DEBUG [lwip-posix]: recvfrom received packet of len 52! Bypassing to pcb->recv ===
[SEDP-RACE-RUN35] host_utc=2026-09-28T09:04:24.952+00:00 host_mono_ns=2345284142182432 
[SEDP-RACE-RUN35] host_utc=2026-09-28T09:04:24.952+00:00 host_mono_ns=2345284142193092 === DEBUG [lwip-posix]: udp_sendto called! Bypassing to POSIX sendto ===
[SEDP-RACE-RUN35] host_utc=2026-09-28T09:04:24.952+00:00 host_mono_ns=2345284142208511 
[SEDP-RACE-RUN35] host_utc=2026-09-28T09:04:24.952+00:00 host_mono_ns=2345284142217208 === DEBUG [lwip-posix]: recvfrom received packet of len 52! Bypassing to pcb->recv ===
[SEDP-RACE-RUN35] host_utc=2026-09-28T09:04:24.952+00:00 host_mono_ns=2345284142225954 
[SEDP-RACE-RUN35] host_utc=2026-09-28T09:04:24.952+00:00 host_mono_ns=2345284142234320 === DEBUG [lwip-posix]: udp_sendto called! Bypassing to POSIX sendto ===
[SEDP-RACE-RUN35] host_utc=2026-09-28T09:04:24.952+00:00 host_mono_ns=2345284142561959 
[SEDP-RACE-RUN35] host_utc=2026-09-28T09:04:24.952+00:00 host_mono_ns=2345284142571587 === DEBUG [lwip-posix]: recvfrom received packet of len 52! Bypassing to pcb->recv ===
[SEDP-RACE-RUN35] host_utc=2026-09-28T09:04:24.952+00:00 host_mono_ns=2345284142576787 
[SEDP-RACE-RUN35] host_utc=2026-09-28T09:04:24.952+00:00 host_mono_ns=2345284142581225 === DEBUG [lwip-posix]: udp_sendto called! Bypassing to POSIX sendto ===
[SEDP-RACE-RUN35] host_utc=2026-09-28T09:04:24.952+00:00 host_mono_ns=2345284142733673 
[SEDP-RACE-RUN35] host_utc=2026-09-28T09:04:24.952+00:00 host_mono_ns=2345284142739264 === DEBUG [lwip-posix]: recvfrom received packet of len 52! Bypassing to pcb->recv ===
[SEDP-RACE-RUN35] host_utc=2026-09-28T09:04:24.952+00:00 host_mono_ns=2345284142743742 
[SEDP-RACE-RUN35] host_utc=2026-09-28T09:04:24.952+00:00 host_mono_ns=2345284142748742 === DEBUG [lwip-posix]: udp_sendto called! Bypassing to POSIX sendto ===
[SEDP-RACE-RUN35] host_utc=2026-09-28T09:04:24.952+00:00 host_mono_ns=2345284142818083 
[SEDP-RACE-RUN35] host_utc=2026-09-28T09:04:24.952+00:00 host_mono_ns=2345284142824465 === DEBUG [lwip-posix]: recvfrom received packet of len 52! Bypassing to pcb->recv ===
[SEDP-RACE-RUN35] host_utc=2026-09-28T09:04:24.952+00:00 host_mono_ns=2345284142836718 
[SEDP-RACE-RUN35] host_utc=2026-09-28T09:04:24.952+00:00 host_mono_ns=2345284142841427 === DEBUG [lwip-posix]: udp_sendto called! Bypassing to POSIX sendto ===
[SEDP-RACE-RUN35] host_utc=2026-09-28T09:04:24.952+00:00 host_mono_ns=2345284142967425 
[SEDP-RACE-RUN35] host_utc=2026-09-28T09:04:24.952+00:00 host_mono_ns=2345284142972705 === DEBUG [lwip-posix]: recvfrom received packet of len 52! Bypassing to pcb->recv ===
[SEDP-RACE-RUN35] host_utc=2026-09-28T09:04:24.952+00:00 host_mono_ns=2345284142977133 
[SEDP-RACE-RUN35] host_utc=2026-09-28T09:04:24.952+00:00 host_mono_ns=2345284142981391 === DEBUG [lwip-posix]: udp_sendto called! Bypassing to POSIX sendto ===
[SEDP-RACE-RUN35] host_utc=2026-09-28T09:04:24.953+00:00 host_mono_ns=2345284143206026 
[SEDP-RACE-RUN35] host_utc=2026-09-28T09:04:24.953+00:00 host_mono_ns=2345284143215564 === DEBUG [lwip-posix]: recvfrom received packet of len 52! Bypassing to pcb->recv ===
[SEDP-RACE-RUN35] host_utc=2026-09-28T09:04:24.953+00:00 host_mono_ns=2345284143220313 
[SEDP-RACE-RUN35] host_utc=2026-09-28T09:04:24.953+00:00 host_mono_ns=2345284143224621 === DEBUG [lwip-posix]: udp_sendto called! Bypassing to POSIX sendto ===
[SEDP-RACE-RUN35] host_utc=2026-09-28T09:04:24.953+00:00 host_mono_ns=2345284143295585 
[SEDP-RACE-RUN35] host_utc=2026-09-28T09:04:24.953+00:00 host_mono_ns=2345284143300284 === DEBUG [lwip-posix]: recvfrom received packet of len 52! Bypassing to pcb->recv ===
[SEDP-RACE-RUN35] host_utc=2026-09-28T09:04:24.953+00:00 host_mono_ns=2345284143305153 
[SEDP-RACE-RUN35] host_utc=2026-09-28T09:04:24.953+00:00 host_mono_ns=2345284143310774 === DEBUG [lwip-posix]: udp_sendto called! Bypassing to POSIX sendto ===
[SEDP-RACE-RUN35] host_utc=2026-09-28T09:04:24.953+00:00 host_mono_ns=2345284143391396 
[SEDP-RACE-RUN35] host_utc=2026-09-28T09:04:24.953+00:00 host_mono_ns=2345284143397788 === DEBUG [lwip-posix]: recvfrom received packet of len 52! Bypassing to pcb->recv ===
[SEDP-RACE-RUN35] host_utc=2026-09-28T09:04:24.953+00:00 host_mono_ns=2345284143402267 
[SEDP-RACE-RUN35] host_utc=2026-09-28T09:04:24.953+00:00 host_mono_ns=2345284143407006 === DEBUG [lwip-posix]: udp_sendto called! Bypassing to POSIX sendto ===
[SEDP-RACE-RUN35] host_utc=2026-09-28T09:04:24.953+00:00 host_mono_ns=2345284143499190 
[SEDP-RACE-RUN35] host_utc=2026-09-28T09:04:24.953+00:00 host_mono_ns=2345284143504931 === DEBUG [lwip-posix]: recvfrom received packet of len 52! Bypassing to pcb->recv ===
[SEDP-RACE-RUN35] host_utc=2026-09-28T09:04:24.953+00:00 host_mono_ns=2345284143509419 
[SEDP-RACE-RUN35] host_utc=2026-09-28T09:04:24.953+00:00 host_mono_ns=2345284143513647 === DEBUG [lwip-posix]: udp_sendto called! Bypassing to POSIX sendto ===
[SEDP-RACE-RUN35] host_utc=2026-09-28T09:04:24.953+00:00 host_mono_ns=2345284143673489 
[SEDP-RACE-RUN35] host_utc=2026-09-28T09:04:24.953+00:00 host_mono_ns=2345284143685141 === DEBUG [lwip-posix]: recvfrom received packet of len 52! Bypassing to pcb->recv ===
[SEDP-RACE-RUN35] host_utc=2026-09-28T09:04:24.953+00:00 host_mono_ns=2345284143692024 
[SEDP-RACE-RUN35] host_utc=2026-09-28T09:04:24.953+00:00 host_mono_ns=2345284143698136 === DEBUG [lwip-posix]: udp_sendto called! Bypassing to POSIX sendto ===
[SEDP-RACE-RUN35] host_utc=2026-09-28T09:04:24.953+00:00 host_mono_ns=2345284143786082 
[SEDP-RACE-RUN35] host_utc=2026-09-28T09:04:24.953+00:00 host_mono_ns=2345284143795790 === DEBUG [lwip-posix]: recvfrom received packet of len 52! Bypassing to pcb->recv ===
[SEDP-RACE-RUN35] host_utc=2026-09-28T09:04:24.953+00:00 host_mono_ns=2345284143802252 
[SEDP-RACE-RUN35] host_utc=2026-09-28T09:04:24.953+00:00 host_mono_ns=2345284143808193 === DEBUG [lwip-posix]: udp_sendto called! Bypassing to POSIX sendto ===
[SEDP-RACE-RUN35] host_utc=2026-09-28T09:04:24.953+00:00 host_mono_ns=2345284143933440 
[SEDP-RACE-RUN35] host_utc=2026-09-28T09:04:24.953+00:00 host_mono_ns=2345284143942948 === DEBUG [lwip-posix]: recvfrom received packet of len 52! Bypassing to pcb->recv ===
[SEDP-RACE-RUN35] host_utc=2026-09-28T09:04:24.953+00:00 host_mono_ns=2345284143949661 
[SEDP-RACE-RUN35] host_utc=2026-09-28T09:04:24.953+00:00 host_mono_ns=2345284143962485 === DEBUG [lwip-posix]: udp_sendto called! Bypassing to POSIX sendto ===
[SEDP-RACE-RUN35] host_utc=2026-09-28T09:04:24.953+00:00 host_mono_ns=2345284144048668 
[SEDP-RACE-RUN35] host_utc=2026-09-28T09:04:24.953+00:00 host_mono_ns=2345284144059198 === DEBUG [lwip-posix]: recvfrom received packet of len 52! Bypassing to pcb->recv ===
[SEDP-RACE-RUN35] host_utc=2026-09-28T09:04:24.953+00:00 host_mono_ns=2345284144065369 
[SEDP-RACE-RUN35] host_utc=2026-09-28T09:04:24.953+00:00 host_mono_ns=2345284144071040 === DEBUG [lwip-posix]: udp_sendto called! Bypassing to POSIX sendto ===
[SEDP-RACE-RUN35] host_utc=2026-09-28T09:04:24.954+00:00 host_mono_ns=2345284144309811 
[SEDP-RACE-RUN35] host_utc=2026-09-28T09:04:24.954+00:00 host_mono_ns=2345284144317917 === DEBUG [lwip-posix]: recvfrom received packet of len 52! Bypassing to pcb->recv ===
[SEDP-RACE-RUN35] host_utc=2026-09-28T09:04:24.954+00:00 host_mono_ns=2345284144322716 
[SEDP-RACE-RUN35] host_utc=2026-09-28T09:04:24.954+00:00 host_mono_ns=2345284144327074 === DEBUG [lwip-posix]: udp_sendto called! Bypassing to POSIX sendto ===
[SEDP-RACE-RUN35] host_utc=2026-09-28T09:04:24.954+00:00 host_mono_ns=2345284144358814 
[SEDP-RACE-RUN35] host_utc=2026-09-28T09:04:24.954+00:00 host_mono_ns=2345284144369123 === DEBUG [lwip-posix]: recvfrom received packet of len 52! Bypassing to pcb->recv ===
[SEDP-RACE-RUN35] host_utc=2026-09-28T09:04:24.954+00:00 host_mono_ns=2345284144375515 
[SEDP-RACE-RUN35] host_utc=2026-09-28T09:04:24.954+00:00 host_mono_ns=2345284144381296 === DEBUG [lwip-posix]: udp_sendto called! Bypassing to POSIX sendto ===
[SEDP-RACE-RUN35] host_utc=2026-09-28T09:04:24.954+00:00 host_mono_ns=2345284144633483 
[SEDP-RACE-RUN35] host_utc=2026-09-28T09:04:24.954+00:00 host_mono_ns=2345284144646447 === DEBUG [lwip-posix]: recvfrom received packet of len 52! Bypassing to pcb->recv ===
[SEDP-RACE-RUN35] host_utc=2026-09-28T09:04:24.954+00:00 host_mono_ns=2345284144653951 
[SEDP-RACE-RUN35] host_utc=2026-09-28T09:04:24.954+00:00 host_mono_ns=2345284144660614 === DEBUG [lwip-posix]: udp_sendto called! Bypassing to POSIX sendto ===
[SEDP-RACE-RUN35] host_utc=2026-09-28T09:04:24.954+00:00 host_mono_ns=2345284144696031 
[SEDP-RACE-RUN35] host_utc=2026-09-28T09:04:24.954+00:00 host_mono_ns=2345284144705058 === DEBUG [lwip-posix]: recvfrom received packet of len 52! Bypassing to pcb->recv ===
[SEDP-RACE-RUN35] host_utc=2026-09-28T09:04:24.954+00:00 host_mono_ns=2345284144728863 
[SEDP-RACE-RUN35] host_utc=2026-09-28T09:04:24.954+00:00 host_mono_ns=2345284144737159 === DEBUG [lwip-posix]: udp_sendto called! Bypassing to POSIX sendto ===
[SEDP-RACE-RUN35] host_utc=2026-09-28T09:04:24.954+00:00 host_mono_ns=2345284144886741 
[SEDP-RACE-RUN35] host_utc=2026-09-28T09:04:24.954+00:00 host_mono_ns=2345284144896780 === DEBUG [lwip-posix]: recvfrom received packet of len 52! Bypassing to pcb->recv ===
[SEDP-RACE-RUN35] host_utc=2026-09-28T09:04:24.954+00:00 host_mono_ns=2345284144902531 
[SEDP-RACE-RUN35] host_utc=2026-09-28T09:04:24.954+00:00 host_mono_ns=2345284144906879 === DEBUG [lwip-posix]: recvfrom received packet of len 52! Bypassing to pcb->recv ===
[SEDP-RACE-RUN35] host_utc=2026-09-28T09:04:24.954+00:00 host_mono_ns=2345284144911288 
[SEDP-RACE-RUN35] host_utc=2026-09-28T09:04:24.954+00:00 host_mono_ns=2345284144915486 === DEBUG [lwip-posix]: udp_sendto called! Bypassing to POSIX sendto ===
[SEDP-RACE-RUN35] host_utc=2026-09-28T09:04:24.954+00:00 host_mono_ns=2345284144919744 
[SEDP-RACE-RUN35] host_utc=2026-09-28T09:04:24.954+00:00 host_mono_ns=2345284144923972 === DEBUG [lwip-posix]: udp_sendto called! Bypassing to POSIX sendto ===
[SEDP-RACE-RUN35] host_utc=2026-09-28T09:04:24.954+00:00 host_mono_ns=2345284145026285 
[SEDP-RACE-RUN35] host_utc=2026-09-28T09:04:24.954+00:00 host_mono_ns=2345284145039099 === DEBUG [lwip-posix]: recvfrom received packet of len 52! Bypassing to pcb->recv ===
[SEDP-RACE-RUN35] host_utc=2026-09-28T09:04:24.954+00:00 host_mono_ns=2345284145045922 
[SEDP-RACE-RUN35] host_utc=2026-09-28T09:04:24.954+00:00 host_mono_ns=2345284145057434 === DEBUG [lwip-posix]: udp_sendto called! Bypassing to POSIX sendto ===
[SEDP-RACE-RUN35] host_utc=2026-09-28T09:04:24.954+00:00 host_mono_ns=2345284145084314 
[SEDP-RACE-RUN35] host_utc=2026-09-28T09:04:24.954+00:00 host_mono_ns=2345284145090135 === DEBUG [lwip-posix]: recvfrom received packet of len 52! Bypassing to pcb->recv ===
[SEDP-RACE-RUN35] host_utc=2026-09-28T09:04:24.954+00:00 host_mono_ns=2345284145094644 
[SEDP-RACE-RUN35] host_utc=2026-09-28T09:04:24.954+00:00 host_mono_ns=2345284145098912 === DEBUG [lwip-posix]: udp_sendto called! Bypassing to POSIX sendto ===
[SEDP-RACE-RUN35] host_utc=2026-09-28T09:04:24.955+00:00 host_mono_ns=2345284145327093 
[SEDP-RACE-RUN35] host_utc=2026-09-28T09:04:24.955+00:00 host_mono_ns=2345284145334236 === DEBUG [lwip-posix]: recvfrom received packet of len 52! Bypassing to pcb->recv ===
[SEDP-RACE-RUN35] host_utc=2026-09-28T09:04:24.955+00:00 host_mono_ns=2345284145338875 
[SEDP-RACE-RUN35] host_utc=2026-09-28T09:04:24.955+00:00 host_mono_ns=2345284145343093 === DEBUG [lwip-posix]: udp_sendto called! Bypassing to POSIX sendto ===
[SEDP-RACE-RUN35] host_utc=2026-09-28T09:04:24.955+00:00 host_mono_ns=2345284145461507 
[SEDP-RACE-RUN35] host_utc=2026-09-28T09:04:24.955+00:00 host_mono_ns=2345284145469813 === DEBUG [lwip-posix]: recvfrom received packet of len 52! Bypassing to pcb->recv ===
[SEDP-RACE-RUN35] host_utc=2026-09-28T09:04:24.955+00:00 host_mono_ns=2345284145474742 
[SEDP-RACE-RUN35] host_utc=2026-09-28T09:04:24.955+00:00 host_mono_ns=2345284145479010 === DEBUG [lwip-posix]: udp_sendto called! Bypassing to POSIX sendto ===
[SEDP-RACE-RUN35] host_utc=2026-09-28T09:04:24.955+00:00 host_mono_ns=2345284145483358 
[SEDP-RACE-RUN35] host_utc=2026-09-28T09:04:24.955+00:00 host_mono_ns=2345284145487576 === DEBUG [lwip-posix]: recvfrom received packet of len 52! Bypassing to pcb->recv ===
[SEDP-RACE-RUN35] host_utc=2026-09-28T09:04:24.955+00:00 host_mono_ns=2345284145491894 
[SEDP-RACE-RUN35] host_utc=2026-09-28T09:04:24.955+00:00 host_mono_ns=2345284145496082 === DEBUG [lwip-posix]: udp_sendto called! Bypassing to POSIX sendto ===
[SEDP-RACE-RUN35] host_utc=2026-09-28T09:04:24.955+00:00 host_mono_ns=2345284145685941 
[SEDP-RACE-RUN35] host_utc=2026-09-28T09:04:24.955+00:00 host_mono_ns=2345284145695799 === DEBUG [lwip-posix]: recvfrom received packet of len 52! Bypassing to pcb->recv ===
[SEDP-RACE-RUN35] host_utc=2026-09-28T09:04:24.955+00:00 host_mono_ns=2345284145700969 
[SEDP-RACE-RUN35] host_utc=2026-09-28T09:04:24.955+00:00 host_mono_ns=2345284145705297 === DEBUG [lwip-posix]: udp_sendto called! Bypassing to POSIX sendto ===
[SEDP-RACE-RUN35] host_utc=2026-09-28T09:04:24.955+00:00 host_mono_ns=2345284145712631 
[SEDP-RACE-RUN35] host_utc=2026-09-28T09:04:24.955+00:00 host_mono_ns=2345284145716989 === DEBUG [lwip-posix]: recvfrom received packet of len 52! Bypassing to pcb->recv ===
[SEDP-RACE-RUN35] host_utc=2026-09-28T09:04:24.955+00:00 host_mono_ns=2345284145721298 
[SEDP-RACE-RUN35] host_utc=2026-09-28T09:04:24.955+00:00 host_mono_ns=2345284145725516 === DEBUG [lwip-posix]: udp_sendto called! Bypassing to POSIX sendto ===
[SEDP-RACE-RUN35] host_utc=2026-09-28T09:04:24.955+00:00 host_mono_ns=2345284145910735 
[SEDP-RACE-RUN35] host_utc=2026-09-28T09:04:24.955+00:00 host_mono_ns=2345284145918690 === DEBUG [lwip-posix]: recvfrom received packet of len 52! Bypassing to pcb->recv ===
[SEDP-RACE-RUN35] host_utc=2026-09-28T09:04:24.955+00:00 host_mono_ns=2345284145924712 
[SEDP-RACE-RUN35] host_utc=2026-09-28T09:04:24.955+00:00 host_mono_ns=2345284145930453 === DEBUG [lwip-posix]: udp_sendto called! Bypassing to POSIX sendto ===
[SEDP-RACE-RUN35] host_utc=2026-09-28T09:04:24.955+00:00 host_mono_ns=2345284146008660 
[SEDP-RACE-RUN35] host_utc=2026-09-28T09:04:24.955+00:00 host_mono_ns=2345284146022466 === DEBUG [lwip-posix]: recvfrom received packet of len 52! Bypassing to pcb->recv ===
[SEDP-RACE-RUN35] host_utc=2026-09-28T09:04:24.955+00:00 host_mono_ns=2345284146031944 
[SEDP-RACE-RUN35] host_utc=2026-09-28T09:04:24.955+00:00 host_mono_ns=2345284146043246 === DEBUG [lwip-posix]: udp_sendto called! Bypassing to POSIX sendto ===
[SEDP-RACE-RUN35] host_utc=2026-09-28T09:04:24.956+00:00 host_mono_ns=2345284146208318 
[SEDP-RACE-RUN35] host_utc=2026-09-28T09:04:24.956+00:00 host_mono_ns=2345284146228997 === DEBUG [lwip-posix]: recvfrom received packet of len 52! Bypassing to pcb->recv ===
[SEDP-RACE-RUN35] host_utc=2026-09-28T09:04:24.956+00:00 host_mono_ns=2345284146249906 
[SEDP-RACE-RUN35] host_utc=2026-09-28T09:04:24.956+00:00 host_mono_ns=2345284146262801 === DEBUG [lwip-posix]: udp_sendto called! Bypassing to POSIX sendto ===
[SEDP-RACE-RUN35] host_utc=2026-09-28T09:04:24.956+00:00 host_mono_ns=2345284146403296 
[SEDP-RACE-RUN35] host_utc=2026-09-28T09:04:24.956+00:00 host_mono_ns=2345284146421661 === DEBUG [lwip-posix]: recvfrom received packet of len 52! Bypassing to pcb->recv ===
[SEDP-RACE-RUN35] host_utc=2026-09-28T09:04:24.956+00:00 host_mono_ns=2345284146435377 
[SEDP-RACE-RUN35] host_utc=2026-09-28T09:04:24.956+00:00 host_mono_ns=2345284146448171 === DEBUG [lwip-posix]: udp_sendto called! Bypassing to POSIX sendto ===
[SEDP-RACE-RUN35] host_utc=2026-09-28T09:04:24.956+00:00 host_mono_ns=2345284146461235 
[SEDP-RACE-RUN35] host_utc=2026-09-28T09:04:24.956+00:00 host_mono_ns=2345284146474100 === DEBUG [lwip-posix]: recvfrom received packet of len 52! Bypassing to pcb->recv ===
[SEDP-RACE-RUN35] host_utc=2026-09-28T09:04:24.956+00:00 host_mono_ns=2345284146487124 
[SEDP-RACE-RUN35] host_utc=2026-09-28T09:04:24.956+00:00 host_mono_ns=2345284146499588 === DEBUG [lwip-posix]: udp_sendto called! Bypassing to POSIX sendto ===
[SEDP-RACE-RUN35] host_utc=2026-09-28T09:04:24.956+00:00 host_mono_ns=2345284146771962 
[SEDP-RACE-RUN35] host_utc=2026-09-28T09:04:24.956+00:00 host_mono_ns=2345284146785348 === DEBUG [lwip-posix]: recvfrom received packet of len 52! Bypassing to pcb->recv ===
[SEDP-RACE-RUN35] host_utc=2026-09-28T09:04:24.956+00:00 host_mono_ns=2345284146879145 
[SEDP-RACE-RUN35] host_utc=2026-09-28T09:04:24.956+00:00 host_mono_ns=2345284146887681 === DEBUG [lwip-posix]: udp_sendto called! Bypassing to POSIX sendto ===
[SEDP-RACE-RUN35] host_utc=2026-09-28T09:04:24.956+00:00 host_mono_ns=2345284146892811 
[SEDP-RACE-RUN35] host_utc=2026-09-28T09:04:24.956+00:00 host_mono_ns=2345284146897410 === DEBUG [lwip-posix]: recvfrom received packet of len 52! Bypassing to pcb->recv ===
[SEDP-RACE-RUN35] host_utc=2026-09-28T09:04:24.956+00:00 host_mono_ns=2345284146902058 
[SEDP-RACE-RUN35] host_utc=2026-09-28T09:04:24.956+00:00 host_mono_ns=2345284146906467 === DEBUG [lwip-posix]: udp_sendto called! Bypassing to POSIX sendto ===
[SEDP-RACE-RUN35] host_utc=2026-09-28T09:04:24.956+00:00 host_mono_ns=2345284147138224 
[SEDP-RACE-RUN35] host_utc=2026-09-28T09:04:24.956+00:00 host_mono_ns=2345284147159865 === DEBUG [lwip-posix]: recvfrom received packet of len 52! Bypassing to pcb->recv ===
[SEDP-RACE-RUN35] host_utc=2026-09-28T09:04:24.957+00:00 host_mono_ns=2345284147170956 
[SEDP-RACE-RUN35] host_utc=2026-09-28T09:04:24.957+00:00 host_mono_ns=2345284147178891 === DEBUG [lwip-posix]: udp_sendto called! Bypassing to POSIX sendto ===
[SEDP-RACE-RUN35] host_utc=2026-09-28T09:04:24.957+00:00 host_mono_ns=2345284147190533 
[SEDP-RACE-RUN35] host_utc=2026-09-28T09:04:24.957+00:00 host_mono_ns=2345284147198158 === DEBUG [lwip-posix]: recvfrom received packet of len 52! Bypassing to pcb->recv ===
[SEDP-RACE-RUN35] host_utc=2026-09-28T09:04:24.957+00:00 host_mono_ns=2345284147204860 
[SEDP-RACE-RUN35] host_utc=2026-09-28T09:04:24.957+00:00 host_mono_ns=2345284147211262 === DEBUG [lwip-posix]: udp_sendto called! Bypassing to POSIX sendto ===
[SEDP-RACE-RUN35] host_utc=2026-09-28T09:04:24.957+00:00 host_mono_ns=2345284147373218 
[SEDP-RACE-RUN35] host_utc=2026-09-28T09:04:24.957+00:00 host_mono_ns=2345284147382947 === DEBUG [lwip-posix]: recvfrom received packet of len 52! Bypassing to pcb->recv ===
[SEDP-RACE-RUN35] host_utc=2026-09-28T09:04:24.957+00:00 host_mono_ns=2345284147389940 
[SEDP-RACE-RUN35] host_utc=2026-09-28T09:04:24.957+00:00 host_mono_ns=2345284147404698 === DEBUG [lwip-posix]: udp_sendto called! Bypassing to POSIX sendto ===
[SEDP-RACE-RUN35] host_utc=2026-09-28T09:04:24.957+00:00 host_mono_ns=2345284147518212 
[SEDP-RACE-RUN35] host_utc=2026-09-28T09:04:24.957+00:00 host_mono_ns=2345284147530195 === DEBUG [lwip-posix]: recvfrom received packet of len 52! Bypassing to pcb->recv ===
[SEDP-RACE-RUN35] host_utc=2026-09-28T09:04:24.957+00:00 host_mono_ns=2345284147539142 
[SEDP-RACE-RUN35] host_utc=2026-09-28T09:04:24.957+00:00 host_mono_ns=2345284147548239 === DEBUG [lwip-posix]: udp_sendto called! Bypassing to POSIX sendto ===
[SEDP-RACE-RUN35] host_utc=2026-09-28T09:04:24.957+00:00 host_mono_ns=2345284147611328 
[SEDP-RACE-RUN35] host_utc=2026-09-28T09:04:24.957+00:00 host_mono_ns=2345284147620736 === DEBUG [lwip-posix]: recvfrom received packet of len 52! Bypassing to pcb->recv ===
[SEDP-RACE-RUN35] host_utc=2026-09-28T09:04:24.957+00:00 host_mono_ns=2345284147627539 
[SEDP-RACE-RUN35] host_utc=2026-09-28T09:04:24.957+00:00 host_mono_ns=2345284147633921 === DEBUG [lwip-posix]: udp_sendto called! Bypassing to POSIX sendto ===
[SEDP-RACE-RUN35] host_utc=2026-09-28T09:04:24.957+00:00 host_mono_ns=2345284147811456 
[SEDP-RACE-RUN35] host_utc=2026-09-28T09:04:24.957+00:00 host_mono_ns=2345284147823289 === DEBUG [lwip-posix]: recvfrom received packet of len 52! Bypassing to pcb->recv ===
[SEDP-RACE-RUN35] host_utc=2026-09-28T09:04:24.957+00:00 host_mono_ns=2345284147830502 
[SEDP-RACE-RUN35] host_utc=2026-09-28T09:04:24.957+00:00 host_mono_ns=2345284147836904 === DEBUG [lwip-posix]: udp_sendto called! Bypassing to POSIX sendto ===
[SEDP-RACE-RUN35] host_utc=2026-09-28T09:04:24.957+00:00 host_mono_ns=2345284147867633 
[SEDP-RACE-RUN35] host_utc=2026-09-28T09:04:24.957+00:00 host_mono_ns=2345284147882360 === DEBUG [lwip-posix]: recvfrom received packet of len 52! Bypassing to pcb->recv ===
[SEDP-RACE-RUN35] host_utc=2026-09-28T09:04:24.957+00:00 host_mono_ns=2345284147889935 
[SEDP-RACE-RUN35] host_utc=2026-09-28T09:04:24.957+00:00 host_mono_ns=2345284147896677 === DEBUG [lwip-posix]: udp_sendto called! Bypassing to POSIX sendto ===
[SEDP-RACE-RUN35] host_utc=2026-09-28T09:04:24.957+00:00 host_mono_ns=2345284148056950 
[SEDP-RACE-RUN35] host_utc=2026-09-28T09:04:24.957+00:00 host_mono_ns=2345284148075946 === DEBUG [lwip-posix]: recvfrom received packet of len 52! Bypassing to pcb->recv ===
[SEDP-RACE-RUN35] host_utc=2026-09-28T09:04:24.957+00:00 host_mono_ns=2345284148084172 
[SEDP-RACE-RUN35] host_utc=2026-09-28T09:04:24.957+00:00 host_mono_ns=2345284148090904 === DEBUG [lwip-posix]: udp_sendto called! Bypassing to POSIX sendto ===
[SEDP-RACE-RUN35] host_utc=2026-09-28T09:04:24.957+00:00 host_mono_ns=2345284148102817 
[SEDP-RACE-RUN35] host_utc=2026-09-28T09:04:24.957+00:00 host_mono_ns=2345284148109710 === DEBUG [lwip-posix]: recvfrom received packet of len 52! Bypassing to pcb->recv ===
[SEDP-RACE-RUN35] host_utc=2026-09-28T09:04:24.957+00:00 host_mono_ns=2345284148116332 
[SEDP-RACE-RUN35] host_utc=2026-09-28T09:04:24.957+00:00 host_mono_ns=2345284148122755 === DEBUG [lwip-posix]: udp_sendto called! Bypassing to POSIX sendto ===
[SEDP-RACE-RUN35] host_utc=2026-09-28T09:04:24.958+00:00 host_mono_ns=2345284148271836 
[SEDP-RACE-RUN35] host_utc=2026-09-28T09:04:24.958+00:00 host_mono_ns=2345284148285552 === DEBUG [lwip-posix]: recvfrom received packet of len 52! Bypassing to pcb->recv ===
[SEDP-RACE-RUN35] host_utc=2026-09-28T09:04:24.958+00:00 host_mono_ns=2345284148294910 
[SEDP-RACE-RUN35] host_utc=2026-09-28T09:04:24.958+00:00 host_mono_ns=2345284148301913 === DEBUG [lwip-posix]: udp_sendto called! Bypassing to POSIX sendto ===
[SEDP-RACE-RUN35] host_utc=2026-09-28T09:04:24.958+00:00 host_mono_ns=2345284148326640 
[SEDP-RACE-RUN35] host_utc=2026-09-28T09:04:24.958+00:00 host_mono_ns=2345284148334805 === DEBUG [lwip-posix]: recvfrom received packet of len 52! Bypassing to pcb->recv ===
[SEDP-RACE-RUN35] host_utc=2026-09-28T09:04:24.958+00:00 host_mono_ns=2345284148342159 
[SEDP-RACE-RUN35] host_utc=2026-09-28T09:04:24.958+00:00 host_mono_ns=2345284148359732 === DEBUG [lwip-posix]: udp_sendto called! Bypassing to POSIX sendto ===
[SEDP-RACE-RUN35] host_utc=2026-09-28T09:04:24.958+00:00 host_mono_ns=2345284148596900 
[SEDP-RACE-RUN35] host_utc=2026-09-28T09:04:24.958+00:00 host_mono_ns=2345284148613061 === DEBUG [lwip-posix]: recvfrom received packet of len 52! Bypassing to pcb->recv ===
[SEDP-RACE-RUN35] host_utc=2026-09-28T09:04:24.958+00:00 host_mono_ns=2345284148621487 
[SEDP-RACE-RUN35] host_utc=2026-09-28T09:04:24.958+00:00 host_mono_ns=2345284148628079 === DEBUG [lwip-posix]: udp_sendto called! Bypassing to POSIX sendto ===
[SEDP-RACE-RUN35] host_utc=2026-09-28T09:04:24.958+00:00 host_mono_ns=2345284148634722 
[SEDP-RACE-RUN35] host_utc=2026-09-28T09:04:24.958+00:00 host_mono_ns=2345284148642136 === DEBUG [lwip-posix]: recvfrom received packet of len 52! Bypassing to pcb->recv ===
[SEDP-RACE-RUN35] host_utc=2026-09-28T09:04:24.958+00:00 host_mono_ns=2345284148650452 
[SEDP-RACE-RUN35] host_utc=2026-09-28T09:04:24.958+00:00 host_mono_ns=2345284148659268 === DEBUG [lwip-posix]: udp_sendto called! Bypassing to POSIX sendto ===
[SEDP-RACE-RUN35] host_utc=2026-09-28T09:04:24.958+00:00 host_mono_ns=2345284148812548 
[SEDP-RACE-RUN35] host_utc=2026-09-28T09:04:24.958+00:00 host_mono_ns=2345284148823719 === DEBUG [lwip-posix]: recvfrom received packet of len 52! Bypassing to pcb->recv ===
[SEDP-RACE-RUN35] host_utc=2026-09-28T09:04:24.958+00:00 host_mono_ns=2345284148830892 
[SEDP-RACE-RUN35] host_utc=2026-09-28T09:04:24.958+00:00 host_mono_ns=2345284148837385 === DEBUG [lwip-posix]: udp_sendto called! Bypassing to POSIX sendto ===
[SEDP-RACE-RUN35] host_utc=2026-09-28T09:04:24.958+00:00 host_mono_ns=2345284148843937 
[SEDP-RACE-RUN35] host_utc=2026-09-28T09:04:24.958+00:00 host_mono_ns=2345284148850249 === DEBUG [lwip-posix]: recvfrom received packet of len 52! Bypassing to pcb->recv ===
[SEDP-RACE-RUN35] host_utc=2026-09-28T09:04:24.958+00:00 host_mono_ns=2345284148856781 
[SEDP-RACE-RUN35] host_utc=2026-09-28T09:04:24.958+00:00 host_mono_ns=2345284148863244 === DEBUG [lwip-posix]: udp_sendto called! Bypassing to POSIX sendto ===
[SEDP-RACE-RUN35] host_utc=2026-09-28T09:04:24.958+00:00 host_mono_ns=2345284149019399 
[SEDP-RACE-RUN35] host_utc=2026-09-28T09:04:24.958+00:00 host_mono_ns=2345284149039937 === DEBUG [lwip-posix]: recvfrom received packet of len 52! Bypassing to pcb->recv ===
[SEDP-RACE-RUN35] host_utc=2026-09-28T09:04:24.958+00:00 host_mono_ns=2345284149048423 
[SEDP-RACE-RUN35] host_utc=2026-09-28T09:04:24.958+00:00 host_mono_ns=2345284149055326 === DEBUG [lwip-posix]: udp_sendto called! Bypassing to POSIX sendto ===
[SEDP-RACE-RUN35] host_utc=2026-09-28T09:04:24.958+00:00 host_mono_ns=2345284149067980 
[SEDP-RACE-RUN35] host_utc=2026-09-28T09:04:24.958+00:00 host_mono_ns=2345284149074893 === DEBUG [lwip-posix]: recvfrom received packet of len 52! Bypassing to pcb->recv ===
[SEDP-RACE-RUN35] host_utc=2026-09-28T09:04:24.958+00:00 host_mono_ns=2345284149081696 
[SEDP-RACE-RUN35] host_utc=2026-09-28T09:04:24.958+00:00 host_mono_ns=2345284149088169 === DEBUG [lwip-posix]: udp_sendto called! Bypassing to POSIX sendto ===
[SEDP-RACE-RUN35] host_utc=2026-09-28T09:04:24.959+00:00 host_mono_ns=2345284149268249 
[SEDP-RACE-RUN35] host_utc=2026-09-28T09:04:24.959+00:00 host_mono_ns=2345284149282686 === DEBUG [lwip-posix]: recvfrom received packet of len 52! Bypassing to pcb->recv ===
[SEDP-RACE-RUN35] host_utc=2026-09-28T09:04:24.959+00:00 host_mono_ns=2345284149292114 
[SEDP-RACE-RUN35] host_utc=2026-09-28T09:04:24.959+00:00 host_mono_ns=2345284149301572 === DEBUG [lwip-posix]: udp_sendto called! Bypassing to POSIX sendto ===
[SEDP-RACE-RUN35] host_utc=2026-09-28T09:04:24.959+00:00 host_mono_ns=2345284149319796 
[SEDP-RACE-RUN35] host_utc=2026-09-28T09:04:24.959+00:00 host_mono_ns=2345284149328002 === DEBUG [lwip-posix]: recvfrom received packet of len 52! Bypassing to pcb->recv ===
[SEDP-RACE-RUN35] host_utc=2026-09-28T09:04:24.959+00:00 host_mono_ns=2345284149334835 
[SEDP-RACE-RUN35] host_utc=2026-09-28T09:04:24.959+00:00 host_mono_ns=2345284149341377 === DEBUG [lwip-posix]: udp_sendto called! Bypassing to POSIX sendto ===
[SEDP-RACE-RUN35] host_utc=2026-09-28T09:04:24.959+00:00 host_mono_ns=2345284149499135 
[SEDP-RACE-RUN35] host_utc=2026-09-28T09:04:24.959+00:00 host_mono_ns=2345284149514975 === DEBUG [lwip-posix]: recvfrom received packet of len 52! Bypassing to pcb->recv ===
[SEDP-RACE-RUN35] host_utc=2026-09-28T09:04:24.959+00:00 host_mono_ns=2345284149523030 
[SEDP-RACE-RUN35] host_utc=2026-09-28T09:04:24.959+00:00 host_mono_ns=2345284149530654 === DEBUG [lwip-posix]: udp_sendto called! Bypassing to POSIX sendto ===
[SEDP-RACE-RUN35] host_utc=2026-09-28T09:04:24.959+00:00 host_mono_ns=2345284149541826 
[SEDP-RACE-RUN35] host_utc=2026-09-28T09:04:24.959+00:00 host_mono_ns=2345284149553478 === DEBUG [lwip-posix]: recvfrom received packet of len 52! Bypassing to pcb->recv ===
[SEDP-RACE-RUN35] host_utc=2026-09-28T09:04:24.959+00:00 host_mono_ns=2345284149562545 
[SEDP-RACE-RUN35] host_utc=2026-09-28T09:04:24.959+00:00 host_mono_ns=2345284149569257 === DEBUG [lwip-posix]: udp_sendto called! Bypassing to POSIX sendto ===
[SEDP-RACE-RUN35] host_utc=2026-09-28T09:04:24.959+00:00 host_mono_ns=2345284149821995 
[SEDP-RACE-RUN35] host_utc=2026-09-28T09:04:24.959+00:00 host_mono_ns=2345284149832084 === DEBUG [lwip-posix]: recvfrom received packet of len 52! Bypassing to pcb->recv ===
[SEDP-RACE-RUN35] host_utc=2026-09-28T09:04:24.959+00:00 host_mono_ns=2345284149837574 
[SEDP-RACE-RUN35] host_utc=2026-09-28T09:04:24.959+00:00 host_mono_ns=2345284149842153 === DEBUG [lwip-posix]: udp_sendto called! Bypassing to POSIX sendto ===
[SEDP-RACE-RUN35] host_utc=2026-09-28T09:04:24.959+00:00 host_mono_ns=2345284149846832 
[SEDP-RACE-RUN35] host_utc=2026-09-28T09:04:24.959+00:00 host_mono_ns=2345284149851230 === DEBUG [lwip-posix]: recvfrom received packet of len 52! Bypassing to pcb->recv ===
[SEDP-RACE-RUN35] host_utc=2026-09-28T09:04:24.959+00:00 host_mono_ns=2345284149855709 
[SEDP-RACE-RUN35] host_utc=2026-09-28T09:04:24.959+00:00 host_mono_ns=2345284149862131 === DEBUG [lwip-posix]: udp_sendto called! Bypassing to POSIX sendto ===
[SEDP-RACE-RUN35] host_utc=2026-09-28T09:04:24.959+00:00 host_mono_ns=2345284150084721 
[SEDP-RACE-RUN35] host_utc=2026-09-28T09:04:24.959+00:00 host_mono_ns=2345284150102505 === DEBUG [lwip-posix]: recvfrom received packet of len 52! Bypassing to pcb->recv ===
[SEDP-RACE-RUN35] host_utc=2026-09-28T09:04:24.959+00:00 host_mono_ns=2345284150112965 
[SEDP-RACE-RUN35] host_utc=2026-09-28T09:04:24.959+00:00 host_mono_ns=2345284150122613 === DEBUG [lwip-posix]: udp_sendto called! Bypassing to POSIX sendto ===
[SEDP-RACE-RUN35] host_utc=2026-09-28T09:04:24.959+00:00 host_mono_ns=2345284150138363 
[SEDP-RACE-RUN35] host_utc=2026-09-28T09:04:24.959+00:00 host_mono_ns=2345284150148662 === DEBUG [lwip-posix]: recvfrom received packet of len 52! Bypassing to pcb->recv ===
[SEDP-RACE-RUN35] host_utc=2026-09-28T09:04:24.959+00:00 host_mono_ns=2345284150158921 
[SEDP-RACE-RUN35] host_utc=2026-09-28T09:04:24.959+00:00 host_mono_ns=2345284150168039 === DEBUG [lwip-posix]: udp_sendto called! Bypassing to POSIX sendto ===
[SEDP-RACE-RUN35] host_utc=2026-09-28T09:04:24.960+00:00 host_mono_ns=2345284150480429 
[SEDP-RACE-RUN35] host_utc=2026-09-28T09:04:24.960+00:00 host_mono_ns=2345284150494586 === DEBUG [lwip-posix]: recvfrom received packet of len 52! Bypassing to pcb->recv ===
[SEDP-RACE-RUN35] host_utc=2026-09-28T09:04:24.960+00:00 host_mono_ns=2345284150505546 
[SEDP-RACE-RUN35] host_utc=2026-09-28T09:04:24.960+00:00 host_mono_ns=2345284150515846 === DEBUG [lwip-posix]: udp_sendto called! Bypassing to POSIX sendto ===
[SEDP-RACE-RUN35] host_utc=2026-09-28T09:04:24.960+00:00 host_mono_ns=2345284150525404 
[SEDP-RACE-RUN35] host_utc=2026-09-28T09:04:24.960+00:00 host_mono_ns=2345284150535222 === DEBUG [lwip-posix]: recvfrom received packet of len 52! Bypassing to pcb->recv ===
[SEDP-RACE-RUN35] host_utc=2026-09-28T09:04:24.960+00:00 host_mono_ns=2345284150545081 
[SEDP-RACE-RUN35] host_utc=2026-09-28T09:04:24.960+00:00 host_mono_ns=2345284150555140 === DEBUG [lwip-posix]: udp_sendto called! Bypassing to POSIX sendto ===
[SEDP-RACE-RUN35] host_utc=2026-09-28T09:04:24.960+00:00 host_mono_ns=2345284150693982 
[SEDP-RACE-RUN35] host_utc=2026-09-28T09:04:24.960+00:00 host_mono_ns=2345284150703520 === DEBUG [lwip-posix]: recvfrom received packet of len 52! Bypassing to pcb->recv ===
[SEDP-RACE-RUN35] host_utc=2026-09-28T09:04:24.960+00:00 host_mono_ns=2345284150712868 
[SEDP-RACE-RUN35] host_utc=2026-09-28T09:04:24.960+00:00 host_mono_ns=2345284150721965 === DEBUG [lwip-posix]: udp_sendto called! Bypassing to POSIX sendto ===
[SEDP-RACE-RUN35] host_utc=2026-09-28T09:04:24.960+00:00 host_mono_ns=2345284150791657 
[SEDP-RACE-RUN35] host_utc=2026-09-28T09:04:24.960+00:00 host_mono_ns=2345284150803179 === DEBUG [lwip-posix]: recvfrom received packet of len 52! Bypassing to pcb->recv ===
[SEDP-RACE-RUN35] host_utc=2026-09-28T09:04:24.960+00:00 host_mono_ns=2345284150810292 
[SEDP-RACE-RUN35] host_utc=2026-09-28T09:04:24.960+00:00 host_mono_ns=2345284150816504 === DEBUG [lwip-posix]: udp_sendto called! Bypassing to POSIX sendto ===
[SEDP-RACE-RUN35] host_utc=2026-09-28T09:04:24.960+00:00 host_mono_ns=2345284150917404 
[SEDP-RACE-RUN35] host_utc=2026-09-28T09:04:24.960+00:00 host_mono_ns=2345284150927203 === DEBUG [lwip-posix]: recvfrom received packet of len 52! Bypassing to pcb->recv ===
[SEDP-RACE-RUN35] host_utc=2026-09-28T09:04:24.960+00:00 host_mono_ns=2345284150934026 
[SEDP-RACE-RUN35] host_utc=2026-09-28T09:04:24.960+00:00 host_mono_ns=2345284150940378 === DEBUG [lwip-posix]: udp_sendto called! Bypassing to POSIX sendto ===
[SEDP-RACE-RUN35] host_utc=2026-09-28T09:04:24.960+00:00 host_mono_ns=2345284151110850 
[SEDP-RACE-RUN35] host_utc=2026-09-28T09:04:24.960+00:00 host_mono_ns=2345284151126910 === DEBUG [lwip-posix]: recvfrom received packet of len 52! Bypassing to pcb->recv ===
[SEDP-RACE-RUN35] host_utc=2026-09-28T09:04:24.960+00:00 host_mono_ns=2345284151135727 
[SEDP-RACE-RUN35] host_utc=2026-09-28T09:04:24.960+00:00 host_mono_ns=2345284151143512 === DEBUG [lwip-posix]: udp_sendto called! Bypassing to POSIX sendto ===
[SEDP-RACE-RUN35] host_utc=2026-09-28T09:04:24.961+00:00 host_mono_ns=2345284151183858 
[SEDP-RACE-RUN35] host_utc=2026-09-28T09:04:24.961+00:00 host_mono_ns=2345284151200399 === DEBUG [lwip-posix]: recvfrom received packet of len 52! Bypassing to pcb->recv ===
[SEDP-RACE-RUN35] host_utc=2026-09-28T09:04:24.961+00:00 host_mono_ns=2345284151211510 
[SEDP-RACE-RUN35] host_utc=2026-09-28T09:04:24.961+00:00 host_mono_ns=2345284151221699 === DEBUG [lwip-posix]: udp_sendto called! Bypassing to POSIX sendto ===
[SEDP-RACE-RUN35] host_utc=2026-09-28T09:04:24.961+00:00 host_mono_ns=2345284151352266 
[SEDP-RACE-RUN35] host_utc=2026-09-28T09:04:24.961+00:00 host_mono_ns=2345284151363387 === DEBUG [lwip-posix]: recvfrom received packet of len 52! Bypassing to pcb->recv ===
[SEDP-RACE-RUN35] host_utc=2026-09-28T09:04:24.961+00:00 host_mono_ns=2345284151369519 
[SEDP-RACE-RUN35] host_utc=2026-09-28T09:04:24.961+00:00 host_mono_ns=2345284151374127 === DEBUG [lwip-posix]: udp_sendto called! Bypassing to POSIX sendto ===
[SEDP-RACE-RUN35] host_utc=2026-09-28T09:04:24.961+00:00 host_mono_ns=2345284151378666 
[SEDP-RACE-RUN35] host_utc=2026-09-28T09:04:24.961+00:00 host_mono_ns=2345284151382994 === DEBUG [lwip-posix]: recvfrom received packet of len 52! Bypassing to pcb->recv ===
[SEDP-RACE-RUN35] host_utc=2026-09-28T09:04:24.961+00:00 host_mono_ns=2345284151387453 
[SEDP-RACE-RUN35] host_utc=2026-09-28T09:04:24.961+00:00 host_mono_ns=2345284151391741 === DEBUG [lwip-posix]: udp_sendto called! Bypassing to POSIX sendto ===
[SEDP-RACE-RUN35] host_utc=2026-09-28T09:04:24.961+00:00 host_mono_ns=2345284151511156 
[SEDP-RACE-RUN35] host_utc=2026-09-28T09:04:24.961+00:00 host_mono_ns=2345284151523119 === DEBUG [lwip-posix]: recvfrom received packet of len 52! Bypassing to pcb->recv ===
[SEDP-RACE-RUN35] host_utc=2026-09-28T09:04:24.961+00:00 host_mono_ns=2345284151531124 
[SEDP-RACE-RUN35] host_utc=2026-09-28T09:04:24.961+00:00 host_mono_ns=2345284151538157 === DEBUG [lwip-posix]: udp_sendto called! Bypassing to POSIX sendto ===
[SEDP-RACE-RUN35] host_utc=2026-09-28T09:04:24.961+00:00 host_mono_ns=2345284151562413 
[SEDP-RACE-RUN35] host_utc=2026-09-28T09:04:24.961+00:00 host_mono_ns=2345284151570769 === DEBUG [lwip-posix]: recvfrom received packet of len 52! Bypassing to pcb->recv ===
[SEDP-RACE-RUN35] host_utc=2026-09-28T09:04:24.961+00:00 host_mono_ns=2345284151577742 
[SEDP-RACE-RUN35] host_utc=2026-09-28T09:04:24.961+00:00 host_mono_ns=2345284151584214 === DEBUG [lwip-posix]: udp_sendto called! Bypassing to POSIX sendto ===
[SEDP-RACE-RUN35] host_utc=2026-09-28T09:04:24.961+00:00 host_mono_ns=2345284151768893 
[SEDP-RACE-RUN35] host_utc=2026-09-28T09:04:24.961+00:00 host_mono_ns=2345284151779914 === DEBUG [lwip-posix]: recvfrom received packet of len 52! Bypassing to pcb->recv ===
[SEDP-RACE-RUN35] host_utc=2026-09-28T09:04:24.961+00:00 host_mono_ns=2345284151786877 
[SEDP-RACE-RUN35] host_utc=2026-09-28T09:04:24.961+00:00 host_mono_ns=2345284151792879 === DEBUG [lwip-posix]: udp_sendto called! Bypassing to POSIX sendto ===
[SEDP-RACE-RUN35] host_utc=2026-09-28T09:04:24.961+00:00 host_mono_ns=2345284151799281 
[SEDP-RACE-RUN35] host_utc=2026-09-28T09:04:24.961+00:00 host_mono_ns=2345284151805372 === DEBUG [lwip-posix]: recvfrom received packet of len 52! Bypassing to pcb->recv ===
[SEDP-RACE-RUN35] host_utc=2026-09-28T09:04:24.961+00:00 host_mono_ns=2345284151814169 
[SEDP-RACE-RUN35] host_utc=2026-09-28T09:04:24.961+00:00 host_mono_ns=2345284151820541 === DEBUG [lwip-posix]: udp_sendto called! Bypassing to POSIX sendto ===
[SEDP-RACE-RUN35] host_utc=2026-09-28T09:04:24.961+00:00 host_mono_ns=2345284152042941 
[SEDP-RACE-RUN35] host_utc=2026-09-28T09:04:24.961+00:00 host_mono_ns=2345284152058641 === DEBUG [lwip-posix]: recvfrom received packet of len 52! Bypassing to pcb->recv ===
[SEDP-RACE-RUN35] host_utc=2026-09-28T09:04:24.961+00:00 host_mono_ns=2345284152067097 
[SEDP-RACE-RUN35] host_utc=2026-09-28T09:04:24.961+00:00 host_mono_ns=2345284152074280 === DEBUG [lwip-posix]: udp_sendto called! Bypassing to POSIX sendto ===
[SEDP-RACE-RUN35] host_utc=2026-09-28T09:04:24.961+00:00 host_mono_ns=2345284152086433 
[SEDP-RACE-RUN35] host_utc=2026-09-28T09:04:24.961+00:00 host_mono_ns=2345284152093126 === DEBUG [lwip-posix]: recvfrom received packet of len 52! Bypassing to pcb->recv ===
[SEDP-RACE-RUN35] host_utc=2026-09-28T09:04:24.961+00:00 host_mono_ns=2345284152102453 
[SEDP-RACE-RUN35] host_utc=2026-09-28T09:04:24.961+00:00 host_mono_ns=2345284152107252 === DEBUG [lwip-posix]: udp_sendto called! Bypassing to POSIX sendto ===
[SEDP-RACE-RUN35] host_utc=2026-09-28T09:04:24.962+00:00 host_mono_ns=2345284152407790 
[SEDP-RACE-RUN35] host_utc=2026-09-28T09:04:24.962+00:00 host_mono_ns=2345284152429391 === DEBUG [lwip-posix]: recvfrom received packet of len 52! Bypassing to pcb->recv ===
[SEDP-RACE-RUN35] host_utc=2026-09-28T09:04:24.962+00:00 host_mono_ns=2345284152439851 
[SEDP-RACE-RUN35] host_utc=2026-09-28T09:04:24.962+00:00 host_mono_ns=2345284152448798 === DEBUG [lwip-posix]: udp_sendto called! Bypassing to POSIX sendto ===
[SEDP-RACE-RUN35] host_utc=2026-09-28T09:04:24.962+00:00 host_mono_ns=2345284152463716 
[SEDP-RACE-RUN35] host_utc=2026-09-28T09:04:24.962+00:00 host_mono_ns=2345284152472633 === DEBUG [lwip-posix]: recvfrom received packet of len 52! Bypassing to pcb->recv ===
[SEDP-RACE-RUN35] host_utc=2026-09-28T09:04:24.962+00:00 host_mono_ns=2345284152481599 
[SEDP-RACE-RUN35] host_utc=2026-09-28T09:04:24.962+00:00 host_mono_ns=2345284152490296 === DEBUG [lwip-posix]: udp_sendto called! Bypassing to POSIX sendto ===
[SEDP-RACE-RUN35] host_utc=2026-09-28T09:04:24.962+00:00 host_mono_ns=2345284152745939 
[SEDP-RACE-RUN35] host_utc=2026-09-28T09:04:24.962+00:00 host_mono_ns=2345284152760887 === DEBUG [lwip-posix]: recvfrom received packet of len 52! Bypassing to pcb->recv ===
[SEDP-RACE-RUN35] host_utc=2026-09-28T09:04:24.962+00:00 host_mono_ns=2345284152770375 
[SEDP-RACE-RUN35] host_utc=2026-09-28T09:04:24.962+00:00 host_mono_ns=2345284152782247 === DEBUG [lwip-posix]: udp_sendto called! Bypassing to POSIX sendto ===
[SEDP-RACE-RUN35] host_utc=2026-09-28T09:04:24.962+00:00 host_mono_ns=2345284152806663 
[SEDP-RACE-RUN35] host_utc=2026-09-28T09:04:24.962+00:00 host_mono_ns=2345284152815771 === DEBUG [lwip-posix]: recvfrom received packet of len 52! Bypassing to pcb->recv ===
[SEDP-RACE-RUN35] host_utc=2026-09-28T09:04:24.962+00:00 host_mono_ns=2345284152830058 
[SEDP-RACE-RUN35] host_utc=2026-09-28T09:04:24.962+00:00 host_mono_ns=2345284152840357 === DEBUG [lwip-posix]: udp_sendto called! Bypassing to POSIX sendto ===
[SEDP-RACE-RUN35] host_utc=2026-09-28T09:04:24.962+00:00 host_mono_ns=2345284153060112 
[SEDP-RACE-RUN35] host_utc=2026-09-28T09:04:24.962+00:00 host_mono_ns=2345284153082004 === DEBUG [lwip-posix]: recvfrom received packet of len 52! Bypassing to pcb->recv ===
[SEDP-RACE-RUN35] host_utc=2026-09-28T09:04:24.962+00:00 host_mono_ns=2345284153095309 
[SEDP-RACE-RUN35] host_utc=2026-09-28T09:04:24.962+00:00 host_mono_ns=2345284153107221 === DEBUG [lwip-posix]: udp_sendto called! Bypassing to POSIX sendto ===
[SEDP-RACE-RUN35] host_utc=2026-09-28T09:04:24.962+00:00 host_mono_ns=2345284153168667 
[SEDP-RACE-RUN35] host_utc=2026-09-28T09:04:24.963+00:00 host_mono_ns=2345284153181151 === DEBUG [lwip-posix]: recvfrom received packet of len 52! Bypassing to pcb->recv ===
[SEDP-RACE-RUN35] host_utc=2026-09-28T09:04:24.963+00:00 host_mono_ns=2345284153190539 
[SEDP-RACE-RUN35] host_utc=2026-09-28T09:04:24.963+00:00 host_mono_ns=2345284153199265 === DEBUG [lwip-posix]: udp_sendto called! Bypassing to POSIX sendto ===
[SEDP-RACE-RUN35] host_utc=2026-09-28T09:04:24.963+00:00 host_mono_ns=2345284153276561 
[SEDP-RACE-RUN35] host_utc=2026-09-28T09:04:24.963+00:00 host_mono_ns=2345284153287161 === DEBUG [lwip-posix]: recvfrom received packet of len 52! Bypassing to pcb->recv ===
[SEDP-RACE-RUN35] host_utc=2026-09-28T09:04:24.963+00:00 host_mono_ns=2345284153296168 
[SEDP-RACE-RUN35] host_utc=2026-09-28T09:04:24.963+00:00 host_mono_ns=2345284153304795 === DEBUG [lwip-posix]: udp_sendto called! Bypassing to POSIX sendto ===
[SEDP-RACE-RUN35] host_utc=2026-09-28T09:04:24.963+00:00 host_mono_ns=2345284153424300 
[SEDP-RACE-RUN35] host_utc=2026-09-28T09:04:24.963+00:00 host_mono_ns=2345284153434329 === DEBUG [lwip-posix]: recvfrom received packet of len 52! Bypassing to pcb->recv ===
[SEDP-RACE-RUN35] host_utc=2026-09-28T09:04:24.963+00:00 host_mono_ns=2345284153439770 
[SEDP-RACE-RUN35] host_utc=2026-09-28T09:04:24.963+00:00 host_mono_ns=2345284153444308 === DEBUG [lwip-posix]: udp_sendto called! Bypassing to POSIX sendto ===
[SEDP-RACE-RUN35] host_utc=2026-09-28T09:04:24.963+00:00 host_mono_ns=2345284153451712 
[SEDP-RACE-RUN35] host_utc=2026-09-28T09:04:24.963+00:00 host_mono_ns=2345284153456261 === DEBUG [lwip-posix]: recvfrom received packet of len 52! Bypassing to pcb->recv ===
[SEDP-RACE-RUN35] host_utc=2026-09-28T09:04:24.963+00:00 host_mono_ns=2345284153460749 
[SEDP-RACE-RUN35] host_utc=2026-09-28T09:04:24.963+00:00 host_mono_ns=2345284153465097 === DEBUG [lwip-posix]: udp_sendto called! Bypassing to POSIX sendto ===
[SEDP-RACE-RUN35] host_utc=2026-09-28T09:04:24.963+00:00 host_mono_ns=2345284153695673 
[SEDP-RACE-RUN35] host_utc=2026-09-28T09:04:24.963+00:00 host_mono_ns=2345284153705542 === DEBUG [lwip-posix]: recvfrom received packet of len 52! Bypassing to pcb->recv ===
[SEDP-RACE-RUN35] host_utc=2026-09-28T09:04:24.963+00:00 host_mono_ns=2345284153711463 
[SEDP-RACE-RUN35] host_utc=2026-09-28T09:04:24.963+00:00 host_mono_ns=2345284153715991 === DEBUG [lwip-posix]: udp_sendto called! Bypassing to POSIX sendto ===
[SEDP-RACE-RUN35] host_utc=2026-09-28T09:04:24.963+00:00 host_mono_ns=2345284153751929 
[SEDP-RACE-RUN35] host_utc=2026-09-28T09:04:24.963+00:00 host_mono_ns=2345284153760786 === DEBUG [lwip-posix]: recvfrom received packet of len 52! Bypassing to pcb->recv ===
[SEDP-RACE-RUN35] host_utc=2026-09-28T09:04:24.963+00:00 host_mono_ns=2345284153767599 
[SEDP-RACE-RUN35] host_utc=2026-09-28T09:04:24.963+00:00 host_mono_ns=2345284153774422 === DEBUG [lwip-posix]: udp_sendto called! Bypassing to POSIX sendto ===
[SEDP-RACE-RUN35] host_utc=2026-09-28T09:04:24.963+00:00 host_mono_ns=2345284153949743 
[SEDP-RACE-RUN35] host_utc=2026-09-28T09:04:24.963+00:00 host_mono_ns=2345284153961505 === DEBUG [lwip-posix]: recvfrom received packet of len 52! Bypassing to pcb->recv ===
[SEDP-RACE-RUN35] host_utc=2026-09-28T09:04:24.963+00:00 host_mono_ns=2345284153969210 
[SEDP-RACE-RUN35] host_utc=2026-09-28T09:04:24.963+00:00 host_mono_ns=2345284153975482 === DEBUG [lwip-posix]: udp_sendto called! Bypassing to POSIX sendto ===
[SEDP-RACE-RUN35] host_utc=2026-09-28T09:04:24.963+00:00 host_mono_ns=2345284154046075 
[SEDP-RACE-RUN35] host_utc=2026-09-28T09:04:24.963+00:00 host_mono_ns=2345284154060883 === DEBUG [lwip-posix]: recvfrom received packet of len 52! Bypassing to pcb->recv ===
[SEDP-RACE-RUN35] host_utc=2026-09-28T09:04:24.963+00:00 host_mono_ns=2345284154068588 
[SEDP-RACE-RUN35] host_utc=2026-09-28T09:04:24.963+00:00 host_mono_ns=2345284154075130 === DEBUG [lwip-posix]: udp_sendto called! Bypassing to POSIX sendto ===
[SEDP-RACE-RUN35] host_utc=2026-09-28T09:04:24.964+00:00 host_mono_ns=2345284154185569 
[SEDP-RACE-RUN35] host_utc=2026-09-28T09:04:24.964+00:00 host_mono_ns=2345284154195658 === DEBUG [lwip-posix]: recvfrom received packet of len 52! Bypassing to pcb->recv ===
[SEDP-RACE-RUN35] host_utc=2026-09-28T09:04:24.964+00:00 host_mono_ns=2345284154202971 
[SEDP-RACE-RUN35] host_utc=2026-09-28T09:04:24.964+00:00 host_mono_ns=2345284154209674 === DEBUG [lwip-posix]: udp_sendto called! Bypassing to POSIX sendto ===
[SEDP-RACE-RUN35] host_utc=2026-09-28T09:04:24.964+00:00 host_mono_ns=2345284154405544 
[SEDP-RACE-RUN35] host_utc=2026-09-28T09:04:24.964+00:00 host_mono_ns=2345284154416685 === DEBUG [lwip-posix]: recvfrom received packet of len 52! Bypassing to pcb->recv ===
[SEDP-RACE-RUN35] host_utc=2026-09-28T09:04:24.964+00:00 host_mono_ns=2345284154423628 
[SEDP-RACE-RUN35] host_utc=2026-09-28T09:04:24.964+00:00 host_mono_ns=2345284154429940 === DEBUG [lwip-posix]: udp_sendto called! Bypassing to POSIX sendto ===
[SEDP-RACE-RUN35] host_utc=2026-09-28T09:04:24.964+00:00 host_mono_ns=2345284154477941 
[SEDP-RACE-RUN35] host_utc=2026-09-28T09:04:24.964+00:00 host_mono_ns=2345284154487509 === DEBUG [lwip-posix]: recvfrom received packet of len 52! Bypassing to pcb->recv ===
[SEDP-RACE-RUN35] host_utc=2026-09-28T09:04:24.964+00:00 host_mono_ns=2345284154492639 
[SEDP-RACE-RUN35] host_utc=2026-09-28T09:04:24.964+00:00 host_mono_ns=2345284154497077 === DEBUG [lwip-posix]: udp_sendto called! Bypassing to POSIX sendto ===
[SEDP-RACE-RUN35] host_utc=2026-09-28T09:04:24.964+00:00 host_mono_ns=2345284154655066 
[SEDP-RACE-RUN35] host_utc=2026-09-28T09:04:24.964+00:00 host_mono_ns=2345284154665475 === DEBUG [lwip-posix]: recvfrom received packet of len 52! Bypassing to pcb->recv ===
[SEDP-RACE-RUN35] host_utc=2026-09-28T09:04:24.964+00:00 host_mono_ns=2345284154672509 
[SEDP-RACE-RUN35] host_utc=2026-09-28T09:04:24.964+00:00 host_mono_ns=2345284154677358 === DEBUG [lwip-posix]: udp_sendto called! Bypassing to POSIX sendto ===
[SEDP-RACE-RUN35] host_utc=2026-09-28T09:04:24.964+00:00 host_mono_ns=2345284154684862 
[SEDP-RACE-RUN35] host_utc=2026-09-28T09:04:24.964+00:00 host_mono_ns=2345284154689410 === DEBUG [lwip-posix]: recvfrom received packet of len 52! Bypassing to pcb->recv ===
[SEDP-RACE-RUN35] host_utc=2026-09-28T09:04:24.964+00:00 host_mono_ns=2345284154693919 
[SEDP-RACE-RUN35] host_utc=2026-09-28T09:04:24.964+00:00 host_mono_ns=2345284154698177 === DEBUG [lwip-posix]: udp_sendto called! Bypassing to POSIX sendto ===
[SEDP-RACE-RUN35] host_utc=2026-09-28T09:04:24.964+00:00 host_mono_ns=2345284154894518 
[SEDP-RACE-RUN35] host_utc=2026-09-28T09:04:24.964+00:00 host_mono_ns=2345284154901251 === DEBUG [lwip-posix]: recvfrom received packet of len 52! Bypassing to pcb->recv ===
[SEDP-RACE-RUN35] host_utc=2026-09-28T09:04:24.964+00:00 host_mono_ns=2345284154906030 
[SEDP-RACE-RUN35] host_utc=2026-09-28T09:04:24.964+00:00 host_mono_ns=2345284154910909 === DEBUG [lwip-posix]: udp_sendto called! Bypassing to POSIX sendto ===
[SEDP-RACE-RUN35] host_utc=2026-09-28T09:04:24.964+00:00 host_mono_ns=2345284154982344 
[SEDP-RACE-RUN35] host_utc=2026-09-28T09:04:24.964+00:00 host_mono_ns=2345284154987914 === DEBUG [lwip-posix]: recvfrom received packet of len 52! Bypassing to pcb->recv ===
[SEDP-RACE-RUN35] host_utc=2026-09-28T09:04:24.964+00:00 host_mono_ns=2345284154992503 
[SEDP-RACE-RUN35] host_utc=2026-09-28T09:04:24.964+00:00 host_mono_ns=2345284154996851 === DEBUG [lwip-posix]: udp_sendto called! Bypassing to POSIX sendto ===
[SEDP-RACE-RUN35] host_utc=2026-09-28T09:04:24.965+00:00 host_mono_ns=2345284155197350 
[SEDP-RACE-RUN35] host_utc=2026-09-28T09:04:24.965+00:00 host_mono_ns=2345284155207369 === DEBUG [lwip-posix]: recvfrom received packet of len 52! Bypassing to pcb->recv ===
[SEDP-RACE-RUN35] host_utc=2026-09-28T09:04:24.965+00:00 host_mono_ns=2345284155212509 
[SEDP-RACE-RUN35] host_utc=2026-09-28T09:04:24.965+00:00 host_mono_ns=2345284155216907 === DEBUG [lwip-posix]: udp_sendto called! Bypassing to POSIX sendto ===
[SEDP-RACE-RUN35] host_utc=2026-09-28T09:04:24.965+00:00 host_mono_ns=2345284155258766 
[SEDP-RACE-RUN35] host_utc=2026-09-28T09:04:24.965+00:00 host_mono_ns=2345284155263806 === DEBUG [lwip-posix]: recvfrom received packet of len 52! Bypassing to pcb->recv ===
[SEDP-RACE-RUN35] host_utc=2026-09-28T09:04:24.965+00:00 host_mono_ns=2345284155268384 
[SEDP-RACE-RUN35] host_utc=2026-09-28T09:04:24.965+00:00 host_mono_ns=2345284155272793 === DEBUG [lwip-posix]: udp_sendto called! Bypassing to POSIX sendto ===
[SEDP-RACE-RUN35] host_utc=2026-09-28T09:04:24.965+00:00 host_mono_ns=2345284155400724 
[SEDP-RACE-RUN35] host_utc=2026-09-28T09:04:24.965+00:00 host_mono_ns=2345284155407667 === DEBUG [lwip-posix]: recvfrom received packet of len 52! Bypassing to pcb->recv ===
[SEDP-RACE-RUN35] host_utc=2026-09-28T09:04:24.965+00:00 host_mono_ns=2345284155412356 
[SEDP-RACE-RUN35] host_utc=2026-09-28T09:04:24.965+00:00 host_mono_ns=2345284155416715 === DEBUG [lwip-posix]: udp_sendto called! Bypassing to POSIX sendto ===
[SEDP-RACE-RUN35] host_utc=2026-09-28T09:04:24.965+00:00 host_mono_ns=2345284155438716 
[SEDP-RACE-RUN35] host_utc=2026-09-28T09:04:24.965+00:00 host_mono_ns=2345284155443415 === DEBUG [lwip-posix]: recvfrom received packet of len 52! Bypassing to pcb->recv ===
[SEDP-RACE-RUN35] host_utc=2026-09-28T09:04:24.965+00:00 host_mono_ns=2345284155447893 
[SEDP-RACE-RUN35] host_utc=2026-09-28T09:04:24.965+00:00 host_mono_ns=2345284155452562 === DEBUG [lwip-posix]: udp_sendto called! Bypassing to POSIX sendto ===
[SEDP-RACE-RUN35] host_utc=2026-09-28T09:04:24.965+00:00 host_mono_ns=2345284155741408 
[SEDP-RACE-RUN35] host_utc=2026-09-28T09:04:24.965+00:00 host_mono_ns=2345284155748271 === DEBUG [lwip-posix]: recvfrom received packet of len 52! Bypassing to pcb->recv ===
[SEDP-RACE-RUN35] host_utc=2026-09-28T09:04:24.965+00:00 host_mono_ns=2345284155753010 
[SEDP-RACE-RUN35] host_utc=2026-09-28T09:04:24.965+00:00 host_mono_ns=2345284155757318 === DEBUG [lwip-posix]: udp_sendto called! Bypassing to POSIX sendto ===
[SEDP-RACE-RUN35] host_utc=2026-09-28T09:04:24.965+00:00 host_mono_ns=2345284155764001 
[SEDP-RACE-RUN35] host_utc=2026-09-28T09:04:24.965+00:00 host_mono_ns=2345284155768409 === DEBUG [lwip-posix]: recvfrom received packet of len 52! Bypassing to pcb->recv ===
[SEDP-RACE-RUN35] host_utc=2026-09-28T09:04:24.965+00:00 host_mono_ns=2345284155773960 
[SEDP-RACE-RUN35] host_utc=2026-09-28T09:04:24.965+00:00 host_mono_ns=2345284155779941 === DEBUG [lwip-posix]: udp_sendto called! Bypassing to POSIX sendto ===
[SEDP-RACE-RUN35] host_utc=2026-09-28T09:04:24.965+00:00 host_mono_ns=2345284156060852 
[SEDP-RACE-RUN35] host_utc=2026-09-28T09:04:24.965+00:00 host_mono_ns=2345284156075429 === DEBUG [lwip-posix]: recvfrom received packet of len 52! Bypassing to pcb->recv ===
[SEDP-RACE-RUN35] host_utc=2026-09-28T09:04:24.965+00:00 host_mono_ns=2345284156082713 
[SEDP-RACE-RUN35] host_utc=2026-09-28T09:04:24.965+00:00 host_mono_ns=2345284156088844 === DEBUG [lwip-posix]: udp_sendto called! Bypassing to POSIX sendto ===
[SEDP-RACE-RUN35] host_utc=2026-09-28T09:04:24.965+00:00 host_mono_ns=2345284156106668 
[SEDP-RACE-RUN35] host_utc=2026-09-28T09:04:24.965+00:00 host_mono_ns=2345284156113421 === DEBUG [lwip-posix]: recvfrom received packet of len 52! Bypassing to pcb->recv ===
[SEDP-RACE-RUN35] host_utc=2026-09-28T09:04:24.965+00:00 host_mono_ns=2345284156119953 
[SEDP-RACE-RUN35] host_utc=2026-09-28T09:04:24.965+00:00 host_mono_ns=2345284156125975 === DEBUG [lwip-posix]: udp_sendto called! Bypassing to POSIX sendto ===
[SEDP-RACE-RUN35] host_utc=2026-09-28T09:04:24.966+00:00 host_mono_ns=2345284156289564 
[SEDP-RACE-RUN35] host_utc=2026-09-28T09:04:24.966+00:00 host_mono_ns=2345284156299623 === DEBUG [lwip-posix]: recvfrom received packet of len 52! Bypassing to pcb->recv ===
[SEDP-RACE-RUN35] host_utc=2026-09-28T09:04:24.966+00:00 host_mono_ns=2345284156306486 
[SEDP-RACE-RUN35] host_utc=2026-09-28T09:04:24.966+00:00 host_mono_ns=2345284156312868 === DEBUG [lwip-posix]: udp_sendto called! Bypassing to POSIX sendto ===
[SEDP-RACE-RUN35] host_utc=2026-09-28T09:04:24.966+00:00 host_mono_ns=2345284156319190 
[SEDP-RACE-RUN35] host_utc=2026-09-28T09:04:24.966+00:00 host_mono_ns=2345284156325251 === DEBUG [lwip-posix]: recvfrom received packet of len 52! Bypassing to pcb->recv ===
[SEDP-RACE-RUN35] host_utc=2026-09-28T09:04:24.966+00:00 host_mono_ns=2345284156333797 
[SEDP-RACE-RUN35] host_utc=2026-09-28T09:04:24.966+00:00 host_mono_ns=2345284156339949 === DEBUG [lwip-posix]: udp_sendto called! Bypassing to POSIX sendto ===
[SEDP-RACE-RUN35] host_utc=2026-09-28T09:04:24.966+00:00 host_mono_ns=2345284156535118 
[SEDP-RACE-RUN35] host_utc=2026-09-28T09:04:24.966+00:00 host_mono_ns=2345284156545106 === DEBUG [lwip-posix]: recvfrom received packet of len 52! Bypassing to pcb->recv ===
[SEDP-RACE-RUN35] host_utc=2026-09-28T09:04:24.966+00:00 host_mono_ns=2345284156551999 
[SEDP-RACE-RUN35] host_utc=2026-09-28T09:04:24.966+00:00 host_mono_ns=2345284156556779 === DEBUG [lwip-posix]: udp_sendto called! Bypassing to POSIX sendto ===
[SEDP-RACE-RUN35] host_utc=2026-09-28T09:04:24.966+00:00 host_mono_ns=2345284156565635 
[SEDP-RACE-RUN35] host_utc=2026-09-28T09:04:24.966+00:00 host_mono_ns=2345284156572027 === DEBUG [lwip-posix]: recvfrom received packet of len 52! Bypassing to pcb->recv ===
[SEDP-RACE-RUN35] host_utc=2026-09-28T09:04:24.966+00:00 host_mono_ns=2345284156578079 
[SEDP-RACE-RUN35] host_utc=2026-09-28T09:04:24.966+00:00 host_mono_ns=2345284156585613 === DEBUG [lwip-posix]: udp_sendto called! Bypassing to POSIX sendto ===
[SEDP-RACE-RUN35] host_utc=2026-09-28T09:04:24.966+00:00 host_mono_ns=2345284156872114 
[SEDP-RACE-RUN35] host_utc=2026-09-28T09:04:24.966+00:00 host_mono_ns=2345284156880821 === DEBUG [lwip-posix]: recvfrom received packet of len 52! Bypassing to pcb->recv ===
[SEDP-RACE-RUN35] host_utc=2026-09-28T09:04:24.966+00:00 host_mono_ns=2345284156887634 
[SEDP-RACE-RUN35] host_utc=2026-09-28T09:04:24.966+00:00 host_mono_ns=2345284156893805 === DEBUG [lwip-posix]: udp_sendto called! Bypassing to POSIX sendto ===
[SEDP-RACE-RUN35] host_utc=2026-09-28T09:04:24.966+00:00 host_mono_ns=2345284156899767 
[SEDP-RACE-RUN35] host_utc=2026-09-28T09:04:24.966+00:00 host_mono_ns=2345284156905668 === DEBUG [lwip-posix]: recvfrom received packet of len 52! Bypassing to pcb->recv ===
[SEDP-RACE-RUN35] host_utc=2026-09-28T09:04:24.966+00:00 host_mono_ns=2345284156911739 
[SEDP-RACE-RUN35] host_utc=2026-09-28T09:04:24.966+00:00 host_mono_ns=2345284156917781 === DEBUG [lwip-posix]: udp_sendto called! Bypassing to POSIX sendto ===
[SEDP-RACE-RUN35] host_utc=2026-09-28T09:04:24.966+00:00 host_mono_ns=2345284157125994 
[SEDP-RACE-RUN35] host_utc=2026-09-28T09:04:24.966+00:00 host_mono_ns=2345284157138397 === DEBUG [lwip-posix]: recvfrom received packet of len 52! Bypassing to pcb->recv ===
[SEDP-RACE-RUN35] host_utc=2026-09-28T09:04:24.966+00:00 host_mono_ns=2345284157145260 
[SEDP-RACE-RUN35] host_utc=2026-09-28T09:04:24.966+00:00 host_mono_ns=2345284157151582 === DEBUG [lwip-posix]: udp_sendto called! Bypassing to POSIX sendto ===
[SEDP-RACE-RUN35] host_utc=2026-09-28T09:04:24.966+00:00 host_mono_ns=2345284157166500 
[SEDP-RACE-RUN35] host_utc=2026-09-28T09:04:24.967+00:00 host_mono_ns=2345284157172872 === DEBUG [lwip-posix]: recvfrom received packet of len 52! Bypassing to pcb->recv ===
[SEDP-RACE-RUN35] host_utc=2026-09-28T09:04:24.967+00:00 host_mono_ns=2345284157179114 
[SEDP-RACE-RUN35] host_utc=2026-09-28T09:04:24.967+00:00 host_mono_ns=2345284157184585 === DEBUG [lwip-posix]: udp_sendto called! Bypassing to POSIX sendto ===
[SEDP-RACE-RUN35] host_utc=2026-09-28T09:04:24.967+00:00 host_mono_ns=2345284157376958 
[SEDP-RACE-RUN35] host_utc=2026-09-28T09:04:24.967+00:00 host_mono_ns=2345284157387027 === DEBUG [lwip-posix]: recvfrom received packet of len 52! Bypassing to pcb->recv ===
[SEDP-RACE-RUN35] host_utc=2026-09-28T09:04:24.967+00:00 host_mono_ns=2345284157393890 
[SEDP-RACE-RUN35] host_utc=2026-09-28T09:04:24.967+00:00 host_mono_ns=2345284157400252 === DEBUG [lwip-posix]: udp_sendto called! Bypassing to POSIX sendto ===
[SEDP-RACE-RUN35] host_utc=2026-09-28T09:04:24.967+00:00 host_mono_ns=2345284157406664 
[SEDP-RACE-RUN35] host_utc=2026-09-28T09:04:24.967+00:00 host_mono_ns=2345284157415230 === DEBUG [lwip-posix]: recvfrom received packet of len 52! Bypassing to pcb->recv ===
[SEDP-RACE-RUN35] host_utc=2026-09-28T09:04:24.967+00:00 host_mono_ns=2345284157421582 
[SEDP-RACE-RUN35] host_utc=2026-09-28T09:04:24.967+00:00 host_mono_ns=2345284157427904 === DEBUG [lwip-posix]: udp_sendto called! Bypassing to POSIX sendto ===
[SEDP-RACE-RUN35] host_utc=2026-09-28T09:04:24.967+00:00 host_mono_ns=2345284157590872 
[SEDP-RACE-RUN35] host_utc=2026-09-28T09:04:24.967+00:00 host_mono_ns=2345284157600581 === DEBUG [lwip-posix]: recvfrom received packet of len 52! Bypassing to pcb->recv ===
[SEDP-RACE-RUN35] host_utc=2026-09-28T09:04:24.967+00:00 host_mono_ns=2345284157607333 
[SEDP-RACE-RUN35] host_utc=2026-09-28T09:04:24.967+00:00 host_mono_ns=2345284157613385 === DEBUG [lwip-posix]: udp_sendto called! Bypassing to POSIX sendto ===
[SEDP-RACE-RUN35] host_utc=2026-09-28T09:04:24.967+00:00 host_mono_ns=2345284157619787 
[SEDP-RACE-RUN35] host_utc=2026-09-28T09:04:24.967+00:00 host_mono_ns=2345284157628393 === DEBUG [lwip-posix]: recvfrom received packet of len 52! Bypassing to pcb->recv ===
[SEDP-RACE-RUN35] host_utc=2026-09-28T09:04:24.967+00:00 host_mono_ns=2345284157634905 
[SEDP-RACE-RUN35] host_utc=2026-09-28T09:04:24.967+00:00 host_mono_ns=2345284157641197 === DEBUG [lwip-posix]: udp_sendto called! Bypassing to POSIX sendto ===
[SEDP-RACE-RUN35] host_utc=2026-09-28T09:04:24.967+00:00 host_mono_ns=2345284157834893 
[SEDP-RACE-RUN35] host_utc=2026-09-28T09:04:24.967+00:00 host_mono_ns=2345284157844992 === DEBUG [lwip-posix]: recvfrom received packet of len 52! Bypassing to pcb->recv ===
[SEDP-RACE-RUN35] host_utc=2026-09-28T09:04:24.967+00:00 host_mono_ns=2345284157851615 
[SEDP-RACE-RUN35] host_utc=2026-09-28T09:04:24.967+00:00 host_mono_ns=2345284157857807 === DEBUG [lwip-posix]: udp_sendto called! Bypassing to POSIX sendto ===
[SEDP-RACE-RUN35] host_utc=2026-09-28T09:04:24.967+00:00 host_mono_ns=2345284157864118 
[SEDP-RACE-RUN35] host_utc=2026-09-28T09:04:24.967+00:00 host_mono_ns=2345284157870380 === DEBUG [lwip-posix]: recvfrom received packet of len 52! Bypassing to pcb->recv ===
[SEDP-RACE-RUN35] host_utc=2026-09-28T09:04:24.967+00:00 host_mono_ns=2345284157876812 
[SEDP-RACE-RUN35] host_utc=2026-09-28T09:04:24.967+00:00 host_mono_ns=2345284157883004 === DEBUG [lwip-posix]: udp_sendto called! Bypassing to POSIX sendto ===
[SEDP-RACE-RUN35] host_utc=2026-09-28T09:04:24.968+00:00 host_mono_ns=2345284158237694 
[SEDP-RACE-RUN35] host_utc=2026-09-28T09:04:24.968+00:00 host_mono_ns=2345284158261920 === DEBUG [lwip-posix]: recvfrom received packet of len 52! Bypassing to pcb->recv ===
[SEDP-RACE-RUN35] host_utc=2026-09-28T09:04:24.968+00:00 host_mono_ns=2345284158278441 
[SEDP-RACE-RUN35] host_utc=2026-09-28T09:04:24.968+00:00 host_mono_ns=2345284158289382 === DEBUG [lwip-posix]: udp_sendto called! Bypassing to POSIX sendto ===
[SEDP-RACE-RUN35] host_utc=2026-09-28T09:04:24.968+00:00 host_mono_ns=2345284158311714 
[SEDP-RACE-RUN35] host_utc=2026-09-28T09:04:24.968+00:00 host_mono_ns=2345284158322885 === DEBUG [lwip-posix]: recvfrom received packet of len 52! Bypassing to pcb->recv ===
[SEDP-RACE-RUN35] host_utc=2026-09-28T09:04:24.968+00:00 host_mono_ns=2345284158333325 
[SEDP-RACE-RUN35] host_utc=2026-09-28T09:04:24.968+00:00 host_mono_ns=2345284158343123 === DEBUG [lwip-posix]: udp_sendto called! Bypassing to POSIX sendto ===
[SEDP-RACE-RUN35] host_utc=2026-09-28T09:04:24.968+00:00 host_mono_ns=2345284158544314 
[SEDP-RACE-RUN35] host_utc=2026-09-28T09:04:24.968+00:00 host_mono_ns=2345284158555144 === DEBUG [lwip-posix]: recvfrom received packet of len 52! Bypassing to pcb->recv ===
[SEDP-RACE-RUN35] host_utc=2026-09-28T09:04:24.968+00:00 host_mono_ns=2345284158562027 
[SEDP-RACE-RUN35] host_utc=2026-09-28T09:04:24.968+00:00 host_mono_ns=2345284158568209 === DEBUG [lwip-posix]: udp_sendto called! Bypassing to POSIX sendto ===
[SEDP-RACE-RUN35] host_utc=2026-09-28T09:04:24.968+00:00 host_mono_ns=2345284158578278 
[SEDP-RACE-RUN35] host_utc=2026-09-28T09:04:24.968+00:00 host_mono_ns=2345284158587305 === DEBUG [lwip-posix]: recvfrom received packet of len 52! Bypassing to pcb->recv ===
[SEDP-RACE-RUN35] host_utc=2026-09-28T09:04:24.968+00:00 host_mono_ns=2345284158593917 
[SEDP-RACE-RUN35] host_utc=2026-09-28T09:04:24.968+00:00 host_mono_ns=2345284158600059 === DEBUG [lwip-posix]: udp_sendto called! Bypassing to POSIX sendto ===
[SEDP-RACE-RUN35] host_utc=2026-09-28T09:04:24.968+00:00 host_mono_ns=2345284158786251 
[SEDP-RACE-RUN35] host_utc=2026-09-28T09:04:24.968+00:00 host_mono_ns=2345284158795839 === DEBUG [lwip-posix]: recvfrom received packet of len 52! Bypassing to pcb->recv ===
[SEDP-RACE-RUN35] host_utc=2026-09-28T09:04:24.968+00:00 host_mono_ns=2345284158802602 
[SEDP-RACE-RUN35] host_utc=2026-09-28T09:04:24.968+00:00 host_mono_ns=2345284158808653 === DEBUG [lwip-posix]: udp_sendto called! Bypassing to POSIX sendto ===
[SEDP-RACE-RUN35] host_utc=2026-09-28T09:04:24.968+00:00 host_mono_ns=2345284158818411 
[SEDP-RACE-RUN35] host_utc=2026-09-28T09:04:24.968+00:00 host_mono_ns=2345284158824944 === DEBUG [lwip-posix]: recvfrom received packet of len 52! Bypassing to pcb->recv ===
[SEDP-RACE-RUN35] host_utc=2026-09-28T09:04:24.968+00:00 host_mono_ns=2345284158831346 
[SEDP-RACE-RUN35] host_utc=2026-09-28T09:04:24.968+00:00 host_mono_ns=2345284158837417 === DEBUG [lwip-posix]: udp_sendto called! Bypassing to POSIX sendto ===
[SEDP-RACE-RUN35] host_utc=2026-09-28T09:04:24.968+00:00 host_mono_ns=2345284159033017 
[SEDP-RACE-RUN35] host_utc=2026-09-28T09:04:24.968+00:00 host_mono_ns=2345284159045671 === DEBUG [lwip-posix]: recvfrom received packet of len 52! Bypassing to pcb->recv ===
[SEDP-RACE-RUN35] host_utc=2026-09-28T09:04:24.968+00:00 host_mono_ns=2345284159052594 
[SEDP-RACE-RUN35] host_utc=2026-09-28T09:04:24.968+00:00 host_mono_ns=2345284159058836 === DEBUG [lwip-posix]: udp_sendto called! Bypassing to POSIX sendto ===
[SEDP-RACE-RUN35] host_utc=2026-09-28T09:04:24.968+00:00 host_mono_ns=2345284159068564 
[SEDP-RACE-RUN35] host_utc=2026-09-28T09:04:24.968+00:00 host_mono_ns=2345284159075126 === DEBUG [lwip-posix]: recvfrom received packet of len 52! Bypassing to pcb->recv ===
[SEDP-RACE-RUN35] host_utc=2026-09-28T09:04:24.968+00:00 host_mono_ns=2345284159083953 
[SEDP-RACE-RUN35] host_utc=2026-09-28T09:04:24.968+00:00 host_mono_ns=2345284159090175 === DEBUG [lwip-posix]: udp_sendto called! Bypassing to POSIX sendto ===
[SEDP-RACE-RUN35] host_utc=2026-09-28T09:04:24.969+00:00 host_mono_ns=2345284159256589 
[SEDP-RACE-RUN35] host_utc=2026-09-28T09:04:24.969+00:00 host_mono_ns=2345284159275445 === DEBUG [lwip-posix]: recvfrom received packet of len 52! Bypassing to pcb->recv ===
[SEDP-RACE-RUN35] host_utc=2026-09-28T09:04:24.969+00:00 host_mono_ns=2345284159287838 
[SEDP-RACE-RUN35] host_utc=2026-09-28T09:04:24.969+00:00 host_mono_ns=2345284159302606 === DEBUG [lwip-posix]: udp_sendto called! Bypassing to POSIX sendto ===
[SEDP-RACE-RUN35] host_utc=2026-09-28T09:04:24.969+00:00 host_mono_ns=2345284159325509 
[SEDP-RACE-RUN35] host_utc=2026-09-28T09:04:24.969+00:00 host_mono_ns=2345284159336710 === DEBUG [lwip-posix]: recvfrom received packet of len 52! Bypassing to pcb->recv ===
[SEDP-RACE-RUN35] host_utc=2026-09-28T09:04:24.969+00:00 host_mono_ns=2345284159347701 
[SEDP-RACE-RUN35] host_utc=2026-09-28T09:04:24.969+00:00 host_mono_ns=2345284159357650 === DEBUG [lwip-posix]: udp_sendto called! Bypassing to POSIX sendto ===
[SEDP-RACE-RUN35] host_utc=2026-09-28T09:04:24.969+00:00 host_mono_ns=2345284159513244 
[SEDP-RACE-RUN35] host_utc=2026-09-28T09:04:24.969+00:00 host_mono_ns=2345284159523864 === DEBUG [lwip-posix]: recvfrom received packet of len 52! Bypassing to pcb->recv ===
[SEDP-RACE-RUN35] host_utc=2026-09-28T09:04:24.969+00:00 host_mono_ns=2345284159532450 
[SEDP-RACE-RUN35] host_utc=2026-09-28T09:04:24.969+00:00 host_mono_ns=2345284159537139 === DEBUG [lwip-posix]: udp_sendto called! Bypassing to POSIX sendto ===
[SEDP-RACE-RUN35] host_utc=2026-09-28T09:04:24.969+00:00 host_mono_ns=2345284159541738 
[SEDP-RACE-RUN35] host_utc=2026-09-28T09:04:24.969+00:00 host_mono_ns=2345284159546066 === DEBUG [lwip-posix]: recvfrom received packet of len 52! Bypassing to pcb->recv ===
[SEDP-RACE-RUN35] host_utc=2026-09-28T09:04:24.969+00:00 host_mono_ns=2345284159550484 
[SEDP-RACE-RUN35] host_utc=2026-09-28T09:04:24.969+00:00 host_mono_ns=2345284159554752 === DEBUG [lwip-posix]: udp_sendto called! Bypassing to POSIX sendto ===
[SEDP-RACE-RUN35] host_utc=2026-09-28T09:04:24.969+00:00 host_mono_ns=2345284159897410 
[SEDP-RACE-RUN35] host_utc=2026-09-28T09:04:24.969+00:00 host_mono_ns=2345284159906036 === DEBUG [lwip-posix]: recvfrom received packet of len 52! Bypassing to pcb->recv ===
[SEDP-RACE-RUN35] host_utc=2026-09-28T09:04:24.969+00:00 host_mono_ns=2345284159910925 
[SEDP-RACE-RUN35] host_utc=2026-09-28T09:04:24.969+00:00 host_mono_ns=2345284159915273 === DEBUG [lwip-posix]: udp_sendto called! Bypassing to POSIX sendto ===
[SEDP-RACE-RUN35] host_utc=2026-09-28T09:04:24.969+00:00 host_mono_ns=2345284160005674 
[SEDP-RACE-RUN35] host_utc=2026-09-28T09:04:24.969+00:00 host_mono_ns=2345284160016064 === DEBUG [lwip-posix]: recvfrom received packet of len 52! Bypassing to pcb->recv ===
[SEDP-RACE-RUN35] host_utc=2026-09-28T09:04:24.969+00:00 host_mono_ns=2345284160021023 
[SEDP-RACE-RUN35] host_utc=2026-09-28T09:04:24.969+00:00 host_mono_ns=2345284160025381 === DEBUG [lwip-posix]: udp_sendto called! Bypassing to POSIX sendto ===
[SEDP-RACE-RUN35] host_utc=2026-09-28T09:04:24.969+00:00 host_mono_ns=2345284160123386 
[SEDP-RACE-RUN35] host_utc=2026-09-28T09:04:24.969+00:00 host_mono_ns=2345284160128556 === DEBUG [lwip-posix]: recvfrom received packet of len 52! Bypassing to pcb->recv ===
[SEDP-RACE-RUN35] host_utc=2026-09-28T09:04:24.969+00:00 host_mono_ns=2345284160133125 
[SEDP-RACE-RUN35] host_utc=2026-09-28T09:04:24.969+00:00 host_mono_ns=2345284160137423 === DEBUG [lwip-posix]: udp_sendto called! Bypassing to POSIX sendto ===
[SEDP-RACE-RUN35] host_utc=2026-09-28T09:04:24.970+00:00 host_mono_ns=2345284160365023 
[SEDP-RACE-RUN35] host_utc=2026-09-28T09:04:24.970+00:00 host_mono_ns=2345284160374260 === DEBUG [lwip-posix]: recvfrom received packet of len 52! Bypassing to pcb->recv ===
[SEDP-RACE-RUN35] host_utc=2026-09-28T09:04:24.970+00:00 host_mono_ns=2345284160379611 
[SEDP-RACE-RUN35] host_utc=2026-09-28T09:04:24.970+00:00 host_mono_ns=2345284160384099 === DEBUG [lwip-posix]: udp_sendto called! Bypassing to POSIX sendto ===
[SEDP-RACE-RUN35] host_utc=2026-09-28T09:04:24.970+00:00 host_mono_ns=2345284160466104 
[SEDP-RACE-RUN35] host_utc=2026-09-28T09:04:24.970+00:00 host_mono_ns=2345284160472496 === DEBUG [lwip-posix]: recvfrom received packet of len 52! Bypassing to pcb->recv ===
[SEDP-RACE-RUN35] host_utc=2026-09-28T09:04:24.970+00:00 host_mono_ns=2345284160477145 
[SEDP-RACE-RUN35] host_utc=2026-09-28T09:04:24.970+00:00 host_mono_ns=2345284160481483 === DEBUG [lwip-posix]: udp_sendto called! Bypassing to POSIX sendto ===
[SEDP-RACE-RUN35] host_utc=2026-09-28T09:04:24.970+00:00 host_mono_ns=2345284160713421 
[SEDP-RACE-RUN35] host_utc=2026-09-28T09:04:24.970+00:00 host_mono_ns=2345284160727257 === DEBUG [lwip-posix]: recvfrom received packet of len 52! Bypassing to pcb->recv ===
[SEDP-RACE-RUN35] host_utc=2026-09-28T09:04:24.970+00:00 host_mono_ns=2345284160732367 
[SEDP-RACE-RUN35] host_utc=2026-09-28T09:04:24.970+00:00 host_mono_ns=2345284160737226 === DEBUG [lwip-posix]: udp_sendto called! Bypassing to POSIX sendto ===
[SEDP-RACE-RUN35] host_utc=2026-09-28T09:04:24.970+00:00 host_mono_ns=2345284160744640 
[SEDP-RACE-RUN35] host_utc=2026-09-28T09:04:24.970+00:00 host_mono_ns=2345284160749169 === DEBUG [lwip-posix]: recvfrom received packet of len 52! Bypassing to pcb->recv ===
[SEDP-RACE-RUN35] host_utc=2026-09-28T09:04:24.970+00:00 host_mono_ns=2345284160753577 
[SEDP-RACE-RUN35] host_utc=2026-09-28T09:04:24.970+00:00 host_mono_ns=2345284160757875 === DEBUG [lwip-posix]: udp_sendto called! Bypassing to POSIX sendto ===
[SEDP-RACE-RUN35] host_utc=2026-09-28T09:04:24.970+00:00 host_mono_ns=2345284160964125 
[SEDP-RACE-RUN35] host_utc=2026-09-28T09:04:24.970+00:00 host_mono_ns=2345284160972411 === DEBUG [lwip-posix]: recvfrom received packet of len 52! Bypassing to pcb->recv ===
[SEDP-RACE-RUN35] host_utc=2026-09-28T09:04:24.970+00:00 host_mono_ns=2345284160977400 
[SEDP-RACE-RUN35] host_utc=2026-09-28T09:04:24.970+00:00 host_mono_ns=2345284160981858 === DEBUG [lwip-posix]: udp_sendto called! Bypassing to POSIX sendto ===
[SEDP-RACE-RUN35] host_utc=2026-09-28T09:04:24.970+00:00 host_mono_ns=2345284160986347 
[SEDP-RACE-RUN35] host_utc=2026-09-28T09:04:24.970+00:00 host_mono_ns=2345284160990705 === DEBUG [lwip-posix]: recvfrom received packet of len 52! Bypassing to pcb->recv ===
[SEDP-RACE-RUN35] host_utc=2026-09-28T09:04:24.970+00:00 host_mono_ns=2345284160995153 
[SEDP-RACE-RUN35] host_utc=2026-09-28T09:04:24.970+00:00 host_mono_ns=2345284160999472 === DEBUG [lwip-posix]: udp_sendto called! Bypassing to POSIX sendto ===
[SEDP-RACE-RUN35] host_utc=2026-09-28T09:04:24.971+00:00 host_mono_ns=2345284161259383 
[SEDP-RACE-RUN35] host_utc=2026-09-28T09:04:24.971+00:00 host_mono_ns=2345284161274060 === DEBUG [lwip-posix]: recvfrom received packet of len 52! Bypassing to pcb->recv ===
[SEDP-RACE-RUN35] host_utc=2026-09-28T09:04:24.971+00:00 host_mono_ns=2345284161281935 
[SEDP-RACE-RUN35] host_utc=2026-09-28T09:04:24.971+00:00 host_mono_ns=2345284161288558 === DEBUG [lwip-posix]: udp_sendto called! Bypassing to POSIX sendto ===
[SEDP-RACE-RUN35] host_utc=2026-09-28T09:04:24.971+00:00 host_mono_ns=2345284161299438 
[SEDP-RACE-RUN35] host_utc=2026-09-28T09:04:24.971+00:00 host_mono_ns=2345284161306011 === DEBUG [lwip-posix]: recvfrom received packet of len 52! Bypassing to pcb->recv ===
[SEDP-RACE-RUN35] host_utc=2026-09-28T09:04:24.971+00:00 host_mono_ns=2345284161312653 
[SEDP-RACE-RUN35] host_utc=2026-09-28T09:04:24.971+00:00 host_mono_ns=2345284161319025 === DEBUG [lwip-posix]: udp_sendto called! Bypassing to POSIX sendto ===
[SEDP-RACE-RUN35] host_utc=2026-09-28T09:04:24.971+00:00 host_mono_ns=2345284161476403 
[SEDP-RACE-RUN35] host_utc=2026-09-28T09:04:24.971+00:00 host_mono_ns=2345284161490339 === DEBUG [lwip-posix]: recvfrom received packet of len 52! Bypassing to pcb->recv ===
[SEDP-RACE-RUN35] host_utc=2026-09-28T09:04:24.971+00:00 host_mono_ns=2345284161500989 
[SEDP-RACE-RUN35] host_utc=2026-09-28T09:04:24.971+00:00 host_mono_ns=2345284161511249 === DEBUG [lwip-posix]: udp_sendto called! Bypassing to POSIX sendto ===
[SEDP-RACE-RUN35] host_utc=2026-09-28T09:04:24.971+00:00 host_mono_ns=2345284161527199 
[SEDP-RACE-RUN35] host_utc=2026-09-28T09:04:24.971+00:00 host_mono_ns=2345284161537598 === DEBUG [lwip-posix]: recvfrom received packet of len 52! Bypassing to pcb->recv ===
[SEDP-RACE-RUN35] host_utc=2026-09-28T09:04:24.971+00:00 host_mono_ns=2345284161547788 
[SEDP-RACE-RUN35] host_utc=2026-09-28T09:04:24.971+00:00 host_mono_ns=2345284161557486 === DEBUG [lwip-posix]: udp_sendto called! Bypassing to POSIX sendto ===
[SEDP-RACE-RUN35] host_utc=2026-09-28T09:04:24.971+00:00 host_mono_ns=2345284161704584 
[SEDP-RACE-RUN35] host_utc=2026-09-28T09:04:24.971+00:00 host_mono_ns=2345284161725563 === DEBUG [lwip-posix]: recvfrom received packet of len 52! Bypassing to pcb->recv ===
[SEDP-RACE-RUN35] host_utc=2026-09-28T09:04:24.971+00:00 host_mono_ns=2345284161734741 
[SEDP-RACE-RUN35] host_utc=2026-09-28T09:04:24.971+00:00 host_mono_ns=2345284161741423 === DEBUG [lwip-posix]: udp_sendto called! Bypassing to POSIX sendto ===
[SEDP-RACE-RUN35] host_utc=2026-09-28T09:04:24.971+00:00 host_mono_ns=2345284161801757 
[SEDP-RACE-RUN35] host_utc=2026-09-28T09:04:24.971+00:00 host_mono_ns=2345284161810364 === DEBUG [lwip-posix]: recvfrom received packet of len 52! Bypassing to pcb->recv ===
[SEDP-RACE-RUN35] host_utc=2026-09-28T09:04:24.971+00:00 host_mono_ns=2345284161815493 
[SEDP-RACE-RUN35] host_utc=2026-09-28T09:04:24.971+00:00 host_mono_ns=2345284161820002 === DEBUG [lwip-posix]: udp_sendto called! Bypassing to POSIX sendto ===
[SEDP-RACE-RUN35] host_utc=2026-09-28T09:04:24.971+00:00 host_mono_ns=2345284161971067 
[SEDP-RACE-RUN35] host_utc=2026-09-28T09:04:24.971+00:00 host_mono_ns=2345284161976838 === DEBUG [lwip-posix]: recvfrom received packet of len 52! Bypassing to pcb->recv ===
[SEDP-RACE-RUN35] host_utc=2026-09-28T09:04:24.971+00:00 host_mono_ns=2345284161981387 
[SEDP-RACE-RUN35] host_utc=2026-09-28T09:04:24.971+00:00 host_mono_ns=2345284161985735 === DEBUG [lwip-posix]: udp_sendto called! Bypassing to POSIX sendto ===
[SEDP-RACE-RUN35] host_utc=2026-09-28T09:04:24.972+00:00 host_mono_ns=2345284162173860 
[SEDP-RACE-RUN35] host_utc=2026-09-28T09:04:24.972+00:00 host_mono_ns=2345284162184170 === DEBUG [lwip-posix]: recvfrom received packet of len 52! Bypassing to pcb->recv ===
[SEDP-RACE-RUN35] host_utc=2026-09-28T09:04:24.972+00:00 host_mono_ns=2345284162189159 
[SEDP-RACE-RUN35] host_utc=2026-09-28T09:04:24.972+00:00 host_mono_ns=2345284162193568 === DEBUG [lwip-posix]: udp_sendto called! Bypassing to POSIX sendto ===
[SEDP-RACE-RUN35] host_utc=2026-09-28T09:04:24.972+00:00 host_mono_ns=2345284162198056 
[SEDP-RACE-RUN35] host_utc=2026-09-28T09:04:24.972+00:00 host_mono_ns=2345284162202364 === DEBUG [lwip-posix]: recvfrom received packet of len 52! Bypassing to pcb->recv ===
[SEDP-RACE-RUN35] host_utc=2026-09-28T09:04:24.972+00:00 host_mono_ns=2345284162206823 
[SEDP-RACE-RUN35] host_utc=2026-09-28T09:04:24.972+00:00 host_mono_ns=2345284162211141 === DEBUG [lwip-posix]: udp_sendto called! Bypassing to POSIX sendto ===
[SEDP-RACE-RUN35] host_utc=2026-09-28T09:04:24.972+00:00 host_mono_ns=2345284162373187 
[SEDP-RACE-RUN35] host_utc=2026-09-28T09:04:24.972+00:00 host_mono_ns=2345284162380711 === DEBUG [lwip-posix]: recvfrom received packet of len 52! Bypassing to pcb->recv ===
[SEDP-RACE-RUN35] host_utc=2026-09-28T09:04:24.972+00:00 host_mono_ns=2345284162385600 
[SEDP-RACE-RUN35] host_utc=2026-09-28T09:04:24.972+00:00 host_mono_ns=2345284162389999 === DEBUG [lwip-posix]: udp_sendto called! Bypassing to POSIX sendto ===
[SEDP-RACE-RUN35] host_utc=2026-09-28T09:04:24.972+00:00 host_mono_ns=2345284162394577 
[SEDP-RACE-RUN35] host_utc=2026-09-28T09:04:24.972+00:00 host_mono_ns=2345284162398946 === DEBUG [lwip-posix]: recvfrom received packet of len 52! Bypassing to pcb->recv ===
[SEDP-RACE-RUN35] host_utc=2026-09-28T09:04:24.972+00:00 host_mono_ns=2345284162403364 
[SEDP-RACE-RUN35] host_utc=2026-09-28T09:04:24.972+00:00 host_mono_ns=2345284162407662 === DEBUG [lwip-posix]: udp_sendto called! Bypassing to POSIX sendto ===
[SEDP-RACE-RUN35] host_utc=2026-09-28T09:04:24.972+00:00 host_mono_ns=2345284162599374 
[SEDP-RACE-RUN35] host_utc=2026-09-28T09:04:24.972+00:00 host_mono_ns=2345284162624301 === DEBUG [lwip-posix]: recvfrom received packet of len 52! Bypassing to pcb->recv ===
[SEDP-RACE-RUN35] host_utc=2026-09-28T09:04:24.972+00:00 host_mono_ns=2345284162640252 
[SEDP-RACE-RUN35] host_utc=2026-09-28T09:04:24.972+00:00 host_mono_ns=2345284162654058 === DEBUG [lwip-posix]: udp_sendto called! Bypassing to POSIX sendto ===
[SEDP-RACE-RUN35] host_utc=2026-09-28T09:04:24.972+00:00 host_mono_ns=2345284162677873 
[SEDP-RACE-RUN35] host_utc=2026-09-28T09:04:24.972+00:00 host_mono_ns=2345284162708731 === DEBUG [lwip-posix]: recvfrom received packet of len 52! Bypassing to pcb->recv ===
[SEDP-RACE-RUN35] host_utc=2026-09-28T09:04:24.972+00:00 host_mono_ns=2345284162723910 
[SEDP-RACE-RUN35] host_utc=2026-09-28T09:04:24.972+00:00 host_mono_ns=2345284162737115 === DEBUG [lwip-posix]: udp_sendto called! Bypassing to POSIX sendto ===
[SEDP-RACE-RUN35] host_utc=2026-09-28T09:04:24.972+00:00 host_mono_ns=2345284162967921 
[SEDP-RACE-RUN35] host_utc=2026-09-28T09:04:24.972+00:00 host_mono_ns=2345284162975765 === DEBUG [lwip-posix]: recvfrom received packet of len 52! Bypassing to pcb->recv ===
[SEDP-RACE-RUN35] host_utc=2026-09-28T09:04:24.972+00:00 host_mono_ns=2345284162980765 
[SEDP-RACE-RUN35] host_utc=2026-09-28T09:04:24.972+00:00 host_mono_ns=2345284162985263 === DEBUG [lwip-posix]: udp_sendto called! Bypassing to POSIX sendto ===
[SEDP-RACE-RUN35] host_utc=2026-09-28T09:04:24.972+00:00 host_mono_ns=2345284163062790 
[SEDP-RACE-RUN35] host_utc=2026-09-28T09:04:24.972+00:00 host_mono_ns=2345284163076766 === DEBUG [lwip-posix]: recvfrom received packet of len 52! Bypassing to pcb->recv ===
[SEDP-RACE-RUN35] host_utc=2026-09-28T09:04:24.972+00:00 host_mono_ns=2345284163084060 
[SEDP-RACE-RUN35] host_utc=2026-09-28T09:04:24.972+00:00 host_mono_ns=2345284163090272 === DEBUG [lwip-posix]: udp_sendto called! Bypassing to POSIX sendto ===
[SEDP-RACE-RUN35] host_utc=2026-09-28T09:04:24.972+00:00 host_mono_ns=2345284163118505 
[SEDP-RACE-RUN35] host_utc=2026-09-28T09:04:24.972+00:00 host_mono_ns=2345284163125198 === DEBUG [lwip-posix]: recvfrom received packet of len 52! Bypassing to pcb->recv ===
[SEDP-RACE-RUN35] host_utc=2026-09-28T09:04:24.972+00:00 host_mono_ns=2345284163130167 
[SEDP-RACE-RUN35] host_utc=2026-09-28T09:04:24.972+00:00 host_mono_ns=2345284163135106 === DEBUG [lwip-posix]: udp_sendto called! Bypassing to POSIX sendto ===
[SEDP-RACE-RUN35] host_utc=2026-09-28T09:04:24.973+00:00 host_mono_ns=2345284163293836 
[SEDP-RACE-RUN35] host_utc=2026-09-28T09:04:24.973+00:00 host_mono_ns=2345284163302312 === DEBUG [lwip-posix]: recvfrom received packet of len 52! Bypassing to pcb->recv ===
[SEDP-RACE-RUN35] host_utc=2026-09-28T09:04:24.973+00:00 host_mono_ns=2345284163308985 
[SEDP-RACE-RUN35] host_utc=2026-09-28T09:04:24.973+00:00 host_mono_ns=2345284163315006 === DEBUG [lwip-posix]: udp_sendto called! Bypassing to POSIX sendto ===
[SEDP-RACE-RUN35] host_utc=2026-09-28T09:04:24.973+00:00 host_mono_ns=2345284163405387 
[SEDP-RACE-RUN35] host_utc=2026-09-28T09:04:24.973+00:00 host_mono_ns=2345284163416147 === DEBUG [lwip-posix]: recvfrom received packet of len 52! Bypassing to pcb->recv ===
[SEDP-RACE-RUN35] host_utc=2026-09-28T09:04:24.973+00:00 host_mono_ns=2345284163423571 
[SEDP-RACE-RUN35] host_utc=2026-09-28T09:04:24.973+00:00 host_mono_ns=2345284163430124 === DEBUG [lwip-posix]: udp_sendto called! Bypassing to POSIX sendto ===
[SEDP-RACE-RUN35] host_utc=2026-09-28T09:04:24.973+00:00 host_mono_ns=2345284163439562 
[SEDP-RACE-RUN35] host_utc=2026-09-28T09:04:24.973+00:00 host_mono_ns=2345284163444291 === DEBUG [lwip-posix]: recvfrom received packet of len 52! Bypassing to pcb->recv ===
[SEDP-RACE-RUN35] host_utc=2026-09-28T09:04:24.973+00:00 host_mono_ns=2345284163448789 
[SEDP-RACE-RUN35] host_utc=2026-09-28T09:04:24.973+00:00 host_mono_ns=2345284163456023 === DEBUG [lwip-posix]: udp_sendto called! Bypassing to POSIX sendto ===
[SEDP-RACE-RUN35] host_utc=2026-09-28T09:04:24.973+00:00 host_mono_ns=2345284163690836 
[SEDP-RACE-RUN35] host_utc=2026-09-28T09:04:24.973+00:00 host_mono_ns=2345284163701126 === DEBUG [lwip-posix]: recvfrom received packet of len 52! Bypassing to pcb->recv ===
[SEDP-RACE-RUN35] host_utc=2026-09-28T09:04:24.973+00:00 host_mono_ns=2345284163707889 
[SEDP-RACE-RUN35] host_utc=2026-09-28T09:04:24.973+00:00 host_mono_ns=2345284163714010 === DEBUG [lwip-posix]: udp_sendto called! Bypassing to POSIX sendto ===
[SEDP-RACE-RUN35] host_utc=2026-09-28T09:04:24.973+00:00 host_mono_ns=2345284163723548 
[SEDP-RACE-RUN35] host_utc=2026-09-28T09:04:24.973+00:00 host_mono_ns=2345284163737525 === DEBUG [lwip-posix]: recvfrom received packet of len 52! Bypassing to pcb->recv ===
[SEDP-RACE-RUN35] host_utc=2026-09-28T09:04:24.973+00:00 host_mono_ns=2345284163744097 
[SEDP-RACE-RUN35] host_utc=2026-09-28T09:04:24.973+00:00 host_mono_ns=2345284163749597 === DEBUG [lwip-posix]: udp_sendto called! Bypassing to POSIX sendto ===
[SEDP-RACE-RUN35] host_utc=2026-09-28T09:04:24.973+00:00 host_mono_ns=2345284164057639 
[SEDP-RACE-RUN35] host_utc=2026-09-28T09:04:24.973+00:00 host_mono_ns=2345284164072858 === DEBUG [lwip-posix]: recvfrom received packet of len 52! Bypassing to pcb->recv ===
[SEDP-RACE-RUN35] host_utc=2026-09-28T09:04:24.973+00:00 host_mono_ns=2345284164080713 
[SEDP-RACE-RUN35] host_utc=2026-09-28T09:04:24.973+00:00 host_mono_ns=2345284164087055 === DEBUG [lwip-posix]: udp_sendto called! Bypassing to POSIX sendto ===
[SEDP-RACE-RUN35] host_utc=2026-09-28T09:04:24.973+00:00 host_mono_ns=2345284164142700 
[SEDP-RACE-RUN35] host_utc=2026-09-28T09:04:24.973+00:00 host_mono_ns=2345284164148461 === DEBUG [lwip-posix]: recvfrom received packet of len 52! Bypassing to pcb->recv ===
[SEDP-RACE-RUN35] host_utc=2026-09-28T09:04:24.973+00:00 host_mono_ns=2345284164153060 
[SEDP-RACE-RUN35] host_utc=2026-09-28T09:04:24.973+00:00 host_mono_ns=2345284164157418 === DEBUG [lwip-posix]: udp_sendto called! Bypassing to POSIX sendto ===
[SEDP-RACE-RUN35] host_utc=2026-09-28T09:04:24.974+00:00 host_mono_ns=2345284164354220 
[SEDP-RACE-RUN35] host_utc=2026-09-28T09:04:24.974+00:00 host_mono_ns=2345284164363828 === DEBUG [lwip-posix]: recvfrom received packet of len 52! Bypassing to pcb->recv ===
[SEDP-RACE-RUN35] host_utc=2026-09-28T09:04:24.974+00:00 host_mono_ns=2345284164369118 
[SEDP-RACE-RUN35] host_utc=2026-09-28T09:04:24.974+00:00 host_mono_ns=2345284164374458 === DEBUG [lwip-posix]: udp_sendto called! Bypassing to POSIX sendto ===
[SEDP-RACE-RUN35] host_utc=2026-09-28T09:04:24.974+00:00 host_mono_ns=2345284164555991 
[SEDP-RACE-RUN35] host_utc=2026-09-28T09:04:24.974+00:00 host_mono_ns=2345284164565629 === DEBUG [lwip-posix]: recvfrom received packet of len 52! Bypassing to pcb->recv ===
[SEDP-RACE-RUN35] host_utc=2026-09-28T09:04:24.974+00:00 host_mono_ns=2345284164572342 
[SEDP-RACE-RUN35] host_utc=2026-09-28T09:04:24.974+00:00 host_mono_ns=2345284164578524 === DEBUG [lwip-posix]: udp_sendto called! Bypassing to POSIX sendto ===
[SEDP-RACE-RUN35] host_utc=2026-09-28T09:04:24.974+00:00 host_mono_ns=2345284164660228 
[SEDP-RACE-RUN35] host_utc=2026-09-28T09:04:24.974+00:00 host_mono_ns=2345284164669025 === DEBUG [lwip-posix]: recvfrom received packet of len 52! Bypassing to pcb->recv ===
[SEDP-RACE-RUN35] host_utc=2026-09-28T09:04:24.974+00:00 host_mono_ns=2345284164675577 
[SEDP-RACE-RUN35] host_utc=2026-09-28T09:04:24.974+00:00 host_mono_ns=2345284164681588 === DEBUG [lwip-posix]: udp_sendto called! Bypassing to POSIX sendto ===
[SEDP-RACE-RUN35] host_utc=2026-09-28T09:04:24.974+00:00 host_mono_ns=2345284164725050 
[SEDP-RACE-RUN35] host_utc=2026-09-28T09:04:24.974+00:00 host_mono_ns=2345284164732404 === DEBUG [lwip-posix]: recvfrom received packet of len 52! Bypassing to pcb->recv ===
[SEDP-RACE-RUN35] host_utc=2026-09-28T09:04:24.974+00:00 host_mono_ns=2345284164737544 
[SEDP-RACE-RUN35] host_utc=2026-09-28T09:04:24.974+00:00 host_mono_ns=2345284164743034 === DEBUG [lwip-posix]: udp_sendto called! Bypassing to POSIX sendto ===
[SEDP-RACE-RUN35] host_utc=2026-09-28T09:04:24.974+00:00 host_mono_ns=2345284165016761 
[SEDP-RACE-RUN35] host_utc=2026-09-28T09:04:24.974+00:00 host_mono_ns=2345284165029285 === DEBUG [lwip-posix]: recvfrom received packet of len 52! Bypassing to pcb->recv ===
[SEDP-RACE-RUN35] host_utc=2026-09-28T09:04:24.974+00:00 host_mono_ns=2345284165034705 
[SEDP-RACE-RUN35] host_utc=2026-09-28T09:04:24.974+00:00 host_mono_ns=2345284165039274 === DEBUG [lwip-posix]: udp_sendto called! Bypassing to POSIX sendto ===
[SEDP-RACE-RUN35] host_utc=2026-09-28T09:04:24.974+00:00 host_mono_ns=2345284165043863 
[SEDP-RACE-RUN35] host_utc=2026-09-28T09:04:24.974+00:00 host_mono_ns=2345284165056877 === DEBUG [lwip-posix]: recvfrom received packet of len 52! Bypassing to pcb->recv ===
[SEDP-RACE-RUN35] host_utc=2026-09-28T09:04:24.974+00:00 host_mono_ns=2345284165083568 
[SEDP-RACE-RUN35] host_utc=2026-09-28T09:04:24.974+00:00 host_mono_ns=2345284165093747 === DEBUG [lwip-posix]: udp_sendto called! Bypassing to POSIX sendto ===
[SEDP-RACE-RUN35] host_utc=2026-09-28T09:04:24.975+00:00 host_mono_ns=2345284165186552 
[SEDP-RACE-RUN35] host_utc=2026-09-28T09:04:24.975+00:00 host_mono_ns=2345284165193816 === DEBUG [lwip-posix]: recvfrom received packet of len 52! Bypassing to pcb->recv ===
[SEDP-RACE-RUN35] host_utc=2026-09-28T09:04:24.975+00:00 host_mono_ns=2345284165200128 
[SEDP-RACE-RUN35] host_utc=2026-09-28T09:04:24.975+00:00 host_mono_ns=2345284165206360 === DEBUG [lwip-posix]: udp_sendto called! Bypassing to POSIX sendto ===
[SEDP-RACE-RUN35] host_utc=2026-09-28T09:04:24.975+00:00 host_mono_ns=2345284165222661 
[SEDP-RACE-RUN35] host_utc=2026-09-28T09:04:24.975+00:00 host_mono_ns=2345284165227730 === DEBUG [lwip-posix]: recvfrom received packet of len 52! Bypassing to pcb->recv ===
[SEDP-RACE-RUN35] host_utc=2026-09-28T09:04:24.975+00:00 host_mono_ns=2345284165232319 
[SEDP-RACE-RUN35] host_utc=2026-09-28T09:04:24.975+00:00 host_mono_ns=2345284165239172 === DEBUG [lwip-posix]: udp_sendto called! Bypassing to POSIX sendto ===
[SEDP-RACE-RUN35] host_utc=2026-09-28T09:04:24.975+00:00 host_mono_ns=2345284165493993 
[SEDP-RACE-RUN35] host_utc=2026-09-28T09:04:24.975+00:00 host_mono_ns=2345284165500856 === DEBUG [lwip-posix]: recvfrom received packet of len 52! Bypassing to pcb->recv ===
[SEDP-RACE-RUN35] host_utc=2026-09-28T09:04:24.975+00:00 host_mono_ns=2345284165505715 
[SEDP-RACE-RUN35] host_utc=2026-09-28T09:04:24.975+00:00 host_mono_ns=2345284165510094 === DEBUG [lwip-posix]: udp_sendto called! Bypassing to POSIX sendto ===
[SEDP-RACE-RUN35] host_utc=2026-09-28T09:04:24.975+00:00 host_mono_ns=2345284165543677 
[SEDP-RACE-RUN35] host_utc=2026-09-28T09:04:24.975+00:00 host_mono_ns=2345284165551452 === DEBUG [lwip-posix]: recvfrom received packet of len 52! Bypassing to pcb->recv ===
[SEDP-RACE-RUN35] host_utc=2026-09-28T09:04:24.975+00:00 host_mono_ns=2345284165557954 
[SEDP-RACE-RUN35] host_utc=2026-09-28T09:04:24.975+00:00 host_mono_ns=2345284165562473 === DEBUG [lwip-posix]: udp_sendto called! Bypassing to POSIX sendto ===
[SEDP-RACE-RUN35] host_utc=2026-09-28T09:04:24.975+00:00 host_mono_ns=2345284165755046 
[SEDP-RACE-RUN35] host_utc=2026-09-28T09:04:24.975+00:00 host_mono_ns=2345284165766007 === DEBUG [lwip-posix]: recvfrom received packet of len 52! Bypassing to pcb->recv ===
[SEDP-RACE-RUN35] host_utc=2026-09-28T09:04:24.975+00:00 host_mono_ns=2345284165773000 
[SEDP-RACE-RUN35] host_utc=2026-09-28T09:04:24.975+00:00 host_mono_ns=2345284165779442 === DEBUG [lwip-posix]: udp_sendto called! Bypassing to POSIX sendto ===
[SEDP-RACE-RUN35] host_utc=2026-09-28T09:04:24.975+00:00 host_mono_ns=2345284165819137 
[SEDP-RACE-RUN35] host_utc=2026-09-28T09:04:24.975+00:00 host_mono_ns=2345284165831441 === DEBUG [lwip-posix]: recvfrom received packet of len 52! Bypassing to pcb->recv ===
[SEDP-RACE-RUN35] host_utc=2026-09-28T09:04:24.975+00:00 host_mono_ns=2345284165839566 
[SEDP-RACE-RUN35] host_utc=2026-09-28T09:04:24.975+00:00 host_mono_ns=2345284165846730 === DEBUG [lwip-posix]: udp_sendto called! Bypassing to POSIX sendto ===
[SEDP-RACE-RUN35] host_utc=2026-09-28T09:04:24.975+00:00 host_mono_ns=2345284165965845 
[SEDP-RACE-RUN35] host_utc=2026-09-28T09:04:24.975+00:00 host_mono_ns=2345284165975673 === DEBUG [lwip-posix]: recvfrom received packet of len 52! Bypassing to pcb->recv ===
[SEDP-RACE-RUN35] host_utc=2026-09-28T09:04:24.975+00:00 host_mono_ns=2345284165982917 
[SEDP-RACE-RUN35] host_utc=2026-09-28T09:04:24.975+00:00 host_mono_ns=2345284165989670 === DEBUG [lwip-posix]: udp_sendto called! Bypassing to POSIX sendto ===
[SEDP-RACE-RUN35] host_utc=2026-09-28T09:04:24.975+00:00 host_mono_ns=2345284166087585 
[SEDP-RACE-RUN35] host_utc=2026-09-28T09:04:24.975+00:00 host_mono_ns=2345284166104557 === DEBUG [lwip-posix]: recvfrom received packet of len 52! Bypassing to pcb->recv ===
[SEDP-RACE-RUN35] host_utc=2026-09-28T09:04:24.975+00:00 host_mono_ns=2345284166109696 
[SEDP-RACE-RUN35] host_utc=2026-09-28T09:04:24.975+00:00 host_mono_ns=2345284166114736 === DEBUG [lwip-posix]: udp_sendto called! Bypassing to POSIX sendto ===
[SEDP-RACE-RUN35] host_utc=2026-09-28T09:04:24.976+00:00 host_mono_ns=2345284166267885 
[SEDP-RACE-RUN35] host_utc=2026-09-28T09:04:24.976+00:00 host_mono_ns=2345284166286951 === DEBUG [lwip-posix]: recvfrom received packet of len 52! Bypassing to pcb->recv ===
[SEDP-RACE-RUN35] host_utc=2026-09-28T09:04:24.976+00:00 host_mono_ns=2345284166299595 
[SEDP-RACE-RUN35] host_utc=2026-09-28T09:04:24.976+00:00 host_mono_ns=2345284166314273 === DEBUG [lwip-posix]: udp_sendto called! Bypassing to POSIX sendto ===
[SEDP-RACE-RUN35] host_utc=2026-09-28T09:04:24.976+00:00 host_mono_ns=2345284166324632 
[SEDP-RACE-RUN35] host_utc=2026-09-28T09:04:24.976+00:00 host_mono_ns=2345284166335353 === DEBUG [lwip-posix]: recvfrom received packet of len 52! Bypassing to pcb->recv ===
[SEDP-RACE-RUN35] host_utc=2026-09-28T09:04:24.976+00:00 host_mono_ns=2345284166346454 
[SEDP-RACE-RUN35] host_utc=2026-09-28T09:04:24.976+00:00 host_mono_ns=2345284166357184 === DEBUG [lwip-posix]: udp_sendto called! Bypassing to POSIX sendto ===
[SEDP-RACE-RUN35] host_utc=2026-09-28T09:04:24.976+00:00 host_mono_ns=2345284166483302 
[SEDP-RACE-RUN35] host_utc=2026-09-28T09:04:24.976+00:00 host_mono_ns=2345284166490866 === DEBUG [lwip-posix]: recvfrom received packet of len 52! Bypassing to pcb->recv ===
[SEDP-RACE-RUN35] host_utc=2026-09-28T09:04:24.976+00:00 host_mono_ns=2345284166509441 
[SEDP-RACE-RUN35] host_utc=2026-09-28T09:04:24.976+00:00 host_mono_ns=2345284166514291 === DEBUG [lwip-posix]: udp_sendto called! Bypassing to POSIX sendto ===
[SEDP-RACE-RUN35] host_utc=2026-09-28T09:04:24.976+00:00 host_mono_ns=2345284166518769 
[SEDP-RACE-RUN35] host_utc=2026-09-28T09:04:24.976+00:00 host_mono_ns=2345284166523107 === DEBUG [lwip-posix]: recvfrom received packet of len 52! Bypassing to pcb->recv ===
[SEDP-RACE-RUN35] host_utc=2026-09-28T09:04:24.976+00:00 host_mono_ns=2345284166527536 
[SEDP-RACE-RUN35] host_utc=2026-09-28T09:04:24.976+00:00 host_mono_ns=2345284166534389 === DEBUG [lwip-posix]: udp_sendto called! Bypassing to POSIX sendto ===
[SEDP-RACE-RUN35] host_utc=2026-09-28T09:04:24.976+00:00 host_mono_ns=2345284166733655 
[SEDP-RACE-RUN35] host_utc=2026-09-28T09:04:24.976+00:00 host_mono_ns=2345284166751839 === DEBUG [lwip-posix]: recvfrom received packet of len 52! Bypassing to pcb->recv ===
[SEDP-RACE-RUN35] host_utc=2026-09-28T09:04:24.976+00:00 host_mono_ns=2345284166763912 
[SEDP-RACE-RUN35] host_utc=2026-09-28T09:04:24.976+00:00 host_mono_ns=2345284166773981 === DEBUG [lwip-posix]: recvfrom received packet of len 52! Bypassing to pcb->recv ===
[SEDP-RACE-RUN35] host_utc=2026-09-28T09:04:24.976+00:00 host_mono_ns=2345284166784341 
[SEDP-RACE-RUN35] host_utc=2026-09-28T09:04:24.976+00:00 host_mono_ns=2345284166795081 === DEBUG [lwip-posix]: udp_sendto called! Bypassing to POSIX sendto ===
[SEDP-RACE-RUN35] host_utc=2026-09-28T09:04:24.976+00:00 host_mono_ns=2345284166805851 
[SEDP-RACE-RUN35] host_utc=2026-09-28T09:04:24.976+00:00 host_mono_ns=2345284166816471 === DEBUG [lwip-posix]: udp_sendto called! Bypassing to POSIX sendto ===
[SEDP-RACE-RUN35] host_utc=2026-09-28T09:04:24.976+00:00 host_mono_ns=2345284166875302 
[SEDP-RACE-RUN35] host_utc=2026-09-28T09:04:24.976+00:00 host_mono_ns=2345284166885983 === DEBUG [lwip-posix]: recvfrom received packet of len 52! Bypassing to pcb->recv ===
[SEDP-RACE-RUN35] host_utc=2026-09-28T09:04:24.976+00:00 host_mono_ns=2345284166891343 
[SEDP-RACE-RUN35] host_utc=2026-09-28T09:04:24.976+00:00 host_mono_ns=2345284166895821 === DEBUG [lwip-posix]: udp_sendto called! Bypassing to POSIX sendto ===
[SEDP-RACE-RUN35] host_utc=2026-09-28T09:04:24.976+00:00 host_mono_ns=2345284166903265 
[SEDP-RACE-RUN35] host_utc=2026-09-28T09:04:24.976+00:00 host_mono_ns=2345284166907754 === DEBUG [lwip-posix]: recvfrom received packet of len 52! Bypassing to pcb->recv ===
[SEDP-RACE-RUN35] host_utc=2026-09-28T09:04:24.976+00:00 host_mono_ns=2345284166918374 
[SEDP-RACE-RUN35] host_utc=2026-09-28T09:04:24.976+00:00 host_mono_ns=2345284166922722 === DEBUG [lwip-posix]: udp_sendto called! Bypassing to POSIX sendto ===
[SEDP-RACE-RUN35] host_utc=2026-09-28T09:04:24.976+00:00 host_mono_ns=2345284167128902 
[SEDP-RACE-RUN35] host_utc=2026-09-28T09:04:24.976+00:00 host_mono_ns=2345284167143048 === DEBUG [lwip-posix]: recvfrom received packet of len 52! Bypassing to pcb->recv ===
[SEDP-RACE-RUN35] host_utc=2026-09-28T09:04:24.976+00:00 host_mono_ns=2345284167150282 
[SEDP-RACE-RUN35] host_utc=2026-09-28T09:04:24.976+00:00 host_mono_ns=2345284167156614 === DEBUG [lwip-posix]: udp_sendto called! Bypassing to POSIX sendto ===
[SEDP-RACE-RUN35] host_utc=2026-09-28T09:04:24.977+00:00 host_mono_ns=2345284167181551 
[SEDP-RACE-RUN35] host_utc=2026-09-28T09:04:24.977+00:00 host_mono_ns=2345284167188865 === DEBUG [lwip-posix]: recvfrom received packet of len 52! Bypassing to pcb->recv ===
[SEDP-RACE-RUN35] host_utc=2026-09-28T09:04:24.977+00:00 host_mono_ns=2345284167195317 
[SEDP-RACE-RUN35] host_utc=2026-09-28T09:04:24.977+00:00 host_mono_ns=2345284167201108 === DEBUG [lwip-posix]: udp_sendto called! Bypassing to POSIX sendto ===
[SEDP-RACE-RUN35] host_utc=2026-09-28T09:04:24.977+00:00 host_mono_ns=2345284167411105 
[SEDP-RACE-RUN35] host_utc=2026-09-28T09:04:24.977+00:00 host_mono_ns=2345284167426093 === DEBUG [lwip-posix]: recvfrom received packet of len 52! Bypassing to pcb->recv ===
[SEDP-RACE-RUN35] host_utc=2026-09-28T09:04:24.977+00:00 host_mono_ns=2345284167433878 
[SEDP-RACE-RUN35] host_utc=2026-09-28T09:04:24.977+00:00 host_mono_ns=2345284167440220 === DEBUG [lwip-posix]: udp_sendto called! Bypassing to POSIX sendto ===
[SEDP-RACE-RUN35] host_utc=2026-09-28T09:04:24.977+00:00 host_mono_ns=2345284167507707 
[SEDP-RACE-RUN35] host_utc=2026-09-28T09:04:24.977+00:00 host_mono_ns=2345284167526282 === DEBUG [lwip-posix]: recvfrom received packet of len 52! Bypassing to pcb->recv ===
[SEDP-RACE-RUN35] host_utc=2026-09-28T09:04:24.977+00:00 host_mono_ns=2345284167537003 
[SEDP-RACE-RUN35] host_utc=2026-09-28T09:04:24.977+00:00 host_mono_ns=2345284167543835 === DEBUG [lwip-posix]: udp_sendto called! Bypassing to POSIX sendto ===
[SEDP-RACE-RUN35] host_utc=2026-09-28T09:04:24.977+00:00 host_mono_ns=2345284167824576 
[SEDP-RACE-RUN35] host_utc=2026-09-28T09:04:24.977+00:00 host_mono_ns=2345284167840907 === DEBUG [lwip-posix]: recvfrom received packet of len 52! Bypassing to pcb->recv ===
[SEDP-RACE-RUN35] host_utc=2026-09-28T09:04:24.977+00:00 host_mono_ns=2345284167851577 
[SEDP-RACE-RUN35] host_utc=2026-09-28T09:04:24.977+00:00 host_mono_ns=2345284167862367 === DEBUG [lwip-posix]: udp_sendto called! Bypassing to POSIX sendto ===
[SEDP-RACE-RUN35] host_utc=2026-09-28T09:04:24.977+00:00 host_mono_ns=2345284167883968 
[SEDP-RACE-RUN35] host_utc=2026-09-28T09:04:24.977+00:00 host_mono_ns=2345284167895109 === DEBUG [lwip-posix]: recvfrom received packet of len 52! Bypassing to pcb->recv ===
[SEDP-RACE-RUN35] host_utc=2026-09-28T09:04:24.977+00:00 host_mono_ns=2345284167905689 
[SEDP-RACE-RUN35] host_utc=2026-09-28T09:04:24.977+00:00 host_mono_ns=2345284167916099 === DEBUG [lwip-posix]: udp_sendto called! Bypassing to POSIX sendto ===
[SEDP-RACE-RUN35] host_utc=2026-09-28T09:04:24.977+00:00 host_mono_ns=2345284168108873 
[SEDP-RACE-RUN35] host_utc=2026-09-28T09:04:24.977+00:00 host_mono_ns=2345284168119834 === DEBUG [lwip-posix]: recvfrom received packet of len 52! Bypassing to pcb->recv ===
[SEDP-RACE-RUN35] host_utc=2026-09-28T09:04:24.977+00:00 host_mono_ns=2345284168126226 
[SEDP-RACE-RUN35] host_utc=2026-09-28T09:04:24.977+00:00 host_mono_ns=2345284168132357 === DEBUG [lwip-posix]: udp_sendto called! Bypassing to POSIX sendto ===
[SEDP-RACE-RUN35] host_utc=2026-09-28T09:04:24.978+00:00 host_mono_ns=2345284168185979 
[SEDP-RACE-RUN35] host_utc=2026-09-28T09:04:24.978+00:00 host_mono_ns=2345284168197020 === DEBUG [lwip-posix]: recvfrom received packet of len 52! Bypassing to pcb->recv ===
[SEDP-RACE-RUN35] host_utc=2026-09-28T09:04:24.978+00:00 host_mono_ns=2345284168209042 
[SEDP-RACE-RUN35] host_utc=2026-09-28T09:04:24.978+00:00 host_mono_ns=2345284168214202 === DEBUG [lwip-posix]: udp_sendto called! Bypassing to POSIX sendto ===
[SEDP-RACE-RUN35] host_utc=2026-09-28T09:04:24.978+00:00 host_mono_ns=2345284168406135 
[SEDP-RACE-RUN35] host_utc=2026-09-28T09:04:24.978+00:00 host_mono_ns=2345284168423778 === DEBUG [lwip-posix]: recvfrom received packet of len 52! Bypassing to pcb->recv ===
[SEDP-RACE-RUN35] host_utc=2026-09-28T09:04:24.978+00:00 host_mono_ns=2345284168436241 
[SEDP-RACE-RUN35] host_utc=2026-09-28T09:04:24.978+00:00 host_mono_ns=2345284168451100 === DEBUG [lwip-posix]: udp_sendto called! Bypassing to POSIX sendto ===
[SEDP-RACE-RUN35] host_utc=2026-09-28T09:04:24.978+00:00 host_mono_ns=2345284168470065 
[SEDP-RACE-RUN35] host_utc=2026-09-28T09:04:24.978+00:00 host_mono_ns=2345284168480826 === DEBUG [lwip-posix]: recvfrom received packet of len 52! Bypassing to pcb->recv ===
[SEDP-RACE-RUN35] host_utc=2026-09-28T09:04:24.978+00:00 host_mono_ns=2345284168491907 
[SEDP-RACE-RUN35] host_utc=2026-09-28T09:04:24.978+00:00 host_mono_ns=2345284168502487 === DEBUG [lwip-posix]: udp_sendto called! Bypassing to POSIX sendto ===
[SEDP-RACE-RUN35] host_utc=2026-09-28T09:04:24.978+00:00 host_mono_ns=2345284168848180 
[SEDP-RACE-RUN35] host_utc=2026-09-28T09:04:24.978+00:00 host_mono_ns=2345284168864350 === DEBUG [lwip-posix]: recvfrom received packet of len 52! Bypassing to pcb->recv ===
[SEDP-RACE-RUN35] host_utc=2026-09-28T09:04:24.978+00:00 host_mono_ns=2345284168872736 
[SEDP-RACE-RUN35] host_utc=2026-09-28T09:04:24.978+00:00 host_mono_ns=2345284168879499 === DEBUG [lwip-posix]: udp_sendto called! Bypassing to POSIX sendto ===
[SEDP-RACE-RUN35] host_utc=2026-09-28T09:04:24.978+00:00 host_mono_ns=2345284168886141 
[SEDP-RACE-RUN35] host_utc=2026-09-28T09:04:24.978+00:00 host_mono_ns=2345284168892584 === DEBUG [lwip-posix]: recvfrom received packet of len 52! Bypassing to pcb->recv ===
[SEDP-RACE-RUN35] host_utc=2026-09-28T09:04:24.978+00:00 host_mono_ns=2345284168899086 
[SEDP-RACE-RUN35] host_utc=2026-09-28T09:04:24.978+00:00 host_mono_ns=2345284168905478 === DEBUG [lwip-posix]: udp_sendto called! Bypassing to POSIX sendto ===
[SEDP-RACE-RUN35] host_utc=2026-09-28T09:04:24.978+00:00 host_mono_ns=2345284169135372 
[SEDP-RACE-RUN35] host_utc=2026-09-28T09:04:24.978+00:00 host_mono_ns=2345284169149118 === DEBUG [lwip-posix]: recvfrom received packet of len 52! Bypassing to pcb->recv ===
[SEDP-RACE-RUN35] host_utc=2026-09-28T09:04:24.978+00:00 host_mono_ns=2345284169156152 
[SEDP-RACE-RUN35] host_utc=2026-09-28T09:04:24.978+00:00 host_mono_ns=2345284169162323 === DEBUG [lwip-posix]: udp_sendto called! Bypassing to POSIX sendto ===
[SEDP-RACE-RUN35] host_utc=2026-09-28T09:04:24.979+00:00 host_mono_ns=2345284169168715 
[SEDP-RACE-RUN35] host_utc=2026-09-28T09:04:24.979+00:00 host_mono_ns=2345284169174937 === DEBUG [lwip-posix]: recvfrom received packet of len 52! Bypassing to pcb->recv ===
[SEDP-RACE-RUN35] host_utc=2026-09-28T09:04:24.979+00:00 host_mono_ns=2345284169185126 
[SEDP-RACE-RUN35] host_utc=2026-09-28T09:04:24.979+00:00 host_mono_ns=2345284169191438 === DEBUG [lwip-posix]: udp_sendto called! Bypassing to POSIX sendto ===
[SEDP-RACE-RUN35] host_utc=2026-09-28T09:04:24.979+00:00 host_mono_ns=2345284169443975 
[SEDP-RACE-RUN35] host_utc=2026-09-28T09:04:24.979+00:00 host_mono_ns=2345284169453894 === DEBUG [lwip-posix]: recvfrom received packet of len 52! Bypassing to pcb->recv ===
[SEDP-RACE-RUN35] host_utc=2026-09-28T09:04:24.979+00:00 host_mono_ns=2345284169460777 
[SEDP-RACE-RUN35] host_utc=2026-09-28T09:04:24.979+00:00 host_mono_ns=2345284169467049 === DEBUG [lwip-posix]: udp_sendto called! Bypassing to POSIX sendto ===
[SEDP-RACE-RUN35] host_utc=2026-09-28T09:04:24.979+00:00 host_mono_ns=2345284169498268 
[SEDP-RACE-RUN35] host_utc=2026-09-28T09:04:24.979+00:00 host_mono_ns=2345284169505351 === DEBUG [lwip-posix]: recvfrom received packet of len 52! Bypassing to pcb->recv ===
[SEDP-RACE-RUN35] host_utc=2026-09-28T09:04:24.979+00:00 host_mono_ns=2345284169519198 
[SEDP-RACE-RUN35] host_utc=2026-09-28T09:04:24.979+00:00 host_mono_ns=2345284169525399 === DEBUG [lwip-posix]: udp_sendto called! Bypassing to POSIX sendto ===
[SEDP-RACE-RUN35] host_utc=2026-09-28T09:04:24.979+00:00 host_mono_ns=2345284169683157 
[SEDP-RACE-RUN35] host_utc=2026-09-28T09:04:24.979+00:00 host_mono_ns=2345284169701722 === DEBUG [lwip-posix]: recvfrom received packet of len 52! Bypassing to pcb->recv ===
[SEDP-RACE-RUN35] host_utc=2026-09-28T09:04:24.979+00:00 host_mono_ns=2345284169713885 
[SEDP-RACE-RUN35] host_utc=2026-09-28T09:04:24.979+00:00 host_mono_ns=2345284169724646 === DEBUG [lwip-posix]: udp_sendto called! Bypassing to POSIX sendto ===
[SEDP-RACE-RUN35] host_utc=2026-09-28T09:04:24.979+00:00 host_mono_ns=2345284169742129 
[SEDP-RACE-RUN35] host_utc=2026-09-28T09:04:24.979+00:00 host_mono_ns=2345284169753971 === DEBUG [lwip-posix]: recvfrom received packet of len 52! Bypassing to pcb->recv ===
[SEDP-RACE-RUN35] host_utc=2026-09-28T09:04:24.979+00:00 host_mono_ns=2345284169764952 
[SEDP-RACE-RUN35] host_utc=2026-09-28T09:04:24.979+00:00 host_mono_ns=2345284169775422 === DEBUG [lwip-posix]: udp_sendto called! Bypassing to POSIX sendto ===
[SEDP-RACE-RUN35] host_utc=2026-09-28T09:04:24.979+00:00 host_mono_ns=2345284169856174 
[SEDP-RACE-RUN35] host_utc=2026-09-28T09:04:24.979+00:00 host_mono_ns=2345284169867946 === DEBUG [lwip-posix]: recvfrom received packet of len 52! Bypassing to pcb->recv ===
[SEDP-RACE-RUN35] host_utc=2026-09-28T09:04:24.979+00:00 host_mono_ns=2345284169875250 
[SEDP-RACE-RUN35] host_utc=2026-09-28T09:04:24.979+00:00 host_mono_ns=2345284169882213 === DEBUG [lwip-posix]: udp_sendto called! Bypassing to POSIX sendto ===
[SEDP-RACE-RUN35] host_utc=2026-09-28T09:04:24.979+00:00 host_mono_ns=2345284169892373 
[SEDP-RACE-RUN35] host_utc=2026-09-28T09:04:24.979+00:00 host_mono_ns=2345284169899466 === DEBUG [lwip-posix]: recvfrom received packet of len 52! Bypassing to pcb->recv ===
[SEDP-RACE-RUN35] host_utc=2026-09-28T09:04:24.979+00:00 host_mono_ns=2345284169906369 
[SEDP-RACE-RUN35] host_utc=2026-09-28T09:04:24.979+00:00 host_mono_ns=2345284169912891 === DEBUG [lwip-posix]: udp_sendto called! Bypassing to POSIX sendto ===
[SEDP-RACE-RUN35] host_utc=2026-09-28T09:04:24.980+00:00 host_mono_ns=2345284170268814 
[SEDP-RACE-RUN35] host_utc=2026-09-28T09:04:24.980+00:00 host_mono_ns=2345284170282450 === DEBUG [lwip-posix]: recvfrom received packet of len 52! Bypassing to pcb->recv ===
[SEDP-RACE-RUN35] host_utc=2026-09-28T09:04:24.980+00:00 host_mono_ns=2345284170287639 
[SEDP-RACE-RUN35] host_utc=2026-09-28T09:04:24.980+00:00 host_mono_ns=2345284170292068 === DEBUG [lwip-posix]: udp_sendto called! Bypassing to POSIX sendto ===
[SEDP-RACE-RUN35] host_utc=2026-09-28T09:04:24.980+00:00 host_mono_ns=2345284170299281 
[SEDP-RACE-RUN35] host_utc=2026-09-28T09:04:24.980+00:00 host_mono_ns=2345284170303750 === DEBUG [lwip-posix]: recvfrom received packet of len 52! Bypassing to pcb->recv ===
[SEDP-RACE-RUN35] host_utc=2026-09-28T09:04:24.980+00:00 host_mono_ns=2345284170308158 
[SEDP-RACE-RUN35] host_utc=2026-09-28T09:04:24.980+00:00 host_mono_ns=2345284170312416 === DEBUG [lwip-posix]: udp_sendto called! Bypassing to POSIX sendto ===
[SEDP-RACE-RUN35] host_utc=2026-09-28T09:04:24.980+00:00 host_mono_ns=2345284170565174 
[SEDP-RACE-RUN35] host_utc=2026-09-28T09:04:24.980+00:00 host_mono_ns=2345284170572558 === DEBUG [lwip-posix]: recvfrom received packet of len 52! Bypassing to pcb->recv ===
[SEDP-RACE-RUN35] host_utc=2026-09-28T09:04:24.980+00:00 host_mono_ns=2345284170577747 
[SEDP-RACE-RUN35] host_utc=2026-09-28T09:04:24.980+00:00 host_mono_ns=2345284170584781 === DEBUG [lwip-posix]: udp_sendto called! Bypassing to POSIX sendto ===
[SEDP-RACE-RUN35] host_utc=2026-09-28T09:04:24.980+00:00 host_mono_ns=2345284170627762 
[SEDP-RACE-RUN35] host_utc=2026-09-28T09:04:24.980+00:00 host_mono_ns=2345284170632381 === DEBUG [lwip-posix]: recvfrom received packet of len 52! Bypassing to pcb->recv ===
[SEDP-RACE-RUN35] host_utc=2026-09-28T09:04:24.980+00:00 host_mono_ns=2345284170643411 
[SEDP-RACE-RUN35] host_utc=2026-09-28T09:04:24.980+00:00 host_mono_ns=2345284170647760 === DEBUG [lwip-posix]: udp_sendto called! Bypassing to POSIX sendto ===
[SEDP-RACE-RUN35] host_utc=2026-09-28T09:04:24.980+00:00 host_mono_ns=2345284170877213 
[SEDP-RACE-RUN35] host_utc=2026-09-28T09:04:24.980+00:00 host_mono_ns=2345284170886902 === DEBUG [lwip-posix]: recvfrom received packet of len 52! Bypassing to pcb->recv ===
[SEDP-RACE-RUN35] host_utc=2026-09-28T09:04:24.980+00:00 host_mono_ns=2345284170891761 
[SEDP-RACE-RUN35] host_utc=2026-09-28T09:04:24.980+00:00 host_mono_ns=2345284170896149 === DEBUG [lwip-posix]: udp_sendto called! Bypassing to POSIX sendto ===
[SEDP-RACE-RUN35] host_utc=2026-09-28T09:04:24.980+00:00 host_mono_ns=2345284170927749 
[SEDP-RACE-RUN35] host_utc=2026-09-28T09:04:24.980+00:00 host_mono_ns=2345284170932387 === DEBUG [lwip-posix]: recvfrom received packet of len 52! Bypassing to pcb->recv ===
[SEDP-RACE-RUN35] host_utc=2026-09-28T09:04:24.980+00:00 host_mono_ns=2345284170936936 
[SEDP-RACE-RUN35] host_utc=2026-09-28T09:04:24.980+00:00 host_mono_ns=2345284170941244 === DEBUG [lwip-posix]: udp_sendto called! Bypassing to POSIX sendto ===
[SEDP-RACE-RUN35] host_utc=2026-09-28T09:04:24.981+00:00 host_mono_ns=2345284171172160 
[SEDP-RACE-RUN35] host_utc=2026-09-28T09:04:24.981+00:00 host_mono_ns=2345284171184804 === DEBUG [lwip-posix]: recvfrom received packet of len 52! Bypassing to pcb->recv ===
[SEDP-RACE-RUN35] host_utc=2026-09-28T09:04:24.981+00:00 host_mono_ns=2345284171189724 
[SEDP-RACE-RUN35] host_utc=2026-09-28T09:04:24.981+00:00 host_mono_ns=2345284171194092 === DEBUG [lwip-posix]: udp_sendto called! Bypassing to POSIX sendto ===
[SEDP-RACE-RUN35] host_utc=2026-09-28T09:04:24.981+00:00 host_mono_ns=2345284171300934 
[SEDP-RACE-RUN35] host_utc=2026-09-28T09:04:24.981+00:00 host_mono_ns=2345284171305573 === DEBUG [lwip-posix]: recvfrom received packet of len 52! Bypassing to pcb->recv ===
[SEDP-RACE-RUN35] host_utc=2026-09-28T09:04:24.981+00:00 host_mono_ns=2345284171309991 
[SEDP-RACE-RUN35] host_utc=2026-09-28T09:04:24.981+00:00 host_mono_ns=2345284171314730 === DEBUG [lwip-posix]: udp_sendto called! Bypassing to POSIX sendto ===
[SEDP-RACE-RUN35] host_utc=2026-09-28T09:04:24.981+00:00 host_mono_ns=2345284171407345 
[SEDP-RACE-RUN35] host_utc=2026-09-28T09:04:24.981+00:00 host_mono_ns=2345284171417023 === DEBUG [lwip-posix]: recvfrom received packet of len 52! Bypassing to pcb->recv ===
[SEDP-RACE-RUN35] host_utc=2026-09-28T09:04:24.981+00:00 host_mono_ns=2345284171421832 
[SEDP-RACE-RUN35] host_utc=2026-09-28T09:04:24.981+00:00 host_mono_ns=2345284171426250 === DEBUG [lwip-posix]: udp_sendto called! Bypassing to POSIX sendto ===
[SEDP-RACE-RUN35] host_utc=2026-09-28T09:04:24.981+00:00 host_mono_ns=2345284171540597 
[SEDP-RACE-RUN35] host_utc=2026-09-28T09:04:24.981+00:00 host_mono_ns=2345284171552519 === DEBUG [lwip-posix]: recvfrom received packet of len 52! Bypassing to pcb->recv ===
[SEDP-RACE-RUN35] host_utc=2026-09-28T09:04:24.981+00:00 host_mono_ns=2345284171560043 
[SEDP-RACE-RUN35] host_utc=2026-09-28T09:04:24.981+00:00 host_mono_ns=2345284171566365 === DEBUG [lwip-posix]: udp_sendto called! Bypassing to POSIX sendto ===
[SEDP-RACE-RUN35] host_utc=2026-09-28T09:04:24.981+00:00 host_mono_ns=2345284171688696 
[SEDP-RACE-RUN35] host_utc=2026-09-28T09:04:24.981+00:00 host_mono_ns=2345284171695930 === DEBUG [lwip-posix]: recvfrom received packet of len 52! Bypassing to pcb->recv ===
[SEDP-RACE-RUN35] host_utc=2026-09-28T09:04:24.981+00:00 host_mono_ns=2345284171702082 
[SEDP-RACE-RUN35] host_utc=2026-09-28T09:04:24.981+00:00 host_mono_ns=2345284171708153 === DEBUG [lwip-posix]: udp_sendto called! Bypassing to POSIX sendto ===
[SEDP-RACE-RUN35] host_utc=2026-09-28T09:04:24.981+00:00 host_mono_ns=2345284171750573 
[SEDP-RACE-RUN35] host_utc=2026-09-28T09:04:24.981+00:00 host_mono_ns=2345284171755833 === DEBUG [lwip-posix]: recvfrom received packet of len 52! Bypassing to pcb->recv ===
[SEDP-RACE-RUN35] host_utc=2026-09-28T09:04:24.981+00:00 host_mono_ns=2345284171766904 
[SEDP-RACE-RUN35] host_utc=2026-09-28T09:04:24.981+00:00 host_mono_ns=2345284171771403 === DEBUG [lwip-posix]: udp_sendto called! Bypassing to POSIX sendto ===
[SEDP-RACE-RUN35] host_utc=2026-09-28T09:04:24.981+00:00 host_mono_ns=2345284171948227 
[SEDP-RACE-RUN35] host_utc=2026-09-28T09:04:24.981+00:00 host_mono_ns=2345284171957063 === DEBUG [lwip-posix]: recvfrom received packet of len 52! Bypassing to pcb->recv ===
[SEDP-RACE-RUN35] host_utc=2026-09-28T09:04:24.981+00:00 host_mono_ns=2345284171962624 
[SEDP-RACE-RUN35] host_utc=2026-09-28T09:04:24.981+00:00 host_mono_ns=2345284171967062 === DEBUG [lwip-posix]: udp_sendto called! Bypassing to POSIX sendto ===
[SEDP-RACE-RUN35] host_utc=2026-09-28T09:04:24.981+00:00 host_mono_ns=2345284172026004 
[SEDP-RACE-RUN35] host_utc=2026-09-28T09:04:24.981+00:00 host_mono_ns=2345284172034700 === DEBUG [lwip-posix]: recvfrom received packet of len 52! Bypassing to pcb->recv ===
[SEDP-RACE-RUN35] host_utc=2026-09-28T09:04:24.981+00:00 host_mono_ns=2345284172039449 
[SEDP-RACE-RUN35] host_utc=2026-09-28T09:04:24.981+00:00 host_mono_ns=2345284172043757 === DEBUG [lwip-posix]: udp_sendto called! Bypassing to POSIX sendto ===
[SEDP-RACE-RUN35] host_utc=2026-09-28T09:04:24.982+00:00 host_mono_ns=2345284172186647 
[SEDP-RACE-RUN35] host_utc=2026-09-28T09:04:24.982+00:00 host_mono_ns=2345284172195333 === DEBUG [lwip-posix]: recvfrom received packet of len 52! Bypassing to pcb->recv ===
[SEDP-RACE-RUN35] host_utc=2026-09-28T09:04:24.982+00:00 host_mono_ns=2345284172201916 
[SEDP-RACE-RUN35] host_utc=2026-09-28T09:04:24.982+00:00 host_mono_ns=2345284172208037 === DEBUG [lwip-posix]: udp_sendto called! Bypassing to POSIX sendto ===
[SEDP-RACE-RUN35] host_utc=2026-09-28T09:04:24.982+00:00 host_mono_ns=2345284172218046 
[SEDP-RACE-RUN35] host_utc=2026-09-28T09:04:24.982+00:00 host_mono_ns=2345284172224499 === DEBUG [lwip-posix]: recvfrom received packet of len 52! Bypassing to pcb->recv ===
[SEDP-RACE-RUN35] host_utc=2026-09-28T09:04:24.982+00:00 host_mono_ns=2345284172240749 
[SEDP-RACE-RUN35] host_utc=2026-09-28T09:04:24.982+00:00 host_mono_ns=2345284172247532 === DEBUG [lwip-posix]: udp_sendto called! Bypassing to POSIX sendto ===
[SEDP-RACE-RUN35] host_utc=2026-09-28T09:04:24.982+00:00 host_mono_ns=2345284172466846 
[SEDP-RACE-RUN35] host_utc=2026-09-28T09:04:24.982+00:00 host_mono_ns=2345284172476274 === DEBUG [lwip-posix]: recvfrom received packet of len 52! Bypassing to pcb->recv ===
[SEDP-RACE-RUN35] host_utc=2026-09-28T09:04:24.982+00:00 host_mono_ns=2345284172481474 
[SEDP-RACE-RUN35] host_utc=2026-09-28T09:04:24.982+00:00 host_mono_ns=2345284172485942 === DEBUG [lwip-posix]: udp_sendto called! Bypassing to POSIX sendto ===
[SEDP-RACE-RUN35] host_utc=2026-09-28T09:04:24.982+00:00 host_mono_ns=2345284172493296 
[SEDP-RACE-RUN35] host_utc=2026-09-28T09:04:24.982+00:00 host_mono_ns=2345284172497825 === DEBUG [lwip-posix]: recvfrom received packet of len 52! Bypassing to pcb->recv ===
[SEDP-RACE-RUN35] host_utc=2026-09-28T09:04:24.982+00:00 host_mono_ns=2345284172502323 
[SEDP-RACE-RUN35] host_utc=2026-09-28T09:04:24.982+00:00 host_mono_ns=2345284172507673 === DEBUG [lwip-posix]: udp_sendto called! Bypassing to POSIX sendto ===
[SEDP-RACE-RUN35] host_utc=2026-09-28T09:04:24.982+00:00 host_mono_ns=2345284172754520 
[SEDP-RACE-RUN35] host_utc=2026-09-28T09:04:24.982+00:00 host_mono_ns=2345284172763186 === DEBUG [lwip-posix]: recvfrom received packet of len 52! Bypassing to pcb->recv ===
[SEDP-RACE-RUN35] host_utc=2026-09-28T09:04:24.982+00:00 host_mono_ns=2345284172770209 
[SEDP-RACE-RUN35] host_utc=2026-09-28T09:04:24.982+00:00 host_mono_ns=2345284172776531 === DEBUG [lwip-posix]: udp_sendto called! Bypassing to POSIX sendto ===
[SEDP-RACE-RUN35] host_utc=2026-09-28T09:04:24.982+00:00 host_mono_ns=2345284172865930 
[SEDP-RACE-RUN35] host_utc=2026-09-28T09:04:24.982+00:00 host_mono_ns=2345284172877201 === DEBUG [lwip-posix]: recvfrom received packet of len 52! Bypassing to pcb->recv ===
[SEDP-RACE-RUN35] host_utc=2026-09-28T09:04:24.982+00:00 host_mono_ns=2345284172890547 
[SEDP-RACE-RUN35] host_utc=2026-09-28T09:04:24.982+00:00 host_mono_ns=2345284172895957 === DEBUG [lwip-posix]: udp_sendto called! Bypassing to POSIX sendto ===
[SEDP-RACE-RUN35] host_utc=2026-09-28T09:04:24.982+00:00 host_mono_ns=2345284173085274 
[SEDP-RACE-RUN35] host_utc=2026-09-28T09:04:24.982+00:00 host_mono_ns=2345284173094141 === DEBUG [lwip-posix]: recvfrom received packet of len 52! Bypassing to pcb->recv ===
[SEDP-RACE-RUN35] host_utc=2026-09-28T09:04:24.982+00:00 host_mono_ns=2345284173098960 
[SEDP-RACE-RUN35] host_utc=2026-09-28T09:04:24.982+00:00 host_mono_ns=2345284173103268 === DEBUG [lwip-posix]: udp_sendto called! Bypassing to POSIX sendto ===
[SEDP-RACE-RUN35] host_utc=2026-09-28T09:04:24.983+00:00 host_mono_ns=2345284173223746 
[SEDP-RACE-RUN35] host_utc=2026-09-28T09:04:24.983+00:00 host_mono_ns=2345284173230539 === DEBUG [lwip-posix]: recvfrom received packet of len 52! Bypassing to pcb->recv ===
[SEDP-RACE-RUN35] host_utc=2026-09-28T09:04:24.983+00:00 host_mono_ns=2345284173236380 
[SEDP-RACE-RUN35] host_utc=2026-09-28T09:04:24.983+00:00 host_mono_ns=2345284173242351 === DEBUG [lwip-posix]: udp_sendto called! Bypassing to POSIX sendto ===
[SEDP-RACE-RUN35] host_utc=2026-09-28T09:04:24.983+00:00 host_mono_ns=2345284173334666 
[SEDP-RACE-RUN35] host_utc=2026-09-28T09:04:24.983+00:00 host_mono_ns=2345284173341148 === DEBUG [lwip-posix]: recvfrom received packet of len 52! Bypassing to pcb->recv ===
[SEDP-RACE-RUN35] host_utc=2026-09-28T09:04:24.983+00:00 host_mono_ns=2345284173347249 
[SEDP-RACE-RUN35] host_utc=2026-09-28T09:04:24.983+00:00 host_mono_ns=2345284173352089 === DEBUG [lwip-posix]: udp_sendto called! Bypassing to POSIX sendto ===
[SEDP-RACE-RUN35] host_utc=2026-09-28T09:04:24.983+00:00 host_mono_ns=2345284173444784 
[SEDP-RACE-RUN35] host_utc=2026-09-28T09:04:24.983+00:00 host_mono_ns=2345284173454512 === DEBUG [lwip-posix]: recvfrom received packet of len 52! Bypassing to pcb->recv ===
[SEDP-RACE-RUN35] host_utc=2026-09-28T09:04:24.983+00:00 host_mono_ns=2345284173460393 
[SEDP-RACE-RUN35] host_utc=2026-09-28T09:04:24.983+00:00 host_mono_ns=2345284173466435 === DEBUG [lwip-posix]: udp_sendto called! Bypassing to POSIX sendto ===
[SEDP-RACE-RUN35] host_utc=2026-09-28T09:04:24.983+00:00 host_mono_ns=2345284173570682 
[SEDP-RACE-RUN35] host_utc=2026-09-28T09:04:24.983+00:00 host_mono_ns=2345284173580189 === DEBUG [lwip-posix]: recvfrom received packet of len 52! Bypassing to pcb->recv ===
[SEDP-RACE-RUN35] host_utc=2026-09-28T09:04:24.983+00:00 host_mono_ns=2345284173587163 
[SEDP-RACE-RUN35] host_utc=2026-09-28T09:04:24.983+00:00 host_mono_ns=2345284173593885 === DEBUG [lwip-posix]: udp_sendto called! Bypassing to POSIX sendto ===
[SEDP-RACE-RUN35] host_utc=2026-09-28T09:04:24.983+00:00 host_mono_ns=2345284173739961 
[SEDP-RACE-RUN35] host_utc=2026-09-28T09:04:24.983+00:00 host_mono_ns=2345284173749910 === DEBUG [lwip-posix]: recvfrom received packet of len 52! Bypassing to pcb->recv ===
[SEDP-RACE-RUN35] host_utc=2026-09-28T09:04:24.983+00:00 host_mono_ns=2345284173757034 
[SEDP-RACE-RUN35] host_utc=2026-09-28T09:04:24.983+00:00 host_mono_ns=2345284173763987 === DEBUG [lwip-posix]: udp_sendto called! Bypassing to POSIX sendto ===
[SEDP-RACE-RUN35] host_utc=2026-09-28T09:04:24.983+00:00 host_mono_ns=2345284173840221 
[SEDP-RACE-RUN35] host_utc=2026-09-28T09:04:24.983+00:00 host_mono_ns=2345284173847765 === DEBUG [lwip-posix]: recvfrom received packet of len 52! Bypassing to pcb->recv ===
[SEDP-RACE-RUN35] host_utc=2026-09-28T09:04:24.983+00:00 host_mono_ns=2345284173852614 
[SEDP-RACE-RUN35] host_utc=2026-09-28T09:04:24.983+00:00 host_mono_ns=2345284173857033 === DEBUG [lwip-posix]: udp_sendto called! Bypassing to POSIX sendto ===
[SEDP-RACE-RUN35] host_utc=2026-09-28T09:04:24.983+00:00 host_mono_ns=2345284174064224 
[SEDP-RACE-RUN35] host_utc=2026-09-28T09:04:24.983+00:00 host_mono_ns=2345284174082889 === DEBUG [lwip-posix]: recvfrom received packet of len 52! Bypassing to pcb->recv ===
[SEDP-RACE-RUN35] host_utc=2026-09-28T09:04:24.983+00:00 host_mono_ns=2345284174106915 
[SEDP-RACE-RUN35] host_utc=2026-09-28T09:04:24.983+00:00 host_mono_ns=2345284174115661 === DEBUG [lwip-posix]: udp_sendto called! Bypassing to POSIX sendto ===
[SEDP-RACE-RUN35] host_utc=2026-09-28T09:04:24.984+00:00 host_mono_ns=2345284174312102 
[SEDP-RACE-RUN35] host_utc=2026-09-28T09:04:24.984+00:00 host_mono_ns=2345284174321129 === DEBUG [lwip-posix]: recvfrom received packet of len 52! Bypassing to pcb->recv ===
[SEDP-RACE-RUN35] host_utc=2026-09-28T09:04:24.984+00:00 host_mono_ns=2345284174329906 
[SEDP-RACE-RUN35] host_utc=2026-09-28T09:04:24.984+00:00 host_mono_ns=2345284174338332 === DEBUG [lwip-posix]: udp_sendto called! Bypassing to POSIX sendto ===
[SEDP-RACE-RUN35] host_utc=2026-09-28T09:04:24.984+00:00 host_mono_ns=2345284174532439 
[SEDP-RACE-RUN35] host_utc=2026-09-28T09:04:24.984+00:00 host_mono_ns=2345284174541476 === DEBUG [lwip-posix]: recvfrom received packet of len 52! Bypassing to pcb->recv ===
[SEDP-RACE-RUN35] host_utc=2026-09-28T09:04:24.984+00:00 host_mono_ns=2345284174550352 
[SEDP-RACE-RUN35] host_utc=2026-09-28T09:04:24.984+00:00 host_mono_ns=2345284174558929 === DEBUG [lwip-posix]: udp_sendto called! Bypassing to POSIX sendto ===
[SEDP-RACE-RUN35] host_utc=2026-09-28T09:04:24.984+00:00 host_mono_ns=2345284174637287 
[SEDP-RACE-RUN35] host_utc=2026-09-28T09:04:24.984+00:00 host_mono_ns=2345284174648237 === DEBUG [lwip-posix]: recvfrom received packet of len 52! Bypassing to pcb->recv ===
[SEDP-RACE-RUN35] host_utc=2026-09-28T09:04:24.984+00:00 host_mono_ns=2345284174657164 
[SEDP-RACE-RUN35] host_utc=2026-09-28T09:04:24.984+00:00 host_mono_ns=2345284174665570 === DEBUG [lwip-posix]: udp_sendto called! Bypassing to POSIX sendto ===
[SEDP-RACE-RUN35] host_utc=2026-09-28T09:04:24.984+00:00 host_mono_ns=2345284174970787 
[SEDP-RACE-RUN35] host_utc=2026-09-28T09:04:24.984+00:00 host_mono_ns=2345284174979653 === DEBUG [lwip-posix]: recvfrom received packet of len 52! Bypassing to pcb->recv ===
[SEDP-RACE-RUN35] host_utc=2026-09-28T09:04:24.984+00:00 host_mono_ns=2345284174988260 
[SEDP-RACE-RUN35] host_utc=2026-09-28T09:04:24.984+00:00 host_mono_ns=2345284174996686 === DEBUG [lwip-posix]: udp_sendto called! Bypassing to POSIX sendto ===
[SEDP-RACE-RUN35] host_utc=2026-09-28T09:04:24.985+00:00 host_mono_ns=2345284175269160 
[SEDP-RACE-RUN35] host_utc=2026-09-28T09:04:24.985+00:00 host_mono_ns=2345284175283748 === DEBUG [lwip-posix]: recvfrom received packet of len 52! Bypassing to pcb->recv ===
[SEDP-RACE-RUN35] host_utc=2026-09-28T09:04:24.985+00:00 host_mono_ns=2345284175292625 
[SEDP-RACE-RUN35] host_utc=2026-09-28T09:04:24.985+00:00 host_mono_ns=2345284175301181 === DEBUG [lwip-posix]: udp_sendto called! Bypassing to POSIX sendto ===
[SEDP-RACE-RUN35] host_utc=2026-09-28T09:04:24.985+00:00 host_mono_ns=2345284175346507 
[SEDP-RACE-RUN35] host_utc=2026-09-28T09:04:24.985+00:00 host_mono_ns=2345284175356786 === DEBUG [lwip-posix]: recvfrom received packet of len 52! Bypassing to pcb->recv ===
[SEDP-RACE-RUN35] host_utc=2026-09-28T09:04:24.985+00:00 host_mono_ns=2345284175365412 
[SEDP-RACE-RUN35] host_utc=2026-09-28T09:04:24.985+00:00 host_mono_ns=2345284175373898 === DEBUG [lwip-posix]: udp_sendto called! Bypassing to POSIX sendto ===
[SEDP-RACE-RUN35] host_utc=2026-09-28T09:04:24.985+00:00 host_mono_ns=2345284175540794 
[SEDP-RACE-RUN35] host_utc=2026-09-28T09:04:24.985+00:00 host_mono_ns=2345284175551083 === DEBUG [lwip-posix]: recvfrom received packet of len 52! Bypassing to pcb->recv ===
[SEDP-RACE-RUN35] host_utc=2026-09-28T09:04:24.985+00:00 host_mono_ns=2345284175563967 
[SEDP-RACE-RUN35] host_utc=2026-09-28T09:04:24.985+00:00 host_mono_ns=2345284175572694 === DEBUG [lwip-posix]: udp_sendto called! Bypassing to POSIX sendto ===
[SEDP-RACE-RUN35] host_utc=2026-09-28T09:04:24.985+00:00 host_mono_ns=2345284175856901 
[SEDP-RACE-RUN35] host_utc=2026-09-28T09:04:24.985+00:00 host_mono_ns=2345284175871018 === DEBUG [lwip-posix]: recvfrom received packet of len 52! Bypassing to pcb->recv ===
[SEDP-RACE-RUN35] host_utc=2026-09-28T09:04:24.985+00:00 host_mono_ns=2345284175893660 
[SEDP-RACE-RUN35] host_utc=2026-09-28T09:04:24.985+00:00 host_mono_ns=2345284175911584 === DEBUG [lwip-posix]: udp_sendto called! Bypassing to POSIX sendto ===
[SEDP-RACE-RUN35] host_utc=2026-09-28T09:04:24.985+00:00 host_mono_ns=2345284175930710 
[SEDP-RACE-RUN35] host_utc=2026-09-28T09:04:24.985+00:00 host_mono_ns=2345284175941160 === DEBUG [lwip-posix]: recvfrom received packet of len 52! Bypassing to pcb->recv ===
[SEDP-RACE-RUN35] host_utc=2026-09-28T09:04:24.985+00:00 host_mono_ns=2345284175950478 
[SEDP-RACE-RUN35] host_utc=2026-09-28T09:04:24.985+00:00 host_mono_ns=2345284175960166 === DEBUG [lwip-posix]: udp_sendto called! Bypassing to POSIX sendto ===
[SEDP-RACE-RUN35] host_utc=2026-09-28T09:04:24.986+00:00 host_mono_ns=2345284176225016 
[SEDP-RACE-RUN35] host_utc=2026-09-28T09:04:24.986+00:00 host_mono_ns=2345284176238822 === DEBUG [lwip-posix]: recvfrom received packet of len 52! Bypassing to pcb->recv ===
[SEDP-RACE-RUN35] host_utc=2026-09-28T09:04:24.986+00:00 host_mono_ns=2345284176247920 
[SEDP-RACE-RUN35] host_utc=2026-09-28T09:04:24.986+00:00 host_mono_ns=2345284176256516 === DEBUG [lwip-posix]: udp_sendto called! Bypassing to POSIX sendto ===
[SEDP-RACE-RUN35] host_utc=2026-09-28T09:04:24.986+00:00 host_mono_ns=2345284176564468 
[SEDP-RACE-RUN35] host_utc=2026-09-28T09:04:24.986+00:00 host_mono_ns=2345284176575509 === DEBUG [lwip-posix]: recvfrom received packet of len 52! Bypassing to pcb->recv ===
[SEDP-RACE-RUN35] host_utc=2026-09-28T09:04:24.986+00:00 host_mono_ns=2345284176582612 
[SEDP-RACE-RUN35] host_utc=2026-09-28T09:04:24.986+00:00 host_mono_ns=2345284176588744 === DEBUG [lwip-posix]: udp_sendto called! Bypassing to POSIX sendto ===
[SEDP-RACE-RUN35] host_utc=2026-09-28T09:04:24.986+00:00 host_mono_ns=2345284176595106 
[SEDP-RACE-RUN35] host_utc=2026-09-28T09:04:24.986+00:00 host_mono_ns=2345284176601157 === DEBUG [lwip-posix]: recvfrom received packet of len 52! Bypassing to pcb->recv ===
[SEDP-RACE-RUN35] host_utc=2026-09-28T09:04:24.986+00:00 host_mono_ns=2345284176611617 
[SEDP-RACE-RUN35] host_utc=2026-09-28T09:04:24.986+00:00 host_mono_ns=2345284176617788 === DEBUG [lwip-posix]: udp_sendto called! Bypassing to POSIX sendto ===
[SEDP-RACE-RUN35] host_utc=2026-09-28T09:04:24.986+00:00 host_mono_ns=2345284176960586 
[SEDP-RACE-RUN35] host_utc=2026-09-28T09:04:24.986+00:00 host_mono_ns=2345284176981355 === DEBUG [lwip-posix]: recvfrom received packet of len 52! Bypassing to pcb->recv ===
[SEDP-RACE-RUN35] host_utc=2026-09-28T09:04:24.986+00:00 host_mono_ns=2345284176987397 
[SEDP-RACE-RUN35] host_utc=2026-09-28T09:04:24.986+00:00 host_mono_ns=2345284176994049 === DEBUG [lwip-posix]: udp_sendto called! Bypassing to POSIX sendto ===
[SEDP-RACE-RUN35] host_utc=2026-09-28T09:04:24.986+00:00 host_mono_ns=2345284177006994 
[SEDP-RACE-RUN35] host_utc=2026-09-28T09:04:24.986+00:00 host_mono_ns=2345284177014408 === DEBUG [lwip-posix]: recvfrom received packet of len 52! Bypassing to pcb->recv ===
[SEDP-RACE-RUN35] host_utc=2026-09-28T09:04:24.986+00:00 host_mono_ns=2345284177019026 
[SEDP-RACE-RUN35] host_utc=2026-09-28T09:04:24.986+00:00 host_mono_ns=2345284177023275 === DEBUG [lwip-posix]: udp_sendto called! Bypassing to POSIX sendto ===
[SEDP-RACE-RUN35] host_utc=2026-09-28T09:04:24.987+00:00 host_mono_ns=2345284177203996 
[SEDP-RACE-RUN35] host_utc=2026-09-28T09:04:24.987+00:00 host_mono_ns=2345284177211200 === DEBUG [lwip-posix]: recvfrom received packet of len 52! Bypassing to pcb->recv ===
[SEDP-RACE-RUN35] host_utc=2026-09-28T09:04:24.987+00:00 host_mono_ns=2345284177215898 
[SEDP-RACE-RUN35] host_utc=2026-09-28T09:04:24.987+00:00 host_mono_ns=2345284177220267 === DEBUG [lwip-posix]: udp_sendto called! Bypassing to POSIX sendto ===
[SEDP-RACE-RUN35] host_utc=2026-09-28T09:04:24.987+00:00 host_mono_ns=2345284177329453 
[SEDP-RACE-RUN35] host_utc=2026-09-28T09:04:24.987+00:00 host_mono_ns=2345284177348329 === DEBUG [lwip-posix]: recvfrom received packet of len 52! Bypassing to pcb->recv ===
[SEDP-RACE-RUN35] host_utc=2026-09-28T09:04:24.987+00:00 host_mono_ns=2345284177370801 
[SEDP-RACE-RUN35] host_utc=2026-09-28T09:04:24.987+00:00 host_mono_ns=2345284177380069 === DEBUG [lwip-posix]: udp_sendto called! Bypassing to POSIX sendto ===
[SEDP-RACE-RUN35] host_utc=2026-09-28T09:04:24.987+00:00 host_mono_ns=2345284177394626 
[SEDP-RACE-RUN35] host_utc=2026-09-28T09:04:24.987+00:00 host_mono_ns=2345284177403523 === DEBUG [lwip-posix]: recvfrom received packet of len 52! Bypassing to pcb->recv ===
[SEDP-RACE-RUN35] host_utc=2026-09-28T09:04:24.987+00:00 host_mono_ns=2345284177412269 
[SEDP-RACE-RUN35] host_utc=2026-09-28T09:04:24.987+00:00 host_mono_ns=2345284177420735 === DEBUG [lwip-posix]: udp_sendto called! Bypassing to POSIX sendto ===
[SEDP-RACE-RUN35] host_utc=2026-09-28T09:04:24.987+00:00 host_mono_ns=2345284177635080 
[SEDP-RACE-RUN35] host_utc=2026-09-28T09:04:24.987+00:00 host_mono_ns=2345284177643917 === DEBUG [lwip-posix]: recvfrom received packet of len 52! Bypassing to pcb->recv ===
[SEDP-RACE-RUN35] host_utc=2026-09-28T09:04:24.987+00:00 host_mono_ns=2345284177650590 
[SEDP-RACE-RUN35] host_utc=2026-09-28T09:04:24.987+00:00 host_mono_ns=2345284177656260 === DEBUG [lwip-posix]: udp_sendto called! Bypassing to POSIX sendto ===
[SEDP-RACE-RUN35] host_utc=2026-09-28T09:04:24.987+00:00 host_mono_ns=2345284177685936 
[SEDP-RACE-RUN35] host_utc=2026-09-28T09:04:24.987+00:00 host_mono_ns=2345284177691327 === DEBUG [lwip-posix]: recvfrom received packet of len 52! Bypassing to pcb->recv ===
[SEDP-RACE-RUN35] host_utc=2026-09-28T09:04:24.987+00:00 host_mono_ns=2345284177695805 
[SEDP-RACE-RUN35] host_utc=2026-09-28T09:04:24.987+00:00 host_mono_ns=2345284177700213 === DEBUG [lwip-posix]: udp_sendto called! Bypassing to POSIX sendto ===
[SEDP-RACE-RUN35] host_utc=2026-09-28T09:04:24.987+00:00 host_mono_ns=2345284177928364 
[SEDP-RACE-RUN35] host_utc=2026-09-28T09:04:24.987+00:00 host_mono_ns=2345284177940958 === DEBUG [lwip-posix]: recvfrom received packet of len 52! Bypassing to pcb->recv ===
[SEDP-RACE-RUN35] host_utc=2026-09-28T09:04:24.987+00:00 host_mono_ns=2345284177948713 
[SEDP-RACE-RUN35] host_utc=2026-09-28T09:04:24.987+00:00 host_mono_ns=2345284177955957 === DEBUG [lwip-posix]: udp_sendto called! Bypassing to POSIX sendto ===
[SEDP-RACE-RUN35] host_utc=2026-09-28T09:04:24.987+00:00 host_mono_ns=2345284178036439 
[SEDP-RACE-RUN35] host_utc=2026-09-28T09:04:24.987+00:00 host_mono_ns=2345284178060484 === DEBUG [lwip-posix]: recvfrom received packet of len 52! Bypassing to pcb->recv ===
[SEDP-RACE-RUN35] host_utc=2026-09-28T09:04:24.987+00:00 host_mono_ns=2345284178072457 
[SEDP-RACE-RUN35] host_utc=2026-09-28T09:04:24.987+00:00 host_mono_ns=2345284178081594 === DEBUG [lwip-posix]: udp_sendto called! Bypassing to POSIX sendto ===
[SEDP-RACE-RUN35] host_utc=2026-09-28T09:04:24.988+00:00 host_mono_ns=2345284178173147 
[SEDP-RACE-RUN35] host_utc=2026-09-28T09:04:24.988+00:00 host_mono_ns=2345284178183356 === DEBUG [lwip-posix]: recvfrom received packet of len 52! Bypassing to pcb->recv ===
[SEDP-RACE-RUN35] host_utc=2026-09-28T09:04:24.988+00:00 host_mono_ns=2345284178190269 
[SEDP-RACE-RUN35] host_utc=2026-09-28T09:04:24.988+00:00 host_mono_ns=2345284178196331 === DEBUG [lwip-posix]: udp_sendto called! Bypassing to POSIX sendto ===
[SEDP-RACE-RUN35] host_utc=2026-09-28T09:04:24.988+00:00 host_mono_ns=2345284178246516 
[SEDP-RACE-RUN35] host_utc=2026-09-28T09:04:24.988+00:00 host_mono_ns=2345284178269329 === DEBUG [lwip-posix]: recvfrom received packet of len 52! Bypassing to pcb->recv ===
[SEDP-RACE-RUN35] host_utc=2026-09-28T09:04:24.988+00:00 host_mono_ns=2345284178283916 
[SEDP-RACE-RUN35] host_utc=2026-09-28T09:04:24.988+00:00 host_mono_ns=2345284178297452 === DEBUG [lwip-posix]: udp_sendto called! Bypassing to POSIX sendto ===
[SEDP-RACE-RUN35] host_utc=2026-09-28T09:04:24.988+00:00 host_mono_ns=2345284178394916 
[SEDP-RACE-RUN35] host_utc=2026-09-28T09:04:24.988+00:00 host_mono_ns=2345284178411918 === DEBUG [lwip-posix]: recvfrom received packet of len 52! Bypassing to pcb->recv ===
[SEDP-RACE-RUN35] host_utc=2026-09-28T09:04:24.988+00:00 host_mono_ns=2345284178439089 
[SEDP-RACE-RUN35] host_utc=2026-09-28T09:04:24.988+00:00 host_mono_ns=2345284178453757 === DEBUG [lwip-posix]: udp_sendto called! Bypassing to POSIX sendto ===
[SEDP-RACE-RUN35] host_utc=2026-09-28T09:04:24.988+00:00 host_mono_ns=2345284178475889 
[SEDP-RACE-RUN35] host_utc=2026-09-28T09:04:24.988+00:00 host_mono_ns=2345284178489535 === DEBUG [lwip-posix]: recvfrom received packet of len 52! Bypassing to pcb->recv ===
[SEDP-RACE-RUN35] host_utc=2026-09-28T09:04:24.988+00:00 host_mono_ns=2345284178502830 
[SEDP-RACE-RUN35] host_utc=2026-09-28T09:04:24.988+00:00 host_mono_ns=2345284178515624 === DEBUG [lwip-posix]: udp_sendto called! Bypassing to POSIX sendto ===
[SEDP-RACE-RUN35] host_utc=2026-09-28T09:04:24.988+00:00 host_mono_ns=2345284178633907 
[SEDP-RACE-RUN35] host_utc=2026-09-28T09:04:24.988+00:00 host_mono_ns=2345284178651491 === DEBUG [lwip-posix]: recvfrom received packet of len 52! Bypassing to pcb->recv ===
[SEDP-RACE-RUN35] host_utc=2026-09-28T09:04:24.988+00:00 host_mono_ns=2345284178665677 
[SEDP-RACE-RUN35] host_utc=2026-09-28T09:04:24.988+00:00 host_mono_ns=2345284178678892 === DEBUG [lwip-posix]: udp_sendto called! Bypassing to POSIX sendto ===
[SEDP-RACE-RUN35] host_utc=2026-09-28T09:04:24.988+00:00 host_mono_ns=2345284178699191 
[SEDP-RACE-RUN35] host_utc=2026-09-28T09:04:24.988+00:00 host_mono_ns=2345284178712286 === DEBUG [lwip-posix]: recvfrom received packet of len 52! Bypassing to pcb->recv ===
[SEDP-RACE-RUN35] host_utc=2026-09-28T09:04:24.988+00:00 host_mono_ns=2345284178725991 
[SEDP-RACE-RUN35] host_utc=2026-09-28T09:04:24.988+00:00 host_mono_ns=2345284178738866 === DEBUG [lwip-posix]: udp_sendto called! Bypassing to POSIX sendto ===
[SEDP-RACE-RUN35] host_utc=2026-09-28T09:04:24.988+00:00 host_mono_ns=2345284178986153 
[SEDP-RACE-RUN35] host_utc=2026-09-28T09:04:24.988+00:00 host_mono_ns=2345284178998396 === DEBUG [lwip-posix]: recvfrom received packet of len 52! Bypassing to pcb->recv ===
[SEDP-RACE-RUN35] host_utc=2026-09-28T09:04:24.988+00:00 host_mono_ns=2345284179025758 
[SEDP-RACE-RUN35] host_utc=2026-09-28T09:04:24.988+00:00 host_mono_ns=2345284179034554 === DEBUG [lwip-posix]: udp_sendto called! Bypassing to POSIX sendto ===
[SEDP-RACE-RUN35] host_utc=2026-09-28T09:04:24.989+00:00 host_mono_ns=2345284179244631 
[SEDP-RACE-RUN35] host_utc=2026-09-28T09:04:24.989+00:00 host_mono_ns=2345284179254830 === DEBUG [lwip-posix]: recvfrom received packet of len 52! Bypassing to pcb->recv ===
[SEDP-RACE-RUN35] host_utc=2026-09-28T09:04:24.989+00:00 host_mono_ns=2345284179260191 
[SEDP-RACE-RUN35] host_utc=2026-09-28T09:04:24.989+00:00 host_mono_ns=2345284179269668 === DEBUG [lwip-posix]: udp_sendto called! Bypassing to POSIX sendto ===
[SEDP-RACE-RUN35] host_utc=2026-09-28T09:04:24.989+00:00 host_mono_ns=2345284179278134 
[SEDP-RACE-RUN35] host_utc=2026-09-28T09:04:24.989+00:00 host_mono_ns=2345284179282833 === DEBUG [lwip-posix]: recvfrom received packet of len 52! Bypassing to pcb->recv ===
[SEDP-RACE-RUN35] host_utc=2026-09-28T09:04:24.989+00:00 host_mono_ns=2345284179289897 
[SEDP-RACE-RUN35] host_utc=2026-09-28T09:04:24.989+00:00 host_mono_ns=2345284179294255 === DEBUG [lwip-posix]: udp_sendto called! Bypassing to POSIX sendto ===
[SEDP-RACE-RUN35] host_utc=2026-09-28T09:04:24.989+00:00 host_mono_ns=2345284179470187 
[SEDP-RACE-RUN35] host_utc=2026-09-28T09:04:24.989+00:00 host_mono_ns=2345284179476910 === DEBUG [lwip-posix]: recvfrom received packet of len 52! Bypassing to pcb->recv ===
[SEDP-RACE-RUN35] host_utc=2026-09-28T09:04:24.989+00:00 host_mono_ns=2345284179481689 
[SEDP-RACE-RUN35] host_utc=2026-09-28T09:04:24.989+00:00 host_mono_ns=2345284179486097 === DEBUG [lwip-posix]: udp_sendto called! Bypassing to POSIX sendto ===
[SEDP-RACE-RUN35] host_utc=2026-09-28T09:04:24.989+00:00 host_mono_ns=2345284179562301 
[SEDP-RACE-RUN35] host_utc=2026-09-28T09:04:24.989+00:00 host_mono_ns=2345284179567872 === DEBUG [lwip-posix]: recvfrom received packet of len 52! Bypassing to pcb->recv ===
[SEDP-RACE-RUN35] host_utc=2026-09-28T09:04:24.989+00:00 host_mono_ns=2345284179572501 
[SEDP-RACE-RUN35] host_utc=2026-09-28T09:04:24.989+00:00 host_mono_ns=2345284179583301 === DEBUG [lwip-posix]: udp_sendto called! Bypassing to POSIX sendto ===
[SEDP-RACE-RUN35] host_utc=2026-09-28T09:04:24.989+00:00 host_mono_ns=2345284179668181 
[SEDP-RACE-RUN35] host_utc=2026-09-28T09:04:24.989+00:00 host_mono_ns=2345284179675094 === DEBUG [lwip-posix]: recvfrom received packet of len 52! Bypassing to pcb->recv ===
[SEDP-RACE-RUN35] host_utc=2026-09-28T09:04:24.989+00:00 host_mono_ns=2345284179680044 
[SEDP-RACE-RUN35] host_utc=2026-09-28T09:04:24.989+00:00 host_mono_ns=2345284179684522 === DEBUG [lwip-posix]: udp_sendto called! Bypassing to POSIX sendto ===
[SEDP-RACE-RUN35] host_utc=2026-09-28T09:04:24.989+00:00 host_mono_ns=2345284179787767 
[SEDP-RACE-RUN35] host_utc=2026-09-28T09:04:24.989+00:00 host_mono_ns=2345284179793538 === DEBUG [lwip-posix]: recvfrom received packet of len 52! Bypassing to pcb->recv ===
[SEDP-RACE-RUN35] host_utc=2026-09-28T09:04:24.989+00:00 host_mono_ns=2345284179799429 
[SEDP-RACE-RUN35] host_utc=2026-09-28T09:04:24.989+00:00 host_mono_ns=2345284179805240 === DEBUG [lwip-posix]: udp_sendto called! Bypassing to POSIX sendto ===
[SEDP-RACE-RUN35] host_utc=2026-09-28T09:04:24.989+00:00 host_mono_ns=2345284179813385 
[SEDP-RACE-RUN35] host_utc=2026-09-28T09:04:24.989+00:00 host_mono_ns=2345284179817924 === DEBUG [lwip-posix]: recvfrom received packet of len 52! Bypassing to pcb->recv ===
[SEDP-RACE-RUN35] host_utc=2026-09-28T09:04:24.989+00:00 host_mono_ns=2345284179843292 
[SEDP-RACE-RUN35] host_utc=2026-09-28T09:04:24.989+00:00 host_mono_ns=2345284179849053 === DEBUG [lwip-posix]: udp_sendto called! Bypassing to POSIX sendto ===
[SEDP-RACE-RUN35] host_utc=2026-09-28T09:04:24.989+00:00 host_mono_ns=2345284180071523 
[SEDP-RACE-RUN35] host_utc=2026-09-28T09:04:24.989+00:00 host_mono_ns=2345284180083476 === DEBUG [lwip-posix]: recvfrom received packet of len 52! Bypassing to pcb->recv ===
[SEDP-RACE-RUN35] host_utc=2026-09-28T09:04:24.989+00:00 host_mono_ns=2345284180094867 
[SEDP-RACE-RUN35] host_utc=2026-09-28T09:04:24.989+00:00 host_mono_ns=2345284180101850 === DEBUG [lwip-posix]: recvfrom received packet of len 52! Bypassing to pcb->recv ===
[SEDP-RACE-RUN35] host_utc=2026-09-28T09:04:24.989+00:00 host_mono_ns=2345284180108563 
[SEDP-RACE-RUN35] host_utc=2026-09-28T09:04:24.989+00:00 host_mono_ns=2345284180118612 === DEBUG [lwip-posix]: udp_sendto called! Bypassing to POSIX sendto ===
[SEDP-RACE-RUN35] host_utc=2026-09-28T09:04:24.989+00:00 host_mono_ns=2345284180129182 
[SEDP-RACE-RUN35] host_utc=2026-09-28T09:04:24.989+00:00 host_mono_ns=2345284180135955 === DEBUG [lwip-posix]: udp_sendto called! Bypassing to POSIX sendto ===
[SEDP-RACE-RUN35] host_utc=2026-09-28T09:04:24.990+00:00 host_mono_ns=2345284180288102 
[SEDP-RACE-RUN35] host_utc=2026-09-28T09:04:24.990+00:00 host_mono_ns=2345284180298151 === DEBUG [lwip-posix]: recvfrom received packet of len 52! Bypassing to pcb->recv ===
[SEDP-RACE-RUN35] host_utc=2026-09-28T09:04:24.990+00:00 host_mono_ns=2345284180305465 
[SEDP-RACE-RUN35] host_utc=2026-09-28T09:04:24.990+00:00 host_mono_ns=2345284180311757 === DEBUG [lwip-posix]: udp_sendto called! Bypassing to POSIX sendto ===
[SEDP-RACE-RUN35] host_utc=2026-09-28T09:04:24.990+00:00 host_mono_ns=2345284180322447 
[SEDP-RACE-RUN35] host_utc=2026-09-28T09:04:24.990+00:00 host_mono_ns=2345284180329290 === DEBUG [lwip-posix]: recvfrom received packet of len 52! Bypassing to pcb->recv ===
[SEDP-RACE-RUN35] host_utc=2026-09-28T09:04:24.990+00:00 host_mono_ns=2345284180338718 
[SEDP-RACE-RUN35] host_utc=2026-09-28T09:04:24.990+00:00 host_mono_ns=2345284180345511 === DEBUG [lwip-posix]: udp_sendto called! Bypassing to POSIX sendto ===
[SEDP-RACE-RUN35] host_utc=2026-09-28T09:04:24.990+00:00 host_mono_ns=2345284180482429 
[SEDP-RACE-RUN35] host_utc=2026-09-28T09:04:24.990+00:00 host_mono_ns=2345284180490104 === DEBUG [lwip-posix]: recvfrom received packet of len 52! Bypassing to pcb->recv ===
[SEDP-RACE-RUN35] host_utc=2026-09-28T09:04:24.990+00:00 host_mono_ns=2345284180495043 
[SEDP-RACE-RUN35] host_utc=2026-09-28T09:04:24.990+00:00 host_mono_ns=2345284180504782 === DEBUG [lwip-posix]: udp_sendto called! Bypassing to POSIX sendto ===
[SEDP-RACE-RUN35] host_utc=2026-09-28T09:04:24.990+00:00 host_mono_ns=2345284180509992 
[SEDP-RACE-RUN35] host_utc=2026-09-28T09:04:24.990+00:00 host_mono_ns=2345284180514500 === DEBUG [lwip-posix]: recvfrom received packet of len 52! Bypassing to pcb->recv ===
[SEDP-RACE-RUN35] host_utc=2026-09-28T09:04:24.990+00:00 host_mono_ns=2345284180521473 
[SEDP-RACE-RUN35] host_utc=2026-09-28T09:04:24.990+00:00 host_mono_ns=2345284180526092 === DEBUG [lwip-posix]: udp_sendto called! Bypassing to POSIX sendto ===
[SEDP-RACE-RUN35] host_utc=2026-09-28T09:04:24.990+00:00 host_mono_ns=2345284180752189 
[SEDP-RACE-RUN35] host_utc=2026-09-28T09:04:24.990+00:00 host_mono_ns=2345284180758200 === DEBUG [lwip-posix]: recvfrom received packet of len 52! Bypassing to pcb->recv ===
[SEDP-RACE-RUN35] host_utc=2026-09-28T09:04:24.990+00:00 host_mono_ns=2345284180763510 
[SEDP-RACE-RUN35] host_utc=2026-09-28T09:04:24.990+00:00 host_mono_ns=2345284180767899 === DEBUG [lwip-posix]: udp_sendto called! Bypassing to POSIX sendto ===
[SEDP-RACE-RUN35] host_utc=2026-09-28T09:04:24.990+00:00 host_mono_ns=2345284180808275 
[SEDP-RACE-RUN35] host_utc=2026-09-28T09:04:24.990+00:00 host_mono_ns=2345284180813715 === DEBUG [lwip-posix]: recvfrom received packet of len 52! Bypassing to pcb->recv ===
[SEDP-RACE-RUN35] host_utc=2026-09-28T09:04:24.990+00:00 host_mono_ns=2345284180818124 
[SEDP-RACE-RUN35] host_utc=2026-09-28T09:04:24.990+00:00 host_mono_ns=2345284180822582 === DEBUG [lwip-posix]: udp_sendto called! Bypassing to POSIX sendto ===
[SEDP-RACE-RUN35] host_utc=2026-09-28T09:04:24.990+00:00 host_mono_ns=2345284181065441 
[SEDP-RACE-RUN35] host_utc=2026-09-28T09:04:24.990+00:00 host_mono_ns=2345284181074077 === DEBUG [lwip-posix]: recvfrom received packet of len 52! Bypassing to pcb->recv ===
[SEDP-RACE-RUN35] host_utc=2026-09-28T09:04:24.990+00:00 host_mono_ns=2345284181078836 
[SEDP-RACE-RUN35] host_utc=2026-09-28T09:04:24.990+00:00 host_mono_ns=2345284181083204 === DEBUG [lwip-posix]: udp_sendto called! Bypassing to POSIX sendto ===
[SEDP-RACE-RUN35] host_utc=2026-09-28T09:04:24.990+00:00 host_mono_ns=2345284181141064 
[SEDP-RACE-RUN35] host_utc=2026-09-28T09:04:24.990+00:00 host_mono_ns=2345284181146224 === DEBUG [lwip-posix]: recvfrom received packet of len 52! Bypassing to pcb->recv ===
[SEDP-RACE-RUN35] host_utc=2026-09-28T09:04:24.990+00:00 host_mono_ns=2345284181150732 
[SEDP-RACE-RUN35] host_utc=2026-09-28T09:04:24.990+00:00 host_mono_ns=2345284181158948 === DEBUG [lwip-posix]: udp_sendto called! Bypassing to POSIX sendto ===
[SEDP-RACE-RUN35] host_utc=2026-09-28T09:04:24.991+00:00 host_mono_ns=2345284181426383 
[SEDP-RACE-RUN35] host_utc=2026-09-28T09:04:24.991+00:00 host_mono_ns=2345284181434618 === DEBUG [lwip-posix]: recvfrom received packet of len 52! Bypassing to pcb->recv ===
[SEDP-RACE-RUN35] host_utc=2026-09-28T09:04:24.991+00:00 host_mono_ns=2345284181440029 
[SEDP-RACE-RUN35] host_utc=2026-09-28T09:04:24.991+00:00 host_mono_ns=2345284181444587 === DEBUG [lwip-posix]: udp_sendto called! Bypassing to POSIX sendto ===
[SEDP-RACE-RUN35] host_utc=2026-09-28T09:04:24.991+00:00 host_mono_ns=2345284181459906 
[SEDP-RACE-RUN35] host_utc=2026-09-28T09:04:24.991+00:00 host_mono_ns=2345284181464846 === DEBUG [lwip-posix]: recvfrom received packet of len 52! Bypassing to pcb->recv ===
[SEDP-RACE-RUN35] host_utc=2026-09-28T09:04:24.991+00:00 host_mono_ns=2345284181469484 
[SEDP-RACE-RUN35] host_utc=2026-09-28T09:04:24.991+00:00 host_mono_ns=2345284181473933 === DEBUG [lwip-posix]: udp_sendto called! Bypassing to POSIX sendto ===
[SEDP-RACE-RUN35] host_utc=2026-09-28T09:04:24.991+00:00 host_mono_ns=2345284181638714 
[SEDP-RACE-RUN35] host_utc=2026-09-28T09:04:24.991+00:00 host_mono_ns=2345284181644976 === DEBUG [lwip-posix]: recvfrom received packet of len 52! Bypassing to pcb->recv ===
[SEDP-RACE-RUN35] host_utc=2026-09-28T09:04:24.991+00:00 host_mono_ns=2345284181649645 
[SEDP-RACE-RUN35] host_utc=2026-09-28T09:04:24.991+00:00 host_mono_ns=2345284181659624 === DEBUG [lwip-posix]: udp_sendto called! Bypassing to POSIX sendto ===
[SEDP-RACE-RUN35] host_utc=2026-09-28T09:04:24.991+00:00 host_mono_ns=2345284181683799 
[SEDP-RACE-RUN35] host_utc=2026-09-28T09:04:24.991+00:00 host_mono_ns=2345284181689320 === DEBUG [lwip-posix]: recvfrom received packet of len 52! Bypassing to pcb->recv ===
[SEDP-RACE-RUN35] host_utc=2026-09-28T09:04:24.991+00:00 host_mono_ns=2345284181694029 
[SEDP-RACE-RUN35] host_utc=2026-09-28T09:04:24.991+00:00 host_mono_ns=2345284181698387 === DEBUG [lwip-posix]: udp_sendto called! Bypassing to POSIX sendto ===
[SEDP-RACE-RUN35] host_utc=2026-09-28T09:04:24.991+00:00 host_mono_ns=2345284181909686 
[SEDP-RACE-RUN35] host_utc=2026-09-28T09:04:24.991+00:00 host_mono_ns=2345284181916419 === DEBUG [lwip-posix]: recvfrom received packet of len 52! Bypassing to pcb->recv ===
[SEDP-RACE-RUN35] host_utc=2026-09-28T09:04:24.991+00:00 host_mono_ns=2345284182021958 
[SEDP-RACE-RUN35] host_utc=2026-09-28T09:04:24.991+00:00 host_mono_ns=2345284182034291 === DEBUG [lwip-posix]: recvfrom received packet of len 52! Bypassing to pcb->recv ===
[SEDP-RACE-RUN35] host_utc=2026-09-28T09:04:24.991+00:00 host_mono_ns=2345284182041936 
[SEDP-RACE-RUN35] host_utc=2026-09-28T09:04:24.991+00:00 host_mono_ns=2345284182048779 === DEBUG [lwip-posix]: udp_sendto called! Bypassing to POSIX sendto ===
[SEDP-RACE-RUN35] host_utc=2026-09-28T09:04:24.991+00:00 host_mono_ns=2345284182055562 
[SEDP-RACE-RUN35] host_utc=2026-09-28T09:04:24.991+00:00 host_mono_ns=2345284182061974 === DEBUG [lwip-posix]: udp_sendto called! Bypassing to POSIX sendto ===
[SEDP-RACE-RUN35] host_utc=2026-09-28T09:04:24.992+00:00 host_mono_ns=2345284182226845 
[SEDP-RACE-RUN35] host_utc=2026-09-28T09:04:24.992+00:00 host_mono_ns=2345284182236213 === DEBUG [lwip-posix]: recvfrom received packet of len 52! Bypassing to pcb->recv ===
[SEDP-RACE-RUN35] host_utc=2026-09-28T09:04:24.992+00:00 host_mono_ns=2345284182242094 
[SEDP-RACE-RUN35] host_utc=2026-09-28T09:04:24.992+00:00 host_mono_ns=2345284182246643 === DEBUG [lwip-posix]: udp_sendto called! Bypassing to POSIX sendto ===
[SEDP-RACE-RUN35] host_utc=2026-09-28T09:04:24.992+00:00 host_mono_ns=2345284182254467 
[SEDP-RACE-RUN35] host_utc=2026-09-28T09:04:24.992+00:00 host_mono_ns=2345284182258906 === DEBUG [lwip-posix]: recvfrom received packet of len 52! Bypassing to pcb->recv ===
[SEDP-RACE-RUN35] host_utc=2026-09-28T09:04:24.992+00:00 host_mono_ns=2345284182295685 
[SEDP-RACE-RUN35] host_utc=2026-09-28T09:04:24.992+00:00 host_mono_ns=2345284182300474 === DEBUG [lwip-posix]: udp_sendto called! Bypassing to POSIX sendto ===
[SEDP-RACE-RUN35] host_utc=2026-09-28T09:04:24.992+00:00 host_mono_ns=2345284182545868 
[SEDP-RACE-RUN35] host_utc=2026-09-28T09:04:24.992+00:00 host_mono_ns=2345284182551228 === DEBUG [lwip-posix]: recvfrom received packet of len 52! Bypassing to pcb->recv ===
[SEDP-RACE-RUN35] host_utc=2026-09-28T09:04:24.992+00:00 host_mono_ns=2345284182555727 
[SEDP-RACE-RUN35] host_utc=2026-09-28T09:04:24.992+00:00 host_mono_ns=2345284182559995 === DEBUG [lwip-posix]: udp_sendto called! Bypassing to POSIX sendto ===
[SEDP-RACE-RUN35] host_utc=2026-09-28T09:04:24.992+00:00 host_mono_ns=2345284182587206 
[SEDP-RACE-RUN35] host_utc=2026-09-28T09:04:24.992+00:00 host_mono_ns=2345284182591885 === DEBUG [lwip-posix]: recvfrom received packet of len 52! Bypassing to pcb->recv ===
[SEDP-RACE-RUN35] host_utc=2026-09-28T09:04:24.992+00:00 host_mono_ns=2345284182596303 
[SEDP-RACE-RUN35] host_utc=2026-09-28T09:04:24.992+00:00 host_mono_ns=2345284182600601 === DEBUG [lwip-posix]: udp_sendto called! Bypassing to POSIX sendto ===
[SEDP-RACE-RUN35] host_utc=2026-09-28T09:04:24.992+00:00 host_mono_ns=2345284182735246 
[SEDP-RACE-RUN35] host_utc=2026-09-28T09:04:24.992+00:00 host_mono_ns=2345284182744163 === DEBUG [lwip-posix]: recvfrom received packet of len 52! Bypassing to pcb->recv ===
[SEDP-RACE-RUN35] host_utc=2026-09-28T09:04:24.992+00:00 host_mono_ns=2345284182749052 
[SEDP-RACE-RUN35] host_utc=2026-09-28T09:04:24.992+00:00 host_mono_ns=2345284182759251 === DEBUG [lwip-posix]: udp_sendto called! Bypassing to POSIX sendto ===
[SEDP-RACE-RUN35] host_utc=2026-09-28T09:04:24.992+00:00 host_mono_ns=2345284182766535 
[SEDP-RACE-RUN35] host_utc=2026-09-28T09:04:24.992+00:00 host_mono_ns=2345284182770953 === DEBUG [lwip-posix]: recvfrom received packet of len 52! Bypassing to pcb->recv ===
[SEDP-RACE-RUN35] host_utc=2026-09-28T09:04:24.992+00:00 host_mono_ns=2345284182775291 
[SEDP-RACE-RUN35] host_utc=2026-09-28T09:04:24.992+00:00 host_mono_ns=2345284182780030 === DEBUG [lwip-posix]: udp_sendto called! Bypassing to POSIX sendto ===
[SEDP-RACE-RUN35] host_utc=2026-09-28T09:04:24.992+00:00 host_mono_ns=2345284182898474 
[SEDP-RACE-RUN35] host_utc=2026-09-28T09:04:24.992+00:00 host_mono_ns=2345284182904025 === DEBUG [lwip-posix]: recvfrom received packet of len 52! Bypassing to pcb->recv ===
[SEDP-RACE-RUN35] host_utc=2026-09-28T09:04:24.992+00:00 host_mono_ns=2345284182908473 
[SEDP-RACE-RUN35] host_utc=2026-09-28T09:04:24.992+00:00 host_mono_ns=2345284182912791 === DEBUG [lwip-posix]: recvfrom received packet of len 52! Bypassing to pcb->recv ===
[SEDP-RACE-RUN35] host_utc=2026-09-28T09:04:24.992+00:00 host_mono_ns=2345284182917129 
[SEDP-RACE-RUN35] host_utc=2026-09-28T09:04:24.992+00:00 host_mono_ns=2345284182921337 === DEBUG [lwip-posix]: udp_sendto called! Bypassing to POSIX sendto ===
[SEDP-RACE-RUN35] host_utc=2026-09-28T09:04:24.992+00:00 host_mono_ns=2345284182928310 
[SEDP-RACE-RUN35] host_utc=2026-09-28T09:04:24.992+00:00 host_mono_ns=2345284182933320 === DEBUG [lwip-posix]: udp_sendto called! Bypassing to POSIX sendto ===
[SEDP-RACE-RUN35] host_utc=2026-09-28T09:04:24.992+00:00 host_mono_ns=2345284183119692 
[SEDP-RACE-RUN35] host_utc=2026-09-28T09:04:24.992+00:00 host_mono_ns=2345284183128298 === DEBUG [lwip-posix]: recvfrom received packet of len 52! Bypassing to pcb->recv ===
[SEDP-RACE-RUN35] host_utc=2026-09-28T09:04:24.992+00:00 host_mono_ns=2345284183132897 
[SEDP-RACE-RUN35] host_utc=2026-09-28T09:04:24.992+00:00 host_mono_ns=2345284183137225 === DEBUG [lwip-posix]: udp_sendto called! Bypassing to POSIX sendto ===
[SEDP-RACE-RUN35] host_utc=2026-09-28T09:04:24.992+00:00 host_mono_ns=2345284183141563 
[SEDP-RACE-RUN35] host_utc=2026-09-28T09:04:24.992+00:00 host_mono_ns=2345284183145781 === DEBUG [lwip-posix]: recvfrom received packet of len 52! Bypassing to pcb->recv ===
[SEDP-RACE-RUN35] host_utc=2026-09-28T09:04:24.992+00:00 host_mono_ns=2345284183152434 
[SEDP-RACE-RUN35] host_utc=2026-09-28T09:04:24.992+00:00 host_mono_ns=2345284183156692 === DEBUG [lwip-posix]: udp_sendto called! Bypassing to POSIX sendto ===
[SEDP-RACE-RUN35] host_utc=2026-09-28T09:04:24.993+00:00 host_mono_ns=2345284183294953 
[SEDP-RACE-RUN35] host_utc=2026-09-28T09:04:24.993+00:00 host_mono_ns=2345284183305243 === DEBUG [lwip-posix]: recvfrom received packet of len 52! Bypassing to pcb->recv ===
[SEDP-RACE-RUN35] host_utc=2026-09-28T09:04:24.993+00:00 host_mono_ns=2345284183311104 
[SEDP-RACE-RUN35] host_utc=2026-09-28T09:04:24.993+00:00 host_mono_ns=2345284183315622 === DEBUG [lwip-posix]: udp_sendto called! Bypassing to POSIX sendto ===
[SEDP-RACE-RUN35] host_utc=2026-09-28T09:04:24.993+00:00 host_mono_ns=2345284183358403 
[SEDP-RACE-RUN35] host_utc=2026-09-28T09:04:24.993+00:00 host_mono_ns=2345284183364845 === DEBUG [lwip-posix]: recvfrom received packet of len 52! Bypassing to pcb->recv ===
[SEDP-RACE-RUN35] host_utc=2026-09-28T09:04:24.993+00:00 host_mono_ns=2345284183369394 
[SEDP-RACE-RUN35] host_utc=2026-09-28T09:04:24.993+00:00 host_mono_ns=2345284183373712 === DEBUG [lwip-posix]: udp_sendto called! Bypassing to POSIX sendto ===
[SEDP-RACE-RUN35] host_utc=2026-09-28T09:04:24.993+00:00 host_mono_ns=2345284183498107 
[SEDP-RACE-RUN35] host_utc=2026-09-28T09:04:24.993+00:00 host_mono_ns=2345284183509759 === DEBUG [lwip-posix]: recvfrom received packet of len 52! Bypassing to pcb->recv ===
[SEDP-RACE-RUN35] host_utc=2026-09-28T09:04:24.993+00:00 host_mono_ns=2345284183517083 
[SEDP-RACE-RUN35] host_utc=2026-09-28T09:04:24.993+00:00 host_mono_ns=2345284183531240 === DEBUG [lwip-posix]: udp_sendto called! Bypassing to POSIX sendto ===
[SEDP-RACE-RUN35] host_utc=2026-09-28T09:04:24.993+00:00 host_mono_ns=2345284183544384 
[SEDP-RACE-RUN35] host_utc=2026-09-28T09:04:24.993+00:00 host_mono_ns=2345284183551187 === DEBUG [lwip-posix]: recvfrom received packet of len 52! Bypassing to pcb->recv ===
[SEDP-RACE-RUN35] host_utc=2026-09-28T09:04:24.993+00:00 host_mono_ns=2345284183557599 
[SEDP-RACE-RUN35] host_utc=2026-09-28T09:04:24.993+00:00 host_mono_ns=2345284183563611 === DEBUG [lwip-posix]: udp_sendto called! Bypassing to POSIX sendto ===
[SEDP-RACE-RUN35] host_utc=2026-09-28T09:04:24.993+00:00 host_mono_ns=2345284183857656 
[SEDP-RACE-RUN35] host_utc=2026-09-28T09:04:24.993+00:00 host_mono_ns=2345284183866543 === DEBUG [lwip-posix]: recvfrom received packet of len 52! Bypassing to pcb->recv ===
[SEDP-RACE-RUN35] host_utc=2026-09-28T09:04:24.993+00:00 host_mono_ns=2345284183873306 
[SEDP-RACE-RUN35] host_utc=2026-09-28T09:04:24.993+00:00 host_mono_ns=2345284183879437 === DEBUG [lwip-posix]: udp_sendto called! Bypassing to POSIX sendto ===
[SEDP-RACE-RUN35] host_utc=2026-09-28T09:04:24.993+00:00 host_mono_ns=2345284183896810 
[SEDP-RACE-RUN35] host_utc=2026-09-28T09:04:24.993+00:00 host_mono_ns=2345284183903543 === DEBUG [lwip-posix]: recvfrom received packet of len 52! Bypassing to pcb->recv ===
[SEDP-RACE-RUN35] host_utc=2026-09-28T09:04:24.993+00:00 host_mono_ns=2345284183908362 
[SEDP-RACE-RUN35] host_utc=2026-09-28T09:04:24.993+00:00 host_mono_ns=2345284183913101 === DEBUG [lwip-posix]: udp_sendto called! Bypassing to POSIX sendto ===
[SEDP-RACE-RUN35] host_utc=2026-09-28T09:04:24.993+00:00 host_mono_ns=2345284184147955 
[SEDP-RACE-RUN35] host_utc=2026-09-28T09:04:24.993+00:00 host_mono_ns=2345284184159757 === DEBUG [lwip-posix]: recvfrom received packet of len 52! Bypassing to pcb->recv ===
[SEDP-RACE-RUN35] host_utc=2026-09-28T09:04:24.993+00:00 host_mono_ns=2345284184166830 
[SEDP-RACE-RUN35] host_utc=2026-09-28T09:04:24.994+00:00 host_mono_ns=2345284184173072 === DEBUG [lwip-posix]: udp_sendto called! Bypassing to POSIX sendto ===
[SEDP-RACE-RUN35] host_utc=2026-09-28T09:04:24.994+00:00 host_mono_ns=2345284184295604 
[SEDP-RACE-RUN35] host_utc=2026-09-28T09:04:24.994+00:00 host_mono_ns=2345284184305312 === DEBUG [lwip-posix]: recvfrom received packet of len 52! Bypassing to pcb->recv ===
[SEDP-RACE-RUN35] host_utc=2026-09-28T09:04:24.994+00:00 host_mono_ns=2345284184312115 
[SEDP-RACE-RUN35] host_utc=2026-09-28T09:04:24.994+00:00 host_mono_ns=2345284184318086 === DEBUG [lwip-posix]: udp_sendto called! Bypassing to POSIX sendto ===
[SEDP-RACE-RUN35] host_utc=2026-09-28T09:04:24.994+00:00 host_mono_ns=2345284184508135 
[SEDP-RACE-RUN35] host_utc=2026-09-28T09:04:24.994+00:00 host_mono_ns=2345284184517202 === DEBUG [lwip-posix]: recvfrom received packet of len 52! Bypassing to pcb->recv ===
[SEDP-RACE-RUN35] host_utc=2026-09-28T09:04:24.994+00:00 host_mono_ns=2345284184523655 
[SEDP-RACE-RUN35] host_utc=2026-09-28T09:04:24.994+00:00 host_mono_ns=2345284184529616 === DEBUG [lwip-posix]: udp_sendto called! Bypassing to POSIX sendto ===
[SEDP-RACE-RUN35] host_utc=2026-09-28T09:04:24.994+00:00 host_mono_ns=2345284184682384 
[SEDP-RACE-RUN35] host_utc=2026-09-28T09:04:24.994+00:00 host_mono_ns=2345284184692604 === DEBUG [lwip-posix]: recvfrom received packet of len 52! Bypassing to pcb->recv ===
[SEDP-RACE-RUN35] host_utc=2026-09-28T09:04:24.994+00:00 host_mono_ns=2345284184699587 
[SEDP-RACE-RUN35] host_utc=2026-09-28T09:04:24.994+00:00 host_mono_ns=2345284184705799 === DEBUG [lwip-posix]: udp_sendto called! Bypassing to POSIX sendto ===
[SEDP-RACE-RUN35] host_utc=2026-09-28T09:04:24.994+00:00 host_mono_ns=2345284184734483 
[SEDP-RACE-RUN35] host_utc=2026-09-28T09:04:24.994+00:00 host_mono_ns=2345284184741586 === DEBUG [lwip-posix]: recvfrom received packet of len 52! Bypassing to pcb->recv ===
[SEDP-RACE-RUN35] host_utc=2026-09-28T09:04:24.994+00:00 host_mono_ns=2345284184748018 
[SEDP-RACE-RUN35] host_utc=2026-09-28T09:04:24.994+00:00 host_mono_ns=2345284184761273 === DEBUG [lwip-posix]: udp_sendto called! Bypassing to POSIX sendto ===
[SEDP-RACE-RUN35] host_utc=2026-09-28T09:04:24.994+00:00 host_mono_ns=2345284185080587 
[SEDP-RACE-RUN35] host_utc=2026-09-28T09:04:24.994+00:00 host_mono_ns=2345284185093601 === DEBUG [lwip-posix]: recvfrom received packet of len 52! Bypassing to pcb->recv ===
[SEDP-RACE-RUN35] host_utc=2026-09-28T09:04:24.994+00:00 host_mono_ns=2345284185100464 
[SEDP-RACE-RUN35] host_utc=2026-09-28T09:04:24.994+00:00 host_mono_ns=2345284185106816 === DEBUG [lwip-posix]: udp_sendto called! Bypassing to POSIX sendto ===
[SEDP-RACE-RUN35] host_utc=2026-09-28T09:04:24.995+00:00 host_mono_ns=2345284185224819 
[SEDP-RACE-RUN35] host_utc=2026-09-28T09:04:24.995+00:00 host_mono_ns=2345284185233035 === DEBUG [lwip-posix]: recvfrom received packet of len 52! Bypassing to pcb->recv ===
[SEDP-RACE-RUN35] host_utc=2026-09-28T09:04:24.995+00:00 host_mono_ns=2345284185239567 
[SEDP-RACE-RUN35] host_utc=2026-09-28T09:04:24.995+00:00 host_mono_ns=2345284185245789 === DEBUG [lwip-posix]: udp_sendto called! Bypassing to POSIX sendto ===
[SEDP-RACE-RUN35] host_utc=2026-09-28T09:04:24.995+00:00 host_mono_ns=2345284185424236 
[SEDP-RACE-RUN35] host_utc=2026-09-28T09:04:24.995+00:00 host_mono_ns=2345284185433664 === DEBUG [lwip-posix]: recvfrom received packet of len 52! Bypassing to pcb->recv ===
[SEDP-RACE-RUN35] host_utc=2026-09-28T09:04:24.995+00:00 host_mono_ns=2345284185440467 
[SEDP-RACE-RUN35] host_utc=2026-09-28T09:04:24.995+00:00 host_mono_ns=2345284185446518 === DEBUG [lwip-posix]: udp_sendto called! Bypassing to POSIX sendto ===
[SEDP-RACE-RUN35] host_utc=2026-09-28T09:04:24.995+00:00 host_mono_ns=2345284185575482 
[SEDP-RACE-RUN35] host_utc=2026-09-28T09:04:24.995+00:00 host_mono_ns=2345284185602934 === DEBUG [lwip-posix]: recvfrom received packet of len 52! Bypassing to pcb->recv ===
[SEDP-RACE-RUN35] host_utc=2026-09-28T09:04:24.995+00:00 host_mono_ns=2345284185614636 
[SEDP-RACE-RUN35] host_utc=2026-09-28T09:04:24.995+00:00 host_mono_ns=2345284185623543 === DEBUG [lwip-posix]: udp_sendto called! Bypassing to POSIX sendto ===
[SEDP-RACE-RUN35] host_utc=2026-09-28T09:04:24.995+00:00 host_mono_ns=2345284185639733 
[SEDP-RACE-RUN35] host_utc=2026-09-28T09:04:24.995+00:00 host_mono_ns=2345284185648760 === DEBUG [lwip-posix]: recvfrom received packet of len 52! Bypassing to pcb->recv ===
[SEDP-RACE-RUN35] host_utc=2026-09-28T09:04:24.995+00:00 host_mono_ns=2345284185657757 
[SEDP-RACE-RUN35] host_utc=2026-09-28T09:04:24.995+00:00 host_mono_ns=2345284185666434 === DEBUG [lwip-posix]: udp_sendto called! Bypassing to POSIX sendto ===
[SEDP-RACE-RUN35] host_utc=2026-09-28T09:04:24.995+00:00 host_mono_ns=2345284185874617 
[SEDP-RACE-RUN35] host_utc=2026-09-28T09:04:24.995+00:00 host_mono_ns=2345284185895096 === DEBUG [lwip-posix]: recvfrom received packet of len 52! Bypassing to pcb->recv ===
[SEDP-RACE-RUN35] host_utc=2026-09-28T09:04:24.995+00:00 host_mono_ns=2345284185906627 
[SEDP-RACE-RUN35] host_utc=2026-09-28T09:04:24.995+00:00 host_mono_ns=2345284185915775 === DEBUG [lwip-posix]: udp_sendto called! Bypassing to POSIX sendto ===
[SEDP-RACE-RUN35] host_utc=2026-09-28T09:04:24.995+00:00 host_mono_ns=2345284185930442 
[SEDP-RACE-RUN35] host_utc=2026-09-28T09:04:24.995+00:00 host_mono_ns=2345284185939229 === DEBUG [lwip-posix]: recvfrom received packet of len 52! Bypassing to pcb->recv ===
[SEDP-RACE-RUN35] host_utc=2026-09-28T09:04:24.995+00:00 host_mono_ns=2345284185945942 
[SEDP-RACE-RUN35] host_utc=2026-09-28T09:04:24.995+00:00 host_mono_ns=2345284185952334 === DEBUG [lwip-posix]: udp_sendto called! Bypassing to POSIX sendto ===
[SEDP-RACE-RUN35] host_utc=2026-09-28T09:04:24.995+00:00 host_mono_ns=2345284186095775 
[SEDP-RACE-RUN35] host_utc=2026-09-28T09:04:24.995+00:00 host_mono_ns=2345284186112126 === DEBUG [lwip-posix]: recvfrom received packet of len 52! Bypassing to pcb->recv ===
[SEDP-RACE-RUN35] host_utc=2026-09-28T09:04:24.995+00:00 host_mono_ns=2345284186119399 
[SEDP-RACE-RUN35] host_utc=2026-09-28T09:04:24.995+00:00 host_mono_ns=2345284186125841 === DEBUG [lwip-posix]: udp_sendto called! Bypassing to POSIX sendto ===
[SEDP-RACE-RUN35] host_utc=2026-09-28T09:04:24.996+00:00 host_mono_ns=2345284186308426 
[SEDP-RACE-RUN35] host_utc=2026-09-28T09:04:24.996+00:00 host_mono_ns=2345284186319768 === DEBUG [lwip-posix]: recvfrom received packet of len 52! Bypassing to pcb->recv ===
[SEDP-RACE-RUN35] host_utc=2026-09-28T09:04:24.996+00:00 host_mono_ns=2345284186326561 
[SEDP-RACE-RUN35] host_utc=2026-09-28T09:04:24.996+00:00 host_mono_ns=2345284186332592 === DEBUG [lwip-posix]: udp_sendto called! Bypassing to POSIX sendto ===
[SEDP-RACE-RUN35] host_utc=2026-09-28T09:04:24.996+00:00 host_mono_ns=2345284186453681 
[SEDP-RACE-RUN35] host_utc=2026-09-28T09:04:24.996+00:00 host_mono_ns=2345284186466555 === DEBUG [lwip-posix]: recvfrom received packet of len 52! Bypassing to pcb->recv ===
[SEDP-RACE-RUN35] host_utc=2026-09-28T09:04:24.996+00:00 host_mono_ns=2345284186474089 
[SEDP-RACE-RUN35] host_utc=2026-09-28T09:04:24.996+00:00 host_mono_ns=2345284186480722 === DEBUG [lwip-posix]: udp_sendto called! Bypassing to POSIX sendto ===
[SEDP-RACE-RUN35] host_utc=2026-09-28T09:04:24.996+00:00 host_mono_ns=2345284186635815 
[SEDP-RACE-RUN35] host_utc=2026-09-28T09:04:24.996+00:00 host_mono_ns=2345284186646906 === DEBUG [lwip-posix]: recvfrom received packet of len 52! Bypassing to pcb->recv ===
[SEDP-RACE-RUN35] host_utc=2026-09-28T09:04:24.996+00:00 host_mono_ns=2345284186654230 
[SEDP-RACE-RUN35] host_utc=2026-09-28T09:04:24.996+00:00 host_mono_ns=2345284186660922 === DEBUG [lwip-posix]: udp_sendto called! Bypassing to POSIX sendto ===
[SEDP-RACE-RUN35] host_utc=2026-09-28T09:04:24.996+00:00 host_mono_ns=2345284186667625 
[SEDP-RACE-RUN35] host_utc=2026-09-28T09:04:24.996+00:00 host_mono_ns=2345284186674177 === DEBUG [lwip-posix]: recvfrom received packet of len 52! Bypassing to pcb->recv ===
[SEDP-RACE-RUN35] host_utc=2026-09-28T09:04:24.996+00:00 host_mono_ns=2345284186684547 
[SEDP-RACE-RUN35] host_utc=2026-09-28T09:04:24.996+00:00 host_mono_ns=2345284186691199 === DEBUG [lwip-posix]: udp_sendto called! Bypassing to POSIX sendto ===
[SEDP-RACE-RUN35] host_utc=2026-09-28T09:04:24.996+00:00 host_mono_ns=2345284186821746 
[SEDP-RACE-RUN35] host_utc=2026-09-28T09:04:24.996+00:00 host_mono_ns=2345284186832196 === DEBUG [lwip-posix]: recvfrom received packet of len 52! Bypassing to pcb->recv ===
[SEDP-RACE-RUN35] host_utc=2026-09-28T09:04:24.996+00:00 host_mono_ns=2345284186839009 
[SEDP-RACE-RUN35] host_utc=2026-09-28T09:04:24.996+00:00 host_mono_ns=2345284186845020 === DEBUG [lwip-posix]: udp_sendto called! Bypassing to POSIX sendto ===
[SEDP-RACE-RUN35] host_utc=2026-09-28T09:04:24.996+00:00 host_mono_ns=2345284186895856 
[SEDP-RACE-RUN35] host_utc=2026-09-28T09:04:24.996+00:00 host_mono_ns=2345284186913048 === DEBUG [lwip-posix]: recvfrom received packet of len 52! Bypassing to pcb->recv ===
[SEDP-RACE-RUN35] host_utc=2026-09-28T09:04:24.996+00:00 host_mono_ns=2345284186940991 
[SEDP-RACE-RUN35] host_utc=2026-09-28T09:04:24.996+00:00 host_mono_ns=2345284186949487 === DEBUG [lwip-posix]: udp_sendto called! Bypassing to POSIX sendto ===
[SEDP-RACE-RUN35] host_utc=2026-09-28T09:04:24.996+00:00 host_mono_ns=2345284187120039 
[SEDP-RACE-RUN35] host_utc=2026-09-28T09:04:24.996+00:00 host_mono_ns=2345284187136130 === DEBUG [lwip-posix]: recvfrom received packet of len 52! Bypassing to pcb->recv ===
[SEDP-RACE-RUN35] host_utc=2026-09-28T09:04:24.996+00:00 host_mono_ns=2345284187145908 
[SEDP-RACE-RUN35] host_utc=2026-09-28T09:04:24.996+00:00 host_mono_ns=2345284187154845 === DEBUG [lwip-posix]: udp_sendto called! Bypassing to POSIX sendto ===
[SEDP-RACE-RUN35] host_utc=2026-09-28T09:04:24.997+00:00 host_mono_ns=2345284187167549 
[SEDP-RACE-RUN35] host_utc=2026-09-28T09:04:24.997+00:00 host_mono_ns=2345284187175043 === DEBUG [lwip-posix]: recvfrom received packet of len 52! Bypassing to pcb->recv ===
[SEDP-RACE-RUN35] host_utc=2026-09-28T09:04:24.997+00:00 host_mono_ns=2345284187181776 
[SEDP-RACE-RUN35] host_utc=2026-09-28T09:04:24.997+00:00 host_mono_ns=2345284187188128 === DEBUG [lwip-posix]: udp_sendto called! Bypassing to POSIX sendto ===
[SEDP-RACE-RUN35] host_utc=2026-09-28T09:04:24.997+00:00 host_mono_ns=2345284187341317 
[SEDP-RACE-RUN35] host_utc=2026-09-28T09:04:24.997+00:00 host_mono_ns=2345284187352659 === DEBUG [lwip-posix]: recvfrom received packet of len 52! Bypassing to pcb->recv ===
[SEDP-RACE-RUN35] host_utc=2026-09-28T09:04:24.997+00:00 host_mono_ns=2345284187362187 
[SEDP-RACE-RUN35] host_utc=2026-09-28T09:04:24.997+00:00 host_mono_ns=2345284187371334 === DEBUG [lwip-posix]: udp_sendto called! Bypassing to POSIX sendto ===
[SEDP-RACE-RUN35] host_utc=2026-09-28T09:04:24.997+00:00 host_mono_ns=2345284187382956 
[SEDP-RACE-RUN35] host_utc=2026-09-28T09:04:24.997+00:00 host_mono_ns=2345284187389789 === DEBUG [lwip-posix]: recvfrom received packet of len 52! Bypassing to pcb->recv ===
[SEDP-RACE-RUN35] host_utc=2026-09-28T09:04:24.997+00:00 host_mono_ns=2345284187396502 
[SEDP-RACE-RUN35] host_utc=2026-09-28T09:04:24.997+00:00 host_mono_ns=2345284187403615 === DEBUG [lwip-posix]: udp_sendto called! Bypassing to POSIX sendto ===
[SEDP-RACE-RUN35] host_utc=2026-09-28T09:04:24.997+00:00 host_mono_ns=2345284187616537 
[SEDP-RACE-RUN35] host_utc=2026-09-28T09:04:24.997+00:00 host_mono_ns=2345284187635353 === DEBUG [lwip-posix]: recvfrom received packet of len 52! Bypassing to pcb->recv ===
[SEDP-RACE-RUN35] host_utc=2026-09-28T09:04:24.997+00:00 host_mono_ns=2345284187646063 
[SEDP-RACE-RUN35] host_utc=2026-09-28T09:04:24.997+00:00 host_mono_ns=2345284187654990 === DEBUG [lwip-posix]: udp_sendto called! Bypassing to POSIX sendto ===
[SEDP-RACE-RUN35] host_utc=2026-09-28T09:04:24.997+00:00 host_mono_ns=2345284187663997 
[SEDP-RACE-RUN35] host_utc=2026-09-28T09:04:24.997+00:00 host_mono_ns=2345284187672794 === DEBUG [lwip-posix]: recvfrom received packet of len 52! Bypassing to pcb->recv ===
[SEDP-RACE-RUN35] host_utc=2026-09-28T09:04:24.997+00:00 host_mono_ns=2345284187681671 
[SEDP-RACE-RUN35] host_utc=2026-09-28T09:04:24.997+00:00 host_mono_ns=2345284187690297 === DEBUG [lwip-posix]: udp_sendto called! Bypassing to POSIX sendto ===
[SEDP-RACE-RUN35] host_utc=2026-09-28T09:04:24.997+00:00 host_mono_ns=2345284187936191 
[SEDP-RACE-RUN35] host_utc=2026-09-28T09:04:24.997+00:00 host_mono_ns=2345284187951200 === DEBUG [lwip-posix]: recvfrom received packet of len 52! Bypassing to pcb->recv ===
[SEDP-RACE-RUN35] host_utc=2026-09-28T09:04:24.997+00:00 host_mono_ns=2345284187960066 
[SEDP-RACE-RUN35] host_utc=2026-09-28T09:04:24.997+00:00 host_mono_ns=2345284187966919 === DEBUG [lwip-posix]: udp_sendto called! Bypassing to POSIX sendto ===
[SEDP-RACE-RUN35] host_utc=2026-09-28T09:04:24.997+00:00 host_mono_ns=2345284187975456 
[SEDP-RACE-RUN35] host_utc=2026-09-28T09:04:24.997+00:00 host_mono_ns=2345284187984493 === DEBUG [lwip-posix]: recvfrom received packet of len 52! Bypassing to pcb->recv ===
[SEDP-RACE-RUN35] host_utc=2026-09-28T09:04:24.997+00:00 host_mono_ns=2345284187997858 
[SEDP-RACE-RUN35] host_utc=2026-09-28T09:04:24.997+00:00 host_mono_ns=2345284188013818 === DEBUG [lwip-posix]: udp_sendto called! Bypassing to POSIX sendto ===
[SEDP-RACE-RUN35] host_utc=2026-09-28T09:04:24.997+00:00 host_mono_ns=2345284188104359 
[SEDP-RACE-RUN35] host_utc=2026-09-28T09:04:24.997+00:00 host_mono_ns=2345284188114999 === DEBUG [lwip-posix]: recvfrom received packet of len 52! Bypassing to pcb->recv ===
[SEDP-RACE-RUN35] host_utc=2026-09-28T09:04:24.997+00:00 host_mono_ns=2345284188125910 
[SEDP-RACE-RUN35] host_utc=2026-09-28T09:04:24.998+00:00 host_mono_ns=2345284188429523 === DEBUG [lwip-posix]: udp_sendto called! Bypassing to POSIX sendto ===
[SEDP-RACE-RUN35] host_utc=2026-09-28T09:04:24.998+00:00 host_mono_ns=2345284188439953 
[SEDP-RACE-RUN35] host_utc=2026-09-28T09:04:24.998+00:00 host_mono_ns=2345284188446626 === DEBUG [lwip-posix]: recvfrom received packet of len 52! Bypassing to pcb->recv ===
[SEDP-RACE-RUN35] host_utc=2026-09-28T09:04:24.998+00:00 host_mono_ns=2345284188453118 
[SEDP-RACE-RUN35] host_utc=2026-09-28T09:04:24.998+00:00 host_mono_ns=2345284188459420 === DEBUG [lwip-posix]: udp_sendto called! Bypassing to POSIX sendto ===
[SEDP-RACE-RUN35] host_utc=2026-09-28T09:04:24.998+00:00 host_mono_ns=2345284188473707 
[SEDP-RACE-RUN35] host_utc=2026-09-28T09:04:24.998+00:00 host_mono_ns=2345284188480049 === DEBUG [lwip-posix]: recvfrom received packet of len 52! Bypassing to pcb->recv ===
[SEDP-RACE-RUN35] host_utc=2026-09-28T09:04:24.998+00:00 host_mono_ns=2345284188486361 
[SEDP-RACE-RUN35] host_utc=2026-09-28T09:04:24.998+00:00 host_mono_ns=2345284188492412 === DEBUG [lwip-posix]: udp_sendto called! Bypassing to POSIX sendto ===
[SEDP-RACE-RUN35] host_utc=2026-09-28T09:04:24.998+00:00 host_mono_ns=2345284188502682 
[SEDP-RACE-RUN35] host_utc=2026-09-28T09:04:24.998+00:00 host_mono_ns=2345284188509084 === DEBUG [lwip-posix]: recvfrom received packet of len 52! Bypassing to pcb->recv ===
[SEDP-RACE-RUN35] host_utc=2026-09-28T09:04:24.998+00:00 host_mono_ns=2345284188515556 
[SEDP-RACE-RUN35] host_utc=2026-09-28T09:04:24.998+00:00 host_mono_ns=2345284188521557 === DEBUG [lwip-posix]: udp_sendto called! Bypassing to POSIX sendto ===
[SEDP-RACE-RUN35] host_utc=2026-09-28T09:04:24.998+00:00 host_mono_ns=2345284188674506 
[SEDP-RACE-RUN35] host_utc=2026-09-28T09:04:24.998+00:00 host_mono_ns=2345284188683794 === DEBUG [lwip-posix]: recvfrom received packet of len 52! Bypassing to pcb->recv ===
[SEDP-RACE-RUN35] host_utc=2026-09-28T09:04:24.998+00:00 host_mono_ns=2345284188690046 
[SEDP-RACE-RUN35] host_utc=2026-09-28T09:04:24.998+00:00 host_mono_ns=2345284188695987 === DEBUG [lwip-posix]: udp_sendto called! Bypassing to POSIX sendto ===
[SEDP-RACE-RUN35] host_utc=2026-09-28T09:04:24.998+00:00 host_mono_ns=2345284188723389 
[SEDP-RACE-RUN35] host_utc=2026-09-28T09:04:24.998+00:00 host_mono_ns=2345284188730793 === DEBUG [lwip-posix]: recvfrom received packet of len 52! Bypassing to pcb->recv ===
[SEDP-RACE-RUN35] host_utc=2026-09-28T09:04:24.998+00:00 host_mono_ns=2345284188737255 
[SEDP-RACE-RUN35] host_utc=2026-09-28T09:04:24.998+00:00 host_mono_ns=2345284188743346 === DEBUG [lwip-posix]: udp_sendto called! Bypassing to POSIX sendto ===
[SEDP-RACE-RUN35] host_utc=2026-09-28T09:04:24.998+00:00 host_mono_ns=2345284188892779 
[SEDP-RACE-RUN35] host_utc=2026-09-28T09:04:24.998+00:00 host_mono_ns=2345284188902277 === DEBUG [lwip-posix]: recvfrom received packet of len 52! Bypassing to pcb->recv ===
[SEDP-RACE-RUN35] host_utc=2026-09-28T09:04:24.998+00:00 host_mono_ns=2345284188908999 
[SEDP-RACE-RUN35] host_utc=2026-09-28T09:04:24.998+00:00 host_mono_ns=2345284188915261 === DEBUG [lwip-posix]: udp_sendto called! Bypassing to POSIX sendto ===
[SEDP-RACE-RUN35] host_utc=2026-09-28T09:04:24.998+00:00 host_mono_ns=2345284188968702 
[SEDP-RACE-RUN35] host_utc=2026-09-28T09:04:24.998+00:00 host_mono_ns=2345284188977058 === DEBUG [lwip-posix]: recvfrom received packet of len 52! Bypassing to pcb->recv ===
[SEDP-RACE-RUN35] host_utc=2026-09-28T09:04:24.998+00:00 host_mono_ns=2345284188983520 
[SEDP-RACE-RUN35] host_utc=2026-09-28T09:04:24.998+00:00 host_mono_ns=2345284188989572 === DEBUG [lwip-posix]: udp_sendto called! Bypassing to POSIX sendto ===
[SEDP-RACE-RUN35] host_utc=2026-09-28T09:04:24.998+00:00 host_mono_ns=2345284189134034 
[SEDP-RACE-RUN35] host_utc=2026-09-28T09:04:24.998+00:00 host_mono_ns=2345284189151768 === DEBUG [lwip-posix]: recvfrom received packet of len 52! Bypassing to pcb->recv ===
[SEDP-RACE-RUN35] host_utc=2026-09-28T09:04:24.998+00:00 host_mono_ns=2345284189159813 
[SEDP-RACE-RUN35] host_utc=2026-09-28T09:04:24.998+00:00 host_mono_ns=2345284189167007 === DEBUG [lwip-posix]: udp_sendto called! Bypassing to POSIX sendto ===
[SEDP-RACE-RUN35] host_utc=2026-09-28T09:04:24.999+00:00 host_mono_ns=2345284189218254 
[SEDP-RACE-RUN35] host_utc=2026-09-28T09:04:24.999+00:00 host_mono_ns=2345284189225988 === DEBUG [lwip-posix]: recvfrom received packet of len 52! Bypassing to pcb->recv ===
[SEDP-RACE-RUN35] host_utc=2026-09-28T09:04:24.999+00:00 host_mono_ns=2345284189232871 
[SEDP-RACE-RUN35] host_utc=2026-09-28T09:04:24.999+00:00 host_mono_ns=2345284189239333 === DEBUG [lwip-posix]: udp_sendto called! Bypassing to POSIX sendto ===
[SEDP-RACE-RUN35] host_utc=2026-09-28T09:04:24.999+00:00 host_mono_ns=2345284189400498 
[SEDP-RACE-RUN35] host_utc=2026-09-28T09:04:24.999+00:00 host_mono_ns=2345284189425485 === DEBUG [lwip-posix]: recvfrom received packet of len 52! Bypassing to pcb->recv ===
[SEDP-RACE-RUN35] host_utc=2026-09-28T09:04:24.999+00:00 host_mono_ns=2345284189442347 
[SEDP-RACE-RUN35] host_utc=2026-09-28T09:04:24.999+00:00 host_mono_ns=2345284189456724 === DEBUG [lwip-posix]: udp_sendto called! Bypassing to POSIX sendto ===
[SEDP-RACE-RUN35] host_utc=2026-09-28T09:04:24.999+00:00 host_mono_ns=2345284189771369 
[SEDP-RACE-RUN35] host_utc=2026-09-28T09:04:24.999+00:00 host_mono_ns=2345284189794683 === DEBUG [lwip-posix]: recvfrom received packet of len 52! Bypassing to pcb->recv ===
[SEDP-RACE-RUN35] host_utc=2026-09-28T09:04:24.999+00:00 host_mono_ns=2345284189809992 
[SEDP-RACE-RUN35] host_utc=2026-09-28T09:04:24.999+00:00 host_mono_ns=2345284189824810 === DEBUG [lwip-posix]: udp_sendto called! Bypassing to POSIX sendto ===
[SEDP-RACE-RUN35] host_utc=2026-09-28T09:04:24.999+00:00 host_mono_ns=2345284189839497 
[SEDP-RACE-RUN35] host_utc=2026-09-28T09:04:24.999+00:00 host_mono_ns=2345284189853804 === DEBUG [lwip-posix]: recvfrom received packet of len 52! Bypassing to pcb->recv ===
[SEDP-RACE-RUN35] host_utc=2026-09-28T09:04:24.999+00:00 host_mono_ns=2345284189868031 
[SEDP-RACE-RUN35] host_utc=2026-09-28T09:04:24.999+00:00 host_mono_ns=2345284189881396 === DEBUG [lwip-posix]: udp_sendto called! Bypassing to POSIX sendto ===
[SEDP-RACE-RUN35] host_utc=2026-09-28T09:04:24.999+00:00 host_mono_ns=2345284189906714 
[SEDP-RACE-RUN35] host_utc=2026-09-28T09:04:24.999+00:00 host_mono_ns=2345284189922023 === DEBUG [lwip-posix]: recvfrom received packet of len 52! Bypassing to pcb->recv ===
[SEDP-RACE-RUN35] host_utc=2026-09-28T09:04:24.999+00:00 host_mono_ns=2345284189936681 
[SEDP-RACE-RUN35] host_utc=2026-09-28T09:04:24.999+00:00 host_mono_ns=2345284189949816 === DEBUG [lwip-posix]: udp_sendto called! Bypassing to POSIX sendto ===
[SEDP-RACE-RUN35] host_utc=2026-09-28T09:04:24.999+00:00 host_mono_ns=2345284189956268 
[SEDP-RACE-RUN35] host_utc=2026-09-28T09:04:24.999+00:00 host_mono_ns=2345284189963742 === DEBUG [lwip-posix]: recvfrom received packet of len 52! Bypassing to pcb->recv ===
[SEDP-RACE-RUN35] host_utc=2026-09-28T09:04:24.999+00:00 host_mono_ns=2345284189971517 
[SEDP-RACE-RUN35] host_utc=2026-09-28T09:04:24.999+00:00 host_mono_ns=2345284189978520 === DEBUG [lwip-posix]: udp_sendto called! Bypassing to POSIX sendto ===
[SEDP-RACE-RUN35] host_utc=2026-09-28T09:04:24.999+00:00 host_mono_ns=2345284190149002 
[SEDP-RACE-RUN35] host_utc=2026-09-28T09:04:24.999+00:00 host_mono_ns=2345284190159863 === DEBUG [lwip-posix]: recvfrom received packet of len 52! Bypassing to pcb->recv ===
[SEDP-RACE-RUN35] host_utc=2026-09-28T09:04:24.999+00:00 host_mono_ns=2345284190165153 
[SEDP-RACE-RUN35] host_utc=2026-09-28T09:04:25.000+00:00 host_mono_ns=2345284190169631 === DEBUG [lwip-posix]: udp_sendto called! Bypassing to POSIX sendto ===
[SEDP-RACE-RUN35] host_utc=2026-09-28T09:04:25.000+00:00 host_mono_ns=2345284190174150 
[SEDP-RACE-RUN35] host_utc=2026-09-28T09:04:25.000+00:00 host_mono_ns=2345284190178438 === DEBUG [lwip-posix]: recvfrom received packet of len 52! Bypassing to pcb->recv ===
[SEDP-RACE-RUN35] host_utc=2026-09-28T09:04:25.000+00:00 host_mono_ns=2345284190185671 
[SEDP-RACE-RUN35] host_utc=2026-09-28T09:04:25.000+00:00 host_mono_ns=2345284190190200 === DEBUG [lwip-posix]: udp_sendto called! Bypassing to POSIX sendto ===
[SEDP-RACE-RUN35] host_utc=2026-09-28T09:04:25.000+00:00 host_mono_ns=2345284190479506 
[SEDP-RACE-RUN35] host_utc=2026-09-28T09:04:25.000+00:00 host_mono_ns=2345284190489756 === DEBUG [lwip-posix]: recvfrom received packet of len 52! Bypassing to pcb->recv ===
[SEDP-RACE-RUN35] host_utc=2026-09-28T09:04:25.000+00:00 host_mono_ns=2345284190495176 
[SEDP-RACE-RUN35] host_utc=2026-09-28T09:04:25.000+00:00 host_mono_ns=2345284190499705 === DEBUG [lwip-posix]: udp_sendto called! Bypassing to POSIX sendto ===
[SEDP-RACE-RUN35] host_utc=2026-09-28T09:04:25.000+00:00 host_mono_ns=2345284190514573 
[SEDP-RACE-RUN35] host_utc=2026-09-28T09:04:25.000+00:00 host_mono_ns=2345284190519272 === DEBUG [lwip-posix]: recvfrom received packet of len 52! Bypassing to pcb->recv ===
[SEDP-RACE-RUN35] host_utc=2026-09-28T09:04:25.000+00:00 host_mono_ns=2345284190525844 
[SEDP-RACE-RUN35] host_utc=2026-09-28T09:04:25.000+00:00 host_mono_ns=2345284190530172 === DEBUG [lwip-posix]: udp_sendto called! Bypassing to POSIX sendto ===
[SEDP-RACE-RUN35] host_utc=2026-09-28T09:04:25.071+00:00 host_mono_ns=2345284261846896 
[SEDP-RACE-RUN35] host_utc=2026-09-28T09:04:25.071+00:00 host_mono_ns=2345284261875009 === DEBUG [lwip-posix]: udp_sendto called! Bypassing to POSIX sendto ===
[SEDP-RACE-RUN35] host_utc=2026-09-28T09:04:25.071+00:00 host_mono_ns=2345284261888144 
[SEDP-RACE-RUN35] host_utc=2026-09-28T09:04:25.071+00:00 host_mono_ns=2345284261899385 === DEBUG [lwip-posix]: recvfrom received packet of len 204! Bypassing to pcb->recv ===
[SEDP-RACE-RUN35] host_utc=2026-09-28T09:04:25.825+00:00 host_mono_ns=2345285015958620 
[SEDP-RACE-RUN35] host_utc=2026-09-28T09:04:25.825+00:00 host_mono_ns=2345285015984519 === DEBUG [lwip-posix]: recvfrom received packet of len 204! Bypassing to pcb->recv ===
[SEDP-RACE-RUN35] host_utc=2026-09-28T09:04:26.072+00:00 host_mono_ns=2345285262267135 
[SEDP-RACE-RUN35] host_utc=2026-09-28T09:04:26.072+00:00 host_mono_ns=2345285262295909 === DEBUG [lwip-posix]: udp_sendto called! Bypassing to POSIX sendto ===
[SEDP-RACE-RUN35] host_utc=2026-09-28T09:04:26.072+00:00 host_mono_ns=2345285262317320 
[SEDP-RACE-RUN35] host_utc=2026-09-28T09:04:26.072+00:00 host_mono_ns=2345285262329282 === DEBUG [lwip-posix]: recvfrom received packet of len 204! Bypassing to pcb->recv ===
[SEDP-RACE-RUN35] host_utc=2026-09-28T09:04:26.826+00:00 host_mono_ns=2345286016274100 
[SEDP-RACE-RUN35] host_utc=2026-09-28T09:04:26.826+00:00 host_mono_ns=2345286016300140 === DEBUG [lwip-posix]: recvfrom received packet of len 204! Bypassing to pcb->recv ===
[SEDP-RACE-RUN35] host_utc=2026-09-28T09:04:27.072+00:00 host_mono_ns=2345286262410769 
[SEDP-RACE-RUN35] host_utc=2026-09-28T09:04:27.072+00:00 host_mono_ns=2345286262465293 === DEBUG [lwip-posix]: udp_sendto called! Bypassing to POSIX sendto ===
[SEDP-RACE-RUN35] host_utc=2026-09-28T09:04:27.072+00:00 host_mono_ns=2345286262479469 
[SEDP-RACE-RUN35] host_utc=2026-09-28T09:04:27.072+00:00 host_mono_ns=2345286262490330 === DEBUG [lwip-posix]: recvfrom received packet of len 204! Bypassing to pcb->recv ===
[SEDP-RACE-RUN35] host_utc=2026-09-28T09:04:27.826+00:00 host_mono_ns=2345287016699278 
[SEDP-RACE-RUN35] host_utc=2026-09-28T09:04:27.826+00:00 host_mono_ns=2345287016725337 === DEBUG [lwip-posix]: recvfrom received packet of len 204! Bypassing to pcb->recv ===
[SEDP-RACE-RUN35] host_utc=2026-09-28T09:04:28.071+00:00 host_mono_ns=2345287261776723 
[SEDP-RACE-RUN35] host_utc=2026-09-28T09:04:28.071+00:00 host_mono_ns=2345287261802422 === DEBUG [lwip-posix]: udp_sendto called! Bypassing to POSIX sendto ===
[SEDP-RACE-RUN35] host_utc=2026-09-28T09:04:28.071+00:00 host_mono_ns=2345287261813292 
[SEDP-RACE-RUN35] host_utc=2026-09-28T09:04:28.071+00:00 host_mono_ns=2345287261821789 === DEBUG [lwip-posix]: udp_sendto called! Bypassing to POSIX sendto ===
[SEDP-RACE-RUN35] host_utc=2026-09-28T09:04:28.072+00:00 host_mono_ns=2345287262343945 
[SEDP-RACE-RUN35] host_utc=2026-09-28T09:04:28.072+00:00 host_mono_ns=2345287262368241 === DEBUG [lwip-posix]: udp_sendto called! Bypassing to POSIX sendto ===
[SEDP-RACE-RUN35] host_utc=2026-09-28T09:04:28.072+00:00 host_mono_ns=2345287262379061 
[SEDP-RACE-RUN35] host_utc=2026-09-28T09:04:28.072+00:00 host_mono_ns=2345287262388449 === DEBUG [lwip-posix]: recvfrom received packet of len 204! Bypassing to pcb->recv ===
[SEDP-RACE-RUN35] host_utc=2026-09-28T09:04:28.072+00:00 host_mono_ns=2345287262567237 
[SEDP-RACE-RUN35] host_utc=2026-09-28T09:04:28.072+00:00 host_mono_ns=2345287262587605 === DEBUG [lwip-posix]: recvfrom received packet of len 52! Bypassing to pcb->recv ===
[SEDP-RACE-RUN35] host_utc=2026-09-28T09:04:28.072+00:00 host_mono_ns=2345287262615648 
[SEDP-RACE-RUN35] host_utc=2026-09-28T09:04:28.072+00:00 host_mono_ns=2345287262624565 === DEBUG [lwip-posix]: udp_sendto called! Bypassing to POSIX sendto ===
[SEDP-RACE-RUN35] host_utc=2026-09-28T09:04:28.072+00:00 host_mono_ns=2345287262950481 
[SEDP-RACE-RUN35] host_utc=2026-09-28T09:04:28.072+00:00 host_mono_ns=2345287262970449 === DEBUG [lwip-posix]: recvfrom received packet of len 52! Bypassing to pcb->recv ===
[SEDP-RACE-RUN35] host_utc=2026-09-28T09:04:28.072+00:00 host_mono_ns=2345287262981940 
[SEDP-RACE-RUN35] host_utc=2026-09-28T09:04:28.072+00:00 host_mono_ns=2345287262991068 === DEBUG [lwip-posix]: udp_sendto called! Bypassing to POSIX sendto ===
[SEDP-RACE-RUN35] host_utc=2026-09-28T09:04:28.826+00:00 host_mono_ns=2345288016810019 
[SEDP-RACE-RUN35] host_utc=2026-09-28T09:04:28.826+00:00 host_mono_ns=2345288016833814 === DEBUG [lwip-posix]: recvfrom received packet of len 204! Bypassing to pcb->recv ===
[SEDP-RACE-RUN35] host_utc=2026-09-28T09:04:28.912+00:00 host_mono_ns=2345288102235027 
[SEDP-RACE-RUN35] host_utc=2026-09-28T09:04:28.912+00:00 host_mono_ns=2345288102272167 === DEBUG [lwip-posix]: recvfrom received packet of len 100! Bypassing to pcb->recv ===
[SEDP-RACE-RUN35] host_utc=2026-09-28T09:04:28.912+00:00 host_mono_ns=2345288102287567 [CR-NATIVE-R04] epoch=1790586268.911922860 event=peer_receive topic=/to_linux id=4 payload='Hello from mros2-posix onto Linux: 4'
[SEDP-RACE-RUN35] host_utc=2026-09-28T09:04:28.912+00:00 host_mono_ns=2345288102298157 [CR-NATIVE-R04] epoch=1790586268.911945272 event=peer_echo_publish_return topic=/to_stm id=4 payload='Hello from mros2-posix onto Linux: 4'
[SEDP-RACE-RUN35] host_utc=2026-09-28T09:04:28.912+00:00 host_mono_ns=2345288102318555 
[SEDP-RACE-RUN35] host_utc=2026-09-28T09:04:28.912+00:00 host_mono_ns=2345288102327492 === DEBUG [lwip-posix]: udp_sendto called! Bypassing to POSIX sendto ===
[SEDP-RACE-RUN35] host_utc=2026-09-28T09:04:29.072+00:00 host_mono_ns=2345288262357245 
[SEDP-RACE-RUN35] host_utc=2026-09-28T09:04:29.072+00:00 host_mono_ns=2345288262399204 === DEBUG [lwip-posix]: udp_sendto called! Bypassing to POSIX sendto ===
[SEDP-RACE-RUN35] host_utc=2026-09-28T09:04:29.072+00:00 host_mono_ns=2345288262413851 
[SEDP-RACE-RUN35] host_utc=2026-09-28T09:04:29.072+00:00 host_mono_ns=2345288262424792 === DEBUG [lwip-posix]: recvfrom received packet of len 204! Bypassing to pcb->recv ===
[SEDP-RACE-RUN35] host_utc=2026-09-28T09:04:29.826+00:00 host_mono_ns=2345289017078530 
[SEDP-RACE-RUN35] host_utc=2026-09-28T09:04:29.827+00:00 host_mono_ns=2345289017674637 === DEBUG [lwip-posix]: recvfrom received packet of len 204! Bypassing to pcb->recv ===
[SEDP-RACE-RUN35] host_utc=2026-09-28T09:04:29.912+00:00 host_mono_ns=2345289102917460 
[SEDP-RACE-RUN35] host_utc=2026-09-28T09:04:29.912+00:00 host_mono_ns=2345289102962475 === DEBUG [lwip-posix]: recvfrom received packet of len 100! Bypassing to pcb->recv ===
[SEDP-RACE-RUN35] host_utc=2026-09-28T09:04:29.912+00:00 host_mono_ns=2345289102976652 [CR-NATIVE-R04] epoch=1790586269.912500134 event=peer_receive topic=/to_linux id=5 payload='Hello from mros2-posix onto Linux: 5'
[SEDP-RACE-RUN35] host_utc=2026-09-28T09:04:29.912+00:00 host_mono_ns=2345289102989687 [CR-NATIVE-R04] epoch=1790586269.912521374 event=peer_echo_publish_return topic=/to_stm id=5 payload='Hello from mros2-posix onto Linux: 5'
[SEDP-RACE-RUN35] host_utc=2026-09-28T09:04:29.912+00:00 host_mono_ns=2345289103020946 
[SEDP-RACE-RUN35] host_utc=2026-09-28T09:04:29.912+00:00 host_mono_ns=2345289103034782 === DEBUG [lwip-posix]: udp_sendto called! Bypassing to POSIX sendto ===
[SEDP-RACE-RUN35] host_utc=2026-09-28T09:04:30.072+00:00 host_mono_ns=2345289262464081 
[SEDP-RACE-RUN35] host_utc=2026-09-28T09:04:30.072+00:00 host_mono_ns=2345289262501822 === DEBUG [lwip-posix]: udp_sendto called! Bypassing to POSIX sendto ===
[SEDP-RACE-RUN35] host_utc=2026-09-28T09:04:30.072+00:00 host_mono_ns=2345289262516039 
[SEDP-RACE-RUN35] host_utc=2026-09-28T09:04:30.072+00:00 host_mono_ns=2345289262539193 === DEBUG [lwip-posix]: recvfrom received packet of len 204! Bypassing to pcb->recv ===
[SEDP-RACE-RUN35] host_utc=2026-09-28T09:04:30.827+00:00 host_mono_ns=2345290017441307 
[SEDP-RACE-RUN35] host_utc=2026-09-28T09:04:30.827+00:00 host_mono_ns=2345290017486442 === DEBUG [lwip-posix]: recvfrom received packet of len 204! Bypassing to pcb->recv ===
[SEDP-RACE-RUN35] host_utc=2026-09-28T09:04:30.913+00:00 host_mono_ns=2345290103535610 
[SEDP-RACE-RUN35] host_utc=2026-09-28T09:04:30.913+00:00 host_mono_ns=2345290103563984 === DEBUG [lwip-posix]: recvfrom received packet of len 100! Bypassing to pcb->recv ===
[SEDP-RACE-RUN35] host_utc=2026-09-28T09:04:30.913+00:00 host_mono_ns=2345290103575395 [CR-NATIVE-R04] epoch=1790586270.913226769 event=peer_receive topic=/to_linux id=6 payload='Hello from mros2-posix onto Linux: 6'
[SEDP-RACE-RUN35] host_utc=2026-09-28T09:04:30.913+00:00 host_mono_ns=2345290103592277 [CR-NATIVE-R04] epoch=1790586270.913243761 event=peer_echo_publish_return topic=/to_stm id=6 payload='Hello from mros2-posix onto Linux: 6'
[SEDP-RACE-RUN35] host_utc=2026-09-28T09:04:30.913+00:00 host_mono_ns=2345290103602216 
[SEDP-RACE-RUN35] host_utc=2026-09-28T09:04:30.913+00:00 host_mono_ns=2345290103610602 === DEBUG [lwip-posix]: udp_sendto called! Bypassing to POSIX sendto ===
[SEDP-RACE-RUN35] host_utc=2026-09-28T09:04:31.072+00:00 host_mono_ns=2345290262822129 
[SEDP-RACE-RUN35] host_utc=2026-09-28T09:04:31.072+00:00 host_mono_ns=2345290262853438 === DEBUG [lwip-posix]: udp_sendto called! Bypassing to POSIX sendto ===
[SEDP-RACE-RUN35] host_utc=2026-09-28T09:04:31.072+00:00 host_mono_ns=2345290262864849 
[SEDP-RACE-RUN35] host_utc=2026-09-28T09:04:31.072+00:00 host_mono_ns=2345290262873776 === DEBUG [lwip-posix]: recvfrom received packet of len 204! Bypassing to pcb->recv ===
[SEDP-RACE-RUN35] host_utc=2026-09-28T09:04:31.827+00:00 host_mono_ns=2345291017665074 
[SEDP-RACE-RUN35] host_utc=2026-09-28T09:04:31.827+00:00 host_mono_ns=2345291017696423 === DEBUG [lwip-posix]: recvfrom received packet of len 204! Bypassing to pcb->recv ===
[SEDP-RACE-RUN35] host_utc=2026-09-28T09:04:31.914+00:00 host_mono_ns=2345291104300518 
[SEDP-RACE-RUN35] host_utc=2026-09-28T09:04:31.914+00:00 host_mono_ns=2345291104328371 === DEBUG [lwip-posix]: recvfrom received packet of len 100! Bypassing to pcb->recv ===
[SEDP-RACE-RUN35] host_utc=2026-09-28T09:04:31.914+00:00 host_mono_ns=2345291104431245 [CR-NATIVE-R04] epoch=1790586271.913972831 event=peer_receive topic=/to_linux id=7 payload='Hello from mros2-posix onto Linux: 7'
[SEDP-RACE-RUN35] host_utc=2026-09-28T09:04:31.914+00:00 host_mono_ns=2345291104471501 [CR-NATIVE-R04] epoch=1790586271.914005463 event=peer_echo_publish_return topic=/to_stm id=7 payload='Hello from mros2-posix onto Linux: 7'
[SEDP-RACE-RUN35] host_utc=2026-09-28T09:04:31.914+00:00 host_mono_ns=2345291104482762 
[SEDP-RACE-RUN35] host_utc=2026-09-28T09:04:31.914+00:00 host_mono_ns=2345291104492461 === DEBUG [lwip-posix]: udp_sendto called! Bypassing to POSIX sendto ===
[SEDP-RACE-RUN35] host_utc=2026-09-28T09:04:32.071+00:00 host_mono_ns=2345291261768142 
[SEDP-RACE-RUN35] host_utc=2026-09-28T09:04:32.071+00:00 host_mono_ns=2345291261797918 === DEBUG [lwip-posix]: udp_sendto called! Bypassing to POSIX sendto ===
[SEDP-RACE-RUN35] host_utc=2026-09-28T09:04:32.071+00:00 host_mono_ns=2345291261809009 
[SEDP-RACE-RUN35] host_utc=2026-09-28T09:04:32.071+00:00 host_mono_ns=2345291261817725 === DEBUG [lwip-posix]: udp_sendto called! Bypassing to POSIX sendto ===
[SEDP-RACE-RUN35] host_utc=2026-09-28T09:04:32.072+00:00 host_mono_ns=2345291262625201 
[SEDP-RACE-RUN35] host_utc=2026-09-28T09:04:32.072+00:00 host_mono_ns=2345291262648615 === DEBUG [lwip-posix]: recvfrom received packet of len 48! Bypassing to pcb->recv ===
[SEDP-RACE-RUN35] host_utc=2026-09-28T09:04:32.072+00:00 host_mono_ns=2345291262661610 
[SEDP-RACE-RUN35] host_utc=2026-09-28T09:04:32.072+00:00 host_mono_ns=2345291262671588 === DEBUG [lwip-posix]: udp_sendto called! Bypassing to POSIX sendto ===
[SEDP-RACE-RUN35] host_utc=2026-09-28T09:04:32.072+00:00 host_mono_ns=2345291262697307 
[SEDP-RACE-RUN35] host_utc=2026-09-28T09:04:32.072+00:00 host_mono_ns=2345291262707095 === DEBUG [lwip-posix]: recvfrom received packet of len 204! Bypassing to pcb->recv ===
[SEDP-RACE-RUN35] host_utc=2026-09-28T09:04:32.072+00:00 host_mono_ns=2345291263041096 
[SEDP-RACE-RUN35] host_utc=2026-09-28T09:04:32.072+00:00 host_mono_ns=2345291263069771 === DEBUG [lwip-posix]: recvfrom received packet of len 48! Bypassing to pcb->recv ===
[SEDP-RACE-RUN35] host_utc=2026-09-28T09:04:32.827+00:00 host_mono_ns=2345292017832033 
[SEDP-RACE-RUN35] host_utc=2026-09-28T09:04:32.827+00:00 host_mono_ns=2345292017877890 === DEBUG [lwip-posix]: recvfrom received packet of len 204! Bypassing to pcb->recv ===
[SEDP-RACE-RUN35] host_utc=2026-09-28T09:04:32.915+00:00 host_mono_ns=2345292105234297 
[SEDP-RACE-RUN35] host_utc=2026-09-28T09:04:32.915+00:00 host_mono_ns=2345292105259584 === DEBUG [lwip-posix]: recvfrom received packet of len 100! Bypassing to pcb->recv ===
[SEDP-RACE-RUN35] host_utc=2026-09-28T09:04:32.915+00:00 host_mono_ns=2345292105270886 [CR-NATIVE-R04] epoch=1790586272.914912671 event=peer_receive topic=/to_linux id=8 payload='Hello from mros2-posix onto Linux: 8'
[SEDP-RACE-RUN35] host_utc=2026-09-28T09:04:32.915+00:00 host_mono_ns=2345292105281416 [CR-NATIVE-R04] epoch=1790586272.914938740 event=peer_echo_publish_return topic=/to_stm id=8 payload='Hello from mros2-posix onto Linux: 8'
[SEDP-RACE-RUN35] host_utc=2026-09-28T09:04:32.915+00:00 host_mono_ns=2345292105290623 
[SEDP-RACE-RUN35] host_utc=2026-09-28T09:04:32.915+00:00 host_mono_ns=2345292105298959 === DEBUG [lwip-posix]: udp_sendto called! Bypassing to POSIX sendto ===
[SEDP-RACE-RUN35] host_utc=2026-09-28T09:04:33.072+00:00 host_mono_ns=2345292262730082 
[SEDP-RACE-RUN35] host_utc=2026-09-28T09:04:33.072+00:00 host_mono_ns=2345292262756101 === DEBUG [lwip-posix]: udp_sendto called! Bypassing to POSIX sendto ===
[SEDP-RACE-RUN35] host_utc=2026-09-28T09:04:33.072+00:00 host_mono_ns=2345292262766852 
[SEDP-RACE-RUN35] host_utc=2026-09-28T09:04:33.072+00:00 host_mono_ns=2345292262775568 === DEBUG [lwip-posix]: recvfrom received packet of len 204! Bypassing to pcb->recv ===
[SEDP-RACE-RUN35] host_utc=2026-09-28T09:04:33.827+00:00 host_mono_ns=2345293018161568 
[SEDP-RACE-RUN35] host_utc=2026-09-28T09:04:33.828+00:00 host_mono_ns=2345293018207575 === DEBUG [lwip-posix]: recvfrom received packet of len 204! Bypassing to pcb->recv ===
[SEDP-RACE-RUN35] host_utc=2026-09-28T09:04:33.915+00:00 host_mono_ns=2345293105974708 
[SEDP-RACE-RUN35] host_utc=2026-09-28T09:04:33.915+00:00 host_mono_ns=2345293106018330 === DEBUG [lwip-posix]: recvfrom received packet of len 100! Bypassing to pcb->recv ===
[SEDP-RACE-RUN35] host_utc=2026-09-28T09:04:33.915+00:00 host_mono_ns=2345293106033338 [CR-NATIVE-R04] epoch=1790586273.915640288 event=peer_receive topic=/to_linux id=9 payload='Hello from mros2-posix onto Linux: 9'
[SEDP-RACE-RUN35] host_utc=2026-09-28T09:04:33.915+00:00 host_mono_ns=2345293106044069 [CR-NATIVE-R04] epoch=1790586273.915663291 event=peer_echo_publish_return topic=/to_stm id=9 payload='Hello from mros2-posix onto Linux: 9'
[SEDP-RACE-RUN35] host_utc=2026-09-28T09:04:33.915+00:00 host_mono_ns=2345293106053366 
[SEDP-RACE-RUN35] host_utc=2026-09-28T09:04:33.915+00:00 host_mono_ns=2345293106061692 === DEBUG [lwip-posix]: udp_sendto called! Bypassing to POSIX sendto ===
[SEDP-RACE-RUN35] host_utc=2026-09-28T09:04:34.072+00:00 host_mono_ns=2345293262837809 
[SEDP-RACE-RUN35] host_utc=2026-09-28T09:04:34.072+00:00 host_mono_ns=2345293262870591 === DEBUG [lwip-posix]: udp_sendto called! Bypassing to POSIX sendto ===
[SEDP-RACE-RUN35] host_utc=2026-09-28T09:04:34.072+00:00 host_mono_ns=2345293262968756 
[SEDP-RACE-RUN35] host_utc=2026-09-28T09:04:34.072+00:00 host_mono_ns=2345293262981290 === DEBUG [lwip-posix]: recvfrom received packet of len 204! Bypassing to pcb->recv ===
[SEDP-RACE-RUN35] host_utc=2026-09-28T09:04:34.828+00:00 host_mono_ns=2345294018369004 
[SEDP-RACE-RUN35] host_utc=2026-09-28T09:04:34.828+00:00 host_mono_ns=2345294018420100 === DEBUG [lwip-posix]: recvfrom received packet of len 204! Bypassing to pcb->recv ===
[SEDP-RACE-RUN35] host_utc=2026-09-28T09:04:34.916+00:00 host_mono_ns=2345294106499875 
[SEDP-RACE-RUN35] host_utc=2026-09-28T09:04:34.916+00:00 host_mono_ns=2345294106534630 === DEBUG [lwip-posix]: recvfrom received packet of len 104! Bypassing to pcb->recv ===
[SEDP-RACE-RUN35] host_utc=2026-09-28T09:04:34.916+00:00 host_mono_ns=2345294106547705 [CR-NATIVE-R04] epoch=1790586274.916204148 event=peer_receive topic=/to_linux id=10 payload='Hello from mros2-posix onto Linux: 10'
[SEDP-RACE-RUN35] host_utc=2026-09-28T09:04:34.916+00:00 host_mono_ns=2345294106557904 [CR-NATIVE-R04] epoch=1790586274.916222352 event=peer_echo_publish_return topic=/to_stm id=10 payload='Hello from mros2-posix onto Linux: 10'
[SEDP-RACE-RUN35] host_utc=2026-09-28T09:04:34.916+00:00 host_mono_ns=2345294106573905 
[SEDP-RACE-RUN35] host_utc=2026-09-28T09:04:34.916+00:00 host_mono_ns=2345294106582872 === DEBUG [lwip-posix]: udp_sendto called! Bypassing to POSIX sendto ===
[SEDP-RACE-RUN35] host_utc=2026-09-28T09:04:35.072+00:00 host_mono_ns=2345294262913106 
[SEDP-RACE-RUN35] host_utc=2026-09-28T09:04:35.072+00:00 host_mono_ns=2345294262941720 === DEBUG [lwip-posix]: udp_sendto called! Bypassing to POSIX sendto ===
[SEDP-RACE-RUN35] host_utc=2026-09-28T09:04:35.072+00:00 host_mono_ns=2345294263081373 
[SEDP-RACE-RUN35] host_utc=2026-09-28T09:04:35.072+00:00 host_mono_ns=2345294263099097 === DEBUG [lwip-posix]: recvfrom received packet of len 204! Bypassing to pcb->recv ===
[SEDP-RACE-RUN35] host_utc=2026-09-28T09:04:35.828+00:00 host_mono_ns=2345295018478363 
[SEDP-RACE-RUN35] host_utc=2026-09-28T09:04:35.828+00:00 host_mono_ns=2345295018510985 === DEBUG [lwip-posix]: recvfrom received packet of len 204! Bypassing to pcb->recv ===
[SEDP-RACE-RUN35] host_utc=2026-09-28T09:04:35.917+00:00 host_mono_ns=2345295107408563 
[SEDP-RACE-RUN35] host_utc=2026-09-28T09:04:35.917+00:00 host_mono_ns=2345295107431316 === DEBUG [lwip-posix]: recvfrom received packet of len 104! Bypassing to pcb->recv ===
[SEDP-RACE-RUN35] host_utc=2026-09-28T09:04:35.917+00:00 host_mono_ns=2345295107450162 [CR-NATIVE-R04] epoch=1790586275.917136532 event=peer_receive topic=/to_linux id=11 payload='Hello from mros2-posix onto Linux: 11'
[SEDP-RACE-RUN35] host_utc=2026-09-28T09:04:35.917+00:00 host_mono_ns=2345295107464068 [CR-NATIVE-R04] epoch=1790586275.917158333 event=peer_echo_publish_return topic=/to_stm id=11 payload='Hello from mros2-posix onto Linux: 11'
[SEDP-RACE-RUN35] host_utc=2026-09-28T09:04:35.917+00:00 host_mono_ns=2345295107474738 
[SEDP-RACE-RUN35] host_utc=2026-09-28T09:04:35.917+00:00 host_mono_ns=2345295107483225 === DEBUG [lwip-posix]: udp_sendto called! Bypassing to POSIX sendto ===
[SEDP-RACE-RUN35] host_utc=2026-09-28T09:04:36.071+00:00 host_mono_ns=2345295261928508 
[SEDP-RACE-RUN35] host_utc=2026-09-28T09:04:36.071+00:00 host_mono_ns=2345295261968072 === DEBUG [lwip-posix]: udp_sendto called! Bypassing to POSIX sendto ===
[SEDP-RACE-RUN35] host_utc=2026-09-28T09:04:36.071+00:00 host_mono_ns=2345295262185864 
[SEDP-RACE-RUN35] host_utc=2026-09-28T09:04:36.072+00:00 host_mono_ns=2345295262230839 === DEBUG [lwip-posix]: udp_sendto called! Bypassing to POSIX sendto ===
[SEDP-RACE-RUN35] host_utc=2026-09-28T09:04:36.072+00:00 host_mono_ns=2345295262712068 
[SEDP-RACE-RUN35] host_utc=2026-09-28T09:04:36.072+00:00 host_mono_ns=2345295262727908 === DEBUG [lwip-posix]: recvfrom received packet of len 48! Bypassing to pcb->recv ===
[SEDP-RACE-RUN35] host_utc=2026-09-28T09:04:36.072+00:00 host_mono_ns=2345295262978592 
[SEDP-RACE-RUN35] host_utc=2026-09-28T09:04:36.072+00:00 host_mono_ns=2345295263025300 === DEBUG [lwip-posix]: udp_sendto called! Bypassing to POSIX sendto ===
[SEDP-RACE-RUN35] host_utc=2026-09-28T09:04:36.072+00:00 host_mono_ns=2345295263050237 
[SEDP-RACE-RUN35] host_utc=2026-09-28T09:04:36.072+00:00 host_mono_ns=2345295263063151 === DEBUG [lwip-posix]: recvfrom received packet of len 204! Bypassing to pcb->recv ===
[SEDP-RACE-RUN35] host_utc=2026-09-28T09:04:36.072+00:00 host_mono_ns=2345295263092427 
[SEDP-RACE-RUN35] host_utc=2026-09-28T09:04:36.072+00:00 host_mono_ns=2345295263101654 === DEBUG [lwip-posix]: recvfrom received packet of len 48! Bypassing to pcb->recv ===
[SEDP-RACE-RUN35] host_utc=2026-09-28T09:04:36.828+00:00 host_mono_ns=2345296018843506 
[SEDP-RACE-RUN35] host_utc=2026-09-28T09:04:36.828+00:00 host_mono_ns=2345296018874154 === DEBUG [lwip-posix]: recvfrom received packet of len 204! Bypassing to pcb->recv ===
[SEDP-RACE-RUN35] host_utc=2026-09-28T09:04:36.917+00:00 host_mono_ns=2345296108137019 
[SEDP-RACE-RUN35] host_utc=2026-09-28T09:04:36.918+00:00 host_mono_ns=2345296108306550 === DEBUG [lwip-posix]: recvfrom received packet of len 104! Bypassing to pcb->recv ===
[SEDP-RACE-RUN35] host_utc=2026-09-28T09:04:36.918+00:00 host_mono_ns=2345296108322861 [CR-NATIVE-R04] epoch=1790586276.917810014 event=peer_receive topic=/to_linux id=12 payload='Hello from mros2-posix onto Linux: 12'
[SEDP-RACE-RUN35] host_utc=2026-09-28T09:04:36.918+00:00 host_mono_ns=2345296108333641 [CR-NATIVE-R04] epoch=1790586276.917827847 event=peer_echo_publish_return topic=/to_stm id=12 payload='Hello from mros2-posix onto Linux: 12'
[SEDP-RACE-RUN35] host_utc=2026-09-28T09:04:36.918+00:00 host_mono_ns=2345296108352266 
[SEDP-RACE-RUN35] host_utc=2026-09-28T09:04:36.918+00:00 host_mono_ns=2345296108361854 === DEBUG [lwip-posix]: udp_sendto called! Bypassing to POSIX sendto ===
[SEDP-RACE-RUN35] host_utc=2026-09-28T09:04:37.072+00:00 host_mono_ns=2345296263085345 
[SEDP-RACE-RUN35] host_utc=2026-09-28T09:04:37.072+00:00 host_mono_ns=2345296263116625 === DEBUG [lwip-posix]: udp_sendto called! Bypassing to POSIX sendto ===
[SEDP-RACE-RUN35] host_utc=2026-09-28T09:04:37.073+00:00 host_mono_ns=2345296263233786 
[SEDP-RACE-RUN35] host_utc=2026-09-28T09:04:37.073+00:00 host_mono_ns=2345296263254385 === DEBUG [lwip-posix]: recvfrom received packet of len 204! Bypassing to pcb->recv ===
[SEDP-RACE-RUN35] host_utc=2026-09-28T09:04:37.829+00:00 host_mono_ns=2345297019191916 
[SEDP-RACE-RUN35] host_utc=2026-09-28T09:04:37.829+00:00 host_mono_ns=2345297019227093 === DEBUG [lwip-posix]: recvfrom received packet of len 204! Bypassing to pcb->recv ===
[SEDP-RACE-RUN35] host_utc=2026-09-28T09:04:37.918+00:00 host_mono_ns=2345297108979245 
[SEDP-RACE-RUN35] host_utc=2026-09-28T09:04:37.918+00:00 host_mono_ns=2345297109030132 === DEBUG [lwip-posix]: recvfrom received packet of len 104! Bypassing to pcb->recv ===
[SEDP-RACE-RUN35] host_utc=2026-09-28T09:04:37.918+00:00 host_mono_ns=2345297109044499 [CR-NATIVE-R04] epoch=1790586277.918669412 event=peer_receive topic=/to_linux id=13 payload='Hello from mros2-posix onto Linux: 13'
[SEDP-RACE-RUN35] host_utc=2026-09-28T09:04:37.918+00:00 host_mono_ns=2345297109055880 [CR-NATIVE-R04] epoch=1790586277.918688969 event=peer_echo_publish_return topic=/to_stm id=13 payload='Hello from mros2-posix onto Linux: 13'
[SEDP-RACE-RUN35] host_utc=2026-09-28T09:04:37.918+00:00 host_mono_ns=2345297109081459 
[SEDP-RACE-RUN35] host_utc=2026-09-28T09:04:37.918+00:00 host_mono_ns=2345297109090896 === DEBUG [lwip-posix]: udp_sendto called! Bypassing to POSIX sendto ===
[SEDP-RACE-RUN35] host_utc=2026-09-28T09:04:38.073+00:00 host_mono_ns=2345297263327615 
[SEDP-RACE-RUN35] host_utc=2026-09-28T09:04:38.073+00:00 host_mono_ns=2345297263356740 === DEBUG [lwip-posix]: udp_sendto called! Bypassing to POSIX sendto ===
[SEDP-RACE-RUN35] host_utc=2026-09-28T09:04:38.073+00:00 host_mono_ns=2345297263374483 
[SEDP-RACE-RUN35] host_utc=2026-09-28T09:04:38.073+00:00 host_mono_ns=2345297263383811 === DEBUG [lwip-posix]: recvfrom received packet of len 204! Bypassing to pcb->recv ===
[SEDP-RACE-RUN35] host_utc=2026-09-28T09:04:38.829+00:00 host_mono_ns=2345298019362682 
[SEDP-RACE-RUN35] host_utc=2026-09-28T09:04:38.829+00:00 host_mono_ns=2345298019393010 === DEBUG [lwip-posix]: recvfrom received packet of len 204! Bypassing to pcb->recv ===
[SEDP-RACE-RUN35] host_utc=2026-09-28T09:04:38.919+00:00 host_mono_ns=2345298109524219 
[SEDP-RACE-RUN35] host_utc=2026-09-28T09:04:38.919+00:00 host_mono_ns=2345298109567481 === DEBUG [lwip-posix]: recvfrom received packet of len 104! Bypassing to pcb->recv ===
[SEDP-RACE-RUN35] host_utc=2026-09-28T09:04:38.919+00:00 host_mono_ns=2345298109585986 [CR-NATIVE-R04] epoch=1790586278.919236056 event=peer_receive topic=/to_linux id=14 payload='Hello from mros2-posix onto Linux: 14'
[SEDP-RACE-RUN35] host_utc=2026-09-28T09:04:38.919+00:00 host_mono_ns=2345298109596275 [CR-NATIVE-R04] epoch=1790586278.919263278 event=peer_echo_publish_return topic=/to_stm id=14 payload='Hello from mros2-posix onto Linux: 14'
[SEDP-RACE-RUN35] host_utc=2026-09-28T09:04:38.919+00:00 host_mono_ns=2345298109605623 
[SEDP-RACE-RUN35] host_utc=2026-09-28T09:04:38.919+00:00 host_mono_ns=2345298109614279 === DEBUG [lwip-posix]: udp_sendto called! Bypassing to POSIX sendto ===
[SEDP-RACE-RUN35] host_utc=2026-09-28T09:04:39.073+00:00 host_mono_ns=2345298263370738 
[SEDP-RACE-RUN35] host_utc=2026-09-28T09:04:39.073+00:00 host_mono_ns=2345298263405634 === DEBUG [lwip-posix]: udp_sendto called! Bypassing to POSIX sendto ===
[SEDP-RACE-RUN35] host_utc=2026-09-28T09:04:39.073+00:00 host_mono_ns=2345298263416826 
[SEDP-RACE-RUN35] host_utc=2026-09-28T09:04:39.073+00:00 host_mono_ns=2345298263425662 === DEBUG [lwip-posix]: recvfrom received packet of len 204! Bypassing to pcb->recv ===
[SEDP-RACE-RUN35] host_utc=2026-09-28T09:04:39.829+00:00 host_mono_ns=2345299019506236 
[SEDP-RACE-RUN35] host_utc=2026-09-28T09:04:39.829+00:00 host_mono_ns=2345299019543777 === DEBUG [lwip-posix]: recvfrom received packet of len 204! Bypassing to pcb->recv ===
[SEDP-RACE-RUN35] host_utc=2026-09-28T09:04:39.920+00:00 host_mono_ns=2345299110509051 
[SEDP-RACE-RUN35] host_utc=2026-09-28T09:04:39.920+00:00 host_mono_ns=2345299110550820 === DEBUG [lwip-posix]: recvfrom received packet of len 104! Bypassing to pcb->recv ===
[SEDP-RACE-RUN35] host_utc=2026-09-28T09:04:39.920+00:00 host_mono_ns=2345299110568163 [CR-NATIVE-R04] epoch=1790586279.920171385 event=peer_receive topic=/to_linux id=15 payload='Hello from mros2-posix onto Linux: 15'
[SEDP-RACE-RUN35] host_utc=2026-09-28T09:04:39.920+00:00 host_mono_ns=2345299110584223 [CR-NATIVE-R04] epoch=1790586279.920189289 event=peer_echo_publish_return topic=/to_stm id=15 payload='Hello from mros2-posix onto Linux: 15'
[SEDP-RACE-RUN35] host_utc=2026-09-28T09:04:39.920+00:00 host_mono_ns=2345299110598470 
[SEDP-RACE-RUN35] host_utc=2026-09-28T09:04:39.920+00:00 host_mono_ns=2345299110611695 === DEBUG [lwip-posix]: udp_sendto called! Bypassing to POSIX sendto ===
[SEDP-RACE-RUN35] host_utc=2026-09-28T09:04:40.071+00:00 host_mono_ns=2345299262057210 
[SEDP-RACE-RUN35] host_utc=2026-09-28T09:04:40.071+00:00 host_mono_ns=2345299262088880 === DEBUG [lwip-posix]: udp_sendto called! Bypassing to POSIX sendto ===
[SEDP-RACE-RUN35] host_utc=2026-09-28T09:04:40.072+00:00 host_mono_ns=2345299262290330 
[SEDP-RACE-RUN35] host_utc=2026-09-28T09:04:40.072+00:00 host_mono_ns=2345299262333111 === DEBUG [lwip-posix]: udp_sendto called! Bypassing to POSIX sendto ===
[SEDP-RACE-RUN35] host_utc=2026-09-28T09:04:40.072+00:00 host_mono_ns=2345299262808389 
[SEDP-RACE-RUN35] host_utc=2026-09-28T09:04:40.072+00:00 host_mono_ns=2345299262824139 === DEBUG [lwip-posix]: recvfrom received packet of len 48! Bypassing to pcb->recv ===
[SEDP-RACE-RUN35] host_utc=2026-09-28T09:04:40.073+00:00 host_mono_ns=2345299263285801 
[SEDP-RACE-RUN35] host_utc=2026-09-28T09:04:40.073+00:00 host_mono_ns=2345299263316750 === DEBUG [lwip-posix]: udp_sendto called! Bypassing to POSIX sendto ===
[SEDP-RACE-RUN35] host_utc=2026-09-28T09:04:40.073+00:00 host_mono_ns=2345299263329584 
[SEDP-RACE-RUN35] host_utc=2026-09-28T09:04:40.073+00:00 host_mono_ns=2345299263340364 === DEBUG [lwip-posix]: recvfrom received packet of len 48! Bypassing to pcb->recv ===
[SEDP-RACE-RUN35] host_utc=2026-09-28T09:04:40.073+00:00 host_mono_ns=2345299263351285 
[SEDP-RACE-RUN35] host_utc=2026-09-28T09:04:40.073+00:00 host_mono_ns=2345299263361514 === DEBUG [lwip-posix]: recvfrom received packet of len 204! Bypassing to pcb->recv ===
[SEDP-RACE-RUN35] host_utc=2026-09-28T09:04:40.829+00:00 host_mono_ns=2345300019706528 
[SEDP-RACE-RUN35] host_utc=2026-09-28T09:04:40.829+00:00 host_mono_ns=2345300019740242 === DEBUG [lwip-posix]: recvfrom received packet of len 204! Bypassing to pcb->recv ===
[SEDP-RACE-RUN35] host_utc=2026-09-28T09:04:40.921+00:00 host_mono_ns=2345300111239656 
[SEDP-RACE-RUN35] host_utc=2026-09-28T09:04:40.921+00:00 host_mono_ns=2345300111269963 === DEBUG [lwip-posix]: recvfrom received packet of len 104! Bypassing to pcb->recv ===
[SEDP-RACE-RUN35] host_utc=2026-09-28T09:04:40.921+00:00 host_mono_ns=2345300111281194 [CR-NATIVE-R04] epoch=1790586280.920916647 event=peer_receive topic=/to_linux id=16 payload='Hello from mros2-posix onto Linux: 16'
[SEDP-RACE-RUN35] host_utc=2026-09-28T09:04:40.921+00:00 host_mono_ns=2345300111292025 [CR-NATIVE-R04] epoch=1790586280.920934952 event=peer_echo_publish_return topic=/to_stm id=16 payload='Hello from mros2-posix onto Linux: 16'
[SEDP-RACE-RUN35] host_utc=2026-09-28T09:04:40.921+00:00 host_mono_ns=2345300111302434 
[SEDP-RACE-RUN35] host_utc=2026-09-28T09:04:40.921+00:00 host_mono_ns=2345300111310860 === DEBUG [lwip-posix]: udp_sendto called! Bypassing to POSIX sendto ===
[SEDP-RACE-RUN35] host_utc=2026-09-28T09:04:41.073+00:00 host_mono_ns=2345300263352843 
[SEDP-RACE-RUN35] host_utc=2026-09-28T09:04:41.073+00:00 host_mono_ns=2345300263382570 === DEBUG [lwip-posix]: udp_sendto called! Bypassing to POSIX sendto ===
[SEDP-RACE-RUN35] host_utc=2026-09-28T09:04:41.073+00:00 host_mono_ns=2345300263393640 
[SEDP-RACE-RUN35] host_utc=2026-09-28T09:04:41.073+00:00 host_mono_ns=2345300263402748 === DEBUG [lwip-posix]: recvfrom received packet of len 204! Bypassing to pcb->recv ===
[SEDP-RACE-RUN35] host_utc=2026-09-28T09:04:41.829+00:00 host_mono_ns=2345301019989717 
[SEDP-RACE-RUN35] host_utc=2026-09-28T09:04:41.829+00:00 host_mono_ns=2345301020082332 === DEBUG [lwip-posix]: recvfrom received packet of len 204! Bypassing to pcb->recv ===
[SEDP-RACE-RUN35] host_utc=2026-09-28T09:04:41.921+00:00 host_mono_ns=2345301111772688 
[SEDP-RACE-RUN35] host_utc=2026-09-28T09:04:41.921+00:00 host_mono_ns=2345301111814787 === DEBUG [lwip-posix]: recvfrom received packet of len 104! Bypassing to pcb->recv ===
[SEDP-RACE-RUN35] host_utc=2026-09-28T09:04:41.921+00:00 host_mono_ns=2345301111838021 [CR-NATIVE-R04] epoch=1790586281.921487211 event=peer_receive topic=/to_linux id=17 payload='Hello from mros2-posix onto Linux: 17'
[SEDP-RACE-RUN35] host_utc=2026-09-28T09:04:41.921+00:00 host_mono_ns=2345301111853270 [CR-NATIVE-R04] epoch=1790586281.921512538 event=peer_echo_publish_return topic=/to_stm id=17 payload='Hello from mros2-posix onto Linux: 17'
[SEDP-RACE-RUN35] host_utc=2026-09-28T09:04:41.921+00:00 host_mono_ns=2345301111865273 
[SEDP-RACE-RUN35] host_utc=2026-09-28T09:04:41.921+00:00 host_mono_ns=2345301111876264 === DEBUG [lwip-posix]: udp_sendto called! Bypassing to POSIX sendto ===
[SEDP-RACE-RUN35] host_utc=2026-09-28T09:04:42.073+00:00 host_mono_ns=2345301263764156 
[SEDP-RACE-RUN35] host_utc=2026-09-28T09:04:42.073+00:00 host_mono_ns=2345301263806716 === DEBUG [lwip-posix]: udp_sendto called! Bypassing to POSIX sendto ===
[SEDP-RACE-RUN35] host_utc=2026-09-28T09:04:42.073+00:00 host_mono_ns=2345301263817947 
[SEDP-RACE-RUN35] host_utc=2026-09-28T09:04:42.073+00:00 host_mono_ns=2345301263826734 === DEBUG [lwip-posix]: recvfrom received packet of len 204! Bypassing to pcb->recv ===
[SEDP-RACE-RUN35] host_utc=2026-09-28T09:04:42.830+00:00 host_mono_ns=2345302020468486 
[SEDP-RACE-RUN35] host_utc=2026-09-28T09:04:42.830+00:00 host_mono_ns=2345302020507109 === DEBUG [lwip-posix]: recvfrom received packet of len 204! Bypassing to pcb->recv ===
[SEDP-RACE-RUN35] host_utc=2026-09-28T09:04:42.922+00:00 host_mono_ns=2345302112733547 
[SEDP-RACE-RUN35] host_utc=2026-09-28T09:04:42.922+00:00 host_mono_ns=2345302112772761 === DEBUG [lwip-posix]: recvfrom received packet of len 104! Bypassing to pcb->recv ===
[SEDP-RACE-RUN35] host_utc=2026-09-28T09:04:42.922+00:00 host_mono_ns=2345302112797067 [CR-NATIVE-R04] epoch=1790586282.922394549 event=peer_receive topic=/to_linux id=18 payload='Hello from mros2-posix onto Linux: 18'
[SEDP-RACE-RUN35] host_utc=2026-09-28T09:04:42.922+00:00 host_mono_ns=2345302112807837 [CR-NATIVE-R04] epoch=1790586282.922417743 event=peer_echo_publish_return topic=/to_stm id=18 payload='Hello from mros2-posix onto Linux: 18'
[SEDP-RACE-RUN35] host_utc=2026-09-28T09:04:42.922+00:00 host_mono_ns=2345302112824599 
[SEDP-RACE-RUN35] host_utc=2026-09-28T09:04:42.922+00:00 host_mono_ns=2345302112833496 === DEBUG [lwip-posix]: udp_sendto called! Bypassing to POSIX sendto ===
[SEDP-RACE-RUN35] host_utc=2026-09-28T09:04:43.073+00:00 host_mono_ns=2345302263682112 
[SEDP-RACE-RUN35] host_utc=2026-09-28T09:04:43.073+00:00 host_mono_ns=2345302263710656 === DEBUG [lwip-posix]: udp_sendto called! Bypassing to POSIX sendto ===
[SEDP-RACE-RUN35] host_utc=2026-09-28T09:04:43.073+00:00 host_mono_ns=2345302263721787 
[SEDP-RACE-RUN35] host_utc=2026-09-28T09:04:43.073+00:00 host_mono_ns=2345302263732798 === DEBUG [lwip-posix]: recvfrom received packet of len 204! Bypassing to pcb->recv ===
[SEDP-RACE-RUN35] host_utc=2026-09-28T09:04:43.830+00:00 host_mono_ns=2345303020497586 
[SEDP-RACE-RUN35] host_utc=2026-09-28T09:04:43.830+00:00 host_mono_ns=2345303020528324 === DEBUG [lwip-posix]: recvfrom received packet of len 204! Bypassing to pcb->recv ===
[SEDP-RACE-RUN35] host_utc=2026-09-28T09:04:43.923+00:00 host_mono_ns=2345303113521148 
[SEDP-RACE-RUN35] host_utc=2026-09-28T09:04:43.923+00:00 host_mono_ns=2345303113559992 === DEBUG [lwip-posix]: recvfrom received packet of len 104! Bypassing to pcb->recv ===
[SEDP-RACE-RUN35] host_utc=2026-09-28T09:04:43.923+00:00 host_mono_ns=2345303113571854 [CR-NATIVE-R04] epoch=1790586283.923201807 event=peer_receive topic=/to_linux id=19 payload='Hello from mros2-posix onto Linux: 19'
[SEDP-RACE-RUN35] host_utc=2026-09-28T09:04:43.923+00:00 host_mono_ns=2345303113582174 [CR-NATIVE-R04] epoch=1790586283.923219430 event=peer_echo_publish_return topic=/to_stm id=19 payload='Hello from mros2-posix onto Linux: 19'
[SEDP-RACE-RUN35] host_utc=2026-09-28T09:04:43.923+00:00 host_mono_ns=2345303113597924 
[SEDP-RACE-RUN35] host_utc=2026-09-28T09:04:43.923+00:00 host_mono_ns=2345303113606900 === DEBUG [lwip-posix]: udp_sendto called! Bypassing to POSIX sendto ===
[SEDP-RACE-RUN35] host_utc=2026-09-28T09:04:44.072+00:00 host_mono_ns=2345303262316928 
[SEDP-RACE-RUN35] host_utc=2026-09-28T09:04:44.072+00:00 host_mono_ns=2345303262354208 === DEBUG [lwip-posix]: udp_sendto called! Bypassing to POSIX sendto ===
[SEDP-RACE-RUN35] host_utc=2026-09-28T09:04:44.072+00:00 host_mono_ns=2345303262415775 
[SEDP-RACE-RUN35] host_utc=2026-09-28T09:04:44.072+00:00 host_mono_ns=2345303262436564 === DEBUG [lwip-posix]: udp_sendto called! Bypassing to POSIX sendto ===
[SEDP-RACE-RUN35] host_utc=2026-09-28T09:04:44.072+00:00 host_mono_ns=2345303263036066 
[SEDP-RACE-RUN35] host_utc=2026-09-28T09:04:44.072+00:00 host_mono_ns=2345303263073277 === DEBUG [lwip-posix]: recvfrom received packet of len 48! Bypassing to pcb->recv ===
[SEDP-RACE-RUN35] host_utc=2026-09-28T09:04:44.073+00:00 host_mono_ns=2345303263440120 
[SEDP-RACE-RUN35] host_utc=2026-09-28T09:04:44.073+00:00 host_mono_ns=2345303263464776 === DEBUG [lwip-posix]: recvfrom received packet of len 48! Bypassing to pcb->recv ===
[SEDP-RACE-RUN35] host_utc=2026-09-28T09:04:44.073+00:00 host_mono_ns=2345303263614209 
[SEDP-RACE-RUN35] host_utc=2026-09-28T09:04:44.073+00:00 host_mono_ns=2345303263641641 === DEBUG [lwip-posix]: udp_sendto called! Bypassing to POSIX sendto ===
[SEDP-RACE-RUN35] host_utc=2026-09-28T09:04:44.073+00:00 host_mono_ns=2345303263652742 
[SEDP-RACE-RUN35] host_utc=2026-09-28T09:04:44.073+00:00 host_mono_ns=2345303263661648 === DEBUG [lwip-posix]: recvfrom received packet of len 204! Bypassing to pcb->recv ===
[SEDP-RACE-RUN35] host_utc=2026-09-28T09:04:44.830+00:00 host_mono_ns=2345304020735579 
[SEDP-RACE-RUN35] host_utc=2026-09-28T09:04:44.830+00:00 host_mono_ns=2345304020766427 === DEBUG [lwip-posix]: recvfrom received packet of len 204! Bypassing to pcb->recv ===
[SEDP-RACE-RUN35] host_utc=2026-09-28T09:04:44.924+00:00 host_mono_ns=2345304114251041 
[SEDP-RACE-RUN35] host_utc=2026-09-28T09:04:44.924+00:00 host_mono_ns=2345304114287881 === DEBUG [lwip-posix]: recvfrom received packet of len 104! Bypassing to pcb->recv ===
[SEDP-RACE-RUN35] host_utc=2026-09-28T09:04:44.924+00:00 host_mono_ns=2345304114301927 [CR-NATIVE-R04] epoch=1790586284.923950105 event=peer_receive topic=/to_linux id=20 payload='Hello from mros2-posix onto Linux: 20'
[SEDP-RACE-RUN35] host_utc=2026-09-28T09:04:44.924+00:00 host_mono_ns=2345304114314401 [CR-NATIVE-R04] epoch=1790586284.923968219 event=peer_echo_publish_return topic=/to_stm id=20 payload='Hello from mros2-posix onto Linux: 20'
[SEDP-RACE-RUN35] host_utc=2026-09-28T09:04:44.924+00:00 host_mono_ns=2345304114331944 
[SEDP-RACE-RUN35] host_utc=2026-09-28T09:04:44.924+00:00 host_mono_ns=2345304114345690 === DEBUG [lwip-posix]: udp_sendto called! Bypassing to POSIX sendto ===
[SEDP-RACE-RUN35] host_utc=2026-09-28T09:04:45.073+00:00 host_mono_ns=2345304263842253 
[SEDP-RACE-RUN35] host_utc=2026-09-28T09:04:45.073+00:00 host_mono_ns=2345304263879754 === DEBUG [lwip-posix]: udp_sendto called! Bypassing to POSIX sendto ===
[SEDP-RACE-RUN35] host_utc=2026-09-28T09:04:45.073+00:00 host_mono_ns=2345304263902276 
[SEDP-RACE-RUN35] host_utc=2026-09-28T09:04:45.073+00:00 host_mono_ns=2345304263917615 === DEBUG [lwip-posix]: recvfrom received packet of len 204! Bypassing to pcb->recv ===
[SEDP-RACE-RUN35] host_utc=2026-09-28T09:04:45.830+00:00 host_mono_ns=2345305021155605 
[SEDP-RACE-RUN35] host_utc=2026-09-28T09:04:45.831+00:00 host_mono_ns=2345305021190922 === DEBUG [lwip-posix]: recvfrom received packet of len 204! Bypassing to pcb->recv ===
[SEDP-RACE-RUN35] host_utc=2026-09-28T09:04:45.924+00:00 host_mono_ns=2345305114801631 
[SEDP-RACE-RUN35] host_utc=2026-09-28T09:04:45.924+00:00 host_mono_ns=2345305114828983 === DEBUG [lwip-posix]: recvfrom received packet of len 104! Bypassing to pcb->recv ===
[SEDP-RACE-RUN35] host_utc=2026-09-28T09:04:45.924+00:00 host_mono_ns=2345305114842388 [CR-NATIVE-R04] epoch=1790586285.924502388 event=peer_receive topic=/to_linux id=21 payload='Hello from mros2-posix onto Linux: 21'
[SEDP-RACE-RUN35] host_utc=2026-09-28T09:04:45.924+00:00 host_mono_ns=2345305114854591 [CR-NATIVE-R04] epoch=1790586285.924521905 event=peer_echo_publish_return topic=/to_stm id=21 payload='Hello from mros2-posix onto Linux: 21'
[SEDP-RACE-RUN35] host_utc=2026-09-28T09:04:45.924+00:00 host_mono_ns=2345305114875421 
[SEDP-RACE-RUN35] host_utc=2026-09-28T09:04:45.924+00:00 host_mono_ns=2345305114886752 === DEBUG [lwip-posix]: udp_sendto called! Bypassing to POSIX sendto ===
[SEDP-RACE-RUN35] host_utc=2026-09-28T09:04:46.073+00:00 host_mono_ns=2345305263942906 
[SEDP-RACE-RUN35] host_utc=2026-09-28T09:04:46.073+00:00 host_mono_ns=2345305263982111 === DEBUG [lwip-posix]: udp_sendto called! Bypassing to POSIX sendto ===
[SEDP-RACE-RUN35] host_utc=2026-09-28T09:04:46.073+00:00 host_mono_ns=2345305263995897 
[SEDP-RACE-RUN35] host_utc=2026-09-28T09:04:46.073+00:00 host_mono_ns=2345305264027536 === DEBUG [lwip-posix]: recvfrom received packet of len 204! Bypassing to pcb->recv ===
[SEDP-RACE-RUN35] host_utc=2026-09-28T09:04:46.831+00:00 host_mono_ns=2345306021263182 
[SEDP-RACE-RUN35] host_utc=2026-09-28T09:04:46.831+00:00 host_mono_ns=2345306021292607 === DEBUG [lwip-posix]: recvfrom received packet of len 204! Bypassing to pcb->recv ===
[SEDP-RACE-RUN35] host_utc=2026-09-28T09:04:46.925+00:00 host_mono_ns=2345306115585519 
[SEDP-RACE-RUN35] host_utc=2026-09-28T09:04:46.925+00:00 host_mono_ns=2345306115752745 === DEBUG [lwip-posix]: recvfrom received packet of len 104! Bypassing to pcb->recv ===
[SEDP-RACE-RUN35] host_utc=2026-09-28T09:04:46.925+00:00 host_mono_ns=2345306115775869 [CR-NATIVE-R04] epoch=1790586286.925305903 event=peer_receive topic=/to_linux id=22 payload='Hello from mros2-posix onto Linux: 22'
[SEDP-RACE-RUN35] host_utc=2026-09-28T09:04:46.925+00:00 host_mono_ns=2345306115789204 [CR-NATIVE-R04] epoch=1790586286.925327503 event=peer_echo_publish_return topic=/to_stm id=22 payload='Hello from mros2-posix onto Linux: 22'
[SEDP-RACE-RUN35] host_utc=2026-09-28T09:04:46.925+00:00 host_mono_ns=2345306115814391 
[SEDP-RACE-RUN35] host_utc=2026-09-28T09:04:46.925+00:00 host_mono_ns=2345306115823298 === DEBUG [lwip-posix]: udp_sendto called! Bypassing to POSIX sendto ===
[SEDP-RACE-RUN35] host_utc=2026-09-28T09:04:47.073+00:00 host_mono_ns=2345306264060209 
[SEDP-RACE-RUN35] host_utc=2026-09-28T09:04:47.073+00:00 host_mono_ns=2345306264088542 === DEBUG [lwip-posix]: udp_sendto called! Bypassing to POSIX sendto ===
[SEDP-RACE-RUN35] host_utc=2026-09-28T09:04:47.073+00:00 host_mono_ns=2345306264099693 
[SEDP-RACE-RUN35] host_utc=2026-09-28T09:04:47.073+00:00 host_mono_ns=2345306264108520 === DEBUG [lwip-posix]: recvfrom received packet of len 204! Bypassing to pcb->recv ===
[SEDP-RACE-RUN35] host_utc=2026-09-28T09:04:47.831+00:00 host_mono_ns=2345307021534073 
[SEDP-RACE-RUN35] host_utc=2026-09-28T09:04:47.831+00:00 host_mono_ns=2345307021565192 === DEBUG [lwip-posix]: recvfrom received packet of len 204! Bypassing to pcb->recv ===
[SEDP-RACE-RUN35] host_utc=2026-09-28T09:04:47.926+00:00 host_mono_ns=2345307116347008 
[SEDP-RACE-RUN35] host_utc=2026-09-28T09:04:47.926+00:00 host_mono_ns=2345307116369270 === DEBUG [lwip-posix]: recvfrom received packet of len 104! Bypassing to pcb->recv ===
[SEDP-RACE-RUN35] host_utc=2026-09-28T09:04:47.926+00:00 host_mono_ns=2345307116387685 [CR-NATIVE-R04] epoch=1790586287.926061120 event=peer_receive topic=/to_linux id=23 payload='Hello from mros2-posix onto Linux: 23'
[SEDP-RACE-RUN35] host_utc=2026-09-28T09:04:47.926+00:00 host_mono_ns=2345307116398205 [CR-NATIVE-R04] epoch=1790586287.926081168 event=peer_echo_publish_return topic=/to_stm id=23 payload='Hello from mros2-posix onto Linux: 23'
[SEDP-RACE-RUN35] host_utc=2026-09-28T09:04:47.926+00:00 host_mono_ns=2345307116407472 
[SEDP-RACE-RUN35] host_utc=2026-09-28T09:04:47.926+00:00 host_mono_ns=2345307116416069 === DEBUG [lwip-posix]: udp_sendto called! Bypassing to POSIX sendto ===
[SEDP-RACE-RUN35] host_utc=2026-09-28T09:04:48.072+00:00 host_mono_ns=2345307262374720 
[SEDP-RACE-RUN35] host_utc=2026-09-28T09:04:48.072+00:00 host_mono_ns=2345307262404817 === DEBUG [lwip-posix]: udp_sendto called! Bypassing to POSIX sendto ===
[SEDP-RACE-RUN35] host_utc=2026-09-28T09:04:48.072+00:00 host_mono_ns=2345307262612309 
[SEDP-RACE-RUN35] host_utc=2026-09-28T09:04:48.072+00:00 host_mono_ns=2345307262640683 === DEBUG [lwip-posix]: udp_sendto called! Bypassing to POSIX sendto ===
[SEDP-RACE-RUN35] host_utc=2026-09-28T09:04:48.073+00:00 host_mono_ns=2345307263197585 
[SEDP-RACE-RUN35] host_utc=2026-09-28T09:04:48.073+00:00 host_mono_ns=2345307263230337 === DEBUG [lwip-posix]: recvfrom received packet of len 48! Bypassing to pcb->recv ===
[SEDP-RACE-RUN35] host_utc=2026-09-28T09:04:48.073+00:00 host_mono_ns=2345307263612949 
[SEDP-RACE-RUN35] host_utc=2026-09-28T09:04:48.073+00:00 host_mono_ns=2345307263633338 === DEBUG [lwip-posix]: recvfrom received packet of len 48! Bypassing to pcb->recv ===
[SEDP-RACE-RUN35] host_utc=2026-09-28T09:04:48.073+00:00 host_mono_ns=2345307263935769 
[SEDP-RACE-RUN35] host_utc=2026-09-28T09:04:48.073+00:00 host_mono_ns=2345307263959504 === DEBUG [lwip-posix]: udp_sendto called! Bypassing to POSIX sendto ===
[SEDP-RACE-RUN35] host_utc=2026-09-28T09:04:48.073+00:00 host_mono_ns=2345307263970365 
[SEDP-RACE-RUN35] host_utc=2026-09-28T09:04:48.073+00:00 host_mono_ns=2345307263979211 === DEBUG [lwip-posix]: recvfrom received packet of len 204! Bypassing to pcb->recv ===
[SEDP-RACE-RUN35] host_utc=2026-09-28T09:04:48.831+00:00 host_mono_ns=2345308021889409 
[SEDP-RACE-RUN35] host_utc=2026-09-28T09:04:48.831+00:00 host_mono_ns=2345308021916270 === DEBUG [lwip-posix]: recvfrom received packet of len 204! Bypassing to pcb->recv ===
[SEDP-RACE-RUN35] host_utc=2026-09-28T09:04:48.927+00:00 host_mono_ns=2345308117301707 
[SEDP-RACE-RUN35] host_utc=2026-09-28T09:04:48.927+00:00 host_mono_ns=2345308117330731 === DEBUG [lwip-posix]: recvfrom received packet of len 104! Bypassing to pcb->recv ===
[SEDP-RACE-RUN35] host_utc=2026-09-28T09:04:48.927+00:00 host_mono_ns=2345308117357472 [CR-NATIVE-R04] epoch=1790586288.926974470 event=peer_receive topic=/to_linux id=24 payload='Hello from mros2-posix onto Linux: 24'
[SEDP-RACE-RUN35] host_utc=2026-09-28T09:04:48.927+00:00 host_mono_ns=2345308117369374 [CR-NATIVE-R04] epoch=1790586288.926992765 event=peer_echo_publish_return topic=/to_stm id=24 payload='Hello from mros2-posix onto Linux: 24'
[SEDP-RACE-RUN35] host_utc=2026-09-28T09:04:48.927+00:00 host_mono_ns=2345308117384924 
[SEDP-RACE-RUN35] host_utc=2026-09-28T09:04:48.927+00:00 host_mono_ns=2345308117393961 === DEBUG [lwip-posix]: udp_sendto called! Bypassing to POSIX sendto ===
[SEDP-RACE-RUN35] host_utc=2026-09-28T09:04:49.074+00:00 host_mono_ns=2345308264180054 
[SEDP-RACE-RUN35] host_utc=2026-09-28T09:04:49.074+00:00 host_mono_ns=2345308264208477 === DEBUG [lwip-posix]: udp_sendto called! Bypassing to POSIX sendto ===
[SEDP-RACE-RUN35] host_utc=2026-09-28T09:04:49.074+00:00 host_mono_ns=2345308264219578 
[SEDP-RACE-RUN35] host_utc=2026-09-28T09:04:49.074+00:00 host_mono_ns=2345308264228205 === DEBUG [lwip-posix]: recvfrom received packet of len 204! Bypassing to pcb->recv ===
[SEDP-RACE-RUN35] host_utc=2026-09-28T09:04:49.832+00:00 host_mono_ns=2345309022207262 
[SEDP-RACE-RUN35] host_utc=2026-09-28T09:04:49.832+00:00 host_mono_ns=2345309022237680 === DEBUG [lwip-posix]: recvfrom received packet of len 204! Bypassing to pcb->recv ===
[SEDP-RACE-RUN35] host_utc=2026-09-28T09:04:49.927+00:00 host_mono_ns=2345309118089627 
[SEDP-RACE-RUN35] host_utc=2026-09-28T09:04:49.927+00:00 host_mono_ns=2345309118115125 === DEBUG [lwip-posix]: recvfrom received packet of len 104! Bypassing to pcb->recv ===
[SEDP-RACE-RUN35] host_utc=2026-09-28T09:04:49.927+00:00 host_mono_ns=2345309118126667 [CR-NATIVE-R04] epoch=1790586289.927738716 event=peer_receive topic=/to_linux id=25 payload='Hello from mros2-posix onto Linux: 25'
[SEDP-RACE-RUN35] host_utc=2026-09-28T09:04:49.927+00:00 host_mono_ns=2345309118138119 [CR-NATIVE-R04] epoch=1790586289.927755979 event=peer_echo_publish_return topic=/to_stm id=25 payload='Hello from mros2-posix onto Linux: 25'
[SEDP-RACE-RUN35] host_utc=2026-09-28T09:04:49.927+00:00 host_mono_ns=2345309118153448 
[SEDP-RACE-RUN35] host_utc=2026-09-28T09:04:49.927+00:00 host_mono_ns=2345309118162485 === DEBUG [lwip-posix]: udp_sendto called! Bypassing to POSIX sendto ===
[SEDP-RACE-RUN35] host_utc=2026-09-28T09:04:50.074+00:00 host_mono_ns=2345309264281458 
[SEDP-RACE-RUN35] host_utc=2026-09-28T09:04:50.074+00:00 host_mono_ns=2345309264318798 === DEBUG [lwip-posix]: udp_sendto called! Bypassing to POSIX sendto ===
[SEDP-RACE-RUN35] host_utc=2026-09-28T09:04:50.074+00:00 host_mono_ns=2345309264338005 
[SEDP-RACE-RUN35] host_utc=2026-09-28T09:04:50.074+00:00 host_mono_ns=2345309264349176 === DEBUG [lwip-posix]: recvfrom received packet of len 204! Bypassing to pcb->recv ===
[SEDP-RACE-RUN35] host_utc=2026-09-28T09:04:50.832+00:00 host_mono_ns=2345310022504508 
[SEDP-RACE-RUN35] host_utc=2026-09-28T09:04:50.832+00:00 host_mono_ns=2345310022544103 === DEBUG [lwip-posix]: recvfrom received packet of len 204! Bypassing to pcb->recv ===
[SEDP-RACE-RUN35] host_utc=2026-09-28T09:04:50.928+00:00 host_mono_ns=2345310118790775 
[SEDP-RACE-RUN35] host_utc=2026-09-28T09:04:50.928+00:00 host_mono_ns=2345310118816474 === DEBUG [lwip-posix]: recvfrom received packet of len 104! Bypassing to pcb->recv ===
[SEDP-RACE-RUN35] host_utc=2026-09-28T09:04:50.928+00:00 host_mono_ns=2345310118936601 [CR-NATIVE-R04] epoch=1790586290.928492504 event=peer_receive topic=/to_linux id=26 payload='Hello from mros2-posix onto Linux: 26'
[SEDP-RACE-RUN35] host_utc=2026-09-28T09:04:50.928+00:00 host_mono_ns=2345310118980464 [CR-NATIVE-R04] epoch=1790586290.928518323 event=peer_echo_publish_return topic=/to_stm id=26 payload='Hello from mros2-posix onto Linux: 26'
[SEDP-RACE-RUN35] host_utc=2026-09-28T09:04:50.928+00:00 host_mono_ns=2345310118994651 
[SEDP-RACE-RUN35] host_utc=2026-09-28T09:04:50.928+00:00 host_mono_ns=2345310119036460 === DEBUG [lwip-posix]: udp_sendto called! Bypassing to POSIX sendto ===
[SEDP-RACE-RUN35] host_utc=2026-09-28T09:04:51.074+00:00 host_mono_ns=2345310264382071 
[SEDP-RACE-RUN35] host_utc=2026-09-28T09:04:51.074+00:00 host_mono_ns=2345310264420504 === DEBUG [lwip-posix]: udp_sendto called! Bypassing to POSIX sendto ===
[SEDP-RACE-RUN35] host_utc=2026-09-28T09:04:51.074+00:00 host_mono_ns=2345310264434981 
[SEDP-RACE-RUN35] host_utc=2026-09-28T09:04:51.074+00:00 host_mono_ns=2345310264446834 === DEBUG [lwip-posix]: recvfrom received packet of len 204! Bypassing to pcb->recv ===
[SEDP-RACE-RUN35] host_utc=2026-09-28T09:04:51.832+00:00 host_mono_ns=2345311022613649 
[SEDP-RACE-RUN35] host_utc=2026-09-28T09:04:51.832+00:00 host_mono_ns=2345311022651350 === DEBUG [lwip-posix]: recvfrom received packet of len 204! Bypassing to pcb->recv ===
[SEDP-RACE-RUN35] host_utc=2026-09-28T09:04:51.929+00:00 host_mono_ns=2345311119461947 
[SEDP-RACE-RUN35] host_utc=2026-09-28T09:04:51.929+00:00 host_mono_ns=2345311119903482 === DEBUG [lwip-posix]: recvfrom received packet of len 104! Bypassing to pcb->recv ===
[SEDP-RACE-RUN35] host_utc=2026-09-28T09:04:51.929+00:00 host_mono_ns=2345311119930543 [CR-NATIVE-R04] epoch=1790586291.929139330 event=peer_receive topic=/to_linux id=27 payload='Hello from mros2-posix onto Linux: 27'
[SEDP-RACE-RUN35] host_utc=2026-09-28T09:04:51.929+00:00 host_mono_ns=2345311119942475 [CR-NATIVE-R04] epoch=1790586291.929168465 event=peer_echo_publish_return topic=/to_stm id=27 payload='Hello from mros2-posix onto Linux: 27'
[SEDP-RACE-RUN35] host_utc=2026-09-28T09:04:51.929+00:00 host_mono_ns=2345311119952073 
[SEDP-RACE-RUN35] host_utc=2026-09-28T09:04:51.929+00:00 host_mono_ns=2345311119960640 === DEBUG [lwip-posix]: udp_sendto called! Bypassing to POSIX sendto ===
[SEDP-RACE-RUN35] host_utc=2026-09-28T09:04:52.072+00:00 host_mono_ns=2345311262532571 
[SEDP-RACE-RUN35] host_utc=2026-09-28T09:04:52.072+00:00 host_mono_ns=2345311262562838 === DEBUG [lwip-posix]: udp_sendto called! Bypassing to POSIX sendto ===
[SEDP-RACE-RUN35] host_utc=2026-09-28T09:04:52.072+00:00 host_mono_ns=2345311262787433 
[SEDP-RACE-RUN35] host_utc=2026-09-28T09:04:52.072+00:00 host_mono_ns=2345311262814383 === DEBUG [lwip-posix]: udp_sendto called! Bypassing to POSIX sendto ===
[SEDP-RACE-RUN35] host_utc=2026-09-28T09:04:52.073+00:00 host_mono_ns=2345311263264273 
[SEDP-RACE-RUN35] host_utc=2026-09-28T09:04:52.073+00:00 host_mono_ns=2345311263291805 === DEBUG [lwip-posix]: recvfrom received packet of len 48! Bypassing to pcb->recv ===
[SEDP-RACE-RUN35] host_utc=2026-09-28T09:04:52.073+00:00 host_mono_ns=2345311263689497 
[SEDP-RACE-RUN35] host_utc=2026-09-28T09:04:52.073+00:00 host_mono_ns=2345311263710987 === DEBUG [lwip-posix]: recvfrom received packet of len 48! Bypassing to pcb->recv ===
[SEDP-RACE-RUN35] host_utc=2026-09-28T09:04:52.074+00:00 host_mono_ns=2345311264322673 
[SEDP-RACE-RUN35] host_utc=2026-09-28T09:04:52.074+00:00 host_mono_ns=2345311264368239 === DEBUG [lwip-posix]: udp_sendto called! Bypassing to POSIX sendto ===
[SEDP-RACE-RUN35] host_utc=2026-09-28T09:04:52.074+00:00 host_mono_ns=2345311264379581 
[SEDP-RACE-RUN35] host_utc=2026-09-28T09:04:52.074+00:00 host_mono_ns=2345311264388237 === DEBUG [lwip-posix]: recvfrom received packet of len 204! Bypassing to pcb->recv ===
[SEDP-RACE-RUN35] host_utc=2026-09-28T09:04:52.832+00:00 host_mono_ns=2345312023046930 
[SEDP-RACE-RUN35] host_utc=2026-09-28T09:04:52.832+00:00 host_mono_ns=2345312023080383 === DEBUG [lwip-posix]: recvfrom received packet of len 204! Bypassing to pcb->recv ===
[SEDP-RACE-RUN35] host_utc=2026-09-28T09:04:52.929+00:00 host_mono_ns=2345312120149810 
[SEDP-RACE-RUN35] host_utc=2026-09-28T09:04:52.930+00:00 host_mono_ns=2345312120177763 === DEBUG [lwip-posix]: recvfrom received packet of len 104! Bypassing to pcb->recv ===
[SEDP-RACE-RUN35] host_utc=2026-09-28T09:04:52.930+00:00 host_mono_ns=2345312120188954 [CR-NATIVE-R04] epoch=1790586292.929828164 event=peer_receive topic=/to_linux id=28 payload='Hello from mros2-posix onto Linux: 28'
[SEDP-RACE-RUN35] host_utc=2026-09-28T09:04:52.930+00:00 host_mono_ns=2345312120214352 [CR-NATIVE-R04] epoch=1790586292.929865936 event=peer_echo_publish_return topic=/to_stm id=28 payload='Hello from mros2-posix onto Linux: 28'
[SEDP-RACE-RUN35] host_utc=2026-09-28T09:04:52.930+00:00 host_mono_ns=2345312120231725 
[SEDP-RACE-RUN35] host_utc=2026-09-28T09:04:52.930+00:00 host_mono_ns=2345312120242725 === DEBUG [lwip-posix]: udp_sendto called! Bypassing to POSIX sendto ===
[SEDP-RACE-RUN35] host_utc=2026-09-28T09:04:53.074+00:00 host_mono_ns=2345312264606523 
[SEDP-RACE-RUN35] host_utc=2026-09-28T09:04:53.074+00:00 host_mono_ns=2345312264644184 === DEBUG [lwip-posix]: udp_sendto called! Bypassing to POSIX sendto ===
[SEDP-RACE-RUN35] host_utc=2026-09-28T09:04:53.074+00:00 host_mono_ns=2345312264655555 
[SEDP-RACE-RUN35] host_utc=2026-09-28T09:04:53.074+00:00 host_mono_ns=2345312264664302 === DEBUG [lwip-posix]: recvfrom received packet of len 204! Bypassing to pcb->recv ===
[SEDP-RACE-RUN35] host_utc=2026-09-28T09:04:53.833+00:00 host_mono_ns=2345313023264414 
[SEDP-RACE-RUN35] host_utc=2026-09-28T09:04:53.833+00:00 host_mono_ns=2345313023296986 === DEBUG [lwip-posix]: recvfrom received packet of len 204! Bypassing to pcb->recv ===
[SEDP-RACE-RUN35] host_utc=2026-09-28T09:04:53.931+00:00 host_mono_ns=2345313121233411 
[SEDP-RACE-RUN35] host_utc=2026-09-28T09:04:53.931+00:00 host_mono_ns=2345313121254651 === DEBUG [lwip-posix]: recvfrom received packet of len 104! Bypassing to pcb->recv ===
[SEDP-RACE-RUN35] host_utc=2026-09-28T09:04:53.931+00:00 host_mono_ns=2345313121265582 [CR-NATIVE-R04] epoch=1790586293.930785196 event=peer_receive topic=/to_linux id=29 payload='Hello from mros2-posix onto Linux: 29'
[SEDP-RACE-RUN35] host_utc=2026-09-28T09:04:53.931+00:00 host_mono_ns=2345313121275721 [CR-NATIVE-R04] epoch=1790586293.930803761 event=peer_echo_publish_return topic=/to_stm id=29 payload='Hello from mros2-posix onto Linux: 29'
[SEDP-RACE-RUN35] host_utc=2026-09-28T09:04:53.931+00:00 host_mono_ns=2345313121284888 
[SEDP-RACE-RUN35] host_utc=2026-09-28T09:04:53.931+00:00 host_mono_ns=2345313121293244 === DEBUG [lwip-posix]: udp_sendto called! Bypassing to POSIX sendto ===
[SEDP-RACE-RUN35] host_utc=2026-09-28T09:04:54.074+00:00 host_mono_ns=2345313264628418 
[SEDP-RACE-RUN35] host_utc=2026-09-28T09:04:54.074+00:00 host_mono_ns=2345313264661671 === DEBUG [lwip-posix]: udp_sendto called! Bypassing to POSIX sendto ===
[SEDP-RACE-RUN35] host_utc=2026-09-28T09:04:54.074+00:00 host_mono_ns=2345313264673423 
[SEDP-RACE-RUN35] host_utc=2026-09-28T09:04:54.074+00:00 host_mono_ns=2345313264683842 === DEBUG [lwip-posix]: recvfrom received packet of len 204! Bypassing to pcb->recv ===
[SEDP-RACE-RUN35] host_utc=2026-09-28T09:04:54.833+00:00 host_mono_ns=2345314023379947 
[SEDP-RACE-RUN35] host_utc=2026-09-28T09:04:54.833+00:00 host_mono_ns=2345314023411065 === DEBUG [lwip-posix]: recvfrom received packet of len 204! Bypassing to pcb->recv ===
[SEDP-RACE-RUN35] host_utc=2026-09-28T09:04:54.931+00:00 host_mono_ns=2345314121877982 
[SEDP-RACE-RUN35] host_utc=2026-09-28T09:04:54.931+00:00 host_mono_ns=2345314121905134 === DEBUG [lwip-posix]: recvfrom received packet of len 104! Bypassing to pcb->recv ===
[SEDP-RACE-RUN35] host_utc=2026-09-28T09:04:54.931+00:00 host_mono_ns=2345314121916485 [CR-NATIVE-R04] epoch=1790586294.931517543 event=peer_receive topic=/to_linux id=30 payload='Hello from mros2-posix onto Linux: 30'
[SEDP-RACE-RUN35] host_utc=2026-09-28T09:04:54.931+00:00 host_mono_ns=2345314121926494 [CR-NATIVE-R04] epoch=1790586294.931535107 event=peer_echo_publish_return topic=/to_stm id=30 payload='Hello from mros2-posix onto Linux: 30'
[SEDP-RACE-RUN35] host_utc=2026-09-28T09:04:54.931+00:00 host_mono_ns=2345314121935471 
[SEDP-RACE-RUN35] host_utc=2026-09-28T09:04:54.931+00:00 host_mono_ns=2345314121943767 === DEBUG [lwip-posix]: udp_sendto called! Bypassing to POSIX sendto ===
[SEDP-RACE-RUN35] host_utc=2026-09-28T09:04:55.074+00:00 host_mono_ns=2345314264686350 
[SEDP-RACE-RUN35] host_utc=2026-09-28T09:04:55.074+00:00 host_mono_ns=2345314264728540 === DEBUG [lwip-posix]: udp_sendto called! Bypassing to POSIX sendto ===
[SEDP-RACE-RUN35] host_utc=2026-09-28T09:04:55.074+00:00 host_mono_ns=2345314264739590 
[SEDP-RACE-RUN35] host_utc=2026-09-28T09:04:55.074+00:00 host_mono_ns=2345314264748177 === DEBUG [lwip-posix]: recvfrom received packet of len 204! Bypassing to pcb->recv ===
[SEDP-RACE-RUN35] host_utc=2026-09-28T09:04:55.833+00:00 host_mono_ns=2345315023677602 
[SEDP-RACE-RUN35] host_utc=2026-09-28T09:04:55.833+00:00 host_mono_ns=2345315023706086 === DEBUG [lwip-posix]: recvfrom received packet of len 204! Bypassing to pcb->recv ===
[SEDP-RACE-RUN35] host_utc=2026-09-28T09:04:55.932+00:00 host_mono_ns=2345315122392065 
[SEDP-RACE-RUN35] host_utc=2026-09-28T09:04:55.932+00:00 host_mono_ns=2345315122423956 === DEBUG [lwip-posix]: recvfrom received packet of len 104! Bypassing to pcb->recv ===
[SEDP-RACE-RUN35] host_utc=2026-09-28T09:04:55.932+00:00 host_mono_ns=2345315122438804 [CR-NATIVE-R04] epoch=1790586295.932080399 event=peer_receive topic=/to_linux id=31 payload='Hello from mros2-posix onto Linux: 31'
[SEDP-RACE-RUN35] host_utc=2026-09-28T09:04:55.932+00:00 host_mono_ns=2345315122452369 [CR-NATIVE-R04] epoch=1790586295.932098553 event=peer_echo_publish_return topic=/to_stm id=31 payload='Hello from mros2-posix onto Linux: 31'
[SEDP-RACE-RUN35] host_utc=2026-09-28T09:04:55.932+00:00 host_mono_ns=2345315122474862 
[SEDP-RACE-RUN35] host_utc=2026-09-28T09:04:55.932+00:00 host_mono_ns=2345315122486354 === DEBUG [lwip-posix]: udp_sendto called! Bypassing to POSIX sendto ===
[SEDP-RACE-RUN35] host_utc=2026-09-28T09:04:56.072+00:00 host_mono_ns=2345315262650096 
[SEDP-RACE-RUN35] host_utc=2026-09-28T09:04:56.072+00:00 host_mono_ns=2345315262681906 === DEBUG [lwip-posix]: udp_sendto called! Bypassing to POSIX sendto ===
[SEDP-RACE-RUN35] host_utc=2026-09-28T09:04:56.072+00:00 host_mono_ns=2345315262945504 
[SEDP-RACE-RUN35] host_utc=2026-09-28T09:04:56.072+00:00 host_mono_ns=2345315262975701 === DEBUG [lwip-posix]: udp_sendto called! Bypassing to POSIX sendto ===
[SEDP-RACE-RUN35] host_utc=2026-09-28T09:04:56.073+00:00 host_mono_ns=2345315263379945 
[SEDP-RACE-RUN35] host_utc=2026-09-28T09:04:56.073+00:00 host_mono_ns=2345315263412066 === DEBUG [lwip-posix]: recvfrom received packet of len 48! Bypassing to pcb->recv ===
[SEDP-RACE-RUN35] host_utc=2026-09-28T09:04:56.073+00:00 host_mono_ns=2345315263878928 
[SEDP-RACE-RUN35] host_utc=2026-09-28T09:04:56.073+00:00 host_mono_ns=2345315263904656 === DEBUG [lwip-posix]: recvfrom received packet of len 48! Bypassing to pcb->recv ===
[SEDP-RACE-RUN35] host_utc=2026-09-28T09:04:56.074+00:00 host_mono_ns=2345315264616732 
[SEDP-RACE-RUN35] host_utc=2026-09-28T09:04:56.074+00:00 host_mono_ns=2345315264648552 === DEBUG [lwip-posix]: udp_sendto called! Bypassing to POSIX sendto ===
[SEDP-RACE-RUN35] host_utc=2026-09-28T09:04:56.074+00:00 host_mono_ns=2345315264662809 
[SEDP-RACE-RUN35] host_utc=2026-09-28T09:04:56.074+00:00 host_mono_ns=2345315264674751 === DEBUG [lwip-posix]: recvfrom received packet of len 204! Bypassing to pcb->recv ===
[SEDP-RACE-RUN35] host_utc=2026-09-28T09:04:56.833+00:00 host_mono_ns=2345316023993061 
[SEDP-RACE-RUN35] host_utc=2026-09-28T09:04:56.833+00:00 host_mono_ns=2345316024048445 === DEBUG [lwip-posix]: recvfrom received packet of len 204! Bypassing to pcb->recv ===
[SEDP-RACE-RUN35] host_utc=2026-09-28T09:04:56.932+00:00 host_mono_ns=2345316123072383 
[SEDP-RACE-RUN35] host_utc=2026-09-28T09:04:56.933+00:00 host_mono_ns=2345316123612183 === DEBUG [lwip-posix]: recvfrom received packet of len 104! Bypassing to pcb->recv ===
[SEDP-RACE-RUN35] host_utc=2026-09-28T09:04:56.933+00:00 host_mono_ns=2345316123641448 [CR-NATIVE-R04] epoch=1790586296.932787807 event=peer_receive topic=/to_linux id=32 payload='Hello from mros2-posix onto Linux: 32'
[SEDP-RACE-RUN35] host_utc=2026-09-28T09:04:56.933+00:00 host_mono_ns=2345316123655304 [CR-NATIVE-R04] epoch=1790586296.932812143 event=peer_echo_publish_return topic=/to_stm id=32 payload='Hello from mros2-posix onto Linux: 32'
[SEDP-RACE-RUN35] host_utc=2026-09-28T09:04:56.933+00:00 host_mono_ns=2345316123678338 
[SEDP-RACE-RUN35] host_utc=2026-09-28T09:04:56.933+00:00 host_mono_ns=2345316123687275 === DEBUG [lwip-posix]: udp_sendto called! Bypassing to POSIX sendto ===
[SEDP-RACE-RUN35] host_utc=2026-09-28T09:04:57.074+00:00 host_mono_ns=2345316264890503 
[SEDP-RACE-RUN35] host_utc=2026-09-28T09:04:57.074+00:00 host_mono_ns=2345316264933213 === DEBUG [lwip-posix]: udp_sendto called! Bypassing to POSIX sendto ===
[SEDP-RACE-RUN35] host_utc=2026-09-28T09:04:57.074+00:00 host_mono_ns=2345316264944565 
[SEDP-RACE-RUN35] host_utc=2026-09-28T09:04:57.074+00:00 host_mono_ns=2345316264953411 === DEBUG [lwip-posix]: recvfrom received packet of len 204! Bypassing to pcb->recv ===
[SEDP-RACE-RUN35] host_utc=2026-09-28T09:04:57.833+00:00 host_mono_ns=2345317024100286 
[SEDP-RACE-RUN35] host_utc=2026-09-28T09:04:57.833+00:00 host_mono_ns=2345317024129731 === DEBUG [lwip-posix]: recvfrom received packet of len 204! Bypassing to pcb->recv ===
[SEDP-RACE-RUN35] host_utc=2026-09-28T09:04:57.933+00:00 host_mono_ns=2345317124021841 
[SEDP-RACE-RUN35] host_utc=2026-09-28T09:04:57.933+00:00 host_mono_ns=2345317124047349 === DEBUG [lwip-posix]: recvfrom received packet of len 104! Bypassing to pcb->recv ===
[SEDP-RACE-RUN35] host_utc=2026-09-28T09:04:57.933+00:00 host_mono_ns=2345317124058510 [CR-NATIVE-R04] epoch=1790586297.933718049 event=peer_receive topic=/to_linux id=33 payload='Hello from mros2-posix onto Linux: 33'
[SEDP-RACE-RUN35] host_utc=2026-09-28T09:04:57.933+00:00 host_mono_ns=2345317124068830 [CR-NATIVE-R04] epoch=1790586297.933736574 event=peer_echo_publish_return topic=/to_stm id=33 payload='Hello from mros2-posix onto Linux: 33'
[SEDP-RACE-RUN35] host_utc=2026-09-28T09:04:57.933+00:00 host_mono_ns=2345317124170572 
[SEDP-RACE-RUN35] host_utc=2026-09-28T09:04:57.934+00:00 host_mono_ns=2345317124194597 === DEBUG [lwip-posix]: udp_sendto called! Bypassing to POSIX sendto ===
[SEDP-RACE-RUN35] host_utc=2026-09-28T09:04:58.074+00:00 host_mono_ns=2345317264758415 
[SEDP-RACE-RUN35] host_utc=2026-09-28T09:04:58.074+00:00 host_mono_ns=2345317264784805 === DEBUG [lwip-posix]: udp_sendto called! Bypassing to POSIX sendto ===
[SEDP-RACE-RUN35] host_utc=2026-09-28T09:04:58.074+00:00 host_mono_ns=2345317264964585 
[SEDP-RACE-RUN35] host_utc=2026-09-28T09:04:58.074+00:00 host_mono_ns=2345317264990895 === DEBUG [lwip-posix]: recvfrom received packet of len 204! Bypassing to pcb->recv ===
[SEDP-RACE-RUN35] host_utc=2026-09-28T09:04:58.834+00:00 host_mono_ns=2345318024428461 
[SEDP-RACE-RUN35] host_utc=2026-09-28T09:04:58.834+00:00 host_mono_ns=2345318024464599 === DEBUG [lwip-posix]: recvfrom received packet of len 204! Bypassing to pcb->recv ===
[SEDP-RACE-RUN35] host_utc=2026-09-28T09:04:58.934+00:00 host_mono_ns=2345318124765158 
[SEDP-RACE-RUN35] host_utc=2026-09-28T09:04:58.934+00:00 host_mono_ns=2345318124797630 === DEBUG [lwip-posix]: recvfrom received packet of len 104! Bypassing to pcb->recv ===
[SEDP-RACE-RUN35] host_utc=2026-09-28T09:04:58.934+00:00 host_mono_ns=2345318124808811 [CR-NATIVE-R04] epoch=1790586298.934275045 event=peer_receive topic=/to_linux id=34 payload='Hello from mros2-posix onto Linux: 34'
[SEDP-RACE-RUN35] host_utc=2026-09-28T09:04:58.934+00:00 host_mono_ns=2345318124818660 [CR-NATIVE-R04] epoch=1790586298.934297707 event=peer_echo_publish_return topic=/to_stm id=34 payload='Hello from mros2-posix onto Linux: 34'
[SEDP-RACE-RUN35] host_utc=2026-09-28T09:04:58.934+00:00 host_mono_ns=2345318124828158 
[SEDP-RACE-RUN35] host_utc=2026-09-28T09:04:58.934+00:00 host_mono_ns=2345318124836523 === DEBUG [lwip-posix]: udp_sendto called! Bypassing to POSIX sendto ===
[SEDP-RACE-RUN35] host_utc=2026-09-28T09:04:59.074+00:00 host_mono_ns=2345318264864851 
[SEDP-RACE-RUN35] host_utc=2026-09-28T09:04:59.074+00:00 host_mono_ns=2345318264896801 === DEBUG [lwip-posix]: udp_sendto called! Bypassing to POSIX sendto ===
[SEDP-RACE-RUN35] host_utc=2026-09-28T09:04:59.074+00:00 host_mono_ns=2345318265043208 
[SEDP-RACE-RUN35] host_utc=2026-09-28T09:04:59.074+00:00 host_mono_ns=2345318265089596 === DEBUG [lwip-posix]: recvfrom received packet of len 204! Bypassing to pcb->recv ===
[SEDP-RACE-RUN35] host_utc=2026-09-28T09:04:59.834+00:00 host_mono_ns=2345319024664369 
[SEDP-RACE-RUN35] host_utc=2026-09-28T09:04:59.834+00:00 host_mono_ns=2345319024692512 === DEBUG [lwip-posix]: recvfrom received packet of len 204! Bypassing to pcb->recv ===
[SEDP-RACE-RUN35] host_utc=2026-09-28T09:04:59.935+00:00 host_mono_ns=2345319125610299 
[SEDP-RACE-RUN35] host_utc=2026-09-28T09:04:59.935+00:00 host_mono_ns=2345319125635727 === DEBUG [lwip-posix]: recvfrom received packet of len 104! Bypassing to pcb->recv ===
[SEDP-RACE-RUN35] host_utc=2026-09-28T09:04:59.935+00:00 host_mono_ns=2345319125646918 [CR-NATIVE-R04] epoch=1790586299.935026498 event=peer_receive topic=/to_linux id=35 payload='Hello from mros2-posix onto Linux: 35'
[SEDP-RACE-RUN35] host_utc=2026-09-28T09:04:59.935+00:00 host_mono_ns=2345319125656706 [CR-NATIVE-R04] epoch=1790586299.935045854 event=peer_echo_publish_return topic=/to_stm id=35 payload='Hello from mros2-posix onto Linux: 35'
[SEDP-RACE-RUN35] host_utc=2026-09-28T09:04:59.935+00:00 host_mono_ns=2345319125665864 
[SEDP-RACE-RUN35] host_utc=2026-09-28T09:04:59.935+00:00 host_mono_ns=2345319125674430 === DEBUG [lwip-posix]: udp_sendto called! Bypassing to POSIX sendto ===
[SEDP-RACE-RUN35] host_utc=2026-09-28T09:05:00.072+00:00 host_mono_ns=2345319262823765 
[SEDP-RACE-RUN35] host_utc=2026-09-28T09:05:00.072+00:00 host_mono_ns=2345319262855325 === DEBUG [lwip-posix]: udp_sendto called! Bypassing to POSIX sendto ===
[SEDP-RACE-RUN35] host_utc=2026-09-28T09:05:00.072+00:00 host_mono_ns=2345319263096681 
[SEDP-RACE-RUN35] host_utc=2026-09-28T09:05:00.072+00:00 host_mono_ns=2345319263129162 === DEBUG [lwip-posix]: udp_sendto called! Bypassing to POSIX sendto ===
[SEDP-RACE-RUN35] host_utc=2026-09-28T09:05:00.073+00:00 host_mono_ns=2345319263561459 
[SEDP-RACE-RUN35] host_utc=2026-09-28T09:05:00.073+00:00 host_mono_ns=2345319263584031 === DEBUG [lwip-posix]: recvfrom received packet of len 48! Bypassing to pcb->recv ===
[SEDP-RACE-RUN35] host_utc=2026-09-28T09:05:00.073+00:00 host_mono_ns=2345319263937379 
[SEDP-RACE-RUN35] host_utc=2026-09-28T09:05:00.073+00:00 host_mono_ns=2345319263952828 === DEBUG [lwip-posix]: recvfrom received packet of len 48! Bypassing to pcb->recv ===
[SEDP-RACE-RUN35] host_utc=2026-09-28T09:05:00.074+00:00 host_mono_ns=2345319264988956 
[SEDP-RACE-RUN35] host_utc=2026-09-28T09:05:00.074+00:00 host_mono_ns=2345319265048117 === DEBUG [lwip-posix]: udp_sendto called! Bypassing to POSIX sendto ===
[SEDP-RACE-RUN35] host_utc=2026-09-28T09:05:00.074+00:00 host_mono_ns=2345319265060240 
[SEDP-RACE-RUN35] host_utc=2026-09-28T09:05:00.074+00:00 host_mono_ns=2345319265069298 === DEBUG [lwip-posix]: recvfrom received packet of len 204! Bypassing to pcb->recv ===
[SEDP-RACE-RUN35] host_utc=2026-09-28T09:05:00.834+00:00 host_mono_ns=2345320025071079 
[SEDP-RACE-RUN35] host_utc=2026-09-28T09:05:00.834+00:00 host_mono_ns=2345320025107478 === DEBUG [lwip-posix]: recvfrom received packet of len 204! Bypassing to pcb->recv ===
[SEDP-RACE-RUN35] host_utc=2026-09-28T09:05:00.936+00:00 host_mono_ns=2345320126337925 
[SEDP-RACE-RUN35] host_utc=2026-09-28T09:05:00.936+00:00 host_mono_ns=2345320126365327 === DEBUG [lwip-posix]: recvfrom received packet of len 104! Bypassing to pcb->recv ===
[SEDP-RACE-RUN35] host_utc=2026-09-28T09:05:00.936+00:00 host_mono_ns=2345320126379243 [CR-NATIVE-R04] epoch=1790586300.935762831 event=peer_receive topic=/to_linux id=36 payload='Hello from mros2-posix onto Linux: 36'
[SEDP-RACE-RUN35] host_utc=2026-09-28T09:05:00.936+00:00 host_mono_ns=2345320126391466 [CR-NATIVE-R04] epoch=1790586300.935782608 event=peer_echo_publish_return topic=/to_stm id=36 payload='Hello from mros2-posix onto Linux: 36'
[SEDP-RACE-RUN35] host_utc=2026-09-28T09:05:00.936+00:00 host_mono_ns=2345320126402738 
[SEDP-RACE-RUN35] host_utc=2026-09-28T09:05:00.936+00:00 host_mono_ns=2345320126413137 === DEBUG [lwip-posix]: udp_sendto called! Bypassing to POSIX sendto ===
[SEDP-RACE-RUN35] host_utc=2026-09-28T09:05:01.074+00:00 host_mono_ns=2345320265056447 
[SEDP-RACE-RUN35] host_utc=2026-09-28T09:05:01.074+00:00 host_mono_ns=2345320265093096 === DEBUG [lwip-posix]: udp_sendto called! Bypassing to POSIX sendto ===
[SEDP-RACE-RUN35] host_utc=2026-09-28T09:05:01.074+00:00 host_mono_ns=2345320265104548 
[SEDP-RACE-RUN35] host_utc=2026-09-28T09:05:01.074+00:00 host_mono_ns=2345320265114577 === DEBUG [lwip-posix]: recvfrom received packet of len 204! Bypassing to pcb->recv ===
[SEDP-RACE-RUN35] host_utc=2026-09-28T09:05:01.834+00:00 host_mono_ns=2345321025166824 
[SEDP-RACE-RUN35] host_utc=2026-09-28T09:05:01.835+00:00 host_mono_ns=2345321025202542 === DEBUG [lwip-posix]: recvfrom received packet of len 204! Bypassing to pcb->recv ===
[SEDP-RACE-RUN35] host_utc=2026-09-28T09:05:01.936+00:00 host_mono_ns=2345321127104499 
[SEDP-RACE-RUN35] host_utc=2026-09-28T09:05:01.937+00:00 host_mono_ns=2345321127577553 === DEBUG [lwip-posix]: recvfrom received packet of len 104! Bypassing to pcb->recv ===
[SEDP-RACE-RUN35] host_utc=2026-09-28T09:05:01.937+00:00 host_mono_ns=2345321127601859 [CR-NATIVE-R04] epoch=1790586301.936533021 event=peer_receive topic=/to_linux id=37 payload='Hello from mros2-posix onto Linux: 37'
[SEDP-RACE-RUN35] host_utc=2026-09-28T09:05:01.937+00:00 host_mono_ns=2345321127615204 [CR-NATIVE-R04] epoch=1790586301.936553360 event=peer_echo_publish_return topic=/to_stm id=37 payload='Hello from mros2-posix onto Linux: 37'
[SEDP-RACE-RUN35] host_utc=2026-09-28T09:05:01.937+00:00 host_mono_ns=2345321127626225 
[SEDP-RACE-RUN35] host_utc=2026-09-28T09:05:01.937+00:00 host_mono_ns=2345321127636454 === DEBUG [lwip-posix]: udp_sendto called! Bypassing to POSIX sendto ===
[SEDP-RACE-RUN35] host_utc=2026-09-28T09:05:02.075+00:00 host_mono_ns=2345321265462639 
[SEDP-RACE-RUN35] host_utc=2026-09-28T09:05:02.075+00:00 host_mono_ns=2345321265506983 === DEBUG [lwip-posix]: udp_sendto called! Bypassing to POSIX sendto ===
[SEDP-RACE-RUN35] host_utc=2026-09-28T09:05:02.075+00:00 host_mono_ns=2345321265519667 
[SEDP-RACE-RUN35] host_utc=2026-09-28T09:05:02.075+00:00 host_mono_ns=2345321265528784 === DEBUG [lwip-posix]: recvfrom received packet of len 204! Bypassing to pcb->recv ===
[SEDP-RACE-RUN35] host_utc=2026-09-28T09:05:02.835+00:00 host_mono_ns=2345322025411370 
[SEDP-RACE-RUN35] host_utc=2026-09-28T09:05:02.835+00:00 host_mono_ns=2345322025447328 === DEBUG [lwip-posix]: recvfrom received packet of len 204! Bypassing to pcb->recv ===
[SEDP-RACE-RUN35] host_utc=2026-09-28T09:05:02.937+00:00 host_mono_ns=2345322127813136 
[SEDP-RACE-RUN35] host_utc=2026-09-28T09:05:02.937+00:00 host_mono_ns=2345322127843563 === DEBUG [lwip-posix]: recvfrom received packet of len 104! Bypassing to pcb->recv ===
[SEDP-RACE-RUN35] host_utc=2026-09-28T09:05:02.937+00:00 host_mono_ns=2345322127854805 [CR-NATIVE-R04] epoch=1790586302.937290230 event=peer_receive topic=/to_linux id=38 payload='Hello from mros2-posix onto Linux: 38'
[SEDP-RACE-RUN35] host_utc=2026-09-28T09:05:02.937+00:00 host_mono_ns=2345322127865465 [CR-NATIVE-R04] epoch=1790586302.937311170 event=peer_echo_publish_return topic=/to_stm id=38 payload='Hello from mros2-posix onto Linux: 38'
[SEDP-RACE-RUN35] host_utc=2026-09-28T09:05:02.937+00:00 host_mono_ns=2345322127874842 
[SEDP-RACE-RUN35] host_utc=2026-09-28T09:05:02.937+00:00 host_mono_ns=2345322127883198 === DEBUG [lwip-posix]: udp_sendto called! Bypassing to POSIX sendto ===
[SEDP-RACE-RUN35] host_utc=2026-09-28T09:05:03.075+00:00 host_mono_ns=2345322265393470 
[SEDP-RACE-RUN35] host_utc=2026-09-28T09:05:03.075+00:00 host_mono_ns=2345322265422405 === DEBUG [lwip-posix]: udp_sendto called! Bypassing to POSIX sendto ===
[SEDP-RACE-RUN35] host_utc=2026-09-28T09:05:03.075+00:00 host_mono_ns=2345322265433716 
[SEDP-RACE-RUN35] host_utc=2026-09-28T09:05:03.075+00:00 host_mono_ns=2345322265442743 === DEBUG [lwip-posix]: recvfrom received packet of len 204! Bypassing to pcb->recv ===
[SEDP-RACE-RUN35] host_utc=2026-09-28T09:05:03.835+00:00 host_mono_ns=2345323025666674 
[SEDP-RACE-RUN35] host_utc=2026-09-28T09:05:03.835+00:00 host_mono_ns=2345323025702041 === DEBUG [lwip-posix]: recvfrom received packet of len 204! Bypassing to pcb->recv ===
[SEDP-RACE-RUN35] host_utc=2026-09-28T09:05:03.938+00:00 host_mono_ns=2345323128338322 
[SEDP-RACE-RUN35] host_utc=2026-09-28T09:05:03.938+00:00 host_mono_ns=2345323128367818 === DEBUG [lwip-posix]: recvfrom received packet of len 104! Bypassing to pcb->recv ===
[SEDP-RACE-RUN35] host_utc=2026-09-28T09:05:03.938+00:00 host_mono_ns=2345323128379450 [CR-NATIVE-R04] epoch=1790586303.938036804 event=peer_receive topic=/to_linux id=39 payload='Hello from mros2-posix onto Linux: 39'
[SEDP-RACE-RUN35] host_utc=2026-09-28T09:05:03.938+00:00 host_mono_ns=2345323128389589 [CR-NATIVE-R04] epoch=1790586303.938061571 event=peer_echo_publish_return topic=/to_stm id=39 payload='Hello from mros2-posix onto Linux: 39'
[SEDP-RACE-RUN35] host_utc=2026-09-28T09:05:03.938+00:00 host_mono_ns=2345323128565671 
[SEDP-RACE-RUN35] host_utc=2026-09-28T09:05:03.938+00:00 host_mono_ns=2345323128591951 === DEBUG [lwip-posix]: udp_sendto called! Bypassing to POSIX sendto ===
[SEDP-RACE-RUN35] host_utc=2026-09-28T09:05:04.072+00:00 host_mono_ns=2345323262838886 
[SEDP-RACE-RUN35] host_utc=2026-09-28T09:05:04.072+00:00 host_mono_ns=2345323262878792 === DEBUG [lwip-posix]: udp_sendto called! Bypassing to POSIX sendto ===
[SEDP-RACE-RUN35] host_utc=2026-09-28T09:05:04.073+00:00 host_mono_ns=2345323263266514 
[SEDP-RACE-RUN35] host_utc=2026-09-28T09:05:04.073+00:00 host_mono_ns=2345323263313212 === DEBUG [lwip-posix]: udp_sendto called! Bypassing to POSIX sendto ===
[SEDP-RACE-RUN35] host_utc=2026-09-28T09:05:04.073+00:00 host_mono_ns=2345323263669265 
[SEDP-RACE-RUN35] host_utc=2026-09-28T09:05:04.073+00:00 host_mono_ns=2345323263691808 === DEBUG [lwip-posix]: recvfrom received packet of len 48! Bypassing to pcb->recv ===
[SEDP-RACE-RUN35] host_utc=2026-09-28T09:05:04.073+00:00 host_mono_ns=2345323264072156 
[SEDP-RACE-RUN35] host_utc=2026-09-28T09:05:04.073+00:00 host_mono_ns=2345323264098155 === DEBUG [lwip-posix]: recvfrom received packet of len 48! Bypassing to pcb->recv ===
[SEDP-RACE-RUN35] host_utc=2026-09-28T09:05:04.075+00:00 host_mono_ns=2345323265272234 
[SEDP-RACE-RUN35] host_utc=2026-09-28T09:05:04.075+00:00 host_mono_ns=2345323265304895 === DEBUG [lwip-posix]: udp_sendto called! Bypassing to POSIX sendto ===
[SEDP-RACE-RUN35] host_utc=2026-09-28T09:05:04.075+00:00 host_mono_ns=2345323265322969 
[SEDP-RACE-RUN35] host_utc=2026-09-28T09:05:04.075+00:00 host_mono_ns=2345323265334982 === DEBUG [lwip-posix]: recvfrom received packet of len 204! Bypassing to pcb->recv ===
[SEDP-RACE-RUN35] host_utc=2026-09-28T09:05:04.835+00:00 host_mono_ns=2345324025887906 
[SEDP-RACE-RUN35] host_utc=2026-09-28T09:05:04.835+00:00 host_mono_ns=2345324025919596 === DEBUG [lwip-posix]: recvfrom received packet of len 204! Bypassing to pcb->recv ===
[SEDP-RACE-RUN35] host_utc=2026-09-28T09:05:04.938+00:00 host_mono_ns=2345324129160923 
[SEDP-RACE-RUN35] host_utc=2026-09-28T09:05:04.939+00:00 host_mono_ns=2345324129185940 === DEBUG [lwip-posix]: recvfrom received packet of len 104! Bypassing to pcb->recv ===
[SEDP-RACE-RUN35] host_utc=2026-09-28T09:05:04.939+00:00 host_mono_ns=2345324129204535 [CR-NATIVE-R04] epoch=1790586304.938900964 event=peer_receive topic=/to_linux id=40 payload='Hello from mros2-posix onto Linux: 40'
[SEDP-RACE-RUN35] host_utc=2026-09-28T09:05:04.939+00:00 host_mono_ns=2345324129214945 [CR-NATIVE-R04] epoch=1790586304.938926161 event=peer_echo_publish_return topic=/to_stm id=40 payload='Hello from mros2-posix onto Linux: 40'
[SEDP-RACE-RUN35] host_utc=2026-09-28T09:05:04.939+00:00 host_mono_ns=2345324129363566 
[SEDP-RACE-RUN35] host_utc=2026-09-28T09:05:04.939+00:00 host_mono_ns=2345324129385838 === DEBUG [lwip-posix]: udp_sendto called! Bypassing to POSIX sendto ===
[SEDP-RACE-RUN35] host_utc=2026-09-28T09:05:05.075+00:00 host_mono_ns=2345324265326833 
[SEDP-RACE-RUN35] host_utc=2026-09-28T09:05:05.075+00:00 host_mono_ns=2345324265353142 === DEBUG [lwip-posix]: udp_sendto called! Bypassing to POSIX sendto ===
[SEDP-RACE-RUN35] host_utc=2026-09-28T09:05:05.075+00:00 host_mono_ns=2345324265382558 
[SEDP-RACE-RUN35] host_utc=2026-09-28T09:05:05.075+00:00 host_mono_ns=2345324265391495 === DEBUG [lwip-posix]: recvfrom received packet of len 204! Bypassing to pcb->recv ===
[SEDP-RACE-RUN35] host_utc=2026-09-28T09:05:05.562+00:00 host_mono_ns=2345324752845770 
[SEDP-RACE-RUN35] host_utc=2026-09-28T09:05:05.562+00:00 host_mono_ns=2345324752883862 === DEBUG [lwip-posix]: recvfrom received packet of len 280! Bypassing to pcb->recv ===
[SEDP-RACE-RUN35] host_utc=2026-09-28T09:05:05.562+00:00 host_mono_ns=2345324752892638 
[SEDP-RACE-RUN35] host_utc=2026-09-28T09:05:05.562+00:00 host_mono_ns=2345324752897157 === DEBUG [lwip-posix]: recvfrom received packet of len 280! Bypassing to pcb->recv ===
[SEDP-RACE-RUN35] host_utc=2026-09-28T09:05:05.562+00:00 host_mono_ns=2345324752902006 
[SEDP-RACE-RUN35] host_utc=2026-09-28T09:05:05.562+00:00 host_mono_ns=2345324752906304 === DEBUG [lwip-posix]: udp_sendto called! Bypassing to POSIX sendto ===
[SEDP-RACE-RUN35] host_utc=2026-09-28T09:05:05.562+00:00 host_mono_ns=2345324752911083 
[SEDP-RACE-RUN35] host_utc=2026-09-28T09:05:05.562+00:00 host_mono_ns=2345324752915281 === DEBUG [lwip-posix]: recvfrom received packet of len 204! Bypassing to pcb->recv ===
[SEDP-RACE-RUN35] host_utc=2026-09-28T09:05:05.562+00:00 host_mono_ns=2345324753032964 
[SEDP-RACE-RUN35] host_utc=2026-09-28T09:05:05.562+00:00 host_mono_ns=2345324753041099 === DEBUG [lwip-posix]: recvfrom received packet of len 280! Bypassing to pcb->recv ===
[SEDP-RACE-RUN35] host_utc=2026-09-28T09:05:05.562+00:00 host_mono_ns=2345324753045828 
[SEDP-RACE-RUN35] host_utc=2026-09-28T09:05:05.562+00:00 host_mono_ns=2345324753050086 === DEBUG [lwip-posix]: recvfrom received packet of len 280! Bypassing to pcb->recv ===
[SEDP-RACE-RUN35] host_utc=2026-09-28T09:05:05.562+00:00 host_mono_ns=2345324753054404 
[SEDP-RACE-RUN35] host_utc=2026-09-28T09:05:05.562+00:00 host_mono_ns=2345324753058792 === DEBUG [lwip-posix]: recvfrom received packet of len 280! Bypassing to pcb->recv ===
[SEDP-RACE-RUN35] host_utc=2026-09-28T09:05:05.562+00:00 host_mono_ns=2345324753137631 
[SEDP-RACE-RUN35] host_utc=2026-09-28T09:05:05.562+00:00 host_mono_ns=2345324753145636 === DEBUG [lwip-posix]: recvfrom received packet of len 68! Bypassing to pcb->recv ===
[SEDP-RACE-RUN35] host_utc=2026-09-28T09:05:05.562+00:00 host_mono_ns=2345324753151888 
[SEDP-RACE-RUN35] host_utc=2026-09-28T09:05:05.562+00:00 host_mono_ns=2345324753156647 === DEBUG [lwip-posix]: udp_sendto called! Bypassing to POSIX sendto ===
[SEDP-RACE-RUN35] host_utc=2026-09-28T09:05:05.562+00:00 host_mono_ns=2345324753161025 
[SEDP-RACE-RUN35] host_utc=2026-09-28T09:05:05.562+00:00 host_mono_ns=2345324753165684 === DEBUG [lwip-posix]: recvfrom received packet of len 68! Bypassing to pcb->recv ===
[SEDP-RACE-RUN35] host_utc=2026-09-28T09:05:05.563+00:00 host_mono_ns=2345324753221830 
[SEDP-RACE-RUN35] host_utc=2026-09-28T09:05:05.563+00:00 host_mono_ns=2345324753227471 === DEBUG [lwip-posix]: udp_sendto called! Bypassing to POSIX sendto ===
[SEDP-RACE-RUN35] host_utc=2026-09-28T09:05:05.563+00:00 host_mono_ns=2345324753944556 
[SEDP-RACE-RUN35] host_utc=2026-09-28T09:05:05.563+00:00 host_mono_ns=2345324753950036 === DEBUG [lwip-posix]: recvfrom received packet of len 488! Bypassing to pcb->recv ===
[SEDP-RACE-RUN35] host_utc=2026-09-28T09:05:05.563+00:00 host_mono_ns=2345324754115188 
[SEDP-RACE-RUN35] host_utc=2026-09-28T09:05:05.563+00:00 host_mono_ns=2345324754122853 === DEBUG [lwip-posix]: recvfrom received packet of len 488! Bypassing to pcb->recv ===
[SEDP-RACE-RUN35] host_utc=2026-09-28T09:05:05.564+00:00 host_mono_ns=2345324754827454 
[SEDP-RACE-RUN35] host_utc=2026-09-28T09:05:05.564+00:00 host_mono_ns=2345324754833155 === DEBUG [lwip-posix]: recvfrom received packet of len 460! Bypassing to pcb->recv ===
[SEDP-RACE-RUN35] host_utc=2026-09-28T09:05:05.565+00:00 host_mono_ns=2345324755807916 
[SEDP-RACE-RUN35] host_utc=2026-09-28T09:05:05.565+00:00 host_mono_ns=2345324755866667 === DEBUG [lwip-posix]: recvfrom received packet of len 204! Bypassing to pcb->recv ===
[SEDP-RACE-RUN35] host_utc=2026-09-28T09:05:05.565+00:00 host_mono_ns=2345324755881294 
[SEDP-RACE-RUN35] host_utc=2026-09-28T09:05:05.565+00:00 host_mono_ns=2345324755892896 === DEBUG [lwip-posix]: recvfrom received packet of len 280! Bypassing to pcb->recv ===
[SEDP-RACE-RUN35] host_utc=2026-09-28T09:05:05.565+00:00 host_mono_ns=2345324755971004 
[SEDP-RACE-RUN35] host_utc=2026-09-28T09:05:05.565+00:00 host_mono_ns=2345324755984399 === DEBUG [lwip-posix]: recvfrom received packet of len 280! Bypassing to pcb->recv ===
[SEDP-RACE-RUN35] host_utc=2026-09-28T09:05:05.565+00:00 host_mono_ns=2345324755994328 
[SEDP-RACE-RUN35] host_utc=2026-09-28T09:05:05.565+00:00 host_mono_ns=2345324756016480 === DEBUG [lwip-posix]: recvfrom received packet of len 280! Bypassing to pcb->recv ===
[SEDP-RACE-RUN35] host_utc=2026-09-28T09:05:05.568+00:00 host_mono_ns=2345324758799337 
[SEDP-RACE-RUN35] host_utc=2026-09-28T09:05:05.568+00:00 host_mono_ns=2345324758819576 === DEBUG [lwip-posix]: recvfrom received packet of len 204! Bypassing to pcb->recv ===
[SEDP-RACE-RUN35] host_utc=2026-09-28T09:05:05.582+00:00 host_mono_ns=2345324773144519 
[SEDP-RACE-RUN35] host_utc=2026-09-28T09:05:05.583+00:00 host_mono_ns=2345324773182200 === DEBUG [lwip-posix]: recvfrom received packet of len 464! Bypassing to pcb->recv ===
[SEDP-RACE-RUN35] host_utc=2026-09-28T09:05:05.633+00:00 host_mono_ns=2345324823284195 
[SEDP-RACE-RUN35] host_utc=2026-09-28T09:05:05.633+00:00 host_mono_ns=2345324823317237 === DEBUG [lwip-posix]: recvfrom received packet of len 64! Bypassing to pcb->recv ===
[SEDP-RACE-RUN35] host_utc=2026-09-28T09:05:05.633+00:00 host_mono_ns=2345324823329530 
[SEDP-RACE-RUN35] host_utc=2026-09-28T09:05:05.633+00:00 host_mono_ns=2345324823339148 === DEBUG [lwip-posix]: udp_sendto called! Bypassing to POSIX sendto ===
[SEDP-RACE-RUN35] host_utc=2026-09-28T09:05:05.633+00:00 host_mono_ns=2345324823355389 
[SEDP-RACE-RUN35] host_utc=2026-09-28T09:05:05.633+00:00 host_mono_ns=2345324823364737 === DEBUG [lwip-posix]: recvfrom received packet of len 64! Bypassing to pcb->recv ===
[SEDP-RACE-RUN35] host_utc=2026-09-28T09:05:05.633+00:00 host_mono_ns=2345324823374104 
[SEDP-RACE-RUN35] host_utc=2026-09-28T09:05:05.633+00:00 host_mono_ns=2345324823382971 === DEBUG [lwip-posix]: udp_sendto called! Bypassing to POSIX sendto ===
[SEDP-RACE-RUN35] host_utc=2026-09-28T09:05:05.662+00:00 host_mono_ns=2345324852560454 
[SEDP-RACE-RUN35] host_utc=2026-09-28T09:05:05.662+00:00 host_mono_ns=2345324852585972 === DEBUG [lwip-posix]: recvfrom received packet of len 280! Bypassing to pcb->recv ===
[SEDP-RACE-RUN35] host_utc=2026-09-28T09:05:05.662+00:00 host_mono_ns=2345324852764128 
[SEDP-RACE-RUN35] host_utc=2026-09-28T09:05:05.662+00:00 host_mono_ns=2345324852780770 === DEBUG [lwip-posix]: recvfrom received packet of len 280! Bypassing to pcb->recv ===
[SEDP-RACE-RUN35] host_utc=2026-09-28T09:05:05.662+00:00 host_mono_ns=2345324852790739 
[SEDP-RACE-RUN35] host_utc=2026-09-28T09:05:05.662+00:00 host_mono_ns=2345324852799475 === DEBUG [lwip-posix]: recvfrom received packet of len 280! Bypassing to pcb->recv ===
[SEDP-RACE-RUN35] host_utc=2026-09-28T09:05:05.762+00:00 host_mono_ns=2345324952797756 
[SEDP-RACE-RUN35] host_utc=2026-09-28T09:05:05.762+00:00 host_mono_ns=2345324952821541 === DEBUG [lwip-posix]: recvfrom received packet of len 280! Bypassing to pcb->recv ===
[SEDP-RACE-RUN35] host_utc=2026-09-28T09:05:05.762+00:00 host_mono_ns=2345324952831880 
[SEDP-RACE-RUN35] host_utc=2026-09-28T09:05:05.762+00:00 host_mono_ns=2345324952840346 === DEBUG [lwip-posix]: recvfrom received packet of len 280! Bypassing to pcb->recv ===
[SEDP-RACE-RUN35] host_utc=2026-09-28T09:05:05.762+00:00 host_mono_ns=2345324952848892 
[SEDP-RACE-RUN35] host_utc=2026-09-28T09:05:05.762+00:00 host_mono_ns=2345324952857168 === DEBUG [lwip-posix]: recvfrom received packet of len 280! Bypassing to pcb->recv ===
[SEDP-RACE-RUN35] host_utc=2026-09-28T09:05:05.773+00:00 host_mono_ns=2345324963310106 
[SEDP-RACE-RUN35] host_utc=2026-09-28T09:05:05.773+00:00 host_mono_ns=2345324963336416 === DEBUG [lwip-posix]: recvfrom received packet of len 64! Bypassing to pcb->recv ===
[SEDP-RACE-RUN35] host_utc=2026-09-28T09:05:05.773+00:00 host_mono_ns=2345324963562192 
[SEDP-RACE-RUN35] host_utc=2026-09-28T09:05:05.773+00:00 host_mono_ns=2345324963576830 === DEBUG [lwip-posix]: udp_sendto called! Bypassing to POSIX sendto ===
[SEDP-RACE-RUN35] host_utc=2026-09-28T09:05:05.773+00:00 host_mono_ns=2345324963588001 
[SEDP-RACE-RUN35] host_utc=2026-09-28T09:05:05.773+00:00 host_mono_ns=2345324963596618 === DEBUG [lwip-posix]: recvfrom received packet of len 64! Bypassing to pcb->recv ===
[SEDP-RACE-RUN35] host_utc=2026-09-28T09:05:05.773+00:00 host_mono_ns=2345324963605434 
[SEDP-RACE-RUN35] host_utc=2026-09-28T09:05:05.773+00:00 host_mono_ns=2345324963613670 === DEBUG [lwip-posix]: udp_sendto called! Bypassing to POSIX sendto ===
[SEDP-RACE-RUN35] host_utc=2026-09-28T09:05:05.836+00:00 host_mono_ns=2345325026591069 
[SEDP-RACE-RUN35] host_utc=2026-09-28T09:05:05.836+00:00 host_mono_ns=2345325026646724 === DEBUG [lwip-posix]: recvfrom received packet of len 204! Bypassing to pcb->recv ===
[SEDP-RACE-RUN35] host_utc=2026-09-28T09:05:05.862+00:00 host_mono_ns=2345325052870295 
[SEDP-RACE-RUN35] host_utc=2026-09-28T09:05:05.862+00:00 host_mono_ns=2345325052922704 === DEBUG [lwip-posix]: recvfrom received packet of len 280! Bypassing to pcb->recv ===
[SEDP-RACE-RUN35] host_utc=2026-09-28T09:05:05.862+00:00 host_mono_ns=2345325052934416 
[SEDP-RACE-RUN35] host_utc=2026-09-28T09:05:05.862+00:00 host_mono_ns=2345325052943183 === DEBUG [lwip-posix]: recvfrom received packet of len 280! Bypassing to pcb->recv ===
[SEDP-RACE-RUN35] host_utc=2026-09-28T09:05:05.862+00:00 host_mono_ns=2345325052952110 
[SEDP-RACE-RUN35] host_utc=2026-09-28T09:05:05.862+00:00 host_mono_ns=2345325052960375 === DEBUG [lwip-posix]: recvfrom received packet of len 280! Bypassing to pcb->recv ===
[SEDP-RACE-RUN35] host_utc=2026-09-28T09:05:05.939+00:00 host_mono_ns=2345325130164082 
[SEDP-RACE-RUN35] host_utc=2026-09-28T09:05:05.940+00:00 host_mono_ns=2345325130211512 === DEBUG [lwip-posix]: recvfrom received packet of len 104! Bypassing to pcb->recv ===
[SEDP-RACE-RUN35] host_utc=2026-09-28T09:05:05.940+00:00 host_mono_ns=2345325130226300 [CR-NATIVE-R04] epoch=1790586305.939719995 event=peer_receive topic=/to_linux id=41 payload='Hello from mros2-posix onto Linux: 41'
[SEDP-RACE-RUN35] host_utc=2026-09-28T09:05:05.940+00:00 host_mono_ns=2345325130241018 [CR-NATIVE-R04] epoch=1790586305.939742237 event=peer_echo_publish_return topic=/to_stm id=41 payload='Hello from mros2-posix onto Linux: 41'
[SEDP-RACE-RUN35] host_utc=2026-09-28T09:05:05.940+00:00 host_mono_ns=2345325130265464 
[SEDP-RACE-RUN35] host_utc=2026-09-28T09:05:05.940+00:00 host_mono_ns=2345325130275323 === DEBUG [lwip-posix]: udp_sendto called! Bypassing to POSIX sendto ===
[SEDP-RACE-RUN35] host_utc=2026-09-28T09:05:05.962+00:00 host_mono_ns=2345325153082640 
[SEDP-RACE-RUN35] host_utc=2026-09-28T09:05:05.962+00:00 host_mono_ns=2345325153112577 === DEBUG [lwip-posix]: recvfrom received packet of len 280! Bypassing to pcb->recv ===
[SEDP-RACE-RUN35] host_utc=2026-09-28T09:05:05.962+00:00 host_mono_ns=2345325153123928 
[SEDP-RACE-RUN35] host_utc=2026-09-28T09:05:05.962+00:00 host_mono_ns=2345325153132574 === DEBUG [lwip-posix]: recvfrom received packet of len 280! Bypassing to pcb->recv ===
[SEDP-RACE-RUN35] host_utc=2026-09-28T09:05:05.962+00:00 host_mono_ns=2345325153141311 
[SEDP-RACE-RUN35] host_utc=2026-09-28T09:05:05.962+00:00 host_mono_ns=2345325153149576 === DEBUG [lwip-posix]: recvfrom received packet of len 280! Bypassing to pcb->recv ===
[SEDP-RACE-RUN35] host_utc=2026-09-28T09:05:06.054+00:00 host_mono_ns=2345325244213274 
[SEDP-RACE-RUN35] host_utc=2026-09-28T09:05:06.054+00:00 host_mono_ns=2345325244267536 === DEBUG [lwip-posix]: recvfrom received packet of len 64! Bypassing to pcb->recv ===
[SEDP-RACE-RUN35] host_utc=2026-09-28T09:05:06.054+00:00 host_mono_ns=2345325244299697 
[SEDP-RACE-RUN35] host_utc=2026-09-28T09:05:06.054+00:00 host_mono_ns=2345325244308443 === DEBUG [lwip-posix]: recvfrom received packet of len 64! Bypassing to pcb->recv ===
[SEDP-RACE-RUN35] host_utc=2026-09-28T09:05:06.054+00:00 host_mono_ns=2345325244317220 
[SEDP-RACE-RUN35] host_utc=2026-09-28T09:05:06.054+00:00 host_mono_ns=2345325244325315 === DEBUG [lwip-posix]: udp_sendto called! Bypassing to POSIX sendto ===
[SEDP-RACE-RUN35] host_utc=2026-09-28T09:05:06.054+00:00 host_mono_ns=2345325244333912 
[SEDP-RACE-RUN35] host_utc=2026-09-28T09:05:06.054+00:00 host_mono_ns=2345325244341917 === DEBUG [lwip-posix]: udp_sendto called! Bypassing to POSIX sendto ===
[SEDP-RACE-RUN35] host_utc=2026-09-28T09:05:06.062+00:00 host_mono_ns=2345325253124720 
[SEDP-RACE-RUN35] host_utc=2026-09-28T09:05:06.062+00:00 host_mono_ns=2345325253153595 === DEBUG [lwip-posix]: recvfrom received packet of len 280! Bypassing to pcb->recv ===
[SEDP-RACE-RUN35] host_utc=2026-09-28T09:05:06.062+00:00 host_mono_ns=2345325253164766 
[SEDP-RACE-RUN35] host_utc=2026-09-28T09:05:06.063+00:00 host_mono_ns=2345325253173292 === DEBUG [lwip-posix]: recvfrom received packet of len 280! Bypassing to pcb->recv ===
[SEDP-RACE-RUN35] host_utc=2026-09-28T09:05:06.063+00:00 host_mono_ns=2345325253182038 
[SEDP-RACE-RUN35] host_utc=2026-09-28T09:05:06.063+00:00 host_mono_ns=2345325253190264 === DEBUG [lwip-posix]: recvfrom received packet of len 280! Bypassing to pcb->recv ===
[SEDP-RACE-RUN35] host_utc=2026-09-28T09:05:06.075+00:00 host_mono_ns=2345325265523545 
[SEDP-RACE-RUN35] host_utc=2026-09-28T09:05:06.075+00:00 host_mono_ns=2345325265549424 === DEBUG [lwip-posix]: udp_sendto called! Bypassing to POSIX sendto ===
[SEDP-RACE-RUN35] host_utc=2026-09-28T09:05:06.075+00:00 host_mono_ns=2345325265630157 
[SEDP-RACE-RUN35] host_utc=2026-09-28T09:05:06.075+00:00 host_mono_ns=2345325265641228 === DEBUG [lwip-posix]: recvfrom received packet of len 204! Bypassing to pcb->recv ===
[SEDP-RACE-RUN35] host_utc=2026-09-28T09:05:06.084+00:00 host_mono_ns=2345325274630361 
[SEDP-RACE-RUN35] host_utc=2026-09-28T09:05:06.084+00:00 host_mono_ns=2345325274655819 === DEBUG [lwip-posix]: recvfrom received packet of len 120! Bypassing to pcb->recv ===
[SEDP-RACE-RUN35] host_utc=2026-09-28T09:05:06.084+00:00 host_mono_ns=2345325274666990 
[SEDP-RACE-RUN35] host_utc=2026-09-28T09:05:06.084+00:00 host_mono_ns=2345325274675746 === DEBUG [lwip-posix]: recvfrom received packet of len 88! Bypassing to pcb->recv ===
[SEDP-RACE-RUN35] host_utc=2026-09-28T09:05:06.084+00:00 host_mono_ns=2345325274850988 
[SEDP-RACE-RUN35] host_utc=2026-09-28T09:05:06.084+00:00 host_mono_ns=2345325274871166 === DEBUG [lwip-posix]: recvfrom received packet of len 120! Bypassing to pcb->recv ===
[SEDP-RACE-RUN35] host_utc=2026-09-28T09:05:06.084+00:00 host_mono_ns=2345325274881926 
[SEDP-RACE-RUN35] host_utc=2026-09-28T09:05:06.084+00:00 host_mono_ns=2345325274890592 === DEBUG [lwip-posix]: udp_sendto called! Bypassing to POSIX sendto ===
[SEDP-RACE-RUN35] host_utc=2026-09-28T09:05:06.084+00:00 host_mono_ns=2345325274899309 
[SEDP-RACE-RUN35] host_utc=2026-09-28T09:05:06.084+00:00 host_mono_ns=2345325274907584 === DEBUG [lwip-posix]: recvfrom received packet of len 120! Bypassing to pcb->recv ===
[SEDP-RACE-RUN35] host_utc=2026-09-28T09:05:06.084+00:00 host_mono_ns=2345325274916211 
[SEDP-RACE-RUN35] host_utc=2026-09-28T09:05:06.084+00:00 host_mono_ns=2345325274924196 === DEBUG [lwip-posix]: udp_sendto called! Bypassing to POSIX sendto ===
[SEDP-RACE-RUN35] host_utc=2026-09-28T09:05:06.085+00:00 host_mono_ns=2345325275516465 
[SEDP-RACE-RUN35] host_utc=2026-09-28T09:05:06.085+00:00 host_mono_ns=2345325275541953 === DEBUG [lwip-posix]: recvfrom received packet of len 116! Bypassing to pcb->recv ===
[SEDP-RACE-RUN35] host_utc=2026-09-28T09:05:06.085+00:00 host_mono_ns=2345325275552964 
[SEDP-RACE-RUN35] host_utc=2026-09-28T09:05:06.085+00:00 host_mono_ns=2345325275561410 === DEBUG [lwip-posix]: recvfrom received packet of len 116! Bypassing to pcb->recv ===
[SEDP-RACE-RUN35] host_utc=2026-09-28T09:05:06.737+00:00 host_mono_ns=2345325927375792 event=collector_exit host_exit_status=143
