[CR-DISCOVERY-PROBE-R29] host_utc=2026-09-28T06:46:54.897+00:00 host_mono_ns=2337034087895539 phase=checkpoint collector_pid=1765292 event=launch container=mros2-cr-run29-wamr
[CR-DISCOVERY-PROBE-R29] phase=checkpoint container_pid=14 event=process_verified args=/runtime/iwasm --addr-pool=0.0.0.0/0 --max-threads=32 -v=5 /artifact/echoback_string.wasm
[CR-DISCOVERY-PROBE-R29] host_utc=2026-09-28T06:46:55.078+00:00 host_mono_ns=2337034268617960 phase=checkpoint container_pid=14 boot_start, 2337034163718175
[CR-DISCOVERY-PROBE-R29] host_utc=2026-09-28T06:46:55.169+00:00 host_mono_ns=2337034360094218 phase=checkpoint container_pid=14 11 stderr
[CR-DISCOVERY-PROBE-R29] host_utc=2026-09-28T06:46:55.169+00:00 host_mono_ns=2337034360136678 phase=checkpoint container_pid=14 22 stderr
[CR-DISCOVERY-PROBE-R29] host_utc=2026-09-28T06:46:55.169+00:00 host_mono_ns=2337034360148781 phase=checkpoint container_pid=14 signal init: 137747128182336
[CR-DISCOVERY-PROBE-R29] host_utc=2026-09-28T06:46:55.169+00:00 host_mono_ns=2337034360160182 phase=checkpoint container_pid=14 initします
[CR-DISCOVERY-PROBE-R29] host_utc=2026-09-28T06:46:55.170+00:00 host_mono_ns=2337034360664796 phase=checkpoint container_pid=14 boot_end, 2337034360454799
[CR-DISCOVERY-PROBE-R29] host_utc=2026-09-28T06:46:55.171+00:00 host_mono_ns=2337034361203744 phase=checkpoint container_pid=14 3 stderr
[CR-DISCOVERY-PROBE-R29] host_utc=2026-09-28T06:46:55.171+00:00 host_mono_ns=2337034361595134 phase=checkpoint container_pid=14 initします
[CR-DISCOVERY-PROBE-R29] host_utc=2026-09-28T06:46:55.172+00:00 host_mono_ns=2337034362342526 phase=checkpoint container_pid=14 boot_end, 2337034362198023
[CR-DISCOVERY-PROBE-R29] host_utc=2026-09-28T06:46:55.173+00:00 host_mono_ns=2337034363459527 phase=checkpoint container_pid=14 netif_wasm: dynamic ip=0x030012ac mask=0x00ffffff
[CR-DISCOVERY-PROBE-R29] host_utc=2026-09-28T06:46:55.173+00:00 host_mono_ns=2337034363849143 phase=checkpoint container_pid=14 initします
[CR-DISCOVERY-PROBE-R29] host_utc=2026-09-28T06:46:55.174+00:00 host_mono_ns=2337034364698969 phase=checkpoint container_pid=14 boot_end, 2337034364526193
[CR-DISCOVERY-PROBE-R29] host_utc=2026-09-28T06:46:55.175+00:00 host_mono_ns=2337034365205967 phase=checkpoint container_pid=14 initします
[CR-DISCOVERY-PROBE-R29] host_utc=2026-09-28T06:46:55.176+00:00 host_mono_ns=2337034366623606 phase=checkpoint container_pid=14 boot_end, 2337034366393201
[CR-DISCOVERY-PROBE-R29] host_utc=2026-09-28T06:46:55.192+00:00 host_mono_ns=2337034382475062 phase=checkpoint container_pid=14 LOG_NOTICE : 00000000.000 : osKernelStart
[CR-DISCOVERY-PROBE-R29] host_utc=2026-09-28T06:46:55.192+00:00 host_mono_ns=2337034382505429 phase=checkpoint container_pid=14 mros2-posix start!
[CR-DISCOVERY-PROBE-R29] host_utc=2026-09-28T06:46:55.192+00:00 host_mono_ns=2337034382518313 phase=checkpoint container_pid=14 app name: echoback_string
[CR-DISCOVERY-PROBE-R29] host_utc=2026-09-28T06:46:55.192+00:00 host_mono_ns=2337034382529955 phase=checkpoint container_pid=14 LOG_DEBUG : 00000000.001 : mROS 2 initialization is completed
[CR-DISCOVERY-PROBE-R29] host_utc=2026-09-28T06:46:55.192+00:00 host_mono_ns=2337034382541557 phase=checkpoint container_pid=14 
[CR-DISCOVERY-PROBE-R29] host_utc=2026-09-28T06:46:55.192+00:00 host_mono_ns=2337034382553650 phase=checkpoint container_pid=14 LOG_DEBUG : 00000000.001 : [MROS2LIB] create_node
[CR-DISCOVERY-PROBE-R29] host_utc=2026-09-28T06:46:55.192+00:00 host_mono_ns=2337034382564661 phase=checkpoint container_pid=14 LOG_DEBUG : 00000000.002 : [MROS2LIB] start creating participant
[CR-DISCOVERY-PROBE-R29] host_utc=2026-09-28T06:46:55.192+00:00 host_mono_ns=2337034382576233 phase=checkpoint container_pid=14 LOG_DEBUG : 00000000.003 : [MROS2LIB] mros2_init task start
[CR-DISCOVERY-PROBE-R29] host_utc=2026-09-28T06:46:55.192+00:00 host_mono_ns=2337034382587554 phase=checkpoint container_pid=14 LOG_DEBUG : 00000000.003 : /home/osslab/mros2-wasm-service-communication-socket-journal/lwip-wasm/src/core/udp.c udp_init() 38: enter
[CR-DISCOVERY-PROBE-R29] host_utc=2026-09-28T06:46:55.192+00:00 host_mono_ns=2337034382618603 phase=checkpoint container_pid=14 LOG_DEBUG : 00000000.003 : [MROS2LIB] Initilizing lwIP complete
[CR-DISCOVERY-PROBE-R29] host_utc=2026-09-28T06:46:55.192+00:00 host_mono_ns=2337034382636878 phase=checkpoint container_pid=14 LOG_DEBUG : 00000000.018 : /home/osslab/mros2-wasm-service-communication-socket-journal/lwip-wasm/src/core/udp.c udp_new() 336: enter
[CR-DISCOVERY-PROBE-R29] host_utc=2026-09-28T06:46:55.192+00:00 host_mono_ns=2337034382648229 phase=checkpoint container_pid=14 LOG_DEBUG : 00000000.018 : /home/osslab/mros2-wasm-service-communication-socket-journal/lwip-wasm/src/core/udp_multicast_manager.c udp_mc_info_alloc() 24: enter
[CR-DISCOVERY-PROBE-R29] host_utc=2026-09-28T06:46:55.192+00:00 host_mono_ns=2337034382659841 phase=checkpoint container_pid=14 LOG_DEBUG : 00000000.018 : /home/osslab/mros2-wasm-service-communication-socket-journal/lwip-wasm/src/core/udp_multicast_manager.c udp_mc_info_alloc() 42: mcp=0xdbebc0 exit
[CR-DISCOVERY-PROBE-R29] host_utc=2026-09-28T06:46:55.193+00:00 host_mono_ns=2337034383295192 phase=checkpoint container_pid=14 LOG_DEBUG : 00000000.018 : /home/osslab/mros2-wasm-service-communication-socket-journal/lwip-wasm/src/core/udp.cinitします
[CR-DISCOVERY-PROBE-R29] host_utc=2026-09-28T06:46:55.193+00:00 host_mono_ns=2337034384114079 phase=checkpoint container_pid=14 boot_end, 2337034383903361
[CR-DISCOVERY-PROBE-R29] host_utc=2026-09-28T06:46:55.194+00:00 host_mono_ns=2337034384531468 phase=checkpoint container_pid=14 initします
[CR-DISCOVERY-PROBE-R29] host_utc=2026-09-28T06:46:55.195+00:00 host_mono_ns=2337034385766933 phase=checkpoint container_pid=14 boot_end, 2337034385526699
[CR-DISCOVERY-PROBE-R29] host_utc=2026-09-28T06:46:55.195+00:00 host_mono_ns=2337034385814492 phase=checkpoint container_pid=14  udp_new() 356: exit
[CR-DISCOVERY-PROBE-R29] host_utc=2026-09-28T06:46:55.195+00:00 host_mono_ns=2337034385829070 phase=checkpoint container_pid=14 LOG_DEBUG : 00000000.018 : /home/osslab/mros2-wasm-service-communication-socket-journal/lwip-wasm/src/core/udp.c udp_bind() 170: ipaddr=0x0 port=7401 enter
[CR-DISCOVERY-PROBE-R29] host_utc=2026-09-28T06:46:55.195+00:00 host_mono_ns=2337034385842776 phase=checkpoint container_pid=14 LOG_DEBUG : 00000000.019 : /home/osslab/mros2-wasm-service-communication-socket-journal/lwip-wasm/src/core/udp.c udp_bind() 183: mcp exist 0xdbebc0
[CR-DISCOVERY-PROBE-R29] host_utc=2026-09-28T06:46:55.195+00:00 host_mono_ns=2337034385855420 phase=checkpoint container_pid=14 LOG_DEBUG : 00000000.019 : /home/osslab/mros2-wasm-service-communication-socket-journal/lwip-wasm/src/core/udp.c udp_bind() 254: exit
[CR-DISCOVERY-PROBE-R29] host_utc=2026-09-28T06:46:55.195+00:00 host_mono_ns=2337034385867723 phase=checkpoint container_pid=14 LOG_DEBUG : 00000000.019 : /home/osslab/mros2-wasm-service-communication-socket-journal/lwip-wasm/src/core/udp.c udp_recv() 269: enter
[CR-DISCOVERY-PROBE-R29] host_utc=2026-09-28T06:46:55.195+00:00 host_mono_ns=2337034385880016 phase=checkpoint container_pid=14 LOG_DEBUG : 00000000.021 : /home/osslab/mros2-wasm-service-communication-socket-journal/lwip-wasm/src/core/udp.c udp_recv() 280: exit
[CR-DISCOVERY-PROBE-R29] host_utc=2026-09-28T06:46:55.195+00:00 host_mono_ns=2337034385891999 phase=checkpoint container_pid=14 LOG_DEBUG : 00000000.021 : /home/osslab/mros2-wasm-service-communication-socket-journal/lwip-wasm/src/core/udp.c udp_new() 336: enter
[CR-DISCOVERY-PROBE-R29] host_utc=2026-09-28T06:46:55.195+00:00 host_mono_ns=2337034385904352 phase=checkpoint container_pid=14 LOG_DEBUG : 00000000.021 : /home/osslab/mros2-wasm-service-communication-socket-journal/lwip-wasm/src/core/udp_multicast_manager.c udp_mc_info_alloc() 24: enter
[CR-DISCOVERY-PROBE-R29] host_utc=2026-09-28T06:46:55.197+00:00 host_mono_ns=2337034387227893 phase=checkpoint container_pid=14 LOG_DEBUGinitします
[CR-DISCOVERY-PROBE-R29] host_utc=2026-09-28T06:46:55.197+00:00 host_mono_ns=2337034388079493 phase=checkpoint container_pid=14 boot_end, 2337034387829150
[CR-DISCOVERY-PROBE-R29] host_utc=2026-09-28T06:46:55.198+00:00 host_mono_ns=2337034388458619 phase=checkpoint container_pid=14 initします
[CR-DISCOVERY-PROBE-R29] host_utc=2026-09-28T06:46:55.199+00:00 host_mono_ns=2337034390164723 phase=checkpoint container_pid=14 boot_end, 2337034389940259
[CR-DISCOVERY-PROBE-R29] host_utc=2026-09-28T06:46:55.200+00:00 host_mono_ns=2337034390206753 phase=checkpoint container_pid=14  : 00000000.022 : /home/osslab/mros2-wasm-service-communication-socket-journal/lwip-wasm/src/core/udp_multicast_manager.c udp_mc_info_alloc() 42: mcp=0xdbebdc exit
[CR-DISCOVERY-PROBE-R29] host_utc=2026-09-28T06:46:55.200+00:00 host_mono_ns=2337034390222072 phase=checkpoint container_pid=14 LOG_DEBUG : 00000000.022 : /home/osslab/mros2-wasm-service-communication-socket-journal/lwip-wasm/src/core/udp.c udp_new() 356: exit
[CR-DISCOVERY-PROBE-R29] host_utc=2026-09-28T06:46:55.200+00:00 host_mono_ns=2337034390235337 phase=checkpoint container_pid=14 LOG_NOTICE : 00000000.022 : LOG_DEBUG : 00000000.022 : thread_udp_recv:UP: mcp=0xdbebc0/home/osslab/mros2-wasm-service-communication-socket-journal/lwip-wasm/src/core/udp.c udp_bind() 170: ipaddr=0x0 port=7400 enter
[CR-DISCOVERY-PROBE-R29] host_utc=2026-09-28T06:46:55.200+00:00 host_mono_ns=2337034390248582 phase=checkpoint container_pid=14 
[CR-DISCOVERY-PROBE-R29] host_utc=2026-09-28T06:46:55.200+00:00 host_mono_ns=2337034390261496 phase=checkpoint container_pid=14 LOG_DEBUG : 00000000.023 : /home/osslab/mros2-wasm-service-communication-socket-journal/lwip-wasm/src/core/udp.c udp_bind() 183: mcp exist 0xdbebdc
[CR-DISCOVERY-PROBE-R29] host_utc=2026-09-28T06:46:55.200+00:00 host_mono_ns=2337034390274120 phase=checkpoint container_pid=14 LOG_DEBUG : 00000000.023 : /home/osslab/mros2-wasm-service-communication-socket-journal/lwip-wasm/src/core/udp.c udp_bind() 254: exit
[CR-DISCOVERY-PROBE-R29] host_utc=2026-09-28T06:46:55.200+00:00 host_mono_ns=2337034390286493 phase=checkpoint container_pid=14 LOG_DEBUG : 00000000.023 : /home/osslab/mros2-wasm-service-communication-socket-journal/lwip-wasm/src/core/udp.c udp_recv() 269: enter
[CR-DISCOVERY-PROBE-R29] host_utc=2026-09-28T06:46:55.277+00:00 host_mono_ns=2337034467761392 phase=checkpoint container_pid=14 LOG_DEBUG : 00000000.025 : /home/osslab/mros2-wasm-service-communication-socket-journal/lwip-wasm/src/core/udp.c udp_recv() 280: exit
[CR-DISCOVERY-PROBE-R29] host_utc=2026-09-28T06:46:55.277+00:00 host_mono_ns=2337034467790116 phase=checkpoint container_pid=14 LOG_DEBUG : 00000000.026 : LOG_NOTICE : 00000000.026 : /home/osslab/mros2-wasm-service-communication-socket-journal/lwip-wasm/src/core/udp_multicast_manager.c udp_mc_joingroup() 78: enter ifaddr=0x30012ac groupaddr=0x100ffefthread_udp_recv:UP: mcp=0xdbebdc
[CR-DISCOVERY-PROBE-R29] host_utc=2026-09-28T06:46:55.277+00:00 host_mono_ns=2337034467803422 phase=checkpoint container_pid=14 set TTL: ttl=255, optlen=4
[CR-DISCOVERY-PROBE-R29] host_utc=2026-09-28T06:46:55.277+00:00 host_mono_ns=2337034467814683 phase=checkpoint container_pid=14 
[CR-DISCOVERY-PROBE-R29] host_utc=2026-09-28T06:46:55.277+00:00 host_mono_ns=2337034467825894 phase=checkpoint container_pid=14 LOG_NOTICE : 00000000.027 : udp_mc_joingroup(): mcp=0xdbebc0 ifaddr=0x30012ac groupaddr=0x100ffef
[CR-DISCOVERY-PROBE-R29] host_utc=2026-09-28T06:46:55.277+00:00 host_mono_ns=2337034467837306 phase=checkpoint container_pid=14 set TTL: ttl=255, optlen=4
[CR-DISCOVERY-PROBE-R29] host_utc=2026-09-28T06:46:55.277+00:00 host_mono_ns=2337034467847675 phase=checkpoint container_pid=14 LOG_NOTICE : 00000000.027 : udp_mc_joingroup(): mcp=0xdbebdc ifaddr=0x30012ac groupaddr=0x100ffef
[CR-DISCOVERY-PROBE-R29] host_utc=2026-09-28T06:46:55.277+00:00 host_mono_ns=2337034467858115 phase=checkpoint container_pid=14 LOG_DEBUG : 00000000.027 : /home/osslab/mros2-wasm-service-communication-socket-journal/lwip-wasm/src/core/udp_multicast_manager.c udp_mc_joingroup() 93: exit
[CR-DISCOVERY-PROBE-R29] host_utc=2026-09-28T06:46:55.277+00:00 host_mono_ns=2337034467868785 phase=checkpoint container_pid=14 LOG_DEBUG : 00000000.103 : /home/osslab/mros2-wasm-service-communication-socket-journal/lwip-wasm/src/core/udp.c udp_new() 336: enter
[CR-DISCOVERY-PROBE-R29] host_utc=2026-09-28T06:46:55.277+00:00 host_mono_ns=2337034467894834 phase=checkpoint container_pid=14 LOG_DEBUG : 00000000.103 : /home/osslab/mros2-wasm-service-communication-socket-journal/lwip-wasm/src/core/udp_multicast_manager.c udp_mc_info_alloc() 24: enter
[CR-DISCOVERY-PROBE-R29] host_utc=2026-09-28T06:46:55.278+00:00 host_mono_ns=2337034468546005 phase=checkpoint container_pid=14 LOG_DEBUG : 00000000.103 : /home/osslab/mros2-wasm-service-communication-socket-journal/lwip-wasm/src/core/udp_multicast_manager.cinitします
[CR-DISCOVERY-PROBE-R29] host_utc=2026-09-28T06:46:55.279+00:00 host_mono_ns=2337034469376144 phase=checkpoint container_pid=14 boot_end, 2337034469151189
[CR-DISCOVERY-PROBE-R29] host_utc=2026-09-28T06:46:55.279+00:00 host_mono_ns=2337034469793683 phase=checkpoint container_pid=14 initします
[CR-DISCOVERY-PROBE-R29] host_utc=2026-09-28T06:46:55.281+00:00 host_mono_ns=2337034471758095 phase=checkpoint container_pid=14 boot_end, 2337034471182607
[CR-DISCOVERY-PROBE-R29] host_utc=2026-09-28T06:46:55.281+00:00 host_mono_ns=2337034471798832 phase=checkpoint container_pid=14  udp_mc_info_alloc() 42: mcp=0xdbebf8 exit
[CR-DISCOVERY-PROBE-R29] host_utc=2026-09-28T06:46:55.281+00:00 host_mono_ns=2337034471809312 phase=checkpoint container_pid=14 LOG_DEBUG : 00000000.104 : /home/osslab/mros2-wasm-service-communication-socket-journal/lwip-wasm/src/core/udp.c udp_new() 356: exit
[CR-DISCOVERY-PROBE-R29] host_utc=2026-09-28T06:46:55.281+00:00 host_mono_ns=2337034471818549 phase=checkpoint container_pid=14 LOG_DEBUG : 00000000.104 : /home/osslab/mros2-wasm-service-communication-socket-journal/lwip-wasm/src/core/udp.c udp_bind() 170: ipaddr=0x0 port=7411 enter
[CR-DISCOVERY-PROBE-R29] host_utc=2026-09-28T06:46:55.281+00:00 host_mono_ns=2337034471827176 phase=checkpoint container_pid=14 LOG_DEBUG : 00000000.104 : /home/osslab/mros2-wasm-service-communication-socket-journal/lwip-wasm/src/core/udp.c udp_bind() 183: mcp exist 0xdbebf8
[CR-DISCOVERY-PROBE-R29] host_utc=2026-09-28T06:46:55.281+00:00 host_mono_ns=2337034471835611 phase=checkpoint container_pid=14 LOG_DEBUG : 00000000.104 : /home/osslab/mros2-wasm-service-communication-socket-journal/lwip-wasm/src/core/udp.c udp_bind() 254: exit
[CR-DISCOVERY-PROBE-R29] host_utc=2026-09-28T06:46:55.281+00:00 host_mono_ns=2337034471843987 phase=checkpoint container_pid=14 LOG_DEBUG : 00000000.104 : /home/osslab/mros2-wasm-service-communication-socket-journal/lwip-wasm/src/core/udp.c udp_recv() 269: enter
[CR-DISCOVERY-PROBE-R29] host_utc=2026-09-28T06:46:55.281+00:00 host_mono_ns=2337034471852303 phase=checkpoint container_pid=14 LOG_DEBUG : 00000000.106 : /home/osslab/mros2-wasm-service-communication-socket-journal/lwip-wasm/src/core/udp.c udp_recv() 280: exit
[CR-DISCOVERY-PROBE-R29] host_utc=2026-09-28T06:46:55.281+00:00 host_mono_ns=2337034471860609 phase=checkpoint container_pid=14 LOG_DEBUG : 00000000.106 : /home/osslab/mros2-wasm-service-communication-socket-journal/lwip-wasm/src/core/udp.c udp_new() 336: enter
[CR-DISCOVERY-PROBE-R29] host_utc=2026-09-28T06:46:55.282+00:00 host_mono_ns=2337034472618852 phase=checkpoint container_pid=14 LOG_DEBUG : 00000000.106 : /home/osslab/mros2-wasm-service-communication-socket-journal/lwip-wasm/src/core/udp_multicast_manager.c udp_mc_info_alloc() 24: enterLOG_NOTICE : 00000000.108 : 
[CR-DISCOVERY-PROBE-R29] host_utc=2026-09-28T06:46:55.282+00:00 host_mono_ns=2337034472632658 phase=checkpoint container_pid=14 thread_udp_recv:UP: mcp=0xdbebf8LOG_DEBUG : 00000000.108 : 
[CR-DISCOVERY-PROBE-R29] host_utc=2026-09-28T06:46:55.282+00:00 host_mono_ns=2337034472641354 phase=checkpoint container_pid=14 /home/osslab/mros2-wasm-service-communication-socket-journal/lwip-wasm/src/core/udp_multicast_manager.c udp_mc_info_alloc() 42: mcp=0xdbec14 exit
[CR-DISCOVERY-PROBE-R29] host_utc=2026-09-28T06:46:55.282+00:00 host_mono_ns=2337034472649800 phase=checkpoint container_pid=14 LOG_DEBUG : 00000000.108 : /home/osslab/mros2-wasm-service-communication-socket-journal/lwip-wasm/src/core/udp.c udp_new() 356: exit
[CR-DISCOVERY-PROBE-R29] host_utc=2026-09-28T06:46:55.282+00:00 host_mono_ns=2337034472675749 phase=checkpoint container_pid=14 LOG_DEBUG : 00000000.108 : /home/osslab/mros2-wasm-service-communication-socket-journal/lwip-wasm/src/core/udp.c udp_bind() 170: ipaddr=0x0 port=7410 enter
[CR-DISCOVERY-PROBE-R29] host_utc=2026-09-28T06:46:55.282+00:00 host_mono_ns=2337034472684165 phase=checkpoint container_pid=14 LOG_DEBUG : 00000000.108 : /home/osslab/mros2-wasm-service-communication-socket-journal/lwip-wasm/src/core/udp.c udp_bind() 183: mcp exist 0xdbec14
[CR-DISCOVERY-PROBE-R29] host_utc=2026-09-28T06:46:55.282+00:00 host_mono_ns=2337034472692571 phase=checkpoint container_pid=14 LOG_DEBUG : 00000000.109 : /home/osslab/mros2-wasm-service-communication-socket-journal/lwip-wasm/src/core/udp.c udp_bind() 254: exit
[CR-DISCOVERY-PROBE-R29] host_utc=2026-09-28T06:46:55.282+00:00 host_mono_ns=2337034473031181 phase=checkpoint container_pid=14 LOG_DEBUG : 00000000.109 : /home/osslab/mros2-wasm-service-communication-socket-journal/lwip-wasm/src/core/udp.cinitします
[CR-DISCOVERY-PROBE-R29] host_utc=2026-09-28T06:46:55.283+00:00 host_mono_ns=2337034473890264 phase=checkpoint container_pid=14 boot_end, 2337034473691929
[CR-DISCOVERY-PROBE-R29] host_utc=2026-09-28T06:46:55.284+00:00 host_mono_ns=2337034474273388 phase=checkpoint container_pid=14 initします
[CR-DISCOVERY-PROBE-R29] host_utc=2026-09-28T06:46:55.285+00:00 host_mono_ns=2337034475900022 phase=checkpoint container_pid=14 boot_end, 2337034475732255
[CR-DISCOVERY-PROBE-R29] host_utc=2026-09-28T06:46:55.285+00:00 host_mono_ns=2337034476029948 phase=checkpoint container_pid=14 initします
[CR-DISCOVERY-PROBE-R29] host_utc=2026-09-28T06:46:55.286+00:00 host_mono_ns=2337034476921432 phase=checkpoint container_pid=14 boot_end, 2337034476713870
[CR-DISCOVERY-PROBE-R29] host_utc=2026-09-28T06:46:55.287+00:00 host_mono_ns=2337034477220417 phase=checkpoint container_pid=14 initします
[CR-DISCOVERY-PROBE-R29] host_utc=2026-09-28T06:46:55.288+00:00 host_mono_ns=2337034478605315 phase=checkpoint container_pid=14 boot_end, 2337034478364229
[CR-DISCOVERY-PROBE-R29] host_utc=2026-09-28T06:46:55.288+00:00 host_mono_ns=2337034478639199 phase=checkpoint container_pid=14 initします
[CR-DISCOVERY-PROBE-R29] host_utc=2026-09-28T06:46:55.289+00:00 host_mono_ns=2337034479599033 phase=checkpoint container_pid=14 boot_end, 2337034479357186
[CR-DISCOVERY-PROBE-R29] host_utc=2026-09-28T06:46:55.289+00:00 host_mono_ns=2337034480033243 phase=checkpoint container_pid=14 initします
[CR-DISCOVERY-PROBE-R29] host_utc=2026-09-28T06:46:55.291+00:00 host_mono_ns=2337034481671239 phase=checkpoint container_pid=14 boot_end, 2337034481423410
[CR-DISCOVERY-PROBE-R29] host_utc=2026-09-28T06:46:55.291+00:00 host_mono_ns=2337034481967839 phase=checkpoint container_pid=14  udp_recv() 269: enter
[CR-DISCOVERY-PROBE-R29] host_utc=2026-09-28T06:46:55.291+00:00 host_mono_ns=2337034481976355 phase=checkpoint container_pid=14 LOG_DEBUG : 00000000.110 : /home/osslab/mros2-wasm-service-communication-socket-journal/lwip-wasm/src/core/udp.c udp_recv() 280: exit
[CR-DISCOVERY-PROBE-R29] host_utc=2026-09-28T06:46:55.291+00:00 host_mono_ns=2337034481982427 phase=checkpoint container_pid=14 LOG_NOTICE : 00000000.112 : thread_udp_recv:UP: mcp=0xdbec14
[CR-DISCOVERY-PROBE-R29] host_utc=2026-09-28T06:46:55.291+00:00 host_mono_ns=2337034481988198 phase=checkpoint container_pid=14 [DISCOVERY_PROBE] event=heartbeat_thread_create writer=sedp_publications created=1
[CR-DISCOVERY-PROBE-R29] host_utc=2026-09-28T06:46:55.291+00:00 host_mono_ns=2337034481994229 phase=checkpoint container_pid=14 [DISCOVERY_PROBE] event=heartbeat_loop_start writer=sedp_publications
[CR-DISCOVERY-PROBE-R29] host_utc=2026-09-28T06:46:55.291+00:00 host_mono_ns=2337034482003857 phase=checkpoint container_pid=14 [DISCOVERY_PROBE] event=heartbeat_tick writer=sedp_publications proxies_empty=1
[CR-DISCOVERY-PROBE-R29] host_utc=2026-09-28T06:46:55.291+00:00 host_mono_ns=2337034482019186 phase=checkpoint container_pid=14 [DISCOVERY_PROBE] event=heartbeat_delay_enter writer=sedp_publications delay_ms=4000 backend=nanosleep
[CR-DISCOVERY-PROBE-R29] host_utc=2026-09-28T06:46:55.291+00:00 host_mono_ns=2337034482028183 phase=checkpoint container_pid=14 [DISCOVERY_PROBE] event=heartbeat_thread_create writer=sedp_subscriptions created=1
[CR-DISCOVERY-PROBE-R29] host_utc=2026-09-28T06:46:55.291+00:00 host_mono_ns=2337034482033794 phase=checkpoint container_pid=14 LOG_DEBUG : 00000000.116 : [MROS2LIB] successfully created participant
[CR-DISCOVERY-PROBE-R29] host_utc=2026-09-28T06:46:55.291+00:00 host_mono_ns=2337034482039745 phase=checkpoint container_pid=14 [DISCOVERY_PROBE] event=sedp_change role=publication topic=rt/to_linux sn=0:1
[CR-DISCOVERY-PROBE-R29] host_utc=2026-09-28T06:46:55.291+00:00 host_mono_ns=2337034482045606 phase=checkpoint container_pid=14 [DISCOVERY_PROBE] event=heartbeat_loop_start writer=sedp_subscriptions
[CR-DISCOVERY-PROBE-R29] host_utc=2026-09-28T06:46:55.291+00:00 host_mono_ns=2337034482051147 phase=checkpoint container_pid=14 [DEBUG] message_traits::TypeName<T *>().value(): std_msgs::msg::dds_::String_[DISCOVERY_PROBE] event=heartbeat_tick writer=sedp_subscriptions proxies_empty=1
[CR-DISCOVERY-PROBE-R29] host_utc=2026-09-28T06:46:55.291+00:00 host_mono_ns=2337034482056868 phase=checkpoint container_pid=14 
[CR-DISCOVERY-PROBE-R29] host_utc=2026-09-28T06:46:55.292+00:00 host_mono_ns=2337034482868822 phase=checkpoint container_pid=14 initします
[CR-DISCOVERY-PROBE-R29] host_utc=2026-09-28T06:46:55.293+00:00 host_mono_ns=2337034483775305 phase=checkpoint container_pid=14 boot_end, 2337034483607718
[CR-DISCOVERY-PROBE-R29] host_utc=2026-09-28T06:46:55.294+00:00 host_mono_ns=2337034484210738 phase=checkpoint container_pid=14 initします
[CR-DISCOVERY-PROBE-R29] host_utc=2026-09-28T06:46:55.295+00:00 host_mono_ns=2337034485752802 phase=checkpoint container_pid=14 boot_end, 2337034485632164
[CR-DISCOVERY-PROBE-R29] host_utc=2026-09-28T06:46:55.301+00:00 host_mono_ns=2337034491884940 phase=checkpoint container_pid=14 initします
[CR-DISCOVERY-PROBE-R29] host_utc=2026-09-28T06:46:55.302+00:00 host_mono_ns=2337034493067485 phase=checkpoint container_pid=14 boot_end, 2337034492870743
[CR-DISCOVERY-PROBE-R29] host_utc=2026-09-28T06:46:55.303+00:00 host_mono_ns=2337034493399352 phase=checkpoint container_pid=14 initします
[CR-DISCOVERY-PROBE-R29] host_utc=2026-09-28T06:46:55.304+00:00 host_mono_ns=2337034494268304 phase=checkpoint container_pid=14 boot_end, 2337034494087923
[CR-DISCOVERY-PROBE-R29] host_utc=2026-09-28T06:46:55.304+00:00 host_mono_ns=2337034494345209 phase=checkpoint container_pid=14 initします
[CR-DISCOVERY-PROBE-R29] host_utc=2026-09-28T06:46:55.305+00:00 host_mono_ns=2337034495326875 phase=checkpoint container_pid=14 boot_end, 2337034495132367
[CR-DISCOVERY-PROBE-R29] host_utc=2026-09-28T06:46:55.305+00:00 host_mono_ns=2337034495717873 phase=checkpoint container_pid=14 initします
[CR-DISCOVERY-PROBE-R29] host_utc=2026-09-28T06:46:55.306+00:00 host_mono_ns=2337034497119953 phase=checkpoint container_pid=14 boot_end, 2337034496878487
[CR-DISCOVERY-PROBE-R29] host_utc=2026-09-28T06:46:55.306+00:00 host_mono_ns=2337034497154739 phase=checkpoint container_pid=14 initします
[CR-DISCOVERY-PROBE-R29] host_utc=2026-09-28T06:46:55.307+00:00 host_mono_ns=2337034498143447 phase=checkpoint container_pid=14 boot_end, 2337034497939041
[CR-DISCOVERY-PROBE-R29] host_utc=2026-09-28T06:46:55.308+00:00 host_mono_ns=2337034498623705 phase=checkpoint container_pid=14 initします
[CR-DISCOVERY-PROBE-R29] host_utc=2026-09-28T06:46:55.310+00:00 host_mono_ns=2337034500504389 phase=checkpoint container_pid=14 boot_end, 2337034500270727
[CR-DISCOVERY-PROBE-R29] host_utc=2026-09-28T06:46:55.310+00:00 host_mono_ns=2337034501130201 phase=checkpoint container_pid=14 [DISCOVERY_PROBE] event=heartbeat_delay_enter writer=sedp_subscriptions delay_ms=4000 backend=nanosleep
[CR-DISCOVERY-PROBE-R29] host_utc=2026-09-28T06:46:55.310+00:00 host_mono_ns=2337034501148566 phase=checkpoint container_pid=14 LOG_DEBUG : 00000000.118 : [MROS2LIB] message_traits::TypeName<T *>().value() std_msgs::msg::dds_::String_
[CR-DISCOVERY-PROBE-R29] host_utc=2026-09-28T06:46:55.310+00:00 host_mono_ns=2337034501165568 phase=checkpoint container_pid=14 LOG_DEBUG : 00000000.118 : [MROS2LIB] create_publisher complete.
[CR-DISCOVERY-PROBE-R29] host_utc=2026-09-28T06:46:55.311+00:00 host_mono_ns=2337034501171389 phase=checkpoint container_pid=14 [DISCOVERY_PROBE] event=sedp_change role=subscription topic=rt/to_stm sn=0:1
[CR-DISCOVERY-PROBE-R29] host_utc=2026-09-28T06:46:55.311+00:00 host_mono_ns=2337034501176940 phase=checkpoint container_pid=14 LOG_DEBUG : 00000000.120 : [MROS2LIB] create_subscription complete.
[CR-DISCOVERY-PROBE-R29] host_utc=2026-09-28T06:46:55.311+00:00 host_mono_ns=2337034501182470 phase=checkpoint container_pid=14 [DISCOVERY_PROBE] event=writer_progress_begin writer=sedp_publications proxies_empty=1 next=0:1 history_min=0:1 history_max=0:1
[CR-DISCOVERY-PROBE-R29] host_utc=2026-09-28T06:46:55.311+00:00 host_mono_ns=2337034501188181 phase=checkpoint container_pid=14 [DISCOVERY_PROBE] event=writer_progress_end writer=sedp_publications proxies_empty=1 next=0:2
[CR-DISCOVERY-PROBE-R29] host_utc=2026-09-28T06:46:55.311+00:00 host_mono_ns=2337034501193651 phase=checkpoint container_pid=14 [DISCOVERY_PROBE] event=writer_progress_begin writer=sedp_subscriptions proxies_empty=1 next=0:1 history_min=0:1 history_max=0:1
[CR-DISCOVERY-PROBE-R29] host_utc=2026-09-28T06:46:55.311+00:00 host_mono_ns=2337034501199422 phase=checkpoint container_pid=14 [DISCOVERY_PROBE] event=writer_progress_end writer=sedp_subscriptions proxies_empty=1 next=0:2
[CR-DISCOVERY-PROBE-R29] host_utc=2026-09-28T06:46:55.311+00:00 host_mono_ns=2337034501204953 phase=checkpoint container_pid=14 LOG_DEBUG : 00000000.135 : [MROS2LIB] Initilizing Domain complete
[CR-DISCOVERY-PROBE-R29] host_utc=2026-09-28T06:46:55.312+00:00 host_mono_ns=2337034502687404 phase=checkpoint container_pid=14 LOG_NOTICE : 00000000.137 : LOG_NOTICE : 00000000.137 : [CR-RERUN-20260927] UDP_SEND result=ok fd=[01:10:34:552 - 7D47C0C8F840]: Load type section success.
[CR-DISCOVERY-PROBE-R29] host_utc=2026-09-28T06:46:55.312+00:00 host_mono_ns=2337034502717411 phase=checkpoint container_pid=14 
[CR-DISCOVERY-PROBE-R29] host_utc=2026-09-28T06:46:55.312+00:00 host_mono_ns=2337034502730445 phase=checkpoint container_pid=14 [01:10:34:574 - 7D47C0C8F840]: Load import section success.
[CR-DISCOVERY-PROBE-R29] host_utc=2026-09-28T06:46:55.312+00:00 host_mono_ns=2337034502742097 phase=checkpoint container_pid=14 
[CR-DISCOVERY-PROBE-R29] host_utc=2026-09-28T06:46:55.312+00:00 host_mono_ns=2337034502752958 phase=checkpoint container_pid=14 [01:10:34:346 - 7D47C0C8F840]: Load function section success.
[CR-DISCOVERY-PROBE-R29] host_utc=2026-09-28T06:46:55.312+00:00 host_mono_ns=2337034502763758 phase=checkpoint container_pid=14 
[CR-DISCOVERY-PROBE-R29] host_utc=2026-09-28T06:46:55.312+00:00 host_mono_ns=2337034502774389 phase=checkpoint container_pid=14 [01:10:34:347 - 7D47C0C8F840]: Load table section success.
[CR-DISCOVERY-PROBE-R29] host_utc=2026-09-28T06:46:55.312+00:00 host_mono_ns=2337034502785279 phase=checkpoint container_pid=14 
[CR-DISCOVERY-PROBE-R29] host_utc=2026-09-28T06:46:55.312+00:00 host_mono_ns=2337034502795879 phase=checkpoint container_pid=14 [01:10:34:348 - 7D47C0C8F840]: Load global section success.
[CR-DISCOVERY-PROBE-R29] host_utc=2026-09-28T06:46:55.312+00:00 host_mono_ns=2337034502806479 phase=checkpoint container_pid=14 
[CR-DISCOVERY-PROBE-R29] host_utc=2026-09-28T06:46:55.312+00:00 host_mono_ns=2337034502817029 phase=checkpoint container_pid=14 [01:10:34:349 - 7D47C0C8F840]: Load export section success.
[CR-DISCOVERY-PROBE-R29] host_utc=2026-09-28T06:46:55.312+00:00 host_mono_ns=2337034502827759 phase=checkpoint container_pid=14 
[CR-DISCOVERY-PROBE-R29] host_utc=2026-09-28T06:46:55.312+00:00 host_mono_ns=2337034502838359 phase=checkpoint container_pid=14 [01:10:34:350 - 7D47C0C8F840]: Load start section success.
[CR-DISCOVERY-PROBE-R29] host_utc=2026-09-28T06:46:55.312+00:00 host_mono_ns=2337034502859319 phase=checkpoint container_pid=14 
[CR-DISCOVERY-PROBE-R29] host_utc=2026-09-28T06:46:55.312+00:00 host_mono_ns=2337034502875890 phase=checkpoint container_pid=14 [01:10:34:352 - 7D47C0C8F840]: Load table segment section success.
[CR-DISCOVERY-PROBE-R29] host_utc=2026-09-28T06:46:55.312+00:00 host_mono_ns=2337034502887112 phase=checkpoint container_pid=14 
[CR-DISCOVERY-PROBE-R29] host_utc=2026-09-28T06:46:55.312+00:00 host_mono_ns=2337034502898032 phase=checkpoint container_pid=14 [01:10:34:353 - 7D47C0C8F840]: Load datacount section success.
[CR-DISCOVERY-PROBE-R29] host_utc=2026-09-28T06:46:55.312+00:00 host_mono_ns=2337034502908782 phase=checkpoint container_pid=14 
[CR-DISCOVERY-PROBE-R29] host_utc=2026-09-28T06:46:55.312+00:00 host_mono_ns=2337034502919362 phase=checkpoint container_pid=14 [01:10:34:353 - 7D47C0C8F840]: Load code segment section success.
[CR-DISCOVERY-PROBE-R29] host_utc=2026-09-28T06:46:55.312+00:00 host_mono_ns=2337034502930153 phase=checkpoint container_pid=14 
[CR-DISCOVERY-PROBE-R29] host_utc=2026-09-28T06:46:55.312+00:00 host_mono_ns=2337034502940833 phase=checkpoint container_pid=14 [01:10:34:355 - 7D47C0C8F840]: Load data segment section success.
[CR-DISCOVERY-PROBE-R29] host_utc=2026-09-28T06:46:55.312+00:00 host_mono_ns=2337034502951684 phase=checkpoint container_pid=14 
[CR-DISCOVERY-PROBE-R29] host_utc=2026-09-28T06:46:55.312+00:00 host_mono_ns=2337034502962314 phase=checkpoint container_pid=14 [01:10:34:356 - 7D47C0C8F840]: Ignore custom section [.debug_abbrev].
[CR-DISCOVERY-PROBE-R29] host_utc=2026-09-28T06:46:55.312+00:00 host_mono_ns=2337034502973074 phase=checkpoint container_pid=14 [01:10:34:356 - 7D47C0C8F840]: Ignore custom section [.debug_info].
[CR-DISCOVERY-PROBE-R29] host_utc=2026-09-28T06:46:55.312+00:00 host_mono_ns=2337034502983784 phase=checkpoint container_pid=14 [01:10:34:357 - 7D47C0C8F840]: Ignore custom section [.debug_ranges].
[CR-DISCOVERY-PROBE-R29] host_utc=2026-09-28T06:46:55.312+00:00 host_mono_ns=2337034502994565 phase=checkpoint container_pid=14 [01:10:34:357 - 7D47C0C8F840]: Ignore custom section [.debug_str].
[CR-DISCOVERY-PROBE-R29] host_utc=2026-09-28T06:46:55.312+00:00 host_mono_ns=2337034503013330 phase=checkpoint container_pid=14 [01:10:34:357 - 7D47C0C8F840]: Ignore custom section [.debug_line].
[CR-DISCOVERY-PROBE-R29] host_utc=2026-09-28T06:46:55.312+00:00 host_mono_ns=2337034503029521 phase=checkpoint container_pid=14 [01:10:34:358 - 7D47C0C8F840]: Ignore custom section [.debug_loc].
[CR-DISCOVERY-PROBE-R29] host_utc=2026-09-28T06:46:55.312+00:00 host_mono_ns=2337034503040551 phase=checkpoint container_pid=14 [01:10:34:358 - 7D47C0C8F840]: Ignore custom section [name].
[CR-DISCOVERY-PROBE-R29] host_utc=2026-09-28T06:46:55.312+00:00 host_mono_ns=2337034503051372 phase=checkpoint container_pid=14 [01:10:34:359 - 7D47C0C8F840]: Ignore custom section [producers].
[CR-DISCOVERY-PROBE-R29] host_utc=2026-09-28T06:46:55.312+00:00 host_mono_ns=2337034503062283 phase=checkpoint container_pid=14 [01:10:34:359 - 7D47C0C8F840]: Ignore custom section [target_features].
[CR-DISCOVERY-PROBE-R29] host_utc=2026-09-28T06:46:55.312+00:00 host_mono_ns=2337034503073173 phase=checkpoint container_pid=14 [01:10:34:360 - 7D47C0C8F840]: Found aux __heap_base global, value: 7857968
[CR-DISCOVERY-PROBE-R29] host_utc=2026-09-28T06:46:55.312+00:00 host_mono_ns=2337034503083793 phase=checkpoint container_pid=14 [01:10:34:360 - 7D47C0C8F840]: Found aux __data_end global, value: 1304356
[CR-DISCOVERY-PROBE-R29] host_utc=2026-09-28T06:46:55.312+00:00 host_mono_ns=2337034503094594 phase=checkpoint container_pid=14 [01:10:34:361 - 7D47C0C8F840]: Found aux stack top global, value: 7857968, global index: 0, stack size: 6553600
[CR-DISCOVERY-PROBE-R29] host_utc=2026-09-28T06:46:55.312+00:00 host_mono_ns=2337034503105755 phase=checkpoint container_pid=14 [01:10:34:361 - 7D47C0C8F840]: Found malloc function, name: malloc, index: 3160
[CR-DISCOVERY-PROBE-R29] host_utc=2026-09-28T06:46:55.312+00:00 host_mono_ns=2337034503122887 phase=checkpoint container_pid=14 [01:10:34:362 - 7D47C0C8F840]: Found free function, name: free, index: 3162
[CR-DISCOVERY-PROBE-R29] host_utc=2026-09-28T06:46:55.312+00:00 host_mono_ns=2337034503139158 phase=checkpoint container_pid=14 [01:10:34:247 - 7D47C0C8F840]: Load module success.
[CR-DISCOVERY-PROBE-R29] host_utc=2026-09-28T06:46:55.312+00:00 host_mono_ns=2337034503150189 phase=checkpoint container_pid=14 
[CR-DISCOVERY-PROBE-R29] host_utc=2026-09-28T06:46:55.312+00:00 host_mono_ns=2337034503160899 phase=checkpoint container_pid=14 [01:10:34:258 - 7D47C0C8F840]: Memory instantiate:
[CR-DISCOVERY-PROBE-R29] host_utc=2026-09-28T06:46:55.313+00:00 host_mono_ns=2337034503171729 phase=checkpoint container_pid=14 [01:10:34:259 - 7D47C0C8F840]:   page bytes: 65536, init pages: 16384, max pages: 16384
[CR-DISCOVERY-PROBE-R29] host_utc=2026-09-28T06:46:55.313+00:00 host_mono_ns=2337034503182690 phase=checkpoint container_pid=14 [01:10:34:259 - 7D47C0C8F840]:   heap offset: 1073741824, heap size: 0
[CR-DISCOVERY-PROBE-R29] host_utc=2026-09-28T06:46:55.313+00:00 host_mono_ns=2337034503193521 phase=checkpoint container_pid=14 
[CR-DISCOVERY-PROBE-R29] host_utc=2026-09-28T06:46:55.313+00:00 host_mono_ns=2337034503204040 phase=checkpoint container_pid=14 [01:10:34:288 - 7D47C0C8F840]: Memory instantiate success.
[CR-DISCOVERY-PROBE-R29] host_utc=2026-09-28T06:46:55.313+00:00 host_mono_ns=2337034503214731 phase=checkpoint container_pid=14 [01:10:34:412 - 7D47C0C8F840]: warning: failed to link import function (env, pthread_exit)
[CR-DISCOVERY-PROBE-R29] host_utc=2026-09-28T06:46:55.313+00:00 host_mono_ns=2337034503225591 phase=checkpoint container_pid=14 [01:10:34:724 - 7D47C0C8F840]: warning: failed to link import function (env, pthread_exit)
[CR-DISCOVERY-PROBE-R29] host_utc=2026-09-28T06:46:55.313+00:00 host_mono_ns=2337034503236482 phase=checkpoint container_pid=14 [01:10:34:089 - 7D47C0A05640]: warning: failed to link import function (env, pthread_exit)
[CR-DISCOVERY-PROBE-R29] host_utc=2026-09-28T06:46:55.313+00:00 host_mono_ns=2337034503247322 phase=checkpoint container_pid=14 [CR-RERUN-20260927] WASI_SOCKET event=sock_recv_from_enter wasi_fd=5 iovecs=1 capacity=65535 flags=0
[CR-DISCOVERY-PROBE-R29] host_utc=2026-09-28T06:46:55.313+00:00 host_mono_ns=2337034503258203 phase=checkpoint container_pid=14 [01:10:34:989 - 7D47C0A05640]: warning: failed to link import function (env, pthread_exit)
[CR-DISCOVERY-PROBE-R29] host_utc=2026-09-28T06:46:55.313+00:00 host_mono_ns=2337034503269103 phase=checkpoint container_pid=14 [CR-RERUN-20260927] WASI_SOCKET event=sock_recv_from_enter wasi_fd=7 iovecs=1 capacity=65535 flags=0
[CR-DISCOVERY-PROBE-R29] host_utc=2026-09-28T06:46:55.313+00:00 host_mono_ns=2337034503279984 phase=checkpoint container_pid=14 [01:10:34:312 - 7D47C0C8F840]: warning: failed to link import function (env, pthread_exit)
[CR-DISCOVERY-PROBE-R29] host_utc=2026-09-28T06:46:55.313+00:00 host_mono_ns=2337034503290774 phase=checkpoint container_pid=14 [CR-RERUN-20260927] WASI_SOCKET event=sock_recv_from_enter wasi_fd=6 iovecs=1 capacity=65535 flags=0
[CR-DISCOVERY-PROBE-R29] host_utc=2026-09-28T06:46:55.313+00:00 host_mono_ns=2337034503301565 phase=checkpoint container_pid=14 [01:10:34:824 - 7D47C0C8F840]: warning: failed to link import function (env, pthread_exit)
[CR-DISCOVERY-PROBE-R29] host_utc=2026-09-28T06:46:55.313+00:00 host_mono_ns=2337034503312415 phase=checkpoint container_pid=14 [01:10:34:821 - 7D47C0C8F840]: warning: failed to link import function (env, pthread_exit)
[CR-DISCOVERY-PROBE-R29] host_utc=2026-09-28T06:46:55.313+00:00 host_mono_ns=2337034503323226 phase=checkpoint container_pid=14 [CR-RERUN-20260927] WASI_SOCKET event=sock_recv_from_enter wasi_fd=11 iovecs=1 capacity=65535 flags=0
[CR-DISCOVERY-PROBE-R29] host_utc=2026-09-28T06:46:55.313+00:00 host_mono_ns=2337034503334106 phase=checkpoint container_pid=14 [01:10:34:458 - 7D47C0C8F840]: warning: failed to link import function (env, pthread_exit)
[CR-DISCOVERY-PROBE-R29] host_utc=2026-09-28T06:46:55.313+00:00 host_mono_ns=2337034503344837 phase=checkpoint container_pid=14 [01:10:34:682 - 7D47C0C8F840]: warning: failed to link import function (env, pthread_exit)
[CR-DISCOVERY-PROBE-R29] host_utc=2026-09-28T06:46:55.313+00:00 host_mono_ns=2337034503365626 phase=checkpoint container_pid=14 [01:10:34:674 - 7D47C0A05640]: warning: failed to link import function (env, pthread_exit)
[CR-DISCOVERY-PROBE-R29] host_utc=2026-09-28T06:46:55.313+00:00 host_mono_ns=2337034503376496 phase=checkpoint container_pid=14 [01:10:34:185 - 7D47C0A05640]: warning: failed to link import function (env, pthread_exit)
[CR-DISCOVERY-PROBE-R29] host_utc=2026-09-28T06:46:55.313+00:00 host_mono_ns=2337034503387207 phase=checkpoint container_pid=14 [01:10:34:967 - 7D47C0A05640]: warning: failed to link import function (env, pthread_exit)
[CR-DISCOVERY-PROBE-R29] host_utc=2026-09-28T06:46:55.313+00:00 host_mono_ns=2337034503398067 phase=checkpoint container_pid=14 [CR-RERUN-20260927] WASI_SOCKET event=sock_send_to_enter wasi_fd=7 bytes=204 flags=0 destination=239.255.0.1:7400
[CR-DISCOVERY-PROBE-R29] host_utc=2026-09-28T06:46:55.313+00:00 host_mono_ns=2337034503408998 phase=checkpoint container_pid=14 [CR-RERUN-20260927] WASI_SOCKET event=sock_send_to_return wasi_fd=7 wasi_errno=0 bytes=204
[CR-DISCOVERY-PROBE-R29] host_utc=2026-09-28T06:46:55.313+00:00 host_mono_ns=2337034503419828 phase=checkpoint container_pid=14 [CR-RERUN-20260927] WASI_SOCKET event=sock_recv_from_return wasi_fd=7 wasi_errno=0 bytes=204 source=172.18.0.3:7400
[CR-DISCOVERY-PROBE-R29] host_utc=2026-09-28T06:46:55.313+00:00 host_mono_ns=2337034503430659 phase=checkpoint container_pid=14 [CR-RERUN-20260927] WASI_SOCKET event=sock_recv_from_enter wasi_fd=7 iovecs=1 capacity=65535 flags=0
[CR-DISCOVERY-PROBE-R29] host_utc=2026-09-28T06:46:55.313+00:00 host_mono_ns=2337034503441700 phase=checkpoint container_pid=14 [CR-RERUN-20260927] WASI_SOCKET event=sock_recv_from_return wasi_fd=7 wasi_errno=0 bytes=204 source=172.18.0.5:7400
[CR-DISCOVERY-PROBE-R29] host_utc=2026-09-28T06:46:55.313+00:00 host_mono_ns=2337034504146331 phase=checkpoint container_pid=14 [CR-RERUN-20260927]7 local_port=7400 destination=239.255.0.1:7400 bytes=204 returned=204 errno=0[CR-RERUN-20260927] UDP_RECV result=ok mcp=0xdbebdc fd=7 local_port=7400 bytes=204 peer=172.18.0.3:7400
[CR-DISCOVERY-PROBE-R29] host_utc=2026-09-28T06:46:55.314+00:00 host_mono_ns=2337034504174805 phase=checkpoint container_pid=14 [CR-RERUN-20260927] RTPS_UDP_SEND result=ok source_port=7400 destination=239.255.0.1:7400 bytes=204 lwip_err=0
[CR-DISCOVERY-PROBE-R29] host_utc=2026-09-28T06:46:55.314+00:00 host_mono_ns=2337034504187850 phase=checkpoint container_pid=14 
[CR-DISCOVERY-PROBE-R29] host_utc=2026-09-28T06:46:55.314+00:00 host_mono_ns=2337034504199492 phase=checkpoint container_pid=14 [CR-RERUN-20260927] RTPS_RX peer=172.18.0.3:59420 local_port=7400 bytes=204
[CR-DISCOVERY-PROBE-R29] host_utc=2026-09-28T06:46:55.314+00:00 host_mono_ns=2337034504210883 phase=checkpoint container_pid=14 [CR-RERUN-20260927] RTPS_RX_QUEUE result=ok local_port=7400 peer_port=59420 bytes=204
[CR-DISCOVERY-PROBE-R29] host_utc=2026-09-28T06:46:55.314+00:00 host_mono_ns=2337034504222044 phase=checkpoint container_pid=14 LOG_NOTICE : 00000000.138 : [CR-RERUN-20260927] UDP_RECV result=ok mcp=0xdbebdc fd=7 local_port=7400 bytes=204 peer=172.18.0.5:7400
[CR-DISCOVERY-PROBE-R29] host_utc=2026-09-28T06:46:55.314+00:00 host_mono_ns=2337034504233596 phase=checkpoint container_pid=14 [CR-RERUN-20260927] RTPS_RX peer=172.18.0.5:59420 local_port=7400 bytes=204
[CR-DISCOVERY-PROBE-R29] host_utc=2026-09-28T06:46:55.314+00:00 host_mono_ns=2337034504244577 phase=checkpoint container_pid=14 [CR-RERUN-20260927] RTPS_RX_QUEUE result=ok local_port=7400 peer_port=59420 bytes=204
[CR-DISCOVERY-PROBE-R29] host_utc=2026-09-28T06:46:55.314+00:00 host_mono_ns=2337034504255638 phase=checkpoint container_pid=14 [CR-RERUN-20260927] RTPS_DATA parse=ok source_prefix=557685218605be0171a49800 reader_id=000100c7 writer_id=000100c2 sequence=0:1 payload_bytes=148 reader_found=1
[CR-DISCOVERY-PROBE-R29] host_utc=2026-09-28T06:46:55.315+00:00 host_mono_ns=2337034505603004 phase=checkpoint container_pid=14 [DISCOVERY_PROBE] event=spdp_builtin_capabilities remote_sum=1129 locator=172.18.0.5 pub_writer=1 sub_writer=1 pub_reader=1 sub_reader=1
[CR-DISCOVERY-PROBE-R29] host_utc=2026-09-28T06:46:55.315+00:00 host_mono_ns=2337034505642078 phase=checkpoint container_pid=14 [DISCOVERY_PROBE] event=add_reader_proxy_begin writer=sedp_publications proxies_empty=1 next=0:2 history_min=0:1 history_max=0:1 remote_eid=0.0.3:199
[CR-DISCOVERY-PROBE-R29] host_utc=2026-09-28T06:46:55.315+00:00 host_mono_ns=2337034505655283 phase=checkpoint container_pid=14 [DISCOVERY_PROBE] event=add_reader_proxy_end writer=sedp_publications success=1 proxies_empty=0 next=0:2
[CR-DISCOVERY-PROBE-R29] host_utc=2026-09-28T06:46:55.315+00:00 host_mono_ns=2337034505667075 phase=checkpoint container_pid=14 [DISCOVERY_PROBE] event=add_reader_proxy_begin writer=sedp_subscriptions proxies_empty=1 next=0:2 history_min=0:1 history_max=0:1 remote_eid=0.0.4:199
[CR-DISCOVERY-PROBE-R29] host_utc=2026-09-28T06:46:55.315+00:00 host_mono_ns=2337034505678326 phase=checkpoint container_pid=14 [DISCOVERY_PROBE] event=add_reader_proxy_end writer=sedp_subscriptions success=1 proxies_empty=0 next=0:2
[CR-DISCOVERY-PROBE-R29] host_utc=2026-09-28T06:46:55.315+00:00 host_mono_ns=2337034505689387 phase=checkpoint container_pid=14 [CR-RERUN-20260927] RTPS_DATA_DELIVERY result=newChange kind=user sequence=0:1
[CR-DISCOVERY-PROBE-R29] host_utc=2026-09-28T06:46:55.315+00:00 host_mono_ns=2337034505700478 phase=checkpoint container_pid=14 LOG_NOTICE : 00000000.141 : LOG_NOTICE : 00000000.141 : [CR-RERUN-20260927] UDP_SEND result=ok fd=7 local_port=7400 destination=239.255.0.1:7400 bytes=204 returned=204 errno=0[CR-RERUN-20260927] UDP_RECV result=ok mcp=0xdbebdc fd=7 local_port=7400 bytes=204 peer=172.18.0.3:7400
[CR-DISCOVERY-PROBE-R29] host_utc=2026-09-28T06:46:55.315+00:00 host_mono_ns=2337034505712190 phase=checkpoint container_pid=14 [CR-RERUN-20260927] RTPS_UDP_SEND result=ok source_port=7400 destination=239.255.0.1:7400 bytes=204 lwip_err=0
[CR-DISCOVERY-PROBE-R29] host_utc=2026-09-28T06:46:55.315+00:00 host_mono_ns=2337034505723331 phase=checkpoint container_pid=14 
[CR-DISCOVERY-PROBE-R29] host_utc=2026-09-28T06:46:56.312+00:00 host_mono_ns=2337035502385341 phase=checkpoint container_pid=14 [CR-RERUN-20260927] RTPS_RX peer=172.18.0.3:59420 local_port=7400 bytes=204
[CR-DISCOVERY-PROBE-R29] host_utc=2026-09-28T06:46:56.312+00:00 host_mono_ns=2337035502437039 phase=checkpoint container_pid=14 [CR-RERUN-20260927] RTPS_RX_QUEUE result=ok local_port=7400 peer_port=59420 bytes=204
[CR-DISCOVERY-PROBE-R29] host_utc=2026-09-28T06:46:56.312+00:00 host_mono_ns=2337035502449623 phase=checkpoint container_pid=14 LOG_NOTICE : 00000000.222 : ready to pub/sub message
[CR-DISCOVERY-PROBE-R29] host_utc=2026-09-28T06:46:56.312+00:00 host_mono_ns=2337035502461144 phase=checkpoint container_pid=14 
[CR-DISCOVERY-PROBE-R29] host_utc=2026-09-28T06:46:56.312+00:00 host_mono_ns=2337035502472506 phase=checkpoint container_pid=14 [CR-RERUN-20260927] APP publish_begin topic=/to_linux id=0 payload='Hello from mros2-posix onto Linux: 0'
[CR-DISCOVERY-PROBE-R29] host_utc=2026-09-28T06:46:56.312+00:00 host_mono_ns=2337035502483477 phase=checkpoint container_pid=14 [CR-RERUN-20260927] APP publish_return topic=/to_linux id=0
[CR-DISCOVERY-PROBE-R29] host_utc=2026-09-28T06:46:56.312+00:00 host_mono_ns=2337035502494157 phase=checkpoint container_pid=14 LOG_NOTICE : 00000000.374 : [CR-RERUN-20260927] UDP_RECV result=ok mcp=0xdbebdc fd=7 local_port=7400 bytes=204 peer=172.18.0.5:7400
[CR-DISCOVERY-PROBE-R29] host_utc=2026-09-28T06:46:56.312+00:00 host_mono_ns=2337035502505799 phase=checkpoint container_pid=14 [CR-RERUN-20260927] RTPS_RX peer=172.18.0.5:59420 local_port=7400 bytes=204
[CR-DISCOVERY-PROBE-R29] host_utc=2026-09-28T06:46:56.312+00:00 host_mono_ns=2337035502516359 phase=checkpoint container_pid=14 [CR-RERUN-20260927] RTPS_RX_QUEUE result=ok local_port=7400 peer_port=59420 bytes=204
[CR-DISCOVERY-PROBE-R29] host_utc=2026-09-28T06:46:56.312+00:00 host_mono_ns=2337035502551134 phase=checkpoint container_pid=14 [CR-RERUN-20260927] RTPS_DATA parse=ok source_prefix=557685218605be0171a49800 reader_id=000100c7 writer_id=000100c2 sequence=0:1 payload_bytes=148 reader_found=1
[CR-DISCOVERY-PROBE-R29] host_utc=2026-09-28T06:46:56.312+00:00 host_mono_ns=2337035502569820 phase=checkpoint container_pid=14 [CR-RERUN-20260927] RTPS_DATA_DELIVERY result=newChange kind=user sequence=0:1
[CR-DISCOVERY-PROBE-R29] host_utc=2026-09-28T06:46:56.551+00:00 host_mono_ns=2337035741800909 phase=checkpoint container_pid=14 LOG_NOTICE : 00000001.138 : LOG_NOTICE : 00000001.138 : [CR-RERUN-20260927] UDP_SEND result=ok fd=7 local_port=7400 destination=239.255.0.1:7400 bytes=204 returned=204 errno=0[CR-RERUN-20260927] UDP_RECV result=ok mcp=0xdbebdc fd=7 local_port=7400 bytes=204 peer=172.18.0.3:7400
[CR-DISCOVERY-PROBE-R29] host_utc=2026-09-28T06:46:56.551+00:00 host_mono_ns=2337035741851054 phase=checkpoint container_pid=14 
[CR-DISCOVERY-PROBE-R29] host_utc=2026-09-28T06:46:56.551+00:00 host_mono_ns=2337035741864409 phase=checkpoint container_pid=14 [CR-RERUN-20260927] RTPS_UDP_SEND result=ok source_port=7400 destination=172.18.0.3:7400 bytes=204 lwip_err=0
[CR-DISCOVERY-PROBE-R29] host_utc=2026-09-28T06:46:56.551+00:00 host_mono_ns=2337035741876301 phase=checkpoint container_pid=14 [CR-RERUN-20260927] RTPS_RX peer=172.18.0.3:59420 local_port=7400 bytes=204
[CR-DISCOVERY-PROBE-R29] host_utc=2026-09-28T06:46:56.551+00:00 host_mono_ns=2337035741887633 phase=checkpoint container_pid=14 [CR-RERUN-20260927] RTPS_RX_QUEUE result=ok local_port=7400 peer_port=59420 bytes=204
[CR-DISCOVERY-PROBE-R29] host_utc=2026-09-28T06:46:56.551+00:00 host_mono_ns=2337035741898173 phase=checkpoint container_pid=14 [CR-RERUN-20260927] APP publish_begin topic=/to_linux id=1 payload='Hello from mros2-posix onto Linux: 1'
[CR-DISCOVERY-PROBE-R29] host_utc=2026-09-28T06:46:56.551+00:00 host_mono_ns=2337035741908983 phase=checkpoint container_pid=14 [CR-RERUN-20260927] APP publish_return topic=/to_linux id=1
[CR-DISCOVERY-PROBE-R29] host_utc=2026-09-28T06:46:56.551+00:00 host_mono_ns=2337035741920234 phase=checkpoint container_pid=14 LOG_NOTICE : 00000001.374 : [CR-RERUN-20260927] UDP_RECV result=ok mcp=0xdbebdc fd=7 local_port=7400 bytes=204 peer=172.18.0.5:7400
[CR-DISCOVERY-PROBE-R29] host_utc=2026-09-28T06:46:56.551+00:00 host_mono_ns=2337035741931636 phase=checkpoint container_pid=14 [CR-RERUN-20260927] RTPS_RX peer=172.18.0.5:59420 local_port=7400 bytes=204
[CR-DISCOVERY-PROBE-R29] host_utc=2026-09-28T06:46:56.551+00:00 host_mono_ns=2337035741942166 phase=checkpoint container_pid=14 [CR-RERUN-20260927] RTPS_RX_QUEUE result=ok local_port=7400 peer_port=59420 bytes=204
[CR-DISCOVERY-PROBE-R29] host_utc=2026-09-28T06:46:57.549+00:00 host_mono_ns=2337036739210281 phase=checkpoint container_pid=14 [CR-RERUN-20260927] RTPS_DATA parse=ok source_prefix=557685218605be0171a49800 reader_id=000100c7 writer_id=000100c2 sequence=0:1 payload_bytes=148 reader_found=1
[CR-DISCOVERY-PROBE-R29] host_utc=2026-09-28T06:46:57.549+00:00 host_mono_ns=2337036739255957 phase=checkpoint container_pid=14 [CR-RERUN-20260927] RTPS_DATA_DELIVERY result=newChange kind=user sequence=0:1
[CR-DISCOVERY-PROBE-R29] host_utc=2026-09-28T06:46:57.549+00:00 host_mono_ns=2337036739271486 phase=checkpoint container_pid=14 LOG_NOTICE : 00000002.139 : LOG_NOTICE : 00000002.139 : [CR-RERUN-20260927] UDP_SEND result=ok fd=7 local_port=7400 destination=239.255.0.1:7400 bytes=204 returned=204 errno=0[CR-RERUN-20260927] UDP_RECV result=ok mcp=0xdbebdc fd=7 local_port=7400 bytes=204 peer=172.18.0.3:7400
[CR-DISCOVERY-PROBE-R29] host_utc=2026-09-28T06:46:57.549+00:00 host_mono_ns=2337036739285513 phase=checkpoint container_pid=14 
[CR-DISCOVERY-PROBE-R29] host_utc=2026-09-28T06:46:57.549+00:00 host_mono_ns=2337036739299169 phase=checkpoint container_pid=14 [CR-RERUN-20260927] RTPS_UDP_SEND result=ok source_port=7400 destination=172.18.0.3:7400 bytes=204 lwip_err=0
[CR-DISCOVERY-PROBE-R29] host_utc=2026-09-28T06:46:57.549+00:00 host_mono_ns=2337036739333393 phase=checkpoint container_pid=14 [CR-RERUN-20260927] RTPS_RX peer=172.18.0.3:59420 local_port=7400 bytes=204
[CR-DISCOVERY-PROBE-R29] host_utc=2026-09-28T06:46:57.549+00:00 host_mono_ns=2337036739352660 phase=checkpoint container_pid=14 [CR-RERUN-20260927] RTPS_RX_QUEUE result=ok local_port=7400 peer_port=59420 bytes=204
[CR-DISCOVERY-PROBE-R29] host_utc=2026-09-28T06:46:57.549+00:00 host_mono_ns=2337036739365233 phase=checkpoint container_pid=14 [CR-RERUN-20260927] APP publish_begin topic=/to_linux id=2 payload='Hello from mros2-posix onto Linux: 2'
[CR-DISCOVERY-PROBE-R29] host_utc=2026-09-28T06:46:57.549+00:00 host_mono_ns=2337036739378098 phase=checkpoint container_pid=14 [CR-RERUN-20260927] APP publish_return topic=/to_linux id=2
[CR-DISCOVERY-PROBE-R29] host_utc=2026-09-28T06:46:57.549+00:00 host_mono_ns=2337036739391102 phase=checkpoint container_pid=14 LOG_NOTICE : 00000002.374 : [CR-RERUN-20260927] UDP_RECV result=ok mcp=0xdbebdc fd=7 local_port=7400 bytes=204 peer=172.18.0.5:7400
[CR-DISCOVERY-PROBE-R29] host_utc=2026-09-28T06:46:57.549+00:00 host_mono_ns=2337036739404387 phase=checkpoint container_pid=14 [CR-RERUN-20260927] RTPS_RX peer=172.18.0.5:59420 local_port=7400 bytes=204
[CR-DISCOVERY-PROBE-R29] host_utc=2026-09-28T06:46:58.548+00:00 host_mono_ns=2337037738747724 phase=checkpoint container_pid=14 [CR-RERUN-20260927] RTPS_RX_QUEUE result=ok local_port=7400 peer_port=59420 bytes=204
[CR-DISCOVERY-PROBE-R29] host_utc=2026-09-28T06:46:58.548+00:00 host_mono_ns=2337037738798931 phase=checkpoint container_pid=14 [CR-RERUN-20260927] RTPS_DATA parse=ok source_prefix=557685218605be0171a49800 reader_id=000100c7 writer_id=000100c2 sequence=0:1 payload_bytes=148 reader_found=1
[CR-DISCOVERY-PROBE-R29] host_utc=2026-09-28T06:46:58.548+00:00 host_mono_ns=2337037738812557 phase=checkpoint container_pid=14 [CR-RERUN-20260927] RTPS_DATA_DELIVERY result=newChange kind=user sequence=0:1
[CR-DISCOVERY-PROBE-R29] host_utc=2026-09-28T06:46:58.548+00:00 host_mono_ns=2337037738824119 phase=checkpoint container_pid=14 LOG_NOTICE : 00000003.139 : LOG_NOTICE : 00000003.139 : [CR-RERUN-20260927] UDP_SEND result=ok fd=7 local_port=7400 destination=239.255.0.1:7400 bytes=204 returned=204 errno=0[CR-RERUN-20260927] UDP_RECV result=ok mcp=0xdbebdc fd=7 local_port=7400 bytes=204 peer=172.18.0.3:7400
[CR-DISCOVERY-PROBE-R29] host_utc=2026-09-28T06:46:58.548+00:00 host_mono_ns=2337037738835640 phase=checkpoint container_pid=14 
[CR-DISCOVERY-PROBE-R29] host_utc=2026-09-28T06:46:58.548+00:00 host_mono_ns=2337037738846912 phase=checkpoint container_pid=14 [CR-RERUN-20260927] RTPS_UDP_SEND result=ok source_port=7400 destination=172.18.0.3:7400 bytes=204 lwip_err=0
[CR-DISCOVERY-PROBE-R29] host_utc=2026-09-28T06:46:58.548+00:00 host_mono_ns=2337037738858143 phase=checkpoint container_pid=14 [CR-RERUN-20260927] RTPS_RX peer=172.18.0.3:59420 local_port=7400 bytes=204
[CR-DISCOVERY-PROBE-R29] host_utc=2026-09-28T06:46:58.548+00:00 host_mono_ns=2337037738868773 phase=checkpoint container_pid=14 [CR-RERUN-20260927] RTPS_RX_QUEUE result=ok local_port=7400 peer_port=59420 bytes=204
[CR-DISCOVERY-PROBE-R29] host_utc=2026-09-28T06:46:58.548+00:00 host_mono_ns=2337037738879153 phase=checkpoint container_pid=14 [CR-RERUN-20260927] APP publish_begin topic=/to_linux id=3 payload='Hello from mros2-posix onto Linux: 3'
[CR-DISCOVERY-PROBE-R29] host_utc=2026-09-28T06:46:58.548+00:00 host_mono_ns=2337037738890123 phase=checkpoint container_pid=14 [CR-RERUN-20260927] APP publish_return topic=/to_linux id=3
[CR-DISCOVERY-PROBE-R29] host_utc=2026-09-28T06:46:58.550+00:00 host_mono_ns=2337037740254682 phase=checkpoint container_pid=14 LOG_NOTICE : 00000003.374 : LOG_NOTICE : 00000003.375 : [CR-RERUN-20260927] UDP_RECV result=ok mcp=0xdbec14 fd=11 local_port=7410 bytes=52 peer=172.18.0.5:7410[CR-RERUN-20260927] UDP_RECV result=ok mcp=0xdbebdc fd=7 local_port=7400 bytes=204 peer=172.18.0.5:7400
[CR-DISCOVERY-PROBE-R29] host_utc=2026-09-28T06:46:58.550+00:00 host_mono_ns=2337037740283336 phase=checkpoint container_pid=14 
[CR-DISCOVERY-PROBE-R29] host_utc=2026-09-28T06:46:58.550+00:00 host_mono_ns=2337037740312752 phase=checkpoint container_pid=14 [CR-RERUN-20260927] RTPS_RX peer=172.18.0.5:61980 local_port=7410 bytes=52
[CR-DISCOVERY-PROBE-R29] host_utc=2026-09-28T06:46:58.550+00:00 host_mono_ns=2337037740330305 phase=checkpoint container_pid=14 [CR-RERUN-20260927] RTPS_RX peer=172.18.0.5:59420 local_port=7400 bytes=204
[CR-DISCOVERY-PROBE-R29] host_utc=2026-09-28T06:46:58.550+00:00 host_mono_ns=2337037740341055 phase=checkpoint container_pid=14 [CR-RERUN-20260927] RTPS_RX_QUEUE result=ok local_port=7410 peer_port=61980 bytes=52
[CR-DISCOVERY-PROBE-R29] host_utc=2026-09-28T06:46:58.550+00:00 host_mono_ns=2337037740351665 phase=checkpoint container_pid=14 [CR-RERUN-20260927] RTPS_RX_QUEUE result=ok local_port=7400 peer_port=59420 bytes=204
[CR-DISCOVERY-PROBE-R29] host_utc=2026-09-28T06:46:58.550+00:00 host_mono_ns=2337037740362265 phase=checkpoint container_pid=14 LOG_NOTICE : 00000003.376 : [CR-RERUN-20260927] UDP_RECV result=ok mcp=0xdbec14 fd=11 local_port=7410 bytes=52 peer=172.18.0.5:7410
[CR-DISCOVERY-PROBE-R29] host_utc=2026-09-28T06:46:58.550+00:00 host_mono_ns=2337037740373096 phase=checkpoint container_pid=14 LOG_NOTICE : 00000003.376 : [CR-RERUN-20260927] RTPS_RX peer=172.18.0.5:61980 local_port=7410 bytes=52
[CR-DISCOVERY-PROBE-R29] host_utc=2026-09-28T06:46:58.550+00:00 host_mono_ns=2337037740383666 phase=checkpoint container_pid=14 [CR-RERUN-20260927] UDP_SEND result=ok fd=11 local_port=7410 destination=172.18.0.5:7410 bytes=52 returned=52 errno=0[CR-RERUN-20260927] RTPS_RX_QUEUE result=ok local_port=7410 peer_port=61980 bytes=52
[CR-DISCOVERY-PROBE-R29] host_utc=2026-09-28T06:46:58.550+00:00 host_mono_ns=2337037740394937 phase=checkpoint container_pid=14 
[CR-DISCOVERY-PROBE-R29] host_utc=2026-09-28T06:46:58.555+00:00 host_mono_ns=2337037746088917 phase=checkpoint container_pid=14 [CR-RERUN-20260927] RTPS_UDP_SEND result=ok source_port=7410 destination=172.18.0.5:7410 bytes=52 lwip_err=0
[CR-DISCOVERY-PROBE-R29] host_utc=2026-09-28T06:46:58.555+00:00 host_mono_ns=2337037746124865 phase=checkpoint container_pid=14 LOG_NOTICE : 00000003.376 : [CR-RERUN-20260927] UDP_RECV result=ok mcp=0xdbec14 fd=11 local_port=7410 bytes=216 peer=172.18.0.5:7410[CR-RERUN-20260927] RTPS_DATA parse=ok source_prefix=
[CR-DISCOVERY-PROBE-R29] host_utc=2026-09-28T06:46:58.555+00:00 host_mono_ns=2337037746138531 phase=checkpoint container_pid=14 5576[CR-RERUN-20260927] RTPS_RX peer=172.18.0.5:61980 local_port=7410 bytes=216
[CR-DISCOVERY-PROBE-R29] host_utc=2026-09-28T06:46:58.555+00:00 host_mono_ns=2337037746147989 phase=checkpoint container_pid=14 8521[CR-RERUN-20260927] RTPS_RX_QUEUE result=ok local_port=7410 peer_port=61980 bytes=216
[CR-DISCOVERY-PROBE-R29] host_utc=2026-09-28T06:46:58.555+00:00 host_mono_ns=2337037746156445 phase=checkpoint container_pid=14 8605be0171a49800 reader_id=000100c7 writer_id=000100c2 sequence=0:1 payload_bytes=148 reader_found=1
[CR-DISCOVERY-PROBE-R29] host_utc=2026-09-28T06:46:58.555+00:00 host_mono_ns=2337037746164871 phase=checkpoint container_pid=14 [CR-RERUN-20260927] RTPS_DATA_DELIVERY result=newChange kind=user sequence=0:1
[CR-DISCOVERY-PROBE-R29] host_utc=2026-09-28T06:46:58.556+00:00 host_mono_ns=2337037746173547 phase=checkpoint container_pid=14 LOG_NOTICE : 00000003.381 : LOG_NOTICE : 00000003.381 : [CR-RERUN-20260927] UDP_SEND result=ok fd=11 local_port=7410 destination=172.18.0.5:7410 bytes=52 returned=52 errno=0[CR-RERUN-20260927] UDP_RECV result=ok mcp=0xdbec14 fd=11 local_port=7410 bytes=216 peer=172.18.0.5:7410
[CR-DISCOVERY-PROBE-R29] host_utc=2026-09-28T06:46:58.556+00:00 host_mono_ns=2337037746182975 phase=checkpoint container_pid=14 
[CR-DISCOVERY-PROBE-R29] host_utc=2026-09-28T06:46:58.556+00:00 host_mono_ns=2337037746191772 phase=checkpoint container_pid=14 [CR-RERUN-20260927] RTPS_UDP_SEND result=ok source_port=7410 destination=172.18.0.5:7410 bytes=52 lwip_err=0
[CR-DISCOVERY-PROBE-R29] host_utc=2026-09-28T06:46:59.291+00:00 host_mono_ns=2337038481575922 phase=checkpoint container_pid=14 [CR-RERUN-20260927] RTPS_RX peer=172.18.0.5:61980 local_port=7410 bytes=216
[CR-DISCOVERY-PROBE-R29] host_utc=2026-09-28T06:46:59.291+00:00 host_mono_ns=2337038481637217 phase=checkpoint container_pid=14 [CR-RERUN-20260927] RTPS_RX_QUEUE result=ok local_port=7410 peer_port=61980 bytes=216
[CR-DISCOVERY-PROBE-R29] host_utc=2026-09-28T06:46:59.291+00:00 host_mono_ns=2337038481650432 phase=checkpoint container_pid=14 [CR-RERUN-20260927] RTPS_DATA parse=ok source_prefix=557685218605be0171a49800 reader_id=000004c7 writer_id=000004c2 sequence=0:1 payload_bytes=160 reader_found=1
[CR-DISCOVERY-PROBE-R29] host_utc=2026-09-28T06:46:59.291+00:00 host_mono_ns=2337038481663066 phase=checkpoint container_pid=14 LOG_DEBUG : 00000003.385 : [MROS2LIB] publisher matched with remote subscriber
[CR-DISCOVERY-PROBE-R29] host_utc=2026-09-28T06:46:59.291+00:00 host_mono_ns=2337038481673867 phase=checkpoint container_pid=14 [CR-RERUN-20260927] RTPS_DATA_DELIVERY result=newChange kind=user sequence=0:1
[CR-DISCOVERY-PROBE-R29] host_utc=2026-09-28T06:46:59.291+00:00 host_mono_ns=2337038481684326 phase=checkpoint container_pid=14 [CR-RERUN-20260927] RTPS_DATA parse=ok source_prefix=557685218605be0171a49800 reader_id=000003c7 writer_id=000003c2 sequence=0:1 payload_bytes=160 reader_found=1
[CR-DISCOVERY-PROBE-R29] host_utc=2026-09-28T06:46:59.291+00:00 host_mono_ns=2337038481695077 phase=checkpoint container_pid=14 LOG_DEBUG : 00000003.388 : [MROS2LIB] subscriber matched with remote publisher
[CR-DISCOVERY-PROBE-R29] host_utc=2026-09-28T06:46:59.291+00:00 host_mono_ns=2337038481705617 phase=checkpoint container_pid=14 [CR-RERUN-20260927] RTPS_DATA_DELIVERY result=newChange kind=user sequence=0:1
[CR-DISCOVERY-PROBE-R29] host_utc=2026-09-28T06:46:59.291+00:00 host_mono_ns=2337038481715976 phase=checkpoint container_pid=14 [DISCOVERY_PROBE] event=heartbeat_delay_return writer=sedp_publications status=0 backend=nanosleep
[CR-DISCOVERY-PROBE-R29] host_utc=2026-09-28T06:46:59.291+00:00 host_mono_ns=2337038481726476 phase=checkpoint container_pid=14 [DISCOVERY_PROBE] event=heartbeat_tick writer=sedp_publications proxies_empty=0
[CR-DISCOVERY-PROBE-R29] host_utc=2026-09-28T06:46:59.291+00:00 host_mono_ns=2337038481737126 phase=checkpoint container_pid=14 [DISCOVERY_PROBE] event=heartbeat_send writer=sedp_publications first=0:1 last=0:1 dst_port=7410 WASI_SOCKET event=sock_recv_from_enter wasi_fd=7 iovecs=1 capacity=65535 flags=0
[CR-DISCOVERY-PROBE-R29] host_utc=2026-09-28T06:46:59.291+00:00 host_mono_ns=2337038481748708 phase=checkpoint container_pid=14 [CR-RERUN-20260927] WASI_SOCKET event=sock_send_to_enter wasi_fd=7 bytes=204 flags=0 destination=239.255.0.1:7400
[CR-DISCOVERY-PROBE-R29] host_utc=2026-09-28T06:46:59.291+00:00 host_mono_ns=2337038481759418 phase=checkpoint container_pid=14 [CR-RERUN-20260927] WASI_SOCKET event=sock_send_to_return wasi_fd=7 wasi_errno=0 bytes=204
[CR-DISCOVERY-PROBE-R29] host_utc=2026-09-28T06:46:59.291+00:00 host_mono_ns=2337038481769898 phase=checkpoint container_pid=14 [CR-RERUN-20260927] WASI_SOCKET event=sock_recv_from_return wasi_fd=7 wasi_errno=0 bytes=204 source=172.18.0.3:7400
[CR-DISCOVERY-PROBE-R29] host_utc=2026-09-28T06:46:59.291+00:00 host_mono_ns=2337038481780358 phase=checkpoint container_pid=14 [CR-RERUN-20260927] WASI_SOCKET event=sock_recv_from_enter wasi_fd=7 iovecs=1 capacity=65535 flags=0
[CR-DISCOVERY-PROBE-R29] host_utc=2026-09-28T06:46:59.291+00:00 host_mono_ns=2337038481790928 phase=checkpoint container_pid=14 [CR-RERUN-20260927] WASI_SOCKET event=sock_recv_from_return wasi_fd=7 wasi_errno=0 bytes=204 source=172.18.0.5:7400
[CR-DISCOVERY-PROBE-R29] host_utc=2026-09-28T06:46:59.291+00:00 host_mono_ns=2337038481801307 phase=checkpoint container_pid=14 [CR-RERUN-20260927] WASI_SOCKET event=sock_recv_from_enter wasi_fd=7 iovecs=1 capacity=65535 flags=0
[CR-DISCOVERY-PROBE-R29] host_utc=2026-09-28T06:46:59.291+00:00 host_mono_ns=2337038481811647 phase=checkpoint container_pid=14 [CR-RERUN-20260927] WASI_SOCKET event=sock_send_to_enter wasi_fd=7 bytes=204 flags=0 destination=239.255.0.1:7400
[CR-DISCOVERY-PROBE-R29] host_utc=2026-09-28T06:46:59.291+00:00 host_mono_ns=2337038481828479 phase=checkpoint container_pid=14 [CR-RERUN-20260927] WASI_SOCKET event=sock_recv_from_return wasi_fd=7 wasi_errno=0 bytes=204 source=172.18.0.3:7400
[CR-DISCOVERY-PROBE-R29] host_utc=2026-09-28T06:46:59.291+00:00 host_mono_ns=2337038481844569 phase=checkpoint container_pid=14 [CR-RERUN-20260927] WASI_SOCKET event=sock_send_to_return wasi_fd=7 wasi_errno=0 bytes=204
[CR-DISCOVERY-PROBE-R29] host_utc=2026-09-28T06:46:59.291+00:00 host_mono_ns=2337038481855069 phase=checkpoint container_pid=14 [CR-RERUN-20260927] WASI_SOCKET event=sock_recv_from_enter wasi_fd=7 iovecs=1 capacity=65535 flags=0
[CR-DISCOVERY-PROBE-R29] host_utc=2026-09-28T06:46:59.291+00:00 host_mono_ns=2337038481865569 phase=checkpoint container_pid=14 [CR-RERUN-20260927] WASI_SOCKET event=sock_recv_from_return wasi_fd=7 wasi_errno=0 bytes=204 source=172.18.0.5:7400
[CR-DISCOVERY-PROBE-R29] host_utc=2026-09-28T06:46:59.291+00:00 host_mono_ns=2337038481875908 phase=checkpoint container_pid=14 [CR-RERUN-20260927] WASI_SOCKET event=sock_recv_from_enter wasi_fd=7 iovecs=1 capacity=65535 flags=0
[CR-DISCOVERY-PROBE-R29] host_utc=2026-09-28T06:46:59.291+00:00 host_mono_ns=2337038481886308 phase=checkpoint container_pid=14 [CR-RERUN-20260927] WASI_SOCKET event=sock_send_to_enter wasi_fd=7 bytes=204 flags=0 destination=239.255.0.1:7400
[CR-DISCOVERY-PROBE-R29] host_utc=2026-09-28T06:46:59.291+00:00 host_mono_ns=2337038481896588 phase=checkpoint container_pid=14 [CR-RERUN-20260927] WASI_SOCKET event=sock_recv_from_return wasi_fd=7 wasi_errno=0 bytes=204 source=172.18.0.3:7400
[CR-DISCOVERY-PROBE-R29] host_utc=2026-09-28T06:46:59.291+00:00 host_mono_ns=2337038481906807 phase=checkpoint container_pid=14 [CR-RERUN-20260927] WASI_SOCKET event=sock_send_to_return wasi_fd=7 wasi_errno=0 bytes=204
[CR-DISCOVERY-PROBE-R29] host_utc=2026-09-28T06:46:59.291+00:00 host_mono_ns=2337038481917176 phase=checkpoint container_pid=14 [CR-RERUN-20260927] WASI_SOCKET event=sock_recv_from_enter wasi_fd=7 iovecs=1 capacity=65535 flags=0
[CR-DISCOVERY-PROBE-R29] host_utc=2026-09-28T06:46:59.291+00:00 host_mono_ns=2337038481927566 phase=checkpoint container_pid=14 [CR-RERUN-20260927] WASI_SOCKET event=sock_recv_from_return wasi_fd=7 wasi_errno=0 bytes=204 source=172.18.0.5:7400
[CR-DISCOVERY-PROBE-R29] host_utc=2026-09-28T06:46:59.291+00:00 host_mono_ns=2337038481937785 phase=checkpoint container_pid=14 [CR-RERUN-20260927] WASI_SOCKET event=sock_recv_from_enter wasi_fd=7 iovecs=1 capacity=65535 flags=0
[CR-DISCOVERY-PROBE-R29] host_utc=2026-09-28T06:46:59.291+00:00 host_mono_ns=2337038481948235 phase=checkpoint container_pid=14 [CR-RERUN-20260927] WASI_SOCKET event=sock_send_to_enter wasi_fd=7 bytes=204 flags=0 destination=239.255.0.1:7400
[CR-DISCOVERY-PROBE-R29] host_utc=2026-09-28T06:46:59.291+00:00 host_mono_ns=2337038481958535 phase=checkpoint container_pid=14 [CR-RERUN-20260927] WASI_SOCKET event=sock_send_to_return wasi_fd=7 wasi_errno=0 bytes=204
[CR-DISCOVERY-PROBE-R29] host_utc=2026-09-28T06:46:59.291+00:00 host_mono_ns=2337038481968814 phase=checkpoint container_pid=14 [CR-RERUN-20260927] WASI_SOCKET event=sock_recv_from_return wasi_fd=7 wasi_errno=0 bytes=204 source=172.18.0.3:7400
[CR-DISCOVERY-PROBE-R29] host_utc=2026-09-28T06:46:59.291+00:00 host_mono_ns=2337038481979083 phase=checkpoint container_pid=14 [CR-RERUN-20260927] WASI_SOCKET event=sock_recv_from_enter wasi_fd=7 iovecs=1 capacity=65535 flags=0
[CR-DISCOVERY-PROBE-R29] host_utc=2026-09-28T06:46:59.291+00:00 host_mono_ns=2337038481989483 phase=checkpoint container_pid=14 [CR-RERUN-20260927] WASI_SOCKET event=sock_recv_from_return wasi_fd=11 wasi_errno=0 bytes=52 source=172.18.0.5:7410
[CR-DISCOVERY-PROBE-R29] host_utc=2026-09-28T06:46:59.291+00:00 host_mono_ns=2337038481999813 phase=checkpoint container_pid=14 [CR-RERUN-20260927] WASI_SOCKET event=sock_recv_from_return wasi_fd=7 wasi_errno=0 bytes=204 source=172.18.0.5:7400
[CR-DISCOVERY-PROBE-R29] host_utc=2026-09-28T06:46:59.291+00:00 host_mono_ns=2337038482035350 phase=checkpoint container_pid=14 [CR-RERUN-20260927] WASI_SOCKET event=sock_recv_from_enter wasi_fd=11 iovecs=1 capacity=65535 flags=0
[CR-DISCOVERY-PROBE-R29] host_utc=2026-09-28T06:46:59.291+00:00 host_mono_ns=2337038482058263 phase=checkpoint container_pid=14 [CR-RERUN-20260927] WASI_SOCKET event=sock_recv_from_return wasi_fd=11 wasi_errno=0 bytes=52 source=172.18.0.5:7410
[CR-DISCOVERY-PROBE-R29] host_utc=2026-09-28T06:46:59.291+00:00 host_mono_ns=2337038482068713 phase=checkpoint container_pid=14 [CR-RERUN-20260927] WASI_SOCKET event=sock_recv_from_enter wasi_fd=7 iovecs=1 capacity=65535 flags=0
[CR-DISCOVERY-PROBE-R29] host_utc=2026-09-28T06:46:59.291+00:00 host_mono_ns=2337038482079092 phase=checkpoint container_pid=14 [CR-RERUN-20260927] WASI_SOCKET event=sock_send_to_enter wasi_fd=11 bytes=52 flags=0 destination=172.18.0.5:7410
[CR-DISCOVERY-PROBE-R29] host_utc=2026-09-28T06:46:59.291+00:00 host_mono_ns=2337038482089412 phase=checkpoint container_pid=14 [CR-RERUN-20260927] WASI_SOCKET event=sock_send_to_return wasi_fd=11 wasi_errno=0 bytes=52
[CR-DISCOVERY-PROBE-R29] host_utc=2026-09-28T06:46:59.291+00:00 host_mono_ns=2337038482099762 phase=checkpoint container_pid=14 [CR-RERUN-20260927] WASI_SOCKET event=sock_recv_from_enter wasi_fd=11 iovecs=1 capacity=65535 flags=0
[CR-DISCOVERY-PROBE-R29] host_utc=2026-09-28T06:46:59.291+00:00 host_mono_ns=2337038482110331 phase=checkpoint container_pid=14 [CR-RERUN-20260927] WASI_SOCKET event=sock_recv_from_return wasi_fd=11 wasi_errno=0 bytes=216 source=172.18.0.5:7410
[CR-DISCOVERY-PROBE-R29] host_utc=2026-09-28T06:46:59.291+00:00 host_mono_ns=2337038482120511 phase=checkpoint container_pid=14 [CR-RERUN-20260927] WASI_SOCKET event=sock_recv_from_enter wasi_fd=11 iovecs=1 capacity=65535 flags=0
[CR-DISCOVERY-PROBE-R29] host_utc=2026-09-28T06:46:59.291+00:00 host_mono_ns=2337038482130860 phase=checkpoint container_pid=14 [CR-RERUN-20260927] WASI_SOCKET event=sock_send_to_enter wasi_fd=11 bytes=52 flags=0 destination=172.18.0.5:7410
[CR-DISCOVERY-PROBE-R29] host_utc=2026-09-28T06:46:59.291+00:00 host_mono_ns=2337038482141070 phase=checkpoint container_pid=14 [CR-RERUN-20260927] WASI_SOCKET event=sock_send_to_return wasi_fd=11 wasi_errno=0 bytes=52
[CR-DISCOVERY-PROBE-R29] host_utc=2026-09-28T06:46:59.291+00:00 host_mono_ns=2337038482151299 phase=checkpoint container_pid=14 [CR-RERUN-20260927] WASI_SOCKET event=sock_recv_from_return wasi_fd=11 wasi_errno=0 bytes=216 source=172.18.0.5:7410
[CR-DISCOVERY-PROBE-R29] host_utc=2026-09-28T06:46:59.291+00:00 host_mono_ns=2337038482161518 phase=checkpoint container_pid=14 [CR-RERUN-20260927] WASI_SOCKET event=sock_recv_from_enter wasi_fd=11 iovecs=1 capacity=65535 flags=0
[CR-DISCOVERY-PROBE-R29] host_utc=2026-09-28T06:46:59.292+00:00 host_mono_ns=2337038482171868 phase=checkpoint container_pid=14 [CR-RERUN-20260927] WASI_SOCKET event=sock_send_to_enter wasi_fd=11 bytes=52 flags=0 destination=172.18.0.5:7410
[CR-DISCOVERY-PROBE-R29] host_utc=2026-09-28T06:46:59.294+00:00 host_mono_ns=2337038484245216 phase=checkpoint container_pid=14 [CR-RERUN-20260927] WASI_SOCKET event=sock_send_to_return wasi_
[CR-DISCOVERY-PROBE-R29] host_utc=2026-09-28T06:46:59.294+00:00 host_mono_ns=2337038484277507 phase=checkpoint container_pid=14 LOG_NOTICE : 00000004.118 : [CR-RERUN-20260927] UDP_SEND result=ok fd=11 local_port=7410 destination=172.18.0.5:7410 bytes=52 returned=52 errno=0LOG_NOTICE : 00000004.118 : 
[CR-DISCOVERY-PROBE-R29] host_utc=2026-09-28T06:46:59.294+00:00 host_mono_ns=2337038484290421 phase=checkpoint container_pid=14 [CR-RERUN-20260927] RTPS_UDP_SEND result=ok source_port=7410 destination=172.18.0.5:7410 bytes=52 lwip_err=0
[CR-DISCOVERY-PROBE-R29] host_utc=2026-09-28T06:46:59.294+00:00 host_mono_ns=2337038484301833 phase=checkpoint container_pid=14 [CR-RERUN-20260927] UDP_RECV result=ok mcp=0xdbec14 fd=11 local_port=7410 bytes=52 peer=172.18.0.5:7410
[CR-DISCOVERY-PROBE-R29] host_utc=2026-09-28T06:46:59.294+00:00 host_mono_ns=2337038484312453 phase=checkpoint container_pid=14 [CR-RERUN-20260927] RTPS_RX peer=172.18.0.5:61980 local_port=7410 bytes=52
[CR-DISCOVERY-PROBE-R29] host_utc=2026-09-28T06:46:59.294+00:00 host_mono_ns=2337038484333092 phase=checkpoint container_pid=14 [CR-RERUN-20260927] RTPS_RX_QUEUE result=ok local_port=7410 peer_port=61980 bytes=52
[CR-DISCOVERY-PROBE-R29] host_utc=2026-09-28T06:46:59.294+00:00 host_mono_ns=2337038484349513 phase=checkpoint container_pid=14 LOG_NOTICE : 00000004.119 : [DISCOVERY_PROBE] event=heartbeat_delay_return writer=sedp_subscriptions status=0 backend=nanosleep
[CR-DISCOVERY-PROBE-R29] host_utc=2026-09-28T06:46:59.294+00:00 host_mono_ns=2337038484360624 phase=checkpoint container_pid=14 [CR-RERUN-20260927] UDP_SEND result=ok fd=11 local_port=7410 destination=172.18.0.5:7410 bytes=216 returned=216 errno=0[DISCOVERY_PROBE] event=heartbeat_tick writer=sedp_subscriptions proxies_empty=0
[CR-DISCOVERY-PROBE-R29] host_utc=2026-09-28T06:46:59.294+00:00 host_mono_ns=2337038484371675 phase=checkpoint container_pid=14 
[CR-DISCOVERY-PROBE-R29] host_utc=2026-09-28T06:46:59.294+00:00 host_mono_ns=2337038484382485 phase=checkpoint container_pid=14 [CR-RERUN-20260927] RTPS_UDP_SEND result=ok source_port=7410 destination=172.18.0.5:7410 bytes=216 lwip_err=0
[CR-DISCOVERY-PROBE-R29] host_utc=2026-09-28T06:46:59.313+00:00 host_mono_ns=2337038503765204 phase=checkpoint container_pid=14 [DISCOVERY_PROBE] event=heartbeat_send writer=sedp_subscriptions first=0:1 last=0:1 dst_port=7410
[CR-DISCOVERY-PROBE-R29] host_utc=2026-09-28T06:46:59.313+00:00 host_mono_ns=2337038503794078 phase=checkpoint container_pid=14 LOG_NOTICE : 00000004.121 : [CR-RERUN-20260927] UDP_SEND result=ok fd=11 local_port=7410 destination=172.18.0.5:7410 bytes=52 returned=52 errno=0LOG_NOTICE : 00000004.121 : 
[CR-DISCOVERY-PROBE-R29] host_utc=2026-09-28T06:46:59.313+00:00 host_mono_ns=2337038503806923 phase=checkpoint container_pid=14 [CR-RERUN-20260927] UDP_RECV result=ok mcp=0xdbec14 fd=11 local_port=7410 bytes=52 peer=172.18.0.5:7410[CR-RERUN-20260927] RTPS_UDP_SEND result=ok source_port=7410 destination=172.18.0.5:7410 bytes=52 lwip_err=0
[CR-DISCOVERY-PROBE-R29] host_utc=2026-09-28T06:46:59.313+00:00 host_mono_ns=2337038503818044 phase=checkpoint container_pid=14 
[CR-DISCOVERY-PROBE-R29] host_utc=2026-09-28T06:46:59.313+00:00 host_mono_ns=2337038503829145 phase=checkpoint container_pid=14 [CR-RERUN-20260927] RTPS_RX peer=172.18.0.5:61980 local_port=7410 bytes=52
[CR-DISCOVERY-PROBE-R29] host_utc=2026-09-28T06:46:59.313+00:00 host_mono_ns=2337038503840065 phase=checkpoint container_pid=14 [CR-RERUN-20260927] RTPS_RX_QUEUE result=ok local_port=7410 peer_port=61980 bytes=52
[CR-DISCOVERY-PROBE-R29] host_utc=2026-09-28T06:46:59.313+00:00 host_mono_ns=2337038503850735 phase=checkpoint container_pid=14 LOG_NOTICE : 00000004.122 : [CR-RERUN-20260927] UDP_SEND result=ok fd=11 local_port=7410 destination=172.18.0.5:7410 bytes=216 returned=216 errno=0
[CR-DISCOVERY-PROBE-R29] host_utc=2026-09-28T06:46:59.313+00:00 host_mono_ns=2337038503861506 phase=checkpoint container_pid=14 [CR-RERUN-20260927] RTPS_UDP_SEND result=ok source_port=7410 destination=172.18.0.5:7410 bytes=216 lwip_err=0
[CR-DISCOVERY-PROBE-R29] host_utc=2026-09-28T06:46:59.403+00:00 host_mono_ns=2337038593650986 phase=checkpoint container_pid=14 LOG_NOTICE : 00000004.139 : LOG_NOTICE : 00000004.139 : [CR-RERUN-20260927] UDP_SEND result=ok fd=7 local_port=7400 destination=239.255.0.1:7400 bytes=204 returned=204 errno=0[CR-RERUN-20260927] UDP_RECV result=ok mcp=0xdbebdc fd=7 local_port=7400 bytes=204 peer=172.18.0.3:7400
[CR-DISCOVERY-PROBE-R29] host_utc=2026-09-28T06:46:59.403+00:00 host_mono_ns=2337038593692204 phase=checkpoint container_pid=14 [CR-RERUN-20260927] RTPS_UDP_SEND result=ok source_port=7400 destination=239.255.0.1:7400 bytes=204 lwip_err=0
[CR-DISCOVERY-PROBE-R29] host_utc=2026-09-28T06:46:59.403+00:00 host_mono_ns=2337038593707282 phase=checkpoint container_pid=14 
[CR-DISCOVERY-PROBE-R29] host_utc=2026-09-28T06:46:59.403+00:00 host_mono_ns=2337038593720457 phase=checkpoint container_pid=14 [CR-RERUN-20260927] RTPS_RX peer=172.18.0.3:59420 local_port=7400 bytes=204
[CR-DISCOVERY-PROBE-R29] host_utc=2026-09-28T06:46:59.403+00:00 host_mono_ns=2337038593753209 phase=checkpoint container_pid=14 [CR-RERUN-20260927] RTPS_RX_QUEUE result=ok local_port=7400 peer_port=59420 bytes=204
[CR-DISCOVERY-PROBE-R29] host_utc=2026-09-28T06:46:59.403+00:00 host_mono_ns=2337038593773878 phase=checkpoint container_pid=14 [CR-RERUN-20260927] APP publish_begin topic=/to_linux id=4 payload='Hello from mros2-posix onto Linux: 4'
[CR-DISCOVERY-PROBE-R29] host_utc=2026-09-28T06:46:59.403+00:00 host_mono_ns=2337038593786772 phase=checkpoint container_pid=14 [CR-RERUN-20260927] APP publish_return topic=/to_linux id=4
[CR-DISCOVERY-PROBE-R29] host_utc=2026-09-28T06:46:59.403+00:00 host_mono_ns=2337038593799707 phase=checkpoint container_pid=14 LOG_NOTICE : 00000004.228 : [CR-RERUN-20260927] UDP_SEND result=ok fd=6 local_port=7411 destination=172.18.0.5:7411 bytes=100 returned=100 errno=0
[CR-DISCOVERY-PROBE-R29] host_utc=2026-09-28T06:46:59.403+00:00 host_mono_ns=2337038593812701 phase=checkpoint container_pid=14 [CR-RERUN-20260927] RTPS_UDP_SEND result=ok source_port=7411 destination=172.18.0.5:7411 bytes=100 lwip_err=0
[CR-DISCOVERY-PROBE-R29] host_utc=2026-09-28T06:46:59.403+00:00 host_mono_ns=2337038593825175 phase=checkpoint container_pid=14 LOG_NOTICE : 00000004.229 : [CR-RERUN-20260927] UDP_RECV result=ok mcp=0xdbebf8 fd=6 local_port=7411 bytes=100 peer=172.18.0.5:7411
[CR-DISCOVERY-PROBE-R29] host_utc=2026-09-28T06:46:59.403+00:00 host_mono_ns=2337038593837749 phase=checkpoint container_pid=14 [CR-RERUN-20260927] RTPS_RX peer=172.18.0.5:62236 local_port=7411 bytes=100
[CR-DISCOVERY-PROBE-R29] host_utc=2026-09-28T06:47:00.313+00:00 host_mono_ns=2337039503675110 phase=checkpoint container_pid=14 [CR-RERUN-20260927] RTPS_RX_QUEUE result=ok local_port=7411 peer_port=62236 bytes=100
[CR-DISCOVERY-PROBE-R29] host_utc=2026-09-28T06:47:00.313+00:00 host_mono_ns=2337039503738500 phase=checkpoint container_pid=14 [CR-RERUN-20260927] RTPS_DATA parse=ok source_prefix=557685218605be0171a49800 reader_id=00000204 writer_id=00000103 sequence=0:1 payload_bytes=44 reader_found=1
[CR-DISCOVERY-PROBE-R29] host_utc=2026-09-28T06:47:00.313+00:00 host_mono_ns=2337039503756323 phase=checkpoint container_pid=14 LOG_DEBUG : 00000004.233 : [MROS2LIB] message get [callback_handler] msg_sn_high: 0 msg_sn_low: 1
[CR-DISCOVERY-PROBE-R29] host_utc=2026-09-28T06:47:00.313+00:00 host_mono_ns=2337039503771682 phase=checkpoint container_pid=14 [CR-RERUN-20260927] RTPS_DATA_DELIVERY result=newChange kind=user sequence=0:1
[CR-DISCOVERY-PROBE-R29] host_utc=2026-09-28T06:47:00.313+00:00 host_mono_ns=2337039503786901 phase=checkpoint container_pid=14 [CR-RERUN-20260927] APP callback topic=/to_stm id=4 payload='Hello from mros2-posix onto Linux: 4'
[CR-DISCOVERY-PROBE-R29] host_utc=2026-09-28T06:47:00.313+00:00 host_mono_ns=2337039503801649 phase=checkpoint container_pid=14 LOG_NOTICE : 00000004.375 : [CR-RERUN-20260927] UDP_RECV result=ok mcp=0xdbebdc fd=7 local_port=7400 bytes=204 peer=172.18.0.5:7400
[CR-DISCOVERY-PROBE-R29] host_utc=2026-09-28T06:47:00.313+00:00 host_mono_ns=2337039503816928 phase=checkpoint container_pid=14 [CR-RERUN-20260927] RTPS_RX peer=172.18.0.5:59420 local_port=7400 bytes=204
[CR-DISCOVERY-PROBE-R29] host_utc=2026-09-28T06:47:00.313+00:00 host_mono_ns=2337039503831435 phase=checkpoint container_pid=14 [CR-RERUN-20260927] RTPS_RX_QUEUE result=ok local_port=7400 peer_port=59420 bytes=204
[CR-DISCOVERY-PROBE-R29] host_utc=2026-09-28T06:47:00.313+00:00 host_mono_ns=2337039503846043 phase=checkpoint container_pid=14 [CR-RERUN-20260927] RTPS_DATA parse=ok source_prefix=557685218605be0171a49800 reader_id=000100c7 writer_id=000100c2 sequence=0:1 payload_bytes=148 reader_found=1
[CR-DISCOVERY-PROBE-R29] host_utc=2026-09-28T06:47:00.313+00:00 host_mono_ns=2337039503860981 phase=checkpoint container_pid=14 [CR-RERUN-20260927] RTPS_DATA_DELIVERY result=newChange kind=user sequence=0:1
[CR-DISCOVERY-PROBE-R29] host_utc=2026-09-28T06:47:00.404+00:00 host_mono_ns=2337039594745984 phase=checkpoint container_pid=14 LOG_NOTICE : 00000005.140 : LOG_NOTICE : 00000005.140 : [CR-RERUN-20260927] UDP_SEND result=ok fd=7 local_port=7400 destination=239.255.0.1:7400 bytes=204 returned=204 errno=0[CR-RERUN-20260927] UDP_RECV result=ok mcp=0xdbebdc fd=7 local_port=7400 bytes=204 peer=172.18.0.3:7400
[CR-DISCOVERY-PROBE-R29] host_utc=2026-09-28T06:47:00.404+00:00 host_mono_ns=2337039594833329 phase=checkpoint container_pid=14 [CR-RERUN-20260927] RTPS_UDP_SEND result=ok source_port=7400 destination=239.255.0.1:7400 bytes=204 lwip_err=0
[CR-DISCOVERY-PROBE-R29] host_utc=2026-09-28T06:47:00.404+00:00 host_mono_ns=2337039594846885 phase=checkpoint container_pid=14 
[CR-DISCOVERY-PROBE-R29] host_utc=2026-09-28T06:47:00.404+00:00 host_mono_ns=2337039594858357 phase=checkpoint container_pid=14 [CR-RERUN-20260927] RTPS_RX peer=172.18.0.3:59420 local_port=7400 bytes=204
[CR-DISCOVERY-PROBE-R29] host_utc=2026-09-28T06:47:00.404+00:00 host_mono_ns=2337039594869928 phase=checkpoint container_pid=14 [CR-RERUN-20260927] RTPS_RX_QUEUE result=ok local_port=7400 peer_port=59420 bytes=204
[CR-DISCOVERY-PROBE-R29] host_utc=2026-09-28T06:47:00.404+00:00 host_mono_ns=2337039594880589 phase=checkpoint container_pid=14 [CR-RERUN-20260927] APP publish_begin topic=/to_linux id=5 payload='Hello from mros2-posix onto Linux: 5'
[CR-DISCOVERY-PROBE-R29] host_utc=2026-09-28T06:47:00.404+00:00 host_mono_ns=2337039594891439 phase=checkpoint container_pid=14 [CR-RERUN-20260927] APP publish_return topic=/to_linux id=5
[CR-DISCOVERY-PROBE-R29] host_utc=2026-09-28T06:47:00.404+00:00 host_mono_ns=2337039594903031 phase=checkpoint container_pid=14 LOG_NOTICE : 00000005.230 : [CR-RERUN-20260927] UDP_SEND result=ok fd=6 local_port=7411 destination=172.18.0.5:7411 bytes=100 returned=100 errno=0
[CR-DISCOVERY-PROBE-R29] host_utc=2026-09-28T06:47:00.404+00:00 host_mono_ns=2337039594913841 phase=checkpoint container_pid=14 LOG_NOTICE : 00000005.230 : [CR-RERUN-20260927] RTPS_UDP_SEND result=ok source_port=7411 destination=172.18.0.5:7411 bytes=100 lwip_err=0
[CR-DISCOVERY-PROBE-R29] host_utc=2026-09-28T06:47:00.550+00:00 host_mono_ns=2337039740960383 phase=checkpoint container_pid=14 [CR-RERUN-20260927] UDP_RECV result=ok mcp=0xdbebf8 fd=6 local_port=7411 bytes=100 peer=172.18.0.5:7411
[CR-DISCOVERY-PROBE-R29] host_utc=2026-09-28T06:47:00.550+00:00 host_mono_ns=2337039740997563 phase=checkpoint container_pid=14 [CR-RERUN-20260927] RTPS_RX peer=172.18.0.5:62236 local_port=7411 bytes=100
[CR-DISCOVERY-PROBE-R29] host_utc=2026-09-28T06:47:00.550+00:00 host_mono_ns=2337039741032790 phase=checkpoint container_pid=14 [CR-RERUN-20260927] RTPS_RX_QUEUE result=ok local_port=7411 peer_port=62236 bytes=100
[CR-DISCOVERY-PROBE-R29] host_utc=2026-09-28T06:47:00.550+00:00 host_mono_ns=2337039741044492 phase=checkpoint container_pid=14 [CR-RERUN-20260927] RTPS_DATA parse=ok source_prefix=557685218605be0171a49800 reader_id=00000204 writer_id=00000103 sequence=0:2 payload_bytes=44 reader_found=1
[CR-DISCOVERY-PROBE-R29] host_utc=2026-09-28T06:47:00.550+00:00 host_mono_ns=2337039741056364 phase=checkpoint container_pid=14 LOG_DEBUG : 00000005.234 : [MROS2LIB] message get [callback_handler] msg_sn_high: 0 msg_sn_low: 2
[CR-DISCOVERY-PROBE-R29] host_utc=2026-09-28T06:47:00.550+00:00 host_mono_ns=2337039741067465 phase=checkpoint container_pid=14 [CR-RERUN-20260927] RTPS_DATA_DELIVERY result=newChange kind=user sequence=0:2
[CR-DISCOVERY-PROBE-R29] host_utc=2026-09-28T06:47:00.550+00:00 host_mono_ns=2337039741079558 phase=checkpoint container_pid=14 [CR-RERUN-20260927] APP callback topic=/to_stm id=5 payload='Hello from mros2-posix onto Linux: 5'
[CR-DISCOVERY-PROBE-R29] host_utc=2026-09-28T06:47:00.550+00:00 host_mono_ns=2337039741090920 phase=checkpoint container_pid=14 LOG_NOTICE : 00000005.375 : [CR-RERUN-20260927] UDP_RECV result=ok mcp=0xdbebdc fd=7 local_port=7400 bytes=204 peer=172.18.0.5:7400
[CR-DISCOVERY-PROBE-R29] host_utc=2026-09-28T06:47:00.550+00:00 host_mono_ns=2337039741104626 phase=checkpoint container_pid=14 [CR-RERUN-20260927] RTPS_RX peer=172.18.0.5:59420 local_port=7400 bytes=204
[CR-DISCOVERY-PROBE-R29] host_utc=2026-09-28T06:47:00.550+00:00 host_mono_ns=2337039741130224 phase=checkpoint container_pid=14 [CR-RERUN-20260927] RTPS_RX_QUEUE result=ok local_port=7400 peer_port=59420 bytes=204
[CR-DISCOVERY-PROBE-R29] host_utc=2026-09-28T06:47:01.404+00:00 host_mono_ns=2337040595102896 phase=checkpoint container_pid=14 [CR-RERUN-20260927] RTPS_DATA parse=ok source_prefix=557685218605be0171a49800 reader_id=000100c7 writer_id=000100c2 sequence=0:1 payload_bytes=148 reader_found=1
[CR-DISCOVERY-PROBE-R29] host_utc=2026-09-28T06:47:01.404+00:00 host_mono_ns=2337040595152320 phase=checkpoint container_pid=14 [CR-RERUN-20260927] RTPS_DATA_DELIVERY result=newChange kind=user sequence=0:1
[CR-DISCOVERY-PROBE-R29] host_utc=2026-09-28T06:47:01.404+00:00 host_mono_ns=2337040595165996 phase=checkpoint container_pid=14 LOG_NOTICE : 00000006.140 : LOG_NOTICE : 00000006.140 : [CR-RERUN-20260927] UDP_SEND result=ok fd=7 local_port=7400 destination=239.255.0.1:7400 bytes=204 returned=204 errno=0[CR-RERUN-20260927] UDP_RECV result=ok mcp=0xdbebdc fd=7 local_port=7400 bytes=204 peer=172.18.0.3:7400
[CR-DISCOVERY-PROBE-R29] host_utc=2026-09-28T06:47:01.405+00:00 host_mono_ns=2337040595178088 phase=checkpoint container_pid=14 [CR-RERUN-20260927] RTPS_UDP_SEND result=ok source_port=7400 destination=239.255.0.1:7400 bytes=204 lwip_err=0
[CR-DISCOVERY-PROBE-R29] host_utc=2026-09-28T06:47:01.405+00:00 host_mono_ns=2337040595189590 phase=checkpoint container_pid=14 
[CR-DISCOVERY-PROBE-R29] host_utc=2026-09-28T06:47:01.405+00:00 host_mono_ns=2337040595200821 phase=checkpoint container_pid=14 [CR-RERUN-20260927] RTPS_RX peer=172.18.0.3:59420 local_port=7400 bytes=204
[CR-DISCOVERY-PROBE-R29] host_utc=2026-09-28T06:47:01.405+00:00 host_mono_ns=2337040595211782 phase=checkpoint container_pid=14 [CR-RERUN-20260927] RTPS_RX_QUEUE result=ok local_port=7400 peer_port=59420 bytes=204
[CR-DISCOVERY-PROBE-R29] host_utc=2026-09-28T06:47:01.405+00:00 host_mono_ns=2337040595222392 phase=checkpoint container_pid=14 [CR-RERUN-20260927] APP publish_begin topic=/to_linux id=6 payload='Hello from mros2-posix onto Linux: 6'
[CR-DISCOVERY-PROBE-R29] host_utc=2026-09-28T06:47:01.405+00:00 host_mono_ns=2337040595233303 phase=checkpoint container_pid=14 [CR-RERUN-20260927] APP publish_return topic=/to_linux id=6
[CR-DISCOVERY-PROBE-R29] host_utc=2026-09-28T06:47:01.549+00:00 host_mono_ns=2337040739798044 phase=checkpoint container_pid=14 LOG_NOTICE : 00000006.231 : [CR-RERUN-20260927] UDP_SEND result=ok fd=6 local_port=7411 destination=172.18.0.5:7411 bytes=100 returned=fd=11 wasi_errno=0 bytes=52
[CR-DISCOVERY-PROBE-R29] host_utc=2026-09-28T06:47:01.549+00:00 host_mono_ns=2337040739832048 phase=checkpoint container_pid=14 [CR-RERUN-20260927] WASI_SOCKET event=sock_recv_from_return wasi_fd=11 wasi_errno=0 bytes=52 source=172.18.0.5:7410
[CR-DISCOVERY-PROBE-R29] host_utc=2026-09-28T06:47:01.549+00:00 host_mono_ns=2337040739844682 phase=checkpoint container_pid=14 [CR-RERUN-20260927] WASI_SOCKET event=sock_recv_from_enter wasi_fd=11 iovecs=1 capacity=65535 flags=0
[CR-DISCOVERY-PROBE-R29] host_utc=2026-09-28T06:47:01.549+00:00 host_mono_ns=2337040739855944 phase=checkpoint container_pid=14 [CR-RERUN-20260927] WASI_SOCKET event=sock_send_to_enter wasi_fd=11 bytes=216 flags=0 destination=172.18.0.5:7410
[CR-DISCOVERY-PROBE-R29] host_utc=2026-09-28T06:47:01.549+00:00 host_mono_ns=2337040739866814 phase=checkpoint container_pid=14 [CR-RERUN-20260927] WASI_SOCKET event=sock_send_to_return wasi_fd=11 wasi_errno=0 bytes=216
[CR-DISCOVERY-PROBE-R29] host_utc=2026-09-28T06:47:01.549+00:00 host_mono_ns=2337040739877725 phase=checkpoint container_pid=14 [CR-RERUN-20260927] WASI_SOCKET event=sock_send_to_enter wasi_fd=11 bytes=52 flags=0 destination=172.18.0.5:7410
[CR-DISCOVERY-PROBE-R29] host_utc=2026-09-28T06:47:01.549+00:00 host_mono_ns=2337040739888144 phase=checkpoint container_pid=14 [CR-RERUN-20260927] WASI_SOCKET event=sock_send_to_return wasi_fd=11 wasi_errno=0 bytes=52
[CR-DISCOVERY-PROBE-R29] host_utc=2026-09-28T06:47:01.549+00:00 host_mono_ns=2337040739898704 phase=checkpoint container_pid=14 [CR-RERUN-20260927] WASI_SOCKET event=sock_recv_from_return wasi_fd=11 wasi_errno=0 bytes=52 source=172.18.0.5:7410
[CR-DISCOVERY-PROBE-R29] host_utc=2026-09-28T06:47:01.549+00:00 host_mono_ns=2337040739932679 phase=checkpoint container_pid=14 [CR-RERUN-20260927] WASI_SOCKET event=sock_recv_from_enter wasi_fd=11 iovecs=1 capacity=65535 flags=0
[CR-DISCOVERY-PROBE-R29] host_utc=2026-09-28T06:47:01.549+00:00 host_mono_ns=2337040739943479 phase=checkpoint container_pid=14 [CR-RERUN-20260927] WASI_SOCKET event=sock_send_to_enter wasi_fd=11 bytes=216 flags=0 destination=172.18.0.5:7410
[CR-DISCOVERY-PROBE-R29] host_utc=2026-09-28T06:47:01.549+00:00 host_mono_ns=2337040739953979 phase=checkpoint container_pid=14 [CR-RERUN-20260927] WASI_SOCKET event=sock_send_to_return wasi_fd=11 wasi_errno=0 bytes=216
[CR-DISCOVERY-PROBE-R29] host_utc=2026-09-28T06:47:01.549+00:00 host_mono_ns=2337040739964288 phase=checkpoint container_pid=14 [CR-RERUN-20260927] WASI_SOCKET event=sock_send_to_enter wasi_fd=7 bytes=204 flags=0 destination=239.255.0.1:7400
[CR-DISCOVERY-PROBE-R29] host_utc=2026-09-28T06:47:01.549+00:00 host_mono_ns=2337040739974638 phase=checkpoint container_pid=14 [CR-RERUN-20260927] WASI_SOCKET event=sock_recv_from_return wasi_fd=7 wasi_errno=0 bytes=204 source=172.18.0.3:7400
[CR-DISCOVERY-PROBE-R29] host_utc=2026-09-28T06:47:01.549+00:00 host_mono_ns=2337040739985098 phase=checkpoint container_pid=14 [CR-RERUN-20260927] WASI_SOCKET event=sock_send_to_return wasi_fd=7 wasi_errno=0 bytes=204
[CR-DISCOVERY-PROBE-R29] host_utc=2026-09-28T06:47:01.549+00:00 host_mono_ns=2337040739995517 phase=checkpoint container_pid=14 [CR-RERUN-20260927] WASI_SOCKET event=sock_recv_from_enter wasi_fd=7 iovecs=1 capacity=65535 flags=0
[CR-DISCOVERY-PROBE-R29] host_utc=2026-09-28T06:47:01.549+00:00 host_mono_ns=2337040740034401 phase=checkpoint container_pid=14 [CR-RERUN-20260927] WASI_SOCKET event=sock_send_to_enter wasi_fd=6 bytes=100 flags=0 destination=172.18.0.5:7411
[CR-DISCOVERY-PROBE-R29] host_utc=2026-09-28T06:47:01.549+00:00 host_mono_ns=2337040740047746 phase=checkpoint container_pid=14 [CR-RERUN-20260927] WASI_SOCKET event=sock_send_to_return wasi_fd=6 wasi_errno=0 bytes=100
[CR-DISCOVERY-PROBE-R29] host_utc=2026-09-28T06:47:01.549+00:00 host_mono_ns=2337040740058336 phase=checkpoint container_pid=14 [CR-RERUN-20260927] WASI_SOCKET event=sock_recv_from_return wasi_fd=6 wasi_errno=0 bytes=100 source=172.18.0.5:7411
[CR-DISCOVERY-PROBE-R29] host_utc=2026-09-28T06:47:01.549+00:00 host_mono_ns=2337040740068716 phase=checkpoint container_pid=14 [CR-RERUN-20260927] WASI_SOCKET event=sock_recv_from_enter wasi_fd=6 iovecs=1 capacity=65535 flags=0
[CR-DISCOVERY-PROBE-R29] host_utc=2026-09-28T06:47:01.549+00:00 host_mono_ns=2337040740079276 phase=checkpoint container_pid=14 [CR-RERUN-20260927] WASI_SOCKET event=sock_recv_from_return wasi_fd=7 wasi_errno=0 bytes=204 source=172.18.0.5:7400
[CR-DISCOVERY-PROBE-R29] host_utc=2026-09-28T06:47:01.549+00:00 host_mono_ns=2337040740089765 phase=checkpoint container_pid=14 [CR-RERUN-20260927] WASI_SOCKET event=sock_recv_from_enter wasi_fd=7 iovecs=1 capacity=65535 flags=0
[CR-DISCOVERY-PROBE-R29] host_utc=2026-09-28T06:47:01.549+00:00 host_mono_ns=2337040740100235 phase=checkpoint container_pid=14 [CR-RERUN-20260927] WASI_SOCKET event=sock_send_to_enter wasi_fd=7 bytes=204 flags=0 destination=239.255.0.1:7400
[CR-DISCOVERY-PROBE-R29] host_utc=2026-09-28T06:47:01.549+00:00 host_mono_ns=2337040740110495 phase=checkpoint container_pid=14 [CR-RERUN-20260927] WASI_SOCKET event=sock_send_to_return wasi_fd=7 wasi_errno=0 bytes=204
[CR-DISCOVERY-PROBE-R29] host_utc=2026-09-28T06:47:01.549+00:00 host_mono_ns=2337040740120894 phase=checkpoint container_pid=14 [CR-RERUN-20260927] WASI_SOCKET event=sock_recv_from_return wasi_fd=7 wasi_errno=0 bytes=204 source=172.18.0.3:7400
[CR-DISCOVERY-PROBE-R29] host_utc=2026-09-28T06:47:01.549+00:00 host_mono_ns=2337040740131234 phase=checkpoint container_pid=14 [CR-RERUN-20260927] WASI_SOCKET event=sock_recv_from_enter wasi_fd=7 iovecs=1 capacity=65535 flags=0
[CR-DISCOVERY-PROBE-R29] host_utc=2026-09-28T06:47:01.549+00:00 host_mono_ns=2337040740148426 phase=checkpoint container_pid=14 [CR-RERUN-20260927] WASI_SOCKET event=sock_send_to_enter wasi_fd=6 bytes=100 flags=0 destination=172.18.0.5:7411
[CR-DISCOVERY-PROBE-R29] host_utc=2026-09-28T06:47:01.549+00:00 host_mono_ns=2337040740164397 phase=checkpoint container_pid=14 [CR-RERUN-20260927] WASI_SOCKET event=sock_send_to_return wasi_fd=6 wasi_errno=0 bytes=100
[CR-DISCOVERY-PROBE-R29] host_utc=2026-09-28T06:47:01.550+00:00 host_mono_ns=2337040740174906 phase=checkpoint container_pid=14 [CR-RERUN-20260927] WASI_SOCKET event=sock_recv_from_return wasi_fd=6 wasi_errno=0 bytes=100 source=172.18.0.5:7411
[CR-DISCOVERY-PROBE-R29] host_utc=2026-09-28T06:47:01.550+00:00 host_mono_ns=2337040740185336 phase=checkpoint container_pid=14 [CR-RERUN-20260927] WASI_SOCKET event=sock_recv_from_enter wasi_fd=6 iovecs=1 capacity=65535 flags=0
[CR-DISCOVERY-PROBE-R29] host_utc=2026-09-28T06:47:01.550+00:00 host_mono_ns=2337040740195766 phase=checkpoint container_pid=14 [CR-RERUN-20260927] WASI_SOCKET event=sock_recv_from_return wasi_fd=7 wasi_errno=0 bytes=204 source=172.18.0.5:7400
[CR-DISCOVERY-PROBE-R29] host_utc=2026-09-28T06:47:01.550+00:00 host_mono_ns=2337040740206035 phase=checkpoint container_pid=14 [CR-RERUN-20260927] WASI_SOCKET event=sock_recv_from_enter wasi_fd=7 iovecs=1 capacity=65535 flags=0
[CR-DISCOVERY-PROBE-R29] host_utc=2026-09-28T06:47:01.550+00:00 host_mono_ns=2337040740218419 phase=checkpoint container_pid=14 [CR-RERUN-20260927] WASI_SOCKET event=sock_send_to_enter wasi_fd=7 bytes=204 flags=0 destination=239.255.0.1:7400
[CR-DISCOVERY-PROBE-R29] host_utc=2026-09-28T06:47:01.550+00:00 host_mono_ns=2337040740232625 phase=checkpoint container_pid=14 [CR-RERUN-20260927] WASI_SOCKET event=sock_recv_from_return wasi_fd=7 wasi_errno=0 bytes=204 source=172.18.0.3:7400
[CR-DISCOVERY-PROBE-R29] host_utc=2026-09-28T06:47:01.550+00:00 host_mono_ns=2337040740247073 phase=checkpoint container_pid=14 [CR-RERUN-20260927] WASI_SOCKET event=sock_send_to_return wasi_fd=7 wasi_errno=0 bytes=204
[CR-DISCOVERY-PROBE-R29] host_utc=2026-09-28T06:47:01.550+00:00 host_mono_ns=2337040740261640 phase=checkpoint container_pid=14 [CR-RERUN-20260927] WASI_SOCKET event=sock_recv_from_enter wasi_fd=7 iovecs=1 capacity=65535 flags=0
[CR-DISCOVERY-PROBE-R29] host_utc=2026-09-28T06:47:01.550+00:00 host_mono_ns=2337040740276188 phase=checkpoint container_pid=14 [CR-RERUN-20260927] WASI_SOCKET event=sock_send_to_enter wasi_fd=6 bytes=100 flags=0 destination=172.18.0.5:7411
[CR-DISCOVERY-PROBE-R29] host_utc=2026-09-28T06:47:01.550+00:00 host_mono_ns=2337040740287870 phase=checkpoint container_pid=14 [CR-RERUN-20260927] WASI_SOCKET event=sock_send_to_return wasi_fd=6 wasi_errno=0 bytes=100
[CR-DISCOVERY-PROBE-R29] host_utc=2026-09-28T06:47:01.550+00:00 host_mono_ns=2337040740298380 phase=checkpoint container_pid=14 [CR-RERUN-20260927] WASI_SOCKET event=sock_recv_from_return wasi_fd=6 wasi_errno=0 bytes=100 source=172.18.0.5:7411
[CR-DISCOVERY-PROBE-R29] host_utc=2026-09-28T06:47:01.550+00:00 host_mono_ns=2337040740308689 phase=checkpoint container_pid=14 [CR-RERUN-20260927] WASI_SOCKET event=sock_recv_from_enter wasi_fd=6 iovecs=1 capacity=65535 flags=0
[CR-DISCOVERY-PROBE-R29] host_utc=2026-09-28T06:47:01.550+00:00 host_mono_ns=2337040740330891 phase=checkpoint container_pid=14 [CR-RERUN-20260927] WASI_SOCKET event=sock_recv_from_100 errno=0
[CR-DISCOVERY-PROBE-R29] host_utc=2026-09-28T06:47:01.550+00:00 host_mono_ns=2337040740342022 phase=checkpoint container_pid=14 [CR-RERUN-20260927] RTPS_UDP_SEND result=ok source_port=7411 destination=172.18.0.5:7411 bytes=100 lwip_err=0
[CR-DISCOVERY-PROBE-R29] host_utc=2026-09-28T06:47:01.550+00:00 host_mono_ns=2337040740352672 phase=checkpoint container_pid=14 LOG_NOTICE : 00000006.231 : [CR-RERUN-20260927] UDP_RECV result=ok mcp=0xdbebf8 fd=6 local_port=7411 bytes=100 peer=172.18.0.5:7411
[CR-DISCOVERY-PROBE-R29] host_utc=2026-09-28T06:47:01.550+00:00 host_mono_ns=2337040740363964 phase=checkpoint container_pid=14 [CR-RERUN-20260927] RTPS_RX peer=172.18.0.5:62236 local_port=7411 bytes=100
[CR-DISCOVERY-PROBE-R29] host_utc=2026-09-28T06:47:01.550+00:00 host_mono_ns=2337040740391506 phase=checkpoint container_pid=14 [CR-RERUN-20260927] RTPS_RX_QUEUE result=ok local_port=7411 peer_port=62236 bytes=100
[CR-DISCOVERY-PROBE-R29] host_utc=2026-09-28T06:47:01.550+00:00 host_mono_ns=2337040740402276 phase=checkpoint container_pid=14 [CR-RERUN-20260927] RTPS_DATA parse=ok source_prefix=557685218605be0171a49800 reader_id=00000204 writer_id=00000103 sequence=0:3 payload_bytes=44 reader_found=1
[CR-DISCOVERY-PROBE-R29] host_utc=2026-09-28T06:47:01.550+00:00 host_mono_ns=2337040740413217 phase=checkpoint container_pid=14 LOG_DEBUG : 00000006.235 : [MROS2LIB] message get [callback_handler] msg_sn_high: 0 msg_sn_low: 3
[CR-DISCOVERY-PROBE-R29] host_utc=2026-09-28T06:47:01.550+00:00 host_mono_ns=2337040740423787 phase=checkpoint container_pid=14 [CR-RERUN-20260927] RTPS_DATA_DELIVERY result=newChange kind=user sequence=0:3
[CR-DISCOVERY-PROBE-R29] host_utc=2026-09-28T06:47:01.550+00:00 host_mono_ns=2337040740434246 phase=checkpoint container_pid=14 [CR-RERUN-20260927] APP callback topic=/to_stm id=6 payload='Hello from mros2-posix onto Linux: 6'
[CR-DISCOVERY-PROBE-R29] host_utc=2026-09-28T06:47:01.550+00:00 host_mono_ns=2337040740444706 phase=checkpoint container_pid=14 LOG_NOTICE : 00000006.376 : [CR-RERUN-20260927] UDP_RECV result=ok mcp=0xdbebdc fd=7 local_port=7400 bytes=204 peer=172.18.0.5:7400
[CR-DISCOVERY-PROBE-R29] host_utc=2026-09-28T06:47:02.405+00:00 host_mono_ns=2337041596187885 phase=checkpoint container_pid=14 [CR-RERUN-20260927] RTPS_RX peer=172.18.0.5:59420 local_port=7400 bytes=204
[CR-DISCOVERY-PROBE-R29] host_utc=2026-09-28T06:47:02.406+00:00 host_mono_ns=2337041596249692 phase=checkpoint container_pid=14 [CR-RERUN-20260927] RTPS_RX_QUEUE result=ok local_port=7400 peer_port=59420 bytes=204
[CR-DISCOVERY-PROBE-R29] host_utc=2026-09-28T06:47:02.406+00:00 host_mono_ns=2337041596265362 phase=checkpoint container_pid=14 [CR-RERUN-20260927] RTPS_DATA parse=ok source_prefix=557685218605be0171a49800 reader_id=000100c7 writer_id=000100c2 sequence=0:1 payload_bytes=148 reader_found=1
[CR-DISCOVERY-PROBE-R29] host_utc=2026-09-28T06:47:02.406+00:00 host_mono_ns=2337041596277615 phase=checkpoint container_pid=14 [CR-RERUN-20260927] RTPS_DATA_DELIVERY result=newChange kind=user sequence=0:1
[CR-DISCOVERY-PROBE-R29] host_utc=2026-09-28T06:47:02.406+00:00 host_mono_ns=2337041596288265 phase=checkpoint container_pid=14 LOG_NOTICE : 00000007.141 : LOG_NOTICE : 00000007.141 : [CR-RERUN-20260927] UDP_SEND result=ok fd=7 local_port=7400 destination=239.255.0.1:7400 bytes=204 returned=204 errno=0[CR-RERUN-20260927] UDP_RECV result=ok mcp=0xdbebdc fd=7 local_port=7400 bytes=204 peer=172.18.0.3:7400
[CR-DISCOVERY-PROBE-R29] host_utc=2026-09-28T06:47:02.406+00:00 host_mono_ns=2337041596300348 phase=checkpoint container_pid=14 [CR-RERUN-20260927] RTPS_UDP_SEND result=ok source_port=7400 destination=239.255.0.1:7400 bytes=204 lwip_err=0
[CR-DISCOVERY-PROBE-R29] host_utc=2026-09-28T06:47:02.406+00:00 host_mono_ns=2337041596311519 phase=checkpoint container_pid=14 
[CR-DISCOVERY-PROBE-R29] host_utc=2026-09-28T06:47:02.406+00:00 host_mono_ns=2337041596322610 phase=checkpoint container_pid=14 [CR-RERUN-20260927] RTPS_RX peer=172.18.0.3:59420 local_port=7400 bytes=204
[CR-DISCOVERY-PROBE-R29] host_utc=2026-09-28T06:47:02.406+00:00 host_mono_ns=2337041596333230 phase=checkpoint container_pid=14 [CR-RERUN-20260927] RTPS_RX_QUEUE result=ok local_port=7400 peer_port=59420 bytes=204
[CR-DISCOVERY-PROBE-R29] host_utc=2026-09-28T06:47:02.406+00:00 host_mono_ns=2337041596343580 phase=checkpoint container_pid=14 [CR-RERUN-20260927] APP publish_begin topic=/to_linux id=7 payload='Hello from mros2-posix onto Linux: 7'
[CR-DISCOVERY-PROBE-R29] host_utc=2026-09-28T06:47:02.548+00:00 host_mono_ns=2337041738770461 phase=checkpoint container_pid=14 [CR-RERUN-20260927] APP publish_return topic=/to_linux id=7
[CR-DISCOVERY-PROBE-R29] host_utc=2026-09-28T06:47:02.548+00:00 host_mono_ns=2337041738806649 phase=checkpoint container_pid=14 LOG_NOTICE : 00000007.232 : [CR-RERUN-20260927] UDP_SEND result=ok fd=6 local_port=7411 destination=172.18.0.5:7411 bytes=100 returned=100 errno=0LOG_NOTICE : 00000007.233 : 
[CR-DISCOVERY-PROBE-R29] host_utc=2026-09-28T06:47:02.548+00:00 host_mono_ns=2337041738839101 phase=checkpoint container_pid=14 [CR-RERUN-20260927] UDP_RECV result=ok mcp=0xdbebf8 fd=6 local_port=7411 bytes=100 peer=172.18.0.5:7411[CR-RERUN-20260927] RTPS_UDP_SEND result=ok source_port=7411 destination=172.18.0.5:7411 bytes=100 lwip_err=0
[CR-DISCOVERY-PROBE-R29] host_utc=2026-09-28T06:47:02.548+00:00 host_mono_ns=2337041738851103 phase=checkpoint container_pid=14 
[CR-DISCOVERY-PROBE-R29] host_utc=2026-09-28T06:47:02.548+00:00 host_mono_ns=2337041738862946 phase=checkpoint container_pid=14 [CR-RERUN-20260927] RTPS_RX peer=172.18.0.5:62236 local_port=7411 bytes=100
[CR-DISCOVERY-PROBE-R29] host_utc=2026-09-28T06:47:02.548+00:00 host_mono_ns=2337041738874377 phase=checkpoint container_pid=14 [CR-RERUN-20260927] RTPS_RX_QUEUE result=ok local_port=7411 peer_port=62236 bytes=100
[CR-DISCOVERY-PROBE-R29] host_utc=2026-09-28T06:47:02.548+00:00 host_mono_ns=2337041738885128 phase=checkpoint container_pid=14 [CR-RERUN-20260927] RTPS_DATA parse=ok source_prefix=557685218605be0171a49800 reader_id=00000204 writer_id=00000103 sequence=0:4 payload_bytes=44 reader_found=1
[CR-DISCOVERY-PROBE-R29] host_utc=2026-09-28T06:47:02.548+00:00 host_mono_ns=2337041738895838 phase=checkpoint container_pid=14 LOG_DEBUG : 00000007.236 : [MROS2LIB] message get [callback_handler] msg_sn_high: 0 msg_sn_low: 4
[CR-DISCOVERY-PROBE-R29] host_utc=2026-09-28T06:47:02.548+00:00 host_mono_ns=2337041738906869 phase=checkpoint container_pid=14 [CR-RERUN-20260927] RTPS_DATA_DELIVERY result=newChange kind=user sequence=0:4
[CR-DISCOVERY-PROBE-R29] host_utc=2026-09-28T06:47:02.548+00:00 host_mono_ns=2337041738917208 phase=checkpoint container_pid=14 [CR-RERUN-20260927] APP callback topic=/to_stm id=7 payload='Hello from mros2-posix onto Linux: 7'
[CR-DISCOVERY-PROBE-R29] host_utc=2026-09-28T06:47:02.551+00:00 host_mono_ns=2337041741187028 phase=checkpoint container_pid=14 LOG_NOTICE : 00000007.375 : [CR-RERUN-20260927] UDP_RECV result=ok mcp=0xdbec14 fd=11 local_port=7410 bytes=52 peer=172.18.0.5:7410
[CR-DISCOVERY-PROBE-R29] host_utc=2026-09-28T06:47:02.551+00:00 host_mono_ns=2337041741225070 phase=checkpoint container_pid=14 [CR-RERUN-20260927] RTPS_RX peer=172.18.0.5:61980 local_port=7410 bytes=52
[CR-DISCOVERY-PROBE-R29] host_utc=2026-09-28T06:47:02.551+00:00 host_mono_ns=2337041741238806 phase=checkpoint container_pid=14 [CR-RERUN-20260927] RTPS_RX_QUEUE result=ok local_port=7410 peer_port=61980 bytes=52
[CR-DISCOVERY-PROBE-R29] host_utc=2026-09-28T06:47:02.551+00:00 host_mono_ns=2337041741250237 phase=checkpoint container_pid=14 LOG_NOTICE : 00000007.376 : LOG_NOTICE : 00000007.376 : [CR-RERUN-20260927] UDP_RECV result=ok mcp=0xdbec14 fd=11 local_port=7410 bytes=52 peer=172.18.0.5:7410LOG_NOTICE : 00000007.376 : 
[CR-DISCOVERY-PROBE-R29] host_utc=2026-09-28T06:47:02.551+00:00 host_mono_ns=2337041741261879 phase=checkpoint container_pid=14 [CR-RERUN-20260927] UDP_SEND result=ok fd=11 local_port=7410 destination=172.18.0.5:7410 bytes=48 returned=48 errno=0[CR-RERUN-20260927] RTPS_RX peer=172.18.0.5:61980 local_port=7410 bytes=52
[CR-DISCOVERY-PROBE-R29] host_utc=2026-09-28T06:47:02.551+00:00 host_mono_ns=2337041741273391 phase=checkpoint container_pid=14 
[CR-DISCOVERY-PROBE-R29] host_utc=2026-09-28T06:47:02.551+00:00 host_mono_ns=2337041741284752 phase=checkpoint container_pid=14 [CR-RERUN-20260927] UDP_RECV result=ok mcp=0xdbebdc fd=7 local_port=7400 bytes=204 peer=172.18.0.5:7400[CR-RERUN-20260927] RTPS_RX_QUEUE result=ok local_port=7410 peer_port=61980 bytes=52
[CR-DISCOVERY-PROBE-R29] host_utc=2026-09-28T06:47:02.551+00:00 host_mono_ns=2337041741295823 phase=checkpoint container_pid=14 
[CR-DISCOVERY-PROBE-R29] host_utc=2026-09-28T06:47:02.551+00:00 host_mono_ns=2337041741306473 phase=checkpoint container_pid=14 [CR-RERUN-20260927] RTPS_UDP_SEND result=ok source_port=7410 destination=172.18.0.5:7410 bytes=48 lwip_err=0
[CR-DISCOVERY-PROBE-R29] host_utc=2026-09-28T06:47:02.551+00:00 host_mono_ns=2337041741343153 phase=checkpoint container_pid=14 [CR-RERUN-20260927] RTPS_RX peer=172.18.0.5:59420 local_port=7400 bytes=204
[CR-DISCOVERY-PROBE-R29] host_utc=2026-09-28T06:47:03.294+00:00 host_mono_ns=2337042485090253 phase=checkpoint container_pid=14 [CR-RERUN-20260927] RTPS_RX_QUEUE result=ok local_port=7400 peer_port=59420 bytes=204
[CR-DISCOVERY-PROBE-R29] host_utc=2026-09-28T06:47:03.294+00:00 host_mono_ns=2337042485140739 phase=checkpoint container_pid=14 LOG_NOTICE : 00000007.377 : [CR-RERUN-20260927] UDP_SEND result=ok fd=11 local_port=7410 destination=172.18.0.5:7410 bytes=48 returned=48 errno=0
[CR-DISCOVERY-PROBE-R29] host_utc=2026-09-28T06:47:03.294+00:00 host_mono_ns=2337042485154114 phase=checkpoint container_pid=14 [CR-RERUN-20260927] RTPS_UDP_SEND result=ok source_port=7410 destination=172.18.0.5:7410 bytes=48 lwip_err=0
[CR-DISCOVERY-PROBE-R29] host_utc=2026-09-28T06:47:03.294+00:00 host_mono_ns=2337042485165916 phase=checkpoint container_pid=14 [CR-RERUN-20260927] RTPS_DATA parse=ok source_prefix=557685218605be0171a49800 reader_id=000100c7 writer_id=000100c2 sequence=0:1 payload_bytes=148 reader_found=1
[CR-DISCOVERY-PROBE-R29] host_utc=2026-09-28T06:47:03.295+00:00 host_mono_ns=2337042485177288 phase=checkpoint container_pid=14 [CR-RERUN-20260927] RTPS_DATA_DELIVERY result=newChange kind=user sequence=0:1
[CR-DISCOVERY-PROBE-R29] host_utc=2026-09-28T06:47:03.295+00:00 host_mono_ns=2337042485188338 phase=checkpoint container_pid=14 [DISCOVERY_PROBE] event=heartbeat_tick writer=sedp_publications proxies_empty=0
[CR-DISCOVERY-PROBE-R29] host_utc=2026-09-28T06:47:03.295+00:00 host_mono_ns=2337042485199009 phase=checkpoint container_pid=14 [DISCOVERY_PROBE] event=heartbeat_send writer=sedp_publications first=0:1 last=0:1 dst_port=7410
[CR-DISCOVERY-PROBE-R29] host_utc=2026-09-28T06:47:03.295+00:00 host_mono_ns=2337042485209649 phase=checkpoint container_pid=14 LOG_NOTICE : 00000008.120 : [CR-RERUN-20260927] UDP_SEND result=ok fd=11 local_port=7410 destination=172.18.0.5:7410 bytes=52 returned=52 errno=0
[CR-DISCOVERY-PROBE-R29] host_utc=2026-09-28T06:47:03.295+00:00 host_mono_ns=2337042485220119 phase=checkpoint container_pid=14 [CR-RERUN-20260927] RTPS_UDP_SEND result=ok source_port=7410 destination=172.18.0.5:7410 bytes=52 lwip_err=0
[CR-DISCOVERY-PROBE-R29] host_utc=2026-09-28T06:47:03.315+00:00 host_mono_ns=2337042505374235 phase=checkpoint container_pid=14 LOG_NOTICE : 00000008.121 : [CR-RERUN-20260927] UDP_RECV result=ok mcp=0xdbec14 fd=11 local_port=7410 bytes=48 peer=172.18.0.5:7410
[CR-DISCOVERY-PROBE-R29] host_utc=2026-09-28T06:47:03.315+00:00 host_mono_ns=2337042505420152 phase=checkpoint container_pid=14 [CR-RERUN-20260927] RTPS_RX peer=172.18.0.5:61980 local_port=7410 bytes=48
[CR-DISCOVERY-PROBE-R29] host_utc=2026-09-28T06:47:03.315+00:00 host_mono_ns=2337042505434298 phase=checkpoint container_pid=14 [CR-RERUN-20260927] RTPS_RX_QUEUE result=ok local_port=7410 peer_port=61980 bytes=48
[CR-DISCOVERY-PROBE-R29] host_utc=2026-09-28T06:47:03.315+00:00 host_mono_ns=2337042505445720 phase=checkpoint container_pid=14 [DISCOVERY_PROBE] event=heartbeat_tick writer=sedp_subscriptions proxies_empty=0
[CR-DISCOVERY-PROBE-R29] host_utc=2026-09-28T06:47:03.315+00:00 host_mono_ns=2337042505456430 phase=checkpoint container_pid=14 [DISCOVERY_PROBE] event=heartbeat_send writer=sedp_subscriptions first=0:1 last=0:1 dst_port=7410
[CR-DISCOVERY-PROBE-R29] host_utc=2026-09-28T06:47:03.315+00:00 host_mono_ns=2337042505467391 phase=checkpoint container_pid=14 LOG_NOTICE : 00000008.124 : [CR-RERUN-20260927] UDP_SEND result=ok fd=11 local_port=7410 destination=172.18.0.5:7410 bytes=52 returned=52 errno=0
[CR-DISCOVERY-PROBE-R29] host_utc=2026-09-28T06:47:03.315+00:00 host_mono_ns=2337042505478792 phase=checkpoint container_pid=14 [CR-RERUN-20260927] RTPS_UDP_SEND result=ok source_port=7410 destination=172.18.0.5:7410 bytes=52 lwip_err=0
[CR-DISCOVERY-PROBE-R29] host_utc=2026-09-28T06:47:03.315+00:00 host_mono_ns=2337042505507026 phase=checkpoint container_pid=14 LOG_NOTICE : 00000008.124 : [CR-RERUN-20260927] UDP_RECV result=ok mcp=0xdbec14 fd=11 local_port=7410 bytes=48 peer=172.18.0.5:7410
[CR-DISCOVERY-PROBE-R29] host_utc=2026-09-28T06:47:03.315+00:00 host_mono_ns=2337042505524268 phase=checkpoint container_pid=14 [CR-RERUN-20260927] RTPS_RX peer=172.18.0.5:61980 local_port=7410 bytes=48
[CR-DISCOVERY-PROBE-R29] host_utc=2026-09-28T06:47:03.315+00:00 host_mono_ns=2337042505538034 phase=checkpoint container_pid=14 [CR-RERUN-20260927] RTPS_RX_QUEUE result=ok local_port=7410 peer_port=61980 bytes=48
[CR-DISCOVERY-PROBE-R29] host_utc=2026-09-28T06:47:03.407+00:00 host_mono_ns=2337042597997560 phase=checkpoint container_pid=14 LOG_NOTICE : 00000008.141 : [CR-RERUN-20260927] UDP_SEND result=ok fd=7 local_port=7400 destination=239.255.0.1:7400 bytes=204 returned=204 errno=0LOG_NOTICE : 00000008.141 : 
[CR-DISCOVERY-PROBE-R29] host_utc=2026-09-28T06:47:03.407+00:00 host_mono_ns=2337042598069125 phase=checkpoint container_pid=14 [CR-RERUN-20260927] RTPS_UDP_SEND result=ok source_port=7400 destination=239.255.0.1:7400 bytes=204 lwip_err=0
[CR-DISCOVERY-PROBE-R29] host_utc=2026-09-28T06:47:03.407+00:00 host_mono_ns=2337042598082230 phase=checkpoint container_pid=14 [CR-RERUN-20260927] UDP_RECV result=ok mcp=0xdbebdc fd=7 local_port=7400 bytes=204 peer=172.18.0.3:7400
[CR-DISCOVERY-PROBE-R29] host_utc=2026-09-28T06:47:03.407+00:00 host_mono_ns=2337042598093301 phase=checkpoint container_pid=14 [CR-RERUN-20260927] RTPS_RX peer=172.18.0.3:59420 local_port=7400 bytes=204
[CR-DISCOVERY-PROBE-R29] host_utc=2026-09-28T06:47:03.407+00:00 host_mono_ns=2337042598104472 phase=checkpoint container_pid=14 [CR-RERUN-20260927] RTPS_RX_QUEUE result=ok local_port=7400 peer_port=59420 bytes=204
[CR-DISCOVERY-PROBE-R29] host_utc=2026-09-28T06:47:03.407+00:00 host_mono_ns=2337042598115152 phase=checkpoint container_pid=14 [CR-RERUN-20260927] APP publish_begin topic=/to_linux id=8 payload='Hello from mros2-posix onto Linux: 8'
[CR-DISCOVERY-PROBE-R29] host_utc=2026-09-28T06:47:03.407+00:00 host_mono_ns=2337042598126143 phase=checkpoint container_pid=14 [CR-RERUN-20260927] APP publish_return topic=/to_linux id=8
[CR-DISCOVERY-PROBE-R29] host_utc=2026-09-28T06:47:03.407+00:00 host_mono_ns=2337042598136983 phase=checkpoint container_pid=14 LOG_NOTICE : 00000008.233 : [CR-RERUN-20260927] UDP_SEND result=ok fd=6 local_port=7411 destination=172.18.0.5:7411 bytes=100 returned=100 errno=0
[CR-DISCOVERY-PROBE-R29] host_utc=2026-09-28T06:47:03.407+00:00 host_mono_ns=2337042598148255 phase=checkpoint container_pid=14 [CR-RERUN-20260927] RTPS_UDP_SEND result=ok source_port=7411 destination=172.18.0.5:7411 bytes=100 lwip_err=0
[CR-DISCOVERY-PROBE-R29] host_utc=2026-09-28T06:47:03.552+00:00 host_mono_ns=2337042743042169 phase=checkpoint container_pid=14 LOG_NOTICE : 00000008.234 : [CR-RERUN-20260927] UDP_RECV result=ok mcp=0xdbebf8 fd=6 local_port=7411 bytes=100 peer=172.18.0.5:7411
[CR-DISCOVERY-PROBE-R29] host_utc=2026-09-28T06:47:03.552+00:00 host_mono_ns=2337042743080261 phase=checkpoint container_pid=14 [CR-RERUN-20260927] RTPS_RX peer=172.18.0.5:62236 local_port=7411 bytes=100
[CR-DISCOVERY-PROBE-R29] host_utc=2026-09-28T06:47:03.552+00:00 host_mono_ns=2337042743093586 phase=checkpoint container_pid=14 [CR-RERUN-20260927] RTPS_RX_QUEUE result=ok local_port=7411 peer_port=62236 bytes=100
[CR-DISCOVERY-PROBE-R29] host_utc=2026-09-28T06:47:03.552+00:00 host_mono_ns=2337042743105248 phase=checkpoint container_pid=14 [CR-RERUN-20260927] RTPS_DATA parse=ok source_prefix=557685218605be0171a49800 reader_id=00000204 writer_id=00000103 sequence=0:5 payload_bytes=44 reader_found=1
[CR-DISCOVERY-PROBE-R29] host_utc=2026-09-28T06:47:03.552+00:00 host_mono_ns=2337042743116980 phase=checkpoint container_pid=14 LOG_DEBUG : 00000008.237 : [MROS2LIB] message get [callback_handler] msg_sn_high: 0 msg_sn_low: 5
[CR-DISCOVERY-PROBE-R29] host_utc=2026-09-28T06:47:03.552+00:00 host_mono_ns=2337042743127891 phase=checkpoint container_pid=14 [CR-RERUN-20260927] RTPS_DATA_DELIVERY result=newChange kind=user sequence=0:5
[CR-DISCOVERY-PROBE-R29] host_utc=2026-09-28T06:47:03.552+00:00 host_mono_ns=2337042743156575 phase=checkpoint container_pid=14 [CR-RERUN-20260927] APP callback topic=/to_stm id=8 payload='Hello from mros2-posix onto Linux: 8'
[CR-DISCOVERY-PROBE-R29] host_utc=2026-09-28T06:47:03.552+00:00 host_mono_ns=2337042743167416 phase=checkpoint container_pid=14 LOG_NOTICE : 00000008.376 : [CR-RERUN-20260927] UDP_RECV result=ok mcp=0xdbebdc fd=7 local_port=7400 bytes=204 peer=172.18.0.5:7400
[CR-DISCOVERY-PROBE-R29] host_utc=2026-09-28T06:47:03.553+00:00 host_mono_ns=2337042743178256 phase=checkpoint container_pid=14 [CR-RERUN-20260927] RTPS_RX peer=172.18.0.5:59420 local_port=7400 bytes=204
[CR-DISCOVERY-PROBE-R29] host_utc=2026-09-28T06:47:03.553+00:00 host_mono_ns=2337042743188616 phase=checkpoint container_pid=14 [CR-RERUN-20260927] RTPS_RX_QUEUE result=ok local_port=7400 peer_port=59420 bytes=204
[CR-DISCOVERY-PROBE-R29] host_utc=2026-09-28T06:47:04.315+00:00 host_mono_ns=2337043506193455 phase=checkpoint container_pid=14 [CR-RERUN-20260927] RTPS_DATA parse=ok source_prefix=557685218605be0171a49800 reader_id=000100c7 writer_id=000100c2 sequence=0:1 payload_bytes=return wasi_fd=7 wasi_errno=0 bytes=204 source=172.18.0.5:7400
[CR-DISCOVERY-PROBE-R29] host_utc=2026-09-28T06:47:04.316+00:00 host_mono_ns=2337043506242026 phase=checkpoint container_pid=14 [CR-RERUN-20260927] WASI_SOCKET event=sock_recv_from_enter wasi_fd=7 iovecs=1 capacity=65535 flags=0
[CR-DISCOVERY-PROBE-R29] host_utc=2026-09-28T06:47:04.316+00:00 host_mono_ns=2337043506258377 phase=checkpoint container_pid=14 [CR-RERUN-20260927] WASI_SOCKET event=sock_send_to_enter wasi_fd=7 bytes=204 flags=0 destination=239.255.0.1:7400
[CR-DISCOVERY-PROBE-R29] host_utc=2026-09-28T06:47:04.316+00:00 host_mono_ns=2337043506273416 phase=checkpoint container_pid=14 [CR-RERUN-20260927] WASI_SOCKET event=sock_recv_from_return wasi_fd=7 wasi_errno=0 bytes=204 source=172.18.0.3:7400
[CR-DISCOVERY-PROBE-R29] host_utc=2026-09-28T06:47:04.316+00:00 host_mono_ns=2337043506287913 phase=checkpoint container_pid=14 [CR-RERUN-20260927] WASI_SOCKET event=sock_send_to_return wasi_fd=7 wasi_errno=0 bytes=204
[CR-DISCOVERY-PROBE-R29] host_utc=2026-09-28T06:47:04.316+00:00 host_mono_ns=2337043506301789 phase=checkpoint container_pid=14 [CR-RERUN-20260927] WASI_SOCKET event=sock_recv_from_enter wasi_fd=7 iovecs=1 capacity=65535 flags=0
[CR-DISCOVERY-PROBE-R29] host_utc=2026-09-28T06:47:04.316+00:00 host_mono_ns=2337043506315585 phase=checkpoint container_pid=14 [CR-RERUN-20260927] WASI_SOCKET event=sock_send_to_enter wasi_fd=6 bytes=100 flags=0 destination=172.18.0.5:7411
[CR-DISCOVERY-PROBE-R29] host_utc=2026-09-28T06:47:04.316+00:00 host_mono_ns=2337043506328871 phase=checkpoint container_pid=14 [CR-RERUN-20260927] WASI_SOCKET event=sock_send_to_return wasi_fd=6 wasi_errno=0 bytes=100
[CR-DISCOVERY-PROBE-R29] host_utc=2026-09-28T06:47:04.316+00:00 host_mono_ns=2337043506341915 phase=checkpoint container_pid=14 [CR-RERUN-20260927] WASI_SOCKET event=sock_recv_from_return wasi_fd=6 wasi_errno=0 bytes=100 source=172.18.0.5:7411
[CR-DISCOVERY-PROBE-R29] host_utc=2026-09-28T06:47:04.316+00:00 host_mono_ns=2337043506355030 phase=checkpoint container_pid=14 [CR-RERUN-20260927] WASI_SOCKET event=sock_recv_from_enter wasi_fd=6 iovecs=1 capacity=65535 flags=0
[CR-DISCOVERY-PROBE-R29] host_utc=2026-09-28T06:47:04.316+00:00 host_mono_ns=2337043506368876 phase=checkpoint container_pid=14 [CR-RERUN-20260927] WASI_SOCKET event=sock_recv_from_return wasi_fd=11 wasi_errno=0 bytes=52 source=172.18.0.5:7410
[CR-DISCOVERY-PROBE-R29] host_utc=2026-09-28T06:47:04.316+00:00 host_mono_ns=2337043506382712 phase=checkpoint container_pid=14 [CR-RERUN-20260927] WASI_SOCKET event=sock_recv_from_enter wasi_fd=11 iovecs=1 capacity=65535 flags=0
[CR-DISCOVERY-PROBE-R29] host_utc=2026-09-28T06:47:04.316+00:00 host_mono_ns=2337043506397200 phase=checkpoint container_pid=14 [CR-RERUN-20260927] WASI_SOCKET event=sock_recv_from_return wasi_fd=11 wasi_errno=0 bytes=52 source=172.18.0.5:7410
[CR-DISCOVERY-PROBE-R29] host_utc=2026-09-28T06:47:04.316+00:00 host_mono_ns=2337043506436183 phase=checkpoint container_pid=14 [CR-RERUN-20260927] WASI_SOCKET event=sock_recv_from_return wasi_fd=7 wasi_errno=0 bytes=204 source=172.18.0.5:7400
[CR-DISCOVERY-PROBE-R29] host_utc=2026-09-28T06:47:04.316+00:00 host_mono_ns=2337043506450931 phase=checkpoint container_pid=14 [CR-RERUN-20260927] WASI_SOCKET event=sock_send_to_enter wasi_fd=11 bytes=48 flags=0 destination=172.18.0.5:7410
[CR-DISCOVERY-PROBE-R29] host_utc=2026-09-28T06:47:04.316+00:00 host_mono_ns=2337043506464106 phase=checkpoint container_pid=14 [CR-RERUN-20260927] WASI_SOCKET event=sock_send_to_return wasi_fd=11 wasi_errno=0 bytes=48
[CR-DISCOVERY-PROBE-R29] host_utc=2026-09-28T06:47:04.316+00:00 host_mono_ns=2337043506477391 phase=checkpoint container_pid=14 [CR-RERUN-20260927] WASI_SOCKET event=sock_recv_from_enter wasi_fd=11 iovecs=1 capacity=65535 flags=0
[CR-DISCOVERY-PROBE-R29] host_utc=2026-09-28T06:47:04.316+00:00 host_mono_ns=2337043506490526 phase=checkpoint container_pid=14 [CR-RERUN-20260927] WASI_SOCKET event=sock_recv_from_enter wasi_fd=7 iovecs=1 capacity=65535 flags=0
[CR-DISCOVERY-PROBE-R29] host_utc=2026-09-28T06:47:04.316+00:00 host_mono_ns=2337043506503971 phase=checkpoint container_pid=14 [CR-RERUN-20260927] WASI_SOCKET event=sock_send_to_enter wasi_fd=11 bytes=48 flags=0 destination=172.18.0.5:7410
[CR-DISCOVERY-PROBE-R29] host_utc=2026-09-28T06:47:04.316+00:00 host_mono_ns=2337043506517948 phase=checkpoint container_pid=14 [CR-RERUN-20260927] WASI_SOCKET event=sock_send_to_return wasi_fd=11 wasi_errno=0 bytes=48
[CR-DISCOVERY-PROBE-R29] host_utc=2026-09-28T06:47:04.316+00:00 host_mono_ns=2337043506532235 phase=checkpoint container_pid=14 [CR-RERUN-20260927] WASI_SOCKET event=sock_send_to_enter wasi_fd=11 bytes=52 flags=0 destination=172.18.0.5:7410
[CR-DISCOVERY-PROBE-R29] host_utc=2026-09-28T06:47:04.316+00:00 host_mono_ns=2337043506543176 phase=checkpoint container_pid=14 [CR-RERUN-20260927] WASI_SOCKET event=sock_send_to_return wasi_fd=11 wasi_errno=0 bytes=52
[CR-DISCOVERY-PROBE-R29] host_utc=2026-09-28T06:47:04.316+00:00 host_mono_ns=2337043506553555 phase=checkpoint container_pid=14 [CR-RERUN-20260927] WASI_SOCKET event=sock_recv_from_return wasi_fd=11 wasi_errno=0 bytes=48 source=172.18.0.5:7410
[CR-DISCOVERY-PROBE-R29] host_utc=2026-09-28T06:47:04.316+00:00 host_mono_ns=2337043506563774 phase=checkpoint container_pid=14 [CR-RERUN-20260927] WASI_SOCKET event=sock_recv_from_enter wasi_fd=11 iovecs=1 capacity=65535 flags=0
[CR-DISCOVERY-PROBE-R29] host_utc=2026-09-28T06:47:04.316+00:00 host_mono_ns=2337043506574204 phase=checkpoint container_pid=14 [CR-RERUN-20260927] WASI_SOCKET event=sock_send_to_enter wasi_fd=11 bytes=52 flags=0 destination=172.18.0.5:7410
[CR-DISCOVERY-PROBE-R29] host_utc=2026-09-28T06:47:04.316+00:00 host_mono_ns=2337043506584574 phase=checkpoint container_pid=14 [CR-RERUN-20260927] WASI_SOCKET event=sock_send_to_return wasi_fd=11 wasi_errno=0 bytes=52
[CR-DISCOVERY-PROBE-R29] host_utc=2026-09-28T06:47:04.316+00:00 host_mono_ns=2337043506594873 phase=checkpoint container_pid=14 [CR-RERUN-20260927] WASI_SOCKET event=sock_recv_from_return wasi_fd=11 wasi_errno=0 bytes=48 source=172.18.0.5:7410
[CR-DISCOVERY-PROBE-R29] host_utc=2026-09-28T06:47:04.316+00:00 host_mono_ns=2337043506605193 phase=checkpoint container_pid=14 [CR-RERUN-20260927] WASI_SOCKET event=sock_recv_from_enter wasi_fd=11 iovecs=1 capacity=65535 flags=0
[CR-DISCOVERY-PROBE-R29] host_utc=2026-09-28T06:47:04.316+00:00 host_mono_ns=2337043506615552 phase=checkpoint container_pid=14 [CR-RERUN-20260927] WASI_SOCKET event=sock_send_to_enter wasi_fd=7 bytes=204 flags=0 destination=239.255.0.1:7400
[CR-DISCOVERY-PROBE-R29] host_utc=2026-09-28T06:47:04.316+00:00 host_mono_ns=2337043506627144 phase=checkpoint container_pid=14 [CR-RERUN-20260927] WASI_SOCKET event=sock_send_to_return wasi_fd=7 wasi_errno=0 bytes=204
[CR-DISCOVERY-PROBE-R29] host_utc=2026-09-28T06:47:04.316+00:00 host_mono_ns=2337043506641111 phase=checkpoint container_pid=14 [CR-RERUN-20260927] WASI_SOCKET event=sock_recv_from_return wasi_fd=7 wasi_errno=0 bytes=204 source=172.18.0.3:7400
[CR-DISCOVERY-PROBE-R29] host_utc=2026-09-28T06:47:04.316+00:00 host_mono_ns=2337043506669154 phase=checkpoint container_pid=14 [CR-RERUN-20260927] WASI_SOCKET event=sock_recv_from_enter wasi_fd=7 iovecs=1 capacity=65535 flags=0
[CR-DISCOVERY-PROBE-R29] host_utc=2026-09-28T06:47:04.316+00:00 host_mono_ns=2337043506683641 phase=checkpoint container_pid=14 [CR-RERUN-20260927] WASI_SOCKET event=sock_send_to_enter wasi_fd=6 bytes=100 flags=0 destination=172.18.0.5:7411
[CR-DISCOVERY-PROBE-R29] host_utc=2026-09-28T06:47:04.316+00:00 host_mono_ns=2337043506697527 phase=checkpoint container_pid=14 [CR-RERUN-20260927] WASI_SOCKET event=sock_send_to_return wasi_fd=6 wasi_errno=0 bytes=100
[CR-DISCOVERY-PROBE-R29] host_utc=2026-09-28T06:47:04.316+00:00 host_mono_ns=2337043506711514 phase=checkpoint container_pid=14 [CR-RERUN-20260927] WASI_SOCKET event=sock_recv_from_return wasi_fd=6 wasi_errno=0 bytes=100 source=172.18.0.5:7411
[CR-DISCOVERY-PROBE-R29] host_utc=2026-09-28T06:47:04.316+00:00 host_mono_ns=2337043506724829 phase=checkpoint container_pid=14 [CR-RERUN-20260927] WASI_SOCKET event=sock_recv_from_enter wasi_fd=6 iovecs=1 capacity=65535 flags=0
[CR-DISCOVERY-PROBE-R29] host_utc=2026-09-28T06:47:04.316+00:00 host_mono_ns=2337043506738204 phase=checkpoint container_pid=14 [CR-RERUN-20260927] WASI_SOCKET event=sock_recv_from_return wasi_fd=7 wasi_errno=0 bytes=204 source=172.18.0.5:7400
[CR-DISCOVERY-PROBE-R29] host_utc=2026-09-28T06:47:04.316+00:00 host_mono_ns=2337043506752030 phase=checkpoint container_pid=14 [CR-RERUN-20260927] WASI_SOCKET event=sock_recv_from_enter wasi_fd=7 iovecs=1 capacity=65535 flags=0
[CR-DISCOVERY-PROBE-R29] host_utc=2026-09-28T06:47:04.316+00:00 host_mono_ns=2337043506766287 phase=checkpoint container_pid=14 [CR-RERUN-20260927] WASI_SOCKET event=sock_send_to_enter wasi_fd=7 bytes=204 flags=0 destination=239.255.0.1:7400
[CR-DISCOVERY-PROBE-R29] host_utc=2026-09-28T06:47:04.408+00:00 host_mono_ns=2337043598554935 phase=checkpoint container_pid=14 [CR-RERUN-148 reader_found=1
[CR-DISCOVERY-PROBE-R29] host_utc=2026-09-28T06:47:04.408+00:00 host_mono_ns=2337043598592666 phase=checkpoint container_pid=14 [CR-RERUN-20260927] RTPS_DATA_DELIVERY result=newChange kind=user sequence=0:1
[CR-DISCOVERY-PROBE-R29] host_utc=2026-09-28T06:47:04.408+00:00 host_mono_ns=2337043598606613 phase=checkpoint container_pid=14 LOG_NOTICE : 00000009.142 : LOG_NOTICE : 00000009.142 : [CR-RERUN-20260927] UDP_SEND result=ok fd=7 local_port=7400 destination=239.255.0.1:7400 bytes=204 returned=204 errno=0[CR-RERUN-20260927] UDP_RECV result=ok mcp=0xdbebdc fd=7 local_port=7400 bytes=204 peer=172.18.0.3:7400
[CR-DISCOVERY-PROBE-R29] host_utc=2026-09-28T06:47:04.408+00:00 host_mono_ns=2337043598619717 phase=checkpoint container_pid=14 [CR-RERUN-20260927] RTPS_UDP_SEND result=ok source_port=7400 destination=239.255.0.1:7400 bytes=204 lwip_err=0
[CR-DISCOVERY-PROBE-R29] host_utc=2026-09-28T06:47:04.408+00:00 host_mono_ns=2337043598631369 phase=checkpoint container_pid=14 
[CR-DISCOVERY-PROBE-R29] host_utc=2026-09-28T06:47:04.408+00:00 host_mono_ns=2337043598642520 phase=checkpoint container_pid=14 [CR-RERUN-20260927] RTPS_RX peer=172.18.0.3:59420 local_port=7400 bytes=204
[CR-DISCOVERY-PROBE-R29] host_utc=2026-09-28T06:47:04.408+00:00 host_mono_ns=2337043598653361 phase=checkpoint container_pid=14 [CR-RERUN-20260927] RTPS_RX_QUEUE result=ok local_port=7400 peer_port=59420 bytes=204
[CR-DISCOVERY-PROBE-R29] host_utc=2026-09-28T06:47:04.408+00:00 host_mono_ns=2337043598664021 phase=checkpoint container_pid=14 [CR-RERUN-20260927] APP publish_begin topic=/to_linux id=9 payload='Hello from mros2-posix onto Linux: 9'
[CR-DISCOVERY-PROBE-R29] host_utc=2026-09-28T06:47:04.408+00:00 host_mono_ns=2337043598675012 phase=checkpoint container_pid=14 [CR-RERUN-20260927] APP publish_return topic=/to_linux id=9
[CR-DISCOVERY-PROBE-R29] host_utc=2026-09-28T06:47:04.408+00:00 host_mono_ns=2337043598686213 phase=checkpoint container_pid=14 LOG_NOTICE : 00000009.234 : [CR-RERUN-20260927] UDP_SEND result=ok fd=6 local_port=7411 destination=172.18.0.5:7411 bytes=100 returned=100 errno=0
[CR-DISCOVERY-PROBE-R29] host_utc=2026-09-28T06:47:04.551+00:00 host_mono_ns=2337043741258279 phase=checkpoint container_pid=14 [CR-RERUN-20260927] RTPS_UDP_SEND result=ok source_port=7411 destination=172.18.0.5:7411 bytes=100 lwip_err=0
[CR-DISCOVERY-PROBE-R29] host_utc=2026-09-28T06:47:04.551+00:00 host_mono_ns=2337043741295780 phase=checkpoint container_pid=14 LOG_NOTICE : 00000009.235 : [CR-RERUN-20260927] UDP_RECV result=ok mcp=0xdbebf8 fd=6 local_port=7411 bytes=100 peer=172.18.0.5:7411
[CR-DISCOVERY-PROBE-R29] host_utc=2026-09-28T06:47:04.551+00:00 host_mono_ns=2337043741309295 phase=checkpoint container_pid=14 [CR-RERUN-20260927] RTPS_RX peer=172.18.0.5:62236 local_port=7411 bytes=100
[CR-DISCOVERY-PROBE-R29] host_utc=2026-09-28T06:47:04.551+00:00 host_mono_ns=2337043741321428 phase=checkpoint container_pid=14 [CR-RERUN-20260927] RTPS_RX_QUEUE result=ok local_port=7411 peer_port=62236 bytes=100
[CR-DISCOVERY-PROBE-R29] host_utc=2026-09-28T06:47:04.551+00:00 host_mono_ns=2337043741332559 phase=checkpoint container_pid=14 [CR-RERUN-20260927] RTPS_DATA parse=ok source_prefix=557685218605be0171a49800 reader_id=00000204 writer_id=00000103 sequence=0:6 payload_bytes=44 reader_found=1
[CR-DISCOVERY-PROBE-R29] host_utc=2026-09-28T06:47:04.551+00:00 host_mono_ns=2337043741343810 phase=checkpoint container_pid=14 LOG_DEBUG : 00000009.238 : [MROS2LIB] message get [callback_handler] msg_sn_high: 0 msg_sn_low: 6
[CR-DISCOVERY-PROBE-R29] host_utc=2026-09-28T06:47:04.551+00:00 host_mono_ns=2337043741354531 phase=checkpoint container_pid=14 [CR-RERUN-20260927] RTPS_DATA_DELIVERY result=newChange kind=user sequence=0:6
[CR-DISCOVERY-PROBE-R29] host_utc=2026-09-28T06:47:04.551+00:00 host_mono_ns=2337043741364990 phase=checkpoint container_pid=14 [CR-RERUN-20260927] APP callback topic=/to_stm id=9 payload='Hello from mros2-posix onto Linux: 9'
[CR-DISCOVERY-PROBE-R29] host_utc=2026-09-28T06:47:04.551+00:00 host_mono_ns=2337043741375570 phase=checkpoint container_pid=14 LOG_NOTICE : 00000009.377 : [CR-RERUN-20260927] UDP_RECV result=ok mcp=0xdbebdc fd=7 local_port=7400 bytes=204 peer=172.18.0.5:7400
[CR-DISCOVERY-PROBE-R29] host_utc=2026-09-28T06:47:04.551+00:00 host_mono_ns=2337043741386211 phase=checkpoint container_pid=14 [CR-RERUN-20260927] RTPS_RX peer=172.18.0.5:59420 local_port=7400 bytes=204
[CR-DISCOVERY-PROBE-R29] host_utc=2026-09-28T06:47:05.409+00:00 host_mono_ns=2337044599887697 phase=checkpoint container_pid=14 [CR-RERUN-20260927] RTPS_RX_QUEUE result=ok local_port=7400 peer_port=59420 bytes=204
[CR-DISCOVERY-PROBE-R29] host_utc=2026-09-28T06:47:05.409+00:00 host_mono_ns=2337044599938173 phase=checkpoint container_pid=14 [CR-RERUN-20260927] RTPS_DATA parse=ok source_prefix=557685218605be0171a49800 reader_id=000100c7 writer_id=000100c2 sequence=0:1 payload_bytes=148 reader_found=1
[CR-DISCOVERY-PROBE-R29] host_utc=2026-09-28T06:47:05.409+00:00 host_mono_ns=2337044599955966 phase=checkpoint container_pid=14 [CR-RERUN-20260927] RTPS_DATA_DELIVERY result=newChange kind=user sequence=0:1
[CR-DISCOVERY-PROBE-R29] host_utc=2026-09-28T06:47:05.409+00:00 host_mono_ns=2337044599971706 phase=checkpoint container_pid=14 LOG_NOTICE : 00000010.143 : LOG_NOTICE : 00000010.143 : [CR-RERUN-20260927] UDP_SEND result=ok fd=7 local_port=7400 destination=239.255.0.1:7400 bytes=204 returned=204 errno=0[CR-RERUN-20260927] UDP_RECV result=ok mcp=0xdbebdc fd=7 local_port=7400 bytes=204 peer=172.18.0.3:7400
[CR-DISCOVERY-PROBE-R29] host_utc=2026-09-28T06:47:05.409+00:00 host_mono_ns=2337044599987626 phase=checkpoint container_pid=14 [CR-RERUN-20260927] RTPS_UDP_SEND result=ok source_port=7400 destination=239.255.0.1:7400 bytes=204 lwip_err=0
[CR-DISCOVERY-PROBE-R29] host_utc=2026-09-28T06:47:05.409+00:00 host_mono_ns=2337044600035747 phase=checkpoint container_pid=14 
[CR-DISCOVERY-PROBE-R29] host_utc=2026-09-28T06:47:05.409+00:00 host_mono_ns=2337044600056707 phase=checkpoint container_pid=14 [CR-RERUN-20260927] RTPS_RX peer=172.18.0.3:59420 local_port=7400 bytes=204
[CR-DISCOVERY-PROBE-R29] host_utc=2026-09-28T06:47:05.409+00:00 host_mono_ns=2337044600096943 phase=checkpoint container_pid=14 [CR-RERUN-20260927] RTPS_RX_QUEUE result=ok local_port=7400 peer_port=59420 bytes=204
[CR-DISCOVERY-PROBE-R29] host_utc=2026-09-28T06:47:05.409+00:00 host_mono_ns=2337044600108013 phase=checkpoint container_pid=14 [CR-RERUN-20260927] APP publish_begin topic=/to_linux id=10 payload='Hello from mros2-posix onto Linux: 10'
[CR-DISCOVERY-PROBE-R29] host_utc=2026-09-28T06:47:05.409+00:00 host_mono_ns=2337044600119084 phase=checkpoint container_pid=14 [CR-RERUN-20260927] APP publish_return topic=/to_linux id=10
[CR-DISCOVERY-PROBE-R29] host_utc=2026-09-28T06:47:05.550+00:00 host_mono_ns=2337044740502134 phase=checkpoint container_pid=14 LOG_NOTICE : 00000010.236 : [CR-RERUN-20260927] UDP_SEND result=ok fd=6 local_port=7411 destination=172.18.0.5:7411 bytes=104 returned=104 errno=0
[CR-DISCOVERY-PROBE-R29] host_utc=2026-09-28T06:47:05.550+00:00 host_mono_ns=2337044740543432 phase=checkpoint container_pid=14 [CR-RERUN-20260927] RTPS_UDP_SEND result=ok source_port=7411 destination=172.18.0.5:7411 bytes=104 lwip_err=0
[CR-DISCOVERY-PROBE-R29] host_utc=2026-09-28T06:47:05.550+00:00 host_mono_ns=2337044740558571 phase=checkpoint container_pid=14 LOG_NOTICE : 00000010.236 : [CR-RERUN-20260927] UDP_RECV result=ok mcp=0xdbebf8 fd=6 local_port=7411 bytes=104 peer=172.18.0.5:7411
[CR-DISCOVERY-PROBE-R29] host_utc=2026-09-28T06:47:05.550+00:00 host_mono_ns=2337044740571756 phase=checkpoint container_pid=14 [CR-RERUN-20260927] RTPS_RX peer=172.18.0.5:62236 local_port=7411 bytes=104
[CR-DISCOVERY-PROBE-R29] host_utc=2026-09-28T06:47:05.550+00:00 host_mono_ns=2337044740584891 phase=checkpoint container_pid=14 [CR-RERUN-20260927] RTPS_RX_QUEUE result=ok local_port=7411 peer_port=62236 bytes=104
[CR-DISCOVERY-PROBE-R29] host_utc=2026-09-28T06:47:05.550+00:00 host_mono_ns=2337044740601382 phase=checkpoint container_pid=14 [CR-RERUN-20260927] RTPS_DATA parse=ok source_prefix=557685218605be0171a49800 reader_id=00000204 writer_id=00000103 sequence=0:7 payload_bytes=48 reader_found=1
[CR-DISCOVERY-PROBE-R29] host_utc=2026-09-28T06:47:05.550+00:00 host_mono_ns=2337044740612573 phase=checkpoint container_pid=14 LOG_DEBUG : 00000010.240 : [MROS2LIB] message get [callback_handler] msg_sn_high: 0 msg_sn_low: 7
[CR-DISCOVERY-PROBE-R29] host_utc=2026-09-28T06:47:05.550+00:00 host_mono_ns=2337044740623173 phase=checkpoint container_pid=14 [CR-RERUN-20260927] RTPS_DATA_DELIVERY result=newChange kind=user sequence=0:7
[CR-DISCOVERY-PROBE-R29] host_utc=2026-09-28T06:47:05.550+00:00 host_mono_ns=2337044740633693 phase=checkpoint container_pid=14 [CR-RERUN-20260927] APP callback topic=/to_stm id=10 payload='Hello from mros2-posix onto Linux: 10'
[CR-DISCOVERY-PROBE-R29] host_utc=2026-09-28T06:47:06.409+00:00 host_mono_ns=2337045599908263 phase=checkpoint container_pid=14 LOG_NOTICE : 00000010.376 : [CR-RERUN-20260927] UDP_RECV result=ok mcp=0xdbebdc fd=7 local_port=7400 bytes=204 peer=172.18.0.5:7400
[CR-DISCOVERY-PROBE-R29] host_utc=2026-09-28T06:47:06.409+00:00 host_mono_ns=2337045599959630 phase=checkpoint container_pid=14 [CR-RERUN-20260927] RTPS_RX peer=172.18.0.5:59420 local_port=7400 bytes=204
[CR-DISCOVERY-PROBE-R29] host_utc=2026-09-28T06:47:06.409+00:00 host_mono_ns=2337045599973146 phase=checkpoint container_pid=14 [CR-RERUN-20260927] RTPS_RX_QUEUE result=ok local_port=7400 peer_port=59420 bytes=204
[CR-DISCOVERY-PROBE-R29] host_utc=2026-09-28T06:47:06.409+00:00 host_mono_ns=2337045599984587 phase=checkpoint container_pid=14 [CR-RERUN-20260927] RTPS_DATA parse=ok source_prefix=557685218605be0171a49800 reader_id=000100c7 writer_id=000100c2 sequence=0:1 payload_bytes=148 reader_found=1
[CR-DISCOVERY-PROBE-R29] host_utc=2026-09-28T06:47:06.409+00:00 host_mono_ns=2337045599996520 phase=checkpoint container_pid=14 [CR-RERUN-20260927] RTPS_DATA_DELIVERY result=newChange kind=user sequence=0:1
[CR-DISCOVERY-PROBE-R29] host_utc=2026-09-28T06:47:06.409+00:00 host_mono_ns=2337045600056233 phase=checkpoint container_pid=14 LOG_NOTICE : 00000011.143 : LOG_NOTICE : 00000011.143 : [CR-RERUN-20260927] UDP_SEND result=ok fd=7 local_port=7400 destination=239.255.0.1:7400 bytes=204 returned=204 errno=0[CR-RERUN-20260927] UDP_RECV result=ok mcp=0xdbebdc fd=7 local_port=7400 bytes=204 peer=172.18.0.3:7400
[CR-DISCOVERY-PROBE-R29] host_utc=2026-09-28T06:47:06.409+00:00 host_mono_ns=2337045600076301 phase=checkpoint container_pid=14 [CR-RERUN-20260927] RTPS_UDP_SEND result=ok source_port=7400 destination=239.255.0.1:7400 bytes=204 lwip_err=0
[CR-DISCOVERY-PROBE-R29] host_utc=2026-09-28T06:47:06.409+00:00 host_mono_ns=2337045600087382 phase=checkpoint container_pid=14 
[CR-DISCOVERY-PROBE-R29] host_utc=2026-09-28T06:47:06.409+00:00 host_mono_ns=2337045600098643 phase=checkpoint container_pid=14 [CR-RERUN-20260927] RTPS_RX peer=172.18.0.3:59420 local_port=7400 bytes=204
[CR-DISCOVERY-PROBE-R29] host_utc=2026-09-28T06:47:06.409+00:00 host_mono_ns=2337045600109193 phase=checkpoint container_pid=14 [CR-RERUN-20260927] RTPS_RX_QUEUE result=ok local_port=7400 peer_port=59420 bytes=204
[CR-DISCOVERY-PROBE-R29] host_utc=2026-09-28T06:47:06.414+00:00 host_mono_ns=2337045605162943 phase=checkpoint container_pid=14 [CR-RERUN-20260927] APP publish_begin topic=/to_linux id=11 payload='Hello from mros2-posix onto Linux: 11'
[CR-DISCOVERY-PROBE-R29] host_utc=2026-09-28T06:47:06.415+00:00 host_mono_ns=2337045605194312 phase=checkpoint container_pid=14 [CR-RERUN-20260927] APP publish_return topic=/to_linux id=11
[CR-DISCOVERY-PROBE-R29] host_utc=2026-09-28T06:47:06.415+00:00 host_mono_ns=2337045605206776 phase=checkpoint container_pid=14 LOG_NOTICE : 00000011.236 : [CR-RERUN-20260927] UDP_SEND result=ok fd=6 local_port=7411 destination=172.18.0.5:7411 bytes=104 returned=104 errno=0LOG_NOTICE : 00000011.237 : 
[CR-DISCOVERY-PROBE-R29] host_utc=2026-09-28T06:47:06.415+00:00 host_mono_ns=2337045605218298 phase=checkpoint container_pid=14 [CR-RERUN-20260927] UDP_RECV result=ok mcp=0xdbebf8 fd=6 local_port=7411 bytes=104 peer=172.18.0.5:7411[CR-RERUN-20260927] RTPS_UDP_SEND result=ok source_port=7411 destination=172.18.0.5:7411 bytes=104 lwip_err=0
[CR-DISCOVERY-PROBE-R29] host_utc=2026-09-28T06:47:06.415+00:00 host_mono_ns=2337045605229529 phase=checkpoint container_pid=14 
[CR-DISCOVERY-PROBE-R29] host_utc=2026-09-28T06:47:06.415+00:00 host_mono_ns=2337045605240390 phase=checkpoint container_pid=14 [CR-RERUN-20260927] RTPS_RX peer=172.18.0.5:62236 local_port=7411 bytes=104
[CR-DISCOVERY-PROBE-R29] host_utc=2026-09-28T06:47:06.415+00:00 host_mono_ns=2337045605251190 phase=checkpoint container_pid=14 [CR-RERUN-20260927] RTPS_RX_QUEUE result=ok local_port=7411 peer_port=62236 bytes=104
[CR-DISCOVERY-PROBE-R29] host_utc=2026-09-28T06:47:06.415+00:00 host_mono_ns=2337045605261670 phase=checkpoint container_pid=14 [CR-RERUN-20260927] RTPS_DATA parse=ok source_prefix=557685218605be0171a49800 reader_id=00000204 writer_id=00000103 sequence=0:8 payload_bytes=48 reader_found=1
[CR-DISCOVERY-PROBE-R29] host_utc=2026-09-28T06:47:06.415+00:00 host_mono_ns=2337045605272360 phase=checkpoint container_pid=14 LOG_DEBUG : 00000011.240 : [MROS2LIB] message get [callback_handler] msg_sn_high: 0 msg_sn_low: 8
[CR-DISCOVERY-PROBE-R29] host_utc=2026-09-28T06:47:06.415+00:00 host_mono_ns=2337045605283070 phase=checkpoint container_pid=14 [CR-RERUN-20260927] RTPS_DATA_DELIVERY result=newChange kind=user sequence=0:8
[CR-DISCOVERY-PROBE-R29] host_utc=2026-09-28T06:47:06.551+00:00 host_mono_ns=2337045741798484 phase=checkpoint container_pid=14 [CR-RERUN-20260927] APP callback topic=/to_stm id=11 payload='Hello from mros2-posix onto Linux: 11'
[CR-DISCOVERY-PROBE-R29] host_utc=2026-09-28T06:47:06.551+00:00 host_mono_ns=2337045741847958 phase=checkpoint container_pid=14 LOG_NOTICE : 00000011.375 : [CR-RERUN-20260927] UDP_RECV result=ok mcp=0xdbec14 fd=11 local_port=7410 bytes=52 peer=172.18.0.5:7410
[CR-DISCOVERY-PROBE-R29] host_utc=2026-09-28T06:47:06.551+00:00 host_mono_ns=2337045741863908 phase=checkpoint container_pid=14 [CR-RERUN-20260927] RTPS_RX peer=172.18.0.5:61980 local_port=7410 bytes=52
[CR-DISCOVERY-PROBE-R29] host_utc=2026-09-28T06:47:06.551+00:00 host_mono_ns=2337045741908993 phase=checkpoint container_pid=14 [CR-RERUN-20260927] RTPS_RX_QUEUE result=ok local_port=7410 peer_port=61980 bytes=52
[CR-DISCOVERY-PROBE-R29] host_utc=2026-09-28T06:47:06.551+00:00 host_mono_ns=2337045741924332 phase=checkpoint container_pid=14 LOG_NOTICE : 00000011.376 : [CR-RERUN-20260927] UDP_RECV result=ok mcp=0xdbec14 fd=11 local_port=7410 bytes=52 peer=172.18.0.5:7410LOG_NOTICE : 00000011.376 : 
[CR-DISCOVERY-PROBE-R29] host_utc=2026-09-28T06:47:06.551+00:00 host_mono_ns=2337045741940062 phase=checkpoint container_pid=14 LOG_NOTICE : 00000011.377 : [CR-RERUN-20260927] RTPS_RX peer=172.18.0.5:61980 local_port=7410 bytes=52
[CR-DISCOVERY-PROBE-R29] host_utc=2026-09-28T06:47:06.551+00:00 host_mono_ns=2337045741955130 phase=checkpoint container_pid=14 [CR-RERUN-20260927] UDP_SEND result=ok fd=11 local_port=7410 destination=172.18.0.5:7410 bytes=48 returned=48 errno=0[CR-RERUN-20260927] RTPS_RX_QUEUE result=ok local_port=7410 peer_port=61980 bytes=52
[CR-DISCOVERY-PROBE-R29] host_utc=2026-09-28T06:47:06.551+00:00 host_mono_ns=2337045741970710 phase=checkpoint container_pid=14 
[CR-DISCOVERY-PROBE-R29] host_utc=2026-09-28T06:47:06.551+00:00 host_mono_ns=2337045741982242 phase=checkpoint container_pid=14 [CR-RERUN-20260927] RTPS_UDP_SEND result=ok source_port=7410 destination=172.18.0.5:7410 bytes=48 lwip_err=0
[CR-DISCOVERY-PROBE-R29] host_utc=2026-09-28T06:47:06.551+00:00 host_mono_ns=2337045741993322 phase=checkpoint container_pid=14 [CR-RERUN-20260927] UDP_RECV result=ok mcp=0xdbebdc fd=7 local_port=7400 bytes=204 peer=172.18.0.5:7400
[CR-DISCOVERY-PROBE-R29] host_utc=2026-09-28T06:47:07.297+00:00 host_mono_ns=2337046487305409 phase=checkpoint container_pid=14 [CR-RERUN-20260927] RTPS_RX peer=20260927] WASI_SOCKET event=sock_recv_from_return wasi_fd=7 wasi_errno=0 bytes=204 source=172.18.0.3:7400
[CR-DISCOVERY-PROBE-R29] host_utc=2026-09-28T06:47:07.297+00:00 host_mono_ns=2337046487348851 phase=checkpoint container_pid=14 [CR-RERUN-20260927] WASI_SOCKET event=sock_send_to_return wasi_fd=7 wasi_errno=0 bytes=204
[CR-DISCOVERY-PROBE-R29] host_utc=2026-09-28T06:47:07.297+00:00 host_mono_ns=2337046487362617 phase=checkpoint container_pid=14 [CR-RERUN-20260927] WASI_SOCKET event=sock_recv_from_enter wasi_fd=7 iovecs=1 capacity=65535 flags=0
[CR-DISCOVERY-PROBE-R29] host_utc=2026-09-28T06:47:07.297+00:00 host_mono_ns=2337046487373999 phase=checkpoint container_pid=14 [CR-RERUN-20260927] WASI_SOCKET event=sock_send_to_enter wasi_fd=6 bytes=100 flags=0 destination=172.18.0.5:7411
[CR-DISCOVERY-PROBE-R29] host_utc=2026-09-28T06:47:07.297+00:00 host_mono_ns=2337046487384899 phase=checkpoint container_pid=14 [CR-RERUN-20260927] WASI_SOCKET event=sock_send_to_return wasi_fd=6 wasi_errno=0 bytes=100
[CR-DISCOVERY-PROBE-R29] host_utc=2026-09-28T06:47:07.297+00:00 host_mono_ns=2337046487395309 phase=checkpoint container_pid=14 [CR-RERUN-20260927] WASI_SOCKET event=sock_recv_from_return wasi_fd=6 wasi_errno=0 bytes=100 source=172.18.0.5:7411
[CR-DISCOVERY-PROBE-R29] host_utc=2026-09-28T06:47:07.297+00:00 host_mono_ns=2337046487405599 phase=checkpoint container_pid=14 [CR-RERUN-20260927] WASI_SOCKET event=sock_recv_from_enter wasi_fd=6 iovecs=1 capacity=65535 flags=0
[CR-DISCOVERY-PROBE-R29] host_utc=2026-09-28T06:47:07.297+00:00 host_mono_ns=2337046487416229 phase=checkpoint container_pid=14 [CR-RERUN-20260927] WASI_SOCKET event=sock_recv_from_return wasi_fd=7 wasi_errno=0 bytes=204 source=172.18.0.5:7400
[CR-DISCOVERY-PROBE-R29] host_utc=2026-09-28T06:47:07.297+00:00 host_mono_ns=2337046487426608 phase=checkpoint container_pid=14 [CR-RERUN-20260927] WASI_SOCKET event=sock_recv_from_enter wasi_fd=7 iovecs=1 capacity=65535 flags=0
[CR-DISCOVERY-PROBE-R29] host_utc=2026-09-28T06:47:07.297+00:00 host_mono_ns=2337046487437288 phase=checkpoint container_pid=14 [CR-RERUN-20260927] WASI_SOCKET event=sock_send_to_enter wasi_fd=7 bytes=204 flags=0 destination=239.255.0.1:7400
[CR-DISCOVERY-PROBE-R29] host_utc=2026-09-28T06:47:07.297+00:00 host_mono_ns=2337046487462175 phase=checkpoint container_pid=14 [CR-RERUN-20260927] WASI_SOCKET event=sock_recv_from_return wasi_fd=7 wasi_errno=0 bytes=204 source=172.18.0.3:7400
[CR-DISCOVERY-PROBE-R29] host_utc=2026-09-28T06:47:07.297+00:00 host_mono_ns=2337046487478767 phase=checkpoint container_pid=14 [CR-RERUN-20260927] WASI_SOCKET event=sock_send_to_return wasi_fd=7 wasi_errno=0 bytes=204
[CR-DISCOVERY-PROBE-R29] host_utc=2026-09-28T06:47:07.297+00:00 host_mono_ns=2337046487489217 phase=checkpoint container_pid=14 [CR-RERUN-20260927] WASI_SOCKET event=sock_recv_from_enter wasi_fd=7 iovecs=1 capacity=65535 flags=0
[CR-DISCOVERY-PROBE-R29] host_utc=2026-09-28T06:47:07.297+00:00 host_mono_ns=2337046487499566 phase=checkpoint container_pid=14 [CR-RERUN-20260927] WASI_SOCKET event=sock_send_to_enter wasi_fd=6 bytes=104 flags=0 destination=172.18.0.5:7411
[CR-DISCOVERY-PROBE-R29] host_utc=2026-09-28T06:47:07.297+00:00 host_mono_ns=2337046487509846 phase=checkpoint container_pid=14 [CR-RERUN-20260927] WASI_SOCKET event=sock_send_to_return wasi_fd=6 wasi_errno=0 bytes=104
[CR-DISCOVERY-PROBE-R29] host_utc=2026-09-28T06:47:07.297+00:00 host_mono_ns=2337046487520205 phase=checkpoint container_pid=14 [CR-RERUN-20260927] WASI_SOCKET event=sock_recv_from_return wasi_fd=6 wasi_errno=0 bytes=104 source=172.18.0.5:7411
[CR-DISCOVERY-PROBE-R29] host_utc=2026-09-28T06:47:07.297+00:00 host_mono_ns=2337046487530485 phase=checkpoint container_pid=14 [CR-RERUN-20260927] WASI_SOCKET event=sock_recv_from_enter wasi_fd=6 iovecs=1 capacity=65535 flags=0
[CR-DISCOVERY-PROBE-R29] host_utc=2026-09-28T06:47:07.297+00:00 host_mono_ns=2337046487540884 phase=checkpoint container_pid=14 [CR-RERUN-20260927] WASI_SOCKET event=sock_recv_from_return wasi_fd=7 wasi_errno=0 bytes=204 source=172.18.0.5:7400
[CR-DISCOVERY-PROBE-R29] host_utc=2026-09-28T06:47:07.297+00:00 host_mono_ns=2337046487551053 phase=checkpoint container_pid=14 [CR-RERUN-20260927] WASI_SOCKET event=sock_recv_from_enter wasi_fd=7 iovecs=1 capacity=65535 flags=0
[CR-DISCOVERY-PROBE-R29] host_utc=2026-09-28T06:47:07.297+00:00 host_mono_ns=2337046487561423 phase=checkpoint container_pid=14 [CR-RERUN-20260927] WASI_SOCKET event=sock_send_to_enter wasi_fd=7 bytes=204 flags=0 destination=239.255.0.1:7400
[CR-DISCOVERY-PROBE-R29] host_utc=2026-09-28T06:47:07.297+00:00 host_mono_ns=2337046487571592 phase=checkpoint container_pid=14 [CR-RERUN-20260927] WASI_SOCKET event=sock_recv_from_return wasi_fd=7 wasi_errno=0 bytes=204 source=172.18.0.3:7400
[CR-DISCOVERY-PROBE-R29] host_utc=2026-09-28T06:47:07.297+00:00 host_mono_ns=2337046487581982 phase=checkpoint container_pid=14 [CR-RERUN-20260927] WASI_SOCKET event=sock_send_to_return wasi_fd=7 wasi_errno=0 bytes=204
[CR-DISCOVERY-PROBE-R29] host_utc=2026-09-28T06:47:07.297+00:00 host_mono_ns=2337046487592371 phase=checkpoint container_pid=14 [CR-RERUN-20260927] WASI_SOCKET event=sock_recv_from_enter wasi_fd=7 iovecs=1 capacity=65535 flags=0
[CR-DISCOVERY-PROBE-R29] host_utc=2026-09-28T06:47:07.297+00:00 host_mono_ns=2337046487602771 phase=checkpoint container_pid=14 [CR-RERUN-20260927] WASI_SOCKET event=sock_send_to_enter wasi_fd=6 bytes=104 flags=0 destination=172.18.0.5:7411
[CR-DISCOVERY-PROBE-R29] host_utc=2026-09-28T06:47:07.297+00:00 host_mono_ns=2337046487613081 phase=checkpoint container_pid=14 [CR-RERUN-20260927] WASI_SOCKET event=sock_send_to_return wasi_fd=6 wasi_errno=0 bytes=104
[CR-DISCOVERY-PROBE-R29] host_utc=2026-09-28T06:47:07.297+00:00 host_mono_ns=2337046487623400 phase=checkpoint container_pid=14 [CR-RERUN-20260927] WASI_SOCKET event=sock_recv_from_return wasi_fd=6 wasi_errno=0 bytes=104 source=172.18.0.5:7411
[CR-DISCOVERY-PROBE-R29] host_utc=2026-09-28T06:47:07.297+00:00 host_mono_ns=2337046487633609 phase=checkpoint container_pid=14 [CR-RERUN-20260927] WASI_SOCKET event=sock_recv_from_enter wasi_fd=6 iovecs=1 capacity=65535 flags=0
[CR-DISCOVERY-PROBE-R29] host_utc=2026-09-28T06:47:07.297+00:00 host_mono_ns=2337046487644019 phase=checkpoint container_pid=14 [CR-RERUN-20260927] WASI_SOCKET event=sock_recv_from_return wasi_fd=11 wasi_errno=0 bytes=52 source=172.18.0.5:7410
[CR-DISCOVERY-PROBE-R29] host_utc=2026-09-28T06:47:07.297+00:00 host_mono_ns=2337046487665059 phase=checkpoint container_pid=14 [CR-RERUN-20260927] WASI_SOCKET event=sock_recv_from_enter wasi_fd=11 iovecs=1 capacity=65535 flags=0
[CR-DISCOVERY-PROBE-R29] host_utc=2026-09-28T06:47:07.297+00:00 host_mono_ns=2337046487675629 phase=checkpoint container_pid=14 [CR-RERUN-20260927] WASI_SOCKET event=sock_recv_from_return wasi_fd=11 wasi_errno=0 bytes=52 source=172.18.0.5:7410
[CR-DISCOVERY-PROBE-R29] host_utc=2026-09-28T06:47:07.297+00:00 host_mono_ns=2337046487685798 phase=checkpoint container_pid=14 [CR-RERUN-20260927] WASI_SOCKET event=sock_recv_from_return wasi_fd=7 wasi_errno=0 bytes=204 source=172.18.0.5:7400
[CR-DISCOVERY-PROBE-R29] host_utc=2026-09-28T06:47:07.297+00:00 host_mono_ns=2337046487695957 phase=checkpoint container_pid=14 [CR-RERUN-20260927] WASI_SOCKET event=sock_send_to_enter wasi_fd=11 bytes=48 flags=0 destination=172.18.0.5:7410
[CR-DISCOVERY-PROBE-R29] host_utc=2026-09-28T06:47:07.297+00:00 host_mono_ns=2337046487706096 phase=checkpoint container_pid=14 [CR-RERUN-20260927] WASI_SOCKET event=sock_send_to_return wasi_fd=11 wasi_errno=0 bytes=48
[CR-DISCOVERY-PROBE-R29] host_utc=2026-09-28T06:47:07.297+00:00 host_mono_ns=2337046487716386 phase=checkpoint container_pid=14 [CR-RERUN-20260927] WASI_SOCKET event=sock_recv_from_enter wasi_fd=11 iovecs=1 capacity=65535 flags=0
[CR-DISCOVERY-PROBE-R29] host_utc=2026-09-28T06:47:07.297+00:00 host_mono_ns=2337046487726705 phase=checkpoint container_pid=14 [CR-RERUN-20260927] WASI_SOCKET event=sock_send_to_enter wasi_fd=11 bytes=48 flags=0 destination=172.18.0.5:7410
[CR-DISCOVERY-PROBE-R29] host_utc=2026-09-28T06:47:07.297+00:00 host_mono_ns=2337046487736975 phase=checkpoint container_pid=14 [CR-RERUN-20260927] WASI_SOCKET event=sock_send_to_return wasi_fd=11 wasi_errno=0 bytes=48
[CR-DISCOVERY-PROBE-R29] host_utc=2026-09-28T06:47:07.297+00:00 host_mono_ns=2337046487747194 phase=checkpoint container_pid=14 [CR-RERUN-20260927] WASI_SOCKET event=sock_recv_from_enter wasi_fd=7 iovecs=1 capacity=65535 flags=0
[CR-DISCOVERY-PROBE-R29] host_utc=2026-09-28T06:47:07.297+00:00 host_mono_ns=2337046487757544 phase=checkpoint container_pid=14 [CR-RERUN-20260927] WASI_SOCKET event=sock_send_to_enter wasi_fd=11 bytes=52 flags=0 destination=172.18.0.5:7410
[CR-DISCOVERY-PROBE-R29] host_utc=2026-09-28T06:47:07.297+00:00 host_mono_ns=2337046487779515 phase=checkpoint container_pid=14 [CR-RERUN-20260927] WASI_SOCKET event=sock_send_to_return wasi_fd=11 wasi_errno=0 b172.18.0.5:59420 local_port=7400 bytes=204
[CR-DISCOVERY-PROBE-R29] host_utc=2026-09-28T06:47:07.297+00:00 host_mono_ns=2337046487790275 phase=checkpoint container_pid=14 LOG_NOTICE : 00000011.378 : [CR-RERUN-20260927] RTPS_RX_QUEUE result=ok local_port=7400 peer_port=59420 bytes=204
[CR-DISCOVERY-PROBE-R29] host_utc=2026-09-28T06:47:07.297+00:00 host_mono_ns=2337046487800555 phase=checkpoint container_pid=14 [CR-RERUN-20260927] UDP_SEND result=ok fd=11 local_port=7410 destination=172.18.0.5:7410 bytes=48 returned=48 errno=0
[CR-DISCOVERY-PROBE-R29] host_utc=2026-09-28T06:47:07.297+00:00 host_mono_ns=2337046487810824 phase=checkpoint container_pid=14 [CR-RERUN-20260927] RTPS_UDP_SEND result=ok source_port=7410 destination=172.18.0.5:7410 bytes=48 lwip_err=0
[CR-DISCOVERY-PROBE-R29] host_utc=2026-09-28T06:47:07.297+00:00 host_mono_ns=2337046487821575 phase=checkpoint container_pid=14 [CR-RERUN-20260927] RTPS_DATA parse=ok source_prefix=557685218605be0171a49800 reader_id=000100c7 writer_id=000100c2 sequence=0:1 payload_bytes=148 reader_found=1
[CR-DISCOVERY-PROBE-R29] host_utc=2026-09-28T06:47:07.297+00:00 host_mono_ns=2337046487832986 phase=checkpoint container_pid=14 [CR-RERUN-20260927] RTPS_DATA_DELIVERY result=newChange kind=user sequence=0:1
[CR-DISCOVERY-PROBE-R29] host_utc=2026-09-28T06:47:07.297+00:00 host_mono_ns=2337046487843967 phase=checkpoint container_pid=14 [DISCOVERY_PROBE] event=heartbeat_tick writer=sedp_publications proxies_empty=0
[CR-DISCOVERY-PROBE-R29] host_utc=2026-09-28T06:47:07.297+00:00 host_mono_ns=2337046487865618 phase=checkpoint container_pid=14 [DISCOVERY_PROBE] event=heartbeat_send writer=sedp_publications first=0:1 last=0:1 dst_port=7410
[CR-DISCOVERY-PROBE-R29] host_utc=2026-09-28T06:47:07.297+00:00 host_mono_ns=2337046487876228 phase=checkpoint container_pid=14 LOG_NOTICE : 00000012.123 : [CR-RERUN-20260927] UDP_SEND result=ok fd=11 local_port=7410 destination=172.18.0.5:7410 bytes=52 returned=52 errno=0
[CR-DISCOVERY-PROBE-R29] host_utc=2026-09-28T06:47:07.300+00:00 host_mono_ns=2337046491127973 phase=checkpoint container_pid=14 [CR-RERUN-20260927] RTPS_UDP_SEND result=ok source_port=7410 destination=172.18.0.5:7410 bytes=52 lwip_err=0
[CR-DISCOVERY-PROBE-R29] host_utc=2026-09-28T06:47:07.300+00:00 host_mono_ns=2337046491164632 phase=checkpoint container_pid=14 LOG_NOTICE : 00000012.124 : [CR-RERUN-20260927] UDP_RECV result=ok mcp=0xdbec14 fd=11 local_port=7410 bytes=48 peer=172.18.0.5:7410
[CR-DISCOVERY-PROBE-R29] host_utc=2026-09-28T06:47:07.301+00:00 host_mono_ns=2337046491178007 phase=checkpoint container_pid=14 [CR-RERUN-20260927] RTPS_RX peer=172.18.0.5:61980 local_port=7410 bytes=48
[CR-DISCOVERY-PROBE-R29] host_utc=2026-09-28T06:47:07.301+00:00 host_mono_ns=2337046491190100 phase=checkpoint container_pid=14 [CR-RERUN-20260927] RTPS_RX_QUEUE result=ok local_port=7410 peer_port=61980 bytes=48
[CR-DISCOVERY-PROBE-R29] host_utc=2026-09-28T06:47:07.301+00:00 host_mono_ns=2337046491200750 phase=checkpoint container_pid=14 [DISCOVERY_PROBE] event=heartbeat_tick writer=sedp_subscriptions proxies_empty=0
[CR-DISCOVERY-PROBE-R29] host_utc=2026-09-28T06:47:07.301+00:00 host_mono_ns=2337046491211541 phase=checkpoint container_pid=14 [DISCOVERY_PROBE] event=heartbeat_send writer=sedp_subscriptions first=0:1 last=0:1 dst_port=7410
[CR-DISCOVERY-PROBE-R29] host_utc=2026-09-28T06:47:07.301+00:00 host_mono_ns=2337046491222582 phase=checkpoint container_pid=14 LOG_NOTICE : 00000012.126 : [CR-RERUN-20260927] UDP_SEND result=ok fd=11 local_port=7410 destination=172.18.0.5:7410 bytes=52 returned=52 errno=0LOG_NOTICE : 00000012.126 : 
[CR-DISCOVERY-PROBE-R29] host_utc=2026-09-28T06:47:07.301+00:00 host_mono_ns=2337046491233953 phase=checkpoint container_pid=14 [CR-RERUN-20260927] RTPS_UDP_SEND result=ok source_port=7410 destination=172.18.0.5:7410 bytes=52 lwip_err=0
[CR-DISCOVERY-PROBE-R29] host_utc=2026-09-28T06:47:07.301+00:00 host_mono_ns=2337046491244653 phase=checkpoint container_pid=14 [CR-RERUN-20260927] UDP_RECV result=ok mcp=0xdbec14 fd=11 local_port=7410 bytes=48 peer=172.18.0.5:7410
[CR-DISCOVERY-PROBE-R29] host_utc=2026-09-28T06:47:07.301+00:00 host_mono_ns=2337046491255394 phase=checkpoint container_pid=14 [CR-RERUN-20260927] RTPS_RX peer=172.18.0.5:61980 local_port=7410 bytes=48
[CR-DISCOVERY-PROBE-R29] host_utc=2026-09-28T06:47:07.412+00:00 host_mono_ns=2337046602796409 phase=checkpoint container_pid=14 [CR-RERUN-20260927] RTPS_RX_QUEUE result=ok local_port=7410 peer_port=61980 bytes=48
[CR-DISCOVERY-PROBE-R29] host_utc=2026-09-28T06:47:07.412+00:00 host_mono_ns=2337046602838188 phase=checkpoint container_pid=14 LOG_NOTICE : 00000012.144 : LOG_NOTICE : 00000012.144 : [CR-RERUN-20260927] UDP_SEND result=ok fd=7 local_port=7400 destination=239.255.0.1:7400 bytes=204 returned=204 errno=0[CR-RERUN-20260927] UDP_RECV result=ok mcp=0xdbebdc fd=7 local_port=7400 bytes=204 peer=172.18.0.3:7400
[CR-DISCOVERY-PROBE-R29] host_utc=2026-09-28T06:47:07.412+00:00 host_mono_ns=2337046602851954 phase=checkpoint container_pid=14 [CR-RERUN-20260927] RTPS_UDP_SEND result=ok source_port=7400 destination=239.255.0.1:7400 bytes=204 lwip_err=0
[CR-DISCOVERY-PROBE-R29] host_utc=2026-09-28T06:47:07.412+00:00 host_mono_ns=2337046602863546 phase=checkpoint container_pid=14 
[CR-DISCOVERY-PROBE-R29] host_utc=2026-09-28T06:47:07.412+00:00 host_mono_ns=2337046602874937 phase=checkpoint container_pid=14 [CR-RERUN-20260927] RTPS_RX peer=172.18.0.3:59420 local_port=7400 bytes=204
[CR-DISCOVERY-PROBE-R29] host_utc=2026-09-28T06:47:07.412+00:00 host_mono_ns=2337046602903822 phase=checkpoint container_pid=14 [CR-RERUN-20260927] RTPS_RX_QUEUE result=ok local_port=7400 peer_port=59420 bytes=204
[CR-DISCOVERY-PROBE-R29] host_utc=2026-09-28T06:47:07.412+00:00 host_mono_ns=2337046602920303 phase=checkpoint container_pid=14 [CR-RERUN-20260927] APP publish_begin topic=/to_linux id=12 payload='Hello from mros2-posix onto Linux: 12'
[CR-DISCOVERY-PROBE-R29] host_utc=2026-09-28T06:47:07.412+00:00 host_mono_ns=2337046602931224 phase=checkpoint container_pid=14 [CR-RERUN-20260927] APP publish_return topic=/to_linux id=12
[CR-DISCOVERY-PROBE-R29] host_utc=2026-09-28T06:47:07.412+00:00 host_mono_ns=2337046602942675 phase=checkpoint container_pid=14 LOG_NOTICE : 00000012.238 : [CR-RERUN-20260927] UDP_SEND result=ok fd=6 local_port=7411 destination=172.18.0.5:7411 bytes=104 returned=104 errno=0
[CR-DISCOVERY-PROBE-R29] host_utc=2026-09-28T06:47:07.412+00:00 host_mono_ns=2337046602953626 phase=checkpoint container_pid=14 [CR-RERUN-20260927] RTPS_UDP_SEND result=ok source_port=7411 destination=172.18.0.5:7411 bytes=104 lwip_err=0
[CR-DISCOVERY-PROBE-R29] host_utc=2026-09-28T06:47:07.552+00:00 host_mono_ns=2337046742425534 phase=checkpoint container_pid=14 LOG_NOTICE : 00000012.239 : [CR-RERUN-20260927] UDP_RECV result=ok mcp=0xdbebf8 fd=6 local_port=7411 bytes=104 peer=172.18.0.5:7411
[CR-DISCOVERY-PROBE-R29] host_utc=2026-09-28T06:47:07.552+00:00 host_mono_ns=2337046742467063 phase=checkpoint container_pid=14 [CR-RERUN-20260927] RTPS_RX peer=172.18.0.5:62236 local_port=7411 bytes=104
[CR-DISCOVERY-PROBE-R29] host_utc=2026-09-28T06:47:07.552+00:00 host_mono_ns=2337046742480889 phase=checkpoint container_pid=14 [CR-RERUN-20260927] RTPS_RX_QUEUE result=ok local_port=7411 peer_port=62236 bytes=104
[CR-DISCOVERY-PROBE-R29] host_utc=2026-09-28T06:47:07.552+00:00 host_mono_ns=2337046742492581 phase=checkpoint container_pid=14 [CR-RERUN-20260927] RTPS_DATA parse=ok source_prefix=557685218605be0171a49800 reader_id=00000204 writer_id=00000103 sequence=0:9 payload_bytes=48 reader_found=1
[CR-DISCOVERY-PROBE-R29] host_utc=2026-09-28T06:47:07.552+00:00 host_mono_ns=2337046742504013 phase=checkpoint container_pid=14 LOG_DEBUG : 00000012.242 : [MROS2LIB] message get [callback_handler] msg_sn_high: 0 msg_sn_low: 9
[CR-DISCOVERY-PROBE-R29] host_utc=2026-09-28T06:47:07.552+00:00 host_mono_ns=2337046742514713 phase=checkpoint container_pid=14 [CR-RERUN-20260927] RTPS_DATA_DELIVERY result=newChange kind=user sequence=0:9
[CR-DISCOVERY-PROBE-R29] host_utc=2026-09-28T06:47:07.552+00:00 host_mono_ns=2337046742525123 phase=checkpoint container_pid=14 [CR-RERUN-20260927] APP callback topic=/to_stm id=12 payload='Hello from mros2-posix onto Linux: 12'
[CR-DISCOVERY-PROBE-R29] host_utc=2026-09-28T06:47:07.552+00:00 host_mono_ns=2337046742535592 phase=checkpoint container_pid=14 LOG_NOTICE : 00000012.377 : [CR-RERUN-20260927] UDP_RECV result=ok mcp=0xdbebdc fd=7 local_port=7400 bytes=204 peer=172.18.0.5:7400
[CR-DISCOVERY-PROBE-R29] host_utc=2026-09-28T06:47:07.552+00:00 host_mono_ns=2337046742546243 phase=checkpoint container_pid=14 [CR-RERUN-20260927] RTPS_RX peer=172.18.0.5:59420 local_port=7400 bytes=204
[CR-DISCOVERY-PROBE-R29] host_utc=2026-09-28T06:47:07.552+00:00 host_mono_ns=2337046742556502 phase=checkpoint container_pid=14 [CR-RERUN-20260927] RTPS_RX_QUEUE result=ok local_port=7400 peer_port=59420 bytes=204
[CR-DISCOVERY-PROBE-R29] host_utc=2026-09-28T06:47:08.413+00:00 host_mono_ns=2337047603237892 phase=checkpoint container_pid=14 [CR-RERUN-20260927] RTPS_DATA parse=ok source_prefix=557685218605be0171a49800 reader_id=000100c7 writer_id=000100c2 sequence=0:1 payload_bytes=148 reader_found=1
[CR-DISCOVERY-PROBE-R29] host_utc=2026-09-28T06:47:08.413+00:00 host_mono_ns=2337047603290682 phase=checkpoint container_pid=14 [CR-RERUN-20260927] RTPS_DATA_DELIVERY result=newChange kind=user sequence=0:1
[CR-DISCOVERY-PROBE-R29] host_utc=2026-09-28T06:47:08.413+00:00 host_mono_ns=2337047603304648 phase=checkpoint container_pid=14 LOG_NOTICE : 00000013.144 : LOG_NOTICE : 00000013.144 : [CR-RERUN-20260927] UDP_SEND result=ok fd=7 local_port=7400 destination=239.255.0.1:7400 bytes=204 returned=204 errno=0[CR-RERUN-20260927] UDP_RECV result=ok mcp=0xdbebdc fd=7 local_port=7400 bytes=204 peer=172.18.0.3:7400
[CR-DISCOVERY-PROBE-R29] host_utc=2026-09-28T06:47:08.413+00:00 host_mono_ns=2337047603344984 phase=checkpoint container_pid=14 [CR-RERUN-20260927] RTPS_UDP_SEND result=ok source_port=7400 destination=239.255.0.1:7400 bytes=204 lwip_err=0
[CR-DISCOVERY-PROBE-R29] host_utc=2026-09-28T06:47:08.413+00:00 host_mono_ns=2337047603356446 phase=checkpoint container_pid=14 
[CR-DISCOVERY-PROBE-R29] host_utc=2026-09-28T06:47:08.413+00:00 host_mono_ns=2337047603367717 phase=checkpoint container_pid=14 [CR-RERUN-20260927] RTPS_RX peer=172.18.0.3:59420 local_port=7400 bytes=204
[CR-DISCOVERY-PROBE-R29] host_utc=2026-09-28T06:47:08.413+00:00 host_mono_ns=2337047603378387 phase=checkpoint container_pid=14 [CR-RERUN-20260927] RTPS_RX_QUEUE result=ok local_port=7400 peer_port=59420 bytes=204
[CR-DISCOVERY-PROBE-R29] host_utc=2026-09-28T06:47:08.413+00:00 host_mono_ns=2337047603388727 phase=checkpoint container_pid=14 [CR-RERUN-20260927] APP publish_begin topic=/to_linux id=13 payload='Hello from mros2-posix onto Linux: 13'
[CR-DISCOVERY-PROBE-R29] host_utc=2026-09-28T06:47:08.413+00:00 host_mono_ns=2337047603399567 phase=checkpoint container_pid=14 [CR-RERUN-20260927] APP publish_return topic=/to_linux id=13
[CR-DISCOVERY-PROBE-R29] host_utc=2026-09-28T06:47:08.551+00:00 host_mono_ns=2337047741268646 phase=checkpoint container_pid=14 LOG_NOTICE : 00000013.239 : [CR-RERUN-20260927] UDP_SEND result=ok fd=6 local_port=7411 destination=172.18.0.5:7411 bytes=104 returned=104 errno=0
[CR-DISCOVERY-PROBE-R29] host_utc=2026-09-28T06:47:08.551+00:00 host_mono_ns=2337047741305726 phase=checkpoint container_pid=14 [CR-RERUN-20260927] RTPS_UDP_SEND result=ok source_port=7411 destination=172.18.0.5:7411 bytes=104 lwip_err=0
[CR-DISCOVERY-PROBE-R29] host_utc=2026-09-28T06:47:08.551+00:00 host_mono_ns=2337047741319161 phase=checkpoint container_pid=14 LOG_NOTICE : 00000013.240 : [CR-RERUN-20260927] UDP_RECV result=ok mcp=0xdbebf8 fd=6 local_port=7411 bytes=104 peer=172.18.0.5:7411
[CR-DISCOVERY-PROBE-R29] host_utc=2026-09-28T06:47:08.551+00:00 host_mono_ns=2337047741330823 phase=checkpoint container_pid=14 [CR-RERUN-20260927] RTPS_RX peer=172.18.0.5:62236 local_port=7411 bytes=104
[CR-DISCOVERY-PROBE-R29] host_utc=2026-09-28T06:47:08.551+00:00 host_mono_ns=2337047741342275 phase=checkpoint container_pid=14 [CR-RERUN-20260927] RTPS_RX_QUEUE result=ok local_port=7411 peer_port=62236 bytes=104
[CR-DISCOVERY-PROBE-R29] host_utc=2026-09-28T06:47:08.551+00:00 host_mono_ns=2337047741353466 phase=checkpoint container_pid=14 [CR-RERUN-20260927] RTPS_DATA parse=ok source_prefix=557685218605be0171a49800 reader_id=00000204 writer_id=00000103 sequence=0:10 payload_bytes=48 reader_found=1
[CR-DISCOVERY-PROBE-R29] host_utc=2026-09-28T06:47:08.551+00:00 host_mono_ns=2337047741364697 phase=checkpoint container_pid=14 LOG_DEBUG : 00000013.243 : [MROS2LIB] message get [callback_handler] msg_sn_high: 0 msg_sn_low: a
[CR-DISCOVERY-PROBE-R29] host_utc=2026-09-28T06:47:08.551+00:00 host_mono_ns=2337047741375257 phase=checkpoint container_pid=14 [CR-RERUN-20260927] RTPS_DATA_DELIVERY result=newChange kind=user sequence=0:10
[CR-DISCOVERY-PROBE-R29] host_utc=2026-09-28T06:47:08.551+00:00 host_mono_ns=2337047741386128 phase=checkpoint container_pid=14 [CR-RERUN-20260927] APP callback topic=/to_stm id=13 payload='Hello from mros2-posix onto Linux: 13'
[CR-DISCOVERY-PROBE-R29] host_utc=2026-09-28T06:47:08.551+00:00 host_mono_ns=2337047741396788 phase=checkpoint container_pid=14 LOG_NOTICE : 00000013.377 : [CR-RERUN-20260927] UDP_RECV result=ok mcp=0xdbebdc fd=7 local_port=7400 bytes=204 peer=172.18.0.5:7400
[CR-DISCOVERY-PROBE-R29] host_utc=2026-09-28T06:47:09.159+00:00 host_mono_ns=2337048349786136 phase=checkpoint container_pid=14 [CR-RERUN-20260927] RTPS_RX peer=172.18.0.5:59420 local_port=7400 bytes=204
[CR-DISCOVERY-PROBE-R29] host_utc=2026-09-28T06:47:09.159+00:00 host_mono_ns=2337048349823257 phase=checkpoint container_pid=14 [CR-RERUN-20260927] RTPS_RX_QUEUE result=ok local_port=7400 peer_port=59420 bytes=204
[CR-DISCOVERY-PROBE-R29] host_utc=2026-09-28T06:47:09.159+00:00 host_mono_ns=2337048349835710 phase=checkpoint container_pid=14 [CR-RERUN-20260927] RTPS_DATA parse=ok source_prefix=557685218605be0171a49800 reader_id=000100c7 writer_id=000100c2 sequence=0:1 payload_bytes=148 reader_found=1
[CR-DISCOVERY-PROBE-R29] host_utc=2026-09-28T06:47:09.159+00:00 host_mono_ns=2337048349842733 phase=checkpoint container_pid=14 [CR-RERUN-20260927] RTPS_DATA_DELIVERY result=newChange kind=user sequence=0:1
[CR-DISCOVERY-PROBE-R29] host_utc=2026-09-28T06:47:09.159+00:00 host_mono_ns=2337048349848404 phase=checkpoint container_pid=14 LOG_NOTICE : 00000013.984 : [CR-RERUN-20260927] UDP_RECV result=ok mcp=0xdbebdc fd=7 local_port=7400 bytes=280 peer=172.18.0.5:39784
[CR-DISCOVERY-PROBE-R29] host_utc=2026-09-28T06:47:09.159+00:00 host_mono_ns=2337048349854476 phase=checkpoint container_pid=14 [CR-RERUN-20260927] RTPS_RX peer=172.18.0.5:26779 local_port=7400 bytes=280
[CR-DISCOVERY-PROBE-R29] host_utc=2026-09-28T06:47:09.159+00:00 host_mono_ns=2337048349860036 phase=checkpoint container_pid=14 [CR-RERUN-20260927] RTPS_RX_QUEUE result=ok local_port=7400 peer_port=26779 bytes=280
[CR-DISCOVERY-PROBE-R29] host_utc=2026-09-28T06:47:09.159+00:00 host_mono_ns=2337048349865657 phase=checkpoint container_pid=14 [CR-RERUN-20260927] RTPS_DATA parse=ok source_prefix=010fLOG_NOTICE : 00000013.985 : 06[CR-RERUN-20260927] UDP_RECV result=ok mcp=0xdbebdc fd=7 local_port=7400 bytes=204 peer=172.18.0.5:740041
[CR-DISCOVERY-PROBE-R29] host_utc=2026-09-28T06:47:09.159+00:00 host_mono_ns=2337048349871999 phase=checkpoint container_pid=14 1e00ff[CR-RERUN-20260927] RTPS_RX peer=172.18.0.5:59420 local_port=7400 bytes=204
[CR-DISCOVERY-PROBE-R29] host_utc=2026-09-28T06:47:09.159+00:00 host_mono_ns=2337048349877619 phase=checkpoint container_pid=14 ff00[CR-RERUN-20260927] RTPS_RX_QUEUE result=ok local_port=7400 peer_port=59420 bytes=204
[CR-DISCOVERY-PROBE-R29] host_utc=2026-09-28T06:47:09.161+00:00 host_mono_ns=2337048351627717 phase=checkpoint container_pid=14 0000LOG_NOTICE : 00000013.986 : 00[CR-RERUN-20260927] UDP_RECV result=ok mcp=0xdbebdc fd=7 local_port=7400 bytes=280 peer=172.18.0.5:39784 reader_id=00
[CR-DISCOVERY-PROBE-R29] host_utc=2026-09-28T06:47:09.161+00:00 host_mono_ns=2337048351639389 phase=checkpoint container_pid=14 0100c7[CR-RERUN-20260927] RTPS_RX peer=172.18.0.5:26779 local_port=7400 bytes=280
[CR-DISCOVERY-PROBE-R29] host_utc=2026-09-28T06:47:09.161+00:00 host_mono_ns=2337048351645490 phase=checkpoint container_pid=14  writer_id=0001[CR-RERUN-20260927] RTPS_RX_QUEUE result=ok local_port=7400 peer_port=26779 bytes=280
[CR-DISCOVERY-PROBE-R29] host_utc=2026-09-28T06:47:09.161+00:00 host_mono_ns=2337048351651902 phase=checkpoint container_pid=14 00c2 sequence=0:1 payload_bytes=224 reader_found=1
[CR-DISCOVERY-PROBE-R29] host_utc=2026-09-28T06:47:09.161+00:00 host_mono_ns=2337048351657854 phase=checkpoint container_pid=14 [DISCOVERY_PROBE] event=spdp_builtin_capabilities remote_sum=628 locator=172.18.0.5 pub_writer=1 sub_writer=1 pub_reader=1 sub_reader=1
[CR-DISCOVERY-PROBE-R29] host_utc=2026-09-28T06:47:09.161+00:00 host_mono_ns=2337048351663564 phase=checkpoint container_pid=14 [DISCOVERY_PROBE] event=add_reader_proxy_begin writer=sedp_publications proxies_empty=0 next=0:2 history_min=0:1 history_max=0:1 remote_eid=0.0.3:199
[CR-DISCOVERY-PROBE-R29] host_utc=2026-09-28T06:47:09.161+00:00 host_mono_ns=2337048351669185 phase=checkpoint container_pid=14 [DISCOVERY_PROBE] event=add_reader_proxy_end writer=sedp_publications success=1 proxies_empty=0 next=0:2
[CR-DISCOVERY-PROBE-R29] host_utc=2026-09-28T06:47:09.161+00:00 host_mono_ns=2337048351674735 phase=checkpoint container_pid=14 [DISCOVERY_PROBE] event=add_reader_proxy_begin writer=sedp_subscriptions proxies_empty=0 next=0:2 history_min=0:1 history_max=0:1 remote_eid=0.0.4:199
[CR-DISCOVERY-PROBE-R29] host_utc=2026-09-28T06:47:09.161+00:00 host_mono_ns=2337048351684815 phase=checkpoint container_pid=14 [DISCOVERY_PROBE] event=add_reader_proxy_end writer=sedp_subscriptions success=1 proxies_empty=0 next=0:2
[CR-DISCOVERY-PROBE-R29] host_utc=2026-09-28T06:47:09.163+00:00 host_mono_ns=2337048353312601 phase=checkpoint container_pid=14 [CR-RERUN-20260927] RTPS_DATA_DELIVERY result=newChange kind=user sequence=0:1
[CR-DISCOVERY-PROBE-R29] host_utc=2026-09-28T06:47:09.163+00:00 host_mono_ns=2337048353332408 phase=checkpoint container_pid=14 [CR-RERUN-20260927] RTPS_DATA parse=ok source_prefix=557685LOG_NOTICE : 00000013.988 : 21[CR-RERUN-20260927] UDP_RECV result=ok mcp=0xdbebdc fd=7 local_port=7400 bytes=204 peer=172.18.0.3:740086
[CR-DISCOVERY-PROBE-R29] host_utc=2026-09-28T06:47:09.163+00:00 host_mono_ns=2337048353341575 phase=checkpoint container_pid=14 LOG_NOTICE : 00000013.988 : [CR-RERUN-20260927] RTPS_RX peer=172.18.0.3:59420 local_port=7400 bytes=204
[CR-DISCOVERY-PROBE-R29] host_utc=2026-09-28T06:47:09.163+00:00 host_mono_ns=2337048353350071 phase=checkpoint container_pid=14 LOG_NOTICE : 00000013.988 : [CR-RERUN-20260927] RTPS_RX_QUEUE result=ok local_port=7400 peer_port=59420 bytes=204
[CR-DISCOVERY-PROBE-R29] host_utc=2026-09-28T06:47:09.163+00:00 host_mono_ns=2337048353358187 phase=checkpoint container_pid=14 [CR-RERUN-20260927] UDP_SEND result=ok fd=7 local_port=7400 destination=239.255.0.1:7400 bytes=204 returned=204 errno=0LOG_NOTICE : 00000013.989 : 
[CR-DISCOVERY-PROBE-R29] host_utc=2026-09-28T06:47:09.163+00:00 host_mono_ns=2337048353366382 phase=checkpoint container_pid=14 [CR-RERUN-20260927] UDP_RECV result=ok mcp=0xdbec14 fd=11 local_port=7410 bytes=280 peer=172.18.0.5:51729[CR-RERUN-20260927] UDP_RECV result=ok mcp=0xdbebdc fd=7 local_port=7400 bytes=280 peer=172.18.0.5:39784
[CR-DISCOVERY-PROBE-R29] host_utc=2026-09-28T06:47:09.163+00:00 host_mono_ns=2337048353374387 phase=checkpoint container_pid=14 [CR-RERUN-20260927] RTPS_UDP_SEND result=ok source_port=7400 destination=239.255.0.1:7400 bytes=204 lwip_err=0
[CR-DISCOVERY-PROBE-R29] host_utc=2026-09-28T06:47:09.163+00:00 host_mono_ns=2337048353382783 phase=checkpoint container_pid=14 
[CR-DISCOVERY-PROBE-R29] host_utc=2026-09-28T06:47:09.163+00:00 host_mono_ns=2337048353390859 phase=checkpoint container_pid=14 05be[CR-RERUN-20260927] RTPS_RX peer=172.18.0.5:4554 local_port=7410 bytes=280
[CR-DISCOVERY-PROBE-R29] host_utc=2026-09-28T06:47:09.163+00:00 host_mono_ns=2337048353811243 phase=checkpoint container_pid=14 01[CR-RERUN-20260927] RTPS_RX peer=172.18.0.5:26779 local_port=ytes=52
[CR-DISCOVERY-PROBE-R29] host_utc=2026-09-28T06:47:09.163+00:00 host_mono_ns=2337048353840919 phase=checkpoint container_pid=14 [CR-RERUN-20260927] WASI_SOCKET event=sock_recv_from_return wasi_fd=11 wasi_errno=0 bytes=48 source=172.18.0.5:7410
[CR-DISCOVERY-PROBE-R29] host_utc=2026-09-28T06:47:09.163+00:00 host_mono_ns=2337048353851228 phase=checkpoint container_pid=14 [CR-RERUN-20260927] WASI_SOCKET event=sock_recv_from_enter wasi_fd=11 iovecs=1 capacity=65535 flags=0
[CR-DISCOVERY-PROBE-R29] host_utc=2026-09-28T06:47:09.163+00:00 host_mono_ns=2337048353860436 phase=checkpoint container_pid=14 [CR-RERUN-20260927] WASI_SOCKET event=sock_send_to_enter wasi_fd=11 bytes=52 flags=0 destination=172.18.0.5:7410
[CR-DISCOVERY-PROBE-R29] host_utc=2026-09-28T06:47:09.163+00:00 host_mono_ns=2337048353869082 phase=checkpoint container_pid=14 [CR-RERUN-20260927] WASI_SOCKET event=sock_send_to_return wasi_fd=11 wasi_errno=0 bytes=52
[CR-DISCOVERY-PROBE-R29] host_utc=2026-09-28T06:47:09.163+00:00 host_mono_ns=2337048353877378 phase=checkpoint container_pid=14 [CR-RERUN-20260927] WASI_SOCKET event=sock_recv_from_return wasi_fd=11 wasi_errno=0 bytes=48 source=172.18.0.5:7410
[CR-DISCOVERY-PROBE-R29] host_utc=2026-09-28T06:47:09.163+00:00 host_mono_ns=2337048353885533 phase=checkpoint container_pid=14 [CR-RERUN-20260927] WASI_SOCKET event=sock_recv_from_enter wasi_fd=11 iovecs=1 capacity=65535 flags=0
[CR-DISCOVERY-PROBE-R29] host_utc=2026-09-28T06:47:09.163+00:00 host_mono_ns=2337048353893769 phase=checkpoint container_pid=14 [CR-RERUN-20260927] WASI_SOCKET event=sock_send_to_enter wasi_fd=7 bytes=204 flags=0 destination=239.255.0.1:7400
[CR-DISCOVERY-PROBE-R29] host_utc=2026-09-28T06:47:09.163+00:00 host_mono_ns=2337048353920119 phase=checkpoint container_pid=14 [CR-RERUN-20260927] WASI_SOCKET event=sock_recv_from_return wasi_fd=7 wasi_errno=0 bytes=204 source=172.18.0.3:7400
[CR-DISCOVERY-PROBE-R29] host_utc=2026-09-28T06:47:09.163+00:00 host_mono_ns=2337048353928625 phase=checkpoint container_pid=14 [CR-RERUN-20260927] WASI_SOCKET event=sock_send_to_return wasi_fd=7 wasi_errno=0 bytes=204
[CR-DISCOVERY-PROBE-R29] host_utc=2026-09-28T06:47:09.163+00:00 host_mono_ns=2337048353936850 phase=checkpoint container_pid=14 [CR-RERUN-20260927] WASI_SOCKET event=sock_recv_from_enter wasi_fd=7 iovecs=1 capacity=65535 flags=0
[CR-DISCOVERY-PROBE-R29] host_utc=2026-09-28T06:47:09.163+00:00 host_mono_ns=2337048353945156 phase=checkpoint container_pid=14 [CR-RERUN-20260927] WASI_SOCKET event=sock_send_to_enter wasi_fd=6 bytes=104 flags=0 destination=172.18.0.5:7411
[CR-DISCOVERY-PROBE-R29] host_utc=2026-09-28T06:47:09.163+00:00 host_mono_ns=2337048353953251 phase=checkpoint container_pid=14 [CR-RERUN-20260927] WASI_SOCKET event=sock_send_to_return wasi_fd=6 wasi_errno=0 bytes=104
[CR-DISCOVERY-PROBE-R29] host_utc=2026-09-28T06:47:09.163+00:00 host_mono_ns=2337048353961427 phase=checkpoint container_pid=14 [CR-RERUN-20260927] WASI_SOCKET event=sock_recv_from_return wasi_fd=6 wasi_errno=0 bytes=104 source=172.18.0.5:7411
[CR-DISCOVERY-PROBE-R29] host_utc=2026-09-28T06:47:09.163+00:00 host_mono_ns=2337048353969612 phase=checkpoint container_pid=14 [CR-RERUN-20260927] WASI_SOCKET event=sock_recv_from_enter wasi_fd=6 iovecs=1 capacity=65535 flags=0
[CR-DISCOVERY-PROBE-R29] host_utc=2026-09-28T06:47:09.163+00:00 host_mono_ns=2337048353977808 phase=checkpoint container_pid=14 [CR-RERUN-20260927] WASI_SOCKET event=sock_recv_from_return wasi_fd=7 wasi_errno=0 bytes=204 source=172.18.0.5:7400
[CR-DISCOVERY-PROBE-R29] host_utc=2026-09-28T06:47:09.163+00:00 host_mono_ns=2337048353985873 phase=checkpoint container_pid=14 [CR-RERUN-20260927] WASI_SOCKET event=sock_recv_from_enter wasi_fd=7 iovecs=1 capacity=65535 flags=0
[CR-DISCOVERY-PROBE-R29] host_utc=2026-09-28T06:47:09.163+00:00 host_mono_ns=2337048353994109 phase=checkpoint container_pid=14 [CR-RERUN-20260927] WASI_SOCKET event=sock_send_to_enter wasi_fd=7 bytes=204 flags=0 destination=239.255.0.1:7400
[CR-DISCOVERY-PROBE-R29] host_utc=2026-09-28T06:47:09.163+00:00 host_mono_ns=2337048354014166 phase=checkpoint container_pid=14 [CR-RERUN-20260927] WASI_SOCKET event=sock_recv_from_return wasi_fd=7 wasi_errno=0 bytes=204 source=172.18.0.3:7400
[CR-DISCOVERY-PROBE-R29] host_utc=2026-09-28T06:47:09.163+00:00 host_mono_ns=2337048354034304 phase=checkpoint container_pid=14 [CR-RERUN-20260927] WASI_SOCKET event=sock_send_to_return wasi_fd=7 wasi_errno=0 bytes=204
[CR-DISCOVERY-PROBE-R29] host_utc=2026-09-28T06:47:09.163+00:00 host_mono_ns=2337048354042660 phase=checkpoint container_pid=14 [CR-RERUN-20260927] WASI_SOCKET event=sock_recv_from_enter wasi_fd=7 iovecs=1 capacity=65535 flags=0
[CR-DISCOVERY-PROBE-R29] host_utc=2026-09-28T06:47:09.163+00:00 host_mono_ns=2337048354050876 phase=checkpoint container_pid=14 [CR-RERUN-20260927] WASI_SOCKET event=sock_send_to_enter wasi_fd=6 bytes=104 flags=0 destination=172.18.0.5:7411
[CR-DISCOVERY-PROBE-R29] host_utc=2026-09-28T06:47:09.163+00:00 host_mono_ns=2337048354059021 phase=checkpoint container_pid=14 [CR-RERUN-20260927] WASI_SOCKET event=sock_send_to_return wasi_fd=6 wasi_errno=0 bytes=104
[CR-DISCOVERY-PROBE-R29] host_utc=2026-09-28T06:47:09.163+00:00 host_mono_ns=2337048354067116 phase=checkpoint container_pid=14 [CR-RERUN-20260927] WASI_SOCKET event=sock_recv_from_return wasi_fd=6 wasi_errno=0 bytes=104 source=172.18.0.5:7411
[CR-DISCOVERY-PROBE-R29] host_utc=2026-09-28T06:47:09.163+00:00 host_mono_ns=2337048354075232 phase=checkpoint container_pid=14 [CR-RERUN-20260927] WASI_SOCKET event=sock_recv_from_enter wasi_fd=6 iovecs=1 capacity=65535 flags=0
[CR-DISCOVERY-PROBE-R29] host_utc=2026-09-28T06:47:09.163+00:00 host_mono_ns=2337048354091853 phase=checkpoint container_pid=14 [CR-RERUN-20260927] WASI_SOCKET event=sock_recv_from_return wasi_fd=7 wasi_errno=0 bytes=204 source=172.18.0.5:7400
[CR-DISCOVERY-PROBE-R29] host_utc=2026-09-28T06:47:09.163+00:00 host_mono_ns=2337048354104187 phase=checkpoint container_pid=14 [CR-RERUN-20260927] WASI_SOCKET event=sock_recv_from_enter wasi_fd=7 iovecs=1 capacity=65535 flags=0
[CR-DISCOVERY-PROBE-R29] host_utc=2026-09-28T06:47:09.163+00:00 host_mono_ns=2337048354112502 phase=checkpoint container_pid=14 [CR-RERUN-20260927] WASI_SOCKET event=sock_recv_from_return wasi_fd=7 wasi_errno=0 bytes=280 source=172.18.0.5:39784
[CR-DISCOVERY-PROBE-R29] host_utc=2026-09-28T06:47:09.163+00:00 host_mono_ns=2337048354120598 phase=checkpoint container_pid=14 [CR-RERUN-20260927] WASI_SOCKET event=sock_recv_from_enter wasi_fd=7 iovecs=1 capacity=65535 flags=0
[CR-DISCOVERY-PROBE-R29] host_utc=2026-09-28T06:47:09.163+00:00 host_mono_ns=2337048354128753 phase=checkpoint container_pid=14 [CR-RERUN-20260927] WASI_SOCKET event=sock_recv_from_return wasi_fd=7 wasi_errno=0 bytes=204 source=172.18.0.5:7400
[CR-DISCOVERY-PROBE-R29] host_utc=2026-09-28T06:47:09.163+00:00 host_mono_ns=2337048354136888 phase=checkpoint container_pid=14 [CR-RERUN-20260927] WASI_SOCKET event=sock_recv_from_enter wasi_fd=7 iovecs=1 capacity=65535 flags=0
[CR-DISCOVERY-PROBE-R29] host_utc=2026-09-28T06:47:09.163+00:00 host_mono_ns=2337048354145094 phase=checkpoint container_pid=14 [CR-RERUN-20260927] WASI_SOCKET event=sock_recv_from_return wasi_fd=7 wasi_errno=0 bytes=280 source=172.18.0.5:39784
[CR-DISCOVERY-PROBE-R29] host_utc=2026-09-28T06:47:09.163+00:00 host_mono_ns=2337048354153289 phase=checkpoint container_pid=14 [CR-RERUN-20260927] WASI_SOCKET event=sock_recv_from_enter wasi_fd=7 iovecs=1 capacity=65535 flags=0
[CR-DISCOVERY-PROBE-R29] host_utc=2026-09-28T06:47:09.163+00:00 host_mono_ns=2337048354161435 phase=checkpoint container_pid=14 [CR-RERUN-20260927] WASI_SOCKET event=sock_send_to_enter wasi_fd=7 bytes=204 flags=0 destination=239.255.0.1:7400
[CR-DISCOVERY-PROBE-R29] host_utc=2026-09-28T06:47:09.164+00:00 host_mono_ns=2337048354169510 phase=checkpoint container_pid=14 [CR-RERUN-20260927] WASI_SOCKET event=sock_recv_from_return wasi_fd=7 wasi_errno=0 bytes=204 source=172.18.0.3:7400
[CR-DISCOVERY-PROBE-R29] host_utc=2026-09-28T06:47:09.164+00:00 host_mono_ns=2337048354177625 phase=checkpoint container_pid=14 [CR-RERUN-20260927] WASI_SOCKET event=sock_send_to_return wasi_fd=7 wasi_errno=0 bytes=204
[CR-DISCOVERY-PROBE-R29] host_utc=2026-09-28T06:47:09.164+00:00 host_mono_ns=2337048354185721 phase=checkpoint container_pid=14 [CR-RERUN-20260927] WASI_SOCKET event=sock_recv_from_return wasi_fd=11 wasi_errno=0 bytes=280 source=172.18.0.5:51729
[CR-DISCOVERY-PROBE-R29] host_utc=2026-09-28T06:47:09.164+00:00 host_mono_ns=2337048354194006 phase=checkpoint container_pid=14 [CR-RERUN-20260927] WASI_SOCKET event=sock_recv_from_enter wasi_fd=7 iovecs=1 capacity=65535 flags=0
[CR-DISCOVERY-PROBE-R29] host_utc=2026-09-28T06:47:09.164+00:00 host_mono_ns=2337048354202192 phase=checkpoint container_pid=14 [CR-RERUN-20260927] WASI_SOCKET event=sock_recv_from_return wasi_fd=7 wasi_errno=0 bytes=280 source=172.18.0.5:39784
[CR-DISCOVERY-PROBE-R29] host_utc=2026-09-28T06:47:09.166+00:00 host_mono_ns=2337048356660587 phase=checkpoint container_pid=14 [CR-RERUN-202609277400 bytes=280
[CR-DISCOVERY-PROBE-R29] host_utc=2026-09-28T06:47:09.166+00:00 host_mono_ns=2337048356676237 phase=checkpoint container_pid=14 [CR-RERUN-20260927] RTPS_RX_QUEUE result=ok local_port=7410 peer_port=4554 bytes=280
[CR-DISCOVERY-PROBE-R29] host_utc=2026-09-28T06:47:09.166+00:00 host_mono_ns=2337048356684733 phase=checkpoint container_pid=14 [CR-RERUN-20260927] RTPS_RX_QUEUE result=ok local_port=7400 peer_port=26779 bytes=280
[CR-DISCOVERY-PROBE-R29] host_utc=2026-09-28T06:47:09.166+00:00 host_mono_ns=2337048356693289 phase=checkpoint container_pid=14 71LOG_NOTICE : 00000013.990 : a4[CR-RERUN-20260927] UDP_RECV result=ok mcp=0xdbec14 fd=11 local_port=7410 bytes=68 peer=172.18.0.5:5172998
[CR-DISCOVERY-PROBE-R29] host_utc=2026-09-28T06:47:09.166+00:00 host_mono_ns=2337048356712476 phase=checkpoint container_pid=14 00 reader_id=0001[CR-RERUN-20260927] RTPS_RX peer=172.18.0.5:4554 local_port=7410 bytes=68
[CR-DISCOVERY-PROBE-R29] host_utc=2026-09-28T06:47:09.166+00:00 host_mono_ns=2337048356720972 phase=checkpoint container_pid=14 00c7[CR-RERUN-20260927] RTPS_RX_QUEUE result=ok local_port=7410 peer_port=4554 bytes=68
[CR-DISCOVERY-PROBE-R29] host_utc=2026-09-28T06:47:09.166+00:00 host_mono_ns=2337048356729217 phase=checkpoint container_pid=14  writer_id=0001LOG_NOTICE : 00000013.991 : 00[CR-RERUN-20260927] UDP_RECV result=ok mcp=0xdbec14 fd=11 local_port=7410 bytes=68 peer=172.18.0.5:51729c2
[CR-DISCOVERY-PROBE-R29] host_utc=2026-09-28T06:47:09.166+00:00 host_mono_ns=2337048356738034 phase=checkpoint container_pid=14  sequence=0:1 payload_bytes=148 reader_found=1
[CR-DISCOVERY-PROBE-R29] host_utc=2026-09-28T06:47:09.166+00:00 host_mono_ns=2337048356746360 phase=checkpoint container_pid=14 [CR-RERUN-20260927] RTPS_RX peer=172.18.0.5:4554 local_port=7410 bytes=68
[CR-DISCOVERY-PROBE-R29] host_utc=2026-09-28T06:47:09.166+00:00 host_mono_ns=2337048356754715 phase=checkpoint container_pid=14 [CR-RERUN-20260927] RTPS_RX_QUEUE result=ok local_port=7410 peer_port=4554 bytes=68
[CR-DISCOVERY-PROBE-R29] host_utc=2026-09-28T06:47:09.166+00:00 host_mono_ns=2337048356762841 phase=checkpoint container_pid=14 [CR-RERUN-20260927] RTPS_DATA_DELIVERY result=newChange kind=user sequence=0:1
[CR-DISCOVERY-PROBE-R29] host_utc=2026-09-28T06:47:09.170+00:00 host_mono_ns=2337048361126787 phase=checkpoint container_pid=14 [CR-RERUN-20260927] RTPS_DATA parse=ok source_prefix=010f06411e00ffff00000000 reader_id=000100c7 writer_id=000100c2 sequence=0:1 payload_bytes=224 reader_found=1
[CR-DISCOVERY-PROBE-R29] host_utc=2026-09-28T06:47:09.170+00:00 host_mono_ns=2337048361142427 phase=checkpoint container_pid=14 [CR-RERUN-20260927] RTPS_DATA_DELIVERY result=newChange kind=user sequence=0:1
[CR-DISCOVERY-PROBE-R29] host_utc=2026-09-28T06:47:09.170+00:00 host_mono_ns=2337048361150943 phase=checkpoint container_pid=14 LOG_NOTICE : 00000013.994 : LOG_NOTICE : 00000013.994 : [CR-RERUN-20260927] UDP_RECV result=ok mcp=0xdbebdc fd=7 local_port=7400 bytes=204 peer=172.18.0.3:7400[CR-RERUN-20260927] UDP_SEND result=ok fd=7 local_port=7400 destination=239.255.0.1:7400 bytes=204 returned=204 errno=0
[CR-DISCOVERY-PROBE-R29] host_utc=2026-09-28T06:47:09.170+00:00 host_mono_ns=2337048361160050 phase=checkpoint container_pid=14 [CR-RERUN-20260927] RTPS_DATA parse=ok source_prefix=01
[CR-DISCOVERY-PROBE-R29] host_utc=2026-09-28T06:47:09.171+00:00 host_mono_ns=2337048361168296 phase=checkpoint container_pid=14 0f[CR-RERUN-20260927] RTPS_RX peer=239.255.0.1:59420 local_port=7400 bytes=204
[CR-DISCOVERY-PROBE-R29] host_utc=2026-09-28T06:47:09.171+00:00 host_mono_ns=2337048361176572 phase=checkpoint container_pid=14 06[CR-RERUN-20260927] RTPS_UDP_SEND result=ok source_port=7400 destination=239.255.0.1:7400 bytes=204 lwip_err=0
[CR-DISCOVERY-PROBE-R29] host_utc=2026-09-28T06:47:09.171+00:00 host_mono_ns=2337048361184757 phase=checkpoint container_pid=14 41[CR-RERUN-20260927] RTPS_RX_QUEUE result=ok local_port=7400 peer_port=59420 bytes=204
[CR-DISCOVERY-PROBE-R29] host_utc=2026-09-28T06:47:09.171+00:00 host_mono_ns=2337048361192912 phase=checkpoint container_pid=14 1e00ffff00000000 reader_id=000100c7 writer_id=000100c2 sequence=0:1 payload_bytes=224 reader_found=1
[CR-DISCOVERY-PROBE-R29] host_utc=2026-09-28T06:47:09.171+00:00 host_mono_ns=2337048361201138 phase=checkpoint container_pid=14 [CR-RERUN-20260927] RTPS_DATA_DELIVERY result=newChange kind=user sequence=0:1
[CR-DISCOVERY-PROBE-R29] host_utc=2026-09-28T06:47:09.233+00:00 host_mono_ns=2337048423428061 phase=checkpoint container_pid=14 [CR-RERUN-20260927] RTPS_DATA parse=ok source_prefix=010f06411e00ffff00000000 reader_id=000100c7 writer_id=000100c2 sequence=0:1 payload_bytes=224 reader_found=1
[CR-DISCOVERY-PROBE-R29] host_utc=2026-09-28T06:47:09.233+00:00 host_mono_ns=2337048423470021 phase=checkpoint container_pid=14 [CR-RERUN-20260927] RTPS_DATA_DELIVERY result=newChange kind=user sequence=0:1
[CR-DISCOVERY-PROBE-R29] host_utc=2026-09-28T06:47:09.233+00:00 host_mono_ns=2337048423488385 phase=checkpoint container_pid=14 LOG_NOTICE : 00000014.005 : [CR-RERUN-20260927] UDP_RECV result=ok mcp=0xdbec14 fd=11 local_port=7410 bytes=464 peer=172.18.0.5:51729
[CR-DISCOVERY-PROBE-R29] host_utc=2026-09-28T06:47:09.233+00:00 host_mono_ns=2337048423499577 phase=checkpoint container_pid=14 [CR-RERUN-20260927] RTPS_RX peer=172.18.0.5:4554 local_port=7410 bytes=464
[CR-DISCOVERY-PROBE-R29] host_utc=2026-09-28T06:47:09.233+00:00 host_mono_ns=2337048423510127 phase=checkpoint container_pid=14 [CR-RERUN-20260927] RTPS_RX_QUEUE result=ok local_port=7410 peer_port=4554 bytes=464
[CR-DISCOVERY-PROBE-R29] host_utc=2026-09-28T06:47:09.233+00:00 host_mono_ns=2337048423520666 phase=checkpoint container_pid=14 [CR-RERUN-20260927] RTPS_DATA parse=ok source_prefix=010f06411e00ffff00000000 reader_id=000003c7 writer_id=000003c2 sequence=0:3 payload_bytes=408 reader_found=1
[CR-DISCOVERY-PROBE-R29] host_utc=2026-09-28T06:47:09.233+00:00 host_mono_ns=2337048423531417 phase=checkpoint container_pid=14 [CR-RERUN-20260927] RTPS_DATA_DELIVERY result=newChange kind=user sequence=0:3
[CR-DISCOVERY-PROBE-R29] host_utc=2026-09-28T06:47:09.233+00:00 host_mono_ns=2337048423541846 phase=checkpoint container_pid=14 LOG_NOTICE : 00000014.058 : [CR-RERUN-20260927] UDP_RECV result=ok mcp=0xdbec14 fd=11 local_port=7410 bytes=64 peer=172.18.0.5:51729
[CR-DISCOVERY-PROBE-R29] host_utc=2026-09-28T06:47:09.233+00:00 host_mono_ns=2337048423552336 phase=checkpoint container_pid=14 [CR-RERUN-20260927] RTPS_RX peer=172.18.0.5:4554 local_port=7410 bytes=64
[CR-DISCOVERY-PROBE-R29] host_utc=2026-09-28T06:47:09.233+00:00 host_mono_ns=2337048423562546 phase=checkpoint container_pid=14 [CR-RERUN-20260927] RTPS_RX_QUEUE result=ok local_port=7410 peer_port=4554 bytes=64
[CR-DISCOVERY-PROBE-R29] host_utc=2026-09-28T06:47:09.262+00:00 host_mono_ns=2337048452665373 phase=checkpoint container_pid=14 LOG_NOTICE : 00000014.059 : [CR-RERUN-20260927] UDP_RECV result=ok mcp=0xdbec14 fd=11 local_port=7410 bytes=64 peer=172.18.0.5:51729
[CR-DISCOVERY-PROBE-R29] host_utc=2026-09-28T06:47:09.262+00:00 host_mono_ns=2337048452695089 phase=checkpoint container_pid=14 [CR-RERUN-20260927] RTPS_RX peer=172.18.0.5:4554 local_port=7410 bytes=64
[CR-DISCOVERY-PROBE-R29] host_utc=2026-09-28T06:47:09.262+00:00 host_mono_ns=2337048452707422 phase=checkpoint container_pid=14 [CR-RERUN-20260927] RTPS_RX_QUEUE result=ok local_port=7410 peer_port=4554 bytes=64
[CR-DISCOVERY-PROBE-R29] host_utc=2026-09-28T06:47:09.262+00:00 host_mono_ns=2337048452718152 phase=checkpoint container_pid=14 LOG_NOTICE : 00000014.084 : LOG_NOTICE : 00000014.084 : [CR-RERUN-20260927] UDP_RECV result=ok mcp=0xdbec14 fd=11 local_port=7410 bytes=280 peer=172.18.0.5:51729[CR-RERUN-20260927] UDP_RECV result=ok mcp=0xdbebdc fd=7 local_port=7400 bytes=280 peer=172.18.0.5:39784
[CR-DISCOVERY-PROBE-R29] host_utc=2026-09-28T06:47:09.262+00:00 host_mono_ns=2337048452729324 phase=checkpoint container_pid=14 
[CR-DISCOVERY-PROBE-R29] host_utc=2026-09-28T06:47:09.262+00:00 host_mono_ns=2337048452740104 phase=checkpoint container_pid=14 [CR-RERUN-20260927] RTPS_RX peer=172.18.0.5:4554 local_port=7410 bytes=280
[CR-DISCOVERY-PROBE-R29] host_utc=2026-09-28T06:47:09.262+00:00 host_mono_ns=2337048452750604 phase=checkpoint container_pid=14 [CR-RERUN-20260927] RTPS_RX peer=172.18.0.5:26779 local_port=7400 bytes=280
[CR-DISCOVERY-PROBE-R29] host_utc=2026-09-28T06:47:09.262+00:00 host_mono_ns=2337048452760903 phase=checkpoint container_pid=14 [CR-RERUN-20260927] RTPS_RX_QUEUE result=ok local_port=7410 peer_port=4554 bytes=280
[CR-DISCOVERY-PROBE-R29] host_utc=2026-09-28T06:47:09.262+00:00 host_mono_ns=2337048452771333 phase=checkpoint container_pid=14 [CR-RERUN-20260927] RTPS_RX_QUEUE result=ok local_port=7400 peer_port=26779 bytes=280
[CR-DISCOVERY-PROBE-R29] host_utc=2026-09-28T06:47:09.262+00:00 host_mono_ns=2337048452792022 phase=checkpoint container_pid=14 [CR-RERUN-20260927] RTPS_DATA parse=ok source_prefix=010f06411e00ffff00000000 reader_id=000100c7 writer_id=000100c2 sequence=0:1 payload_bytes=224 reader_found=1
[CR-DISCOVERY-PROBE-R29] host_utc=2026-09-28T06:47:09.358+00:00 host_mono_ns=2337048548319115 phase=checkpoint container_pid=14 [CR-RERUN-20260927] RTPS_DATA_DELIVERY result=newChange kind=user sequence=0:1
[CR-DISCOVERY-PROBE-R29] host_utc=2026-09-28T06:47:09.358+00:00 host_mono_ns=2337048548365062 phase=checkpoint container_pid=14 [CR-RERUN-20260927] RTPS_DATA parse=ok source_prefix=010f06411e00ffff00000000 reader_id=000100c7 writer_id=000100c2 sequence=0:1 payload_bytes=224 reader_found=1
[CR-DISCOVERY-PROBE-R29] host_utc=2026-09-28T06:47:09.358+00:00 host_mono_ns=2337048548383898 phase=checkpoint container_pid=14 [CR-RERUN-20260927] RTPS_DATA_DELIVERY result=newChange kind=user sequence=0:1
[CR-DISCOVERY-PROBE-R29] host_utc=2026-09-28T06:47:09.358+00:00 host_mono_ns=2337048548400419 phase=checkpoint container_pid=14 LOG_NOTICE : 00000014.144 : LOG_NOTICE : 00000014.144 : [CR-RERUN-20260927] UDP_RECV result=ok mcp=0xdbebdc fd=7 local_port=7400 bytes=204 peer=172.18.0.3:7400[CR-RERUN-20260927] UDP_SEND result=ok fd=7 local_port=7400 destination=239.255.0.1:7400 bytes=204 returned=204 errno=0
[CR-DISCOVERY-PROBE-R29] host_utc=2026-09-28T06:47:09.358+00:00 host_mono_ns=2337048548418593 phase=checkpoint container_pid=14 
[CR-DISCOVERY-PROBE-R29] host_utc=2026-09-28T06:47:09.358+00:00 host_mono_ns=2337048548436658 phase=checkpoint container_pid=14 [CR-RERUN-20260927] RTPS_UDP_SEND result=ok source_port=7400 destination=172.18.0.3:7400 bytes=204 lwip_err=0
[CR-DISCOVERY-PROBE-R29] host_utc=2026-09-28T06:47:09.358+00:00 host_mono_ns=2337048548454672 phase=checkpoint container_pid=14 [CR-RERUN-20260927] RTPS_RX peer=172.18.0.3:59420 local_port=7400 bytes=204
[CR-DISCOVERY-PROBE-R29] host_utc=2026-09-28T06:47:09.358+00:00 host_mono_ns=2337048548470822 phase=checkpoint container_pid=14 [CR-RERUN-20260927] RTPS_RX_QUEUE result=ok local_port=7400 peer_port=59420 bytes=204
[CR-DISCOVERY-PROBE-R29] host_utc=2026-09-28T06:47:09.372+00:00 host_mono_ns=2337048562991392 phase=checkpoint container_pid=14 LOG_NOTICE : 00000014.184 : LOG_NOTICE : 00000014.184 : [CR-RERUN-20260927] UDP_RECV result=ok mcp=0xdbec14 fd=11 local_port=7410 bytes=280 peer=172.18.0.5:51729[CR-RERUN-20260927] UDP_RECV result=ok mcp=0xdbebdc fd=7 local_port=7400 bytes=280 peer=172.18.0.5:39784
[CR-DISCOVERY-PROBE-R29] host_utc=2026-09-28T06:47:09.372+00:00 host_mono_ns=2337048563033863 phase=checkpoint container_pid=14 
[CR-DISCOVERY-PROBE-R29] host_utc=2026-09-28T06:47:09.372+00:00 host_mono_ns=2337048563047989 phase=checkpoint container_pid=14 [CR-RERUN-20260927] RTPS_RX peer=172.18.0.5:4554 local_port=7410 bytes=280
[CR-DISCOVERY-PROBE-R29] host_utc=2026-09-28T06:47:09.372+00:00 host_mono_ns=2337048563059050 phase=checkpoint container_pid=14 [CR-RERUN-20260927] RTPS_RX peer=172.18.0.5:26779 local_port=7400 bytes=280
[CR-DISCOVERY-PROBE-R29] host_utc=2026-09-28T06:47:09.372+00:00 host_mono_ns=2337048563069570 phase=checkpoint container_pid=14 [CR-RERUN-20260927] RTPS_RX_QUEUE result=ok local_port=7410 peer_port=4554 bytes=280
[CR-DISCOVERY-PROBE-R29] host_utc=2026-09-28T06:47:09.372+00:00 host_mono_ns=2337048563080250 phase=checkpoint container_pid=14 [CR-RERUN-20260927] RTPS_RX_QUEUE result=ok local_port=7400 peer_port=26779 bytes=280
[CR-DISCOVERY-PROBE-R29] host_utc=2026-09-28T06:47:09.372+00:00 host_mono_ns=2337048563090991 phase=checkpoint container_pid=14 [CR-RERUN-20260927] RTPS_DATA parse=ok source_prefix=010f06411e00ffff00000000 reader_id=000100c7 writer_id=000100c2 sequence=0:1 payload_bytes=224 reader_found=1
[CR-DISCOVERY-PROBE-R29] host_utc=2026-09-28T06:47:09.372+00:00 host_mono_ns=2337048563102082 phase=checkpoint container_pid=14 [CR-RERUN-20260927] RTPS_DATA_DELIVERY result=newChange kind=user sequence=0:1
[CR-DISCOVERY-PROBE-R29] host_utc=2026-09-28T06:47:09.372+00:00 host_mono_ns=2337048563112491 phase=checkpoint container_pid=14 [CR-RERUN-20260927] RTPS_DATA parse=ok source_prefix=010f06411e00ffff00000000 reader_id=000100c7 writer_id=000100c2 sequence=0:1 payload_bytes=224 reader_found=1
[CR-DISCOVERY-PROBE-R29] host_utc=2026-09-28T06:47:09.372+00:00 host_mono_ns=2337048563137909 phase=checkpoint container_pid=14 [CR-RERUN-20260927] RTPS_DATA_DELIVERY result=newChange kind=user sequence=0:1
[CR-DISCOVERY-PROBE-R29] host_utc=2026-09-28T06:47:09.372+00:00 host_mono_ns=2337048563148529 phase=checkpoint container_pid=14 LOG_NOTICE : 00000014.198 : [CR-RERUN-20260927] UDP_RECV result=ok mcp=0xdbec14 fd=11 local_port=7410 bytes=64 peer=172.18.0.5:51729
[CR-DISCOVERY-PROBE-R29] host_utc=2026-09-28T06:47:09.414+00:00 host_mono_ns=2337048604705422 phase=checkpoint container_pid=14 [CR-RERUN-20260927] RTPS_RX peer=172.18.0.5:4554 local_port=7410 bytes=64
[CR-DISCOVERY-PROBE-R29] host_utc=2026-09-28T06:47:09.414+00:00 host_mono_ns=2337048604746098 phase=checkpoint container_pid=14 [CR-RERUN-20260927] RTPS_RX_QUEUE result=ok local_port=7410 peer_port=4554 bytes=64
[CR-DISCOVERY-PROBE-R29] host_utc=2026-09-28T06:47:09.414+00:00 host_mono_ns=2337048604758732 phase=checkpoint container_pid=14 LOG_NOTICE : 00000014.199 : [CR-RERUN-20260927] UDP_RECV result=ok mcp=0xdbec14 fd=11 local_port=7410 bytes=64 peer=172.18.0.5:51729
[CR-DISCOVERY-PROBE-R29] host_utc=2026-09-28T06:47:09.414+00:00 host_mono_ns=2337048604770274 phase=checkpoint container_pid=14 [CR-RERUN-20260927] RTPS_RX peer=172.18.0.5:4554 local_port=7410 bytes=64
[CR-DISCOVERY-PROBE-R29] host_utc=2026-09-28T06:47:09.414+00:00 host_mono_ns=2337048604780824 phase=checkpoint container_pid=14 [CR-RERUN-20260927] RTPS_RX_QUEUE result=ok local_port=7410 peer_port=4554 bytes=64
[CR-DISCOVERY-PROBE-R29] host_utc=2026-09-28T06:47:09.414+00:00 host_mono_ns=2337048604791685 phase=checkpoint container_pid=14 [CR-RERUN-20260927] APP publish_begin topic=/to_linux id=14 payload='Hello from mros2-posix onto Linux: 14'
[CR-DISCOVERY-PROBE-R29] host_utc=2026-09-28T06:47:09.414+00:00 host_mono_ns=2337048604802896 phase=checkpoint container_pid=14 [CR-RERUN-20260927] APP publish_return topic=/to_linux id=14
[CR-DISCOVERY-PROBE-R29] host_utc=2026-09-28T06:47:09.414+00:00 host_mono_ns=2337048604814247 phase=checkpoint container_pid=14 LOG_NOTICE : 00000014.240 : [CR-RERUN-20260927] UDP_SEND result=ok fd=6 local_port=7411 destination=172.18.0.5:7411 bytes=104 returned=104 errno=0
[CR-DISCOVERY-PROBE-R29] host_utc=2026-09-28T06:47:09.414+00:00 host_mono_ns=2337048604825599 phase=checkpoint container_pid=14 LOG_NOTICE : 00000014.240 : [CR-RERUN-20260927] RTPS_UDP_SEND result=ok source_port=7411 destination=172.18.0.5:7411 bytes=104 lwip_err=0
[CR-DISCOVERY-PROBE-R29] host_utc=2026-09-28T06:47:09.414+00:00 host_mono_ns=2337048604836339 phase=checkpoint container_pid=14 [CR-RERUN-20260927] UDP_RECV result=ok mcp=0xdbebf8 fd=6 local_port=7411 bytes=104 peer=172.18.0.5:7411
[CR-DISCOVERY-PROBE-R29] host_utc=2026-09-28T06:47:09.414+00:00 host_mono_ns=2337048604846959 phase=checkpoint container_pid=14 [CR-RERUN-20260927] RTPS_RX peer=172.18.0.5:62236 local_port=7411 bytes=104
[CR-DISCOVERY-PROBE-R29] host_utc=2026-09-28T06:47:09.459+00:00 host_mono_ns=2337048649219412 phase=checkpoint container_pid=14 [CR-RERUN-20260927] RTPS_RX_QUEUE result=ok local_port=7411 peer_port=62236 bytes=104
[CR-DISCOVERY-PROBE-R29] host_utc=2026-09-28T06:47:09.459+00:00 host_mono_ns=2337048649256683 phase=checkpoint container_pid=14 [CR-RERUN-20260927] RTPS_DATA parse=ok source_prefix=557685218605be0171a49800 reader_id=00000204 writer_id=00000103 sequence=0:11 payload_bytes=48 reader_found=1
[CR-DISCOVERY-PROBE-R29] host_utc=2026-09-28T06:47:09.459+00:00 host_mono_ns=2337048649272523 phase=checkpoint container_pid=14 LOG_DEBUG : 00000014.243 : [MROS2LIB] message get [callback_handler] msg_sn_high: 0 msg_sn_low: b
[CR-DISCOVERY-PROBE-R29] host_utc=2026-09-28T06:47:09.459+00:00 host_mono_ns=2337048649285788 phase=checkpoint container_pid=14 [CR-RERUN-20260927] RTPS_DATA_DELIVERY result=newChange kind=user sequence=0:11
[CR-DISCOVERY-PROBE-R29] host_utc=2026-09-28T06:47:09.459+00:00 host_mono_ns=2337048649316225 phase=checkpoint container_pid=14 [CR-RERUN-20260927] APP callback topic=/to_stm id=14 payload='Hello from mros2-posix onto Linux: 14'
[CR-DISCOVERY-PROBE-R29] host_utc=2026-09-28T06:47:09.459+00:00 host_mono_ns=2337048649335913 phase=checkpoint container_pid=14 LOG_NOTICE : 00000014.284 : LOG_NOTICE : 00000014.284 : [CR-RERUN-20260927] UDP_RECV result=ok mcp=0xdbec14 fd=11 local_port=7410 bytes=280 peer=172.18.0.5:51729[CR-RERUN-20260927] UDP_RECV result=ok mcp=0xdbebdc fd=7 local_port=7400 bytes=280 peer=172.18.0.5:39784
[CR-DISCOVERY-PROBE-R29] host_utc=2026-09-28T06:47:09.459+00:00 host_mono_ns=2337048649349709 phase=checkpoint container_pid=14 
[CR-DISCOVERY-PROBE-R29] host_utc=2026-09-28T06:47:09.459+00:00 host_mono_ns=2337048649362393 phase=checkpoint container_pid=14 [CR-RERUN-20260927] RTPS_RX peer=172.18.0.5:4554 local_port=7410 bytes=280
[CR-DISCOVERY-PROBE-R29] host_utc=2026-09-28T06:47:09.459+00:00 host_mono_ns=2337048649375577 phase=checkpoint container_pid=14 [CR-RERUN-20260927] RTPS_RX peer=172.18.0.5:26779 local_port=7400 bytes=280
[CR-DISCOVERY-PROBE-R29] host_utc=2026-09-28T06:47:09.459+00:00 host_mono_ns=2337048649387991 phase=checkpoint container_pid=14 [CR-RERUN-20260927] RTPS_RX_QUEUE result=ok local_port=7410 peer_port=4554 bytes=] WASI_SOCKET event=sock_recv_from_enter wasi_fd=11 iovecs=1 capacity=65535 flags=0
[CR-DISCOVERY-PROBE-R29] host_utc=2026-09-28T06:47:09.459+00:00 host_mono_ns=2337048649400525 phase=checkpoint container_pid=14 [CR-RERUN-20260927] WASI_SOCKET event=sock_recv_from_return wasi_fd=11 wasi_errno=0 bytes=68 source=172.18.0.5:51729
[CR-DISCOVERY-PROBE-R29] host_utc=2026-09-28T06:47:09.459+00:00 host_mono_ns=2337048649413098 phase=checkpoint container_pid=14 [CR-RERUN-20260927] WASI_SOCKET event=sock_recv_from_enter wasi_fd=7 iovecs=1 capacity=65535 flags=0
[CR-DISCOVERY-PROBE-R29] host_utc=2026-09-28T06:47:09.459+00:00 host_mono_ns=2337048649425492 phase=checkpoint container_pid=14 [CR-RERUN-20260927] WASI_SOCKET event=sock_recv_from_enter wasi_fd=11 iovecs=1 capacity=65535 flags=0
[CR-DISCOVERY-PROBE-R29] host_utc=2026-09-28T06:47:09.459+00:00 host_mono_ns=2337048649437995 phase=checkpoint container_pid=14 [CR-RERUN-20260927] WASI_SOCKET event=sock_recv_from_return wasi_fd=11 wasi_errno=0 bytes=68 source=172.18.0.5:51729
[CR-DISCOVERY-PROBE-R29] host_utc=2026-09-28T06:47:09.459+00:00 host_mono_ns=2337048649450188 phase=checkpoint container_pid=14 [CR-RERUN-20260927] WASI_SOCKET event=sock_recv_from_enter wasi_fd=11 iovecs=1 capacity=65535 flags=0
[CR-DISCOVERY-PROBE-R29] host_utc=2026-09-28T06:47:09.459+00:00 host_mono_ns=2337048649462301 phase=checkpoint container_pid=14 [CR-RERUN-20260927] WASI_SOCKET event=sock_send_to_enter wasi_fd=7 bytes=204 flags=0 destination=239.255.0.1:7400
[CR-DISCOVERY-PROBE-R29] host_utc=2026-09-28T06:47:09.459+00:00 host_mono_ns=2337048649474474 phase=checkpoint container_pid=14 [CR-RERUN-20260927] WASI_SOCKET event=sock_recv_from_return wasi_fd=7 wasi_errno=0 bytes=204 source=172.18.0.3:7400
[CR-DISCOVERY-PROBE-R29] host_utc=2026-09-28T06:47:09.459+00:00 host_mono_ns=2337048649486798 phase=checkpoint container_pid=14 [CR-RERUN-20260927] WASI_SOCKET event=sock_send_to_return wasi_fd=7 wasi_errno=0 bytes=204
[CR-DISCOVERY-PROBE-R29] host_utc=2026-09-28T06:47:09.459+00:00 host_mono_ns=2337048649499031 phase=checkpoint container_pid=14 [CR-RERUN-20260927] WASI_SOCKET event=sock_recv_from_enter wasi_fd=7 iovecs=1 capacity=65535 flags=0
[CR-DISCOVERY-PROBE-R29] host_utc=2026-09-28T06:47:09.459+00:00 host_mono_ns=2337048649511334 phase=checkpoint container_pid=14 [CR-RERUN-20260927] WASI_SOCKET event=sock_recv_from_return wasi_fd=11 wasi_errno=0 bytes=464 source=172.18.0.5:51729
[CR-DISCOVERY-PROBE-R29] host_utc=2026-09-28T06:47:09.459+00:00 host_mono_ns=2337048649523507 phase=checkpoint container_pid=14 [CR-RERUN-20260927] WASI_SOCKET event=sock_recv_from_enter wasi_fd=11 iovecs=1 capacity=65535 flags=0
[CR-DISCOVERY-PROBE-R29] host_utc=2026-09-28T06:47:09.459+00:00 host_mono_ns=2337048649542303 phase=checkpoint container_pid=14 [CR-RERUN-20260927] WASI_SOCKET event=sock_recv_from_return wasi_fd=11 wasi_errno=0 bytes=64 source=172.18.0.5:51729
[CR-DISCOVERY-PROBE-R29] host_utc=2026-09-28T06:47:09.459+00:00 host_mono_ns=2337048649560307 phase=checkpoint container_pid=14 [CR-RERUN-20260927] WASI_SOCKET event=sock_recv_from_enter wasi_fd=11 iovecs=1 capacity=65535 flags=0
[CR-DISCOVERY-PROBE-R29] host_utc=2026-09-28T06:47:09.459+00:00 host_mono_ns=2337048649572760 phase=checkpoint container_pid=14 [CR-RERUN-20260927] WASI_SOCKET event=sock_recv_from_return wasi_fd=11 wasi_errno=0 bytes=64 source=172.18.0.5:51729
[CR-DISCOVERY-PROBE-R29] host_utc=2026-09-28T06:47:09.459+00:00 host_mono_ns=2337048649584893 phase=checkpoint container_pid=14 [CR-RERUN-20260927] WASI_SOCKET event=sock_recv_from_enter wasi_fd=11 iovecs=1 capacity=65535 flags=0
[CR-DISCOVERY-PROBE-R29] host_utc=2026-09-28T06:47:09.459+00:00 host_mono_ns=2337048649597126 phase=checkpoint container_pid=14 [CR-RERUN-20260927] WASI_SOCKET event=sock_recv_from_return wasi_fd=11 wasi_errno=0 bytes=280 source=172.18.0.5:51729
[CR-DISCOVERY-PROBE-R29] host_utc=2026-09-28T06:47:09.459+00:00 host_mono_ns=2337048649609339 phase=checkpoint container_pid=14 [CR-RERUN-20260927] WASI_SOCKET event=sock_recv_from_return wasi_fd=7 wasi_errno=0 bytes=280 source=172.18.0.5:39784
[CR-DISCOVERY-PROBE-R29] host_utc=2026-09-28T06:47:09.459+00:00 host_mono_ns=2337048649621482 phase=checkpoint container_pid=14 [CR-RERUN-20260927] WASI_SOCKET event=sock_recv_from_enter wasi_fd=11 iovecs=1 capacity=65535 flags=0
[CR-DISCOVERY-PROBE-R29] host_utc=2026-09-28T06:47:09.459+00:00 host_mono_ns=2337048649633765 phase=checkpoint container_pid=14 [CR-RERUN-20260927] WASI_SOCKET event=sock_recv_from_enter wasi_fd=7 iovecs=1 capacity=65535 flags=0
[CR-DISCOVERY-PROBE-R29] host_utc=2026-09-28T06:47:09.459+00:00 host_mono_ns=2337048649646029 phase=checkpoint container_pid=14 [CR-RERUN-20260927] WASI_SOCKET event=sock_send_to_enter wasi_fd=7 bytes=204 flags=0 destination=239.255.0.1:7400
[CR-DISCOVERY-PROBE-R29] host_utc=2026-09-28T06:47:09.459+00:00 host_mono_ns=2337048649658202 phase=checkpoint container_pid=14 [CR-RERUN-20260927] WASI_SOCKET event=sock_recv_from_return wasi_fd=7 wasi_errno=0 bytes=204 source=172.18.0.3:7400
[CR-DISCOVERY-PROBE-R29] host_utc=2026-09-28T06:47:09.459+00:00 host_mono_ns=2337048649670294 phase=checkpoint container_pid=14 [CR-RERUN-20260927] WASI_SOCKET event=sock_send_to_return wasi_fd=7 wasi_errno=0 bytes=204
[CR-DISCOVERY-PROBE-R29] host_utc=2026-09-28T06:47:09.459+00:00 host_mono_ns=2337048649682457 phase=checkpoint container_pid=14 [CR-RERUN-20260927] WASI_SOCKET event=sock_recv_from_enter wasi_fd=7 iovecs=1 capacity=65535 flags=0
[CR-DISCOVERY-PROBE-R29] host_utc=2026-09-28T06:47:09.459+00:00 host_mono_ns=2337048649694580 phase=checkpoint container_pid=14 [CR-RERUN-20260927] WASI_SOCKET event=sock_recv_from_return wasi_fd=11 wasi_errno=0 bytes=280 source=172.18.0.5:51729
[CR-DISCOVERY-PROBE-R29] host_utc=2026-09-28T06:47:09.459+00:00 host_mono_ns=2337048649706653 phase=checkpoint container_pid=14 [CR-RERUN-20260927] WASI_SOCKET event=sock_recv_from_return wasi_fd=7 wasi_errno=0 bytes=280 source=172.18.0.5:39784
[CR-DISCOVERY-PROBE-R29] host_utc=2026-09-28T06:47:09.459+00:00 host_mono_ns=2337048649718896 phase=checkpoint container_pid=14 [CR-RERUN-20260927] WASI_SOCKET event=sock_recv_from_enter wasi_fd=11 iovecs=1 capacity=65535 flags=0
[CR-DISCOVERY-PROBE-R29] host_utc=2026-09-28T06:47:09.459+00:00 host_mono_ns=2337048649731139 phase=checkpoint container_pid=14 [CR-RERUN-20260927] WASI_SOCKET event=sock_recv_from_enter wasi_fd=7 iovecs=1 capacity=65535 flags=0
[CR-DISCOVERY-PROBE-R29] host_utc=2026-09-28T06:47:09.459+00:00 host_mono_ns=2337048649743373 phase=checkpoint container_pid=14 [CR-RERUN-20260927] WASI_SOCKET event=sock_recv_from_return wasi_fd=11 wasi_errno=0 bytes=64 source=172.18.0.5:51729
[CR-DISCOVERY-PROBE-R29] host_utc=2026-09-28T06:47:09.459+00:00 host_mono_ns=2337048649755445 phase=checkpoint container_pid=14 [CR-RERUN-20260927] WASI_SOCKET event=sock_recv_from_enter wasi_fd=11 iovecs=1 capacity=65535 flags=0
[CR-DISCOVERY-PROBE-R29] host_utc=2026-09-28T06:47:09.459+00:00 host_mono_ns=2337048649780152 phase=checkpoint container_pid=14 [CR-RERUN-20260927] WASI_SOCKET event=sock_recv_from_return wasi_fd=11 wasi_errno=0 bytes=64 source=172.18.0.5:51729
[CR-DISCOVERY-PROBE-R29] host_utc=2026-09-28T06:47:09.459+00:00 host_mono_ns=2337048649792395 phase=checkpoint container_pid=14 [CR-RERUN-20260927] WASI_SOCKET event=sock_recv_from_enter wasi_fd=11 iovecs=1 capacity=65535 flags=0
[CR-DISCOVERY-PROBE-R29] host_utc=2026-09-28T06:47:09.459+00:00 host_mono_ns=2337048649804658 phase=checkpoint container_pid=14 [CR-RERUN-20260927] WASI_SOCKET event=sock_send_to_enter wasi_fd=6 bytes=104 flags=0 destination=172.18.0.5:7411
[CR-DISCOVERY-PROBE-R29] host_utc=2026-09-28T06:47:09.459+00:00 host_mono_ns=2337048649816671 phase=checkpoint container_pid=14 [CR-RERUN-20260927] WASI_SOCKET event=sock_send_to_return wasi_fd=6 wasi_errno=0 bytes=104
[CR-DISCOVERY-PROBE-R29] host_utc=2026-09-28T06:47:09.459+00:00 host_mono_ns=2337048649828734 phase=checkpoint container_pid=14 [CR-RERUN-20260927] WASI_SOCKET event=sock_recv_from_return wasi_fd=6 wasi_errno=0 bytes=104 source=172.18.0.5:7411
[CR-DISCOVERY-PROBE-R29] host_utc=2026-09-28T06:47:09.459+00:00 host_mono_ns=2337048649840837 phase=checkpoint container_pid=14 [CR-RERUN-20260927] WASI_SOCKET event=sock_recv_from_enter wasi_fd=6 iovecs=1 capacity=65535 flags=0
[CR-DISCOVERY-PROBE-R29] host_utc=2026-09-28T06:47:09.459+00:00 host_mono_ns=2337048649853080 phase=checkpoint container_pid=14 [CR-RERUN-20260927] WASI_SOCKET event=sock_recv_from_return wasi_fd=11 wasi_errno=0 bytes=280 source=172.18.0.5:51729
[CR-DISCOVERY-PROBE-R29] host_utc=2026-09-28T06:47:09.459+00:00 host_mono_ns=2337048649865073 phase=checkpoint container_pid=14 [CR-RERUN-20260927] WASI_SOCKET event=sock_recv_from_return wasi_fd=7 wasi_errno=0 bytes=280 source=172.18.0.5:39784
[CR-DISCOVERY-PROBE-R29] host_utc=2026-09-28T06:47:09.554+00:00 host_mono_ns=2337048744806702 phase=checkpoint container_pid=14 [280
[CR-DISCOVERY-PROBE-R29] host_utc=2026-09-28T06:47:09.554+00:00 host_mono_ns=2337048744848912 phase=checkpoint container_pid=14 [CR-RERUN-20260927] RTPS_RX_QUEUE result=ok local_port=7400 peer_port=26779 bytes=280
[CR-DISCOVERY-PROBE-R29] host_utc=2026-09-28T06:47:09.554+00:00 host_mono_ns=2337048744864121 phase=checkpoint container_pid=14 [CR-RERUN-20260927] RTPS_DATA parse=ok source_prefix=010f06411e00ffff00000000 reader_id=000100c7 writer_id=000100c2 sequence=0:1 payload_bytes=224 reader_found=1
[CR-DISCOVERY-PROBE-R29] host_utc=2026-09-28T06:47:09.554+00:00 host_mono_ns=2337048744878388 phase=checkpoint container_pid=14 [CR-RERUN-20260927] RTPS_DATA_DELIVERY result=newChange kind=user sequence=0:1
[CR-DISCOVERY-PROBE-R29] host_utc=2026-09-28T06:47:09.554+00:00 host_mono_ns=2337048744891733 phase=checkpoint container_pid=14 [CR-RERUN-20260927] RTPS_DATA parse=ok source_prefix=010f06411e00ffff00000000 reader_id=000100c7 writer_id=000100c2 sequence=0:1 payload_bytes=224 reader_found=1
[CR-DISCOVERY-PROBE-R29] host_utc=2026-09-28T06:47:09.554+00:00 host_mono_ns=2337048744904307 phase=checkpoint container_pid=14 [CR-RERUN-20260927] RTPS_DATA_DELIVERY result=newChange kind=user sequence=0:1
[CR-DISCOVERY-PROBE-R29] host_utc=2026-09-28T06:47:09.554+00:00 host_mono_ns=2337048744916660 phase=checkpoint container_pid=14 LOG_NOTICE : 00000014.377 : [CR-RERUN-20260927] UDP_RECV result=ok mcp=0xdbebdc fd=7 local_port=7400 bytes=204 peer=172.18.0.5:7400
[CR-DISCOVERY-PROBE-R29] host_utc=2026-09-28T06:47:09.554+00:00 host_mono_ns=2337048744929404 phase=checkpoint container_pid=14 [CR-RERUN-20260927] RTPS_RX peer=172.18.0.5:59420 local_port=7400 bytes=204
[CR-DISCOVERY-PROBE-R29] host_utc=2026-09-28T06:47:09.554+00:00 host_mono_ns=2337048744941787 phase=checkpoint container_pid=14 [CR-RERUN-20260927] RTPS_RX_QUEUE result=ok local_port=7400 peer_port=59420 bytes=204
[CR-DISCOVERY-PROBE-R29] host_utc=2026-09-28T06:47:09.565+00:00 host_mono_ns=2337048756066330 phase=checkpoint container_pid=14 [CR-RERUN-20260927] RTPS_DATA parse=ok source_prefix=557685218605be0171a49800 reader_id=000100c7 writer_id=000100c2 sequence=0:1 payload_bytes=148 reader_found=1
[CR-DISCOVERY-PROBE-R29] host_utc=2026-09-28T06:47:09.565+00:00 host_mono_ns=2337048756142003 phase=checkpoint container_pid=14 [CR-RERUN-20260927] RTPS_DATA_DELIVERY result=newChange kind=user sequence=0:1
[CR-DISCOVERY-PROBE-R29] host_utc=2026-09-28T06:47:09.565+00:00 host_mono_ns=2337048756155699 phase=checkpoint container_pid=14 LOG_NOTICE : 00000014.384 : LOG_NOTICE : 00000014.384 : [CR-RERUN-20260927] UDP_RECV result=ok mcp=0xdbebdc fd=7 local_port=7400 bytes=280 peer=172.18.0.5:39784[CR-RERUN-20260927] UDP_RECV result=ok mcp=0xdbec14 fd=11 local_port=7410 bytes=280 peer=172.18.0.5:51729
[CR-DISCOVERY-PROBE-R29] host_utc=2026-09-28T06:47:09.565+00:00 host_mono_ns=2337048756167792 phase=checkpoint container_pid=14 
[CR-DISCOVERY-PROBE-R29] host_utc=2026-09-28T06:47:09.566+00:00 host_mono_ns=2337048756179183 phase=checkpoint container_pid=14 [CR-RERUN-20260927] RTPS_RX peer=172.18.0.5:26779 local_port=7400 bytes=280
[CR-DISCOVERY-PROBE-R29] host_utc=2026-09-28T06:47:09.566+00:00 host_mono_ns=2337048756190174 phase=checkpoint container_pid=14 [CR-RERUN-20260927] RTPS_RX peer=172.18.0.5:4554 local_port=7410 bytes=280
[CR-DISCOVERY-PROBE-R29] host_utc=2026-09-28T06:47:09.566+00:00 host_mono_ns=2337048756200874 phase=checkpoint container_pid=14 [CR-RERUN-20260927] RTPS_RX_QUEUE result=ok local_port=7400 peer_port=26779 bytes=280
[CR-DISCOVERY-PROBE-R29] host_utc=2026-09-28T06:47:09.566+00:00 host_mono_ns=2337048756211414 phase=checkpoint container_pid=14 [CR-RERUN-20260927] RTPS_DATA parse=ok source_prefix=[CR-RERUN-20260927] RTPS_RX_QUEUE result=ok local_port=7410 peer_port=4554 bytes=280
[CR-DISCOVERY-PROBE-R29] host_utc=2026-09-28T06:47:09.566+00:00 host_mono_ns=2337048756222736 phase=checkpoint container_pid=14 010f06411e00ffff00000000 reader_id=000100c7 writer_id=000100c2 sequence=0:1 payload_bytes=224 reader_found=1
[CR-DISCOVERY-PROBE-R29] host_utc=2026-09-28T06:47:09.566+00:00 host_mono_ns=2337048756233656 phase=checkpoint container_pid=14 [CR-RERUN-20260927] RTPS_DATA_DELIVERY result=newChange kind=user sequence=0:1
[CR-DISCOVERY-PROBE-R29] host_utc=2026-09-28T06:47:09.659+00:00 host_mono_ns=2337048849340134 phase=checkpoint container_pid=14 [CR-RERUN-20260927] RTPS_DATA parse=ok source_prefix=010f06411e00ffff00000000 reader_id=000100c7 writer_id=000100c2 sequence=0:1 payload_bytes=224 reader_found=1
[CR-DISCOVERY-PROBE-R29] host_utc=2026-09-28T06:47:09.659+00:00 host_mono_ns=2337048849378216 phase=checkpoint container_pid=14 [CR-RERUN-20260927] RTPS_DATA_DELIVERY result=newChange kind=user sequence=0:1
[CR-DISCOVERY-PROBE-R29] host_utc=2026-09-28T06:47:09.659+00:00 host_mono_ns=2337048849391241 phase=checkpoint container_pid=14 LOG_NOTICE : 00000014.479 : [CR-RERUN-20260927] UDP_RECV result=ok mcp=0xdbec14 fd=11 local_port=7410 bytes=64 peer=172.18.0.5:51729
[CR-DISCOVERY-PROBE-R29] host_utc=2026-09-28T06:47:09.659+00:00 host_mono_ns=2337048849402723 phase=checkpoint container_pid=14 [CR-RERUN-20260927] RTPS_RX peer=172.18.0.5:4554 local_port=7410 bytes=64
[CR-DISCOVERY-PROBE-R29] host_utc=2026-09-28T06:47:09.659+00:00 host_mono_ns=2337048849413673 phase=checkpoint container_pid=14 [CR-RERUN-20260927] RTPS_RX_QUEUE result=ok local_port=7410 peer_port=4554 bytes=64
[CR-DISCOVERY-PROBE-R29] host_utc=2026-09-28T06:47:09.659+00:00 host_mono_ns=2337048849424724 phase=checkpoint container_pid=14 LOG_NOTICE : 00000014.480 : [CR-RERUN-20260927] UDP_RECV result=ok mcp=0xdbec14 fd=11 local_port=7410 bytes=64 peer=172.18.0.5:51729
[CR-DISCOVERY-PROBE-R29] host_utc=2026-09-28T06:47:09.659+00:00 host_mono_ns=2337048849435515 phase=checkpoint container_pid=14 [CR-RERUN-20260927] RTPS_RX peer=172.18.0.5:4554 local_port=7410 bytes=64
[CR-DISCOVERY-PROBE-R29] host_utc=2026-09-28T06:47:09.659+00:00 host_mono_ns=2337048849445884 phase=checkpoint container_pid=14 [CR-RERUN-20260927] RTPS_RX_QUEUE result=ok local_port=7410 peer_port=4554 bytes=64
[CR-DISCOVERY-PROBE-R29] host_utc=2026-09-28T06:47:09.659+00:00 host_mono_ns=2337048849469348 phase=checkpoint container_pid=14 LOG_NOTICE : 00000014.484 : LOG_NOTICE : 00000014.484 : [CR-RERUN-20260927] UDP_RECV result=ok mcp=0xdbec14 fd=11 local_port=7410 bytes=280 peer=172.18.0.5:51729[CR-RERUN-20260927] UDP_RECV result=ok mcp=0xdbebdc fd=7 local_port=7400 bytes=280 peer=172.18.0.5:39784
[CR-DISCOVERY-PROBE-R29] host_utc=2026-09-28T06:47:09.659+00:00 host_mono_ns=2337048849487873 phase=checkpoint container_pid=14 
[CR-DISCOVERY-PROBE-R29] host_utc=2026-09-28T06:47:09.680+00:00 host_mono_ns=2337048871130883 phase=checkpoint container_pid=14 [CR-RERUN-20260927] RTPS_RX peer=172.18.0.5:4554 local_port=7410 bytes=280
[CR-DISCOVERY-PROBE-R29] host_utc=2026-09-28T06:47:09.680+00:00 host_mono_ns=2337048871166030 phase=checkpoint container_pid=14 [CR-RERUN-20260927] RTPS_RX peer=172.18.0.5:26779 local_port=7400 bytes=280
[CR-DISCOVERY-PROBE-R29] host_utc=2026-09-28T06:47:09.681+00:00 host_mono_ns=2337048871181419 phase=checkpoint container_pid=14 [CR-RERUN-20260927] RTPS_RX_QUEUE result=ok local_port=7410 peer_port=4554 bytes=280
[CR-DISCOVERY-PROBE-R29] host_utc=2026-09-28T06:47:09.681+00:00 host_mono_ns=2337048871195906 phase=checkpoint container_pid=14 [CR-RERUN-20260927] RTPS_DATA parse=ok source_prefix=[CR-RERUN-20260927] RTPS_RX_QUEUE result=ok local_port=7400 peer_port=26779 bytes=280
[CR-DISCOVERY-PROBE-R29] host_utc=2026-09-28T06:47:09.681+00:00 host_mono_ns=2337048871211376 phase=checkpoint container_pid=14 010f06411e00ffff00000000 reader_id=000100c7 writer_id=000100c2 sequence=0:1 payload_bytes=224 reader_found=1
[CR-DISCOVERY-PROBE-R29] host_utc=2026-09-28T06:47:09.681+00:00 host_mono_ns=2337048871226935 phase=checkpoint container_pid=14 [CR-RERUN-20260927] RTPS_DATA_DELIVERY result=newChange kind=user sequence=0:1
[CR-DISCOVERY-PROBE-R29] host_utc=2026-09-28T06:47:09.681+00:00 host_mono_ns=2337048871238407 phase=checkpoint container_pid=14 [CR-RERUN-20260927] RTPS_DATA parse=ok source_prefix=010f06411e00ffff00000000 reader_id=000100c7 writer_id=000100c2 sequence=0:1 payload_bytes=224 reader_found=1
[CR-DISCOVERY-PROBE-R29] host_utc=2026-09-28T06:47:09.681+00:00 host_mono_ns=2337048871249357 phase=checkpoint container_pid=14 [CR-RERUN-20260927] RTPS_DATA_DELIVERY result=newChange kind=user sequence=0:1
[CR-DISCOVERY-PROBE-R29] host_utc=2026-09-28T06:47:09.681+00:00 host_mono_ns=2337048871261059 phase=checkpoint container_pid=14 LOG_NOTICE : 00000014.506 : [CR-RERUN-20260927] UDP_RECV result=ok mcp=0xdbec14 fd=11 local_port=7410 bytes=120 peer=172.18.0.5:51729
[CR-DISCOVERY-PROBE-R29] host_utc=2026-09-28T06:47:09.681+00:00 host_mono_ns=2337048871275427 phase=checkpoint container_pid=14 [CR-RERUN-20260927] RTPS_RX peer=172.18.0.5:4554 local_port=7410 bytes=120
[CR-DISCOVERY-PROBE-R29] host_utc=2026-09-28T06:47:09.684+00:00 host_mono_ns=2337048874342242 phase=checkpoint container_pid=14 [CR-RERUN-20260927] RTPS_RX_QUEUE result=ok local_port=7410 peer_port=4554 bytes=120
[CR-DISCOVERY-PROBE-R29] host_utc=2026-09-28T06:47:09.684+00:00 host_mono_ns=2337048874371297 phase=checkpoint container_pid=14 [CR-RERUN-20260927] RTPS_DATA parse=ok source_prefix=01LOG_NOTICE : 00000014.507 : 0f[CR-RERUN-20260927] UDP_RECV result=ok mcp=0xdbebdc fd=7 local_port=7400 bytes=116 peer=172.18.0.5:3978406
[CR-DISCOVERY-PROBE-R29] host_utc=2026-09-28T06:47:09.684+00:00 host_mono_ns=2337048874381957 phase=checkpoint container_pid=14 LOG_NOTICE : 00000014.507 : 41[CR-RERUN-20260927] UDP_RECV result=ok mcp=0xdbec14 fd=11 local_port=7410 bytes=88 peer=172.18.0.5:517291e
[CR-DISCOVERY-PROBE-R29] host_utc=2026-09-28T06:47:09.684+00:00 host_mono_ns=2337048874390934 phase=checkpoint container_pid=14 [CR-RERUN-20260927] RTPS_RX peer=172.18.0.5:26779 local_port=7400 bytes=116
[CR-DISCOVERY-PROBE-R29] host_utc=2026-09-28T06:47:09.684+00:00 host_mono_ns=2337048874399460 phase=checkpoint container_pid=14 00[CR-RERUN-20260927] RTPS_RX_QUEUE result=ok local_port=7400 peer_port=26779 bytes=116
[CR-DISCOVERY-PROBE-R29] host_utc=2026-09-28T06:47:09.684+00:00 host_mono_ns=2337048874420450 phase=checkpoint container_pid=14 ff[CR-RERUN-20260927] RTPS_RX peer=172.18.0.5:4554 local_port=7410 bytes=88
[CR-DISCOVERY-PROBE-R29] host_utc=2026-09-28T06:47:09.684+00:00 host_mono_ns=2337048874434106 phase=checkpoint container_pid=14 ff00[CR-RERUN-20260927] RTPS_RX_QUEUE result=ok local_port=7410 peer_port=4554 bytes=88
[CR-DISCOVERY-PROBE-R29] host_utc=2026-09-28T06:47:09.684+00:00 host_mono_ns=2337048874442411 phase=checkpoint container_pid=14 00LOG_NOTICE : 00000014.509 : 00[CR-RERUN-20260927] UDP_RECV result=ok mcp=0xdbec14 fd=11 local_port=7410 bytes=120 peer=172.18.0.5:5172900
[CR-DISCOVERY-PROBE-R29] host_utc=2026-09-28T06:47:09.684+00:00 host_mono_ns=2337048874450837 phase=checkpoint container_pid=14  reader_id=0000[CR-RERUN-20260927] RTPS_RX peer=172.18.0.5:4554 local_port=7410 bytes=120
[CR-DISCOVERY-PROBE-R29] host_utc=2026-09-28T06:47:09.684+00:00 host_mono_ns=2337048874459063 phase=checkpoint container_pid=14 03c7[CR-RERUN-20260927] RTPS_RX_QUEUE result=ok local_port=7410 peer_port=4554 bytes=120
[CR-DISCOVERY-PROBE-R29] host_utc=2026-09-28T06:47:09.689+00:00 host_mono_ns=2337048880039719 phase=checkpoint container_pid=14  writer_id=00LOG_NOTICE : 00000014.510 : 00[CR-RERUN-20260927] UDP_RECV result=ok mcp=0xdbec14 fd=11 local_port=7410 bytes=120 peer=172.18.0.5:5172903
[CR-DISCOVERY-PROBE-R29] host_utc=2026-09-28T06:47:09.689+00:00 host_mono_ns=2337048880091948 phase=checkpoint container_pid=14 c2 sequence=0:4 payload_bytes=32 reader_found=1
[CR-DISCOVERY-PROBE-R29] host_utc=2026-09-28T06:47:09.689+00:00 host_mono_ns=2337048880105453 phase=checkpoint container_pid=14 [CR-RERUN-20260927] RTPS_RX peer=172.18.0.5:4554 local_port=7410 bytes=120
[CR-DISCOVERY-PROBE-R29] host_utc=2026-09-28T06:47:09.689+00:00 host_mono_ns=2337048880116835 phase=checkpoint container_pid=14 [CR-RERUN-20260927] RTPS_DATA_DELIVERY result=newChange kind=user sequence=0:4
[CR-DISCOVERY-PROBE-R29] host_utc=2026-09-28T06:47:09.689+00:00 host_mono_ns=2337048880127545 phase=checkpoint container_pid=14 [CR-RERUN-20260927] RTPS_RX_QUEUE result=ok local_port=7410 peer_port=4554 bytes=120
[CR-DISCOVERY-PROBE-R29] host_utc=2026-09-28T06:47:09.689+00:00 host_mono_ns=2337048880138616 phase=checkpoint container_pid=14 [CR-RERUN-20260927] RTPS_DATA parse=ok source_prefix=01LOG_NOTICE : 00000014.511 : 0f[CR-RERUN-20260927] UDP_RECV result=ok mcp=0xdbec14 fd=11 local_port=7410 bytes=116 peer=172.18.0.5:5172906
[CR-DISCOVERY-PROBE-R29] host_utc=2026-09-28T06:47:09.689+00:00 host_mono_ns=2337048880150047 phase=checkpoint container_pid=14 411e[CR-RERUN-20260927] RTPS_RX peer=172.18.0.5:4554 local_port=7410 bytes=116
[CR-DISCOVERY-PROBE-R29] host_utc=2026-09-28T06:47:09.689+00:00 host_mono_ns=2337048880160587 phase=checkpoint container_pid=14 00ff[CR-RERUN-20260927] RTPS_RX_QUEUE result=ok local_port=7410 peer_port=4554 bytes=116
[CR-DISCOVERY-PROBE-R29] host_utc=2026-09-28T06:47:09.690+00:00 host_mono_ns=2337048880170967 phase=checkpoint container_pid=14 ff00000000 reader_id=000100c7 writer_id=000100c2 sequence=0:2 payload_bytes=60 reader_found=1
[CR-DISCOVERY-PROBE-R29] host_utc=2026-09-28T06:47:09.690+00:00 host_mono_ns=2337048880181427 phase=checkpoint container_pid=14 [CR-RERUN-20260927] RTPS_DATA_DELIVERY result=newChange kind=service sequence=0:2
[CR-DISCOVERY-PROBE-R29] host_utc=2026-09-28T06:47:10.255+00:00 host_mono_ns=2337049445289362 phase=checkpoint container_pid=14 [CR-RERUN-20260927] RTPS_DATA parse=ok source_prefix=010f06411e00ffff00000000 reader_id=
[CR-DISCOVERY-PROBE-R29] phase=checkpoint container_pid=14 event=process_exit exit_status=143
