[SEDP-RACE-RUN37] host_utc=2026-09-28T09:05:53.934+00:00 host_mono_ns=2345373124964477 event=collector_start host_pid=1783931 container=mros2-cr-run37-native-peer
[SEDP-RACE-RUN37] host_utc=2026-09-28T09:05:54.004+00:00 host_mono_ns=2345373194484387 [CR-NATIVE-R04] event=process_start pid=14
[SEDP-RACE-RUN37] host_utc=2026-09-28T09:05:54.004+00:00 host_mono_ns=2345373194960597 ipaddr=0x050012ac
[SEDP-RACE-RUN37] host_utc=2026-09-28T09:05:54.004+00:00 host_mono_ns=2345373194977779 mask=0x00ffffff
[SEDP-RACE-RUN37] host_utc=2026-09-28T09:05:54.004+00:00 host_mono_ns=2345373194989421 [CR-NATIVE-R04] event=netif_config ip=172.18.0.5 mask=255.255.255.0 result=0
[SEDP-RACE-RUN37] host_utc=2026-09-28T09:05:54.004+00:00 host_mono_ns=2345373195015220 LOG_NOTICE : 00000000.000 : osKernelStart
[SEDP-RACE-RUN37] host_utc=2026-09-28T09:05:54.004+00:00 host_mono_ns=2345373195025770 [CR-NATIVE-R04] event=mros2_init_begin
[SEDP-RACE-RUN37] host_utc=2026-09-28T09:05:54.004+00:00 host_mono_ns=2345373195042962 LOG_DEBUG : 00000000.000 : mROS 2 initialization is completed
[SEDP-RACE-RUN37] host_utc=2026-09-28T09:05:54.004+00:00 host_mono_ns=2345373195048432 
[SEDP-RACE-RUN37] host_utc=2026-09-28T09:05:54.004+00:00 host_mono_ns=2345373195052981 LOG_DEBUG : 00000000.000 : [MROS2LIB] create_node
[SEDP-RACE-RUN37] host_utc=2026-09-28T09:05:54.004+00:00 host_mono_ns=2345373195057680 LOG_DEBUG : 00000000.000 : [MROS2LIB] start creating participant
[SEDP-RACE-RUN37] host_utc=2026-09-28T09:05:54.004+00:00 host_mono_ns=2345373195062249 LOG_DEBUG : 00000000.000 : [MROS2LIB] mros2_init task start
[SEDP-RACE-RUN37] host_utc=2026-09-28T09:05:54.004+00:00 host_mono_ns=2345373195066857 LOG_DEBUG : 00000000.000 : /tmp/mros2-posix-run04-final-source/lwip-posix/src/core/udp.c udp_init() 28: enter
[SEDP-RACE-RUN37] host_utc=2026-09-28T09:05:54.004+00:00 host_mono_ns=2345373195072298 LOG_DEBUG : 00000000.000 : [MROS2LIB] Initilizing lwIP complete
[SEDP-RACE-RUN37] host_utc=2026-09-28T09:05:54.004+00:00 host_mono_ns=2345373195076926 LOG_DEBUG : 00000000.000 : /tmp/mros2-posix-run04-final-source/lwip-posix/src/core/udp.c udp_new() 307: enter
[SEDP-RACE-RUN37] host_utc=2026-09-28T09:05:54.004+00:00 host_mono_ns=2345373195081715 LOG_DEBUG : 00000000.000 : /tmp/mros2-posix-run04-final-source/lwip-posix/src/core/udp_multicast_manager.c udp_mc_info_alloc() 24: enter
[SEDP-RACE-RUN37] host_utc=2026-09-28T09:05:54.004+00:00 host_mono_ns=2345373195086945 LOG_DEBUG : 00000000.000 : /tmp/mros2-posix-run04-final-source/lwip-posix/src/core/udp_multicast_manager.c udp_mc_info_alloc() 42: mcp=0x7f13c8000db0 exit
[SEDP-RACE-RUN37] host_utc=2026-09-28T09:05:54.004+00:00 host_mono_ns=2345373195092045 LOG_DEBUG : 00000000.000 : /tmp/mros2-posix-run04-final-source/lwip-posix/src/core/udp.c udp_new() 327: exit
[SEDP-RACE-RUN37] host_utc=2026-09-28T09:05:54.004+00:00 host_mono_ns=2345373195096694 LOG_DEBUG : 00000000.000 : /tmp/mros2-posix-run04-final-source/lwip-posix/src/core/udp.c udp_bind() 142: ipaddr=0x0 port=7401 enter
[SEDP-RACE-RUN37] host_utc=2026-09-28T09:05:54.004+00:00 host_mono_ns=2345373195101453 LOG_DEBUG : 00000000.000 : /tmp/mros2-posix-run04-final-source/lwip-posix/src/core/udp.c udp_bind() 155: mcp exist 0x7f13c8000db0
[SEDP-RACE-RUN37] host_utc=2026-09-28T09:05:54.004+00:00 host_mono_ns=2345373195106462 LOG_DEBUG : 00000000.000 : /tmp/mros2-posix-run04-final-source/lwip-posix/src/core/udp.c udp_bind() 225: exit
[SEDP-RACE-RUN37] host_utc=2026-09-28T09:05:54.004+00:00 host_mono_ns=2345373195111131 LOG_DEBUG : 00000000.000 : /tmp/mros2-posix-run04-final-source/lwip-posix/src/core/udp.c udp_recv() 240: enter
[SEDP-RACE-RUN37] host_utc=2026-09-28T09:05:54.004+00:00 host_mono_ns=2345373195115880 LOG_DEBUG : 00000000.000 : /tmp/mros2-posix-run04-final-source/lwip-posix/src/core/udp.c udp_recv() 251: exit
[SEDP-RACE-RUN37] host_utc=2026-09-28T09:05:54.004+00:00 host_mono_ns=2345373195120398 LOG_DEBUG : 00000000.000 : /tmp/mros2-posix-run04-final-source/lwip-posix/src/core/udp.c udp_new() 307: enter
[SEDP-RACE-RUN37] host_utc=2026-09-28T09:05:54.004+00:00 host_mono_ns=2345373195125167 LOG_DEBUG : 00000000.000 : /tmp/mros2-posix-run04-final-source/lwip-posix/src/core/udp_multicast_manager.c udp_mc_info_alloc() 24: enter
[SEDP-RACE-RUN37] host_utc=2026-09-28T09:05:54.004+00:00 host_mono_ns=2345373195135267 LOG_DEBUG : 00000000.000 : /tmp/mros2-posix-run04-final-source/lwip-posix/src/core/udp_multicast_manager.c udp_mc_info_alloc() 42: mcp=0x7f13c8000dd0 exit
[SEDP-RACE-RUN37] host_utc=2026-09-28T09:05:54.004+00:00 host_mono_ns=2345373195140186 LOG_DEBUG : 00000000.000 : /tmp/mros2-posix-run04-final-source/lwip-posix/src/core/udp.c udp_new() 327: exit
[SEDP-RACE-RUN37] host_utc=2026-09-28T09:05:54.004+00:00 host_mono_ns=2345373195144654 LOG_DEBUG : 00000000.000 : /tmp/mros2-posix-run04-final-source/lwip-posix/src/core/udp.c udp_bind() 142: ipaddr=0x0 port=7400 enter
[SEDP-RACE-RUN37] host_utc=2026-09-28T09:05:54.004+00:00 host_mono_ns=2345373195149223 LOG_DEBUG : 00000000.000 : /tmp/mros2-posix-run04-final-source/lwip-posix/src/core/udp.c udp_bind() 155: mcp exist 0x7f13c8000dd0
[SEDP-RACE-RUN37] host_utc=2026-09-28T09:05:54.004+00:00 host_mono_ns=2345373195153812 LOG_DEBUG : 00000000.000 : /tmp/mros2-posix-run04-final-source/lwip-posix/src/core/udp.c udp_bind() 225: exit
[SEDP-RACE-RUN37] host_utc=2026-09-28T09:05:54.004+00:00 host_mono_ns=2345373195158310 LOG_DEBUG : 00000000.000 : /tmp/mros2-posix-run04-final-source/lwip-posix/src/core/udp.c udp_recv() 240: enter
[SEDP-RACE-RUN37] host_utc=2026-09-28T09:05:54.004+00:00 host_mono_ns=2345373195163109 
[SEDP-RACE-RUN37] host_utc=2026-09-28T09:05:54.005+00:00 host_mono_ns=2345373195167598 === DEBUG [lwip-posix]: thread_udp_recv thread started! ===
[SEDP-RACE-RUN37] host_utc=2026-09-28T09:05:54.005+00:00 host_mono_ns=2345373195172487 LOG_NOTICE : 00000000.000 : thread_udp_recv:UP: mcp=0x7f13c8000db0
[SEDP-RACE-RUN37] host_utc=2026-09-28T09:05:54.005+00:00 host_mono_ns=2345373195177166 LOG_DEBUG : 00000000.000 : /tmp/mros2-posix-run04-final-source/lwip-posix/src/core/udp.c udp_recv() 251: exit
[SEDP-RACE-RUN37] host_utc=2026-09-28T09:05:54.005+00:00 host_mono_ns=2345373195181835 LOG_DEBUG : 00000000.000 : /tmp/mros2-posix-run04-final-source/lwip-posix/src/core/udp_multicast_manager.c udp_mc_joingroup() 78: enter ifaddr=0x50012ac groupaddr=0x100ffef
[SEDP-RACE-RUN37] host_utc=2026-09-28T09:05:54.005+00:00 host_mono_ns=2345373195192304 LOG_NOTICE : 00000000.000 : udp_mc_joingroup(): mcp=0x7f13c8000db0 ifaddr=0x50012ac groupaddr=0x100ffef
[SEDP-RACE-RUN37] host_utc=2026-09-28T09:05:54.005+00:00 host_mono_ns=2345373195197224 === DEBUG [lwip-posix]: thread_udp_recv thread started! ===
[SEDP-RACE-RUN37] host_utc=2026-09-28T09:05:54.005+00:00 host_mono_ns=2345373195201822 
[SEDP-RACE-RUN37] host_utc=2026-09-28T09:05:54.005+00:00 host_mono_ns=2345373195206251 LOG_NOTICE : 00000000.000 : LOG_NOTICE : 00000000.000 : udp_mc_joingroup(): mcp=0x7f13c8000dd0 ifaddr=0x50012ac groupaddr=0x100ffef
[SEDP-RACE-RUN37] host_utc=2026-09-28T09:05:54.005+00:00 host_mono_ns=2345373195211080 LOG_DEBUG : 00000000.000 : thread_udp_recv:UP: mcp=0x7f13c8000dd0
[SEDP-RACE-RUN37] host_utc=2026-09-28T09:05:54.005+00:00 host_mono_ns=2345373195215839 /tmp/mros2-posix-run04-final-source/lwip-posix/src/core/udp_multicast_manager.c udp_mc_joingroup() 93: exit
[SEDP-RACE-RUN37] host_utc=2026-09-28T09:05:54.104+00:00 host_mono_ns=2345373294743727 LOG_DEBUG : 00000000.100 : /tmp/mros2-posix-run04-final-source/lwip-posix/src/core/udp.c udp_new() 307: enter
[SEDP-RACE-RUN37] host_utc=2026-09-28T09:05:54.104+00:00 host_mono_ns=2345373294832475 LOG_DEBUG : 00000000.100 : /tmp/mros2-posix-run04-final-source/lwip-posix/src/core/udp_multicast_manager.c udp_mc_info_alloc() 24: enter
[SEDP-RACE-RUN37] host_utc=2026-09-28T09:05:54.104+00:00 host_mono_ns=2345373294847033 LOG_DEBUG : 00000000.100 : /tmp/mros2-posix-run04-final-source/lwip-posix/src/core/udp_multicast_manager.c udp_mc_info_alloc() 42: mcp=0x7f13c8000df0 exit
[SEDP-RACE-RUN37] host_utc=2026-09-28T09:05:54.104+00:00 host_mono_ns=2345373294858584 LOG_DEBUG : 00000000.100 : /tmp/mros2-posix-run04-final-source/lwip-posix/src/core/udp.c udp_new() 327: exit
[SEDP-RACE-RUN37] host_utc=2026-09-28T09:05:54.104+00:00 host_mono_ns=2345373294884333 LOG_DEBUG : 00000000.100 : /tmp/mros2-posix-run04-final-source/lwip-posix/src/core/udp.c udp_bind() 142: ipaddr=0x0 port=7411 enter
[SEDP-RACE-RUN37] host_utc=2026-09-28T09:05:54.104+00:00 host_mono_ns=2345373294895214 LOG_DEBUG : 00000000.100 : /tmp/mros2-posix-run04-final-source/lwip-posix/src/core/udp.c udp_bind() 155: mcp exist 0x7f13c8000df0
[SEDP-RACE-RUN37] host_utc=2026-09-28T09:05:54.104+00:00 host_mono_ns=2345373294905473 LOG_DEBUG : 00000000.100 : /tmp/mros2-posix-run04-final-source/lwip-posix/src/core/udp.c udp_bind() 225: exit
[SEDP-RACE-RUN37] host_utc=2026-09-28T09:05:54.104+00:00 host_mono_ns=2345373294915762 LOG_DEBUG : 00000000.100 : /tmp/mros2-posix-run04-final-source/lwip-posix/src/core/udp.c udp_recv() 240: enter
[SEDP-RACE-RUN37] host_utc=2026-09-28T09:05:54.104+00:00 host_mono_ns=2345373294938485 LOG_DEBUG : 00000000.100 : /tmp/mros2-posix-run04-final-source/lwip-posix/src/core/udp.c udp_recv() 251: exit
[SEDP-RACE-RUN37] host_utc=2026-09-28T09:05:54.104+00:00 host_mono_ns=2345373294948995 LOG_DEBUG : 00000000.100 : /tmp/mros2-posix-run04-final-source/lwip-posix/src/core/udp.c udp_new() 307: enter
[SEDP-RACE-RUN37] host_utc=2026-09-28T09:05:54.104+00:00 host_mono_ns=2345373294959124 LOG_DEBUG : 00000000.100 : /tmp/mros2-posix-run04-final-source/lwip-posix/src/core/udp_multicast_manager.c udp_mc_info_alloc() 24: enter
[SEDP-RACE-RUN37] host_utc=2026-09-28T09:05:54.104+00:00 host_mono_ns=2345373294969374 LOG_DEBUG : 00000000.100 : /tmp/mros2-posix-run04-final-source/lwip-posix/src/core/udp_multicast_manager.c udp_mc_info_alloc() 42: mcp=0x7f13c8000e10 exit
[SEDP-RACE-RUN37] host_utc=2026-09-28T09:05:54.104+00:00 host_mono_ns=2345373294979583 LOG_DEBUG : 00000000.100 : /tmp/mros2-posix-run04-final-source/lwip-posix/src/core/udp.c udp_new() 327: exit
[SEDP-RACE-RUN37] host_utc=2026-09-28T09:05:54.104+00:00 host_mono_ns=2345373294989732 LOG_DEBUG : 00000000.100 : /tmp/mros2-posix-run04-final-source/lwip-posix/src/core/udp.c udp_bind() 142: ipaddr=0x0 port=7410 enter
[SEDP-RACE-RUN37] host_utc=2026-09-28T09:05:54.104+00:00 host_mono_ns=2345373294999771 LOG_DEBUG : 00000000.100 : /tmp/mros2-posix-run04-final-source/lwip-posix/src/core/udp.c udp_bind() 155: mcp exist 0x7f13c8000e10
[SEDP-RACE-RUN37] host_utc=2026-09-28T09:05:54.104+00:00 host_mono_ns=2345373295041139 LOG_DEBUG : 00000000.100 : /tmp/mros2-posix-run04-final-source/lwip-posix/src/core/udp.c udp_bind() 225: exit
[SEDP-RACE-RUN37] host_utc=2026-09-28T09:05:54.104+00:00 host_mono_ns=2345373295051840 LOG_DEBUG : 00000000.100 : /tmp/mros2-posix-run04-final-source/lwip-posix/src/core/udp.c udp_recv() 240: enter
[SEDP-RACE-RUN37] host_utc=2026-09-28T09:05:54.104+00:00 host_mono_ns=2345373295062209 
[SEDP-RACE-RUN37] host_utc=2026-09-28T09:05:54.104+00:00 host_mono_ns=2345373295072849 === DEBUG [lwip-posix]: thread_udp_recv thread started! ===
[SEDP-RACE-RUN37] host_utc=2026-09-28T09:05:54.104+00:00 host_mono_ns=2345373295084732 LOG_NOTICE : 00000000.100 : thread_udp_recv:UP: mcp=0x7f13c8000df0
[SEDP-RACE-RUN37] host_utc=2026-09-28T09:05:54.104+00:00 host_mono_ns=2345373295095662 LOG_DEBUG : 00000000.100 : /tmp/mros2-posix-run04-final-source/lwip-posix/src/core/udp.c udp_recv() 251: exit
[SEDP-RACE-RUN37] host_utc=2026-09-28T09:05:54.104+00:00 host_mono_ns=2345373295104038 
[SEDP-RACE-RUN37] host_utc=2026-09-28T09:05:54.104+00:00 host_mono_ns=2345373295110681 === DEBUG [lwip-posix]: thread_udp_recv thread started! ===
[SEDP-RACE-RUN37] host_utc=2026-09-28T09:05:54.104+00:00 host_mono_ns=2345373295117403 LOG_NOTICE : 00000000.100 : thread_udp_recv:UP: mcp=0x7f13c8000e10
[SEDP-RACE-RUN37] host_utc=2026-09-28T09:05:54.104+00:00 host_mono_ns=2345373295129136 LOG_DEBUG : 00000000.100 : [MROS2LIB] successfully created participant
[SEDP-RACE-RUN37] host_utc=2026-09-28T09:05:54.104+00:00 host_mono_ns=2345373295136419 LOG_DEBUG : 00000000.100 : [MROS2LIB] create_publisher complete.
[SEDP-RACE-RUN37] host_utc=2026-09-28T09:05:54.104+00:00 host_mono_ns=2345373295143262 LOG_DEBUG : 00000000.100 : [MROS2LIB] create_subscription complete.
[SEDP-RACE-RUN37] host_utc=2026-09-28T09:05:54.105+00:00 host_mono_ns=2345373295525835 LOG_DEBUG : 00000000.101 : [MROS2LIB] Initilizing Domain complete
[SEDP-RACE-RUN37] host_utc=2026-09-28T09:05:54.105+00:00 host_mono_ns=2345373295617629 
[SEDP-RACE-RUN37] host_utc=2026-09-28T09:05:54.105+00:00 host_mono_ns=2345373295636745 === DEBUG [lwip-posix]: udp_sendto called! Bypassing to POSIX sendto ===
[SEDP-RACE-RUN37] host_utc=2026-09-28T09:05:54.105+00:00 host_mono_ns=2345373295645832 
[SEDP-RACE-RUN37] host_utc=2026-09-28T09:05:54.105+00:00 host_mono_ns=2345373295653266 === DEBUG [lwip-posix]: recvfrom received packet of len 204! Bypassing to pcb->recv ===
[SEDP-RACE-RUN37] host_utc=2026-09-28T09:05:54.205+00:00 host_mono_ns=2345373395571317 LOG_NOTICE : 00000000.200 : native peer ready: /to_linux -> /to_stm
[SEDP-RACE-RUN37] host_utc=2026-09-28T09:05:54.205+00:00 host_mono_ns=2345373395627653 
[SEDP-RACE-RUN37] host_utc=2026-09-28T09:05:54.205+00:00 host_mono_ns=2345373395639175 [CR-NATIVE-R04] event=peer_ready subscribe=/to_linux publish=/to_stm type=std_msgs/msg/String
[SEDP-RACE-RUN37] host_utc=2026-09-28T09:05:54.852+00:00 host_mono_ns=2345374043066347 
[SEDP-RACE-RUN37] host_utc=2026-09-28T09:05:54.852+00:00 host_mono_ns=2345374043107265 === DEBUG [lwip-posix]: recvfrom received packet of len 204! Bypassing to pcb->recv ===
[SEDP-RACE-RUN37] host_utc=2026-09-28T09:05:54.852+00:00 host_mono_ns=2345374043140387 
[SEDP-RACE-RUN37] host_utc=2026-09-28T09:05:54.852+00:00 host_mono_ns=2345374043153051 === DEBUG [lwip-posix]: udp_sendto called! Bypassing to POSIX sendto ===
[SEDP-RACE-RUN37] host_utc=2026-09-28T09:05:54.852+00:00 host_mono_ns=2345374043163892 
[SEDP-RACE-RUN37] host_utc=2026-09-28T09:05:54.853+00:00 host_mono_ns=2345374043173951 === DEBUG [lwip-posix]: recvfrom received packet of len 204! Bypassing to pcb->recv ===
[SEDP-RACE-RUN37] host_utc=2026-09-28T09:05:54.854+00:00 host_mono_ns=2345374044780416 
[SEDP-RACE-RUN37] host_utc=2026-09-28T09:05:54.854+00:00 host_mono_ns=2345374044792709 === DEBUG [lwip-posix]: recvfrom received packet of len 52! Bypassing to pcb->recv ===
[SEDP-RACE-RUN37] host_utc=2026-09-28T09:05:54.854+00:00 host_mono_ns=2345374044800634 
[SEDP-RACE-RUN37] host_utc=2026-09-28T09:05:54.854+00:00 host_mono_ns=2345374044807036 === DEBUG [lwip-posix]: udp_sendto called! Bypassing to POSIX sendto ===
[SEDP-RACE-RUN37] host_utc=2026-09-28T09:05:54.854+00:00 host_mono_ns=2345374045093237 
[SEDP-RACE-RUN37] host_utc=2026-09-28T09:05:54.854+00:00 host_mono_ns=2345374045103556 === DEBUG [lwip-posix]: recvfrom received packet of len 52! Bypassing to pcb->recv ===
[SEDP-RACE-RUN37] host_utc=2026-09-28T09:05:54.854+00:00 host_mono_ns=2345374045110650 
[SEDP-RACE-RUN37] host_utc=2026-09-28T09:05:54.854+00:00 host_mono_ns=2345374045117192 === DEBUG [lwip-posix]: udp_sendto called! Bypassing to POSIX sendto ===
[SEDP-RACE-RUN37] host_utc=2026-09-28T09:05:54.854+00:00 host_mono_ns=2345374045123714 
[SEDP-RACE-RUN37] host_utc=2026-09-28T09:05:54.854+00:00 host_mono_ns=2345374045130076 === DEBUG [lwip-posix]: recvfrom received packet of len 52! Bypassing to pcb->recv ===
[SEDP-RACE-RUN37] host_utc=2026-09-28T09:05:54.854+00:00 host_mono_ns=2345374045136709 
[SEDP-RACE-RUN37] host_utc=2026-09-28T09:05:54.854+00:00 host_mono_ns=2345374045143051 === DEBUG [lwip-posix]: udp_sendto called! Bypassing to POSIX sendto ===
[SEDP-RACE-RUN37] host_utc=2026-09-28T09:05:54.855+00:00 host_mono_ns=2345374045619371 
[SEDP-RACE-RUN37] host_utc=2026-09-28T09:05:54.855+00:00 host_mono_ns=2345374045642625 === DEBUG [lwip-posix]: recvfrom received packet of len 52! Bypassing to pcb->recv ===
[SEDP-RACE-RUN37] host_utc=2026-09-28T09:05:54.855+00:00 host_mono_ns=2345374045655259 
[SEDP-RACE-RUN37] host_utc=2026-09-28T09:05:54.855+00:00 host_mono_ns=2345374045666360 === DEBUG [lwip-posix]: udp_sendto called! Bypassing to POSIX sendto ===
[SEDP-RACE-RUN37] host_utc=2026-09-28T09:05:54.855+00:00 host_mono_ns=2345374045682470 
[SEDP-RACE-RUN37] host_utc=2026-09-28T09:05:54.855+00:00 host_mono_ns=2345374045691667 === DEBUG [lwip-posix]: recvfrom received packet of len 52! Bypassing to pcb->recv ===
[SEDP-RACE-RUN37] host_utc=2026-09-28T09:05:54.855+00:00 host_mono_ns=2345374045716144 
[SEDP-RACE-RUN37] host_utc=2026-09-28T09:05:54.855+00:00 host_mono_ns=2345374045725772 === DEBUG [lwip-posix]: udp_sendto called! Bypassing to POSIX sendto ===
[SEDP-RACE-RUN37] host_utc=2026-09-28T09:05:54.855+00:00 host_mono_ns=2345374045735190 
[SEDP-RACE-RUN37] host_utc=2026-09-28T09:05:54.855+00:00 host_mono_ns=2345374045744487 === DEBUG [lwip-posix]: recvfrom received packet of len 204! Bypassing to pcb->recv ===
[SEDP-RACE-RUN37] host_utc=2026-09-28T09:05:54.856+00:00 host_mono_ns=2345374046412299 
[SEDP-RACE-RUN37] host_utc=2026-09-28T09:05:54.856+00:00 host_mono_ns=2345374046437176 === DEBUG [lwip-posix]: recvfrom received packet of len 216! Bypassing to pcb->recv ===
[SEDP-RACE-RUN37] host_utc=2026-09-28T09:05:54.856+00:00 host_mono_ns=2345374046449068 LOG_DEBUG : 00000000.852 : [MROS2LIB] subscriber matched with remote publisher
[SEDP-RACE-RUN37] host_utc=2026-09-28T09:05:54.856+00:00 host_mono_ns=2345374046722505 
[SEDP-RACE-RUN37] host_utc=2026-09-28T09:05:54.856+00:00 host_mono_ns=2345374046746741 === DEBUG [lwip-posix]: recvfrom received packet of len 52! Bypassing to pcb->recv ===
[SEDP-RACE-RUN37] host_utc=2026-09-28T09:05:54.856+00:00 host_mono_ns=2345374046759575 
[SEDP-RACE-RUN37] host_utc=2026-09-28T09:05:54.856+00:00 host_mono_ns=2345374046770275 === DEBUG [lwip-posix]: udp_sendto called! Bypassing to POSIX sendto ===
[SEDP-RACE-RUN37] host_utc=2026-09-28T09:05:54.856+00:00 host_mono_ns=2345374046788009 
[SEDP-RACE-RUN37] host_utc=2026-09-28T09:05:54.856+00:00 host_mono_ns=2345374046798328 === DEBUG [lwip-posix]: recvfrom received packet of len 52! Bypassing to pcb->recv ===
[SEDP-RACE-RUN37] host_utc=2026-09-28T09:05:54.856+00:00 host_mono_ns=2345374046808417 
[SEDP-RACE-RUN37] host_utc=2026-09-28T09:05:54.856+00:00 host_mono_ns=2345374046818065 === DEBUG [lwip-posix]: udp_sendto called! Bypassing to POSIX sendto ===
[SEDP-RACE-RUN37] host_utc=2026-09-28T09:05:54.857+00:00 host_mono_ns=2345374047500445 
[SEDP-RACE-RUN37] host_utc=2026-09-28T09:05:54.857+00:00 host_mono_ns=2345374047530231 === DEBUG [lwip-posix]: recvfrom received packet of len 52! Bypassing to pcb->recv ===
[SEDP-RACE-RUN37] host_utc=2026-09-28T09:05:54.857+00:00 host_mono_ns=2345374047543516 
[SEDP-RACE-RUN37] host_utc=2026-09-28T09:05:54.857+00:00 host_mono_ns=2345374047554036 === DEBUG [lwip-posix]: udp_sendto called! Bypassing to POSIX sendto ===
[SEDP-RACE-RUN37] host_utc=2026-09-28T09:05:54.857+00:00 host_mono_ns=2345374047564406 
[SEDP-RACE-RUN37] host_utc=2026-09-28T09:05:54.857+00:00 host_mono_ns=2345374047574254 === DEBUG [lwip-posix]: recvfrom received packet of len 52! Bypassing to pcb->recv ===
[SEDP-RACE-RUN37] host_utc=2026-09-28T09:05:54.857+00:00 host_mono_ns=2345374047584363 
[SEDP-RACE-RUN37] host_utc=2026-09-28T09:05:54.857+00:00 host_mono_ns=2345374047593981 === DEBUG [lwip-posix]: udp_sendto called! Bypassing to POSIX sendto ===
[SEDP-RACE-RUN37] host_utc=2026-09-28T09:05:54.857+00:00 host_mono_ns=2345374047774112 
[SEDP-RACE-RUN37] host_utc=2026-09-28T09:05:54.857+00:00 host_mono_ns=2345374047798398 === DEBUG [lwip-posix]: recvfrom received packet of len 216! Bypassing to pcb->recv ===
[SEDP-RACE-RUN37] host_utc=2026-09-28T09:05:54.857+00:00 host_mono_ns=2345374047811432 LOG_DEBUG : 00000000.853 : [MROS2LIB] publisher matched with remote subscriber
[SEDP-RACE-RUN37] host_utc=2026-09-28T09:05:54.857+00:00 host_mono_ns=2345374047889420 
[SEDP-RACE-RUN37] host_utc=2026-09-28T09:05:54.857+00:00 host_mono_ns=2345374047900731 === DEBUG [lwip-posix]: recvfrom received packet of len 52! Bypassing to pcb->recv ===
[SEDP-RACE-RUN37] host_utc=2026-09-28T09:05:54.857+00:00 host_mono_ns=2345374047911281 
[SEDP-RACE-RUN37] host_utc=2026-09-28T09:05:54.857+00:00 host_mono_ns=2345374047921129 === DEBUG [lwip-posix]: udp_sendto called! Bypassing to POSIX sendto ===
[SEDP-RACE-RUN37] host_utc=2026-09-28T09:05:54.858+00:00 host_mono_ns=2345374048223912 
[SEDP-RACE-RUN37] host_utc=2026-09-28T09:05:54.858+00:00 host_mono_ns=2345374048264799 === DEBUG [lwip-posix]: recvfrom received packet of len 52! Bypassing to pcb->recv ===
[SEDP-RACE-RUN37] host_utc=2026-09-28T09:05:54.858+00:00 host_mono_ns=2345374048278485 
[SEDP-RACE-RUN37] host_utc=2026-09-28T09:05:54.858+00:00 host_mono_ns=2345374048288824 === DEBUG [lwip-posix]: udp_sendto called! Bypassing to POSIX sendto ===
[SEDP-RACE-RUN37] host_utc=2026-09-28T09:05:54.858+00:00 host_mono_ns=2345374048299344 
[SEDP-RACE-RUN37] host_utc=2026-09-28T09:05:54.858+00:00 host_mono_ns=2345374048309223 === DEBUG [lwip-posix]: recvfrom received packet of len 52! Bypassing to pcb->recv ===
[SEDP-RACE-RUN37] host_utc=2026-09-28T09:05:54.858+00:00 host_mono_ns=2345374048326696 
[SEDP-RACE-RUN37] host_utc=2026-09-28T09:05:54.858+00:00 host_mono_ns=2345374048336945 === DEBUG [lwip-posix]: udp_sendto called! Bypassing to POSIX sendto ===
[SEDP-RACE-RUN37] host_utc=2026-09-28T09:05:54.858+00:00 host_mono_ns=2345374048637323 
[SEDP-RACE-RUN37] host_utc=2026-09-28T09:05:54.858+00:00 host_mono_ns=2345374048661488 === DEBUG [lwip-posix]: recvfrom received packet of len 216! Bypassing to pcb->recv ===
[SEDP-RACE-RUN37] host_utc=2026-09-28T09:05:54.858+00:00 host_mono_ns=2345374048909868 
[SEDP-RACE-RUN37] host_utc=2026-09-28T09:05:54.858+00:00 host_mono_ns=2345374048934113 === DEBUG [lwip-posix]: recvfrom received packet of len 52! Bypassing to pcb->recv ===
[SEDP-RACE-RUN37] host_utc=2026-09-28T09:05:54.858+00:00 host_mono_ns=2345374048946968 
[SEDP-RACE-RUN37] host_utc=2026-09-28T09:05:54.858+00:00 host_mono_ns=2345374048957237 === DEBUG [lwip-posix]: udp_sendto called! Bypassing to POSIX sendto ===
[SEDP-RACE-RUN37] host_utc=2026-09-28T09:05:54.858+00:00 host_mono_ns=2345374048997423 
[SEDP-RACE-RUN37] host_utc=2026-09-28T09:05:54.858+00:00 host_mono_ns=2345374049020386 === DEBUG [lwip-posix]: recvfrom received packet of len 52! Bypassing to pcb->recv ===
[SEDP-RACE-RUN37] host_utc=2026-09-28T09:05:54.858+00:00 host_mono_ns=2345374049036597 
[SEDP-RACE-RUN37] host_utc=2026-09-28T09:05:54.858+00:00 host_mono_ns=2345374049046436 === DEBUG [lwip-posix]: udp_sendto called! Bypassing to POSIX sendto ===
[SEDP-RACE-RUN37] host_utc=2026-09-28T09:05:54.859+00:00 host_mono_ns=2345374049256873 
[SEDP-RACE-RUN37] host_utc=2026-09-28T09:05:54.859+00:00 host_mono_ns=2345374049281049 === DEBUG [lwip-posix]: recvfrom received packet of len 52! Bypassing to pcb->recv ===
[SEDP-RACE-RUN37] host_utc=2026-09-28T09:05:54.859+00:00 host_mono_ns=2345374049294113 
[SEDP-RACE-RUN37] host_utc=2026-09-28T09:05:54.859+00:00 host_mono_ns=2345374049304683 === DEBUG [lwip-posix]: udp_sendto called! Bypassing to POSIX sendto ===
[SEDP-RACE-RUN37] host_utc=2026-09-28T09:05:54.859+00:00 host_mono_ns=2345374049322517 
[SEDP-RACE-RUN37] host_utc=2026-09-28T09:05:54.859+00:00 host_mono_ns=2345374049332706 === DEBUG [lwip-posix]: recvfrom received packet of len 216! Bypassing to pcb->recv ===
[SEDP-RACE-RUN37] host_utc=2026-09-28T09:05:54.859+00:00 host_mono_ns=2345374049790260 
[SEDP-RACE-RUN37] host_utc=2026-09-28T09:05:54.859+00:00 host_mono_ns=2345374049814456 === DEBUG [lwip-posix]: recvfrom received packet of len 52! Bypassing to pcb->recv ===
[SEDP-RACE-RUN37] host_utc=2026-09-28T09:05:54.859+00:00 host_mono_ns=2345374049827290 
[SEDP-RACE-RUN37] host_utc=2026-09-28T09:05:54.859+00:00 host_mono_ns=2345374049837490 === DEBUG [lwip-posix]: udp_sendto called! Bypassing to POSIX sendto ===
[SEDP-RACE-RUN37] host_utc=2026-09-28T09:05:54.859+00:00 host_mono_ns=2345374049847769 
[SEDP-RACE-RUN37] host_utc=2026-09-28T09:05:54.859+00:00 host_mono_ns=2345374049857558 === DEBUG [lwip-posix]: recvfrom received packet of len 52! Bypassing to pcb->recv ===
[SEDP-RACE-RUN37] host_utc=2026-09-28T09:05:54.859+00:00 host_mono_ns=2345374049875031 
[SEDP-RACE-RUN37] host_utc=2026-09-28T09:05:54.859+00:00 host_mono_ns=2345374049885280 === DEBUG [lwip-posix]: udp_sendto called! Bypassing to POSIX sendto ===
[SEDP-RACE-RUN37] host_utc=2026-09-28T09:05:54.859+00:00 host_mono_ns=2345374050067354 
[SEDP-RACE-RUN37] host_utc=2026-09-28T09:05:54.859+00:00 host_mono_ns=2345374050108822 === DEBUG [lwip-posix]: recvfrom received packet of len 216! Bypassing to pcb->recv ===
[SEDP-RACE-RUN37] host_utc=2026-09-28T09:05:54.859+00:00 host_mono_ns=2345374050130052 
[SEDP-RACE-RUN37] host_utc=2026-09-28T09:05:54.859+00:00 host_mono_ns=2345374050141143 === DEBUG [lwip-posix]: recvfrom received packet of len 52! Bypassing to pcb->recv ===
[SEDP-RACE-RUN37] host_utc=2026-09-28T09:05:54.859+00:00 host_mono_ns=2345374050151874 
[SEDP-RACE-RUN37] host_utc=2026-09-28T09:05:54.859+00:00 host_mono_ns=2345374050161732 === DEBUG [lwip-posix]: udp_sendto called! Bypassing to POSIX sendto ===
[SEDP-RACE-RUN37] host_utc=2026-09-28T09:05:54.860+00:00 host_mono_ns=2345374050219992 
[SEDP-RACE-RUN37] host_utc=2026-09-28T09:05:54.860+00:00 host_mono_ns=2345374050230392 === DEBUG [lwip-posix]: recvfrom received packet of len 52! Bypassing to pcb->recv ===
[SEDP-RACE-RUN37] host_utc=2026-09-28T09:05:54.860+00:00 host_mono_ns=2345374050240681 
[SEDP-RACE-RUN37] host_utc=2026-09-28T09:05:54.860+00:00 host_mono_ns=2345374050250290 === DEBUG [lwip-posix]: udp_sendto called! Bypassing to POSIX sendto ===
[SEDP-RACE-RUN37] host_utc=2026-09-28T09:05:54.860+00:00 host_mono_ns=2345374050708565 
[SEDP-RACE-RUN37] host_utc=2026-09-28T09:05:54.860+00:00 host_mono_ns=2345374050732621 === DEBUG [lwip-posix]: recvfrom received packet of len 216! Bypassing to pcb->recv ===
[SEDP-RACE-RUN37] host_utc=2026-09-28T09:05:54.860+00:00 host_mono_ns=2345374050859881 
[SEDP-RACE-RUN37] host_utc=2026-09-28T09:05:54.860+00:00 host_mono_ns=2345374050884177 === DEBUG [lwip-posix]: recvfrom received packet of len 52! Bypassing to pcb->recv ===
[SEDP-RACE-RUN37] host_utc=2026-09-28T09:05:54.860+00:00 host_mono_ns=2345374050897402 
[SEDP-RACE-RUN37] host_utc=2026-09-28T09:05:54.860+00:00 host_mono_ns=2345374050907952 === DEBUG [lwip-posix]: udp_sendto called! Bypassing to POSIX sendto ===
[SEDP-RACE-RUN37] host_utc=2026-09-28T09:05:54.860+00:00 host_mono_ns=2345374050918231 
[SEDP-RACE-RUN37] host_utc=2026-09-28T09:05:54.860+00:00 host_mono_ns=2345374050928080 === DEBUG [lwip-posix]: recvfrom received packet of len 52! Bypassing to pcb->recv ===
[SEDP-RACE-RUN37] host_utc=2026-09-28T09:05:54.860+00:00 host_mono_ns=2345374050938219 
[SEDP-RACE-RUN37] host_utc=2026-09-28T09:05:54.860+00:00 host_mono_ns=2345374050947867 === DEBUG [lwip-posix]: udp_sendto called! Bypassing to POSIX sendto ===
[SEDP-RACE-RUN37] host_utc=2026-09-28T09:05:54.861+00:00 host_mono_ns=2345374051433575 
[SEDP-RACE-RUN37] host_utc=2026-09-28T09:05:54.861+00:00 host_mono_ns=2345374051463432 === DEBUG [lwip-posix]: recvfrom received packet of len 52! Bypassing to pcb->recv ===
[SEDP-RACE-RUN37] host_utc=2026-09-28T09:05:54.861+00:00 host_mono_ns=2345374051476476 
[SEDP-RACE-RUN37] host_utc=2026-09-28T09:05:54.861+00:00 host_mono_ns=2345374051486826 === DEBUG [lwip-posix]: udp_sendto called! Bypassing to POSIX sendto ===
[SEDP-RACE-RUN37] host_utc=2026-09-28T09:05:54.861+00:00 host_mono_ns=2345374051558120 
[SEDP-RACE-RUN37] host_utc=2026-09-28T09:05:54.861+00:00 host_mono_ns=2345374051569171 === DEBUG [lwip-posix]: recvfrom received packet of len 52! Bypassing to pcb->recv ===
[SEDP-RACE-RUN37] host_utc=2026-09-28T09:05:54.861+00:00 host_mono_ns=2345374051579511 
[SEDP-RACE-RUN37] host_utc=2026-09-28T09:05:54.861+00:00 host_mono_ns=2345374051589229 === DEBUG [lwip-posix]: udp_sendto called! Bypassing to POSIX sendto ===
[SEDP-RACE-RUN37] host_utc=2026-09-28T09:05:54.861+00:00 host_mono_ns=2345374051710128 
[SEDP-RACE-RUN37] host_utc=2026-09-28T09:05:54.861+00:00 host_mono_ns=2345374051734263 === DEBUG [lwip-posix]: recvfrom received packet of len 52! Bypassing to pcb->recv ===
[SEDP-RACE-RUN37] host_utc=2026-09-28T09:05:54.861+00:00 host_mono_ns=2345374051747208 
[SEDP-RACE-RUN37] host_utc=2026-09-28T09:05:54.861+00:00 host_mono_ns=2345374051757557 === DEBUG [lwip-posix]: udp_sendto called! Bypassing to POSIX sendto ===
[SEDP-RACE-RUN37] host_utc=2026-09-28T09:05:54.861+00:00 host_mono_ns=2345374052015194 
[SEDP-RACE-RUN37] host_utc=2026-09-28T09:05:54.861+00:00 host_mono_ns=2345374052057113 === DEBUG [lwip-posix]: recvfrom received packet of len 216! Bypassing to pcb->recv ===
[SEDP-RACE-RUN37] host_utc=2026-09-28T09:05:54.861+00:00 host_mono_ns=2345374052070999 
[SEDP-RACE-RUN37] host_utc=2026-09-28T09:05:54.861+00:00 host_mono_ns=2345374052081339 === DEBUG [lwip-posix]: recvfrom received packet of len 52! Bypassing to pcb->recv ===
[SEDP-RACE-RUN37] host_utc=2026-09-28T09:05:54.861+00:00 host_mono_ns=2345374052091989 
[SEDP-RACE-RUN37] host_utc=2026-09-28T09:05:54.861+00:00 host_mono_ns=2345374052101657 === DEBUG [lwip-posix]: udp_sendto called! Bypassing to POSIX sendto ===
[SEDP-RACE-RUN37] host_utc=2026-09-28T09:05:54.861+00:00 host_mono_ns=2345374052134610 
[SEDP-RACE-RUN37] host_utc=2026-09-28T09:05:54.861+00:00 host_mono_ns=2345374052145270 === DEBUG [lwip-posix]: recvfrom received packet of len 52! Bypassing to pcb->recv ===
[SEDP-RACE-RUN37] host_utc=2026-09-28T09:05:54.861+00:00 host_mono_ns=2345374052155529 
[SEDP-RACE-RUN37] host_utc=2026-09-28T09:05:54.861+00:00 host_mono_ns=2345374052165237 === DEBUG [lwip-posix]: udp_sendto called! Bypassing to POSIX sendto ===
[SEDP-RACE-RUN37] host_utc=2026-09-28T09:05:54.862+00:00 host_mono_ns=2345374052721027 
[SEDP-RACE-RUN37] host_utc=2026-09-28T09:05:54.862+00:00 host_mono_ns=2345374052745133 === DEBUG [lwip-posix]: recvfrom received packet of len 52! Bypassing to pcb->recv ===
[SEDP-RACE-RUN37] host_utc=2026-09-28T09:05:54.862+00:00 host_mono_ns=2345374052758047 
[SEDP-RACE-RUN37] host_utc=2026-09-28T09:05:54.862+00:00 host_mono_ns=2345374052768407 === DEBUG [lwip-posix]: udp_sendto called! Bypassing to POSIX sendto ===
[SEDP-RACE-RUN37] host_utc=2026-09-28T09:05:54.862+00:00 host_mono_ns=2345374052785920 
[SEDP-RACE-RUN37] host_utc=2026-09-28T09:05:54.862+00:00 host_mono_ns=2345374052796240 === DEBUG [lwip-posix]: recvfrom received packet of len 52! Bypassing to pcb->recv ===
[SEDP-RACE-RUN37] host_utc=2026-09-28T09:05:54.862+00:00 host_mono_ns=2345374052806479 
[SEDP-RACE-RUN37] host_utc=2026-09-28T09:05:54.862+00:00 host_mono_ns=2345374052816227 === DEBUG [lwip-posix]: udp_sendto called! Bypassing to POSIX sendto ===
[SEDP-RACE-RUN37] host_utc=2026-09-28T09:05:54.862+00:00 host_mono_ns=2345374053089844 
[SEDP-RACE-RUN37] host_utc=2026-09-28T09:05:54.862+00:00 host_mono_ns=2345374053119781 === DEBUG [lwip-posix]: recvfrom received packet of len 52! Bypassing to pcb->recv ===
[SEDP-RACE-RUN37] host_utc=2026-09-28T09:05:54.862+00:00 host_mono_ns=2345374053133026 
[SEDP-RACE-RUN37] host_utc=2026-09-28T09:05:54.862+00:00 host_mono_ns=2345374053143536 === DEBUG [lwip-posix]: udp_sendto called! Bypassing to POSIX sendto ===
[SEDP-RACE-RUN37] host_utc=2026-09-28T09:05:54.863+00:00 host_mono_ns=2345374053419126 
[SEDP-RACE-RUN37] host_utc=2026-09-28T09:05:54.863+00:00 host_mono_ns=2345374053443402 === DEBUG [lwip-posix]: recvfrom received packet of len 52! Bypassing to pcb->recv ===
[SEDP-RACE-RUN37] host_utc=2026-09-28T09:05:54.863+00:00 host_mono_ns=2345374053456317 
[SEDP-RACE-RUN37] host_utc=2026-09-28T09:05:54.863+00:00 host_mono_ns=2345374053466766 === DEBUG [lwip-posix]: udp_sendto called! Bypassing to POSIX sendto ===
[SEDP-RACE-RUN37] host_utc=2026-09-28T09:05:54.863+00:00 host_mono_ns=2345374053659661 
[SEDP-RACE-RUN37] host_utc=2026-09-28T09:05:54.863+00:00 host_mono_ns=2345374053683867 === DEBUG [lwip-posix]: recvfrom received packet of len 52! Bypassing to pcb->recv ===
[SEDP-RACE-RUN37] host_utc=2026-09-28T09:05:54.863+00:00 host_mono_ns=2345374053696781 
[SEDP-RACE-RUN37] host_utc=2026-09-28T09:05:54.863+00:00 host_mono_ns=2345374053707100 === DEBUG [lwip-posix]: udp_sendto called! Bypassing to POSIX sendto ===
[SEDP-RACE-RUN37] host_utc=2026-09-28T09:05:54.863+00:00 host_mono_ns=2345374054017858 
[SEDP-RACE-RUN37] host_utc=2026-09-28T09:05:54.863+00:00 host_mono_ns=2345374054051251 === DEBUG [lwip-posix]: recvfrom received packet of len 52! Bypassing to pcb->recv ===
[SEDP-RACE-RUN37] host_utc=2026-09-28T09:05:54.863+00:00 host_mono_ns=2345374054064696 
[SEDP-RACE-RUN37] host_utc=2026-09-28T09:05:54.863+00:00 host_mono_ns=2345374054086387 === DEBUG [lwip-posix]: udp_sendto called! Bypassing to POSIX sendto ===
[SEDP-RACE-RUN37] host_utc=2026-09-28T09:05:54.863+00:00 host_mono_ns=2345374054105313 
[SEDP-RACE-RUN37] host_utc=2026-09-28T09:05:54.863+00:00 host_mono_ns=2345374054115542 === DEBUG [lwip-posix]: recvfrom received packet of len 52! Bypassing to pcb->recv ===
[SEDP-RACE-RUN37] host_utc=2026-09-28T09:05:54.863+00:00 host_mono_ns=2345374054125792 
[SEDP-RACE-RUN37] host_utc=2026-09-28T09:05:54.863+00:00 host_mono_ns=2345374054135480 === DEBUG [lwip-posix]: udp_sendto called! Bypassing to POSIX sendto ===
[SEDP-RACE-RUN37] host_utc=2026-09-28T09:05:54.864+00:00 host_mono_ns=2345374054549803 
[SEDP-RACE-RUN37] host_utc=2026-09-28T09:05:54.864+00:00 host_mono_ns=2345374054573978 === DEBUG [lwip-posix]: recvfrom received packet of len 52! Bypassing to pcb->recv ===
[SEDP-RACE-RUN37] host_utc=2026-09-28T09:05:54.864+00:00 host_mono_ns=2345374054587213 
[SEDP-RACE-RUN37] host_utc=2026-09-28T09:05:54.864+00:00 host_mono_ns=2345374054597663 === DEBUG [lwip-posix]: udp_sendto called! Bypassing to POSIX sendto ===
[SEDP-RACE-RUN37] host_utc=2026-09-28T09:05:54.864+00:00 host_mono_ns=2345374054608103 
[SEDP-RACE-RUN37] host_utc=2026-09-28T09:05:54.864+00:00 host_mono_ns=2345374054618072 === DEBUG [lwip-posix]: recvfrom received packet of len 52! Bypassing to pcb->recv ===
[SEDP-RACE-RUN37] host_utc=2026-09-28T09:05:54.864+00:00 host_mono_ns=2345374054628101 
[SEDP-RACE-RUN37] host_utc=2026-09-28T09:05:54.864+00:00 host_mono_ns=2345374054637849 === DEBUG [lwip-posix]: udp_sendto called! Bypassing to POSIX sendto ===
[SEDP-RACE-RUN37] host_utc=2026-09-28T09:05:54.864+00:00 host_mono_ns=2345374054857143 
[SEDP-RACE-RUN37] host_utc=2026-09-28T09:05:54.864+00:00 host_mono_ns=2345374054881469 === DEBUG [lwip-posix]: recvfrom received packet of len 52! Bypassing to pcb->recv ===
[SEDP-RACE-RUN37] host_utc=2026-09-28T09:05:54.864+00:00 host_mono_ns=2345374054894494 
[SEDP-RACE-RUN37] host_utc=2026-09-28T09:05:54.864+00:00 host_mono_ns=2345374054904934 === DEBUG [lwip-posix]: udp_sendto called! Bypassing to POSIX sendto ===
[SEDP-RACE-RUN37] host_utc=2026-09-28T09:05:54.864+00:00 host_mono_ns=2345374054936603 
[SEDP-RACE-RUN37] host_utc=2026-09-28T09:05:54.864+00:00 host_mono_ns=2345374054947294 === DEBUG [lwip-posix]: recvfrom received packet of len 52! Bypassing to pcb->recv ===
[SEDP-RACE-RUN37] host_utc=2026-09-28T09:05:54.864+00:00 host_mono_ns=2345374054957523 
[SEDP-RACE-RUN37] host_utc=2026-09-28T09:05:54.864+00:00 host_mono_ns=2345374054967141 === DEBUG [lwip-posix]: udp_sendto called! Bypassing to POSIX sendto ===
[SEDP-RACE-RUN37] host_utc=2026-09-28T09:05:54.865+00:00 host_mono_ns=2345374055343682 
[SEDP-RACE-RUN37] host_utc=2026-09-28T09:05:54.865+00:00 host_mono_ns=2345374055373649 === DEBUG [lwip-posix]: recvfrom received packet of len 52! Bypassing to pcb->recv ===
[SEDP-RACE-RUN37] host_utc=2026-09-28T09:05:54.865+00:00 host_mono_ns=2345374055387004 
[SEDP-RACE-RUN37] host_utc=2026-09-28T09:05:54.865+00:00 host_mono_ns=2345374055397524 === DEBUG [lwip-posix]: udp_sendto called! Bypassing to POSIX sendto ===
[SEDP-RACE-RUN37] host_utc=2026-09-28T09:05:54.865+00:00 host_mono_ns=2345374055654149 
[SEDP-RACE-RUN37] host_utc=2026-09-28T09:05:54.865+00:00 host_mono_ns=2345374055678575 === DEBUG [lwip-posix]: recvfrom received packet of len 52! Bypassing to pcb->recv ===
[SEDP-RACE-RUN37] host_utc=2026-09-28T09:05:54.865+00:00 host_mono_ns=2345374055691359 
[SEDP-RACE-RUN37] host_utc=2026-09-28T09:05:54.865+00:00 host_mono_ns=2345374055701599 === DEBUG [lwip-posix]: udp_sendto called! Bypassing to POSIX sendto ===
[SEDP-RACE-RUN37] host_utc=2026-09-28T09:05:54.865+00:00 host_mono_ns=2345374055711978 
[SEDP-RACE-RUN37] host_utc=2026-09-28T09:05:54.865+00:00 host_mono_ns=2345374055721677 === DEBUG [lwip-posix]: recvfrom received packet of len 52! Bypassing to pcb->recv ===
[SEDP-RACE-RUN37] host_utc=2026-09-28T09:05:54.865+00:00 host_mono_ns=2345374055738879 
[SEDP-RACE-RUN37] host_utc=2026-09-28T09:05:54.865+00:00 host_mono_ns=2345374055760750 === DEBUG [lwip-posix]: udp_sendto called! Bypassing to POSIX sendto ===
[SEDP-RACE-RUN37] host_utc=2026-09-28T09:05:54.865+00:00 host_mono_ns=2345374055943035 
[SEDP-RACE-RUN37] host_utc=2026-09-28T09:05:54.865+00:00 host_mono_ns=2345374055953505 === DEBUG [lwip-posix]: recvfrom received packet of len 52! Bypassing to pcb->recv ===
[SEDP-RACE-RUN37] host_utc=2026-09-28T09:05:54.865+00:00 host_mono_ns=2345374055968012 
[SEDP-RACE-RUN37] host_utc=2026-09-28T09:05:54.865+00:00 host_mono_ns=2345374055977790 === DEBUG [lwip-posix]: udp_sendto called! Bypassing to POSIX sendto ===
[SEDP-RACE-RUN37] host_utc=2026-09-28T09:05:54.865+00:00 host_mono_ns=2345374055991987 
[SEDP-RACE-RUN37] host_utc=2026-09-28T09:05:54.865+00:00 host_mono_ns=2345374056011514 === DEBUG [lwip-posix]: recvfrom received packet of len 52! Bypassing to pcb->recv ===
[SEDP-RACE-RUN37] host_utc=2026-09-28T09:05:54.865+00:00 host_mono_ns=2345374056032434 
[SEDP-RACE-RUN37] host_utc=2026-09-28T09:05:54.865+00:00 host_mono_ns=2345374056042573 === DEBUG [lwip-posix]: udp_sendto called! Bypassing to POSIX sendto ===
[SEDP-RACE-RUN37] host_utc=2026-09-28T09:05:54.866+00:00 host_mono_ns=2345374056386923 
[SEDP-RACE-RUN37] host_utc=2026-09-28T09:05:54.866+00:00 host_mono_ns=2345374056411219 === DEBUG [lwip-posix]: recvfrom received packet of len 52! Bypassing to pcb->recv ===
[SEDP-RACE-RUN37] host_utc=2026-09-28T09:05:54.866+00:00 host_mono_ns=2345374056424344 
[SEDP-RACE-RUN37] host_utc=2026-09-28T09:05:54.866+00:00 host_mono_ns=2345374056434934 === DEBUG [lwip-posix]: udp_sendto called! Bypassing to POSIX sendto ===
[SEDP-RACE-RUN37] host_utc=2026-09-28T09:05:54.866+00:00 host_mono_ns=2345374056445294 
[SEDP-RACE-RUN37] host_utc=2026-09-28T09:05:54.866+00:00 host_mono_ns=2345374056455062 === DEBUG [lwip-posix]: recvfrom received packet of len 52! Bypassing to pcb->recv ===
[SEDP-RACE-RUN37] host_utc=2026-09-28T09:05:54.866+00:00 host_mono_ns=2345374056465111 
[SEDP-RACE-RUN37] host_utc=2026-09-28T09:05:54.866+00:00 host_mono_ns=2345374056474879 === DEBUG [lwip-posix]: udp_sendto called! Bypassing to POSIX sendto ===
[SEDP-RACE-RUN37] host_utc=2026-09-28T09:05:54.866+00:00 host_mono_ns=2345374056949586 
[SEDP-RACE-RUN37] host_utc=2026-09-28T09:05:54.866+00:00 host_mono_ns=2345374056960597 === DEBUG [lwip-posix]: recvfrom received packet of len 52! Bypassing to pcb->recv ===
[SEDP-RACE-RUN37] host_utc=2026-09-28T09:05:54.866+00:00 host_mono_ns=2345374056970906 
[SEDP-RACE-RUN37] host_utc=2026-09-28T09:05:54.866+00:00 host_mono_ns=2345374056980655 === DEBUG [lwip-posix]: udp_sendto called! Bypassing to POSIX sendto ===
[SEDP-RACE-RUN37] host_utc=2026-09-28T09:05:54.866+00:00 host_mono_ns=2345374056990584 
[SEDP-RACE-RUN37] host_utc=2026-09-28T09:05:54.866+00:00 host_mono_ns=2345374057008688 === DEBUG [lwip-posix]: recvfrom received packet of len 52! Bypassing to pcb->recv ===
[SEDP-RACE-RUN37] host_utc=2026-09-28T09:05:54.866+00:00 host_mono_ns=2345374057024688 
[SEDP-RACE-RUN37] host_utc=2026-09-28T09:05:54.866+00:00 host_mono_ns=2345374057034557 === DEBUG [lwip-posix]: udp_sendto called! Bypassing to POSIX sendto ===
[SEDP-RACE-RUN37] host_utc=2026-09-28T09:05:54.867+00:00 host_mono_ns=2345374057312271 
[SEDP-RACE-RUN37] host_utc=2026-09-28T09:05:54.867+00:00 host_mono_ns=2345374057322751 === DEBUG [lwip-posix]: recvfrom received packet of len 52! Bypassing to pcb->recv ===
[SEDP-RACE-RUN37] host_utc=2026-09-28T09:05:54.867+00:00 host_mono_ns=2345374057337559 
[SEDP-RACE-RUN37] host_utc=2026-09-28T09:05:54.867+00:00 host_mono_ns=2345374057347388 === DEBUG [lwip-posix]: udp_sendto called! Bypassing to POSIX sendto ===
[SEDP-RACE-RUN37] host_utc=2026-09-28T09:05:54.867+00:00 host_mono_ns=2345374057357226 
[SEDP-RACE-RUN37] host_utc=2026-09-28T09:05:54.867+00:00 host_mono_ns=2345374057366864 === DEBUG [lwip-posix]: recvfrom received packet of len 52! Bypassing to pcb->recv ===
[SEDP-RACE-RUN37] host_utc=2026-09-28T09:05:54.867+00:00 host_mono_ns=2345374057381051 
[SEDP-RACE-RUN37] host_utc=2026-09-28T09:05:54.867+00:00 host_mono_ns=2345374057402472 === DEBUG [lwip-posix]: udp_sendto called! Bypassing to POSIX sendto ===
[SEDP-RACE-RUN37] host_utc=2026-09-28T09:05:54.867+00:00 host_mono_ns=2345374057783161 
[SEDP-RACE-RUN37] host_utc=2026-09-28T09:05:54.867+00:00 host_mono_ns=2345374057793360 === DEBUG [lwip-posix]: recvfrom received packet of len 52! Bypassing to pcb->recv ===
[SEDP-RACE-RUN37] host_utc=2026-09-28T09:05:54.867+00:00 host_mono_ns=2345374057803339 
[SEDP-RACE-RUN37] host_utc=2026-09-28T09:05:54.867+00:00 host_mono_ns=2345374057813077 === DEBUG [lwip-posix]: udp_sendto called! Bypassing to POSIX sendto ===
[SEDP-RACE-RUN37] host_utc=2026-09-28T09:05:54.867+00:00 host_mono_ns=2345374057822866 
[SEDP-RACE-RUN37] host_utc=2026-09-28T09:05:54.867+00:00 host_mono_ns=2345374057832444 === DEBUG [lwip-posix]: recvfrom received packet of len 52! Bypassing to pcb->recv ===
[SEDP-RACE-RUN37] host_utc=2026-09-28T09:05:54.867+00:00 host_mono_ns=2345374057842202 
[SEDP-RACE-RUN37] host_utc=2026-09-28T09:05:54.867+00:00 host_mono_ns=2345374057851740 === DEBUG [lwip-posix]: udp_sendto called! Bypassing to POSIX sendto ===
[SEDP-RACE-RUN37] host_utc=2026-09-28T09:05:54.868+00:00 host_mono_ns=2345374058172136 
[SEDP-RACE-RUN37] host_utc=2026-09-28T09:05:54.868+00:00 host_mono_ns=2345374058188807 === DEBUG [lwip-posix]: recvfrom received packet of len 52! Bypassing to pcb->recv ===
[SEDP-RACE-RUN37] host_utc=2026-09-28T09:05:54.868+00:00 host_mono_ns=2345374058199237 
[SEDP-RACE-RUN37] host_utc=2026-09-28T09:05:54.868+00:00 host_mono_ns=2345374058208975 === DEBUG [lwip-posix]: udp_sendto called! Bypassing to POSIX sendto ===
[SEDP-RACE-RUN37] host_utc=2026-09-28T09:05:54.868+00:00 host_mono_ns=2345374058259501 
[SEDP-RACE-RUN37] host_utc=2026-09-28T09:05:54.868+00:00 host_mono_ns=2345374058269660 === DEBUG [lwip-posix]: recvfrom received packet of len 52! Bypassing to pcb->recv ===
[SEDP-RACE-RUN37] host_utc=2026-09-28T09:05:54.868+00:00 host_mono_ns=2345374058279529 
[SEDP-RACE-RUN37] host_utc=2026-09-28T09:05:54.868+00:00 host_mono_ns=2345374058289127 === DEBUG [lwip-posix]: udp_sendto called! Bypassing to POSIX sendto ===
[SEDP-RACE-RUN37] host_utc=2026-09-28T09:05:54.868+00:00 host_mono_ns=2345374058601357 
[SEDP-RACE-RUN37] host_utc=2026-09-28T09:05:54.868+00:00 host_mono_ns=2345374058612147 === DEBUG [lwip-posix]: recvfrom received packet of len 52! Bypassing to pcb->recv ===
[SEDP-RACE-RUN37] host_utc=2026-09-28T09:05:54.868+00:00 host_mono_ns=2345374058623509 
[SEDP-RACE-RUN37] host_utc=2026-09-28T09:05:54.868+00:00 host_mono_ns=2345374058633237 === DEBUG [lwip-posix]: udp_sendto called! Bypassing to POSIX sendto ===
[SEDP-RACE-RUN37] host_utc=2026-09-28T09:05:54.868+00:00 host_mono_ns=2345374059065263 
[SEDP-RACE-RUN37] host_utc=2026-09-28T09:05:54.868+00:00 host_mono_ns=2345374059080652 === DEBUG [lwip-posix]: recvfrom received packet of len 52! Bypassing to pcb->recv ===
[SEDP-RACE-RUN37] host_utc=2026-09-28T09:05:54.868+00:00 host_mono_ns=2345374059090811 
[SEDP-RACE-RUN37] host_utc=2026-09-28T09:05:54.868+00:00 host_mono_ns=2345374059100600 === DEBUG [lwip-posix]: udp_sendto called! Bypassing to POSIX sendto ===
[SEDP-RACE-RUN37] host_utc=2026-09-28T09:05:54.868+00:00 host_mono_ns=2345374059115268 
[SEDP-RACE-RUN37] host_utc=2026-09-28T09:05:54.868+00:00 host_mono_ns=2345374059124976 === DEBUG [lwip-posix]: recvfrom received packet of len 52! Bypassing to pcb->recv ===
[SEDP-RACE-RUN37] host_utc=2026-09-28T09:05:54.868+00:00 host_mono_ns=2345374059134835 
[SEDP-RACE-RUN37] host_utc=2026-09-28T09:05:54.868+00:00 host_mono_ns=2345374059144523 === DEBUG [lwip-posix]: udp_sendto called! Bypassing to POSIX sendto ===
[SEDP-RACE-RUN37] host_utc=2026-09-28T09:05:54.869+00:00 host_mono_ns=2345374059656981 
[SEDP-RACE-RUN37] host_utc=2026-09-28T09:05:54.869+00:00 host_mono_ns=2345374059667130 === DEBUG [lwip-posix]: recvfrom received packet of len 52! Bypassing to pcb->recv ===
[SEDP-RACE-RUN37] host_utc=2026-09-28T09:05:54.869+00:00 host_mono_ns=2345374059677069 
[SEDP-RACE-RUN37] host_utc=2026-09-28T09:05:54.869+00:00 host_mono_ns=2345374059695925 === DEBUG [lwip-posix]: udp_sendto called! Bypassing to POSIX sendto ===
[SEDP-RACE-RUN37] host_utc=2026-09-28T09:05:54.869+00:00 host_mono_ns=2345374059710362 
[SEDP-RACE-RUN37] host_utc=2026-09-28T09:05:54.869+00:00 host_mono_ns=2345374059720261 === DEBUG [lwip-posix]: recvfrom received packet of len 52! Bypassing to pcb->recv ===
[SEDP-RACE-RUN37] host_utc=2026-09-28T09:05:54.869+00:00 host_mono_ns=2345374059752141 
[SEDP-RACE-RUN37] host_utc=2026-09-28T09:05:54.869+00:00 host_mono_ns=2345374059762521 === DEBUG [lwip-posix]: udp_sendto called! Bypassing to POSIX sendto ===
[SEDP-RACE-RUN37] host_utc=2026-09-28T09:05:54.869+00:00 host_mono_ns=2345374060050685 
[SEDP-RACE-RUN37] host_utc=2026-09-28T09:05:54.869+00:00 host_mono_ns=2345374060064872 === DEBUG [lwip-posix]: recvfrom received packet of len 52! Bypassing to pcb->recv ===
[SEDP-RACE-RUN37] host_utc=2026-09-28T09:05:54.869+00:00 host_mono_ns=2345374060074811 
[SEDP-RACE-RUN37] host_utc=2026-09-28T09:05:54.869+00:00 host_mono_ns=2345374060084489 === DEBUG [lwip-posix]: udp_sendto called! Bypassing to POSIX sendto ===
[SEDP-RACE-RUN37] host_utc=2026-09-28T09:05:54.870+00:00 host_mono_ns=2345374060317880 
[SEDP-RACE-RUN37] host_utc=2026-09-28T09:05:54.870+00:00 host_mono_ns=2345374060328089 === DEBUG [lwip-posix]: recvfrom received packet of len 52! Bypassing to pcb->recv ===
[SEDP-RACE-RUN37] host_utc=2026-09-28T09:05:54.870+00:00 host_mono_ns=2345374060337988 
[SEDP-RACE-RUN37] host_utc=2026-09-28T09:05:54.870+00:00 host_mono_ns=2345374060347796 === DEBUG [lwip-posix]: udp_sendto called! Bypassing to POSIX sendto ===
[SEDP-RACE-RUN37] host_utc=2026-09-28T09:05:54.870+00:00 host_mono_ns=2345374060362093 
[SEDP-RACE-RUN37] host_utc=2026-09-28T09:05:54.870+00:00 host_mono_ns=2345374060371932 === DEBUG [lwip-posix]: recvfrom received packet of len 52! Bypassing to pcb->recv ===
[SEDP-RACE-RUN37] host_utc=2026-09-28T09:05:54.870+00:00 host_mono_ns=2345374060381730 
[SEDP-RACE-RUN37] host_utc=2026-09-28T09:05:54.870+00:00 host_mono_ns=2345374060391359 === DEBUG [lwip-posix]: udp_sendto called! Bypassing to POSIX sendto ===
[SEDP-RACE-RUN37] host_utc=2026-09-28T09:05:54.870+00:00 host_mono_ns=2345374060795913 
[SEDP-RACE-RUN37] host_utc=2026-09-28T09:05:54.870+00:00 host_mono_ns=2345374060806082 === DEBUG [lwip-posix]: recvfrom received packet of len 52! Bypassing to pcb->recv ===
[SEDP-RACE-RUN37] host_utc=2026-09-28T09:05:54.870+00:00 host_mono_ns=2345374060816081 
[SEDP-RACE-RUN37] host_utc=2026-09-28T09:05:54.870+00:00 host_mono_ns=2345374060825779 === DEBUG [lwip-posix]: udp_sendto called! Bypassing to POSIX sendto ===
[SEDP-RACE-RUN37] host_utc=2026-09-28T09:05:54.870+00:00 host_mono_ns=2345374060909467 
[SEDP-RACE-RUN37] host_utc=2026-09-28T09:05:54.870+00:00 host_mono_ns=2345374060919627 === DEBUG [lwip-posix]: recvfrom received packet of len 52! Bypassing to pcb->recv ===
[SEDP-RACE-RUN37] host_utc=2026-09-28T09:05:54.870+00:00 host_mono_ns=2345374060929726 
[SEDP-RACE-RUN37] host_utc=2026-09-28T09:05:54.870+00:00 host_mono_ns=2345374060939354 === DEBUG [lwip-posix]: udp_sendto called! Bypassing to POSIX sendto ===
[SEDP-RACE-RUN37] host_utc=2026-09-28T09:05:54.870+00:00 host_mono_ns=2345374061139191 
[SEDP-RACE-RUN37] host_utc=2026-09-28T09:05:54.870+00:00 host_mono_ns=2345374061153098 === DEBUG [lwip-posix]: recvfrom received packet of len 52! Bypassing to pcb->recv ===
[SEDP-RACE-RUN37] host_utc=2026-09-28T09:05:54.870+00:00 host_mono_ns=2345374061163117 
[SEDP-RACE-RUN37] host_utc=2026-09-28T09:05:54.871+00:00 host_mono_ns=2345374061172775 === DEBUG [lwip-posix]: udp_sendto called! Bypassing to POSIX sendto ===
[SEDP-RACE-RUN37] host_utc=2026-09-28T09:05:54.871+00:00 host_mono_ns=2345374061374035 
[SEDP-RACE-RUN37] host_utc=2026-09-28T09:05:54.871+00:00 host_mono_ns=2345374061384325 === DEBUG [lwip-posix]: recvfrom received packet of len 52! Bypassing to pcb->recv ===
[SEDP-RACE-RUN37] host_utc=2026-09-28T09:05:54.871+00:00 host_mono_ns=2345374061399113 
[SEDP-RACE-RUN37] host_utc=2026-09-28T09:05:54.871+00:00 host_mono_ns=2345374061408871 === DEBUG [lwip-posix]: udp_sendto called! Bypassing to POSIX sendto ===
[SEDP-RACE-RUN37] host_utc=2026-09-28T09:05:54.871+00:00 host_mono_ns=2345374061426134 
[SEDP-RACE-RUN37] host_utc=2026-09-28T09:05:54.871+00:00 host_mono_ns=2345374061435922 === DEBUG [lwip-posix]: recvfrom received packet of len 52! Bypassing to pcb->recv ===
[SEDP-RACE-RUN37] host_utc=2026-09-28T09:05:54.871+00:00 host_mono_ns=2345374061445751 
[SEDP-RACE-RUN37] host_utc=2026-09-28T09:05:54.871+00:00 host_mono_ns=2345374061455359 === DEBUG [lwip-posix]: udp_sendto called! Bypassing to POSIX sendto ===
[SEDP-RACE-RUN37] host_utc=2026-09-28T09:05:54.871+00:00 host_mono_ns=2345374061908074 
[SEDP-RACE-RUN37] host_utc=2026-09-28T09:05:54.871+00:00 host_mono_ns=2345374061918323 === DEBUG [lwip-posix]: recvfrom received packet of len 52! Bypassing to pcb->recv ===
[SEDP-RACE-RUN37] host_utc=2026-09-28T09:05:54.871+00:00 host_mono_ns=2345374061928322 
[SEDP-RACE-RUN37] host_utc=2026-09-28T09:05:54.871+00:00 host_mono_ns=2345374061938031 === DEBUG [lwip-posix]: udp_sendto called! Bypassing to POSIX sendto ===
[SEDP-RACE-RUN37] host_utc=2026-09-28T09:05:54.871+00:00 host_mono_ns=2345374061947829 
[SEDP-RACE-RUN37] host_utc=2026-09-28T09:05:54.871+00:00 host_mono_ns=2345374061957518 === DEBUG [lwip-posix]: recvfrom received packet of len 52! Bypassing to pcb->recv ===
[SEDP-RACE-RUN37] host_utc=2026-09-28T09:05:54.871+00:00 host_mono_ns=2345374061967346 
[SEDP-RACE-RUN37] host_utc=2026-09-28T09:05:54.871+00:00 host_mono_ns=2345374061976954 === DEBUG [lwip-posix]: udp_sendto called! Bypassing to POSIX sendto ===
[SEDP-RACE-RUN37] host_utc=2026-09-28T09:05:54.872+00:00 host_mono_ns=2345374062352694 
[SEDP-RACE-RUN37] host_utc=2026-09-28T09:05:54.872+00:00 host_mono_ns=2345374062368454 === DEBUG [lwip-posix]: recvfrom received packet of len 52! Bypassing to pcb->recv ===
[SEDP-RACE-RUN37] host_utc=2026-09-28T09:05:54.872+00:00 host_mono_ns=2345374062378813 
[SEDP-RACE-RUN37] host_utc=2026-09-28T09:05:54.872+00:00 host_mono_ns=2345374062388432 === DEBUG [lwip-posix]: udp_sendto called! Bypassing to POSIX sendto ===
[SEDP-RACE-RUN37] host_utc=2026-09-28T09:05:54.872+00:00 host_mono_ns=2345374062427255 
[SEDP-RACE-RUN37] host_utc=2026-09-28T09:05:54.872+00:00 host_mono_ns=2345374062437504 === DEBUG [lwip-posix]: recvfrom received packet of len 52! Bypassing to pcb->recv ===
[SEDP-RACE-RUN37] host_utc=2026-09-28T09:05:54.872+00:00 host_mono_ns=2345374062447493 
[SEDP-RACE-RUN37] host_utc=2026-09-28T09:05:54.872+00:00 host_mono_ns=2345374062457222 === DEBUG [lwip-posix]: udp_sendto called! Bypassing to POSIX sendto ===
[SEDP-RACE-RUN37] host_utc=2026-09-28T09:05:54.872+00:00 host_mono_ns=2345374062782236 
[SEDP-RACE-RUN37] host_utc=2026-09-28T09:05:54.872+00:00 host_mono_ns=2345374062792215 === DEBUG [lwip-posix]: recvfrom received packet of len 52! Bypassing to pcb->recv ===
[SEDP-RACE-RUN37] host_utc=2026-09-28T09:05:54.872+00:00 host_mono_ns=2345374062802213 
[SEDP-RACE-RUN37] host_utc=2026-09-28T09:05:54.872+00:00 host_mono_ns=2345374062811832 === DEBUG [lwip-posix]: udp_sendto called! Bypassing to POSIX sendto ===
[SEDP-RACE-RUN37] host_utc=2026-09-28T09:05:54.872+00:00 host_mono_ns=2345374063077734 
[SEDP-RACE-RUN37] host_utc=2026-09-28T09:05:54.872+00:00 host_mono_ns=2345374063093454 === DEBUG [lwip-posix]: recvfrom received packet of len 52! Bypassing to pcb->recv ===
[SEDP-RACE-RUN37] host_utc=2026-09-28T09:05:54.872+00:00 host_mono_ns=2345374063103803 
[SEDP-RACE-RUN37] host_utc=2026-09-28T09:05:54.872+00:00 host_mono_ns=2345374063113572 === DEBUG [lwip-posix]: udp_sendto called! Bypassing to POSIX sendto ===
[SEDP-RACE-RUN37] host_utc=2026-09-28T09:05:54.872+00:00 host_mono_ns=2345374063123540 
[SEDP-RACE-RUN37] host_utc=2026-09-28T09:05:54.872+00:00 host_mono_ns=2345374063133199 === DEBUG [lwip-posix]: recvfrom received packet of len 52! Bypassing to pcb->recv ===
[SEDP-RACE-RUN37] host_utc=2026-09-28T09:05:54.872+00:00 host_mono_ns=2345374063143198 
[SEDP-RACE-RUN37] host_utc=2026-09-28T09:05:54.872+00:00 host_mono_ns=2345374063152846 === DEBUG [lwip-posix]: udp_sendto called! Bypassing to POSIX sendto ===
[SEDP-RACE-RUN37] host_utc=2026-09-28T09:05:54.873+00:00 host_mono_ns=2345374063607044 
[SEDP-RACE-RUN37] host_utc=2026-09-28T09:05:54.873+00:00 host_mono_ns=2345374063619267 === DEBUG [lwip-posix]: recvfrom received packet of len 52! Bypassing to pcb->recv ===
[SEDP-RACE-RUN37] host_utc=2026-09-28T09:05:54.873+00:00 host_mono_ns=2345374063629546 
[SEDP-RACE-RUN37] host_utc=2026-09-28T09:05:54.873+00:00 host_mono_ns=2345374063639295 === DEBUG [lwip-posix]: udp_sendto called! Bypassing to POSIX sendto ===
[SEDP-RACE-RUN37] host_utc=2026-09-28T09:05:54.873+00:00 host_mono_ns=2345374063667348 
[SEDP-RACE-RUN37] host_utc=2026-09-28T09:05:54.873+00:00 host_mono_ns=2345374063677427 === DEBUG [lwip-posix]: recvfrom received packet of len 52! Bypassing to pcb->recv ===
[SEDP-RACE-RUN37] host_utc=2026-09-28T09:05:54.873+00:00 host_mono_ns=2345374063687406 
[SEDP-RACE-RUN37] host_utc=2026-09-28T09:05:54.873+00:00 host_mono_ns=2345374063697224 === DEBUG [lwip-posix]: udp_sendto called! Bypassing to POSIX sendto ===
[SEDP-RACE-RUN37] host_utc=2026-09-28T09:05:54.873+00:00 host_mono_ns=2345374063943119 
[SEDP-RACE-RUN37] host_utc=2026-09-28T09:05:54.873+00:00 host_mono_ns=2345374063953218 === DEBUG [lwip-posix]: recvfrom received packet of len 52! Bypassing to pcb->recv ===
[SEDP-RACE-RUN37] host_utc=2026-09-28T09:05:54.873+00:00 host_mono_ns=2345374063963206 
[SEDP-RACE-RUN37] host_utc=2026-09-28T09:05:54.873+00:00 host_mono_ns=2345374063972895 === DEBUG [lwip-posix]: udp_sendto called! Bypassing to POSIX sendto ===
[SEDP-RACE-RUN37] host_utc=2026-09-28T09:05:54.874+00:00 host_mono_ns=2345374064219160 
[SEDP-RACE-RUN37] host_utc=2026-09-28T09:05:54.874+00:00 host_mono_ns=2345374064233507 === DEBUG [lwip-posix]: recvfrom received packet of len 52! Bypassing to pcb->recv ===
[SEDP-RACE-RUN37] host_utc=2026-09-28T09:05:54.874+00:00 host_mono_ns=2345374064243656 
[SEDP-RACE-RUN37] host_utc=2026-09-28T09:05:54.874+00:00 host_mono_ns=2345374064253375 === DEBUG [lwip-posix]: udp_sendto called! Bypassing to POSIX sendto ===
[SEDP-RACE-RUN37] host_utc=2026-09-28T09:05:54.874+00:00 host_mono_ns=2345374064539776 
[SEDP-RACE-RUN37] host_utc=2026-09-28T09:05:54.874+00:00 host_mono_ns=2345374064549935 === DEBUG [lwip-posix]: recvfrom received packet of len 52! Bypassing to pcb->recv ===
[SEDP-RACE-RUN37] host_utc=2026-09-28T09:05:54.874+00:00 host_mono_ns=2345374064559924 
[SEDP-RACE-RUN37] host_utc=2026-09-28T09:05:54.874+00:00 host_mono_ns=2345374064569542 === DEBUG [lwip-posix]: udp_sendto called! Bypassing to POSIX sendto ===
[SEDP-RACE-RUN37] host_utc=2026-09-28T09:05:54.874+00:00 host_mono_ns=2345374064796090 
[SEDP-RACE-RUN37] host_utc=2026-09-28T09:05:54.874+00:00 host_mono_ns=2345374064806179 === DEBUG [lwip-posix]: recvfrom received packet of len 52! Bypassing to pcb->recv ===
[SEDP-RACE-RUN37] host_utc=2026-09-28T09:05:54.874+00:00 host_mono_ns=2345374064816098 
[SEDP-RACE-RUN37] host_utc=2026-09-28T09:05:54.874+00:00 host_mono_ns=2345374064825756 === DEBUG [lwip-posix]: udp_sendto called! Bypassing to POSIX sendto ===
[SEDP-RACE-RUN37] host_utc=2026-09-28T09:05:54.874+00:00 host_mono_ns=2345374064835545 
[SEDP-RACE-RUN37] host_utc=2026-09-28T09:05:54.874+00:00 host_mono_ns=2345374064845143 === DEBUG [lwip-posix]: recvfrom received packet of len 52! Bypassing to pcb->recv ===
[SEDP-RACE-RUN37] host_utc=2026-09-28T09:05:54.874+00:00 host_mono_ns=2345374064854911 
[SEDP-RACE-RUN37] host_utc=2026-09-28T09:05:54.874+00:00 host_mono_ns=2345374064864640 === DEBUG [lwip-posix]: udp_sendto called! Bypassing to POSIX sendto ===
[SEDP-RACE-RUN37] host_utc=2026-09-28T09:05:54.875+00:00 host_mono_ns=2345374065450737 
[SEDP-RACE-RUN37] host_utc=2026-09-28T09:05:54.875+00:00 host_mono_ns=2345374065464633 === DEBUG [lwip-posix]: recvfrom received packet of len 52! Bypassing to pcb->recv ===
[SEDP-RACE-RUN37] host_utc=2026-09-28T09:05:54.875+00:00 host_mono_ns=2345374065474782 
[SEDP-RACE-RUN37] host_utc=2026-09-28T09:05:54.875+00:00 host_mono_ns=2345374065484501 === DEBUG [lwip-posix]: udp_sendto called! Bypassing to POSIX sendto ===
[SEDP-RACE-RUN37] host_utc=2026-09-28T09:05:54.875+00:00 host_mono_ns=2345374065540086 
[SEDP-RACE-RUN37] host_utc=2026-09-28T09:05:54.875+00:00 host_mono_ns=2345374065550676 === DEBUG [lwip-posix]: recvfrom received packet of len 52! Bypassing to pcb->recv ===
[SEDP-RACE-RUN37] host_utc=2026-09-28T09:05:54.875+00:00 host_mono_ns=2345374065564191 
[SEDP-RACE-RUN37] host_utc=2026-09-28T09:05:54.875+00:00 host_mono_ns=2345374065572547 === DEBUG [lwip-posix]: udp_sendto called! Bypassing to POSIX sendto ===
[SEDP-RACE-RUN37] host_utc=2026-09-28T09:05:54.875+00:00 host_mono_ns=2345374065775350 
[SEDP-RACE-RUN37] host_utc=2026-09-28T09:05:54.875+00:00 host_mono_ns=2345374065784067 === DEBUG [lwip-posix]: recvfrom received packet of len 52! Bypassing to pcb->recv ===
[SEDP-RACE-RUN37] host_utc=2026-09-28T09:05:54.875+00:00 host_mono_ns=2345374065792442 
[SEDP-RACE-RUN37] host_utc=2026-09-28T09:05:54.875+00:00 host_mono_ns=2345374065800648 === DEBUG [lwip-posix]: udp_sendto called! Bypassing to POSIX sendto ===
[SEDP-RACE-RUN37] host_utc=2026-09-28T09:05:54.875+00:00 host_mono_ns=2345374065812731 
[SEDP-RACE-RUN37] host_utc=2026-09-28T09:05:54.875+00:00 host_mono_ns=2345374065820956 === DEBUG [lwip-posix]: recvfrom received packet of len 52! Bypassing to pcb->recv ===
[SEDP-RACE-RUN37] host_utc=2026-09-28T09:05:54.875+00:00 host_mono_ns=2345374065829292 
[SEDP-RACE-RUN37] host_utc=2026-09-28T09:05:54.875+00:00 host_mono_ns=2345374065837638 === DEBUG [lwip-posix]: udp_sendto called! Bypassing to POSIX sendto ===
[SEDP-RACE-RUN37] host_utc=2026-09-28T09:05:54.876+00:00 host_mono_ns=2345374066464823 
[SEDP-RACE-RUN37] host_utc=2026-09-28T09:05:54.876+00:00 host_mono_ns=2345374066477136 === DEBUG [lwip-posix]: recvfrom received packet of len 52! Bypassing to pcb->recv ===
[SEDP-RACE-RUN37] host_utc=2026-09-28T09:05:54.876+00:00 host_mono_ns=2345374066485702 
[SEDP-RACE-RUN37] host_utc=2026-09-28T09:05:54.876+00:00 host_mono_ns=2345374066493958 === DEBUG [lwip-posix]: udp_sendto called! Bypassing to POSIX sendto ===
[SEDP-RACE-RUN37] host_utc=2026-09-28T09:05:54.876+00:00 host_mono_ns=2345374066506131 
[SEDP-RACE-RUN37] host_utc=2026-09-28T09:05:54.876+00:00 host_mono_ns=2345374066514376 === DEBUG [lwip-posix]: recvfrom received packet of len 52! Bypassing to pcb->recv ===
[SEDP-RACE-RUN37] host_utc=2026-09-28T09:05:54.876+00:00 host_mono_ns=2345374066522772 
[SEDP-RACE-RUN37] host_utc=2026-09-28T09:05:54.876+00:00 host_mono_ns=2345374066530958 === DEBUG [lwip-posix]: udp_sendto called! Bypassing to POSIX sendto ===
[SEDP-RACE-RUN37] host_utc=2026-09-28T09:05:54.876+00:00 host_mono_ns=2345374066889565 
[SEDP-RACE-RUN37] host_utc=2026-09-28T09:05:54.876+00:00 host_mono_ns=2345374066898392 === DEBUG [lwip-posix]: recvfrom received packet of len 52! Bypassing to pcb->recv ===
[SEDP-RACE-RUN37] host_utc=2026-09-28T09:05:54.876+00:00 host_mono_ns=2345374066906788 
[SEDP-RACE-RUN37] host_utc=2026-09-28T09:05:54.876+00:00 host_mono_ns=2345374066915134 === DEBUG [lwip-posix]: udp_sendto called! Bypassing to POSIX sendto ===
[SEDP-RACE-RUN37] host_utc=2026-09-28T09:05:54.876+00:00 host_mono_ns=2345374067149206 
[SEDP-RACE-RUN37] host_utc=2026-09-28T09:05:54.876+00:00 host_mono_ns=2345374067163142 === DEBUG [lwip-posix]: recvfrom received packet of len 52! Bypassing to pcb->recv ===
[SEDP-RACE-RUN37] host_utc=2026-09-28T09:05:54.877+00:00 host_mono_ns=2345374067171949 
[SEDP-RACE-RUN37] host_utc=2026-09-28T09:05:54.877+00:00 host_mono_ns=2345374067180224 === DEBUG [lwip-posix]: udp_sendto called! Bypassing to POSIX sendto ===
[SEDP-RACE-RUN37] host_utc=2026-09-28T09:05:54.877+00:00 host_mono_ns=2345374067313306 
[SEDP-RACE-RUN37] host_utc=2026-09-28T09:05:54.877+00:00 host_mono_ns=2345374067322042 === DEBUG [lwip-posix]: recvfrom received packet of len 52! Bypassing to pcb->recv ===
[SEDP-RACE-RUN37] host_utc=2026-09-28T09:05:54.877+00:00 host_mono_ns=2345374067330448 
[SEDP-RACE-RUN37] host_utc=2026-09-28T09:05:54.877+00:00 host_mono_ns=2345374067338784 === DEBUG [lwip-posix]: udp_sendto called! Bypassing to POSIX sendto ===
[SEDP-RACE-RUN37] host_utc=2026-09-28T09:05:54.877+00:00 host_mono_ns=2345374067465784 
[SEDP-RACE-RUN37] host_utc=2026-09-28T09:05:54.877+00:00 host_mono_ns=2345374067474771 === DEBUG [lwip-posix]: recvfrom received packet of len 52! Bypassing to pcb->recv ===
[SEDP-RACE-RUN37] host_utc=2026-09-28T09:05:54.877+00:00 host_mono_ns=2345374067483227 
[SEDP-RACE-RUN37] host_utc=2026-09-28T09:05:54.877+00:00 host_mono_ns=2345374067491543 === DEBUG [lwip-posix]: udp_sendto called! Bypassing to POSIX sendto ===
[SEDP-RACE-RUN37] host_utc=2026-09-28T09:05:54.877+00:00 host_mono_ns=2345374067503615 
[SEDP-RACE-RUN37] host_utc=2026-09-28T09:05:54.877+00:00 host_mono_ns=2345374067511951 === DEBUG [lwip-posix]: recvfrom received packet of len 52! Bypassing to pcb->recv ===
[SEDP-RACE-RUN37] host_utc=2026-09-28T09:05:54.877+00:00 host_mono_ns=2345374067520267 
[SEDP-RACE-RUN37] host_utc=2026-09-28T09:05:54.877+00:00 host_mono_ns=2345374067528432 === DEBUG [lwip-posix]: udp_sendto called! Bypassing to POSIX sendto ===
[SEDP-RACE-RUN37] host_utc=2026-09-28T09:05:54.877+00:00 host_mono_ns=2345374067784987 
[SEDP-RACE-RUN37] host_utc=2026-09-28T09:05:54.877+00:00 host_mono_ns=2345374067793733 === DEBUG [lwip-posix]: recvfrom received packet of len 52! Bypassing to pcb->recv ===
[SEDP-RACE-RUN37] host_utc=2026-09-28T09:05:54.877+00:00 host_mono_ns=2345374067802179 
[SEDP-RACE-RUN37] host_utc=2026-09-28T09:05:54.877+00:00 host_mono_ns=2345374067810435 === DEBUG [lwip-posix]: udp_sendto called! Bypassing to POSIX sendto ===
[SEDP-RACE-RUN37] host_utc=2026-09-28T09:05:54.877+00:00 host_mono_ns=2345374067818771 
[SEDP-RACE-RUN37] host_utc=2026-09-28T09:05:54.877+00:00 host_mono_ns=2345374067826856 === DEBUG [lwip-posix]: recvfrom received packet of len 52! Bypassing to pcb->recv ===
[SEDP-RACE-RUN37] host_utc=2026-09-28T09:05:54.877+00:00 host_mono_ns=2345374067835242 
[SEDP-RACE-RUN37] host_utc=2026-09-28T09:05:54.877+00:00 host_mono_ns=2345374067843407 === DEBUG [lwip-posix]: udp_sendto called! Bypassing to POSIX sendto ===
[SEDP-RACE-RUN37] host_utc=2026-09-28T09:05:54.878+00:00 host_mono_ns=2345374068294560 
[SEDP-RACE-RUN37] host_utc=2026-09-28T09:05:54.878+00:00 host_mono_ns=2345374068307374 === DEBUG [lwip-posix]: recvfrom received packet of len 52! Bypassing to pcb->recv ===
[SEDP-RACE-RUN37] host_utc=2026-09-28T09:05:54.878+00:00 host_mono_ns=2345374068315840 
[SEDP-RACE-RUN37] host_utc=2026-09-28T09:05:54.878+00:00 host_mono_ns=2345374068324136 === DEBUG [lwip-posix]: udp_sendto called! Bypassing to POSIX sendto ===
[SEDP-RACE-RUN37] host_utc=2026-09-28T09:05:54.878+00:00 host_mono_ns=2345374068459010 
[SEDP-RACE-RUN37] host_utc=2026-09-28T09:05:54.878+00:00 host_mono_ns=2345374068467617 === DEBUG [lwip-posix]: recvfrom received packet of len 52! Bypassing to pcb->recv ===
[SEDP-RACE-RUN37] host_utc=2026-09-28T09:05:54.878+00:00 host_mono_ns=2345374068476153 
[SEDP-RACE-RUN37] host_utc=2026-09-28T09:05:54.878+00:00 host_mono_ns=2345374068484318 === DEBUG [lwip-posix]: udp_sendto called! Bypassing to POSIX sendto ===
[SEDP-RACE-RUN37] host_utc=2026-09-28T09:05:54.878+00:00 host_mono_ns=2345374068743458 
[SEDP-RACE-RUN37] host_utc=2026-09-28T09:05:54.878+00:00 host_mono_ns=2345374068752194 === DEBUG [lwip-posix]: recvfrom received packet of len 52! Bypassing to pcb->recv ===
[SEDP-RACE-RUN37] host_utc=2026-09-28T09:05:54.878+00:00 host_mono_ns=2345374068760660 
[SEDP-RACE-RUN37] host_utc=2026-09-28T09:05:54.878+00:00 host_mono_ns=2345374068768856 === DEBUG [lwip-posix]: udp_sendto called! Bypassing to POSIX sendto ===
[SEDP-RACE-RUN37] host_utc=2026-09-28T09:05:54.878+00:00 host_mono_ns=2345374069107486 
[SEDP-RACE-RUN37] host_utc=2026-09-28T09:05:54.878+00:00 host_mono_ns=2345374069120831 === DEBUG [lwip-posix]: recvfrom received packet of len 52! Bypassing to pcb->recv ===
[SEDP-RACE-RUN37] host_utc=2026-09-28T09:05:54.878+00:00 host_mono_ns=2345374069129577 
[SEDP-RACE-RUN37] host_utc=2026-09-28T09:05:54.878+00:00 host_mono_ns=2345374069137763 === DEBUG [lwip-posix]: udp_sendto called! Bypassing to POSIX sendto ===
[SEDP-RACE-RUN37] host_utc=2026-09-28T09:05:54.878+00:00 host_mono_ns=2345374069154184 
[SEDP-RACE-RUN37] host_utc=2026-09-28T09:05:54.878+00:00 host_mono_ns=2345374069162429 === DEBUG [lwip-posix]: recvfrom received packet of len 52! Bypassing to pcb->recv ===
[SEDP-RACE-RUN37] host_utc=2026-09-28T09:05:54.879+00:00 host_mono_ns=2345374069170865 
[SEDP-RACE-RUN37] host_utc=2026-09-28T09:05:54.879+00:00 host_mono_ns=2345374069179051 === DEBUG [lwip-posix]: udp_sendto called! Bypassing to POSIX sendto ===
[SEDP-RACE-RUN37] host_utc=2026-09-28T09:05:54.879+00:00 host_mono_ns=2345374069426538 
[SEDP-RACE-RUN37] host_utc=2026-09-28T09:05:54.879+00:00 host_mono_ns=2345374069435335 === DEBUG [lwip-posix]: recvfrom received packet of len 52! Bypassing to pcb->recv ===
[SEDP-RACE-RUN37] host_utc=2026-09-28T09:05:54.879+00:00 host_mono_ns=2345374069443831 
[SEDP-RACE-RUN37] host_utc=2026-09-28T09:05:54.879+00:00 host_mono_ns=2345374069452097 === DEBUG [lwip-posix]: udp_sendto called! Bypassing to POSIX sendto ===
[SEDP-RACE-RUN37] host_utc=2026-09-28T09:05:54.879+00:00 host_mono_ns=2345374069464009 
[SEDP-RACE-RUN37] host_utc=2026-09-28T09:05:54.879+00:00 host_mono_ns=2345374069472315 === DEBUG [lwip-posix]: recvfrom received packet of len 52! Bypassing to pcb->recv ===
[SEDP-RACE-RUN37] host_utc=2026-09-28T09:05:54.879+00:00 host_mono_ns=2345374069480671 
[SEDP-RACE-RUN37] host_utc=2026-09-28T09:05:54.879+00:00 host_mono_ns=2345374069488836 === DEBUG [lwip-posix]: udp_sendto called! Bypassing to POSIX sendto ===
[SEDP-RACE-RUN37] host_utc=2026-09-28T09:05:54.879+00:00 host_mono_ns=2345374070097426 
[SEDP-RACE-RUN37] host_utc=2026-09-28T09:05:54.879+00:00 host_mono_ns=2345374070109839 === DEBUG [lwip-posix]: recvfrom received packet of len 52! Bypassing to pcb->recv ===
[SEDP-RACE-RUN37] host_utc=2026-09-28T09:05:54.879+00:00 host_mono_ns=2345374070118405 
[SEDP-RACE-RUN37] host_utc=2026-09-28T09:05:54.879+00:00 host_mono_ns=2345374070126591 === DEBUG [lwip-posix]: udp_sendto called! Bypassing to POSIX sendto ===
[SEDP-RACE-RUN37] host_utc=2026-09-28T09:05:54.879+00:00 host_mono_ns=2345374070138854 
[SEDP-RACE-RUN37] host_utc=2026-09-28T09:05:54.879+00:00 host_mono_ns=2345374070147080 === DEBUG [lwip-posix]: recvfrom received packet of len 52! Bypassing to pcb->recv ===
[SEDP-RACE-RUN37] host_utc=2026-09-28T09:05:54.879+00:00 host_mono_ns=2345374070155345 
[SEDP-RACE-RUN37] host_utc=2026-09-28T09:05:54.879+00:00 host_mono_ns=2345374070163581 === DEBUG [lwip-posix]: udp_sendto called! Bypassing to POSIX sendto ===
[SEDP-RACE-RUN37] host_utc=2026-09-28T09:05:54.880+00:00 host_mono_ns=2345374070550441 
[SEDP-RACE-RUN37] host_utc=2026-09-28T09:05:54.880+00:00 host_mono_ns=2345374070561102 === DEBUG [lwip-posix]: recvfrom received packet of len 52! Bypassing to pcb->recv ===
[SEDP-RACE-RUN37] host_utc=2026-09-28T09:05:54.880+00:00 host_mono_ns=2345374070569768 
[SEDP-RACE-RUN37] host_utc=2026-09-28T09:05:54.880+00:00 host_mono_ns=2345374070578054 === DEBUG [lwip-posix]: udp_sendto called! Bypassing to POSIX sendto ===
[SEDP-RACE-RUN37] host_utc=2026-09-28T09:05:54.880+00:00 host_mono_ns=2345374070727496 
[SEDP-RACE-RUN37] host_utc=2026-09-28T09:05:54.880+00:00 host_mono_ns=2345374070736152 === DEBUG [lwip-posix]: recvfrom received packet of len 52! Bypassing to pcb->recv ===
[SEDP-RACE-RUN37] host_utc=2026-09-28T09:05:54.880+00:00 host_mono_ns=2345374070744698 
[SEDP-RACE-RUN37] host_utc=2026-09-28T09:05:54.880+00:00 host_mono_ns=2345374070752934 === DEBUG [lwip-posix]: udp_sendto called! Bypassing to POSIX sendto ===
[SEDP-RACE-RUN37] host_utc=2026-09-28T09:05:54.880+00:00 host_mono_ns=2345374070868222 
[SEDP-RACE-RUN37] host_utc=2026-09-28T09:05:54.880+00:00 host_mono_ns=2345374070876798 === DEBUG [lwip-posix]: recvfrom received packet of len 52! Bypassing to pcb->recv ===
[SEDP-RACE-RUN37] host_utc=2026-09-28T09:05:54.880+00:00 host_mono_ns=2345374070885184 
[SEDP-RACE-RUN37] host_utc=2026-09-28T09:05:54.880+00:00 host_mono_ns=2345374070893359 === DEBUG [lwip-posix]: udp_sendto called! Bypassing to POSIX sendto ===
[SEDP-RACE-RUN37] host_utc=2026-09-28T09:05:54.880+00:00 host_mono_ns=2345374071150214 
[SEDP-RACE-RUN37] host_utc=2026-09-28T09:05:54.880+00:00 host_mono_ns=2345374071162918 === DEBUG [lwip-posix]: recvfrom received packet of len 52! Bypassing to pcb->recv ===
[SEDP-RACE-RUN37] host_utc=2026-09-28T09:05:54.881+00:00 host_mono_ns=2345374071171374 
[SEDP-RACE-RUN37] host_utc=2026-09-28T09:05:54.881+00:00 host_mono_ns=2345374071179640 === DEBUG [lwip-posix]: udp_sendto called! Bypassing to POSIX sendto ===
[SEDP-RACE-RUN37] host_utc=2026-09-28T09:05:54.881+00:00 host_mono_ns=2345374071304185 
[SEDP-RACE-RUN37] host_utc=2026-09-28T09:05:54.881+00:00 host_mono_ns=2345374071312792 === DEBUG [lwip-posix]: recvfrom received packet of len 52! Bypassing to pcb->recv ===
[SEDP-RACE-RUN37] host_utc=2026-09-28T09:05:54.881+00:00 host_mono_ns=2345374071321217 
[SEDP-RACE-RUN37] host_utc=2026-09-28T09:05:54.881+00:00 host_mono_ns=2345374071329573 === DEBUG [lwip-posix]: udp_sendto called! Bypassing to POSIX sendto ===
[SEDP-RACE-RUN37] host_utc=2026-09-28T09:05:54.881+00:00 host_mono_ns=2345374071584595 
[SEDP-RACE-RUN37] host_utc=2026-09-28T09:05:54.881+00:00 host_mono_ns=2345374071593332 === DEBUG [lwip-posix]: recvfrom received packet of len 52! Bypassing to pcb->recv ===
[SEDP-RACE-RUN37] host_utc=2026-09-28T09:05:54.881+00:00 host_mono_ns=2345374071601798 
[SEDP-RACE-RUN37] host_utc=2026-09-28T09:05:54.881+00:00 host_mono_ns=2345374071610013 === DEBUG [lwip-posix]: udp_sendto called! Bypassing to POSIX sendto ===
[SEDP-RACE-RUN37] host_utc=2026-09-28T09:05:54.881+00:00 host_mono_ns=2345374071618439 
[SEDP-RACE-RUN37] host_utc=2026-09-28T09:05:54.881+00:00 host_mono_ns=2345374071626645 === DEBUG [lwip-posix]: recvfrom received packet of len 52! Bypassing to pcb->recv ===
[SEDP-RACE-RUN37] host_utc=2026-09-28T09:05:54.881+00:00 host_mono_ns=2345374071634920 
[SEDP-RACE-RUN37] host_utc=2026-09-28T09:05:54.881+00:00 host_mono_ns=2345374071643046 === DEBUG [lwip-posix]: udp_sendto called! Bypassing to POSIX sendto ===
[SEDP-RACE-RUN37] host_utc=2026-09-28T09:05:54.881+00:00 host_mono_ns=2345374072134985 
[SEDP-RACE-RUN37] host_utc=2026-09-28T09:05:54.881+00:00 host_mono_ns=2345374072147128 === DEBUG [lwip-posix]: recvfrom received packet of len 52! Bypassing to pcb->recv ===
[SEDP-RACE-RUN37] host_utc=2026-09-28T09:05:54.881+00:00 host_mono_ns=2345374072155594 
[SEDP-RACE-RUN37] host_utc=2026-09-28T09:05:54.881+00:00 host_mono_ns=2345374072163839 === DEBUG [lwip-posix]: udp_sendto called! Bypassing to POSIX sendto ===
[SEDP-RACE-RUN37] host_utc=2026-09-28T09:05:54.882+00:00 host_mono_ns=2345374072175862 
[SEDP-RACE-RUN37] host_utc=2026-09-28T09:05:54.882+00:00 host_mono_ns=2345374072184128 === DEBUG [lwip-posix]: recvfrom received packet of len 52! Bypassing to pcb->recv ===
[SEDP-RACE-RUN37] host_utc=2026-09-28T09:05:54.882+00:00 host_mono_ns=2345374072192554 
[SEDP-RACE-RUN37] host_utc=2026-09-28T09:05:54.882+00:00 host_mono_ns=2345374072200729 === DEBUG [lwip-posix]: udp_sendto called! Bypassing to POSIX sendto ===
[SEDP-RACE-RUN37] host_utc=2026-09-28T09:05:54.882+00:00 host_mono_ns=2345374072411908 
[SEDP-RACE-RUN37] host_utc=2026-09-28T09:05:54.882+00:00 host_mono_ns=2345374072420625 === DEBUG [lwip-posix]: recvfrom received packet of len 52! Bypassing to pcb->recv ===
[SEDP-RACE-RUN37] host_utc=2026-09-28T09:05:54.882+00:00 host_mono_ns=2345374072429051 
[SEDP-RACE-RUN37] host_utc=2026-09-28T09:05:54.882+00:00 host_mono_ns=2345374072437326 === DEBUG [lwip-posix]: udp_sendto called! Bypassing to POSIX sendto ===
[SEDP-RACE-RUN37] host_utc=2026-09-28T09:05:54.882+00:00 host_mono_ns=2345374072490617 
[SEDP-RACE-RUN37] host_utc=2026-09-28T09:05:54.882+00:00 host_mono_ns=2345374072499423 === DEBUG [lwip-posix]: recvfrom received packet of len 52! Bypassing to pcb->recv ===
[SEDP-RACE-RUN37] host_utc=2026-09-28T09:05:54.882+00:00 host_mono_ns=2345374072507859 
[SEDP-RACE-RUN37] host_utc=2026-09-28T09:05:54.882+00:00 host_mono_ns=2345374072516035 === DEBUG [lwip-posix]: udp_sendto called! Bypassing to POSIX sendto ===
[SEDP-RACE-RUN37] host_utc=2026-09-28T09:05:54.882+00:00 host_mono_ns=2345374073141647 
[SEDP-RACE-RUN37] host_utc=2026-09-28T09:05:54.882+00:00 host_mono_ns=2345374073154651 === DEBUG [lwip-posix]: recvfrom received packet of len 52! Bypassing to pcb->recv ===
[SEDP-RACE-RUN37] host_utc=2026-09-28T09:05:54.883+00:00 host_mono_ns=2345374073208964 
[SEDP-RACE-RUN37] host_utc=2026-09-28T09:05:54.883+00:00 host_mono_ns=2345374073217771 === DEBUG [lwip-posix]: recvfrom received packet of len 52! Bypassing to pcb->recv ===
[SEDP-RACE-RUN37] host_utc=2026-09-28T09:05:54.883+00:00 host_mono_ns=2345374073227048 
[SEDP-RACE-RUN37] host_utc=2026-09-28T09:05:54.883+00:00 host_mono_ns=2345374073235274 === DEBUG [lwip-posix]: udp_sendto called! Bypassing to POSIX sendto ===
[SEDP-RACE-RUN37] host_utc=2026-09-28T09:05:54.883+00:00 host_mono_ns=2345374073243720 
[SEDP-RACE-RUN37] host_utc=2026-09-28T09:05:54.883+00:00 host_mono_ns=2345374073251865 === DEBUG [lwip-posix]: udp_sendto called! Bypassing to POSIX sendto ===
[SEDP-RACE-RUN37] host_utc=2026-09-28T09:05:54.883+00:00 host_mono_ns=2345374073447394 
[SEDP-RACE-RUN37] host_utc=2026-09-28T09:05:54.883+00:00 host_mono_ns=2345374073456151 === DEBUG [lwip-posix]: recvfrom received packet of len 52! Bypassing to pcb->recv ===
[SEDP-RACE-RUN37] host_utc=2026-09-28T09:05:54.883+00:00 host_mono_ns=2345374073464607 
[SEDP-RACE-RUN37] host_utc=2026-09-28T09:05:54.883+00:00 host_mono_ns=2345374073472863 === DEBUG [lwip-posix]: udp_sendto called! Bypassing to POSIX sendto ===
[SEDP-RACE-RUN37] host_utc=2026-09-28T09:05:54.883+00:00 host_mono_ns=2345374073558915 
[SEDP-RACE-RUN37] host_utc=2026-09-28T09:05:54.883+00:00 host_mono_ns=2345374073567521 === DEBUG [lwip-posix]: recvfrom received packet of len 52! Bypassing to pcb->recv ===
[SEDP-RACE-RUN37] host_utc=2026-09-28T09:05:54.883+00:00 host_mono_ns=2345374073575947 
[SEDP-RACE-RUN37] host_utc=2026-09-28T09:05:54.883+00:00 host_mono_ns=2345374073584103 === DEBUG [lwip-posix]: udp_sendto called! Bypassing to POSIX sendto ===
[SEDP-RACE-RUN37] host_utc=2026-09-28T09:05:54.883+00:00 host_mono_ns=2345374073823084 
[SEDP-RACE-RUN37] host_utc=2026-09-28T09:05:54.883+00:00 host_mono_ns=2345374073831680 === DEBUG [lwip-posix]: recvfrom received packet of len 52! Bypassing to pcb->recv ===
[SEDP-RACE-RUN37] host_utc=2026-09-28T09:05:54.883+00:00 host_mono_ns=2345374073840146 
[SEDP-RACE-RUN37] host_utc=2026-09-28T09:05:54.883+00:00 host_mono_ns=2345374073848262 === DEBUG [lwip-posix]: udp_sendto called! Bypassing to POSIX sendto ===
[SEDP-RACE-RUN37] host_utc=2026-09-28T09:05:54.883+00:00 host_mono_ns=2345374073946477 
[SEDP-RACE-RUN37] host_utc=2026-09-28T09:05:54.883+00:00 host_mono_ns=2345374073955234 === DEBUG [lwip-posix]: recvfrom received packet of len 52! Bypassing to pcb->recv ===
[SEDP-RACE-RUN37] host_utc=2026-09-28T09:05:54.883+00:00 host_mono_ns=2345374073963640 
[SEDP-RACE-RUN37] host_utc=2026-09-28T09:05:54.883+00:00 host_mono_ns=2345374073971815 === DEBUG [lwip-posix]: udp_sendto called! Bypassing to POSIX sendto ===
[SEDP-RACE-RUN37] host_utc=2026-09-28T09:05:54.883+00:00 host_mono_ns=2345374074118863 
[SEDP-RACE-RUN37] host_utc=2026-09-28T09:05:54.883+00:00 host_mono_ns=2345374074130996 === DEBUG [lwip-posix]: recvfrom received packet of len 52! Bypassing to pcb->recv ===
[SEDP-RACE-RUN37] host_utc=2026-09-28T09:05:54.883+00:00 host_mono_ns=2345374074139462 
[SEDP-RACE-RUN37] host_utc=2026-09-28T09:05:54.883+00:00 host_mono_ns=2345374074147617 === DEBUG [lwip-posix]: udp_sendto called! Bypassing to POSIX sendto ===
[SEDP-RACE-RUN37] host_utc=2026-09-28T09:05:54.884+00:00 host_mono_ns=2345374074420663 
[SEDP-RACE-RUN37] host_utc=2026-09-28T09:05:54.884+00:00 host_mono_ns=2345374074429239 === DEBUG [lwip-posix]: recvfrom received packet of len 52! Bypassing to pcb->recv ===
[SEDP-RACE-RUN37] host_utc=2026-09-28T09:05:54.884+00:00 host_mono_ns=2345374074437746 
[SEDP-RACE-RUN37] host_utc=2026-09-28T09:05:54.884+00:00 host_mono_ns=2345374074446021 === DEBUG [lwip-posix]: udp_sendto called! Bypassing to POSIX sendto ===
[SEDP-RACE-RUN37] host_utc=2026-09-28T09:05:54.884+00:00 host_mono_ns=2345374074611313 
[SEDP-RACE-RUN37] host_utc=2026-09-28T09:05:54.884+00:00 host_mono_ns=2345374074620371 === DEBUG [lwip-posix]: recvfrom received packet of len 52! Bypassing to pcb->recv ===
[SEDP-RACE-RUN37] host_utc=2026-09-28T09:05:54.884+00:00 host_mono_ns=2345374074628877 
[SEDP-RACE-RUN37] host_utc=2026-09-28T09:05:54.884+00:00 host_mono_ns=2345374074637212 === DEBUG [lwip-posix]: udp_sendto called! Bypassing to POSIX sendto ===
[SEDP-RACE-RUN37] host_utc=2026-09-28T09:05:54.884+00:00 host_mono_ns=2345374074810530 
[SEDP-RACE-RUN37] host_utc=2026-09-28T09:05:54.884+00:00 host_mono_ns=2345374074819226 === DEBUG [lwip-posix]: recvfrom received packet of len 52! Bypassing to pcb->recv ===
[SEDP-RACE-RUN37] host_utc=2026-09-28T09:05:54.884+00:00 host_mono_ns=2345374074827642 
[SEDP-RACE-RUN37] host_utc=2026-09-28T09:05:54.884+00:00 host_mono_ns=2345374074835908 === DEBUG [lwip-posix]: udp_sendto called! Bypassing to POSIX sendto ===
[SEDP-RACE-RUN37] host_utc=2026-09-28T09:05:54.884+00:00 host_mono_ns=2345374074857018 
[SEDP-RACE-RUN37] host_utc=2026-09-28T09:05:54.884+00:00 host_mono_ns=2345374074865564 === DEBUG [lwip-posix]: recvfrom received packet of len 52! Bypassing to pcb->recv ===
[SEDP-RACE-RUN37] host_utc=2026-09-28T09:05:54.884+00:00 host_mono_ns=2345374074874010 
[SEDP-RACE-RUN37] host_utc=2026-09-28T09:05:54.884+00:00 host_mono_ns=2345374074882205 === DEBUG [lwip-posix]: udp_sendto called! Bypassing to POSIX sendto ===
[SEDP-RACE-RUN37] host_utc=2026-09-28T09:05:54.884+00:00 host_mono_ns=2345374075154520 
[SEDP-RACE-RUN37] host_utc=2026-09-28T09:05:54.884+00:00 host_mono_ns=2345374075167124 === DEBUG [lwip-posix]: recvfrom received packet of len 52! Bypassing to pcb->recv ===
[SEDP-RACE-RUN37] host_utc=2026-09-28T09:05:54.885+00:00 host_mono_ns=2345374075175640 
[SEDP-RACE-RUN37] host_utc=2026-09-28T09:05:54.885+00:00 host_mono_ns=2345374075183775 === DEBUG [lwip-posix]: udp_sendto called! Bypassing to POSIX sendto ===
[SEDP-RACE-RUN37] host_utc=2026-09-28T09:05:54.885+00:00 host_mono_ns=2345374075195898 
[SEDP-RACE-RUN37] host_utc=2026-09-28T09:05:54.885+00:00 host_mono_ns=2345374075204123 === DEBUG [lwip-posix]: recvfrom received packet of len 52! Bypassing to pcb->recv ===
[SEDP-RACE-RUN37] host_utc=2026-09-28T09:05:54.885+00:00 host_mono_ns=2345374075212569 
[SEDP-RACE-RUN37] host_utc=2026-09-28T09:05:54.885+00:00 host_mono_ns=2345374075220725 === DEBUG [lwip-posix]: udp_sendto called! Bypassing to POSIX sendto ===
[SEDP-RACE-RUN37] host_utc=2026-09-28T09:05:54.885+00:00 host_mono_ns=2345374075484273 
[SEDP-RACE-RUN37] host_utc=2026-09-28T09:05:54.885+00:00 host_mono_ns=2345374075492939 === DEBUG [lwip-posix]: recvfrom received packet of len 52! Bypassing to pcb->recv ===
[SEDP-RACE-RUN37] host_utc=2026-09-28T09:05:54.885+00:00 host_mono_ns=2345374075501495 
[SEDP-RACE-RUN37] host_utc=2026-09-28T09:05:54.885+00:00 host_mono_ns=2345374075509741 === DEBUG [lwip-posix]: udp_sendto called! Bypassing to POSIX sendto ===
[SEDP-RACE-RUN37] host_utc=2026-09-28T09:05:54.885+00:00 host_mono_ns=2345374075521734 
[SEDP-RACE-RUN37] host_utc=2026-09-28T09:05:54.885+00:00 host_mono_ns=2345374075530069 === DEBUG [lwip-posix]: recvfrom received packet of len 52! Bypassing to pcb->recv ===
[SEDP-RACE-RUN37] host_utc=2026-09-28T09:05:54.885+00:00 host_mono_ns=2345374075538555 
[SEDP-RACE-RUN37] host_utc=2026-09-28T09:05:54.885+00:00 host_mono_ns=2345374075546701 === DEBUG [lwip-posix]: udp_sendto called! Bypassing to POSIX sendto ===
[SEDP-RACE-RUN37] host_utc=2026-09-28T09:05:54.885+00:00 host_mono_ns=2345374075904417 
[SEDP-RACE-RUN37] host_utc=2026-09-28T09:05:54.885+00:00 host_mono_ns=2345374075913183 === DEBUG [lwip-posix]: recvfrom received packet of len 52! Bypassing to pcb->recv ===
[SEDP-RACE-RUN37] host_utc=2026-09-28T09:05:54.885+00:00 host_mono_ns=2345374075921689 
[SEDP-RACE-RUN37] host_utc=2026-09-28T09:05:54.885+00:00 host_mono_ns=2345374075929975 === DEBUG [lwip-posix]: udp_sendto called! Bypassing to POSIX sendto ===
[SEDP-RACE-RUN37] host_utc=2026-09-28T09:05:54.885+00:00 host_mono_ns=2345374075945815 
[SEDP-RACE-RUN37] host_utc=2026-09-28T09:05:54.885+00:00 host_mono_ns=2345374075954181 === DEBUG [lwip-posix]: recvfrom received packet of len 52! Bypassing to pcb->recv ===
[SEDP-RACE-RUN37] host_utc=2026-09-28T09:05:54.885+00:00 host_mono_ns=2345374075962606 
[SEDP-RACE-RUN37] host_utc=2026-09-28T09:05:54.885+00:00 host_mono_ns=2345374075970772 === DEBUG [lwip-posix]: udp_sendto called! Bypassing to POSIX sendto ===
[SEDP-RACE-RUN37] host_utc=2026-09-28T09:05:54.886+00:00 host_mono_ns=2345374076213090 
[SEDP-RACE-RUN37] host_utc=2026-09-28T09:05:54.886+00:00 host_mono_ns=2345374076225333 === DEBUG [lwip-posix]: recvfrom received packet of len 52! Bypassing to pcb->recv ===
[SEDP-RACE-RUN37] host_utc=2026-09-28T09:05:54.886+00:00 host_mono_ns=2345374076233889 
[SEDP-RACE-RUN37] host_utc=2026-09-28T09:05:54.886+00:00 host_mono_ns=2345374076242144 === DEBUG [lwip-posix]: udp_sendto called! Bypassing to POSIX sendto ===
[SEDP-RACE-RUN37] host_utc=2026-09-28T09:05:54.886+00:00 host_mono_ns=2345374076501605 
[SEDP-RACE-RUN37] host_utc=2026-09-28T09:05:54.886+00:00 host_mono_ns=2345374076510361 === DEBUG [lwip-posix]: recvfrom received packet of len 52! Bypassing to pcb->recv ===
[SEDP-RACE-RUN37] host_utc=2026-09-28T09:05:54.886+00:00 host_mono_ns=2345374076518827 
[SEDP-RACE-RUN37] host_utc=2026-09-28T09:05:54.886+00:00 host_mono_ns=2345374076527103 === DEBUG [lwip-posix]: udp_sendto called! Bypassing to POSIX sendto ===
[SEDP-RACE-RUN37] host_utc=2026-09-28T09:05:54.886+00:00 host_mono_ns=2345374076757748 
[SEDP-RACE-RUN37] host_utc=2026-09-28T09:05:54.886+00:00 host_mono_ns=2345374076766395 === DEBUG [lwip-posix]: recvfrom received packet of len 52! Bypassing to pcb->recv ===
[SEDP-RACE-RUN37] host_utc=2026-09-28T09:05:54.886+00:00 host_mono_ns=2345374076774911 
[SEDP-RACE-RUN37] host_utc=2026-09-28T09:05:54.886+00:00 host_mono_ns=2345374076783176 === DEBUG [lwip-posix]: udp_sendto called! Bypassing to POSIX sendto ===
[SEDP-RACE-RUN37] host_utc=2026-09-28T09:05:54.886+00:00 host_mono_ns=2345374076942377 
[SEDP-RACE-RUN37] host_utc=2026-09-28T09:05:54.886+00:00 host_mono_ns=2345374076951134 === DEBUG [lwip-posix]: recvfrom received packet of len 52! Bypassing to pcb->recv ===
[SEDP-RACE-RUN37] host_utc=2026-09-28T09:05:54.886+00:00 host_mono_ns=2345374076959570 
[SEDP-RACE-RUN37] host_utc=2026-09-28T09:05:54.886+00:00 host_mono_ns=2345374076967845 === DEBUG [lwip-posix]: udp_sendto called! Bypassing to POSIX sendto ===
[SEDP-RACE-RUN37] host_utc=2026-09-28T09:05:54.887+00:00 host_mono_ns=2345374077219601 
[SEDP-RACE-RUN37] host_utc=2026-09-28T09:05:54.887+00:00 host_mono_ns=2345374077231704 === DEBUG [lwip-posix]: recvfrom received packet of len 52! Bypassing to pcb->recv ===
[SEDP-RACE-RUN37] host_utc=2026-09-28T09:05:54.887+00:00 host_mono_ns=2345374077240200 
[SEDP-RACE-RUN37] host_utc=2026-09-28T09:05:54.887+00:00 host_mono_ns=2345374077248415 === DEBUG [lwip-posix]: udp_sendto called! Bypassing to POSIX sendto ===
[SEDP-RACE-RUN37] host_utc=2026-09-28T09:05:54.887+00:00 host_mono_ns=2345374077508046 
[SEDP-RACE-RUN37] host_utc=2026-09-28T09:05:54.887+00:00 host_mono_ns=2345374077516712 === DEBUG [lwip-posix]: recvfrom received packet of len 52! Bypassing to pcb->recv ===
[SEDP-RACE-RUN37] host_utc=2026-09-28T09:05:54.887+00:00 host_mono_ns=2345374077525198 
[SEDP-RACE-RUN37] host_utc=2026-09-28T09:05:54.887+00:00 host_mono_ns=2345374077533494 === DEBUG [lwip-posix]: udp_sendto called! Bypassing to POSIX sendto ===
[SEDP-RACE-RUN37] host_utc=2026-09-28T09:05:54.887+00:00 host_mono_ns=2345374077545637 
[SEDP-RACE-RUN37] host_utc=2026-09-28T09:05:54.887+00:00 host_mono_ns=2345374077553953 === DEBUG [lwip-posix]: recvfrom received packet of len 52! Bypassing to pcb->recv ===
[SEDP-RACE-RUN37] host_utc=2026-09-28T09:05:54.887+00:00 host_mono_ns=2345374077562388 
[SEDP-RACE-RUN37] host_utc=2026-09-28T09:05:54.887+00:00 host_mono_ns=2345374077570864 === DEBUG [lwip-posix]: udp_sendto called! Bypassing to POSIX sendto ===
[SEDP-RACE-RUN37] host_utc=2026-09-28T09:05:54.887+00:00 host_mono_ns=2345374077829714 
[SEDP-RACE-RUN37] host_utc=2026-09-28T09:05:54.887+00:00 host_mono_ns=2345374077838731 === DEBUG [lwip-posix]: recvfrom received packet of len 52! Bypassing to pcb->recv ===
[SEDP-RACE-RUN37] host_utc=2026-09-28T09:05:54.887+00:00 host_mono_ns=2345374077847257 
[SEDP-RACE-RUN37] host_utc=2026-09-28T09:05:54.887+00:00 host_mono_ns=2345374077855582 === DEBUG [lwip-posix]: udp_sendto called! Bypassing to POSIX sendto ===
[SEDP-RACE-RUN37] host_utc=2026-09-28T09:05:54.887+00:00 host_mono_ns=2345374077921297 
[SEDP-RACE-RUN37] host_utc=2026-09-28T09:05:54.887+00:00 host_mono_ns=2345374077929993 === DEBUG [lwip-posix]: recvfrom received packet of len 52! Bypassing to pcb->recv ===
[SEDP-RACE-RUN37] host_utc=2026-09-28T09:05:54.887+00:00 host_mono_ns=2345374077938349 
[SEDP-RACE-RUN37] host_utc=2026-09-28T09:05:54.887+00:00 host_mono_ns=2345374077946484 === DEBUG [lwip-posix]: udp_sendto called! Bypassing to POSIX sendto ===
[SEDP-RACE-RUN37] host_utc=2026-09-28T09:05:54.888+00:00 host_mono_ns=2345374078342402 
[SEDP-RACE-RUN37] host_utc=2026-09-28T09:05:54.888+00:00 host_mono_ns=2345374078355908 === DEBUG [lwip-posix]: recvfrom received packet of len 52! Bypassing to pcb->recv ===
[SEDP-RACE-RUN37] host_utc=2026-09-28T09:05:54.888+00:00 host_mono_ns=2345374078364564 
[SEDP-RACE-RUN37] host_utc=2026-09-28T09:05:54.888+00:00 host_mono_ns=2345374078372780 === DEBUG [lwip-posix]: udp_sendto called! Bypassing to POSIX sendto ===
[SEDP-RACE-RUN37] host_utc=2026-09-28T09:05:54.888+00:00 host_mono_ns=2345374078381075 
[SEDP-RACE-RUN37] host_utc=2026-09-28T09:05:54.888+00:00 host_mono_ns=2345374078389211 === DEBUG [lwip-posix]: recvfrom received packet of len 52! Bypassing to pcb->recv ===
[SEDP-RACE-RUN37] host_utc=2026-09-28T09:05:54.888+00:00 host_mono_ns=2345374078401574 
[SEDP-RACE-RUN37] host_utc=2026-09-28T09:05:54.888+00:00 host_mono_ns=2345374078409830 === DEBUG [lwip-posix]: udp_sendto called! Bypassing to POSIX sendto ===
[SEDP-RACE-RUN37] host_utc=2026-09-28T09:05:54.888+00:00 host_mono_ns=2345374078630036 
[SEDP-RACE-RUN37] host_utc=2026-09-28T09:05:54.888+00:00 host_mono_ns=2345374078638772 === DEBUG [lwip-posix]: recvfrom received packet of len 52! Bypassing to pcb->recv ===
[SEDP-RACE-RUN37] host_utc=2026-09-28T09:05:54.888+00:00 host_mono_ns=2345374078647318 
[SEDP-RACE-RUN37] host_utc=2026-09-28T09:05:54.888+00:00 host_mono_ns=2345374078655534 === DEBUG [lwip-posix]: udp_sendto called! Bypassing to POSIX sendto ===
[SEDP-RACE-RUN37] host_utc=2026-09-28T09:05:54.888+00:00 host_mono_ns=2345374078732840 
[SEDP-RACE-RUN37] host_utc=2026-09-28T09:05:54.888+00:00 host_mono_ns=2345374078741516 === DEBUG [lwip-posix]: recvfrom received packet of len 52! Bypassing to pcb->recv ===
[SEDP-RACE-RUN37] host_utc=2026-09-28T09:05:54.888+00:00 host_mono_ns=2345374078750032 
[SEDP-RACE-RUN37] host_utc=2026-09-28T09:05:54.888+00:00 host_mono_ns=2345374078758198 === DEBUG [lwip-posix]: udp_sendto called! Bypassing to POSIX sendto ===
[SEDP-RACE-RUN37] host_utc=2026-09-28T09:05:54.888+00:00 host_mono_ns=2345374078989154 
[SEDP-RACE-RUN37] host_utc=2026-09-28T09:05:54.888+00:00 host_mono_ns=2345374078997750 === DEBUG [lwip-posix]: recvfrom received packet of len 52! Bypassing to pcb->recv ===
[SEDP-RACE-RUN37] host_utc=2026-09-28T09:05:54.888+00:00 host_mono_ns=2345374079012799 
[SEDP-RACE-RUN37] host_utc=2026-09-28T09:05:54.888+00:00 host_mono_ns=2345374079024681 === DEBUG [lwip-posix]: udp_sendto called! Bypassing to POSIX sendto ===
[SEDP-RACE-RUN37] host_utc=2026-09-28T09:05:54.888+00:00 host_mono_ns=2345374079130962 
[SEDP-RACE-RUN37] host_utc=2026-09-28T09:05:54.888+00:00 host_mono_ns=2345374079139789 === DEBUG [lwip-posix]: recvfrom received packet of len 52! Bypassing to pcb->recv ===
[SEDP-RACE-RUN37] host_utc=2026-09-28T09:05:54.888+00:00 host_mono_ns=2345374079148245 
[SEDP-RACE-RUN37] host_utc=2026-09-28T09:05:54.888+00:00 host_mono_ns=2345374079156620 === DEBUG [lwip-posix]: udp_sendto called! Bypassing to POSIX sendto ===
[SEDP-RACE-RUN37] host_utc=2026-09-28T09:05:54.889+00:00 host_mono_ns=2345374079504999 
[SEDP-RACE-RUN37] host_utc=2026-09-28T09:05:54.889+00:00 host_mono_ns=2345374079521229 === DEBUG [lwip-posix]: recvfrom received packet of len 52! Bypassing to pcb->recv ===
[SEDP-RACE-RUN37] host_utc=2026-09-28T09:05:54.889+00:00 host_mono_ns=2345374079529886 
[SEDP-RACE-RUN37] host_utc=2026-09-28T09:05:54.889+00:00 host_mono_ns=2345374079538141 === DEBUG [lwip-posix]: udp_sendto called! Bypassing to POSIX sendto ===
[SEDP-RACE-RUN37] host_utc=2026-09-28T09:05:54.889+00:00 host_mono_ns=2345374079671664 
[SEDP-RACE-RUN37] host_utc=2026-09-28T09:05:54.889+00:00 host_mono_ns=2345374079680310 === DEBUG [lwip-posix]: recvfrom received packet of len 52! Bypassing to pcb->recv ===
[SEDP-RACE-RUN37] host_utc=2026-09-28T09:05:54.889+00:00 host_mono_ns=2345374079688776 
[SEDP-RACE-RUN37] host_utc=2026-09-28T09:05:54.889+00:00 host_mono_ns=2345374079696931 === DEBUG [lwip-posix]: udp_sendto called! Bypassing to POSIX sendto ===
[SEDP-RACE-RUN37] host_utc=2026-09-28T09:05:54.889+00:00 host_mono_ns=2345374079889766 
[SEDP-RACE-RUN37] host_utc=2026-09-28T09:05:54.889+00:00 host_mono_ns=2345374079898292 === DEBUG [lwip-posix]: recvfrom received packet of len 52! Bypassing to pcb->recv ===
[SEDP-RACE-RUN37] host_utc=2026-09-28T09:05:54.889+00:00 host_mono_ns=2345374079906788 
[SEDP-RACE-RUN37] host_utc=2026-09-28T09:05:54.889+00:00 host_mono_ns=2345374079915053 === DEBUG [lwip-posix]: udp_sendto called! Bypassing to POSIX sendto ===
[SEDP-RACE-RUN37] host_utc=2026-09-28T09:05:54.889+00:00 host_mono_ns=2345374079986108 
[SEDP-RACE-RUN37] host_utc=2026-09-28T09:05:54.889+00:00 host_mono_ns=2345374079994714 === DEBUG [lwip-posix]: recvfrom received packet of len 52! Bypassing to pcb->recv ===
[SEDP-RACE-RUN37] host_utc=2026-09-28T09:05:54.889+00:00 host_mono_ns=2345374080010634 
[SEDP-RACE-RUN37] host_utc=2026-09-28T09:05:54.889+00:00 host_mono_ns=2345374080022837 === DEBUG [lwip-posix]: udp_sendto called! Bypassing to POSIX sendto ===
[SEDP-RACE-RUN37] host_utc=2026-09-28T09:05:54.889+00:00 host_mono_ns=2345374080161148 
[SEDP-RACE-RUN37] host_utc=2026-09-28T09:05:54.890+00:00 host_mono_ns=2345374080169925 === DEBUG [lwip-posix]: recvfrom received packet of len 52! Bypassing to pcb->recv ===
[SEDP-RACE-RUN37] host_utc=2026-09-28T09:05:54.890+00:00 host_mono_ns=2345374080178311 
[SEDP-RACE-RUN37] host_utc=2026-09-28T09:05:54.890+00:00 host_mono_ns=2345374080186556 === DEBUG [lwip-posix]: udp_sendto called! Bypassing to POSIX sendto ===
[SEDP-RACE-RUN37] host_utc=2026-09-28T09:05:54.890+00:00 host_mono_ns=2345374080378008 
[SEDP-RACE-RUN37] host_utc=2026-09-28T09:05:54.890+00:00 host_mono_ns=2345374080386514 === DEBUG [lwip-posix]: recvfrom received packet of len 52! Bypassing to pcb->recv ===
[SEDP-RACE-RUN37] host_utc=2026-09-28T09:05:54.890+00:00 host_mono_ns=2345374080394940 
[SEDP-RACE-RUN37] host_utc=2026-09-28T09:05:54.890+00:00 host_mono_ns=2345374080403075 === DEBUG [lwip-posix]: udp_sendto called! Bypassing to POSIX sendto ===
[SEDP-RACE-RUN37] host_utc=2026-09-28T09:05:54.890+00:00 host_mono_ns=2345374080411471 
[SEDP-RACE-RUN37] host_utc=2026-09-28T09:05:54.890+00:00 host_mono_ns=2345374080419697 === DEBUG [lwip-posix]: recvfrom received packet of len 52! Bypassing to pcb->recv ===
[SEDP-RACE-RUN37] host_utc=2026-09-28T09:05:54.890+00:00 host_mono_ns=2345374080431910 
[SEDP-RACE-RUN37] host_utc=2026-09-28T09:05:54.890+00:00 host_mono_ns=2345374080440306 === DEBUG [lwip-posix]: udp_sendto called! Bypassing to POSIX sendto ===
[SEDP-RACE-RUN37] host_utc=2026-09-28T09:05:54.890+00:00 host_mono_ns=2345374080728200 
[SEDP-RACE-RUN37] host_utc=2026-09-28T09:05:54.890+00:00 host_mono_ns=2345374080736916 === DEBUG [lwip-posix]: recvfrom received packet of len 52! Bypassing to pcb->recv ===
[SEDP-RACE-RUN37] host_utc=2026-09-28T09:05:54.890+00:00 host_mono_ns=2345374080745372 
[SEDP-RACE-RUN37] host_utc=2026-09-28T09:05:54.890+00:00 host_mono_ns=2345374080753618 === DEBUG [lwip-posix]: udp_sendto called! Bypassing to POSIX sendto ===
[SEDP-RACE-RUN37] host_utc=2026-09-28T09:05:54.890+00:00 host_mono_ns=2345374080850340 
[SEDP-RACE-RUN37] host_utc=2026-09-28T09:05:54.890+00:00 host_mono_ns=2345374080866491 === DEBUG [lwip-posix]: recvfrom received packet of len 52! Bypassing to pcb->recv ===
[SEDP-RACE-RUN37] host_utc=2026-09-28T09:05:54.890+00:00 host_mono_ns=2345374080875107 
[SEDP-RACE-RUN37] host_utc=2026-09-28T09:05:54.890+00:00 host_mono_ns=2345374080883343 === DEBUG [lwip-posix]: udp_sendto called! Bypassing to POSIX sendto ===
[SEDP-RACE-RUN37] host_utc=2026-09-28T09:05:54.890+00:00 host_mono_ns=2345374080964366 
[SEDP-RACE-RUN37] host_utc=2026-09-28T09:05:54.890+00:00 host_mono_ns=2345374080972842 === DEBUG [lwip-posix]: recvfrom received packet of len 52! Bypassing to pcb->recv ===
[SEDP-RACE-RUN37] host_utc=2026-09-28T09:05:54.890+00:00 host_mono_ns=2345374080981228 
[SEDP-RACE-RUN37] host_utc=2026-09-28T09:05:54.890+00:00 host_mono_ns=2345374080989563 === DEBUG [lwip-posix]: udp_sendto called! Bypassing to POSIX sendto ===
[SEDP-RACE-RUN37] host_utc=2026-09-28T09:05:54.891+00:00 host_mono_ns=2345374081202756 
[SEDP-RACE-RUN37] host_utc=2026-09-28T09:05:54.891+00:00 host_mono_ns=2345374081215390 === DEBUG [lwip-posix]: recvfrom received packet of len 52! Bypassing to pcb->recv ===
[SEDP-RACE-RUN37] host_utc=2026-09-28T09:05:54.891+00:00 host_mono_ns=2345374081224006 
[SEDP-RACE-RUN37] host_utc=2026-09-28T09:05:54.891+00:00 host_mono_ns=2345374081232162 === DEBUG [lwip-posix]: udp_sendto called! Bypassing to POSIX sendto ===
[SEDP-RACE-RUN37] host_utc=2026-09-28T09:05:54.891+00:00 host_mono_ns=2345374081240498 
[SEDP-RACE-RUN37] host_utc=2026-09-28T09:05:54.891+00:00 host_mono_ns=2345374081248653 === DEBUG [lwip-posix]: recvfrom received packet of len 52! Bypassing to pcb->recv ===
[SEDP-RACE-RUN37] host_utc=2026-09-28T09:05:54.891+00:00 host_mono_ns=2345374081256969 
[SEDP-RACE-RUN37] host_utc=2026-09-28T09:05:54.891+00:00 host_mono_ns=2345374081265174 === DEBUG [lwip-posix]: udp_sendto called! Bypassing to POSIX sendto ===
[SEDP-RACE-RUN37] host_utc=2026-09-28T09:05:54.891+00:00 host_mono_ns=2345374081654450 
[SEDP-RACE-RUN37] host_utc=2026-09-28T09:05:54.891+00:00 host_mono_ns=2345374081663106 === DEBUG [lwip-posix]: recvfrom received packet of len 52! Bypassing to pcb->recv ===
[SEDP-RACE-RUN37] host_utc=2026-09-28T09:05:54.891+00:00 host_mono_ns=2345374081671552 
[SEDP-RACE-RUN37] host_utc=2026-09-28T09:05:54.891+00:00 host_mono_ns=2345374081679787 === DEBUG [lwip-posix]: udp_sendto called! Bypassing to POSIX sendto ===
[SEDP-RACE-RUN37] host_utc=2026-09-28T09:05:54.891+00:00 host_mono_ns=2345374081691840 
[SEDP-RACE-RUN37] host_utc=2026-09-28T09:05:54.891+00:00 host_mono_ns=2345374081700216 === DEBUG [lwip-posix]: recvfrom received packet of len 52! Bypassing to pcb->recv ===
[SEDP-RACE-RUN37] host_utc=2026-09-28T09:05:54.891+00:00 host_mono_ns=2345374081711938 
[SEDP-RACE-RUN37] host_utc=2026-09-28T09:05:54.891+00:00 host_mono_ns=2345374081720244 === DEBUG [lwip-posix]: udp_sendto called! Bypassing to POSIX sendto ===
[SEDP-RACE-RUN37] host_utc=2026-09-28T09:05:54.891+00:00 host_mono_ns=2345374081889534 
[SEDP-RACE-RUN37] host_utc=2026-09-28T09:05:54.891+00:00 host_mono_ns=2345374081898180 === DEBUG [lwip-posix]: recvfrom received packet of len 52! Bypassing to pcb->recv ===
[SEDP-RACE-RUN37] host_utc=2026-09-28T09:05:54.891+00:00 host_mono_ns=2345374081906656 
[SEDP-RACE-RUN37] host_utc=2026-09-28T09:05:54.891+00:00 host_mono_ns=2345374081914842 === DEBUG [lwip-posix]: udp_sendto called! Bypassing to POSIX sendto ===
[SEDP-RACE-RUN37] host_utc=2026-09-28T09:05:54.891+00:00 host_mono_ns=2345374082081436 
[SEDP-RACE-RUN37] host_utc=2026-09-28T09:05:54.891+00:00 host_mono_ns=2345374082095403 === DEBUG [lwip-posix]: recvfrom received packet of len 52! Bypassing to pcb->recv ===
[SEDP-RACE-RUN37] host_utc=2026-09-28T09:05:54.891+00:00 host_mono_ns=2345374082104009 
[SEDP-RACE-RUN37] host_utc=2026-09-28T09:05:54.891+00:00 host_mono_ns=2345374082112224 === DEBUG [lwip-posix]: udp_sendto called! Bypassing to POSIX sendto ===
[SEDP-RACE-RUN37] host_utc=2026-09-28T09:05:54.891+00:00 host_mono_ns=2345374082120640 
[SEDP-RACE-RUN37] host_utc=2026-09-28T09:05:54.891+00:00 host_mono_ns=2345374082136500 === DEBUG [lwip-posix]: recvfrom received packet of len 52! Bypassing to pcb->recv ===
[SEDP-RACE-RUN37] host_utc=2026-09-28T09:05:54.891+00:00 host_mono_ns=2345374082144906 
[SEDP-RACE-RUN37] host_utc=2026-09-28T09:05:54.891+00:00 host_mono_ns=2345374082153062 === DEBUG [lwip-posix]: udp_sendto called! Bypassing to POSIX sendto ===
[SEDP-RACE-RUN37] host_utc=2026-09-28T09:05:54.892+00:00 host_mono_ns=2345374082563397 
[SEDP-RACE-RUN37] host_utc=2026-09-28T09:05:54.892+00:00 host_mono_ns=2345374082572244 === DEBUG [lwip-posix]: recvfrom received packet of len 52! Bypassing to pcb->recv ===
[SEDP-RACE-RUN37] host_utc=2026-09-28T09:05:54.892+00:00 host_mono_ns=2345374082580710 
[SEDP-RACE-RUN37] host_utc=2026-09-28T09:05:54.892+00:00 host_mono_ns=2345374082588995 === DEBUG [lwip-posix]: udp_sendto called! Bypassing to POSIX sendto ===
[SEDP-RACE-RUN37] host_utc=2026-09-28T09:05:54.892+00:00 host_mono_ns=2345374082601459 
[SEDP-RACE-RUN37] host_utc=2026-09-28T09:05:54.892+00:00 host_mono_ns=2345374082609734 === DEBUG [lwip-posix]: recvfrom received packet of len 52! Bypassing to pcb->recv ===
[SEDP-RACE-RUN37] host_utc=2026-09-28T09:05:54.892+00:00 host_mono_ns=2345374082618080 
[SEDP-RACE-RUN37] host_utc=2026-09-28T09:05:54.892+00:00 host_mono_ns=2345374082626196 === DEBUG [lwip-posix]: udp_sendto called! Bypassing to POSIX sendto ===
[SEDP-RACE-RUN37] host_utc=2026-09-28T09:05:54.892+00:00 host_mono_ns=2345374082834449 
[SEDP-RACE-RUN37] host_utc=2026-09-28T09:05:54.892+00:00 host_mono_ns=2345374082843276 === DEBUG [lwip-posix]: recvfrom received packet of len 52! Bypassing to pcb->recv ===
[SEDP-RACE-RUN37] host_utc=2026-09-28T09:05:54.892+00:00 host_mono_ns=2345374082851682 
[SEDP-RACE-RUN37] host_utc=2026-09-28T09:05:54.892+00:00 host_mono_ns=2345374082859997 === DEBUG [lwip-posix]: udp_sendto called! Bypassing to POSIX sendto ===
[SEDP-RACE-RUN37] host_utc=2026-09-28T09:05:54.893+00:00 host_mono_ns=2345374083233393 
[SEDP-RACE-RUN37] host_utc=2026-09-28T09:05:54.893+00:00 host_mono_ns=2345374083245746 === DEBUG [lwip-posix]: recvfrom received packet of len 52! Bypassing to pcb->recv ===
[SEDP-RACE-RUN37] host_utc=2026-09-28T09:05:54.893+00:00 host_mono_ns=2345374083254372 
[SEDP-RACE-RUN37] host_utc=2026-09-28T09:05:54.893+00:00 host_mono_ns=2345374083262668 === DEBUG [lwip-posix]: udp_sendto called! Bypassing to POSIX sendto ===
[SEDP-RACE-RUN37] host_utc=2026-09-28T09:05:54.893+00:00 host_mono_ns=2345374083270994 
[SEDP-RACE-RUN37] host_utc=2026-09-28T09:05:54.893+00:00 host_mono_ns=2345374083279249 === DEBUG [lwip-posix]: recvfrom received packet of len 52! Bypassing to pcb->recv ===
[SEDP-RACE-RUN37] host_utc=2026-09-28T09:05:54.893+00:00 host_mono_ns=2345374083287625 
[SEDP-RACE-RUN37] host_utc=2026-09-28T09:05:54.893+00:00 host_mono_ns=2345374083295780 === DEBUG [lwip-posix]: udp_sendto called! Bypassing to POSIX sendto ===
[SEDP-RACE-RUN37] host_utc=2026-09-28T09:05:54.893+00:00 host_mono_ns=2345374083485459 
[SEDP-RACE-RUN37] host_utc=2026-09-28T09:05:54.893+00:00 host_mono_ns=2345374083494245 === DEBUG [lwip-posix]: recvfrom received packet of len 52! Bypassing to pcb->recv ===
[SEDP-RACE-RUN37] host_utc=2026-09-28T09:05:54.893+00:00 host_mono_ns=2345374083502731 
[SEDP-RACE-RUN37] host_utc=2026-09-28T09:05:54.893+00:00 host_mono_ns=2345374083510967 === DEBUG [lwip-posix]: udp_sendto called! Bypassing to POSIX sendto ===
[SEDP-RACE-RUN37] host_utc=2026-09-28T09:05:54.893+00:00 host_mono_ns=2345374083601077 
[SEDP-RACE-RUN37] host_utc=2026-09-28T09:05:54.893+00:00 host_mono_ns=2345374083609653 === DEBUG [lwip-posix]: recvfrom received packet of len 52! Bypassing to pcb->recv ===
[SEDP-RACE-RUN37] host_utc=2026-09-28T09:05:54.893+00:00 host_mono_ns=2345374083618049 
[SEDP-RACE-RUN37] host_utc=2026-09-28T09:05:54.893+00:00 host_mono_ns=2345374083626285 === DEBUG [lwip-posix]: udp_sendto called! Bypassing to POSIX sendto ===
[SEDP-RACE-RUN37] host_utc=2026-09-28T09:05:54.893+00:00 host_mono_ns=2345374083849206 
[SEDP-RACE-RUN37] host_utc=2026-09-28T09:05:54.893+00:00 host_mono_ns=2345374083865647 === DEBUG [lwip-posix]: recvfrom received packet of len 52! Bypassing to pcb->recv ===
[SEDP-RACE-RUN37] host_utc=2026-09-28T09:05:54.893+00:00 host_mono_ns=2345374083874283 
[SEDP-RACE-RUN37] host_utc=2026-09-28T09:05:54.893+00:00 host_mono_ns=2345374083882659 === DEBUG [lwip-posix]: udp_sendto called! Bypassing to POSIX sendto ===
[SEDP-RACE-RUN37] host_utc=2026-09-28T09:05:54.893+00:00 host_mono_ns=2345374084046358 
[SEDP-RACE-RUN37] host_utc=2026-09-28T09:05:54.893+00:00 host_mono_ns=2345374084058772 === DEBUG [lwip-posix]: recvfrom received packet of len 52! Bypassing to pcb->recv ===
[SEDP-RACE-RUN37] host_utc=2026-09-28T09:05:54.893+00:00 host_mono_ns=2345374084067298 
[SEDP-RACE-RUN37] host_utc=2026-09-28T09:05:54.893+00:00 host_mono_ns=2345374084075553 === DEBUG [lwip-posix]: udp_sendto called! Bypassing to POSIX sendto ===
[SEDP-RACE-RUN37] host_utc=2026-09-28T09:05:54.893+00:00 host_mono_ns=2345374084122191 
[SEDP-RACE-RUN37] host_utc=2026-09-28T09:05:54.893+00:00 host_mono_ns=2345374084130848 === DEBUG [lwip-posix]: recvfrom received packet of len 52! Bypassing to pcb->recv ===
[SEDP-RACE-RUN37] host_utc=2026-09-28T09:05:54.893+00:00 host_mono_ns=2345374084139344 
[SEDP-RACE-RUN37] host_utc=2026-09-28T09:05:54.893+00:00 host_mono_ns=2345374084147479 === DEBUG [lwip-posix]: udp_sendto called! Bypassing to POSIX sendto ===
[SEDP-RACE-RUN37] host_utc=2026-09-28T09:05:54.894+00:00 host_mono_ns=2345374084380790 
[SEDP-RACE-RUN37] host_utc=2026-09-28T09:05:54.894+00:00 host_mono_ns=2345374084389476 === DEBUG [lwip-posix]: recvfrom received packet of len 52! Bypassing to pcb->recv ===
[SEDP-RACE-RUN37] host_utc=2026-09-28T09:05:54.894+00:00 host_mono_ns=2345374084397962 
[SEDP-RACE-RUN37] host_utc=2026-09-28T09:05:54.894+00:00 host_mono_ns=2345374084406238 === DEBUG [lwip-posix]: udp_sendto called! Bypassing to POSIX sendto ===
[SEDP-RACE-RUN37] host_utc=2026-09-28T09:05:54.894+00:00 host_mono_ns=2345374084711765 
[SEDP-RACE-RUN37] host_utc=2026-09-28T09:05:54.894+00:00 host_mono_ns=2345374084720362 === DEBUG [lwip-posix]: recvfrom received packet of len 52! Bypassing to pcb->recv ===
[SEDP-RACE-RUN37] host_utc=2026-09-28T09:05:54.894+00:00 host_mono_ns=2345374084728767 
[SEDP-RACE-RUN37] host_utc=2026-09-28T09:05:54.894+00:00 host_mono_ns=2345374084736873 === DEBUG [lwip-posix]: udp_sendto called! Bypassing to POSIX sendto ===
[SEDP-RACE-RUN37] host_utc=2026-09-28T09:05:54.894+00:00 host_mono_ns=2345374084745249 
[SEDP-RACE-RUN37] host_utc=2026-09-28T09:05:54.894+00:00 host_mono_ns=2345374084753434 === DEBUG [lwip-posix]: recvfrom received packet of len 52! Bypassing to pcb->recv ===
[SEDP-RACE-RUN37] host_utc=2026-09-28T09:05:54.894+00:00 host_mono_ns=2345374084765317 
[SEDP-RACE-RUN37] host_utc=2026-09-28T09:05:54.894+00:00 host_mono_ns=2345374084773572 === DEBUG [lwip-posix]: udp_sendto called! Bypassing to POSIX sendto ===
[SEDP-RACE-RUN37] host_utc=2026-09-28T09:05:54.894+00:00 host_mono_ns=2345374085111611 
[SEDP-RACE-RUN37] host_utc=2026-09-28T09:05:54.894+00:00 host_mono_ns=2345374085124325 === DEBUG [lwip-posix]: recvfrom received packet of len 52! Bypassing to pcb->recv ===
[SEDP-RACE-RUN37] host_utc=2026-09-28T09:05:54.894+00:00 host_mono_ns=2345374085132921 
[SEDP-RACE-RUN37] host_utc=2026-09-28T09:05:54.894+00:00 host_mono_ns=2345374085141167 === DEBUG [lwip-posix]: udp_sendto called! Bypassing to POSIX sendto ===
[SEDP-RACE-RUN37] host_utc=2026-09-28T09:05:54.894+00:00 host_mono_ns=2345374085149512 
[SEDP-RACE-RUN37] host_utc=2026-09-28T09:05:54.894+00:00 host_mono_ns=2345374085157678 === DEBUG [lwip-posix]: recvfrom received packet of len 52! Bypassing to pcb->recv ===
[SEDP-RACE-RUN37] host_utc=2026-09-28T09:05:54.894+00:00 host_mono_ns=2345374085166074 
[SEDP-RACE-RUN37] host_utc=2026-09-28T09:05:54.895+00:00 host_mono_ns=2345374085174219 === DEBUG [lwip-posix]: udp_sendto called! Bypassing to POSIX sendto ===
[SEDP-RACE-RUN37] host_utc=2026-09-28T09:05:54.895+00:00 host_mono_ns=2345374085389586 
[SEDP-RACE-RUN37] host_utc=2026-09-28T09:05:54.895+00:00 host_mono_ns=2345374085405897 === DEBUG [lwip-posix]: recvfrom received packet of len 52! Bypassing to pcb->recv ===
[SEDP-RACE-RUN37] host_utc=2026-09-28T09:05:54.895+00:00 host_mono_ns=2345374085414443 
[SEDP-RACE-RUN37] host_utc=2026-09-28T09:05:54.895+00:00 host_mono_ns=2345374085422578 === DEBUG [lwip-posix]: udp_sendto called! Bypassing to POSIX sendto ===
[SEDP-RACE-RUN37] host_utc=2026-09-28T09:05:54.895+00:00 host_mono_ns=2345374085535121 
[SEDP-RACE-RUN37] host_utc=2026-09-28T09:05:54.895+00:00 host_mono_ns=2345374085544038 === DEBUG [lwip-posix]: recvfrom received packet of len 52! Bypassing to pcb->recv ===
[SEDP-RACE-RUN37] host_utc=2026-09-28T09:05:54.895+00:00 host_mono_ns=2345374085552604 
[SEDP-RACE-RUN37] host_utc=2026-09-28T09:05:54.895+00:00 host_mono_ns=2345374085560769 === DEBUG [lwip-posix]: udp_sendto called! Bypassing to POSIX sendto ===
[SEDP-RACE-RUN37] host_utc=2026-09-28T09:05:54.895+00:00 host_mono_ns=2345374085593010 
[SEDP-RACE-RUN37] host_utc=2026-09-28T09:05:54.895+00:00 host_mono_ns=2345374085602007 === DEBUG [lwip-posix]: recvfrom received packet of len 52! Bypassing to pcb->recv ===
[SEDP-RACE-RUN37] host_utc=2026-09-28T09:05:54.895+00:00 host_mono_ns=2345374085646952 
[SEDP-RACE-RUN37] host_utc=2026-09-28T09:05:54.895+00:00 host_mono_ns=2345374085655839 === DEBUG [lwip-posix]: udp_sendto called! Bypassing to POSIX sendto ===
[SEDP-RACE-RUN37] host_utc=2026-09-28T09:05:54.895+00:00 host_mono_ns=2345374085967959 
[SEDP-RACE-RUN37] host_utc=2026-09-28T09:05:54.895+00:00 host_mono_ns=2345374085976645 === DEBUG [lwip-posix]: recvfrom received packet of len 52! Bypassing to pcb->recv ===
[SEDP-RACE-RUN37] host_utc=2026-09-28T09:05:54.895+00:00 host_mono_ns=2345374085985221 
[SEDP-RACE-RUN37] host_utc=2026-09-28T09:05:54.895+00:00 host_mono_ns=2345374085993457 === DEBUG [lwip-posix]: udp_sendto called! Bypassing to POSIX sendto ===
[SEDP-RACE-RUN37] host_utc=2026-09-28T09:05:54.895+00:00 host_mono_ns=2345374086011210 
[SEDP-RACE-RUN37] host_utc=2026-09-28T09:05:54.895+00:00 host_mono_ns=2345374086027481 === DEBUG [lwip-posix]: recvfrom received packet of len 52! Bypassing to pcb->recv ===
[SEDP-RACE-RUN37] host_utc=2026-09-28T09:05:54.895+00:00 host_mono_ns=2345374086042259 
[SEDP-RACE-RUN37] host_utc=2026-09-28T09:05:54.895+00:00 host_mono_ns=2345374086050785 === DEBUG [lwip-posix]: udp_sendto called! Bypassing to POSIX sendto ===
[SEDP-RACE-RUN37] host_utc=2026-09-28T09:05:54.896+00:00 host_mono_ns=2345374086369958 
[SEDP-RACE-RUN37] host_utc=2026-09-28T09:05:54.896+00:00 host_mono_ns=2345374086378975 === DEBUG [lwip-posix]: recvfrom received packet of len 52! Bypassing to pcb->recv ===
[SEDP-RACE-RUN37] host_utc=2026-09-28T09:05:54.896+00:00 host_mono_ns=2345374086387541 
[SEDP-RACE-RUN37] host_utc=2026-09-28T09:05:54.896+00:00 host_mono_ns=2345374086395797 === DEBUG [lwip-posix]: udp_sendto called! Bypassing to POSIX sendto ===
[SEDP-RACE-RUN37] host_utc=2026-09-28T09:05:54.896+00:00 host_mono_ns=2345374086491167 
[SEDP-RACE-RUN37] host_utc=2026-09-28T09:05:54.896+00:00 host_mono_ns=2345374086499844 === DEBUG [lwip-posix]: recvfrom received packet of len 52! Bypassing to pcb->recv ===
[SEDP-RACE-RUN37] host_utc=2026-09-28T09:05:54.896+00:00 host_mono_ns=2345374086508269 
[SEDP-RACE-RUN37] host_utc=2026-09-28T09:05:54.896+00:00 host_mono_ns=2345374086516485 === DEBUG [lwip-posix]: udp_sendto called! Bypassing to POSIX sendto ===
[SEDP-RACE-RUN37] host_utc=2026-09-28T09:05:54.896+00:00 host_mono_ns=2345374086580977 
[SEDP-RACE-RUN37] host_utc=2026-09-28T09:05:54.896+00:00 host_mono_ns=2345374086589553 === DEBUG [lwip-posix]: recvfrom received packet of len 52! Bypassing to pcb->recv ===
[SEDP-RACE-RUN37] host_utc=2026-09-28T09:05:54.896+00:00 host_mono_ns=2345374086597979 
[SEDP-RACE-RUN37] host_utc=2026-09-28T09:05:54.896+00:00 host_mono_ns=2345374086606295 === DEBUG [lwip-posix]: udp_sendto called! Bypassing to POSIX sendto ===
[SEDP-RACE-RUN37] host_utc=2026-09-28T09:05:54.896+00:00 host_mono_ns=2345374086849043 
[SEDP-RACE-RUN37] host_utc=2026-09-28T09:05:54.896+00:00 host_mono_ns=2345374086865715 === DEBUG [lwip-posix]: recvfrom received packet of len 52! Bypassing to pcb->recv ===
[SEDP-RACE-RUN37] host_utc=2026-09-28T09:05:54.896+00:00 host_mono_ns=2345374086874231 
[SEDP-RACE-RUN37] host_utc=2026-09-28T09:05:54.896+00:00 host_mono_ns=2345374086882567 === DEBUG [lwip-posix]: udp_sendto called! Bypassing to POSIX sendto ===
[SEDP-RACE-RUN37] host_utc=2026-09-28T09:05:54.896+00:00 host_mono_ns=2345374086894830 
[SEDP-RACE-RUN37] host_utc=2026-09-28T09:05:54.896+00:00 host_mono_ns=2345374086903186 === DEBUG [lwip-posix]: recvfrom received packet of len 52! Bypassing to pcb->recv ===
[SEDP-RACE-RUN37] host_utc=2026-09-28T09:05:54.896+00:00 host_mono_ns=2345374086911561 
[SEDP-RACE-RUN37] host_utc=2026-09-28T09:05:54.896+00:00 host_mono_ns=2345374086919747 === DEBUG [lwip-posix]: udp_sendto called! Bypassing to POSIX sendto ===
[SEDP-RACE-RUN37] host_utc=2026-09-28T09:05:54.896+00:00 host_mono_ns=2345374087090389 
[SEDP-RACE-RUN37] host_utc=2026-09-28T09:05:54.896+00:00 host_mono_ns=2345374087103003 === DEBUG [lwip-posix]: recvfrom received packet of len 52! Bypassing to pcb->recv ===
[SEDP-RACE-RUN37] host_utc=2026-09-28T09:05:54.896+00:00 host_mono_ns=2345374087111509 
[SEDP-RACE-RUN37] host_utc=2026-09-28T09:05:54.896+00:00 host_mono_ns=2345374087119775 === DEBUG [lwip-posix]: udp_sendto called! Bypassing to POSIX sendto ===
[SEDP-RACE-RUN37] host_utc=2026-09-28T09:05:54.897+00:00 host_mono_ns=2345374087235013 
[SEDP-RACE-RUN37] host_utc=2026-09-28T09:05:54.897+00:00 host_mono_ns=2345374087243729 === DEBUG [lwip-posix]: recvfrom received packet of len 52! Bypassing to pcb->recv ===
[SEDP-RACE-RUN37] host_utc=2026-09-28T09:05:54.897+00:00 host_mono_ns=2345374087252115 
[SEDP-RACE-RUN37] host_utc=2026-09-28T09:05:54.897+00:00 host_mono_ns=2345374087260441 === DEBUG [lwip-posix]: udp_sendto called! Bypassing to POSIX sendto ===
[SEDP-RACE-RUN37] host_utc=2026-09-28T09:05:54.897+00:00 host_mono_ns=2345374087376720 
[SEDP-RACE-RUN37] host_utc=2026-09-28T09:05:54.897+00:00 host_mono_ns=2345374087385246 === DEBUG [lwip-posix]: recvfrom received packet of len 52! Bypassing to pcb->recv ===
[SEDP-RACE-RUN37] host_utc=2026-09-28T09:05:54.897+00:00 host_mono_ns=2345374087393612 
[SEDP-RACE-RUN37] host_utc=2026-09-28T09:05:54.897+00:00 host_mono_ns=2345374087401798 === DEBUG [lwip-posix]: udp_sendto called! Bypassing to POSIX sendto ===
[SEDP-RACE-RUN37] host_utc=2026-09-28T09:05:54.897+00:00 host_mono_ns=2345374087853070 
[SEDP-RACE-RUN37] host_utc=2026-09-28T09:05:54.897+00:00 host_mono_ns=2345374087861797 === DEBUG [lwip-posix]: recvfrom received packet of len 52! Bypassing to pcb->recv ===
[SEDP-RACE-RUN37] host_utc=2026-09-28T09:05:54.897+00:00 host_mono_ns=2345374087870263 
[SEDP-RACE-RUN37] host_utc=2026-09-28T09:05:54.897+00:00 host_mono_ns=2345374087878418 === DEBUG [lwip-posix]: udp_sendto called! Bypassing to POSIX sendto ===
[SEDP-RACE-RUN37] host_utc=2026-09-28T09:05:54.897+00:00 host_mono_ns=2345374087890220 
[SEDP-RACE-RUN37] host_utc=2026-09-28T09:05:54.897+00:00 host_mono_ns=2345374087898556 === DEBUG [lwip-posix]: recvfrom received packet of len 52! Bypassing to pcb->recv ===
[SEDP-RACE-RUN37] host_utc=2026-09-28T09:05:54.897+00:00 host_mono_ns=2345374087962246 
[SEDP-RACE-RUN37] host_utc=2026-09-28T09:05:54.897+00:00 host_mono_ns=2345374087971003 === DEBUG [lwip-posix]: udp_sendto called! Bypassing to POSIX sendto ===
[SEDP-RACE-RUN37] host_utc=2026-09-28T09:05:54.897+00:00 host_mono_ns=2345374088089647 
[SEDP-RACE-RUN37] host_utc=2026-09-28T09:05:54.897+00:00 host_mono_ns=2345374088102471 === DEBUG [lwip-posix]: recvfrom received packet of len 52! Bypassing to pcb->recv ===
[SEDP-RACE-RUN37] host_utc=2026-09-28T09:05:54.897+00:00 host_mono_ns=2345374088111128 
[SEDP-RACE-RUN37] host_utc=2026-09-28T09:05:54.897+00:00 host_mono_ns=2345374088119433 === DEBUG [lwip-posix]: udp_sendto called! Bypassing to POSIX sendto ===
[SEDP-RACE-RUN37] host_utc=2026-09-28T09:05:54.897+00:00 host_mono_ns=2345374088127930 
[SEDP-RACE-RUN37] host_utc=2026-09-28T09:05:54.897+00:00 host_mono_ns=2345374088136175 === DEBUG [lwip-posix]: recvfrom received packet of len 52! Bypassing to pcb->recv ===
[SEDP-RACE-RUN37] host_utc=2026-09-28T09:05:54.897+00:00 host_mono_ns=2345374088156714 
[SEDP-RACE-RUN37] host_utc=2026-09-28T09:05:54.897+00:00 host_mono_ns=2345374088165210 === DEBUG [lwip-posix]: udp_sendto called! Bypassing to POSIX sendto ===
[SEDP-RACE-RUN37] host_utc=2026-09-28T09:05:54.898+00:00 host_mono_ns=2345374088490555 
[SEDP-RACE-RUN37] host_utc=2026-09-28T09:05:54.898+00:00 host_mono_ns=2345374088499522 === DEBUG [lwip-posix]: recvfrom received packet of len 52! Bypassing to pcb->recv ===
[SEDP-RACE-RUN37] host_utc=2026-09-28T09:05:54.898+00:00 host_mono_ns=2345374088555948 
[SEDP-RACE-RUN37] host_utc=2026-09-28T09:05:54.898+00:00 host_mono_ns=2345374088564755 === DEBUG [lwip-posix]: udp_sendto called! Bypassing to POSIX sendto ===
[SEDP-RACE-RUN37] host_utc=2026-09-28T09:05:54.898+00:00 host_mono_ns=2345374088679952 
[SEDP-RACE-RUN37] host_utc=2026-09-28T09:05:54.898+00:00 host_mono_ns=2345374088688709 === DEBUG [lwip-posix]: recvfrom received packet of len 52! Bypassing to pcb->recv ===
[SEDP-RACE-RUN37] host_utc=2026-09-28T09:05:54.898+00:00 host_mono_ns=2345374088697095 
[SEDP-RACE-RUN37] host_utc=2026-09-28T09:05:54.898+00:00 host_mono_ns=2345374088705340 === DEBUG [lwip-posix]: udp_sendto called! Bypassing to POSIX sendto ===
[SEDP-RACE-RUN37] host_utc=2026-09-28T09:05:54.898+00:00 host_mono_ns=2345374088773710 
[SEDP-RACE-RUN37] host_utc=2026-09-28T09:05:54.898+00:00 host_mono_ns=2345374088782596 === DEBUG [lwip-posix]: recvfrom received packet of len 52! Bypassing to pcb->recv ===
[SEDP-RACE-RUN37] host_utc=2026-09-28T09:05:54.898+00:00 host_mono_ns=2345374088791132 
[SEDP-RACE-RUN37] host_utc=2026-09-28T09:05:54.898+00:00 host_mono_ns=2345374088799348 === DEBUG [lwip-posix]: udp_sendto called! Bypassing to POSIX sendto ===
[SEDP-RACE-RUN37] host_utc=2026-09-28T09:05:54.898+00:00 host_mono_ns=2345374088918914 
[SEDP-RACE-RUN37] host_utc=2026-09-28T09:05:54.898+00:00 host_mono_ns=2345374088927690 === DEBUG [lwip-posix]: recvfrom received packet of len 52! Bypassing to pcb->recv ===
[SEDP-RACE-RUN37] host_utc=2026-09-28T09:05:54.898+00:00 host_mono_ns=2345374088936126 
[SEDP-RACE-RUN37] host_utc=2026-09-28T09:05:54.898+00:00 host_mono_ns=2345374088944402 === DEBUG [lwip-posix]: udp_sendto called! Bypassing to POSIX sendto ===
[SEDP-RACE-RUN37] host_utc=2026-09-28T09:05:54.899+00:00 host_mono_ns=2345374089292500 
[SEDP-RACE-RUN37] host_utc=2026-09-28T09:05:54.899+00:00 host_mono_ns=2345374089306546 === DEBUG [lwip-posix]: recvfrom received packet of len 52! Bypassing to pcb->recv ===
[SEDP-RACE-RUN37] host_utc=2026-09-28T09:05:54.899+00:00 host_mono_ns=2345374089315323 
[SEDP-RACE-RUN37] host_utc=2026-09-28T09:05:54.899+00:00 host_mono_ns=2345374089323669 === DEBUG [lwip-posix]: recvfrom received packet of len 52! Bypassing to pcb->recv ===
[SEDP-RACE-RUN37] host_utc=2026-09-28T09:05:54.899+00:00 host_mono_ns=2345374089332004 
[SEDP-RACE-RUN37] host_utc=2026-09-28T09:05:54.899+00:00 host_mono_ns=2345374089340250 === DEBUG [lwip-posix]: udp_sendto called! Bypassing to POSIX sendto ===
[SEDP-RACE-RUN37] host_utc=2026-09-28T09:05:54.899+00:00 host_mono_ns=2345374089348626 
[SEDP-RACE-RUN37] host_utc=2026-09-28T09:05:54.899+00:00 host_mono_ns=2345374089356811 === DEBUG [lwip-posix]: udp_sendto called! Bypassing to POSIX sendto ===
[SEDP-RACE-RUN37] host_utc=2026-09-28T09:05:54.899+00:00 host_mono_ns=2345374089481046 
[SEDP-RACE-RUN37] host_utc=2026-09-28T09:05:54.899+00:00 host_mono_ns=2345374089489762 === DEBUG [lwip-posix]: recvfrom received packet of len 52! Bypassing to pcb->recv ===
[SEDP-RACE-RUN37] host_utc=2026-09-28T09:05:54.899+00:00 host_mono_ns=2345374089498228 
[SEDP-RACE-RUN37] host_utc=2026-09-28T09:05:54.899+00:00 host_mono_ns=2345374089506464 === DEBUG [lwip-posix]: udp_sendto called! Bypassing to POSIX sendto ===
[SEDP-RACE-RUN37] host_utc=2026-09-28T09:05:54.899+00:00 host_mono_ns=2345374089518587 
[SEDP-RACE-RUN37] host_utc=2026-09-28T09:05:54.899+00:00 host_mono_ns=2345374089526933 === DEBUG [lwip-posix]: recvfrom received packet of len 52! Bypassing to pcb->recv ===
[SEDP-RACE-RUN37] host_utc=2026-09-28T09:05:54.899+00:00 host_mono_ns=2345374089543093 
[SEDP-RACE-RUN37] host_utc=2026-09-28T09:05:54.899+00:00 host_mono_ns=2345374089551339 === DEBUG [lwip-posix]: udp_sendto called! Bypassing to POSIX sendto ===
[SEDP-RACE-RUN37] host_utc=2026-09-28T09:05:54.899+00:00 host_mono_ns=2345374090047426 
[SEDP-RACE-RUN37] host_utc=2026-09-28T09:05:54.899+00:00 host_mono_ns=2345374090059709 === DEBUG [lwip-posix]: recvfrom received packet of len 52! Bypassing to pcb->recv ===
[SEDP-RACE-RUN37] host_utc=2026-09-28T09:05:54.899+00:00 host_mono_ns=2345374090068265 
[SEDP-RACE-RUN37] host_utc=2026-09-28T09:05:54.899+00:00 host_mono_ns=2345374090076521 === DEBUG [lwip-posix]: udp_sendto called! Bypassing to POSIX sendto ===
[SEDP-RACE-RUN37] host_utc=2026-09-28T09:05:54.899+00:00 host_mono_ns=2345374090152575 
[SEDP-RACE-RUN37] host_utc=2026-09-28T09:05:54.899+00:00 host_mono_ns=2345374090161321 === DEBUG [lwip-posix]: recvfrom received packet of len 52! Bypassing to pcb->recv ===
[SEDP-RACE-RUN37] host_utc=2026-09-28T09:05:54.900+00:00 host_mono_ns=2345374090169737 
[SEDP-RACE-RUN37] host_utc=2026-09-28T09:05:54.900+00:00 host_mono_ns=2345374090177963 === DEBUG [lwip-posix]: udp_sendto called! Bypassing to POSIX sendto ===
[SEDP-RACE-RUN37] host_utc=2026-09-28T09:05:54.900+00:00 host_mono_ns=2345374090227356 
[SEDP-RACE-RUN37] host_utc=2026-09-28T09:05:54.900+00:00 host_mono_ns=2345374090236122 === DEBUG [lwip-posix]: recvfrom received packet of len 52! Bypassing to pcb->recv ===
[SEDP-RACE-RUN37] host_utc=2026-09-28T09:05:54.900+00:00 host_mono_ns=2345374090244568 
[SEDP-RACE-RUN37] host_utc=2026-09-28T09:05:54.900+00:00 host_mono_ns=2345374090252764 === DEBUG [lwip-posix]: udp_sendto called! Bypassing to POSIX sendto ===
[SEDP-RACE-RUN37] host_utc=2026-09-28T09:05:54.900+00:00 host_mono_ns=2345374090371458 
[SEDP-RACE-RUN37] host_utc=2026-09-28T09:05:54.900+00:00 host_mono_ns=2345374090380094 === DEBUG [lwip-posix]: recvfrom received packet of len 52! Bypassing to pcb->recv ===
[SEDP-RACE-RUN37] host_utc=2026-09-28T09:05:54.900+00:00 host_mono_ns=2345374090388400 
[SEDP-RACE-RUN37] host_utc=2026-09-28T09:05:54.900+00:00 host_mono_ns=2345374090396585 === DEBUG [lwip-posix]: udp_sendto called! Bypassing to POSIX sendto ===
[SEDP-RACE-RUN37] host_utc=2026-09-28T09:05:54.900+00:00 host_mono_ns=2345374090408628 
[SEDP-RACE-RUN37] host_utc=2026-09-28T09:05:54.900+00:00 host_mono_ns=2345374090416894 === DEBUG [lwip-posix]: recvfrom received packet of len 52! Bypassing to pcb->recv ===
[SEDP-RACE-RUN37] host_utc=2026-09-28T09:05:54.900+00:00 host_mono_ns=2345374090425320 
[SEDP-RACE-RUN37] host_utc=2026-09-28T09:05:54.900+00:00 host_mono_ns=2345374090433435 === DEBUG [lwip-posix]: udp_sendto called! Bypassing to POSIX sendto ===
[SEDP-RACE-RUN37] host_utc=2026-09-28T09:05:54.900+00:00 host_mono_ns=2345374090760192 
[SEDP-RACE-RUN37] host_utc=2026-09-28T09:05:54.900+00:00 host_mono_ns=2345374090768929 === DEBUG [lwip-posix]: recvfrom received packet of len 52! Bypassing to pcb->recv ===
[SEDP-RACE-RUN37] host_utc=2026-09-28T09:05:54.900+00:00 host_mono_ns=2345374090777275 
[SEDP-RACE-RUN37] host_utc=2026-09-28T09:05:54.900+00:00 host_mono_ns=2345374090785470 === DEBUG [lwip-posix]: udp_sendto called! Bypassing to POSIX sendto ===
[SEDP-RACE-RUN37] host_utc=2026-09-28T09:05:54.900+00:00 host_mono_ns=2345374090814274 
[SEDP-RACE-RUN37] host_utc=2026-09-28T09:05:54.900+00:00 host_mono_ns=2345374090822941 === DEBUG [lwip-posix]: recvfrom received packet of len 52! Bypassing to pcb->recv ===
[SEDP-RACE-RUN37] host_utc=2026-09-28T09:05:54.900+00:00 host_mono_ns=2345374090831377 
[SEDP-RACE-RUN37] host_utc=2026-09-28T09:05:54.900+00:00 host_mono_ns=2345374090839572 === DEBUG [lwip-posix]: udp_sendto called! Bypassing to POSIX sendto ===
[SEDP-RACE-RUN37] host_utc=2026-09-28T09:05:54.900+00:00 host_mono_ns=2345374090949780 
[SEDP-RACE-RUN37] host_utc=2026-09-28T09:05:54.900+00:00 host_mono_ns=2345374090958477 === DEBUG [lwip-posix]: recvfrom received packet of len 52! Bypassing to pcb->recv ===
[SEDP-RACE-RUN37] host_utc=2026-09-28T09:05:54.900+00:00 host_mono_ns=2345374090974307 
[SEDP-RACE-RUN37] host_utc=2026-09-28T09:05:54.900+00:00 host_mono_ns=2345374090982652 === DEBUG [lwip-posix]: udp_sendto called! Bypassing to POSIX sendto ===
[SEDP-RACE-RUN37] host_utc=2026-09-28T09:05:54.901+00:00 host_mono_ns=2345374091307065 
[SEDP-RACE-RUN37] host_utc=2026-09-28T09:05:54.901+00:00 host_mono_ns=2345374091319769 === DEBUG [lwip-posix]: recvfrom received packet of len 52! Bypassing to pcb->recv ===
[SEDP-RACE-RUN37] host_utc=2026-09-28T09:05:54.901+00:00 host_mono_ns=2345374091328346 
[SEDP-RACE-RUN37] host_utc=2026-09-28T09:05:54.901+00:00 host_mono_ns=2345374091336541 === DEBUG [lwip-posix]: udp_sendto called! Bypassing to POSIX sendto ===
[SEDP-RACE-RUN37] host_utc=2026-09-28T09:05:54.901+00:00 host_mono_ns=2345374091477918 
[SEDP-RACE-RUN37] host_utc=2026-09-28T09:05:54.901+00:00 host_mono_ns=2345374091486705 === DEBUG [lwip-posix]: recvfrom received packet of len 52! Bypassing to pcb->recv ===
[SEDP-RACE-RUN37] host_utc=2026-09-28T09:05:54.901+00:00 host_mono_ns=2345374091495111 
[SEDP-RACE-RUN37] host_utc=2026-09-28T09:05:54.901+00:00 host_mono_ns=2345374091503336 === DEBUG [lwip-posix]: udp_sendto called! Bypassing to POSIX sendto ===
[SEDP-RACE-RUN37] host_utc=2026-09-28T09:05:54.901+00:00 host_mono_ns=2345374091515489 
[SEDP-RACE-RUN37] host_utc=2026-09-28T09:05:54.901+00:00 host_mono_ns=2345374091523835 === DEBUG [lwip-posix]: recvfrom received packet of len 52! Bypassing to pcb->recv ===
[SEDP-RACE-RUN37] host_utc=2026-09-28T09:05:54.901+00:00 host_mono_ns=2345374091532221 
[SEDP-RACE-RUN37] host_utc=2026-09-28T09:05:54.901+00:00 host_mono_ns=2345374091540426 === DEBUG [lwip-posix]: udp_sendto called! Bypassing to POSIX sendto ===
[SEDP-RACE-RUN37] host_utc=2026-09-28T09:05:54.901+00:00 host_mono_ns=2345374091988102 
[SEDP-RACE-RUN37] host_utc=2026-09-28T09:05:54.901+00:00 host_mono_ns=2345374091996949 === DEBUG [lwip-posix]: recvfrom received packet of len 52! Bypassing to pcb->recv ===
[SEDP-RACE-RUN37] host_utc=2026-09-28T09:05:54.901+00:00 host_mono_ns=2345374092011516 
[SEDP-RACE-RUN37] host_utc=2026-09-28T09:05:54.901+00:00 host_mono_ns=2345374092023048 === DEBUG [lwip-posix]: udp_sendto called! Bypassing to POSIX sendto ===
[SEDP-RACE-RUN37] host_utc=2026-09-28T09:05:54.901+00:00 host_mono_ns=2345374092165217 
[SEDP-RACE-RUN37] host_utc=2026-09-28T09:05:54.902+00:00 host_mono_ns=2345374092174114 === DEBUG [lwip-posix]: recvfrom received packet of len 52! Bypassing to pcb->recv ===
[SEDP-RACE-RUN37] host_utc=2026-09-28T09:05:54.902+00:00 host_mono_ns=2345374092182569 
[SEDP-RACE-RUN37] host_utc=2026-09-28T09:05:54.902+00:00 host_mono_ns=2345374092190845 === DEBUG [lwip-posix]: udp_sendto called! Bypassing to POSIX sendto ===
[SEDP-RACE-RUN37] host_utc=2026-09-28T09:05:54.902+00:00 host_mono_ns=2345374092199211 
[SEDP-RACE-RUN37] host_utc=2026-09-28T09:05:54.902+00:00 host_mono_ns=2345374092207406 === DEBUG [lwip-posix]: recvfrom received packet of len 52! Bypassing to pcb->recv ===
[SEDP-RACE-RUN37] host_utc=2026-09-28T09:05:54.902+00:00 host_mono_ns=2345374092215812 
[SEDP-RACE-RUN37] host_utc=2026-09-28T09:05:54.902+00:00 host_mono_ns=2345374092224008 === DEBUG [lwip-posix]: udp_sendto called! Bypassing to POSIX sendto ===
[SEDP-RACE-RUN37] host_utc=2026-09-28T09:05:54.902+00:00 host_mono_ns=2345374092372869 
[SEDP-RACE-RUN37] host_utc=2026-09-28T09:05:54.902+00:00 host_mono_ns=2345374092381555 === DEBUG [lwip-posix]: recvfrom received packet of len 52! Bypassing to pcb->recv ===
[SEDP-RACE-RUN37] host_utc=2026-09-28T09:05:54.902+00:00 host_mono_ns=2345374092390051 
[SEDP-RACE-RUN37] host_utc=2026-09-28T09:05:54.902+00:00 host_mono_ns=2345374092398297 === DEBUG [lwip-posix]: udp_sendto called! Bypassing to POSIX sendto ===
[SEDP-RACE-RUN37] host_utc=2026-09-28T09:05:54.902+00:00 host_mono_ns=2345374092433484 
[SEDP-RACE-RUN37] host_utc=2026-09-28T09:05:54.902+00:00 host_mono_ns=2345374092442110 === DEBUG [lwip-posix]: recvfrom received packet of len 52! Bypassing to pcb->recv ===
[SEDP-RACE-RUN37] host_utc=2026-09-28T09:05:54.902+00:00 host_mono_ns=2345374092458240 
[SEDP-RACE-RUN37] host_utc=2026-09-28T09:05:54.902+00:00 host_mono_ns=2345374092466606 === DEBUG [lwip-posix]: udp_sendto called! Bypassing to POSIX sendto ===
[SEDP-RACE-RUN37] host_utc=2026-09-28T09:05:54.902+00:00 host_mono_ns=2345374092614275 
[SEDP-RACE-RUN37] host_utc=2026-09-28T09:05:54.902+00:00 host_mono_ns=2345374092623122 === DEBUG [lwip-posix]: recvfrom received packet of len 52! Bypassing to pcb->recv ===
[SEDP-RACE-RUN37] host_utc=2026-09-28T09:05:54.902+00:00 host_mono_ns=2345374092631588 
[SEDP-RACE-RUN37] host_utc=2026-09-28T09:05:54.902+00:00 host_mono_ns=2345374092639783 === DEBUG [lwip-posix]: udp_sendto called! Bypassing to POSIX sendto ===
[SEDP-RACE-RUN37] host_utc=2026-09-28T09:05:54.902+00:00 host_mono_ns=2345374092796820 
[SEDP-RACE-RUN37] host_utc=2026-09-28T09:05:54.902+00:00 host_mono_ns=2345374092805567 === DEBUG [lwip-posix]: recvfrom received packet of len 52! Bypassing to pcb->recv ===
[SEDP-RACE-RUN37] host_utc=2026-09-28T09:05:54.902+00:00 host_mono_ns=2345374092814012 
[SEDP-RACE-RUN37] host_utc=2026-09-28T09:05:54.902+00:00 host_mono_ns=2345374092822188 === DEBUG [lwip-posix]: udp_sendto called! Bypassing to POSIX sendto ===
[SEDP-RACE-RUN37] host_utc=2026-09-28T09:05:54.902+00:00 host_mono_ns=2345374092847506 
[SEDP-RACE-RUN37] host_utc=2026-09-28T09:05:54.902+00:00 host_mono_ns=2345374092856152 === DEBUG [lwip-posix]: recvfrom received packet of len 52! Bypassing to pcb->recv ===
[SEDP-RACE-RUN37] host_utc=2026-09-28T09:05:54.902+00:00 host_mono_ns=2345374092864578 
[SEDP-RACE-RUN37] host_utc=2026-09-28T09:05:54.902+00:00 host_mono_ns=2345374092872683 === DEBUG [lwip-posix]: udp_sendto called! Bypassing to POSIX sendto ===
[SEDP-RACE-RUN37] host_utc=2026-09-28T09:05:54.902+00:00 host_mono_ns=2345374093056531 
[SEDP-RACE-RUN37] host_utc=2026-09-28T09:05:54.902+00:00 host_mono_ns=2345374093070687 === DEBUG [lwip-posix]: recvfrom received packet of len 52! Bypassing to pcb->recv ===
[SEDP-RACE-RUN37] host_utc=2026-09-28T09:05:54.902+00:00 host_mono_ns=2345374093079344 
[SEDP-RACE-RUN37] host_utc=2026-09-28T09:05:54.902+00:00 host_mono_ns=2345374093087680 === DEBUG [lwip-posix]: recvfrom received packet of len 52! Bypassing to pcb->recv ===
[SEDP-RACE-RUN37] host_utc=2026-09-28T09:05:54.902+00:00 host_mono_ns=2345374093096146 
[SEDP-RACE-RUN37] host_utc=2026-09-28T09:05:54.902+00:00 host_mono_ns=2345374093104291 === DEBUG [lwip-posix]: udp_sendto called! Bypassing to POSIX sendto ===
[SEDP-RACE-RUN37] host_utc=2026-09-28T09:05:54.902+00:00 host_mono_ns=2345374093116915 
[SEDP-RACE-RUN37] host_utc=2026-09-28T09:05:54.902+00:00 host_mono_ns=2345374093125261 === DEBUG [lwip-posix]: udp_sendto called! Bypassing to POSIX sendto ===
[SEDP-RACE-RUN37] host_utc=2026-09-28T09:05:54.903+00:00 host_mono_ns=2345374093323505 
[SEDP-RACE-RUN37] host_utc=2026-09-28T09:05:54.903+00:00 host_mono_ns=2345374093332252 === DEBUG [lwip-posix]: recvfrom received packet of len 52! Bypassing to pcb->recv ===
[SEDP-RACE-RUN37] host_utc=2026-09-28T09:05:54.903+00:00 host_mono_ns=2345374093340647 
[SEDP-RACE-RUN37] host_utc=2026-09-28T09:05:54.903+00:00 host_mono_ns=2345374093348853 === DEBUG [lwip-posix]: udp_sendto called! Bypassing to POSIX sendto ===
[SEDP-RACE-RUN37] host_utc=2026-09-28T09:05:54.903+00:00 host_mono_ns=2345374093420979 
[SEDP-RACE-RUN37] host_utc=2026-09-28T09:05:54.903+00:00 host_mono_ns=2345374093429656 === DEBUG [lwip-posix]: recvfrom received packet of len 52! Bypassing to pcb->recv ===
[SEDP-RACE-RUN37] host_utc=2026-09-28T09:05:54.903+00:00 host_mono_ns=2345374093438162 
[SEDP-RACE-RUN37] host_utc=2026-09-28T09:05:54.903+00:00 host_mono_ns=2345374093446347 === DEBUG [lwip-posix]: udp_sendto called! Bypassing to POSIX sendto ===
[SEDP-RACE-RUN37] host_utc=2026-09-28T09:05:54.903+00:00 host_mono_ns=2345374093635875 
[SEDP-RACE-RUN37] host_utc=2026-09-28T09:05:54.903+00:00 host_mono_ns=2345374093644612 === DEBUG [lwip-posix]: recvfrom received packet of len 52! Bypassing to pcb->recv ===
[SEDP-RACE-RUN37] host_utc=2026-09-28T09:05:54.903+00:00 host_mono_ns=2345374093695808 
[SEDP-RACE-RUN37] host_utc=2026-09-28T09:05:54.903+00:00 host_mono_ns=2345374093706078 === DEBUG [lwip-posix]: udp_sendto called! Bypassing to POSIX sendto ===
[SEDP-RACE-RUN37] host_utc=2026-09-28T09:05:54.903+00:00 host_mono_ns=2345374093839410 
[SEDP-RACE-RUN37] host_utc=2026-09-28T09:05:54.903+00:00 host_mono_ns=2345374093848156 === DEBUG [lwip-posix]: recvfrom received packet of len 52! Bypassing to pcb->recv ===
[SEDP-RACE-RUN37] host_utc=2026-09-28T09:05:54.903+00:00 host_mono_ns=2345374093856702 
[SEDP-RACE-RUN37] host_utc=2026-09-28T09:05:54.903+00:00 host_mono_ns=2345374093864998 === DEBUG [lwip-posix]: udp_sendto called! Bypassing to POSIX sendto ===
[SEDP-RACE-RUN37] host_utc=2026-09-28T09:05:54.903+00:00 host_mono_ns=2345374093925693 
[SEDP-RACE-RUN37] host_utc=2026-09-28T09:05:54.903+00:00 host_mono_ns=2345374093934319 === DEBUG [lwip-posix]: recvfrom received packet of len 52! Bypassing to pcb->recv ===
[SEDP-RACE-RUN37] host_utc=2026-09-28T09:05:54.903+00:00 host_mono_ns=2345374093942755 
[SEDP-RACE-RUN37] host_utc=2026-09-28T09:05:54.903+00:00 host_mono_ns=2345374093951011 === DEBUG [lwip-posix]: udp_sendto called! Bypassing to POSIX sendto ===
[SEDP-RACE-RUN37] host_utc=2026-09-28T09:05:54.903+00:00 host_mono_ns=2345374094156769 
[SEDP-RACE-RUN37] host_utc=2026-09-28T09:05:54.904+00:00 host_mono_ns=2345374094169674 === DEBUG [lwip-posix]: recvfrom received packet of len 52! Bypassing to pcb->recv ===
[SEDP-RACE-RUN37] host_utc=2026-09-28T09:05:54.904+00:00 host_mono_ns=2345374094182147 
[SEDP-RACE-RUN37] host_utc=2026-09-28T09:05:54.904+00:00 host_mono_ns=2345374094190573 === DEBUG [lwip-posix]: udp_sendto called! Bypassing to POSIX sendto ===
[SEDP-RACE-RUN37] host_utc=2026-09-28T09:05:54.904+00:00 host_mono_ns=2345374094198919 
[SEDP-RACE-RUN37] host_utc=2026-09-28T09:05:54.904+00:00 host_mono_ns=2345374094207185 === DEBUG [lwip-posix]: recvfrom received packet of len 52! Bypassing to pcb->recv ===
[SEDP-RACE-RUN37] host_utc=2026-09-28T09:05:54.904+00:00 host_mono_ns=2345374094219157 
[SEDP-RACE-RUN37] host_utc=2026-09-28T09:05:54.904+00:00 host_mono_ns=2345374094227513 === DEBUG [lwip-posix]: udp_sendto called! Bypassing to POSIX sendto ===
[SEDP-RACE-RUN37] host_utc=2026-09-28T09:05:54.904+00:00 host_mono_ns=2345374094399949 
[SEDP-RACE-RUN37] host_utc=2026-09-28T09:05:54.904+00:00 host_mono_ns=2345374094410519 === DEBUG [lwip-posix]: recvfrom received packet of len 52! Bypassing to pcb->recv ===
[SEDP-RACE-RUN37] host_utc=2026-09-28T09:05:54.904+00:00 host_mono_ns=2345374094435967 
[SEDP-RACE-RUN37] host_utc=2026-09-28T09:05:54.904+00:00 host_mono_ns=2345374094444553 === DEBUG [lwip-posix]: udp_sendto called! Bypassing to POSIX sendto ===
[SEDP-RACE-RUN37] host_utc=2026-09-28T09:05:54.904+00:00 host_mono_ns=2345374094551996 
[SEDP-RACE-RUN37] host_utc=2026-09-28T09:05:54.904+00:00 host_mono_ns=2345374094560793 === DEBUG [lwip-posix]: recvfrom received packet of len 52! Bypassing to pcb->recv ===
[SEDP-RACE-RUN37] host_utc=2026-09-28T09:05:54.904+00:00 host_mono_ns=2345374094570020 
[SEDP-RACE-RUN37] host_utc=2026-09-28T09:05:54.904+00:00 host_mono_ns=2345374094580590 === DEBUG [lwip-posix]: udp_sendto called! Bypassing to POSIX sendto ===
[SEDP-RACE-RUN37] host_utc=2026-09-28T09:05:54.904+00:00 host_mono_ns=2345374094709804 
[SEDP-RACE-RUN37] host_utc=2026-09-28T09:05:54.904+00:00 host_mono_ns=2345374094718711 === DEBUG [lwip-posix]: recvfrom received packet of len 52! Bypassing to pcb->recv ===
[SEDP-RACE-RUN37] host_utc=2026-09-28T09:05:54.904+00:00 host_mono_ns=2345374094727127 
[SEDP-RACE-RUN37] host_utc=2026-09-28T09:05:54.904+00:00 host_mono_ns=2345374094735242 === DEBUG [lwip-posix]: udp_sendto called! Bypassing to POSIX sendto ===
[SEDP-RACE-RUN37] host_utc=2026-09-28T09:05:54.904+00:00 host_mono_ns=2345374094862302 
[SEDP-RACE-RUN37] host_utc=2026-09-28T09:05:54.904+00:00 host_mono_ns=2345374094870969 === DEBUG [lwip-posix]: recvfrom received packet of len 52! Bypassing to pcb->recv ===
[SEDP-RACE-RUN37] host_utc=2026-09-28T09:05:54.904+00:00 host_mono_ns=2345374094887680 
[SEDP-RACE-RUN37] host_utc=2026-09-28T09:05:54.904+00:00 host_mono_ns=2345374094895916 === DEBUG [lwip-posix]: udp_sendto called! Bypassing to POSIX sendto ===
[SEDP-RACE-RUN37] host_utc=2026-09-28T09:05:54.904+00:00 host_mono_ns=2345374094908309 
[SEDP-RACE-RUN37] host_utc=2026-09-28T09:05:54.904+00:00 host_mono_ns=2345374094916525 === DEBUG [lwip-posix]: recvfrom received packet of len 52! Bypassing to pcb->recv ===
[SEDP-RACE-RUN37] host_utc=2026-09-28T09:05:54.904+00:00 host_mono_ns=2345374094924830 
[SEDP-RACE-RUN37] host_utc=2026-09-28T09:05:54.904+00:00 host_mono_ns=2345374094932956 === DEBUG [lwip-posix]: udp_sendto called! Bypassing to POSIX sendto ===
[SEDP-RACE-RUN37] host_utc=2026-09-28T09:05:54.905+00:00 host_mono_ns=2345374095253531 
[SEDP-RACE-RUN37] host_utc=2026-09-28T09:05:54.905+00:00 host_mono_ns=2345374095267658 === DEBUG [lwip-posix]: recvfrom received packet of len 52! Bypassing to pcb->recv ===
[SEDP-RACE-RUN37] host_utc=2026-09-28T09:05:54.905+00:00 host_mono_ns=2345374095276284 
[SEDP-RACE-RUN37] host_utc=2026-09-28T09:05:54.905+00:00 host_mono_ns=2345374095284570 === DEBUG [lwip-posix]: udp_sendto called! Bypassing to POSIX sendto ===
[SEDP-RACE-RUN37] host_utc=2026-09-28T09:05:54.905+00:00 host_mono_ns=2345374095297054 
[SEDP-RACE-RUN37] host_utc=2026-09-28T09:05:54.905+00:00 host_mono_ns=2345374095305319 === DEBUG [lwip-posix]: recvfrom received packet of len 52! Bypassing to pcb->recv ===
[SEDP-RACE-RUN37] host_utc=2026-09-28T09:05:54.905+00:00 host_mono_ns=2345374095313615 
[SEDP-RACE-RUN37] host_utc=2026-09-28T09:05:54.905+00:00 host_mono_ns=2345374095321630 === DEBUG [lwip-posix]: udp_sendto called! Bypassing to POSIX sendto ===
[SEDP-RACE-RUN37] host_utc=2026-09-28T09:05:54.905+00:00 host_mono_ns=2345374095477845 
[SEDP-RACE-RUN37] host_utc=2026-09-28T09:05:54.905+00:00 host_mono_ns=2345374095486632 === DEBUG [lwip-posix]: recvfrom received packet of len 52! Bypassing to pcb->recv ===
[SEDP-RACE-RUN37] host_utc=2026-09-28T09:05:54.905+00:00 host_mono_ns=2345374095495088 
[SEDP-RACE-RUN37] host_utc=2026-09-28T09:05:54.905+00:00 host_mono_ns=2345374095503293 === DEBUG [lwip-posix]: udp_sendto called! Bypassing to POSIX sendto ===
[SEDP-RACE-RUN37] host_utc=2026-09-28T09:05:54.905+00:00 host_mono_ns=2345374095749258 
[SEDP-RACE-RUN37] host_utc=2026-09-28T09:05:54.905+00:00 host_mono_ns=2345374095757574 === DEBUG [lwip-posix]: recvfrom received packet of len 52! Bypassing to pcb->recv ===
[SEDP-RACE-RUN37] host_utc=2026-09-28T09:05:54.905+00:00 host_mono_ns=2345374095766030 
[SEDP-RACE-RUN37] host_utc=2026-09-28T09:05:54.905+00:00 host_mono_ns=2345374095774165 === DEBUG [lwip-posix]: udp_sendto called! Bypassing to POSIX sendto ===
[SEDP-RACE-RUN37] host_utc=2026-09-28T09:05:54.905+00:00 host_mono_ns=2345374095782391 
[SEDP-RACE-RUN37] host_utc=2026-09-28T09:05:54.905+00:00 host_mono_ns=2345374095790476 === DEBUG [lwip-posix]: recvfrom received packet of len 52! Bypassing to pcb->recv ===
[SEDP-RACE-RUN37] host_utc=2026-09-28T09:05:54.905+00:00 host_mono_ns=2345374095798671 
[SEDP-RACE-RUN37] host_utc=2026-09-28T09:05:54.905+00:00 host_mono_ns=2345374095806747 === DEBUG [lwip-posix]: udp_sendto called! Bypassing to POSIX sendto ===
[SEDP-RACE-RUN37] host_utc=2026-09-28T09:05:54.905+00:00 host_mono_ns=2345374095951650 
[SEDP-RACE-RUN37] host_utc=2026-09-28T09:05:54.905+00:00 host_mono_ns=2345374095960337 === DEBUG [lwip-posix]: recvfrom received packet of len 52! Bypassing to pcb->recv ===
[SEDP-RACE-RUN37] host_utc=2026-09-28T09:05:54.905+00:00 host_mono_ns=2345374095968592 
[SEDP-RACE-RUN37] host_utc=2026-09-28T09:05:54.905+00:00 host_mono_ns=2345374095976598 === DEBUG [lwip-posix]: udp_sendto called! Bypassing to POSIX sendto ===
[SEDP-RACE-RUN37] host_utc=2026-09-28T09:05:54.905+00:00 host_mono_ns=2345374095988390 
[SEDP-RACE-RUN37] host_utc=2026-09-28T09:05:54.905+00:00 host_mono_ns=2345374095996655 === DEBUG [lwip-posix]: recvfrom received packet of len 52! Bypassing to pcb->recv ===
[SEDP-RACE-RUN37] host_utc=2026-09-28T09:05:54.905+00:00 host_mono_ns=2345374096068271 
[SEDP-RACE-RUN37] host_utc=2026-09-28T09:05:54.905+00:00 host_mono_ns=2345374096081907 === DEBUG [lwip-posix]: udp_sendto called! Bypassing to POSIX sendto ===
[SEDP-RACE-RUN37] host_utc=2026-09-28T09:05:54.906+00:00 host_mono_ns=2345374096200430 
[SEDP-RACE-RUN37] host_utc=2026-09-28T09:05:54.906+00:00 host_mono_ns=2345374096208997 === DEBUG [lwip-posix]: recvfrom received packet of len 52! Bypassing to pcb->recv ===
[SEDP-RACE-RUN37] host_utc=2026-09-28T09:05:54.906+00:00 host_mono_ns=2345374096217322 
[SEDP-RACE-RUN37] host_utc=2026-09-28T09:05:54.906+00:00 host_mono_ns=2345374096225368 === DEBUG [lwip-posix]: udp_sendto called! Bypassing to POSIX sendto ===
[SEDP-RACE-RUN37] host_utc=2026-09-28T09:05:54.906+00:00 host_mono_ns=2345374096456284 
[SEDP-RACE-RUN37] host_utc=2026-09-28T09:05:54.906+00:00 host_mono_ns=2345374096464840 === DEBUG [lwip-posix]: recvfrom received packet of len 52! Bypassing to pcb->recv ===
[SEDP-RACE-RUN37] host_utc=2026-09-28T09:05:54.906+00:00 host_mono_ns=2345374096473176 
[SEDP-RACE-RUN37] host_utc=2026-09-28T09:05:54.906+00:00 host_mono_ns=2345374096481261 === DEBUG [lwip-posix]: recvfrom received packet of len 52! Bypassing to pcb->recv ===
[SEDP-RACE-RUN37] host_utc=2026-09-28T09:05:54.906+00:00 host_mono_ns=2345374096489517 
[SEDP-RACE-RUN37] host_utc=2026-09-28T09:05:54.906+00:00 host_mono_ns=2345374096497592 === DEBUG [lwip-posix]: udp_sendto called! Bypassing to POSIX sendto ===
[SEDP-RACE-RUN37] host_utc=2026-09-28T09:05:54.906+00:00 host_mono_ns=2345374096505787 
[SEDP-RACE-RUN37] host_utc=2026-09-28T09:05:54.906+00:00 host_mono_ns=2345374096513893 === DEBUG [lwip-posix]: udp_sendto called! Bypassing to POSIX sendto ===
[SEDP-RACE-RUN37] host_utc=2026-09-28T09:05:54.906+00:00 host_mono_ns=2345374096888440 
[SEDP-RACE-RUN37] host_utc=2026-09-28T09:05:54.906+00:00 host_mono_ns=2345374096897057 === DEBUG [lwip-posix]: recvfrom received packet of len 52! Bypassing to pcb->recv ===
[SEDP-RACE-RUN37] host_utc=2026-09-28T09:05:54.906+00:00 host_mono_ns=2345374096905402 
[SEDP-RACE-RUN37] host_utc=2026-09-28T09:05:54.906+00:00 host_mono_ns=2345374096913578 === DEBUG [lwip-posix]: udp_sendto called! Bypassing to POSIX sendto ===
[SEDP-RACE-RUN37] host_utc=2026-09-28T09:05:54.906+00:00 host_mono_ns=2345374096967019 
[SEDP-RACE-RUN37] host_utc=2026-09-28T09:05:54.906+00:00 host_mono_ns=2345374096975605 === DEBUG [lwip-posix]: recvfrom received packet of len 52! Bypassing to pcb->recv ===
[SEDP-RACE-RUN37] host_utc=2026-09-28T09:05:54.906+00:00 host_mono_ns=2345374096983891 
[SEDP-RACE-RUN37] host_utc=2026-09-28T09:05:54.906+00:00 host_mono_ns=2345374096992036 === DEBUG [lwip-posix]: udp_sendto called! Bypassing to POSIX sendto ===
[SEDP-RACE-RUN37] host_utc=2026-09-28T09:05:54.906+00:00 host_mono_ns=2345374097063170 
[SEDP-RACE-RUN37] host_utc=2026-09-28T09:05:54.906+00:00 host_mono_ns=2345374097075714 === DEBUG [lwip-posix]: recvfrom received packet of len 52! Bypassing to pcb->recv ===
[SEDP-RACE-RUN37] host_utc=2026-09-28T09:05:54.906+00:00 host_mono_ns=2345374097084100 
[SEDP-RACE-RUN37] host_utc=2026-09-28T09:05:54.906+00:00 host_mono_ns=2345374097092255 === DEBUG [lwip-posix]: udp_sendto called! Bypassing to POSIX sendto ===
[SEDP-RACE-RUN37] host_utc=2026-09-28T09:05:54.907+00:00 host_mono_ns=2345374097351856 
[SEDP-RACE-RUN37] host_utc=2026-09-28T09:05:54.907+00:00 host_mono_ns=2345374097360362 === DEBUG [lwip-posix]: recvfrom received packet of len 52! Bypassing to pcb->recv ===
[SEDP-RACE-RUN37] host_utc=2026-09-28T09:05:54.907+00:00 host_mono_ns=2345374097368718 
[SEDP-RACE-RUN37] host_utc=2026-09-28T09:05:54.907+00:00 host_mono_ns=2345374097376873 === DEBUG [lwip-posix]: udp_sendto called! Bypassing to POSIX sendto ===
[SEDP-RACE-RUN37] host_utc=2026-09-28T09:05:54.907+00:00 host_mono_ns=2345374097415937 
[SEDP-RACE-RUN37] host_utc=2026-09-28T09:05:54.907+00:00 host_mono_ns=2345374097424533 === DEBUG [lwip-posix]: recvfrom received packet of len 52! Bypassing to pcb->recv ===
[SEDP-RACE-RUN37] host_utc=2026-09-28T09:05:54.907+00:00 host_mono_ns=2345374097440964 
[SEDP-RACE-RUN37] host_utc=2026-09-28T09:05:54.907+00:00 host_mono_ns=2345374097449240 === DEBUG [lwip-posix]: udp_sendto called! Bypassing to POSIX sendto ===
[SEDP-RACE-RUN37] host_utc=2026-09-28T09:05:54.907+00:00 host_mono_ns=2345374097602689 
[SEDP-RACE-RUN37] host_utc=2026-09-28T09:05:54.907+00:00 host_mono_ns=2345374097611316 === DEBUG [lwip-posix]: recvfrom received packet of len 52! Bypassing to pcb->recv ===
[SEDP-RACE-RUN37] host_utc=2026-09-28T09:05:54.907+00:00 host_mono_ns=2345374097619641 
[SEDP-RACE-RUN37] host_utc=2026-09-28T09:05:54.907+00:00 host_mono_ns=2345374097627777 === DEBUG [lwip-posix]: udp_sendto called! Bypassing to POSIX sendto ===
[SEDP-RACE-RUN37] host_utc=2026-09-28T09:05:54.907+00:00 host_mono_ns=2345374097704422 
[SEDP-RACE-RUN37] host_utc=2026-09-28T09:05:54.907+00:00 host_mono_ns=2345374097712918 === DEBUG [lwip-posix]: recvfrom received packet of len 52! Bypassing to pcb->recv ===
[SEDP-RACE-RUN37] host_utc=2026-09-28T09:05:54.907+00:00 host_mono_ns=2345374097721263 
[SEDP-RACE-RUN37] host_utc=2026-09-28T09:05:54.907+00:00 host_mono_ns=2345374097729389 === DEBUG [lwip-posix]: udp_sendto called! Bypassing to POSIX sendto ===
[SEDP-RACE-RUN37] host_utc=2026-09-28T09:05:54.907+00:00 host_mono_ns=2345374097844236 
[SEDP-RACE-RUN37] host_utc=2026-09-28T09:05:54.907+00:00 host_mono_ns=2345374097852692 === DEBUG [lwip-posix]: recvfrom received packet of len 52! Bypassing to pcb->recv ===
[SEDP-RACE-RUN37] host_utc=2026-09-28T09:05:54.907+00:00 host_mono_ns=2345374097860977 
[SEDP-RACE-RUN37] host_utc=2026-09-28T09:05:54.907+00:00 host_mono_ns=2345374097869063 === DEBUG [lwip-posix]: udp_sendto called! Bypassing to POSIX sendto ===
[SEDP-RACE-RUN37] host_utc=2026-09-28T09:05:54.907+00:00 host_mono_ns=2345374098106070 
[SEDP-RACE-RUN37] host_utc=2026-09-28T09:05:54.907+00:00 host_mono_ns=2345374098118544 === DEBUG [lwip-posix]: recvfrom received packet of len 52! Bypassing to pcb->recv ===
[SEDP-RACE-RUN37] host_utc=2026-09-28T09:05:54.907+00:00 host_mono_ns=2345374098127130 
[SEDP-RACE-RUN37] host_utc=2026-09-28T09:05:54.907+00:00 host_mono_ns=2345374098135215 === DEBUG [lwip-posix]: udp_sendto called! Bypassing to POSIX sendto ===
[SEDP-RACE-RUN37] host_utc=2026-09-28T09:05:54.907+00:00 host_mono_ns=2345374098147459 
[SEDP-RACE-RUN37] host_utc=2026-09-28T09:05:54.907+00:00 host_mono_ns=2345374098155714 === DEBUG [lwip-posix]: recvfrom received packet of len 52! Bypassing to pcb->recv ===
[SEDP-RACE-RUN37] host_utc=2026-09-28T09:05:54.907+00:00 host_mono_ns=2345374098164090 
[SEDP-RACE-RUN37] host_utc=2026-09-28T09:05:54.908+00:00 host_mono_ns=2345374098172135 === DEBUG [lwip-posix]: udp_sendto called! Bypassing to POSIX sendto ===
[SEDP-RACE-RUN37] host_utc=2026-09-28T09:05:54.908+00:00 host_mono_ns=2345374098383224 
[SEDP-RACE-RUN37] host_utc=2026-09-28T09:05:54.908+00:00 host_mono_ns=2345374098391740 === DEBUG [lwip-posix]: recvfrom received packet of len 52! Bypassing to pcb->recv ===
[SEDP-RACE-RUN37] host_utc=2026-09-28T09:05:54.908+00:00 host_mono_ns=2345374098400016 
[SEDP-RACE-RUN37] host_utc=2026-09-28T09:05:54.908+00:00 host_mono_ns=2345374098408081 === DEBUG [lwip-posix]: udp_sendto called! Bypassing to POSIX sendto ===
[SEDP-RACE-RUN37] host_utc=2026-09-28T09:05:54.908+00:00 host_mono_ns=2345374098522297 
[SEDP-RACE-RUN37] host_utc=2026-09-28T09:05:54.908+00:00 host_mono_ns=2345374098530773 === DEBUG [lwip-posix]: recvfrom received packet of len 52! Bypassing to pcb->recv ===
[SEDP-RACE-RUN37] host_utc=2026-09-28T09:05:54.908+00:00 host_mono_ns=2345374098539139 
[SEDP-RACE-RUN37] host_utc=2026-09-28T09:05:54.908+00:00 host_mono_ns=2345374098547314 === DEBUG [lwip-posix]: udp_sendto called! Bypassing to POSIX sendto ===
[SEDP-RACE-RUN37] host_utc=2026-09-28T09:05:54.908+00:00 host_mono_ns=2345374098679113 
[SEDP-RACE-RUN37] host_utc=2026-09-28T09:05:54.908+00:00 host_mono_ns=2345374098687619 === DEBUG [lwip-posix]: recvfrom received packet of len 52! Bypassing to pcb->recv ===
[SEDP-RACE-RUN37] host_utc=2026-09-28T09:05:54.908+00:00 host_mono_ns=2345374098707276 
[SEDP-RACE-RUN37] host_utc=2026-09-28T09:05:54.908+00:00 host_mono_ns=2345374098715682 === DEBUG [lwip-posix]: udp_sendto called! Bypassing to POSIX sendto ===
[SEDP-RACE-RUN37] host_utc=2026-09-28T09:05:54.908+00:00 host_mono_ns=2345374098915560 
[SEDP-RACE-RUN37] host_utc=2026-09-28T09:05:54.908+00:00 host_mono_ns=2345374098924146 === DEBUG [lwip-posix]: recvfrom received packet of len 52! Bypassing to pcb->recv ===
[SEDP-RACE-RUN37] host_utc=2026-09-28T09:05:54.908+00:00 host_mono_ns=2345374098932512 
[SEDP-RACE-RUN37] host_utc=2026-09-28T09:05:54.908+00:00 host_mono_ns=2345374098940717 === DEBUG [lwip-posix]: udp_sendto called! Bypassing to POSIX sendto ===
[SEDP-RACE-RUN37] host_utc=2026-09-28T09:05:54.908+00:00 host_mono_ns=2345374098949023 
[SEDP-RACE-RUN37] host_utc=2026-09-28T09:05:54.908+00:00 host_mono_ns=2345374098957088 === DEBUG [lwip-posix]: recvfrom received packet of len 52! Bypassing to pcb->recv ===
[SEDP-RACE-RUN37] host_utc=2026-09-28T09:05:54.908+00:00 host_mono_ns=2345374098965344 
[SEDP-RACE-RUN37] host_utc=2026-09-28T09:05:54.908+00:00 host_mono_ns=2345374098973349 === DEBUG [lwip-posix]: udp_sendto called! Bypassing to POSIX sendto ===
[SEDP-RACE-RUN37] host_utc=2026-09-28T09:05:54.908+00:00 host_mono_ns=2345374099166684 
[SEDP-RACE-RUN37] host_utc=2026-09-28T09:05:54.909+00:00 host_mono_ns=2345374099178907 === DEBUG [lwip-posix]: recvfrom received packet of len 52! Bypassing to pcb->recv ===
[SEDP-RACE-RUN37] host_utc=2026-09-28T09:05:54.909+00:00 host_mono_ns=2345374099187283 
[SEDP-RACE-RUN37] host_utc=2026-09-28T09:05:54.909+00:00 host_mono_ns=2345374099195378 === DEBUG [lwip-posix]: udp_sendto called! Bypassing to POSIX sendto ===
[SEDP-RACE-RUN37] host_utc=2026-09-28T09:05:54.909+00:00 host_mono_ns=2345374099282423 
[SEDP-RACE-RUN37] host_utc=2026-09-28T09:05:54.909+00:00 host_mono_ns=2345374099290889 === DEBUG [lwip-posix]: recvfrom received packet of len 52! Bypassing to pcb->recv ===
[SEDP-RACE-RUN37] host_utc=2026-09-28T09:05:54.909+00:00 host_mono_ns=2345374099299225 
[SEDP-RACE-RUN37] host_utc=2026-09-28T09:05:54.909+00:00 host_mono_ns=2345374099307350 === DEBUG [lwip-posix]: udp_sendto called! Bypassing to POSIX sendto ===
[SEDP-RACE-RUN37] host_utc=2026-09-28T09:05:54.909+00:00 host_mono_ns=2345374099392381 
[SEDP-RACE-RUN37] host_utc=2026-09-28T09:05:54.909+00:00 host_mono_ns=2345374099400927 === DEBUG [lwip-posix]: recvfrom received packet of len 52! Bypassing to pcb->recv ===
[SEDP-RACE-RUN37] host_utc=2026-09-28T09:05:54.909+00:00 host_mono_ns=2345374099409222 
[SEDP-RACE-RUN37] host_utc=2026-09-28T09:05:54.909+00:00 host_mono_ns=2345374099417338 === DEBUG [lwip-posix]: udp_sendto called! Bypassing to POSIX sendto ===
[SEDP-RACE-RUN37] host_utc=2026-09-28T09:05:54.909+00:00 host_mono_ns=2345374099626823 
[SEDP-RACE-RUN37] host_utc=2026-09-28T09:05:54.909+00:00 host_mono_ns=2345374099635430 === DEBUG [lwip-posix]: recvfrom received packet of len 52! Bypassing to pcb->recv ===
[SEDP-RACE-RUN37] host_utc=2026-09-28T09:05:54.909+00:00 host_mono_ns=2345374099643715 
[SEDP-RACE-RUN37] host_utc=2026-09-28T09:05:54.909+00:00 host_mono_ns=2345374099651931 === DEBUG [lwip-posix]: udp_sendto called! Bypassing to POSIX sendto ===
[SEDP-RACE-RUN37] host_utc=2026-09-28T09:05:54.909+00:00 host_mono_ns=2345374099704801 
[SEDP-RACE-RUN37] host_utc=2026-09-28T09:05:54.909+00:00 host_mono_ns=2345374099713968 === DEBUG [lwip-posix]: recvfrom received packet of len 52! Bypassing to pcb->recv ===
[SEDP-RACE-RUN37] host_utc=2026-09-28T09:05:54.909+00:00 host_mono_ns=2345374099722264 
[SEDP-RACE-RUN37] host_utc=2026-09-28T09:05:54.909+00:00 host_mono_ns=2345374099730339 === DEBUG [lwip-posix]: udp_sendto called! Bypassing to POSIX sendto ===
[SEDP-RACE-RUN37] host_utc=2026-09-28T09:05:54.909+00:00 host_mono_ns=2345374099854664 
[SEDP-RACE-RUN37] host_utc=2026-09-28T09:05:54.909+00:00 host_mono_ns=2345374099863110 === DEBUG [lwip-posix]: recvfrom received packet of len 52! Bypassing to pcb->recv ===
[SEDP-RACE-RUN37] host_utc=2026-09-28T09:05:54.909+00:00 host_mono_ns=2345374099879120 
[SEDP-RACE-RUN37] host_utc=2026-09-28T09:05:54.909+00:00 host_mono_ns=2345374099887446 === DEBUG [lwip-posix]: udp_sendto called! Bypassing to POSIX sendto ===
[SEDP-RACE-RUN37] host_utc=2026-09-28T09:05:54.910+00:00 host_mono_ns=2345374100296859 
[SEDP-RACE-RUN37] host_utc=2026-09-28T09:05:54.910+00:00 host_mono_ns=2345374100310655 === DEBUG [lwip-posix]: recvfrom received packet of len 52! Bypassing to pcb->recv ===
[SEDP-RACE-RUN37] host_utc=2026-09-28T09:05:54.910+00:00 host_mono_ns=2345374100319482 
[SEDP-RACE-RUN37] host_utc=2026-09-28T09:05:54.910+00:00 host_mono_ns=2345374100327648 === DEBUG [lwip-posix]: udp_sendto called! Bypassing to POSIX sendto ===
[SEDP-RACE-RUN37] host_utc=2026-09-28T09:05:54.910+00:00 host_mono_ns=2345374100340231 
[SEDP-RACE-RUN37] host_utc=2026-09-28T09:05:54.910+00:00 host_mono_ns=2345374100348597 === DEBUG [lwip-posix]: recvfrom received packet of len 52! Bypassing to pcb->recv ===
[SEDP-RACE-RUN37] host_utc=2026-09-28T09:05:54.910+00:00 host_mono_ns=2345374100356883 
[SEDP-RACE-RUN37] host_utc=2026-09-28T09:05:54.910+00:00 host_mono_ns=2345374100365008 === DEBUG [lwip-posix]: udp_sendto called! Bypassing to POSIX sendto ===
[SEDP-RACE-RUN37] host_utc=2026-09-28T09:05:54.910+00:00 host_mono_ns=2345374100595203 
[SEDP-RACE-RUN37] host_utc=2026-09-28T09:05:54.910+00:00 host_mono_ns=2345374100603879 === DEBUG [lwip-posix]: recvfrom received packet of len 52! Bypassing to pcb->recv ===
[SEDP-RACE-RUN37] host_utc=2026-09-28T09:05:54.910+00:00 host_mono_ns=2345374100612175 
[SEDP-RACE-RUN37] host_utc=2026-09-28T09:05:54.910+00:00 host_mono_ns=2345374100620320 === DEBUG [lwip-posix]: udp_sendto called! Bypassing to POSIX sendto ===
[SEDP-RACE-RUN37] host_utc=2026-09-28T09:05:54.910+00:00 host_mono_ns=2345374100686926 
[SEDP-RACE-RUN37] host_utc=2026-09-28T09:05:54.910+00:00 host_mono_ns=2345374100695442 === DEBUG [lwip-posix]: recvfrom received packet of len 52! Bypassing to pcb->recv ===
[SEDP-RACE-RUN37] host_utc=2026-09-28T09:05:54.910+00:00 host_mono_ns=2345374100703688 
[SEDP-RACE-RUN37] host_utc=2026-09-28T09:05:54.910+00:00 host_mono_ns=2345374100711873 === DEBUG [lwip-posix]: udp_sendto called! Bypassing to POSIX sendto ===
[SEDP-RACE-RUN37] host_utc=2026-09-28T09:05:54.910+00:00 host_mono_ns=2345374101087563 
[SEDP-RACE-RUN37] host_utc=2026-09-28T09:05:54.910+00:00 host_mono_ns=2345374101101339 === DEBUG [lwip-posix]: recvfrom received packet of len 52! Bypassing to pcb->recv ===
[SEDP-RACE-RUN37] host_utc=2026-09-28T09:05:54.910+00:00 host_mono_ns=2345374101109936 
[SEDP-RACE-RUN37] host_utc=2026-09-28T09:05:54.910+00:00 host_mono_ns=2345374101118011 === DEBUG [lwip-posix]: udp_sendto called! Bypassing to POSIX sendto ===
[SEDP-RACE-RUN37] host_utc=2026-09-28T09:05:54.910+00:00 host_mono_ns=2345374101130394 
[SEDP-RACE-RUN37] host_utc=2026-09-28T09:05:54.910+00:00 host_mono_ns=2345374101138570 === DEBUG [lwip-posix]: recvfrom received packet of len 52! Bypassing to pcb->recv ===
[SEDP-RACE-RUN37] host_utc=2026-09-28T09:05:54.910+00:00 host_mono_ns=2345374101146725 
[SEDP-RACE-RUN37] host_utc=2026-09-28T09:05:54.910+00:00 host_mono_ns=2345374101154810 === DEBUG [lwip-posix]: udp_sendto called! Bypassing to POSIX sendto ===
[SEDP-RACE-RUN37] host_utc=2026-09-28T09:05:54.911+00:00 host_mono_ns=2345374101327747 
[SEDP-RACE-RUN37] host_utc=2026-09-28T09:05:54.911+00:00 host_mono_ns=2345374101336343 === DEBUG [lwip-posix]: recvfrom received packet of len 52! Bypassing to pcb->recv ===
[SEDP-RACE-RUN37] host_utc=2026-09-28T09:05:54.911+00:00 host_mono_ns=2345374101344659 
[SEDP-RACE-RUN37] host_utc=2026-09-28T09:05:54.911+00:00 host_mono_ns=2345374101352704 === DEBUG [lwip-posix]: udp_sendto called! Bypassing to POSIX sendto ===
[SEDP-RACE-RUN37] host_utc=2026-09-28T09:05:54.911+00:00 host_mono_ns=2345374101446091 
[SEDP-RACE-RUN37] host_utc=2026-09-28T09:05:54.911+00:00 host_mono_ns=2345374101454316 === DEBUG [lwip-posix]: recvfrom received packet of len 52! Bypassing to pcb->recv ===
[SEDP-RACE-RUN37] host_utc=2026-09-28T09:05:54.911+00:00 host_mono_ns=2345374101471038 
[SEDP-RACE-RUN37] host_utc=2026-09-28T09:05:54.911+00:00 host_mono_ns=2345374101479263 === DEBUG [lwip-posix]: udp_sendto called! Bypassing to POSIX sendto ===
[SEDP-RACE-RUN37] host_utc=2026-09-28T09:05:54.911+00:00 host_mono_ns=2345374101784821 
[SEDP-RACE-RUN37] host_utc=2026-09-28T09:05:54.911+00:00 host_mono_ns=2345374101793487 === DEBUG [lwip-posix]: recvfrom received packet of len 52! Bypassing to pcb->recv ===
[SEDP-RACE-RUN37] host_utc=2026-09-28T09:05:54.911+00:00 host_mono_ns=2345374101801783 
[SEDP-RACE-RUN37] host_utc=2026-09-28T09:05:54.911+00:00 host_mono_ns=2345374101809978 === DEBUG [lwip-posix]: udp_sendto called! Bypassing to POSIX sendto ===
[SEDP-RACE-RUN37] host_utc=2026-09-28T09:05:54.911+00:00 host_mono_ns=2345374101885651 
[SEDP-RACE-RUN37] host_utc=2026-09-28T09:05:54.911+00:00 host_mono_ns=2345374101894147 === DEBUG [lwip-posix]: recvfrom received packet of len 52! Bypassing to pcb->recv ===
[SEDP-RACE-RUN37] host_utc=2026-09-28T09:05:54.911+00:00 host_mono_ns=2345374101902503 
[SEDP-RACE-RUN37] host_utc=2026-09-28T09:05:54.911+00:00 host_mono_ns=2345374101910588 === DEBUG [lwip-posix]: udp_sendto called! Bypassing to POSIX sendto ===
[SEDP-RACE-RUN37] host_utc=2026-09-28T09:05:54.911+00:00 host_mono_ns=2345374101983125 
[SEDP-RACE-RUN37] host_utc=2026-09-28T09:05:54.911+00:00 host_mono_ns=2345374101991681 === DEBUG [lwip-posix]: recvfrom received packet of len 52! Bypassing to pcb->recv ===
[SEDP-RACE-RUN37] host_utc=2026-09-28T09:05:54.911+00:00 host_mono_ns=2345374101999977 
[SEDP-RACE-RUN37] host_utc=2026-09-28T09:05:54.911+00:00 host_mono_ns=2345374102018302 === DEBUG [lwip-posix]: udp_sendto called! Bypassing to POSIX sendto ===
[SEDP-RACE-RUN37] host_utc=2026-09-28T09:05:54.912+00:00 host_mono_ns=2345374102210314 
[SEDP-RACE-RUN37] host_utc=2026-09-28T09:05:54.912+00:00 host_mono_ns=2345374102218901 === DEBUG [lwip-posix]: recvfrom received packet of len 52! Bypassing to pcb->recv ===
[SEDP-RACE-RUN37] host_utc=2026-09-28T09:05:54.912+00:00 host_mono_ns=2345374102227246 
[SEDP-RACE-RUN37] host_utc=2026-09-28T09:05:54.912+00:00 host_mono_ns=2345374102235382 === DEBUG [lwip-posix]: recvfrom received packet of len 52! Bypassing to pcb->recv ===
[SEDP-RACE-RUN37] host_utc=2026-09-28T09:05:54.912+00:00 host_mono_ns=2345374102243637 
[SEDP-RACE-RUN37] host_utc=2026-09-28T09:05:54.912+00:00 host_mono_ns=2345374102251703 === DEBUG [lwip-posix]: udp_sendto called! Bypassing to POSIX sendto ===
[SEDP-RACE-RUN37] host_utc=2026-09-28T09:05:54.912+00:00 host_mono_ns=2345374102259918 
[SEDP-RACE-RUN37] host_utc=2026-09-28T09:05:54.912+00:00 host_mono_ns=2345374102267903 === DEBUG [lwip-posix]: udp_sendto called! Bypassing to POSIX sendto ===
[SEDP-RACE-RUN37] host_utc=2026-09-28T09:05:54.912+00:00 host_mono_ns=2345374102668540 
[SEDP-RACE-RUN37] host_utc=2026-09-28T09:05:54.912+00:00 host_mono_ns=2345374102677036 === DEBUG [lwip-posix]: recvfrom received packet of len 52! Bypassing to pcb->recv ===
[SEDP-RACE-RUN37] host_utc=2026-09-28T09:05:54.912+00:00 host_mono_ns=2345374102686795 
[SEDP-RACE-RUN37] host_utc=2026-09-28T09:05:54.912+00:00 host_mono_ns=2345374102696132 === DEBUG [lwip-posix]: udp_sendto called! Bypassing to POSIX sendto ===
[SEDP-RACE-RUN37] host_utc=2026-09-28T09:05:54.912+00:00 host_mono_ns=2345374102705400 
[SEDP-RACE-RUN37] host_utc=2026-09-28T09:05:54.912+00:00 host_mono_ns=2345374102714868 === DEBUG [lwip-posix]: recvfrom received packet of len 52! Bypassing to pcb->recv ===
[SEDP-RACE-RUN37] host_utc=2026-09-28T09:05:54.912+00:00 host_mono_ns=2345374102726890 
[SEDP-RACE-RUN37] host_utc=2026-09-28T09:05:54.912+00:00 host_mono_ns=2345374102735096 === DEBUG [lwip-posix]: udp_sendto called! Bypassing to POSIX sendto ===
[SEDP-RACE-RUN37] host_utc=2026-09-28T09:05:54.912+00:00 host_mono_ns=2345374103125493 
[SEDP-RACE-RUN37] host_utc=2026-09-28T09:05:54.912+00:00 host_mono_ns=2345374103137737 === DEBUG [lwip-posix]: recvfrom received packet of len 52! Bypassing to pcb->recv ===
[SEDP-RACE-RUN37] host_utc=2026-09-28T09:05:54.912+00:00 host_mono_ns=2345374103146243 
[SEDP-RACE-RUN37] host_utc=2026-09-28T09:05:54.912+00:00 host_mono_ns=2345374103162323 === DEBUG [lwip-posix]: udp_sendto called! Bypassing to POSIX sendto ===
[SEDP-RACE-RUN37] host_utc=2026-09-28T09:05:54.913+00:00 host_mono_ns=2345374103175087 
[SEDP-RACE-RUN37] host_utc=2026-09-28T09:05:54.913+00:00 host_mono_ns=2345374103183253 === DEBUG [lwip-posix]: recvfrom received packet of len 52! Bypassing to pcb->recv ===
[SEDP-RACE-RUN37] host_utc=2026-09-28T09:05:54.913+00:00 host_mono_ns=2345374103191568 
[SEDP-RACE-RUN37] host_utc=2026-09-28T09:05:54.913+00:00 host_mono_ns=2345374103199674 === DEBUG [lwip-posix]: udp_sendto called! Bypassing to POSIX sendto ===
[SEDP-RACE-RUN37] host_utc=2026-09-28T09:05:54.913+00:00 host_mono_ns=2345374103311234 
[SEDP-RACE-RUN37] host_utc=2026-09-28T09:05:54.913+00:00 host_mono_ns=2345374103319831 === DEBUG [lwip-posix]: recvfrom received packet of len 52! Bypassing to pcb->recv ===
[SEDP-RACE-RUN37] host_utc=2026-09-28T09:05:54.913+00:00 host_mono_ns=2345374103328146 
[SEDP-RACE-RUN37] host_utc=2026-09-28T09:05:54.913+00:00 host_mono_ns=2345374103336282 === DEBUG [lwip-posix]: udp_sendto called! Bypassing to POSIX sendto ===
[SEDP-RACE-RUN37] host_utc=2026-09-28T09:05:54.913+00:00 host_mono_ns=2345374103518937 
[SEDP-RACE-RUN37] host_utc=2026-09-28T09:05:54.913+00:00 host_mono_ns=2345374103527573 === DEBUG [lwip-posix]: recvfrom received packet of len 52! Bypassing to pcb->recv ===
[SEDP-RACE-RUN37] host_utc=2026-09-28T09:05:54.913+00:00 host_mono_ns=2345374103539576 
[SEDP-RACE-RUN37] host_utc=2026-09-28T09:05:54.913+00:00 host_mono_ns=2345374103547801 === DEBUG [lwip-posix]: udp_sendto called! Bypassing to POSIX sendto ===
[SEDP-RACE-RUN37] host_utc=2026-09-28T09:05:54.913+00:00 host_mono_ns=2345374103556117 
[SEDP-RACE-RUN37] host_utc=2026-09-28T09:05:54.913+00:00 host_mono_ns=2345374103564232 === DEBUG [lwip-posix]: recvfrom received packet of len 52! Bypassing to pcb->recv ===
[SEDP-RACE-RUN37] host_utc=2026-09-28T09:05:54.913+00:00 host_mono_ns=2345374103572528 
[SEDP-RACE-RUN37] host_utc=2026-09-28T09:05:54.913+00:00 host_mono_ns=2345374103580703 === DEBUG [lwip-posix]: udp_sendto called! Bypassing to POSIX sendto ===
[SEDP-RACE-RUN37] host_utc=2026-09-28T09:05:54.913+00:00 host_mono_ns=2345374103918421 
[SEDP-RACE-RUN37] host_utc=2026-09-28T09:05:54.913+00:00 host_mono_ns=2345374103926997 === DEBUG [lwip-posix]: recvfrom received packet of len 52! Bypassing to pcb->recv ===
[SEDP-RACE-RUN37] host_utc=2026-09-28T09:05:54.913+00:00 host_mono_ns=2345374103935313 
[SEDP-RACE-RUN37] host_utc=2026-09-28T09:05:54.913+00:00 host_mono_ns=2345374103943438 === DEBUG [lwip-posix]: udp_sendto called! Bypassing to POSIX sendto ===
[SEDP-RACE-RUN37] host_utc=2026-09-28T09:05:54.913+00:00 host_mono_ns=2345374103955461 
[SEDP-RACE-RUN37] host_utc=2026-09-28T09:05:54.913+00:00 host_mono_ns=2345374103963627 === DEBUG [lwip-posix]: recvfrom received packet of len 52! Bypassing to pcb->recv ===
[SEDP-RACE-RUN37] host_utc=2026-09-28T09:05:54.913+00:00 host_mono_ns=2345374103971852 
[SEDP-RACE-RUN37] host_utc=2026-09-28T09:05:54.913+00:00 host_mono_ns=2345374103979887 === DEBUG [lwip-posix]: udp_sendto called! Bypassing to POSIX sendto ===
[SEDP-RACE-RUN37] host_utc=2026-09-28T09:05:54.913+00:00 host_mono_ns=2345374104145951 
[SEDP-RACE-RUN37] host_utc=2026-09-28T09:05:54.913+00:00 host_mono_ns=2345374104158094 === DEBUG [lwip-posix]: recvfrom received packet of len 52! Bypassing to pcb->recv ===
[SEDP-RACE-RUN37] host_utc=2026-09-28T09:05:54.913+00:00 host_mono_ns=2345374104166510 
[SEDP-RACE-RUN37] host_utc=2026-09-28T09:05:54.914+00:00 host_mono_ns=2345374104174705 === DEBUG [lwip-posix]: udp_sendto called! Bypassing to POSIX sendto ===
[SEDP-RACE-RUN37] host_utc=2026-09-28T09:05:54.914+00:00 host_mono_ns=2345374104377168 
[SEDP-RACE-RUN37] host_utc=2026-09-28T09:05:54.914+00:00 host_mono_ns=2345374104385784 === DEBUG [lwip-posix]: recvfrom received packet of len 52! Bypassing to pcb->recv ===
[SEDP-RACE-RUN37] host_utc=2026-09-28T09:05:54.914+00:00 host_mono_ns=2345374104394120 
[SEDP-RACE-RUN37] host_utc=2026-09-28T09:05:54.914+00:00 host_mono_ns=2345374104410391 === DEBUG [lwip-posix]: udp_sendto called! Bypassing to POSIX sendto ===
[SEDP-RACE-RUN37] host_utc=2026-09-28T09:05:54.914+00:00 host_mono_ns=2345374104506232 
[SEDP-RACE-RUN37] host_utc=2026-09-28T09:05:54.914+00:00 host_mono_ns=2345374104514758 === DEBUG [lwip-posix]: recvfrom received packet of len 52! Bypassing to pcb->recv ===
[SEDP-RACE-RUN37] host_utc=2026-09-28T09:05:54.914+00:00 host_mono_ns=2345374104523074 
[SEDP-RACE-RUN37] host_utc=2026-09-28T09:05:54.914+00:00 host_mono_ns=2345374104531199 === DEBUG [lwip-posix]: udp_sendto called! Bypassing to POSIX sendto ===
[SEDP-RACE-RUN37] host_utc=2026-09-28T09:05:54.914+00:00 host_mono_ns=2345374104654832 
[SEDP-RACE-RUN37] host_utc=2026-09-28T09:05:54.914+00:00 host_mono_ns=2345374104663278 === DEBUG [lwip-posix]: recvfrom received packet of len 52! Bypassing to pcb->recv ===
[SEDP-RACE-RUN37] host_utc=2026-09-28T09:05:54.914+00:00 host_mono_ns=2345374104671624 
[SEDP-RACE-RUN37] host_utc=2026-09-28T09:05:54.914+00:00 host_mono_ns=2345374104679739 === DEBUG [lwip-posix]: udp_sendto called! Bypassing to POSIX sendto ===
[SEDP-RACE-RUN37] host_utc=2026-09-28T09:05:54.914+00:00 host_mono_ns=2345374104688135 
[SEDP-RACE-RUN37] host_utc=2026-09-28T09:05:54.914+00:00 host_mono_ns=2345374104696281 === DEBUG [lwip-posix]: recvfrom received packet of len 52! Bypassing to pcb->recv ===
[SEDP-RACE-RUN37] host_utc=2026-09-28T09:05:54.914+00:00 host_mono_ns=2345374104704546 
[SEDP-RACE-RUN37] host_utc=2026-09-28T09:05:54.914+00:00 host_mono_ns=2345374104712622 === DEBUG [lwip-posix]: udp_sendto called! Bypassing to POSIX sendto ===
[SEDP-RACE-RUN37] host_utc=2026-09-28T09:05:54.914+00:00 host_mono_ns=2345374104906628 
[SEDP-RACE-RUN37] host_utc=2026-09-28T09:05:54.914+00:00 host_mono_ns=2345374104914964 === DEBUG [lwip-posix]: recvfrom received packet of len 52! Bypassing to pcb->recv ===
[SEDP-RACE-RUN37] host_utc=2026-09-28T09:05:54.914+00:00 host_mono_ns=2345374104923340 
[SEDP-RACE-RUN37] host_utc=2026-09-28T09:05:54.914+00:00 host_mono_ns=2345374104931545 === DEBUG [lwip-posix]: udp_sendto called! Bypassing to POSIX sendto ===
[SEDP-RACE-RUN37] host_utc=2026-09-28T09:05:54.914+00:00 host_mono_ns=2345374104939851 
[SEDP-RACE-RUN37] host_utc=2026-09-28T09:05:54.914+00:00 host_mono_ns=2345374104948016 === DEBUG [lwip-posix]: recvfrom received packet of len 52! Bypassing to pcb->recv ===
[SEDP-RACE-RUN37] host_utc=2026-09-28T09:05:54.914+00:00 host_mono_ns=2345374104959849 
[SEDP-RACE-RUN37] host_utc=2026-09-28T09:05:54.914+00:00 host_mono_ns=2345374104968094 === DEBUG [lwip-posix]: udp_sendto called! Bypassing to POSIX sendto ===
[SEDP-RACE-RUN37] host_utc=2026-09-28T09:05:54.915+00:00 host_mono_ns=2345374105305121 
[SEDP-RACE-RUN37] host_utc=2026-09-28T09:05:54.915+00:00 host_mono_ns=2345374105319268 === DEBUG [lwip-posix]: recvfrom received packet of len 52! Bypassing to pcb->recv ===
[SEDP-RACE-RUN37] host_utc=2026-09-28T09:05:54.915+00:00 host_mono_ns=2345374105327984 
[SEDP-RACE-RUN37] host_utc=2026-09-28T09:05:54.915+00:00 host_mono_ns=2345374105336100 === DEBUG [lwip-posix]: udp_sendto called! Bypassing to POSIX sendto ===
[SEDP-RACE-RUN37] host_utc=2026-09-28T09:05:54.915+00:00 host_mono_ns=2345374105510539 
[SEDP-RACE-RUN37] host_utc=2026-09-28T09:05:54.915+00:00 host_mono_ns=2345374105519236 === DEBUG [lwip-posix]: recvfrom received packet of len 52! Bypassing to pcb->recv ===
[SEDP-RACE-RUN37] host_utc=2026-09-28T09:05:54.915+00:00 host_mono_ns=2345374105527501 
[SEDP-RACE-RUN37] host_utc=2026-09-28T09:05:54.915+00:00 host_mono_ns=2345374105535586 === DEBUG [lwip-posix]: udp_sendto called! Bypassing to POSIX sendto ===
[SEDP-RACE-RUN37] host_utc=2026-09-28T09:05:54.915+00:00 host_mono_ns=2345374105613083 
[SEDP-RACE-RUN37] host_utc=2026-09-28T09:05:54.915+00:00 host_mono_ns=2345374105621589 === DEBUG [lwip-posix]: recvfrom received packet of len 52! Bypassing to pcb->recv ===
[SEDP-RACE-RUN37] host_utc=2026-09-28T09:05:54.915+00:00 host_mono_ns=2345374105630045 
[SEDP-RACE-RUN37] host_utc=2026-09-28T09:05:54.915+00:00 host_mono_ns=2345374105646005 === DEBUG [lwip-posix]: udp_sendto called! Bypassing to POSIX sendto ===
[SEDP-RACE-RUN37] host_utc=2026-09-28T09:05:54.915+00:00 host_mono_ns=2345374105896538 
[SEDP-RACE-RUN37] host_utc=2026-09-28T09:05:54.915+00:00 host_mono_ns=2345374105905175 === DEBUG [lwip-posix]: recvfrom received packet of len 52! Bypassing to pcb->recv ===
[SEDP-RACE-RUN37] host_utc=2026-09-28T09:05:54.915+00:00 host_mono_ns=2345374105913490 
[SEDP-RACE-RUN37] host_utc=2026-09-28T09:05:54.915+00:00 host_mono_ns=2345374105921686 === DEBUG [lwip-posix]: udp_sendto called! Bypassing to POSIX sendto ===
[SEDP-RACE-RUN37] host_utc=2026-09-28T09:05:54.915+00:00 host_mono_ns=2345374106023659 
[SEDP-RACE-RUN37] host_utc=2026-09-28T09:05:54.915+00:00 host_mono_ns=2345374106035621 === DEBUG [lwip-posix]: recvfrom received packet of len 52! Bypassing to pcb->recv ===
[SEDP-RACE-RUN37] host_utc=2026-09-28T09:05:54.915+00:00 host_mono_ns=2345374106044147 
[SEDP-RACE-RUN37] host_utc=2026-09-28T09:05:54.915+00:00 host_mono_ns=2345374106052233 === DEBUG [lwip-posix]: udp_sendto called! Bypassing to POSIX sendto ===
[SEDP-RACE-RUN37] host_utc=2026-09-28T09:05:54.915+00:00 host_mono_ns=2345374106111705 
[SEDP-RACE-RUN37] host_utc=2026-09-28T09:05:54.915+00:00 host_mono_ns=2345374106120141 === DEBUG [lwip-posix]: recvfrom received packet of len 52! Bypassing to pcb->recv ===
[SEDP-RACE-RUN37] host_utc=2026-09-28T09:05:54.915+00:00 host_mono_ns=2345374106128577 
[SEDP-RACE-RUN37] host_utc=2026-09-28T09:05:54.915+00:00 host_mono_ns=2345374106136642 === DEBUG [lwip-posix]: udp_sendto called! Bypassing to POSIX sendto ===
[SEDP-RACE-RUN37] host_utc=2026-09-28T09:05:54.916+00:00 host_mono_ns=2345374106408085 
[SEDP-RACE-RUN37] host_utc=2026-09-28T09:05:54.916+00:00 host_mono_ns=2345374106416571 === DEBUG [lwip-posix]: recvfrom received packet of len 52! Bypassing to pcb->recv ===
[SEDP-RACE-RUN37] host_utc=2026-09-28T09:05:54.916+00:00 host_mono_ns=2345374106425007 
[SEDP-RACE-RUN37] host_utc=2026-09-28T09:05:54.916+00:00 host_mono_ns=2345374106433162 === DEBUG [lwip-posix]: recvfrom received packet of len 52! Bypassing to pcb->recv ===
[SEDP-RACE-RUN37] host_utc=2026-09-28T09:05:54.916+00:00 host_mono_ns=2345374106441358 
[SEDP-RACE-RUN37] host_utc=2026-09-28T09:05:54.916+00:00 host_mono_ns=2345374106449373 === DEBUG [lwip-posix]: udp_sendto called! Bypassing to POSIX sendto ===
[SEDP-RACE-RUN37] host_utc=2026-09-28T09:05:54.916+00:00 host_mono_ns=2345374106457628 
[SEDP-RACE-RUN37] host_utc=2026-09-28T09:05:54.916+00:00 host_mono_ns=2345374106465624 === DEBUG [lwip-posix]: udp_sendto called! Bypassing to POSIX sendto ===
[SEDP-RACE-RUN37] host_utc=2026-09-28T09:05:54.916+00:00 host_mono_ns=2345374106871450 
[SEDP-RACE-RUN37] host_utc=2026-09-28T09:05:54.916+00:00 host_mono_ns=2345374106880016 === DEBUG [lwip-posix]: recvfrom received packet of len 52! Bypassing to pcb->recv ===
[SEDP-RACE-RUN37] host_utc=2026-09-28T09:05:54.916+00:00 host_mono_ns=2345374106888262 
[SEDP-RACE-RUN37] host_utc=2026-09-28T09:05:54.916+00:00 host_mono_ns=2345374106896478 === DEBUG [lwip-posix]: udp_sendto called! Bypassing to POSIX sendto ===
[SEDP-RACE-RUN37] host_utc=2026-09-28T09:05:54.916+00:00 host_mono_ns=2345374106904793 
[SEDP-RACE-RUN37] host_utc=2026-09-28T09:05:54.916+00:00 host_mono_ns=2345374106912869 === DEBUG [lwip-posix]: recvfrom received packet of len 52! Bypassing to pcb->recv ===
[SEDP-RACE-RUN37] host_utc=2026-09-28T09:05:54.916+00:00 host_mono_ns=2345374106921094 
[SEDP-RACE-RUN37] host_utc=2026-09-28T09:05:54.916+00:00 host_mono_ns=2345374106929260 === DEBUG [lwip-posix]: udp_sendto called! Bypassing to POSIX sendto ===
[SEDP-RACE-RUN37] host_utc=2026-09-28T09:05:54.916+00:00 host_mono_ns=2345374107090514 
[SEDP-RACE-RUN37] host_utc=2026-09-28T09:05:54.916+00:00 host_mono_ns=2345374107102587 === DEBUG [lwip-posix]: recvfrom received packet of len 52! Bypassing to pcb->recv ===
[SEDP-RACE-RUN37] host_utc=2026-09-28T09:05:54.916+00:00 host_mono_ns=2345374107111053 
[SEDP-RACE-RUN37] host_utc=2026-09-28T09:05:54.916+00:00 host_mono_ns=2345374107126672 === DEBUG [lwip-posix]: udp_sendto called! Bypassing to POSIX sendto ===
[SEDP-RACE-RUN37] host_utc=2026-09-28T09:05:54.917+00:00 host_mono_ns=2345374107234125 
[SEDP-RACE-RUN37] host_utc=2026-09-28T09:05:54.917+00:00 host_mono_ns=2345374107242732 === DEBUG [lwip-posix]: recvfrom received packet of len 52! Bypassing to pcb->recv ===
[SEDP-RACE-RUN37] host_utc=2026-09-28T09:05:54.917+00:00 host_mono_ns=2345374107251158 
[SEDP-RACE-RUN37] host_utc=2026-09-28T09:05:54.917+00:00 host_mono_ns=2345374107259243 === DEBUG [lwip-posix]: udp_sendto called! Bypassing to POSIX sendto ===
[SEDP-RACE-RUN37] host_utc=2026-09-28T09:05:54.917+00:00 host_mono_ns=2345374107316671 
[SEDP-RACE-RUN37] host_utc=2026-09-28T09:05:54.917+00:00 host_mono_ns=2345374107325157 === DEBUG [lwip-posix]: recvfrom received packet of len 52! Bypassing to pcb->recv ===
[SEDP-RACE-RUN37] host_utc=2026-09-28T09:05:54.917+00:00 host_mono_ns=2345374107333613 
[SEDP-RACE-RUN37] host_utc=2026-09-28T09:05:54.917+00:00 host_mono_ns=2345374107341709 === DEBUG [lwip-posix]: udp_sendto called! Bypassing to POSIX sendto ===
[SEDP-RACE-RUN37] host_utc=2026-09-28T09:05:54.917+00:00 host_mono_ns=2345374107511700 
[SEDP-RACE-RUN37] host_utc=2026-09-28T09:05:54.917+00:00 host_mono_ns=2345374107520196 === DEBUG [lwip-posix]: recvfrom received packet of len 52! Bypassing to pcb->recv ===
[SEDP-RACE-RUN37] host_utc=2026-09-28T09:05:54.917+00:00 host_mono_ns=2345374107528552 
[SEDP-RACE-RUN37] host_utc=2026-09-28T09:05:54.917+00:00 host_mono_ns=2345374107536647 === DEBUG [lwip-posix]: udp_sendto called! Bypassing to POSIX sendto ===
[SEDP-RACE-RUN37] host_utc=2026-09-28T09:05:54.917+00:00 host_mono_ns=2345374107562275 
[SEDP-RACE-RUN37] host_utc=2026-09-28T09:05:54.917+00:00 host_mono_ns=2345374107570922 === DEBUG [lwip-posix]: recvfrom received packet of len 52! Bypassing to pcb->recv ===
[SEDP-RACE-RUN37] host_utc=2026-09-28T09:05:54.917+00:00 host_mono_ns=2345374107582864 
[SEDP-RACE-RUN37] host_utc=2026-09-28T09:05:54.917+00:00 host_mono_ns=2345374107591030 === DEBUG [lwip-posix]: udp_sendto called! Bypassing to POSIX sendto ===
[SEDP-RACE-RUN37] host_utc=2026-09-28T09:05:54.917+00:00 host_mono_ns=2345374107831815 
[SEDP-RACE-RUN37] host_utc=2026-09-28T09:05:54.917+00:00 host_mono_ns=2345374107840401 === DEBUG [lwip-posix]: recvfrom received packet of len 52! Bypassing to pcb->recv ===
[SEDP-RACE-RUN37] host_utc=2026-09-28T09:05:54.917+00:00 host_mono_ns=2345374107848707 
[SEDP-RACE-RUN37] host_utc=2026-09-28T09:05:54.917+00:00 host_mono_ns=2345374107856882 === DEBUG [lwip-posix]: udp_sendto called! Bypassing to POSIX sendto ===
[SEDP-RACE-RUN37] host_utc=2026-09-28T09:05:54.917+00:00 host_mono_ns=2345374108068752 
[SEDP-RACE-RUN37] host_utc=2026-09-28T09:05:54.917+00:00 host_mono_ns=2345374108082498 === DEBUG [lwip-posix]: recvfrom received packet of len 52! Bypassing to pcb->recv ===
[SEDP-RACE-RUN37] host_utc=2026-09-28T09:05:54.917+00:00 host_mono_ns=2345374108091285 
[SEDP-RACE-RUN37] host_utc=2026-09-28T09:05:54.917+00:00 host_mono_ns=2345374108099621 === DEBUG [lwip-posix]: udp_sendto called! Bypassing to POSIX sendto ===
[SEDP-RACE-RUN37] host_utc=2026-09-28T09:05:54.917+00:00 host_mono_ns=2345374108107976 
[SEDP-RACE-RUN37] host_utc=2026-09-28T09:05:54.917+00:00 host_mono_ns=2345374108116112 === DEBUG [lwip-posix]: recvfrom received packet of len 52! Bypassing to pcb->recv ===
[SEDP-RACE-RUN37] host_utc=2026-09-28T09:05:54.917+00:00 host_mono_ns=2345374108124347 
[SEDP-RACE-RUN37] host_utc=2026-09-28T09:05:54.917+00:00 host_mono_ns=2345374108132443 === DEBUG [lwip-posix]: udp_sendto called! Bypassing to POSIX sendto ===
[SEDP-RACE-RUN37] host_utc=2026-09-28T09:05:54.918+00:00 host_mono_ns=2345374108445564 
[SEDP-RACE-RUN37] host_utc=2026-09-28T09:05:54.918+00:00 host_mono_ns=2345374108454181 === DEBUG [lwip-posix]: recvfrom received packet of len 52! Bypassing to pcb->recv ===
[SEDP-RACE-RUN37] host_utc=2026-09-28T09:05:54.918+00:00 host_mono_ns=2345374108462596 
[SEDP-RACE-RUN37] host_utc=2026-09-28T09:05:54.918+00:00 host_mono_ns=2345374108478667 === DEBUG [lwip-posix]: udp_sendto called! Bypassing to POSIX sendto ===
[SEDP-RACE-RUN37] host_utc=2026-09-28T09:05:54.918+00:00 host_mono_ns=2345374108563697 
[SEDP-RACE-RUN37] host_utc=2026-09-28T09:05:54.918+00:00 host_mono_ns=2345374108572414 === DEBUG [lwip-posix]: recvfrom received packet of len 52! Bypassing to pcb->recv ===
[SEDP-RACE-RUN37] host_utc=2026-09-28T09:05:54.918+00:00 host_mono_ns=2345374108580810 
[SEDP-RACE-RUN37] host_utc=2026-09-28T09:05:54.918+00:00 host_mono_ns=2345374108588885 === DEBUG [lwip-posix]: udp_sendto called! Bypassing to POSIX sendto ===
[SEDP-RACE-RUN37] host_utc=2026-09-28T09:05:54.918+00:00 host_mono_ns=2345374108627708 
[SEDP-RACE-RUN37] host_utc=2026-09-28T09:05:54.918+00:00 host_mono_ns=2345374108636275 === DEBUG [lwip-posix]: recvfrom received packet of len 52! Bypassing to pcb->recv ===
[SEDP-RACE-RUN37] host_utc=2026-09-28T09:05:54.918+00:00 host_mono_ns=2345374108644560 
[SEDP-RACE-RUN37] host_utc=2026-09-28T09:05:54.918+00:00 host_mono_ns=2345374108652605 === DEBUG [lwip-posix]: udp_sendto called! Bypassing to POSIX sendto ===
[SEDP-RACE-RUN37] host_utc=2026-09-28T09:05:54.918+00:00 host_mono_ns=2345374108940289 
[SEDP-RACE-RUN37] host_utc=2026-09-28T09:05:54.918+00:00 host_mono_ns=2345374108950879 === DEBUG [lwip-posix]: recvfrom received packet of len 52! Bypassing to pcb->recv ===
[SEDP-RACE-RUN37] host_utc=2026-09-28T09:05:54.918+00:00 host_mono_ns=2345374108959165 
[SEDP-RACE-RUN37] host_utc=2026-09-28T09:05:54.918+00:00 host_mono_ns=2345374108967310 === DEBUG [lwip-posix]: udp_sendto called! Bypassing to POSIX sendto ===
[SEDP-RACE-RUN37] host_utc=2026-09-28T09:05:54.918+00:00 host_mono_ns=2345374108975656 
[SEDP-RACE-RUN37] host_utc=2026-09-28T09:05:54.918+00:00 host_mono_ns=2345374108983731 === DEBUG [lwip-posix]: recvfrom received packet of len 52! Bypassing to pcb->recv ===
[SEDP-RACE-RUN37] host_utc=2026-09-28T09:05:54.918+00:00 host_mono_ns=2345374108991957 
[SEDP-RACE-RUN37] host_utc=2026-09-28T09:05:54.918+00:00 host_mono_ns=2345374109009009 === DEBUG [lwip-posix]: udp_sendto called! Bypassing to POSIX sendto ===
[SEDP-RACE-RUN37] host_utc=2026-09-28T09:05:54.919+00:00 host_mono_ns=2345374109308294 
[SEDP-RACE-RUN37] host_utc=2026-09-28T09:05:54.919+00:00 host_mono_ns=2345374109320748 === DEBUG [lwip-posix]: recvfrom received packet of len 52! Bypassing to pcb->recv ===
[SEDP-RACE-RUN37] host_utc=2026-09-28T09:05:54.919+00:00 host_mono_ns=2345374109329384 
[SEDP-RACE-RUN37] host_utc=2026-09-28T09:05:54.919+00:00 host_mono_ns=2345374109337570 === DEBUG [lwip-posix]: udp_sendto called! Bypassing to POSIX sendto ===
[SEDP-RACE-RUN37] host_utc=2026-09-28T09:05:54.919+00:00 host_mono_ns=2345374109453559 
[SEDP-RACE-RUN37] host_utc=2026-09-28T09:05:54.919+00:00 host_mono_ns=2345374109480970 === DEBUG [lwip-posix]: recvfrom received packet of len 52! Bypassing to pcb->recv ===
[SEDP-RACE-RUN37] host_utc=2026-09-28T09:05:54.919+00:00 host_mono_ns=2345374109492282 
[SEDP-RACE-RUN37] host_utc=2026-09-28T09:05:54.919+00:00 host_mono_ns=2345374109501169 === DEBUG [lwip-posix]: udp_sendto called! Bypassing to POSIX sendto ===
[SEDP-RACE-RUN37] host_utc=2026-09-28T09:05:54.919+00:00 host_mono_ns=2345374109652424 
[SEDP-RACE-RUN37] host_utc=2026-09-28T09:05:54.919+00:00 host_mono_ns=2345374109662053 === DEBUG [lwip-posix]: recvfrom received packet of len 52! Bypassing to pcb->recv ===
[SEDP-RACE-RUN37] host_utc=2026-09-28T09:05:54.919+00:00 host_mono_ns=2345374109670949 
[SEDP-RACE-RUN37] host_utc=2026-09-28T09:05:54.919+00:00 host_mono_ns=2345374109679295 === DEBUG [lwip-posix]: udp_sendto called! Bypassing to POSIX sendto ===
[SEDP-RACE-RUN37] host_utc=2026-09-28T09:05:54.919+00:00 host_mono_ns=2345374109985794 
[SEDP-RACE-RUN37] host_utc=2026-09-28T09:05:54.919+00:00 host_mono_ns=2345374110017454 === DEBUG [lwip-posix]: recvfrom received packet of len 52! Bypassing to pcb->recv ===
[SEDP-RACE-RUN37] host_utc=2026-09-28T09:05:54.919+00:00 host_mono_ns=2345374110034727 
[SEDP-RACE-RUN37] host_utc=2026-09-28T09:05:54.919+00:00 host_mono_ns=2345374110043794 === DEBUG [lwip-posix]: udp_sendto called! Bypassing to POSIX sendto ===
[SEDP-RACE-RUN37] host_utc=2026-09-28T09:05:54.919+00:00 host_mono_ns=2345374110064563 
[SEDP-RACE-RUN37] host_utc=2026-09-28T09:05:54.919+00:00 host_mono_ns=2345374110073550 === DEBUG [lwip-posix]: recvfrom received packet of len 52! Bypassing to pcb->recv ===
[SEDP-RACE-RUN37] host_utc=2026-09-28T09:05:54.919+00:00 host_mono_ns=2345374110089119 
[SEDP-RACE-RUN37] host_utc=2026-09-28T09:05:54.919+00:00 host_mono_ns=2345374110098207 === DEBUG [lwip-posix]: udp_sendto called! Bypassing to POSIX sendto ===
[SEDP-RACE-RUN37] host_utc=2026-09-28T09:05:54.920+00:00 host_mono_ns=2345374110326107 
[SEDP-RACE-RUN37] host_utc=2026-09-28T09:05:54.920+00:00 host_mono_ns=2345374110344462 === DEBUG [lwip-posix]: recvfrom received packet of len 52! Bypassing to pcb->recv ===
[SEDP-RACE-RUN37] host_utc=2026-09-28T09:05:54.920+00:00 host_mono_ns=2345374110355222 
[SEDP-RACE-RUN37] host_utc=2026-09-28T09:05:54.920+00:00 host_mono_ns=2345374110364189 === DEBUG [lwip-posix]: udp_sendto called! Bypassing to POSIX sendto ===
[SEDP-RACE-RUN37] host_utc=2026-09-28T09:05:54.920+00:00 host_mono_ns=2345374110478795 
[SEDP-RACE-RUN37] host_utc=2026-09-28T09:05:54.920+00:00 host_mono_ns=2345374110492722 === DEBUG [lwip-posix]: recvfrom received packet of len 52! Bypassing to pcb->recv ===
[SEDP-RACE-RUN37] host_utc=2026-09-28T09:05:54.920+00:00 host_mono_ns=2345374110505867 
[SEDP-RACE-RUN37] host_utc=2026-09-28T09:05:54.920+00:00 host_mono_ns=2345374110517939 === DEBUG [lwip-posix]: udp_sendto called! Bypassing to POSIX sendto ===
[SEDP-RACE-RUN37] host_utc=2026-09-28T09:05:54.920+00:00 host_mono_ns=2345374110573544 
[SEDP-RACE-RUN37] host_utc=2026-09-28T09:05:54.920+00:00 host_mono_ns=2345374110584615 === DEBUG [lwip-posix]: recvfrom received packet of len 52! Bypassing to pcb->recv ===
[SEDP-RACE-RUN37] host_utc=2026-09-28T09:05:54.920+00:00 host_mono_ns=2345374110593783 
[SEDP-RACE-RUN37] host_utc=2026-09-28T09:05:54.920+00:00 host_mono_ns=2345374110602489 === DEBUG [lwip-posix]: udp_sendto called! Bypassing to POSIX sendto ===
[SEDP-RACE-RUN37] host_utc=2026-09-28T09:05:54.920+00:00 host_mono_ns=2345374110624972 
[SEDP-RACE-RUN37] host_utc=2026-09-28T09:05:54.920+00:00 host_mono_ns=2345374110633838 === DEBUG [lwip-posix]: recvfrom received packet of len 52! Bypassing to pcb->recv ===
[SEDP-RACE-RUN37] host_utc=2026-09-28T09:05:54.920+00:00 host_mono_ns=2345374110642725 
[SEDP-RACE-RUN37] host_utc=2026-09-28T09:05:54.920+00:00 host_mono_ns=2345374110651391 === DEBUG [lwip-posix]: udp_sendto called! Bypassing to POSIX sendto ===
[SEDP-RACE-RUN37] host_utc=2026-09-28T09:05:54.920+00:00 host_mono_ns=2345374110779804 
[SEDP-RACE-RUN37] host_utc=2026-09-28T09:05:54.920+00:00 host_mono_ns=2345374110792658 === DEBUG [lwip-posix]: recvfrom received packet of len 52! Bypassing to pcb->recv ===
[SEDP-RACE-RUN37] host_utc=2026-09-28T09:05:54.920+00:00 host_mono_ns=2345374110802587 
[SEDP-RACE-RUN37] host_utc=2026-09-28T09:05:54.920+00:00 host_mono_ns=2345374110811374 === DEBUG [lwip-posix]: udp_sendto called! Bypassing to POSIX sendto ===
[SEDP-RACE-RUN37] host_utc=2026-09-28T09:05:54.920+00:00 host_mono_ns=2345374110883370 
[SEDP-RACE-RUN37] host_utc=2026-09-28T09:05:54.920+00:00 host_mono_ns=2345374110893950 === DEBUG [lwip-posix]: recvfrom received packet of len 52! Bypassing to pcb->recv ===
[SEDP-RACE-RUN37] host_utc=2026-09-28T09:05:54.920+00:00 host_mono_ns=2345374110905752 
[SEDP-RACE-RUN37] host_utc=2026-09-28T09:05:54.920+00:00 host_mono_ns=2345374110917444 === DEBUG [lwip-posix]: udp_sendto called! Bypassing to POSIX sendto ===
[SEDP-RACE-RUN37] host_utc=2026-09-28T09:05:54.920+00:00 host_mono_ns=2345374110998557 
[SEDP-RACE-RUN37] host_utc=2026-09-28T09:05:54.920+00:00 host_mono_ns=2345374111025368 === DEBUG [lwip-posix]: recvfrom received packet of len 52! Bypassing to pcb->recv ===
[SEDP-RACE-RUN37] host_utc=2026-09-28T09:05:54.920+00:00 host_mono_ns=2345374111035467 
[SEDP-RACE-RUN37] host_utc=2026-09-28T09:05:54.920+00:00 host_mono_ns=2345374111045326 === DEBUG [lwip-posix]: udp_sendto called! Bypassing to POSIX sendto ===
[SEDP-RACE-RUN37] host_utc=2026-09-28T09:05:54.921+00:00 host_mono_ns=2345374111183426 
[SEDP-RACE-RUN37] host_utc=2026-09-28T09:05:54.921+00:00 host_mono_ns=2345374111193185 === DEBUG [lwip-posix]: recvfrom received packet of len 52! Bypassing to pcb->recv ===
[SEDP-RACE-RUN37] host_utc=2026-09-28T09:05:54.921+00:00 host_mono_ns=2345374111374377 
[SEDP-RACE-RUN37] host_utc=2026-09-28T09:05:54.921+00:00 host_mono_ns=2345374111393083 === DEBUG [lwip-posix]: recvfrom received packet of len 52! Bypassing to pcb->recv ===
[SEDP-RACE-RUN37] host_utc=2026-09-28T09:05:54.921+00:00 host_mono_ns=2345374111678111 
[SEDP-RACE-RUN37] host_utc=2026-09-28T09:05:54.921+00:00 host_mono_ns=2345374111692017 === DEBUG [lwip-posix]: recvfrom received packet of len 52! Bypassing to pcb->recv ===
[SEDP-RACE-RUN37] host_utc=2026-09-28T09:05:54.921+00:00 host_mono_ns=2345374111701856 
[SEDP-RACE-RUN37] host_utc=2026-09-28T09:05:54.921+00:00 host_mono_ns=2345374111710783 === DEBUG [lwip-posix]: udp_sendto called! Bypassing to POSIX sendto ===
[SEDP-RACE-RUN37] host_utc=2026-09-28T09:05:54.921+00:00 host_mono_ns=2345374111719780 
[SEDP-RACE-RUN37] host_utc=2026-09-28T09:05:54.921+00:00 host_mono_ns=2345374111728606 === DEBUG [lwip-posix]: udp_sendto called! Bypassing to POSIX sendto ===
[SEDP-RACE-RUN37] host_utc=2026-09-28T09:05:54.921+00:00 host_mono_ns=2345374111737443 
[SEDP-RACE-RUN37] host_utc=2026-09-28T09:05:54.921+00:00 host_mono_ns=2345374111746851 === DEBUG [lwip-posix]: udp_sendto called! Bypassing to POSIX sendto ===
[SEDP-RACE-RUN37] host_utc=2026-09-28T09:05:54.921+00:00 host_mono_ns=2345374111840328 
[SEDP-RACE-RUN37] host_utc=2026-09-28T09:05:54.921+00:00 host_mono_ns=2345374111852120 === DEBUG [lwip-posix]: recvfrom received packet of len 52! Bypassing to pcb->recv ===
[SEDP-RACE-RUN37] host_utc=2026-09-28T09:05:54.921+00:00 host_mono_ns=2345374111858923 
[SEDP-RACE-RUN37] host_utc=2026-09-28T09:05:54.921+00:00 host_mono_ns=2345374111865265 === DEBUG [lwip-posix]: udp_sendto called! Bypassing to POSIX sendto ===
[SEDP-RACE-RUN37] host_utc=2026-09-28T09:05:54.921+00:00 host_mono_ns=2345374111930628 
[SEDP-RACE-RUN37] host_utc=2026-09-28T09:05:54.921+00:00 host_mono_ns=2345374111936189 === DEBUG [lwip-posix]: recvfrom received packet of len 52! Bypassing to pcb->recv ===
[SEDP-RACE-RUN37] host_utc=2026-09-28T09:05:54.921+00:00 host_mono_ns=2345374111940958 
[SEDP-RACE-RUN37] host_utc=2026-09-28T09:05:54.921+00:00 host_mono_ns=2345374111945426 === DEBUG [lwip-posix]: udp_sendto called! Bypassing to POSIX sendto ===
[SEDP-RACE-RUN37] host_utc=2026-09-28T09:05:54.921+00:00 host_mono_ns=2345374112060674 
[SEDP-RACE-RUN37] host_utc=2026-09-28T09:05:54.921+00:00 host_mono_ns=2345374112074821 === DEBUG [lwip-posix]: recvfrom received packet of len 52! Bypassing to pcb->recv ===
[SEDP-RACE-RUN37] host_utc=2026-09-28T09:05:54.921+00:00 host_mono_ns=2345374112115387 
[SEDP-RACE-RUN37] host_utc=2026-09-28T09:05:54.921+00:00 host_mono_ns=2345374112121649 === DEBUG [lwip-posix]: udp_sendto called! Bypassing to POSIX sendto ===
[SEDP-RACE-RUN37] host_utc=2026-09-28T09:05:54.921+00:00 host_mono_ns=2345374112126478 
[SEDP-RACE-RUN37] host_utc=2026-09-28T09:05:54.921+00:00 host_mono_ns=2345374112130957 === DEBUG [lwip-posix]: recvfrom received packet of len 52! Bypassing to pcb->recv ===
[SEDP-RACE-RUN37] host_utc=2026-09-28T09:05:54.922+00:00 host_mono_ns=2345374112192854 
[SEDP-RACE-RUN37] host_utc=2026-09-28T09:05:54.922+00:00 host_mono_ns=2345374112198013 === DEBUG [lwip-posix]: udp_sendto called! Bypassing to POSIX sendto ===
[SEDP-RACE-RUN37] host_utc=2026-09-28T09:05:54.922+00:00 host_mono_ns=2345374112414743 
[SEDP-RACE-RUN37] host_utc=2026-09-28T09:05:54.922+00:00 host_mono_ns=2345374112424371 === DEBUG [lwip-posix]: recvfrom received packet of len 52! Bypassing to pcb->recv ===
[SEDP-RACE-RUN37] host_utc=2026-09-28T09:05:54.922+00:00 host_mono_ns=2345374112429921 
[SEDP-RACE-RUN37] host_utc=2026-09-28T09:05:54.922+00:00 host_mono_ns=2345374112434430 === DEBUG [lwip-posix]: udp_sendto called! Bypassing to POSIX sendto ===
[SEDP-RACE-RUN37] host_utc=2026-09-28T09:05:54.922+00:00 host_mono_ns=2345374112490386 
[SEDP-RACE-RUN37] host_utc=2026-09-28T09:05:54.922+00:00 host_mono_ns=2345374112495746 === DEBUG [lwip-posix]: recvfrom received packet of len 52! Bypassing to pcb->recv ===
[SEDP-RACE-RUN37] host_utc=2026-09-28T09:05:54.922+00:00 host_mono_ns=2345374112501547 
[SEDP-RACE-RUN37] host_utc=2026-09-28T09:05:54.922+00:00 host_mono_ns=2345374112507478 === DEBUG [lwip-posix]: udp_sendto called! Bypassing to POSIX sendto ===
[SEDP-RACE-RUN37] host_utc=2026-09-28T09:05:54.922+00:00 host_mono_ns=2345374112617606 
[SEDP-RACE-RUN37] host_utc=2026-09-28T09:05:54.922+00:00 host_mono_ns=2345374112625160 === DEBUG [lwip-posix]: recvfrom received packet of len 52! Bypassing to pcb->recv ===
[SEDP-RACE-RUN37] host_utc=2026-09-28T09:05:54.922+00:00 host_mono_ns=2345374112629999 
[SEDP-RACE-RUN37] host_utc=2026-09-28T09:05:54.922+00:00 host_mono_ns=2345374112634438 === DEBUG [lwip-posix]: udp_sendto called! Bypassing to POSIX sendto ===
[SEDP-RACE-RUN37] host_utc=2026-09-28T09:05:54.922+00:00 host_mono_ns=2345374112638966 
[SEDP-RACE-RUN37] host_utc=2026-09-28T09:05:54.922+00:00 host_mono_ns=2345374112643365 === DEBUG [lwip-posix]: recvfrom received packet of len 52! Bypassing to pcb->recv ===
[SEDP-RACE-RUN37] host_utc=2026-09-28T09:05:54.922+00:00 host_mono_ns=2345374112647793 
[SEDP-RACE-RUN37] host_utc=2026-09-28T09:05:54.922+00:00 host_mono_ns=2345374112652151 === DEBUG [lwip-posix]: udp_sendto called! Bypassing to POSIX sendto ===
[SEDP-RACE-RUN37] host_utc=2026-09-28T09:05:54.922+00:00 host_mono_ns=2345374112823295 
[SEDP-RACE-RUN37] host_utc=2026-09-28T09:05:54.922+00:00 host_mono_ns=2345374112831640 === DEBUG [lwip-posix]: recvfrom received packet of len 52! Bypassing to pcb->recv ===
[SEDP-RACE-RUN37] host_utc=2026-09-28T09:05:54.922+00:00 host_mono_ns=2345374112836480 
[SEDP-RACE-RUN37] host_utc=2026-09-28T09:05:54.922+00:00 host_mono_ns=2345374112840888 === DEBUG [lwip-posix]: udp_sendto called! Bypassing to POSIX sendto ===
[SEDP-RACE-RUN37] host_utc=2026-09-28T09:05:54.922+00:00 host_mono_ns=2345374112845406 
[SEDP-RACE-RUN37] host_utc=2026-09-28T09:05:54.922+00:00 host_mono_ns=2345374112849745 === DEBUG [lwip-posix]: recvfrom received packet of len 52! Bypassing to pcb->recv ===
[SEDP-RACE-RUN37] host_utc=2026-09-28T09:05:54.922+00:00 host_mono_ns=2345374112854103 
[SEDP-RACE-RUN37] host_utc=2026-09-28T09:05:54.922+00:00 host_mono_ns=2345374112858401 === DEBUG [lwip-posix]: udp_sendto called! Bypassing to POSIX sendto ===
[SEDP-RACE-RUN37] host_utc=2026-09-28T09:05:54.922+00:00 host_mono_ns=2345374113013464 
[SEDP-RACE-RUN37] host_utc=2026-09-28T09:05:54.922+00:00 host_mono_ns=2345374113028663 === DEBUG [lwip-posix]: recvfrom received packet of len 52! Bypassing to pcb->recv ===
[SEDP-RACE-RUN37] host_utc=2026-09-28T09:05:54.922+00:00 host_mono_ns=2345374113035926 
[SEDP-RACE-RUN37] host_utc=2026-09-28T09:05:54.922+00:00 host_mono_ns=2345374113041888 === DEBUG [lwip-posix]: udp_sendto called! Bypassing to POSIX sendto ===
[SEDP-RACE-RUN37] host_utc=2026-09-28T09:05:54.922+00:00 host_mono_ns=2345374113064681 
[SEDP-RACE-RUN37] host_utc=2026-09-28T09:05:54.922+00:00 host_mono_ns=2345374113072075 === DEBUG [lwip-posix]: recvfrom received packet of len 52! Bypassing to pcb->recv ===
[SEDP-RACE-RUN37] host_utc=2026-09-28T09:05:54.922+00:00 host_mono_ns=2345374113078767 
[SEDP-RACE-RUN37] host_utc=2026-09-28T09:05:54.922+00:00 host_mono_ns=2345374113084969 === DEBUG [lwip-posix]: udp_sendto called! Bypassing to POSIX sendto ===
[SEDP-RACE-RUN37] host_utc=2026-09-28T09:05:54.923+00:00 host_mono_ns=2345374113288654 
[SEDP-RACE-RUN37] host_utc=2026-09-28T09:05:54.923+00:00 host_mono_ns=2345374113314282 === DEBUG [lwip-posix]: recvfrom received packet of len 52! Bypassing to pcb->recv ===
[SEDP-RACE-RUN37] host_utc=2026-09-28T09:05:54.923+00:00 host_mono_ns=2345374113330964 
[SEDP-RACE-RUN37] host_utc=2026-09-28T09:05:54.923+00:00 host_mono_ns=2345374113345782 === DEBUG [lwip-posix]: udp_sendto called! Bypassing to POSIX sendto ===
[SEDP-RACE-RUN37] host_utc=2026-09-28T09:05:54.923+00:00 host_mono_ns=2345374113387561 
[SEDP-RACE-RUN37] host_utc=2026-09-28T09:05:54.923+00:00 host_mono_ns=2345374113403681 === DEBUG [lwip-posix]: recvfrom received packet of len 52! Bypassing to pcb->recv ===
[SEDP-RACE-RUN37] host_utc=2026-09-28T09:05:54.923+00:00 host_mono_ns=2345374113419050 
[SEDP-RACE-RUN37] host_utc=2026-09-28T09:05:54.923+00:00 host_mono_ns=2345374113433508 === DEBUG [lwip-posix]: udp_sendto called! Bypassing to POSIX sendto ===
[SEDP-RACE-RUN37] host_utc=2026-09-28T09:05:54.923+00:00 host_mono_ns=2345374113572290 
[SEDP-RACE-RUN37] host_utc=2026-09-28T09:05:54.923+00:00 host_mono_ns=2345374113595504 === DEBUG [lwip-posix]: recvfrom received packet of len 52! Bypassing to pcb->recv ===
[SEDP-RACE-RUN37] host_utc=2026-09-28T09:05:54.923+00:00 host_mono_ns=2345374113611354 
[SEDP-RACE-RUN37] host_utc=2026-09-28T09:05:54.923+00:00 host_mono_ns=2345374113625069 === DEBUG [lwip-posix]: udp_sendto called! Bypassing to POSIX sendto ===
[SEDP-RACE-RUN37] host_utc=2026-09-28T09:05:54.923+00:00 host_mono_ns=2345374113640068 
[SEDP-RACE-RUN37] host_utc=2026-09-28T09:05:54.923+00:00 host_mono_ns=2345374113654876 === DEBUG [lwip-posix]: recvfrom received packet of len 52! Bypassing to pcb->recv ===
[SEDP-RACE-RUN37] host_utc=2026-09-28T09:05:54.923+00:00 host_mono_ns=2345374113679051 
[SEDP-RACE-RUN37] host_utc=2026-09-28T09:05:54.923+00:00 host_mono_ns=2345374113693489 === DEBUG [lwip-posix]: udp_sendto called! Bypassing to POSIX sendto ===
[SEDP-RACE-RUN37] host_utc=2026-09-28T09:05:54.923+00:00 host_mono_ns=2345374113865454 
[SEDP-RACE-RUN37] host_utc=2026-09-28T09:05:54.923+00:00 host_mono_ns=2345374113882225 === DEBUG [lwip-posix]: recvfrom received packet of len 52! Bypassing to pcb->recv ===
[SEDP-RACE-RUN37] host_utc=2026-09-28T09:05:54.923+00:00 host_mono_ns=2345374113891803 
[SEDP-RACE-RUN37] host_utc=2026-09-28T09:05:54.923+00:00 host_mono_ns=2345374113903616 === DEBUG [lwip-posix]: udp_sendto called! Bypassing to POSIX sendto ===
[SEDP-RACE-RUN37] host_utc=2026-09-28T09:05:54.923+00:00 host_mono_ns=2345374113919255 
[SEDP-RACE-RUN37] host_utc=2026-09-28T09:05:54.923+00:00 host_mono_ns=2345374113929084 === DEBUG [lwip-posix]: recvfrom received packet of len 52! Bypassing to pcb->recv ===
[SEDP-RACE-RUN37] host_utc=2026-09-28T09:05:54.923+00:00 host_mono_ns=2345374113938722 
[SEDP-RACE-RUN37] host_utc=2026-09-28T09:05:54.923+00:00 host_mono_ns=2345374113948170 === DEBUG [lwip-posix]: udp_sendto called! Bypassing to POSIX sendto ===
[SEDP-RACE-RUN37] host_utc=2026-09-28T09:05:54.923+00:00 host_mono_ns=2345374114066433 
[SEDP-RACE-RUN37] host_utc=2026-09-28T09:05:54.923+00:00 host_mono_ns=2345374114084477 === DEBUG [lwip-posix]: recvfrom received packet of len 52! Bypassing to pcb->recv ===
[SEDP-RACE-RUN37] host_utc=2026-09-28T09:05:54.923+00:00 host_mono_ns=2345374114095168 
[SEDP-RACE-RUN37] host_utc=2026-09-28T09:05:54.923+00:00 host_mono_ns=2345374114108343 === DEBUG [lwip-posix]: udp_sendto called! Bypassing to POSIX sendto ===
[SEDP-RACE-RUN37] host_utc=2026-09-28T09:05:54.924+00:00 host_mono_ns=2345374114252765 
[SEDP-RACE-RUN37] host_utc=2026-09-28T09:05:54.924+00:00 host_mono_ns=2345374114266381 === DEBUG [lwip-posix]: recvfrom received packet of len 52! Bypassing to pcb->recv ===
[SEDP-RACE-RUN37] host_utc=2026-09-28T09:05:54.924+00:00 host_mono_ns=2345374114276981 
[SEDP-RACE-RUN37] host_utc=2026-09-28T09:05:54.924+00:00 host_mono_ns=2345374114286289 === DEBUG [lwip-posix]: udp_sendto called! Bypassing to POSIX sendto ===
[SEDP-RACE-RUN37] host_utc=2026-09-28T09:05:54.924+00:00 host_mono_ns=2345374114348256 
[SEDP-RACE-RUN37] host_utc=2026-09-28T09:05:54.924+00:00 host_mono_ns=2345374114359016 === DEBUG [lwip-posix]: recvfrom received packet of len 52! Bypassing to pcb->recv ===
[SEDP-RACE-RUN37] host_utc=2026-09-28T09:05:54.924+00:00 host_mono_ns=2345374114368955 
[SEDP-RACE-RUN37] host_utc=2026-09-28T09:05:54.924+00:00 host_mono_ns=2345374114377391 === DEBUG [lwip-posix]: udp_sendto called! Bypassing to POSIX sendto ===
[SEDP-RACE-RUN37] host_utc=2026-09-28T09:05:54.924+00:00 host_mono_ns=2345374114554265 
[SEDP-RACE-RUN37] host_utc=2026-09-28T09:05:54.924+00:00 host_mono_ns=2345374114567280 === DEBUG [lwip-posix]: recvfrom received packet of len 52! Bypassing to pcb->recv ===
[SEDP-RACE-RUN37] host_utc=2026-09-28T09:05:54.924+00:00 host_mono_ns=2345374114577339 
[SEDP-RACE-RUN37] host_utc=2026-09-28T09:05:54.924+00:00 host_mono_ns=2345374114586666 === DEBUG [lwip-posix]: udp_sendto called! Bypassing to POSIX sendto ===
[SEDP-RACE-RUN37] host_utc=2026-09-28T09:05:54.924+00:00 host_mono_ns=2345374114711061 
[SEDP-RACE-RUN37] host_utc=2026-09-28T09:05:54.924+00:00 host_mono_ns=2345374114745637 === DEBUG [lwip-posix]: recvfrom received packet of len 52! Bypassing to pcb->recv ===
[SEDP-RACE-RUN37] host_utc=2026-09-28T09:05:54.924+00:00 host_mono_ns=2345374114763120 
[SEDP-RACE-RUN37] host_utc=2026-09-28T09:05:54.924+00:00 host_mono_ns=2345374114774802 === DEBUG [lwip-posix]: udp_sendto called! Bypassing to POSIX sendto ===
[SEDP-RACE-RUN37] host_utc=2026-09-28T09:05:54.924+00:00 host_mono_ns=2345374115030084 
[SEDP-RACE-RUN37] host_utc=2026-09-28T09:05:54.924+00:00 host_mono_ns=2345374115049901 === DEBUG [lwip-posix]: recvfrom received packet of len 52! Bypassing to pcb->recv ===
[SEDP-RACE-RUN37] host_utc=2026-09-28T09:05:54.924+00:00 host_mono_ns=2345374115060562 
[SEDP-RACE-RUN37] host_utc=2026-09-28T09:05:54.924+00:00 host_mono_ns=2345374115070029 === DEBUG [lwip-posix]: udp_sendto called! Bypassing to POSIX sendto ===
[SEDP-RACE-RUN37] host_utc=2026-09-28T09:05:54.924+00:00 host_mono_ns=2345374115085549 
[SEDP-RACE-RUN37] host_utc=2026-09-28T09:05:54.924+00:00 host_mono_ns=2345374115095498 === DEBUG [lwip-posix]: recvfrom received packet of len 52! Bypassing to pcb->recv ===
[SEDP-RACE-RUN37] host_utc=2026-09-28T09:05:54.924+00:00 host_mono_ns=2345374115102541 
[SEDP-RACE-RUN37] host_utc=2026-09-28T09:05:54.924+00:00 host_mono_ns=2345374115108973 === DEBUG [lwip-posix]: udp_sendto called! Bypassing to POSIX sendto ===
[SEDP-RACE-RUN37] host_utc=2026-09-28T09:05:54.924+00:00 host_mono_ns=2345374115162073 
[SEDP-RACE-RUN37] host_utc=2026-09-28T09:05:54.925+00:00 host_mono_ns=2345374115173174 === DEBUG [lwip-posix]: recvfrom received packet of len 52! Bypassing to pcb->recv ===
[SEDP-RACE-RUN37] host_utc=2026-09-28T09:05:54.925+00:00 host_mono_ns=2345374115182963 
[SEDP-RACE-RUN37] host_utc=2026-09-28T09:05:54.925+00:00 host_mono_ns=2345374115192080 === DEBUG [lwip-posix]: udp_sendto called! Bypassing to POSIX sendto ===
[SEDP-RACE-RUN37] host_utc=2026-09-28T09:05:54.925+00:00 host_mono_ns=2345374115433676 
[SEDP-RACE-RUN37] host_utc=2026-09-28T09:05:54.925+00:00 host_mono_ns=2345374115447122 === DEBUG [lwip-posix]: recvfrom received packet of len 52! Bypassing to pcb->recv ===
[SEDP-RACE-RUN37] host_utc=2026-09-28T09:05:54.925+00:00 host_mono_ns=2345374115457091 
[SEDP-RACE-RUN37] host_utc=2026-09-28T09:05:54.925+00:00 host_mono_ns=2345374115466559 === DEBUG [lwip-posix]: udp_sendto called! Bypassing to POSIX sendto ===
[SEDP-RACE-RUN37] host_utc=2026-09-28T09:05:54.925+00:00 host_mono_ns=2345374115481537 
[SEDP-RACE-RUN37] host_utc=2026-09-28T09:05:54.925+00:00 host_mono_ns=2345374115491536 === DEBUG [lwip-posix]: recvfrom received packet of len 52! Bypassing to pcb->recv ===
[SEDP-RACE-RUN37] host_utc=2026-09-28T09:05:54.925+00:00 host_mono_ns=2345374115500934 
[SEDP-RACE-RUN37] host_utc=2026-09-28T09:05:54.925+00:00 host_mono_ns=2345374115510121 === DEBUG [lwip-posix]: udp_sendto called! Bypassing to POSIX sendto ===
[SEDP-RACE-RUN37] host_utc=2026-09-28T09:05:54.925+00:00 host_mono_ns=2345374115777406 
[SEDP-RACE-RUN37] host_utc=2026-09-28T09:05:54.925+00:00 host_mono_ns=2345374115789779 === DEBUG [lwip-posix]: recvfrom received packet of len 52! Bypassing to pcb->recv ===
[SEDP-RACE-RUN37] host_utc=2026-09-28T09:05:54.925+00:00 host_mono_ns=2345374115799598 
[SEDP-RACE-RUN37] host_utc=2026-09-28T09:05:54.925+00:00 host_mono_ns=2345374115808675 === DEBUG [lwip-posix]: udp_sendto called! Bypassing to POSIX sendto ===
[SEDP-RACE-RUN37] host_utc=2026-09-28T09:05:54.925+00:00 host_mono_ns=2345374116034642 
[SEDP-RACE-RUN37] host_utc=2026-09-28T09:05:54.925+00:00 host_mono_ns=2345374116069808 === DEBUG [lwip-posix]: recvfrom received packet of len 52! Bypassing to pcb->recv ===
[SEDP-RACE-RUN37] host_utc=2026-09-28T09:05:54.925+00:00 host_mono_ns=2345374116086370 
[SEDP-RACE-RUN37] host_utc=2026-09-28T09:05:54.925+00:00 host_mono_ns=2345374116098082 === DEBUG [lwip-posix]: recvfrom received packet of len 52! Bypassing to pcb->recv ===
[SEDP-RACE-RUN37] host_utc=2026-09-28T09:05:54.925+00:00 host_mono_ns=2345374116108551 
[SEDP-RACE-RUN37] host_utc=2026-09-28T09:05:54.925+00:00 host_mono_ns=2345374116118350 === DEBUG [lwip-posix]: udp_sendto called! Bypassing to POSIX sendto ===
[SEDP-RACE-RUN37] host_utc=2026-09-28T09:05:54.925+00:00 host_mono_ns=2345374116136655 
[SEDP-RACE-RUN37] host_utc=2026-09-28T09:05:54.925+00:00 host_mono_ns=2345374116149990 === DEBUG [lwip-posix]: udp_sendto called! Bypassing to POSIX sendto ===
[SEDP-RACE-RUN37] host_utc=2026-09-28T09:05:54.926+00:00 host_mono_ns=2345374116394923 
[SEDP-RACE-RUN37] host_utc=2026-09-28T09:05:54.926+00:00 host_mono_ns=2345374116408388 === DEBUG [lwip-posix]: recvfrom received packet of len 52! Bypassing to pcb->recv ===
[SEDP-RACE-RUN37] host_utc=2026-09-28T09:05:54.926+00:00 host_mono_ns=2345374116418908 
[SEDP-RACE-RUN37] host_utc=2026-09-28T09:05:54.926+00:00 host_mono_ns=2345374116434768 === DEBUG [lwip-posix]: udp_sendto called! Bypassing to POSIX sendto ===
[SEDP-RACE-RUN37] host_utc=2026-09-28T09:05:54.926+00:00 host_mono_ns=2345374116448674 
[SEDP-RACE-RUN37] host_utc=2026-09-28T09:05:54.926+00:00 host_mono_ns=2345374116460827 === DEBUG [lwip-posix]: recvfrom received packet of len 52! Bypassing to pcb->recv ===
[SEDP-RACE-RUN37] host_utc=2026-09-28T09:05:54.926+00:00 host_mono_ns=2345374116476617 
[SEDP-RACE-RUN37] host_utc=2026-09-28T09:05:54.926+00:00 host_mono_ns=2345374116486656 === DEBUG [lwip-posix]: udp_sendto called! Bypassing to POSIX sendto ===
[SEDP-RACE-RUN37] host_utc=2026-09-28T09:05:54.926+00:00 host_mono_ns=2345374116644745 
[SEDP-RACE-RUN37] host_utc=2026-09-28T09:05:54.926+00:00 host_mono_ns=2345374116655595 === DEBUG [lwip-posix]: recvfrom received packet of len 52! Bypassing to pcb->recv ===
[SEDP-RACE-RUN37] host_utc=2026-09-28T09:05:54.926+00:00 host_mono_ns=2345374116665534 
[SEDP-RACE-RUN37] host_utc=2026-09-28T09:05:54.926+00:00 host_mono_ns=2345374116675162 === DEBUG [lwip-posix]: udp_sendto called! Bypassing to POSIX sendto ===
[SEDP-RACE-RUN37] host_utc=2026-09-28T09:05:54.926+00:00 host_mono_ns=2345374116898384 
[SEDP-RACE-RUN37] host_utc=2026-09-28T09:05:54.926+00:00 host_mono_ns=2345374116925134 === DEBUG [lwip-posix]: recvfrom received packet of len 52! Bypassing to pcb->recv ===
[SEDP-RACE-RUN37] host_utc=2026-09-28T09:05:54.926+00:00 host_mono_ns=2345374116941876 
[SEDP-RACE-RUN37] host_utc=2026-09-28T09:05:54.926+00:00 host_mono_ns=2345374116952897 === DEBUG [lwip-posix]: udp_sendto called! Bypassing to POSIX sendto ===
[SEDP-RACE-RUN37] host_utc=2026-09-28T09:05:54.926+00:00 host_mono_ns=2345374116963176 
[SEDP-RACE-RUN37] host_utc=2026-09-28T09:05:54.926+00:00 host_mono_ns=2345374116973035 === DEBUG [lwip-posix]: recvfrom received packet of len 52! Bypassing to pcb->recv ===
[SEDP-RACE-RUN37] host_utc=2026-09-28T09:05:54.926+00:00 host_mono_ns=2345374116982994 
[SEDP-RACE-RUN37] host_utc=2026-09-28T09:05:54.926+00:00 host_mono_ns=2345374116992672 === DEBUG [lwip-posix]: udp_sendto called! Bypassing to POSIX sendto ===
[SEDP-RACE-RUN37] host_utc=2026-09-28T09:05:54.927+00:00 host_mono_ns=2345374117366338 
[SEDP-RACE-RUN37] host_utc=2026-09-28T09:05:54.927+00:00 host_mono_ns=2345374117383660 === DEBUG [lwip-posix]: recvfrom received packet of len 52! Bypassing to pcb->recv ===
[SEDP-RACE-RUN37] host_utc=2026-09-28T09:05:54.927+00:00 host_mono_ns=2345374117394872 
[SEDP-RACE-RUN37] host_utc=2026-09-28T09:05:54.927+00:00 host_mono_ns=2345374117407335 === DEBUG [lwip-posix]: udp_sendto called! Bypassing to POSIX sendto ===
[SEDP-RACE-RUN37] host_utc=2026-09-28T09:05:54.927+00:00 host_mono_ns=2345374117432122 
[SEDP-RACE-RUN37] host_utc=2026-09-28T09:05:54.927+00:00 host_mono_ns=2345374117442121 === DEBUG [lwip-posix]: recvfrom received packet of len 52! Bypassing to pcb->recv ===
[SEDP-RACE-RUN37] host_utc=2026-09-28T09:05:54.927+00:00 host_mono_ns=2345374117452110 
[SEDP-RACE-RUN37] host_utc=2026-09-28T09:05:54.927+00:00 host_mono_ns=2345374117461828 === DEBUG [lwip-posix]: udp_sendto called! Bypassing to POSIX sendto ===
[SEDP-RACE-RUN37] host_utc=2026-09-28T09:05:54.927+00:00 host_mono_ns=2345374117514578 
[SEDP-RACE-RUN37] host_utc=2026-09-28T09:05:54.927+00:00 host_mono_ns=2345374117525729 === DEBUG [lwip-posix]: recvfrom received packet of len 52! Bypassing to pcb->recv ===
[SEDP-RACE-RUN37] host_utc=2026-09-28T09:05:54.927+00:00 host_mono_ns=2345374117535968 
[SEDP-RACE-RUN37] host_utc=2026-09-28T09:05:54.927+00:00 host_mono_ns=2345374117545616 === DEBUG [lwip-posix]: udp_sendto called! Bypassing to POSIX sendto ===
[SEDP-RACE-RUN37] host_utc=2026-09-28T09:05:54.927+00:00 host_mono_ns=2345374117767806 
[SEDP-RACE-RUN37] host_utc=2026-09-28T09:05:54.927+00:00 host_mono_ns=2345374117788425 === DEBUG [lwip-posix]: recvfrom received packet of len 52! Bypassing to pcb->recv ===
[SEDP-RACE-RUN37] host_utc=2026-09-28T09:05:54.927+00:00 host_mono_ns=2345374117807160 
[SEDP-RACE-RUN37] host_utc=2026-09-28T09:05:54.927+00:00 host_mono_ns=2345374117820566 === DEBUG [lwip-posix]: udp_sendto called! Bypassing to POSIX sendto ===
[SEDP-RACE-RUN37] host_utc=2026-09-28T09:05:54.927+00:00 host_mono_ns=2345374117837918 
[SEDP-RACE-RUN37] host_utc=2026-09-28T09:05:54.927+00:00 host_mono_ns=2345374117847997 === DEBUG [lwip-posix]: recvfrom received packet of len 52! Bypassing to pcb->recv ===
[SEDP-RACE-RUN37] host_utc=2026-09-28T09:05:54.927+00:00 host_mono_ns=2345374117857946 
[SEDP-RACE-RUN37] host_utc=2026-09-28T09:05:54.927+00:00 host_mono_ns=2345374117867594 === DEBUG [lwip-posix]: udp_sendto called! Bypassing to POSIX sendto ===
[SEDP-RACE-RUN37] host_utc=2026-09-28T09:05:54.927+00:00 host_mono_ns=2345374118022307 
[SEDP-RACE-RUN37] host_utc=2026-09-28T09:05:54.927+00:00 host_mono_ns=2345374118045641 === DEBUG [lwip-posix]: recvfrom received packet of len 52! Bypassing to pcb->recv ===
[SEDP-RACE-RUN37] host_utc=2026-09-28T09:05:54.927+00:00 host_mono_ns=2345374118057533 
[SEDP-RACE-RUN37] host_utc=2026-09-28T09:05:54.927+00:00 host_mono_ns=2345374118069666 === DEBUG [lwip-posix]: udp_sendto called! Bypassing to POSIX sendto ===
[SEDP-RACE-RUN37] host_utc=2026-09-28T09:05:54.927+00:00 host_mono_ns=2345374118089053 
[SEDP-RACE-RUN37] host_utc=2026-09-28T09:05:54.927+00:00 host_mono_ns=2345374118099222 === DEBUG [lwip-posix]: recvfrom received packet of len 52! Bypassing to pcb->recv ===
[SEDP-RACE-RUN37] host_utc=2026-09-28T09:05:54.927+00:00 host_mono_ns=2345374118109331 
[SEDP-RACE-RUN37] host_utc=2026-09-28T09:05:54.927+00:00 host_mono_ns=2345374118118919 === DEBUG [lwip-posix]: udp_sendto called! Bypassing to POSIX sendto ===
[SEDP-RACE-RUN37] host_utc=2026-09-28T09:05:54.928+00:00 host_mono_ns=2345374118244897 
[SEDP-RACE-RUN37] host_utc=2026-09-28T09:05:54.928+00:00 host_mono_ns=2345374118259835 === DEBUG [lwip-posix]: recvfrom received packet of len 52! Bypassing to pcb->recv ===
[SEDP-RACE-RUN37] host_utc=2026-09-28T09:05:54.928+00:00 host_mono_ns=2345374118270425 
[SEDP-RACE-RUN37] host_utc=2026-09-28T09:05:54.928+00:00 host_mono_ns=2345374118280104 === DEBUG [lwip-posix]: udp_sendto called! Bypassing to POSIX sendto ===
[SEDP-RACE-RUN37] host_utc=2026-09-28T09:05:54.928+00:00 host_mono_ns=2345374118472818 
[SEDP-RACE-RUN37] host_utc=2026-09-28T09:05:54.928+00:00 host_mono_ns=2345374118492094 === DEBUG [lwip-posix]: recvfrom received packet of len 52! Bypassing to pcb->recv ===
[SEDP-RACE-RUN37] host_utc=2026-09-28T09:05:54.928+00:00 host_mono_ns=2345374118507063 
[SEDP-RACE-RUN37] host_utc=2026-09-28T09:05:54.928+00:00 host_mono_ns=2345374118520768 === DEBUG [lwip-posix]: recvfrom received packet of len 52! Bypassing to pcb->recv ===
[SEDP-RACE-RUN37] host_utc=2026-09-28T09:05:54.928+00:00 host_mono_ns=2345374118553200 
[SEDP-RACE-RUN37] host_utc=2026-09-28T09:05:54.928+00:00 host_mono_ns=2345374118563299 === DEBUG [lwip-posix]: udp_sendto called! Bypassing to POSIX sendto ===
[SEDP-RACE-RUN37] host_utc=2026-09-28T09:05:54.928+00:00 host_mono_ns=2345374118573187 
[SEDP-RACE-RUN37] host_utc=2026-09-28T09:05:54.928+00:00 host_mono_ns=2345374118582736 === DEBUG [lwip-posix]: udp_sendto called! Bypassing to POSIX sendto ===
[SEDP-RACE-RUN37] host_utc=2026-09-28T09:05:54.928+00:00 host_mono_ns=2345374118874998 
[SEDP-RACE-RUN37] host_utc=2026-09-28T09:05:54.928+00:00 host_mono_ns=2345374118885397 === DEBUG [lwip-posix]: recvfrom received packet of len 52! Bypassing to pcb->recv ===
[SEDP-RACE-RUN37] host_utc=2026-09-28T09:05:54.928+00:00 host_mono_ns=2345374118895346 
[SEDP-RACE-RUN37] host_utc=2026-09-28T09:05:54.928+00:00 host_mono_ns=2345374118904984 === DEBUG [lwip-posix]: udp_sendto called! Bypassing to POSIX sendto ===
[SEDP-RACE-RUN37] host_utc=2026-09-28T09:05:54.928+00:00 host_mono_ns=2345374118914803 
[SEDP-RACE-RUN37] host_utc=2026-09-28T09:05:54.928+00:00 host_mono_ns=2345374118924481 === DEBUG [lwip-posix]: recvfrom received packet of len 52! Bypassing to pcb->recv ===
[SEDP-RACE-RUN37] host_utc=2026-09-28T09:05:54.928+00:00 host_mono_ns=2345374118934280 
[SEDP-RACE-RUN37] host_utc=2026-09-28T09:05:54.928+00:00 host_mono_ns=2345374118943768 === DEBUG [lwip-posix]: udp_sendto called! Bypassing to POSIX sendto ===
[SEDP-RACE-RUN37] host_utc=2026-09-28T09:05:54.929+00:00 host_mono_ns=2345374119171027 
[SEDP-RACE-RUN37] host_utc=2026-09-28T09:05:54.929+00:00 host_mono_ns=2345374119187688 === DEBUG [lwip-posix]: recvfrom received packet of len 52! Bypassing to pcb->recv ===
[SEDP-RACE-RUN37] host_utc=2026-09-28T09:05:54.929+00:00 host_mono_ns=2345374119197968 
[SEDP-RACE-RUN37] host_utc=2026-09-28T09:05:54.929+00:00 host_mono_ns=2345374119207606 === DEBUG [lwip-posix]: udp_sendto called! Bypassing to POSIX sendto ===
[SEDP-RACE-RUN37] host_utc=2026-09-28T09:05:54.929+00:00 host_mono_ns=2345374119392165 
[SEDP-RACE-RUN37] host_utc=2026-09-28T09:05:54.929+00:00 host_mono_ns=2345374119410129 === DEBUG [lwip-posix]: recvfrom received packet of len 52! Bypassing to pcb->recv ===
[SEDP-RACE-RUN37] host_utc=2026-09-28T09:05:54.929+00:00 host_mono_ns=2345374119425057 
[SEDP-RACE-RUN37] host_utc=2026-09-28T09:05:54.929+00:00 host_mono_ns=2345374119434575 === DEBUG [lwip-posix]: udp_sendto called! Bypassing to POSIX sendto ===
[SEDP-RACE-RUN37] host_utc=2026-09-28T09:05:54.929+00:00 host_mono_ns=2345374119444133 
[SEDP-RACE-RUN37] host_utc=2026-09-28T09:05:54.929+00:00 host_mono_ns=2345374119453220 === DEBUG [lwip-posix]: recvfrom received packet of len 52! Bypassing to pcb->recv ===
[SEDP-RACE-RUN37] host_utc=2026-09-28T09:05:54.929+00:00 host_mono_ns=2345374119462928 
[SEDP-RACE-RUN37] host_utc=2026-09-28T09:05:54.929+00:00 host_mono_ns=2345374119472126 === DEBUG [lwip-posix]: udp_sendto called! Bypassing to POSIX sendto ===
[SEDP-RACE-RUN37] host_utc=2026-09-28T09:05:54.929+00:00 host_mono_ns=2345374119816777 
[SEDP-RACE-RUN37] host_utc=2026-09-28T09:05:54.929+00:00 host_mono_ns=2345374119833889 === DEBUG [lwip-posix]: recvfrom received packet of len 52! Bypassing to pcb->recv ===
[SEDP-RACE-RUN37] host_utc=2026-09-28T09:05:54.929+00:00 host_mono_ns=2345374119844469 
[SEDP-RACE-RUN37] host_utc=2026-09-28T09:05:54.929+00:00 host_mono_ns=2345374119854168 === DEBUG [lwip-posix]: recvfrom received packet of len 52! Bypassing to pcb->recv ===
[SEDP-RACE-RUN37] host_utc=2026-09-28T09:05:54.929+00:00 host_mono_ns=2345374119864116 
[SEDP-RACE-RUN37] host_utc=2026-09-28T09:05:54.929+00:00 host_mono_ns=2345374119873564 === DEBUG [lwip-posix]: udp_sendto called! Bypassing to POSIX sendto ===
[SEDP-RACE-RUN37] host_utc=2026-09-28T09:05:54.929+00:00 host_mono_ns=2345374119883283 
[SEDP-RACE-RUN37] host_utc=2026-09-28T09:05:54.929+00:00 host_mono_ns=2345374119892690 === DEBUG [lwip-posix]: udp_sendto called! Bypassing to POSIX sendto ===
[SEDP-RACE-RUN37] host_utc=2026-09-28T09:05:54.929+00:00 host_mono_ns=2345374120171617 
[SEDP-RACE-RUN37] host_utc=2026-09-28T09:05:54.930+00:00 host_mono_ns=2345374120198438 === DEBUG [lwip-posix]: recvfrom received packet of len 52! Bypassing to pcb->recv ===
[SEDP-RACE-RUN37] host_utc=2026-09-28T09:05:54.930+00:00 host_mono_ns=2345374120212074 
[SEDP-RACE-RUN37] host_utc=2026-09-28T09:05:54.930+00:00 host_mono_ns=2345374120222043 === DEBUG [lwip-posix]: udp_sendto called! Bypassing to POSIX sendto ===
[SEDP-RACE-RUN37] host_utc=2026-09-28T09:05:54.930+00:00 host_mono_ns=2345374120238123 
[SEDP-RACE-RUN37] host_utc=2026-09-28T09:05:54.930+00:00 host_mono_ns=2345374120247952 === DEBUG [lwip-posix]: recvfrom received packet of len 52! Bypassing to pcb->recv ===
[SEDP-RACE-RUN37] host_utc=2026-09-28T09:05:54.930+00:00 host_mono_ns=2345374120257840 
[SEDP-RACE-RUN37] host_utc=2026-09-28T09:05:54.930+00:00 host_mono_ns=2345374120267348 === DEBUG [lwip-posix]: udp_sendto called! Bypassing to POSIX sendto ===
[SEDP-RACE-RUN37] host_utc=2026-09-28T09:05:54.930+00:00 host_mono_ns=2345374120574458 
[SEDP-RACE-RUN37] host_utc=2026-09-28T09:05:54.930+00:00 host_mono_ns=2345374120600748 === DEBUG [lwip-posix]: recvfrom received packet of len 52! Bypassing to pcb->recv ===
[SEDP-RACE-RUN37] host_utc=2026-09-28T09:05:54.930+00:00 host_mono_ns=2345374120612841 
[SEDP-RACE-RUN37] host_utc=2026-09-28T09:05:54.930+00:00 host_mono_ns=2345374120622960 === DEBUG [lwip-posix]: udp_sendto called! Bypassing to POSIX sendto ===
[SEDP-RACE-RUN37] host_utc=2026-09-28T09:05:54.930+00:00 host_mono_ns=2345374120633049 
[SEDP-RACE-RUN37] host_utc=2026-09-28T09:05:54.930+00:00 host_mono_ns=2345374120642758 === DEBUG [lwip-posix]: recvfrom received packet of len 52! Bypassing to pcb->recv ===
[SEDP-RACE-RUN37] host_utc=2026-09-28T09:05:54.930+00:00 host_mono_ns=2345374120652676 
[SEDP-RACE-RUN37] host_utc=2026-09-28T09:05:54.930+00:00 host_mono_ns=2345374120662355 === DEBUG [lwip-posix]: udp_sendto called! Bypassing to POSIX sendto ===
[SEDP-RACE-RUN37] host_utc=2026-09-28T09:05:54.930+00:00 host_mono_ns=2345374120935080 
[SEDP-RACE-RUN37] host_utc=2026-09-28T09:05:54.930+00:00 host_mono_ns=2345374120950679 === DEBUG [lwip-posix]: recvfrom received packet of len 52! Bypassing to pcb->recv ===
[SEDP-RACE-RUN37] host_utc=2026-09-28T09:05:54.930+00:00 host_mono_ns=2345374120958855 
[SEDP-RACE-RUN37] host_utc=2026-09-28T09:05:54.930+00:00 host_mono_ns=2345374120965648 === DEBUG [lwip-posix]: udp_sendto called! Bypassing to POSIX sendto ===
[SEDP-RACE-RUN37] host_utc=2026-09-28T09:05:54.930+00:00 host_mono_ns=2345374120972350 
[SEDP-RACE-RUN37] host_utc=2026-09-28T09:05:54.930+00:00 host_mono_ns=2345374120978732 === DEBUG [lwip-posix]: recvfrom received packet of len 52! Bypassing to pcb->recv ===
[SEDP-RACE-RUN37] host_utc=2026-09-28T09:05:54.930+00:00 host_mono_ns=2345374120985295 
[SEDP-RACE-RUN37] host_utc=2026-09-28T09:05:54.930+00:00 host_mono_ns=2345374120991637 === DEBUG [lwip-posix]: udp_sendto called! Bypassing to POSIX sendto ===
[SEDP-RACE-RUN37] host_utc=2026-09-28T09:05:54.931+00:00 host_mono_ns=2345374121252500 
[SEDP-RACE-RUN37] host_utc=2026-09-28T09:05:54.931+00:00 host_mono_ns=2345374121279741 === DEBUG [lwip-posix]: recvfrom received packet of len 52! Bypassing to pcb->recv ===
[SEDP-RACE-RUN37] host_utc=2026-09-28T09:05:54.931+00:00 host_mono_ns=2345374121302584 
[SEDP-RACE-RUN37] host_utc=2026-09-28T09:05:54.931+00:00 host_mono_ns=2345374121313455 === DEBUG [lwip-posix]: udp_sendto called! Bypassing to POSIX sendto ===
[SEDP-RACE-RUN37] host_utc=2026-09-28T09:05:54.931+00:00 host_mono_ns=2345374121568687 
[SEDP-RACE-RUN37] host_utc=2026-09-28T09:05:54.931+00:00 host_mono_ns=2345374121582082 === DEBUG [lwip-posix]: recvfrom received packet of len 52! Bypassing to pcb->recv ===
[SEDP-RACE-RUN37] host_utc=2026-09-28T09:05:54.931+00:00 host_mono_ns=2345374121636535 
[SEDP-RACE-RUN37] host_utc=2026-09-28T09:05:54.931+00:00 host_mono_ns=2345374121648297 === DEBUG [lwip-posix]: udp_sendto called! Bypassing to POSIX sendto ===
[SEDP-RACE-RUN37] host_utc=2026-09-28T09:05:54.931+00:00 host_mono_ns=2345374121672403 
[SEDP-RACE-RUN37] host_utc=2026-09-28T09:05:54.931+00:00 host_mono_ns=2345374121682592 === DEBUG [lwip-posix]: recvfrom received packet of len 52! Bypassing to pcb->recv ===
[SEDP-RACE-RUN37] host_utc=2026-09-28T09:05:54.931+00:00 host_mono_ns=2345374121692651 
[SEDP-RACE-RUN37] host_utc=2026-09-28T09:05:54.931+00:00 host_mono_ns=2345374121702329 === DEBUG [lwip-posix]: udp_sendto called! Bypassing to POSIX sendto ===
[SEDP-RACE-RUN37] host_utc=2026-09-28T09:05:54.931+00:00 host_mono_ns=2345374121748917 
[SEDP-RACE-RUN37] host_utc=2026-09-28T09:05:54.931+00:00 host_mono_ns=2345374121758415 === DEBUG [lwip-posix]: recvfrom received packet of len 52! Bypassing to pcb->recv ===
[SEDP-RACE-RUN37] host_utc=2026-09-28T09:05:54.931+00:00 host_mono_ns=2345374121767382 
[SEDP-RACE-RUN37] host_utc=2026-09-28T09:05:54.931+00:00 host_mono_ns=2345374121776029 === DEBUG [lwip-posix]: udp_sendto called! Bypassing to POSIX sendto ===
[SEDP-RACE-RUN37] host_utc=2026-09-28T09:05:54.931+00:00 host_mono_ns=2345374122034026 
[SEDP-RACE-RUN37] host_utc=2026-09-28T09:05:54.931+00:00 host_mono_ns=2345374122058242 === DEBUG [lwip-posix]: recvfrom received packet of len 52! Bypassing to pcb->recv ===
[SEDP-RACE-RUN37] host_utc=2026-09-28T09:05:54.931+00:00 host_mono_ns=2345374122072188 
[SEDP-RACE-RUN37] host_utc=2026-09-28T09:05:54.931+00:00 host_mono_ns=2345374122084261 === DEBUG [lwip-posix]: udp_sendto called! Bypassing to POSIX sendto ===
[SEDP-RACE-RUN37] host_utc=2026-09-28T09:05:54.931+00:00 host_mono_ns=2345374122099520 
[SEDP-RACE-RUN37] host_utc=2026-09-28T09:05:54.931+00:00 host_mono_ns=2345374122108437 === DEBUG [lwip-posix]: recvfrom received packet of len 52! Bypassing to pcb->recv ===
[SEDP-RACE-RUN37] host_utc=2026-09-28T09:05:54.931+00:00 host_mono_ns=2345374122117524 
[SEDP-RACE-RUN37] host_utc=2026-09-28T09:05:54.931+00:00 host_mono_ns=2345374122129426 === DEBUG [lwip-posix]: udp_sendto called! Bypassing to POSIX sendto ===
[SEDP-RACE-RUN37] host_utc=2026-09-28T09:05:54.932+00:00 host_mono_ns=2345374122185292 
[SEDP-RACE-RUN37] host_utc=2026-09-28T09:05:54.932+00:00 host_mono_ns=2345374122199509 === DEBUG [lwip-posix]: recvfrom received packet of len 52! Bypassing to pcb->recv ===
[SEDP-RACE-RUN37] host_utc=2026-09-28T09:05:54.932+00:00 host_mono_ns=2345374122211782 
[SEDP-RACE-RUN37] host_utc=2026-09-28T09:05:54.932+00:00 host_mono_ns=2345374122220729 === DEBUG [lwip-posix]: udp_sendto called! Bypassing to POSIX sendto ===
[SEDP-RACE-RUN37] host_utc=2026-09-28T09:05:54.932+00:00 host_mono_ns=2345374122234435 
[SEDP-RACE-RUN37] host_utc=2026-09-28T09:05:54.932+00:00 host_mono_ns=2345374122243321 === DEBUG [lwip-posix]: recvfrom received packet of len 52! Bypassing to pcb->recv ===
[SEDP-RACE-RUN37] host_utc=2026-09-28T09:05:54.932+00:00 host_mono_ns=2345374122252148 
[SEDP-RACE-RUN37] host_utc=2026-09-28T09:05:54.932+00:00 host_mono_ns=2345374122260714 === DEBUG [lwip-posix]: udp_sendto called! Bypassing to POSIX sendto ===
[SEDP-RACE-RUN37] host_utc=2026-09-28T09:05:54.932+00:00 host_mono_ns=2345374122459821 
[SEDP-RACE-RUN37] host_utc=2026-09-28T09:05:54.932+00:00 host_mono_ns=2345374122470310 === DEBUG [lwip-posix]: recvfrom received packet of len 52! Bypassing to pcb->recv ===
[SEDP-RACE-RUN37] host_utc=2026-09-28T09:05:54.932+00:00 host_mono_ns=2345374122475711 
[SEDP-RACE-RUN37] host_utc=2026-09-28T09:05:54.932+00:00 host_mono_ns=2345374122480870 === DEBUG [lwip-posix]: udp_sendto called! Bypassing to POSIX sendto ===
[SEDP-RACE-RUN37] host_utc=2026-09-28T09:05:54.932+00:00 host_mono_ns=2345374122514143 
[SEDP-RACE-RUN37] host_utc=2026-09-28T09:05:54.932+00:00 host_mono_ns=2345374122518852 === DEBUG [lwip-posix]: recvfrom received packet of len 52! Bypassing to pcb->recv ===
[SEDP-RACE-RUN37] host_utc=2026-09-28T09:05:54.932+00:00 host_mono_ns=2345374122523431 
[SEDP-RACE-RUN37] host_utc=2026-09-28T09:05:54.932+00:00 host_mono_ns=2345374122527759 === DEBUG [lwip-posix]: udp_sendto called! Bypassing to POSIX sendto ===
[SEDP-RACE-RUN37] host_utc=2026-09-28T09:05:54.932+00:00 host_mono_ns=2345374122721325 
[SEDP-RACE-RUN37] host_utc=2026-09-28T09:05:54.932+00:00 host_mono_ns=2345374122741042 === DEBUG [lwip-posix]: recvfrom received packet of len 52! Bypassing to pcb->recv ===
[SEDP-RACE-RUN37] host_utc=2026-09-28T09:05:54.932+00:00 host_mono_ns=2345374122750680 
[SEDP-RACE-RUN37] host_utc=2026-09-28T09:05:54.932+00:00 host_mono_ns=2345374122759447 === DEBUG [lwip-posix]: udp_sendto called! Bypassing to POSIX sendto ===
[SEDP-RACE-RUN37] host_utc=2026-09-28T09:05:54.932+00:00 host_mono_ns=2345374122847974 
[SEDP-RACE-RUN37] host_utc=2026-09-28T09:05:54.932+00:00 host_mono_ns=2345374122857181 === DEBUG [lwip-posix]: recvfrom received packet of len 52! Bypassing to pcb->recv ===
[SEDP-RACE-RUN37] host_utc=2026-09-28T09:05:54.932+00:00 host_mono_ns=2345374122866078 
[SEDP-RACE-RUN37] host_utc=2026-09-28T09:05:54.932+00:00 host_mono_ns=2345374122874714 === DEBUG [lwip-posix]: udp_sendto called! Bypassing to POSIX sendto ===
[SEDP-RACE-RUN37] host_utc=2026-09-28T09:05:54.932+00:00 host_mono_ns=2345374122983590 
[SEDP-RACE-RUN37] host_utc=2026-09-28T09:05:54.932+00:00 host_mono_ns=2345374123023666 === DEBUG [lwip-posix]: recvfrom received packet of len 52! Bypassing to pcb->recv ===
[SEDP-RACE-RUN37] host_utc=2026-09-28T09:05:54.932+00:00 host_mono_ns=2345374123042131 
[SEDP-RACE-RUN37] host_utc=2026-09-28T09:05:54.932+00:00 host_mono_ns=2345374123051398 === DEBUG [lwip-posix]: udp_sendto called! Bypassing to POSIX sendto ===
[SEDP-RACE-RUN37] host_utc=2026-09-28T09:05:54.932+00:00 host_mono_ns=2345374123067529 
[SEDP-RACE-RUN37] host_utc=2026-09-28T09:05:54.932+00:00 host_mono_ns=2345374123076616 === DEBUG [lwip-posix]: recvfrom received packet of len 52! Bypassing to pcb->recv ===
[SEDP-RACE-RUN37] host_utc=2026-09-28T09:05:54.932+00:00 host_mono_ns=2345374123085603 
[SEDP-RACE-RUN37] host_utc=2026-09-28T09:05:54.932+00:00 host_mono_ns=2345374123094339 === DEBUG [lwip-posix]: udp_sendto called! Bypassing to POSIX sendto ===
[SEDP-RACE-RUN37] host_utc=2026-09-28T09:05:54.933+00:00 host_mono_ns=2345374123347548 
[SEDP-RACE-RUN37] host_utc=2026-09-28T09:05:54.933+00:00 host_mono_ns=2345374123358849 === DEBUG [lwip-posix]: recvfrom received packet of len 52! Bypassing to pcb->recv ===
[SEDP-RACE-RUN37] host_utc=2026-09-28T09:05:54.933+00:00 host_mono_ns=2345374123368597 
[SEDP-RACE-RUN37] host_utc=2026-09-28T09:05:54.933+00:00 host_mono_ns=2345374123373857 === DEBUG [lwip-posix]: udp_sendto called! Bypassing to POSIX sendto ===
[SEDP-RACE-RUN37] host_utc=2026-09-28T09:05:54.933+00:00 host_mono_ns=2345374123379117 
[SEDP-RACE-RUN37] host_utc=2026-09-28T09:05:54.933+00:00 host_mono_ns=2345374123384077 === DEBUG [lwip-posix]: recvfrom received packet of len 52! Bypassing to pcb->recv ===
[SEDP-RACE-RUN37] host_utc=2026-09-28T09:05:54.933+00:00 host_mono_ns=2345374123389206 
[SEDP-RACE-RUN37] host_utc=2026-09-28T09:05:54.933+00:00 host_mono_ns=2345374123394156 === DEBUG [lwip-posix]: udp_sendto called! Bypassing to POSIX sendto ===
[SEDP-RACE-RUN37] host_utc=2026-09-28T09:05:54.933+00:00 host_mono_ns=2345374123665839 
[SEDP-RACE-RUN37] host_utc=2026-09-28T09:05:54.933+00:00 host_mono_ns=2345374123670588 === DEBUG [lwip-posix]: recvfrom received packet of len 52! Bypassing to pcb->recv ===
[SEDP-RACE-RUN37] host_utc=2026-09-28T09:05:54.933+00:00 host_mono_ns=2345374123675076 
[SEDP-RACE-RUN37] host_utc=2026-09-28T09:05:54.933+00:00 host_mono_ns=2345374123679405 === DEBUG [lwip-posix]: udp_sendto called! Bypassing to POSIX sendto ===
[SEDP-RACE-RUN37] host_utc=2026-09-28T09:05:54.933+00:00 host_mono_ns=2345374123772070 
[SEDP-RACE-RUN37] host_utc=2026-09-28T09:05:54.933+00:00 host_mono_ns=2345374123778963 === DEBUG [lwip-posix]: recvfrom received packet of len 52! Bypassing to pcb->recv ===
[SEDP-RACE-RUN37] host_utc=2026-09-28T09:05:54.933+00:00 host_mono_ns=2345374123783752 
[SEDP-RACE-RUN37] host_utc=2026-09-28T09:05:54.933+00:00 host_mono_ns=2345374123788090 === DEBUG [lwip-posix]: udp_sendto called! Bypassing to POSIX sendto ===
[SEDP-RACE-RUN37] host_utc=2026-09-28T09:05:54.933+00:00 host_mono_ns=2345374123839327 
[SEDP-RACE-RUN37] host_utc=2026-09-28T09:05:54.933+00:00 host_mono_ns=2345374123850748 === DEBUG [lwip-posix]: recvfrom received packet of len 52! Bypassing to pcb->recv ===
[SEDP-RACE-RUN37] host_utc=2026-09-28T09:05:54.933+00:00 host_mono_ns=2345374123855387 
[SEDP-RACE-RUN37] host_utc=2026-09-28T09:05:54.933+00:00 host_mono_ns=2345374123859715 === DEBUG [lwip-posix]: udp_sendto called! Bypassing to POSIX sendto ===
[SEDP-RACE-RUN37] host_utc=2026-09-28T09:05:54.933+00:00 host_mono_ns=2345374123973480 
[SEDP-RACE-RUN37] host_utc=2026-09-28T09:05:54.933+00:00 host_mono_ns=2345374123982227 === DEBUG [lwip-posix]: recvfrom received packet of len 52! Bypassing to pcb->recv ===
[SEDP-RACE-RUN37] host_utc=2026-09-28T09:05:54.933+00:00 host_mono_ns=2345374123989090 
[SEDP-RACE-RUN37] host_utc=2026-09-28T09:05:54.933+00:00 host_mono_ns=2345374123995001 === DEBUG [lwip-posix]: udp_sendto called! Bypassing to POSIX sendto ===
[SEDP-RACE-RUN37] host_utc=2026-09-28T09:05:54.933+00:00 host_mono_ns=2345374123999590 
[SEDP-RACE-RUN37] host_utc=2026-09-28T09:05:54.933+00:00 host_mono_ns=2345374124013646 === DEBUG [lwip-posix]: recvfrom received packet of len 52! Bypassing to pcb->recv ===
[SEDP-RACE-RUN37] host_utc=2026-09-28T09:05:54.933+00:00 host_mono_ns=2345374124021491 
[SEDP-RACE-RUN37] host_utc=2026-09-28T09:05:54.933+00:00 host_mono_ns=2345374124026009 === DEBUG [lwip-posix]: udp_sendto called! Bypassing to POSIX sendto ===
[SEDP-RACE-RUN37] host_utc=2026-09-28T09:05:54.933+00:00 host_mono_ns=2345374124168899 
[SEDP-RACE-RUN37] host_utc=2026-09-28T09:05:54.934+00:00 host_mono_ns=2345374124177716 === DEBUG [lwip-posix]: recvfrom received packet of len 52! Bypassing to pcb->recv ===
[SEDP-RACE-RUN37] host_utc=2026-09-28T09:05:54.934+00:00 host_mono_ns=2345374124187875 
[SEDP-RACE-RUN37] host_utc=2026-09-28T09:05:54.934+00:00 host_mono_ns=2345374124194067 === DEBUG [lwip-posix]: udp_sendto called! Bypassing to POSIX sendto ===
[SEDP-RACE-RUN37] host_utc=2026-09-28T09:05:54.934+00:00 host_mono_ns=2345374124198786 
[SEDP-RACE-RUN37] host_utc=2026-09-28T09:05:54.934+00:00 host_mono_ns=2345374124203114 === DEBUG [lwip-posix]: recvfrom received packet of len 52! Bypassing to pcb->recv ===
[SEDP-RACE-RUN37] host_utc=2026-09-28T09:05:54.934+00:00 host_mono_ns=2345374124209987 
[SEDP-RACE-RUN37] host_utc=2026-09-28T09:05:54.934+00:00 host_mono_ns=2345374124214445 === DEBUG [lwip-posix]: udp_sendto called! Bypassing to POSIX sendto ===
[SEDP-RACE-RUN37] host_utc=2026-09-28T09:05:54.934+00:00 host_mono_ns=2345374124341405 
[SEDP-RACE-RUN37] host_utc=2026-09-28T09:05:54.934+00:00 host_mono_ns=2345374124349040 === DEBUG [lwip-posix]: recvfrom received packet of len 52! Bypassing to pcb->recv ===
[SEDP-RACE-RUN37] host_utc=2026-09-28T09:05:54.934+00:00 host_mono_ns=2345374124358337 
[SEDP-RACE-RUN37] host_utc=2026-09-28T09:05:54.934+00:00 host_mono_ns=2345374124364739 === DEBUG [lwip-posix]: udp_sendto called! Bypassing to POSIX sendto ===
[SEDP-RACE-RUN37] host_utc=2026-09-28T09:05:54.934+00:00 host_mono_ns=2345374124370941 
[SEDP-RACE-RUN37] host_utc=2026-09-28T09:05:54.934+00:00 host_mono_ns=2345374124375460 === DEBUG [lwip-posix]: recvfrom received packet of len 52! Bypassing to pcb->recv ===
[SEDP-RACE-RUN37] host_utc=2026-09-28T09:05:54.934+00:00 host_mono_ns=2345374124382453 
[SEDP-RACE-RUN37] host_utc=2026-09-28T09:05:54.934+00:00 host_mono_ns=2345374124386831 === DEBUG [lwip-posix]: udp_sendto called! Bypassing to POSIX sendto ===
[SEDP-RACE-RUN37] host_utc=2026-09-28T09:05:54.934+00:00 host_mono_ns=2345374124577130 
[SEDP-RACE-RUN37] host_utc=2026-09-28T09:05:54.934+00:00 host_mono_ns=2345374124585596 === DEBUG [lwip-posix]: recvfrom received packet of len 52! Bypassing to pcb->recv ===
[SEDP-RACE-RUN37] host_utc=2026-09-28T09:05:54.934+00:00 host_mono_ns=2345374124595535 
[SEDP-RACE-RUN37] host_utc=2026-09-28T09:05:54.934+00:00 host_mono_ns=2345374124602118 === DEBUG [lwip-posix]: udp_sendto called! Bypassing to POSIX sendto ===
[SEDP-RACE-RUN37] host_utc=2026-09-28T09:05:54.934+00:00 host_mono_ns=2345374124606867 
[SEDP-RACE-RUN37] host_utc=2026-09-28T09:05:54.934+00:00 host_mono_ns=2345374124616916 === DEBUG [lwip-posix]: recvfrom received packet of len 52! Bypassing to pcb->recv ===
[SEDP-RACE-RUN37] host_utc=2026-09-28T09:05:54.934+00:00 host_mono_ns=2345374124624019 
[SEDP-RACE-RUN37] host_utc=2026-09-28T09:05:54.934+00:00 host_mono_ns=2345374124628528 === DEBUG [lwip-posix]: udp_sendto called! Bypassing to POSIX sendto ===
[SEDP-RACE-RUN37] host_utc=2026-09-28T09:05:54.934+00:00 host_mono_ns=2345374124776437 
[SEDP-RACE-RUN37] host_utc=2026-09-28T09:05:54.934+00:00 host_mono_ns=2345374124793930 === DEBUG [lwip-posix]: recvfrom received packet of len 52! Bypassing to pcb->recv ===
[SEDP-RACE-RUN37] host_utc=2026-09-28T09:05:54.934+00:00 host_mono_ns=2345374124806864 
[SEDP-RACE-RUN37] host_utc=2026-09-28T09:05:54.934+00:00 host_mono_ns=2345374124815861 === DEBUG [lwip-posix]: udp_sendto called! Bypassing to POSIX sendto ===
[SEDP-RACE-RUN37] host_utc=2026-09-28T09:05:54.934+00:00 host_mono_ns=2345374124824989 
[SEDP-RACE-RUN37] host_utc=2026-09-28T09:05:54.934+00:00 host_mono_ns=2345374124833665 === DEBUG [lwip-posix]: recvfrom received packet of len 52! Bypassing to pcb->recv ===
[SEDP-RACE-RUN37] host_utc=2026-09-28T09:05:54.934+00:00 host_mono_ns=2345374124847802 
[SEDP-RACE-RUN37] host_utc=2026-09-28T09:05:54.934+00:00 host_mono_ns=2345374124856518 === DEBUG [lwip-posix]: udp_sendto called! Bypassing to POSIX sendto ===
[SEDP-RACE-RUN37] host_utc=2026-09-28T09:05:54.934+00:00 host_mono_ns=2345374125066825 
[SEDP-RACE-RUN37] host_utc=2026-09-28T09:05:54.934+00:00 host_mono_ns=2345374125087114 === DEBUG [lwip-posix]: recvfrom received packet of len 52! Bypassing to pcb->recv ===
[SEDP-RACE-RUN37] host_utc=2026-09-28T09:05:54.934+00:00 host_mono_ns=2345374125097013 
[SEDP-RACE-RUN37] host_utc=2026-09-28T09:05:54.934+00:00 host_mono_ns=2345374125105809 === DEBUG [lwip-posix]: udp_sendto called! Bypassing to POSIX sendto ===
[SEDP-RACE-RUN37] host_utc=2026-09-28T09:05:54.934+00:00 host_mono_ns=2345374125119886 
[SEDP-RACE-RUN37] host_utc=2026-09-28T09:05:54.934+00:00 host_mono_ns=2345374125128752 === DEBUG [lwip-posix]: recvfrom received packet of len 52! Bypassing to pcb->recv ===
[SEDP-RACE-RUN37] host_utc=2026-09-28T09:05:54.934+00:00 host_mono_ns=2345374125138331 
[SEDP-RACE-RUN37] host_utc=2026-09-28T09:05:54.934+00:00 host_mono_ns=2345374125149732 === DEBUG [lwip-posix]: udp_sendto called! Bypassing to POSIX sendto ===
[SEDP-RACE-RUN37] host_utc=2026-09-28T09:05:54.935+00:00 host_mono_ns=2345374125237137 
[SEDP-RACE-RUN37] host_utc=2026-09-28T09:05:54.935+00:00 host_mono_ns=2345374125248409 === DEBUG [lwip-posix]: recvfrom received packet of len 52! Bypassing to pcb->recv ===
[SEDP-RACE-RUN37] host_utc=2026-09-28T09:05:54.935+00:00 host_mono_ns=2345374125257696 
[SEDP-RACE-RUN37] host_utc=2026-09-28T09:05:54.935+00:00 host_mono_ns=2345374125266272 === DEBUG [lwip-posix]: udp_sendto called! Bypassing to POSIX sendto ===
[SEDP-RACE-RUN37] host_utc=2026-09-28T09:05:54.935+00:00 host_mono_ns=2345374125279547 
[SEDP-RACE-RUN37] host_utc=2026-09-28T09:05:54.935+00:00 host_mono_ns=2345374125288334 === DEBUG [lwip-posix]: recvfrom received packet of len 52! Bypassing to pcb->recv ===
[SEDP-RACE-RUN37] host_utc=2026-09-28T09:05:54.935+00:00 host_mono_ns=2345374125297201 
[SEDP-RACE-RUN37] host_utc=2026-09-28T09:05:54.935+00:00 host_mono_ns=2345374125305667 === DEBUG [lwip-posix]: udp_sendto called! Bypassing to POSIX sendto ===
[SEDP-RACE-RUN37] host_utc=2026-09-28T09:05:54.935+00:00 host_mono_ns=2345374125468264 
[SEDP-RACE-RUN37] host_utc=2026-09-28T09:05:54.935+00:00 host_mono_ns=2345374125480587 === DEBUG [lwip-posix]: recvfrom received packet of len 52! Bypassing to pcb->recv ===
[SEDP-RACE-RUN37] host_utc=2026-09-28T09:05:54.935+00:00 host_mono_ns=2345374125489895 
[SEDP-RACE-RUN37] host_utc=2026-09-28T09:05:54.935+00:00 host_mono_ns=2345374125498681 === DEBUG [lwip-posix]: udp_sendto called! Bypassing to POSIX sendto ===
[SEDP-RACE-RUN37] host_utc=2026-09-28T09:05:54.935+00:00 host_mono_ns=2345374125509602 
[SEDP-RACE-RUN37] host_utc=2026-09-28T09:05:54.935+00:00 host_mono_ns=2345374125531403 === DEBUG [lwip-posix]: recvfrom received packet of len 52! Bypassing to pcb->recv ===
[SEDP-RACE-RUN37] host_utc=2026-09-28T09:05:54.935+00:00 host_mono_ns=2345374125540731 
[SEDP-RACE-RUN37] host_utc=2026-09-28T09:05:54.935+00:00 host_mono_ns=2345374125549487 === DEBUG [lwip-posix]: udp_sendto called! Bypassing to POSIX sendto ===
[SEDP-RACE-RUN37] host_utc=2026-09-28T09:05:54.935+00:00 host_mono_ns=2345374125614270 
[SEDP-RACE-RUN37] host_utc=2026-09-28T09:05:54.935+00:00 host_mono_ns=2345374125625531 === DEBUG [lwip-posix]: recvfrom received packet of len 52! Bypassing to pcb->recv ===
[SEDP-RACE-RUN37] host_utc=2026-09-28T09:05:54.935+00:00 host_mono_ns=2345374125634618 
[SEDP-RACE-RUN37] host_utc=2026-09-28T09:05:54.935+00:00 host_mono_ns=2345374125643224 === DEBUG [lwip-posix]: recvfrom received packet of len 52! Bypassing to pcb->recv ===
[SEDP-RACE-RUN37] host_utc=2026-09-28T09:05:54.935+00:00 host_mono_ns=2345374125652091 
[SEDP-RACE-RUN37] host_utc=2026-09-28T09:05:54.935+00:00 host_mono_ns=2345374125660657 === DEBUG [lwip-posix]: udp_sendto called! Bypassing to POSIX sendto ===
[SEDP-RACE-RUN37] host_utc=2026-09-28T09:05:54.935+00:00 host_mono_ns=2345374125669354 
[SEDP-RACE-RUN37] host_utc=2026-09-28T09:05:54.935+00:00 host_mono_ns=2345374125677870 === DEBUG [lwip-posix]: udp_sendto called! Bypassing to POSIX sendto ===
[SEDP-RACE-RUN37] host_utc=2026-09-28T09:05:54.935+00:00 host_mono_ns=2345374125987826 
[SEDP-RACE-RUN37] host_utc=2026-09-28T09:05:54.935+00:00 host_mono_ns=2345374126018644 === DEBUG [lwip-posix]: recvfrom received packet of len 52! Bypassing to pcb->recv ===
[SEDP-RACE-RUN37] host_utc=2026-09-28T09:05:54.935+00:00 host_mono_ns=2345374126034303 
[SEDP-RACE-RUN37] host_utc=2026-09-28T09:05:54.935+00:00 host_mono_ns=2345374126043581 === DEBUG [lwip-posix]: udp_sendto called! Bypassing to POSIX sendto ===
[SEDP-RACE-RUN37] host_utc=2026-09-28T09:05:54.935+00:00 host_mono_ns=2345374126052898 
[SEDP-RACE-RUN37] host_utc=2026-09-28T09:05:54.935+00:00 host_mono_ns=2345374126063238 === DEBUG [lwip-posix]: recvfrom received packet of len 52! Bypassing to pcb->recv ===
[SEDP-RACE-RUN37] host_utc=2026-09-28T09:05:54.935+00:00 host_mono_ns=2345374126075591 
[SEDP-RACE-RUN37] host_utc=2026-09-28T09:05:54.935+00:00 host_mono_ns=2345374126088195 === DEBUG [lwip-posix]: udp_sendto called! Bypassing to POSIX sendto ===
[SEDP-RACE-RUN37] host_utc=2026-09-28T09:05:54.936+00:00 host_mono_ns=2345374126196530 
[SEDP-RACE-RUN37] host_utc=2026-09-28T09:05:54.936+00:00 host_mono_ns=2345374126211348 === DEBUG [lwip-posix]: recvfrom received packet of len 52! Bypassing to pcb->recv ===
[SEDP-RACE-RUN37] host_utc=2026-09-28T09:05:54.936+00:00 host_mono_ns=2345374126221036 
[SEDP-RACE-RUN37] host_utc=2026-09-28T09:05:54.936+00:00 host_mono_ns=2345374126229873 === DEBUG [lwip-posix]: udp_sendto called! Bypassing to POSIX sendto ===
[SEDP-RACE-RUN37] host_utc=2026-09-28T09:05:54.936+00:00 host_mono_ns=2345374126238850 
[SEDP-RACE-RUN37] host_utc=2026-09-28T09:05:54.936+00:00 host_mono_ns=2345374126247757 === DEBUG [lwip-posix]: recvfrom received packet of len 52! Bypassing to pcb->recv ===
[SEDP-RACE-RUN37] host_utc=2026-09-28T09:05:54.936+00:00 host_mono_ns=2345374126261753 
[SEDP-RACE-RUN37] host_utc=2026-09-28T09:05:54.936+00:00 host_mono_ns=2345374126270500 === DEBUG [lwip-posix]: udp_sendto called! Bypassing to POSIX sendto ===
[SEDP-RACE-RUN37] host_utc=2026-09-28T09:05:54.936+00:00 host_mono_ns=2345374126484604 
[SEDP-RACE-RUN37] host_utc=2026-09-28T09:05:54.936+00:00 host_mono_ns=2345374126504902 === DEBUG [lwip-posix]: recvfrom received packet of len 52! Bypassing to pcb->recv ===
[SEDP-RACE-RUN37] host_utc=2026-09-28T09:05:54.936+00:00 host_mono_ns=2345374126515853 
[SEDP-RACE-RUN37] host_utc=2026-09-28T09:05:54.936+00:00 host_mono_ns=2345374126524980 === DEBUG [lwip-posix]: udp_sendto called! Bypassing to POSIX sendto ===
[SEDP-RACE-RUN37] host_utc=2026-09-28T09:05:54.936+00:00 host_mono_ns=2345374126540239 
[SEDP-RACE-RUN37] host_utc=2026-09-28T09:05:54.936+00:00 host_mono_ns=2345374126562131 === DEBUG [lwip-posix]: recvfrom received packet of len 52! Bypassing to pcb->recv ===
[SEDP-RACE-RUN37] host_utc=2026-09-28T09:05:54.936+00:00 host_mono_ns=2345374126571438 
[SEDP-RACE-RUN37] host_utc=2026-09-28T09:05:54.936+00:00 host_mono_ns=2345374126580105 === DEBUG [lwip-posix]: udp_sendto called! Bypassing to POSIX sendto ===
[SEDP-RACE-RUN37] host_utc=2026-09-28T09:05:54.936+00:00 host_mono_ns=2345374126738163 
[SEDP-RACE-RUN37] host_utc=2026-09-28T09:05:54.936+00:00 host_mono_ns=2345374126750537 === DEBUG [lwip-posix]: recvfrom received packet of len 52! Bypassing to pcb->recv ===
[SEDP-RACE-RUN37] host_utc=2026-09-28T09:05:54.936+00:00 host_mono_ns=2345374126757920 
[SEDP-RACE-RUN37] host_utc=2026-09-28T09:05:54.936+00:00 host_mono_ns=2345374126764413 === DEBUG [lwip-posix]: udp_sendto called! Bypassing to POSIX sendto ===
[SEDP-RACE-RUN37] host_utc=2026-09-28T09:05:54.936+00:00 host_mono_ns=2345374126771015 
[SEDP-RACE-RUN37] host_utc=2026-09-28T09:05:54.936+00:00 host_mono_ns=2345374126779742 === DEBUG [lwip-posix]: recvfrom received packet of len 52! Bypassing to pcb->recv ===
[SEDP-RACE-RUN37] host_utc=2026-09-28T09:05:54.936+00:00 host_mono_ns=2345374126790382 
[SEDP-RACE-RUN37] host_utc=2026-09-28T09:05:54.936+00:00 host_mono_ns=2345374126796724 === DEBUG [lwip-posix]: udp_sendto called! Bypassing to POSIX sendto ===
[SEDP-RACE-RUN37] host_utc=2026-09-28T09:05:54.936+00:00 host_mono_ns=2345374126924044 
[SEDP-RACE-RUN37] host_utc=2026-09-28T09:05:54.936+00:00 host_mono_ns=2345374126932931 === DEBUG [lwip-posix]: recvfrom received packet of len 52! Bypassing to pcb->recv ===
[SEDP-RACE-RUN37] host_utc=2026-09-28T09:05:54.936+00:00 host_mono_ns=2345374126939704 
[SEDP-RACE-RUN37] host_utc=2026-09-28T09:05:54.936+00:00 host_mono_ns=2345374126946266 === DEBUG [lwip-posix]: udp_sendto called! Bypassing to POSIX sendto ===
[SEDP-RACE-RUN37] host_utc=2026-09-28T09:05:54.936+00:00 host_mono_ns=2345374126952889 
[SEDP-RACE-RUN37] host_utc=2026-09-28T09:05:54.936+00:00 host_mono_ns=2345374126959060 === DEBUG [lwip-posix]: recvfrom received packet of len 52! Bypassing to pcb->recv ===
[SEDP-RACE-RUN37] host_utc=2026-09-28T09:05:54.936+00:00 host_mono_ns=2345374126965453 
[SEDP-RACE-RUN37] host_utc=2026-09-28T09:05:54.936+00:00 host_mono_ns=2345374126971764 === DEBUG [lwip-posix]: udp_sendto called! Bypassing to POSIX sendto ===
[SEDP-RACE-RUN37] host_utc=2026-09-28T09:05:54.936+00:00 host_mono_ns=2345374127125765 
[SEDP-RACE-RUN37] host_utc=2026-09-28T09:05:54.936+00:00 host_mono_ns=2345374127138730 === DEBUG [lwip-posix]: recvfrom received packet of len 52! Bypassing to pcb->recv ===
[SEDP-RACE-RUN37] host_utc=2026-09-28T09:05:54.936+00:00 host_mono_ns=2345374127145773 
[SEDP-RACE-RUN37] host_utc=2026-09-28T09:05:54.936+00:00 host_mono_ns=2345374127152075 === DEBUG [lwip-posix]: udp_sendto called! Bypassing to POSIX sendto ===
[SEDP-RACE-RUN37] host_utc=2026-09-28T09:05:54.936+00:00 host_mono_ns=2345374127162184 
[SEDP-RACE-RUN37] host_utc=2026-09-28T09:05:54.937+00:00 host_mono_ns=2345374127168807 === DEBUG [lwip-posix]: recvfrom received packet of len 52! Bypassing to pcb->recv ===
[SEDP-RACE-RUN37] host_utc=2026-09-28T09:05:54.937+00:00 host_mono_ns=2345374127177844 
[SEDP-RACE-RUN37] host_utc=2026-09-28T09:05:54.937+00:00 host_mono_ns=2345374127183845 === DEBUG [lwip-posix]: udp_sendto called! Bypassing to POSIX sendto ===
[SEDP-RACE-RUN37] host_utc=2026-09-28T09:05:54.937+00:00 host_mono_ns=2345374127314702 
[SEDP-RACE-RUN37] host_utc=2026-09-28T09:05:54.937+00:00 host_mono_ns=2345374127322828 === DEBUG [lwip-posix]: recvfrom received packet of len 52! Bypassing to pcb->recv ===
[SEDP-RACE-RUN37] host_utc=2026-09-28T09:05:54.937+00:00 host_mono_ns=2345374127329500 
[SEDP-RACE-RUN37] host_utc=2026-09-28T09:05:54.937+00:00 host_mono_ns=2345374127335672 === DEBUG [lwip-posix]: udp_sendto called! Bypassing to POSIX sendto ===
[SEDP-RACE-RUN37] host_utc=2026-09-28T09:05:54.937+00:00 host_mono_ns=2345374127509851 
[SEDP-RACE-RUN37] host_utc=2026-09-28T09:05:54.937+00:00 host_mono_ns=2345374127528005 === DEBUG [lwip-posix]: recvfrom received packet of len 52! Bypassing to pcb->recv ===
[SEDP-RACE-RUN37] host_utc=2026-09-28T09:05:54.937+00:00 host_mono_ns=2345374127535129 
[SEDP-RACE-RUN37] host_utc=2026-09-28T09:05:54.937+00:00 host_mono_ns=2345374127541371 === DEBUG [lwip-posix]: udp_sendto called! Bypassing to POSIX sendto ===
[SEDP-RACE-RUN37] host_utc=2026-09-28T09:05:54.937+00:00 host_mono_ns=2345374127550308 
[SEDP-RACE-RUN37] host_utc=2026-09-28T09:05:54.937+00:00 host_mono_ns=2345374127556790 === DEBUG [lwip-posix]: recvfrom received packet of len 52! Bypassing to pcb->recv ===
[SEDP-RACE-RUN37] host_utc=2026-09-28T09:05:54.937+00:00 host_mono_ns=2345374127563332 
[SEDP-RACE-RUN37] host_utc=2026-09-28T09:05:54.937+00:00 host_mono_ns=2345374127569434 === DEBUG [lwip-posix]: udp_sendto called! Bypassing to POSIX sendto ===
[SEDP-RACE-RUN37] host_utc=2026-09-28T09:05:54.937+00:00 host_mono_ns=2345374127725529 
[SEDP-RACE-RUN37] host_utc=2026-09-28T09:05:54.937+00:00 host_mono_ns=2345374127736399 === DEBUG [lwip-posix]: recvfrom received packet of len 52! Bypassing to pcb->recv ===
[SEDP-RACE-RUN37] host_utc=2026-09-28T09:05:54.937+00:00 host_mono_ns=2345374127743513 
[SEDP-RACE-RUN37] host_utc=2026-09-28T09:05:54.937+00:00 host_mono_ns=2345374127748552 === DEBUG [lwip-posix]: udp_sendto called! Bypassing to POSIX sendto ===
[SEDP-RACE-RUN37] host_utc=2026-09-28T09:05:54.937+00:00 host_mono_ns=2345374127753141 
[SEDP-RACE-RUN37] host_utc=2026-09-28T09:05:54.937+00:00 host_mono_ns=2345374127757729 === DEBUG [lwip-posix]: recvfrom received packet of len 52! Bypassing to pcb->recv ===
[SEDP-RACE-RUN37] host_utc=2026-09-28T09:05:54.937+00:00 host_mono_ns=2345374127765404 
[SEDP-RACE-RUN37] host_utc=2026-09-28T09:05:54.937+00:00 host_mono_ns=2345374127769942 === DEBUG [lwip-posix]: udp_sendto called! Bypassing to POSIX sendto ===
[SEDP-RACE-RUN37] host_utc=2026-09-28T09:05:54.938+00:00 host_mono_ns=2345374128209573 
[SEDP-RACE-RUN37] host_utc=2026-09-28T09:05:54.938+00:00 host_mono_ns=2345374128219251 === DEBUG [lwip-posix]: recvfrom received packet of len 52! Bypassing to pcb->recv ===
[SEDP-RACE-RUN37] host_utc=2026-09-28T09:05:54.938+00:00 host_mono_ns=2345374128224111 
[SEDP-RACE-RUN37] host_utc=2026-09-28T09:05:54.938+00:00 host_mono_ns=2345374128228549 === DEBUG [lwip-posix]: udp_sendto called! Bypassing to POSIX sendto ===
[SEDP-RACE-RUN37] host_utc=2026-09-28T09:05:54.938+00:00 host_mono_ns=2345374128412076 
[SEDP-RACE-RUN37] host_utc=2026-09-28T09:05:54.938+00:00 host_mono_ns=2345374128418217 === DEBUG [lwip-posix]: recvfrom received packet of len 52! Bypassing to pcb->recv ===
[SEDP-RACE-RUN37] host_utc=2026-09-28T09:05:54.938+00:00 host_mono_ns=2345374128422966 
[SEDP-RACE-RUN37] host_utc=2026-09-28T09:05:54.938+00:00 host_mono_ns=2345374128427365 === DEBUG [lwip-posix]: udp_sendto called! Bypassing to POSIX sendto ===
[SEDP-RACE-RUN37] host_utc=2026-09-28T09:05:54.938+00:00 host_mono_ns=2345374128431873 
[SEDP-RACE-RUN37] host_utc=2026-09-28T09:05:54.938+00:00 host_mono_ns=2345374128436221 === DEBUG [lwip-posix]: recvfrom received packet of len 52! Bypassing to pcb->recv ===
[SEDP-RACE-RUN37] host_utc=2026-09-28T09:05:54.938+00:00 host_mono_ns=2345374128440640 
[SEDP-RACE-RUN37] host_utc=2026-09-28T09:05:54.938+00:00 host_mono_ns=2345374128444978 === DEBUG [lwip-posix]: udp_sendto called! Bypassing to POSIX sendto ===
[SEDP-RACE-RUN37] host_utc=2026-09-28T09:05:54.938+00:00 host_mono_ns=2345374128896170 
[SEDP-RACE-RUN37] host_utc=2026-09-28T09:05:54.938+00:00 host_mono_ns=2345374128902081 === DEBUG [lwip-posix]: recvfrom received packet of len 52! Bypassing to pcb->recv ===
[SEDP-RACE-RUN37] host_utc=2026-09-28T09:05:54.938+00:00 host_mono_ns=2345374128906790 
[SEDP-RACE-RUN37] host_utc=2026-09-28T09:05:54.938+00:00 host_mono_ns=2345374128911219 === DEBUG [lwip-posix]: udp_sendto called! Bypassing to POSIX sendto ===
[SEDP-RACE-RUN37] host_utc=2026-09-28T09:05:54.938+00:00 host_mono_ns=2345374129082933 
[SEDP-RACE-RUN37] host_utc=2026-09-28T09:05:54.938+00:00 host_mono_ns=2345374129106197 === DEBUG [lwip-posix]: recvfrom received packet of len 52! Bypassing to pcb->recv ===
[SEDP-RACE-RUN37] host_utc=2026-09-28T09:05:54.938+00:00 host_mono_ns=2345374129132507 
[SEDP-RACE-RUN37] host_utc=2026-09-28T09:05:54.938+00:00 host_mono_ns=2345374129143808 === DEBUG [lwip-posix]: udp_sendto called! Bypassing to POSIX sendto ===
[SEDP-RACE-RUN37] host_utc=2026-09-28T09:05:54.939+00:00 host_mono_ns=2345374129320101 
[SEDP-RACE-RUN37] host_utc=2026-09-28T09:05:54.939+00:00 host_mono_ns=2345374129332525 === DEBUG [lwip-posix]: recvfrom received packet of len 52! Bypassing to pcb->recv ===
[SEDP-RACE-RUN37] host_utc=2026-09-28T09:05:54.939+00:00 host_mono_ns=2345374129342183 
[SEDP-RACE-RUN37] host_utc=2026-09-28T09:05:54.939+00:00 host_mono_ns=2345374129354747 === DEBUG [lwip-posix]: udp_sendto called! Bypassing to POSIX sendto ===
[SEDP-RACE-RUN37] host_utc=2026-09-28T09:05:54.939+00:00 host_mono_ns=2345374129504820 
[SEDP-RACE-RUN37] host_utc=2026-09-28T09:05:54.939+00:00 host_mono_ns=2345374129515300 === DEBUG [lwip-posix]: recvfrom received packet of len 52! Bypassing to pcb->recv ===
[SEDP-RACE-RUN37] host_utc=2026-09-28T09:05:54.939+00:00 host_mono_ns=2345374129524567 
[SEDP-RACE-RUN37] host_utc=2026-09-28T09:05:54.939+00:00 host_mono_ns=2345374129533274 === DEBUG [lwip-posix]: udp_sendto called! Bypassing to POSIX sendto ===
[SEDP-RACE-RUN37] host_utc=2026-09-28T09:05:54.939+00:00 host_mono_ns=2345374129594680 
[SEDP-RACE-RUN37] host_utc=2026-09-28T09:05:54.939+00:00 host_mono_ns=2345374129604488 === DEBUG [lwip-posix]: recvfrom received packet of len 52! Bypassing to pcb->recv ===
[SEDP-RACE-RUN37] host_utc=2026-09-28T09:05:54.939+00:00 host_mono_ns=2345374129613656 
[SEDP-RACE-RUN37] host_utc=2026-09-28T09:05:54.939+00:00 host_mono_ns=2345374129622282 === DEBUG [lwip-posix]: udp_sendto called! Bypassing to POSIX sendto ===
[SEDP-RACE-RUN37] host_utc=2026-09-28T09:05:54.939+00:00 host_mono_ns=2345374129910517 
[SEDP-RACE-RUN37] host_utc=2026-09-28T09:05:54.939+00:00 host_mono_ns=2345374129920475 === DEBUG [lwip-posix]: recvfrom received packet of len 52! Bypassing to pcb->recv ===
[SEDP-RACE-RUN37] host_utc=2026-09-28T09:05:54.939+00:00 host_mono_ns=2345374129929663 
[SEDP-RACE-RUN37] host_utc=2026-09-28T09:05:54.939+00:00 host_mono_ns=2345374129938319 === DEBUG [lwip-posix]: udp_sendto called! Bypassing to POSIX sendto ===
[SEDP-RACE-RUN37] host_utc=2026-09-28T09:05:54.939+00:00 host_mono_ns=2345374129947296 
[SEDP-RACE-RUN37] host_utc=2026-09-28T09:05:54.939+00:00 host_mono_ns=2345374129955892 === DEBUG [lwip-posix]: recvfrom received packet of len 52! Bypassing to pcb->recv ===
[SEDP-RACE-RUN37] host_utc=2026-09-28T09:05:54.939+00:00 host_mono_ns=2345374129972153 
[SEDP-RACE-RUN37] host_utc=2026-09-28T09:05:54.939+00:00 host_mono_ns=2345374129982703 === DEBUG [lwip-posix]: udp_sendto called! Bypassing to POSIX sendto ===
[SEDP-RACE-RUN37] host_utc=2026-09-28T09:05:54.940+00:00 host_mono_ns=2345374130225031 
[SEDP-RACE-RUN37] host_utc=2026-09-28T09:05:54.940+00:00 host_mono_ns=2345374130241091 === DEBUG [lwip-posix]: recvfrom received packet of len 52! Bypassing to pcb->recv ===
[SEDP-RACE-RUN37] host_utc=2026-09-28T09:05:54.940+00:00 host_mono_ns=2345374130250349 
[SEDP-RACE-RUN37] host_utc=2026-09-28T09:05:54.940+00:00 host_mono_ns=2345374130259005 === DEBUG [lwip-posix]: udp_sendto called! Bypassing to POSIX sendto ===
[SEDP-RACE-RUN37] host_utc=2026-09-28T09:05:54.940+00:00 host_mono_ns=2345374130351239 
[SEDP-RACE-RUN37] host_utc=2026-09-28T09:05:54.940+00:00 host_mono_ns=2345374130362651 === DEBUG [lwip-posix]: recvfrom received packet of len 52! Bypassing to pcb->recv ===
[SEDP-RACE-RUN37] host_utc=2026-09-28T09:05:54.940+00:00 host_mono_ns=2345374130371968 
[SEDP-RACE-RUN37] host_utc=2026-09-28T09:05:54.940+00:00 host_mono_ns=2345374130380735 === DEBUG [lwip-posix]: udp_sendto called! Bypassing to POSIX sendto ===
[SEDP-RACE-RUN37] host_utc=2026-09-28T09:05:54.940+00:00 host_mono_ns=2345374130426822 
[SEDP-RACE-RUN37] host_utc=2026-09-28T09:05:54.940+00:00 host_mono_ns=2345374130436540 === DEBUG [lwip-posix]: recvfrom received packet of len 52! Bypassing to pcb->recv ===
[SEDP-RACE-RUN37] host_utc=2026-09-28T09:05:54.940+00:00 host_mono_ns=2345374130454755 
[SEDP-RACE-RUN37] host_utc=2026-09-28T09:05:54.940+00:00 host_mono_ns=2345374130463501 === DEBUG [lwip-posix]: udp_sendto called! Bypassing to POSIX sendto ===
[SEDP-RACE-RUN37] host_utc=2026-09-28T09:05:54.940+00:00 host_mono_ns=2345374130667967 
[SEDP-RACE-RUN37] host_utc=2026-09-28T09:05:54.940+00:00 host_mono_ns=2345374130678066 === DEBUG [lwip-posix]: recvfrom received packet of len 52! Bypassing to pcb->recv ===
[SEDP-RACE-RUN37] host_utc=2026-09-28T09:05:54.940+00:00 host_mono_ns=2345374130687284 
[SEDP-RACE-RUN37] host_utc=2026-09-28T09:05:54.940+00:00 host_mono_ns=2345374130695970 === DEBUG [lwip-posix]: udp_sendto called! Bypassing to POSIX sendto ===
[SEDP-RACE-RUN37] host_utc=2026-09-28T09:05:54.940+00:00 host_mono_ns=2345374130766834 
[SEDP-RACE-RUN37] host_utc=2026-09-28T09:05:54.940+00:00 host_mono_ns=2345374130777815 === DEBUG [lwip-posix]: recvfrom received packet of len 52! Bypassing to pcb->recv ===
[SEDP-RACE-RUN37] host_utc=2026-09-28T09:05:54.940+00:00 host_mono_ns=2345374130787042 
[SEDP-RACE-RUN37] host_utc=2026-09-28T09:05:54.940+00:00 host_mono_ns=2345374130795759 === DEBUG [lwip-posix]: udp_sendto called! Bypassing to POSIX sendto ===
[SEDP-RACE-RUN37] host_utc=2026-09-28T09:05:54.940+00:00 host_mono_ns=2345374130997069 
[SEDP-RACE-RUN37] host_utc=2026-09-28T09:05:54.940+00:00 host_mono_ns=2345374131023038 === DEBUG [lwip-posix]: recvfrom received packet of len 52! Bypassing to pcb->recv ===
[SEDP-RACE-RUN37] host_utc=2026-09-28T09:05:54.940+00:00 host_mono_ns=2345374131037626 
[SEDP-RACE-RUN37] host_utc=2026-09-28T09:05:54.940+00:00 host_mono_ns=2345374131047194 === DEBUG [lwip-posix]: udp_sendto called! Bypassing to POSIX sendto ===
[SEDP-RACE-RUN37] host_utc=2026-09-28T09:05:54.940+00:00 host_mono_ns=2345374131120693 
[SEDP-RACE-RUN37] host_utc=2026-09-28T09:05:54.940+00:00 host_mono_ns=2345374131130501 === DEBUG [lwip-posix]: recvfrom received packet of len 52! Bypassing to pcb->recv ===
[SEDP-RACE-RUN37] host_utc=2026-09-28T09:05:54.940+00:00 host_mono_ns=2345374131139478 
[SEDP-RACE-RUN37] host_utc=2026-09-28T09:05:54.940+00:00 host_mono_ns=2345374131148124 === DEBUG [lwip-posix]: udp_sendto called! Bypassing to POSIX sendto ===
[SEDP-RACE-RUN37] host_utc=2026-09-28T09:05:54.941+00:00 host_mono_ns=2345374131213257 
[SEDP-RACE-RUN37] host_utc=2026-09-28T09:05:54.941+00:00 host_mono_ns=2345374131223697 === DEBUG [lwip-posix]: recvfrom received packet of len 52! Bypassing to pcb->recv ===
[SEDP-RACE-RUN37] host_utc=2026-09-28T09:05:54.941+00:00 host_mono_ns=2345374131232885 
[SEDP-RACE-RUN37] host_utc=2026-09-28T09:05:54.941+00:00 host_mono_ns=2345374131241691 === DEBUG [lwip-posix]: udp_sendto called! Bypassing to POSIX sendto ===
[SEDP-RACE-RUN37] host_utc=2026-09-28T09:05:54.941+00:00 host_mono_ns=2345374131401493 
[SEDP-RACE-RUN37] host_utc=2026-09-28T09:05:54.941+00:00 host_mono_ns=2345374131411783 === DEBUG [lwip-posix]: recvfrom received packet of len 52! Bypassing to pcb->recv ===
[SEDP-RACE-RUN37] host_utc=2026-09-28T09:05:54.941+00:00 host_mono_ns=2345374131420900 
[SEDP-RACE-RUN37] host_utc=2026-09-28T09:05:54.941+00:00 host_mono_ns=2345374131429566 === DEBUG [lwip-posix]: udp_sendto called! Bypassing to POSIX sendto ===
[SEDP-RACE-RUN37] host_utc=2026-09-28T09:05:54.941+00:00 host_mono_ns=2345374131508896 
[SEDP-RACE-RUN37] host_utc=2026-09-28T09:05:54.941+00:00 host_mono_ns=2345374131519015 === DEBUG [lwip-posix]: recvfrom received packet of len 52! Bypassing to pcb->recv ===
[SEDP-RACE-RUN37] host_utc=2026-09-28T09:05:54.941+00:00 host_mono_ns=2345374131528192 
[SEDP-RACE-RUN37] host_utc=2026-09-28T09:05:54.941+00:00 host_mono_ns=2345374131536919 === DEBUG [lwip-posix]: udp_sendto called! Bypassing to POSIX sendto ===
[SEDP-RACE-RUN37] host_utc=2026-09-28T09:05:54.941+00:00 host_mono_ns=2345374131643250 
[SEDP-RACE-RUN37] host_utc=2026-09-28T09:05:54.941+00:00 host_mono_ns=2345374131653429 === DEBUG [lwip-posix]: recvfrom received packet of len 52! Bypassing to pcb->recv ===
[SEDP-RACE-RUN37] host_utc=2026-09-28T09:05:54.941+00:00 host_mono_ns=2345374131671102 
[SEDP-RACE-RUN37] host_utc=2026-09-28T09:05:54.941+00:00 host_mono_ns=2345374131679929 === DEBUG [lwip-posix]: udp_sendto called! Bypassing to POSIX sendto ===
[SEDP-RACE-RUN37] host_utc=2026-09-28T09:05:54.941+00:00 host_mono_ns=2345374131810075 
[SEDP-RACE-RUN37] host_utc=2026-09-28T09:05:54.941+00:00 host_mono_ns=2345374131820334 === DEBUG [lwip-posix]: recvfrom received packet of len 52! Bypassing to pcb->recv ===
[SEDP-RACE-RUN37] host_utc=2026-09-28T09:05:54.941+00:00 host_mono_ns=2345374131831015 
[SEDP-RACE-RUN37] host_utc=2026-09-28T09:05:54.941+00:00 host_mono_ns=2345374131840012 === DEBUG [lwip-posix]: udp_sendto called! Bypassing to POSIX sendto ===
[SEDP-RACE-RUN37] host_utc=2026-09-28T09:05:54.941+00:00 host_mono_ns=2345374132029039 
[SEDP-RACE-RUN37] host_utc=2026-09-28T09:05:54.941+00:00 host_mono_ns=2345374132043847 === DEBUG [lwip-posix]: recvfrom received packet of len 52! Bypassing to pcb->recv ===
[SEDP-RACE-RUN37] host_utc=2026-09-28T09:05:54.941+00:00 host_mono_ns=2345374132053224 
[SEDP-RACE-RUN37] host_utc=2026-09-28T09:05:54.941+00:00 host_mono_ns=2345374132062562 === DEBUG [lwip-posix]: udp_sendto called! Bypassing to POSIX sendto ===
[SEDP-RACE-RUN37] host_utc=2026-09-28T09:05:54.941+00:00 host_mono_ns=2345374132101967 
[SEDP-RACE-RUN37] host_utc=2026-09-28T09:05:54.941+00:00 host_mono_ns=2345374132112126 === DEBUG [lwip-posix]: recvfrom received packet of len 52! Bypassing to pcb->recv ===
[SEDP-RACE-RUN37] host_utc=2026-09-28T09:05:54.941+00:00 host_mono_ns=2345374132121263 
[SEDP-RACE-RUN37] host_utc=2026-09-28T09:05:54.941+00:00 host_mono_ns=2345374132129969 === DEBUG [lwip-posix]: udp_sendto called! Bypassing to POSIX sendto ===
[SEDP-RACE-RUN37] host_utc=2026-09-28T09:05:54.942+00:00 host_mono_ns=2345374132278069 
[SEDP-RACE-RUN37] host_utc=2026-09-28T09:05:54.942+00:00 host_mono_ns=2345374132288399 === DEBUG [lwip-posix]: recvfrom received packet of len 52! Bypassing to pcb->recv ===
[SEDP-RACE-RUN37] host_utc=2026-09-28T09:05:54.942+00:00 host_mono_ns=2345374132297636 
[SEDP-RACE-RUN37] host_utc=2026-09-28T09:05:54.942+00:00 host_mono_ns=2345374132306373 === DEBUG [lwip-posix]: udp_sendto called! Bypassing to POSIX sendto ===
[SEDP-RACE-RUN37] host_utc=2026-09-28T09:05:54.942+00:00 host_mono_ns=2345374132459161 
[SEDP-RACE-RUN37] host_utc=2026-09-28T09:05:54.942+00:00 host_mono_ns=2345374132469571 === DEBUG [lwip-posix]: recvfrom received packet of len 52! Bypassing to pcb->recv ===
[SEDP-RACE-RUN37] host_utc=2026-09-28T09:05:54.942+00:00 host_mono_ns=2345374132478899 
[SEDP-RACE-RUN37] host_utc=2026-09-28T09:05:54.942+00:00 host_mono_ns=2345374132487575 === DEBUG [lwip-posix]: udp_sendto called! Bypassing to POSIX sendto ===
[SEDP-RACE-RUN37] host_utc=2026-09-28T09:05:54.942+00:00 host_mono_ns=2345374132594347 
[SEDP-RACE-RUN37] host_utc=2026-09-28T09:05:54.942+00:00 host_mono_ns=2345374132604857 === DEBUG [lwip-posix]: recvfrom received packet of len 52! Bypassing to pcb->recv ===
[SEDP-RACE-RUN37] host_utc=2026-09-28T09:05:54.942+00:00 host_mono_ns=2345374132614074 
[SEDP-RACE-RUN37] host_utc=2026-09-28T09:05:54.942+00:00 host_mono_ns=2345374132622690 === DEBUG [lwip-posix]: udp_sendto called! Bypassing to POSIX sendto ===
[SEDP-RACE-RUN37] host_utc=2026-09-28T09:05:54.942+00:00 host_mono_ns=2345374132702701 
[SEDP-RACE-RUN37] host_utc=2026-09-28T09:05:54.942+00:00 host_mono_ns=2345374132713001 === DEBUG [lwip-posix]: recvfrom received packet of len 52! Bypassing to pcb->recv ===
[SEDP-RACE-RUN37] host_utc=2026-09-28T09:05:54.942+00:00 host_mono_ns=2345374132722288 
[SEDP-RACE-RUN37] host_utc=2026-09-28T09:05:54.942+00:00 host_mono_ns=2345374132730975 === DEBUG [lwip-posix]: udp_sendto called! Bypassing to POSIX sendto ===
[SEDP-RACE-RUN37] host_utc=2026-09-28T09:05:54.942+00:00 host_mono_ns=2345374132773756 
[SEDP-RACE-RUN37] host_utc=2026-09-28T09:05:54.942+00:00 host_mono_ns=2345374132783614 === DEBUG [lwip-posix]: recvfrom received packet of len 52! Bypassing to pcb->recv ===
[SEDP-RACE-RUN37] host_utc=2026-09-28T09:05:54.942+00:00 host_mono_ns=2345374132801258 
[SEDP-RACE-RUN37] host_utc=2026-09-28T09:05:54.942+00:00 host_mono_ns=2345374132810165 === DEBUG [lwip-posix]: udp_sendto called! Bypassing to POSIX sendto ===
[SEDP-RACE-RUN37] host_utc=2026-09-28T09:05:54.942+00:00 host_mono_ns=2345374132955279 
[SEDP-RACE-RUN37] host_utc=2026-09-28T09:05:54.942+00:00 host_mono_ns=2345374132965448 === DEBUG [lwip-posix]: recvfrom received packet of len 52! Bypassing to pcb->recv ===
[SEDP-RACE-RUN37] host_utc=2026-09-28T09:05:54.942+00:00 host_mono_ns=2345374132979785 
[SEDP-RACE-RUN37] host_utc=2026-09-28T09:05:54.942+00:00 host_mono_ns=2345374132988762 === DEBUG [lwip-posix]: udp_sendto called! Bypassing to POSIX sendto ===
[SEDP-RACE-RUN37] host_utc=2026-09-28T09:05:54.942+00:00 host_mono_ns=2345374132997789 
[SEDP-RACE-RUN37] host_utc=2026-09-28T09:05:54.942+00:00 host_mono_ns=2345374133015643 === DEBUG [lwip-posix]: recvfrom received packet of len 52! Bypassing to pcb->recv ===
[SEDP-RACE-RUN37] host_utc=2026-09-28T09:05:54.942+00:00 host_mono_ns=2345374133036242 
[SEDP-RACE-RUN37] host_utc=2026-09-28T09:05:54.942+00:00 host_mono_ns=2345374133045359 === DEBUG [lwip-posix]: udp_sendto called! Bypassing to POSIX sendto ===
[SEDP-RACE-RUN37] host_utc=2026-09-28T09:05:54.943+00:00 host_mono_ns=2345374133229427 
[SEDP-RACE-RUN37] host_utc=2026-09-28T09:05:54.943+00:00 host_mono_ns=2345374133240257 === DEBUG [lwip-posix]: recvfrom received packet of len 52! Bypassing to pcb->recv ===
[SEDP-RACE-RUN37] host_utc=2026-09-28T09:05:54.943+00:00 host_mono_ns=2345374133249384 
[SEDP-RACE-RUN37] host_utc=2026-09-28T09:05:54.943+00:00 host_mono_ns=2345374133258031 === DEBUG [lwip-posix]: udp_sendto called! Bypassing to POSIX sendto ===
[SEDP-RACE-RUN37] host_utc=2026-09-28T09:05:54.943+00:00 host_mono_ns=2345374133266907 
[SEDP-RACE-RUN37] host_utc=2026-09-28T09:05:54.943+00:00 host_mono_ns=2345374133276806 === DEBUG [lwip-posix]: recvfrom received packet of len 52! Bypassing to pcb->recv ===
[SEDP-RACE-RUN37] host_utc=2026-09-28T09:05:54.943+00:00 host_mono_ns=2345374133293888 
[SEDP-RACE-RUN37] host_utc=2026-09-28T09:05:54.943+00:00 host_mono_ns=2345374133302986 === DEBUG [lwip-posix]: udp_sendto called! Bypassing to POSIX sendto ===
[SEDP-RACE-RUN37] host_utc=2026-09-28T09:05:54.943+00:00 host_mono_ns=2345374133528401 
[SEDP-RACE-RUN37] host_utc=2026-09-28T09:05:54.943+00:00 host_mono_ns=2345374133538330 === DEBUG [lwip-posix]: recvfrom received packet of len 52! Bypassing to pcb->recv ===
[SEDP-RACE-RUN37] host_utc=2026-09-28T09:05:54.943+00:00 host_mono_ns=2345374133547528 
[SEDP-RACE-RUN37] host_utc=2026-09-28T09:05:54.943+00:00 host_mono_ns=2345374133556244 === DEBUG [lwip-posix]: udp_sendto called! Bypassing to POSIX sendto ===
[SEDP-RACE-RUN37] host_utc=2026-09-28T09:05:54.943+00:00 host_mono_ns=2345374133569339 
[SEDP-RACE-RUN37] host_utc=2026-09-28T09:05:54.943+00:00 host_mono_ns=2345374133580600 === DEBUG [lwip-posix]: recvfrom received packet of len 52! Bypassing to pcb->recv ===
[SEDP-RACE-RUN37] host_utc=2026-09-28T09:05:54.943+00:00 host_mono_ns=2345374133592893 
[SEDP-RACE-RUN37] host_utc=2026-09-28T09:05:54.943+00:00 host_mono_ns=2345374133601800 === DEBUG [lwip-posix]: udp_sendto called! Bypassing to POSIX sendto ===
[SEDP-RACE-RUN37] host_utc=2026-09-28T09:05:54.943+00:00 host_mono_ns=2345374133794234 
[SEDP-RACE-RUN37] host_utc=2026-09-28T09:05:54.943+00:00 host_mono_ns=2345374133804002 === DEBUG [lwip-posix]: recvfrom received packet of len 52! Bypassing to pcb->recv ===
[SEDP-RACE-RUN37] host_utc=2026-09-28T09:05:54.943+00:00 host_mono_ns=2345374133813079 
[SEDP-RACE-RUN37] host_utc=2026-09-28T09:05:54.943+00:00 host_mono_ns=2345374133821826 === DEBUG [lwip-posix]: udp_sendto called! Bypassing to POSIX sendto ===
[SEDP-RACE-RUN37] host_utc=2026-09-28T09:05:54.943+00:00 host_mono_ns=2345374133834870 
[SEDP-RACE-RUN37] host_utc=2026-09-28T09:05:54.943+00:00 host_mono_ns=2345374133845911 === DEBUG [lwip-posix]: recvfrom received packet of len 52! Bypassing to pcb->recv ===
[SEDP-RACE-RUN37] host_utc=2026-09-28T09:05:54.943+00:00 host_mono_ns=2345374133869125 
[SEDP-RACE-RUN37] host_utc=2026-09-28T09:05:54.943+00:00 host_mono_ns=2345374133878172 === DEBUG [lwip-posix]: udp_sendto called! Bypassing to POSIX sendto ===
[SEDP-RACE-RUN37] host_utc=2026-09-28T09:05:54.943+00:00 host_mono_ns=2345374133974905 
[SEDP-RACE-RUN37] host_utc=2026-09-28T09:05:54.943+00:00 host_mono_ns=2345374133985635 === DEBUG [lwip-posix]: recvfrom received packet of len 52! Bypassing to pcb->recv ===
[SEDP-RACE-RUN37] host_utc=2026-09-28T09:05:54.943+00:00 host_mono_ns=2345374133994753 
[SEDP-RACE-RUN37] host_utc=2026-09-28T09:05:54.943+00:00 host_mono_ns=2345374134011504 === DEBUG [lwip-posix]: udp_sendto called! Bypassing to POSIX sendto ===
[SEDP-RACE-RUN37] host_utc=2026-09-28T09:05:54.943+00:00 host_mono_ns=2345374134145247 
[SEDP-RACE-RUN37] host_utc=2026-09-28T09:05:54.943+00:00 host_mono_ns=2345374134155797 === DEBUG [lwip-posix]: recvfrom received packet of len 52! Bypassing to pcb->recv ===
[SEDP-RACE-RUN37] host_utc=2026-09-28T09:05:54.943+00:00 host_mono_ns=2345374134165084 
[SEDP-RACE-RUN37] host_utc=2026-09-28T09:05:54.944+00:00 host_mono_ns=2345374134173811 === DEBUG [lwip-posix]: udp_sendto called! Bypassing to POSIX sendto ===
[SEDP-RACE-RUN37] host_utc=2026-09-28T09:05:54.944+00:00 host_mono_ns=2345374134262679 
[SEDP-RACE-RUN37] host_utc=2026-09-28T09:05:54.944+00:00 host_mono_ns=2345374134273149 === DEBUG [lwip-posix]: recvfrom received packet of len 52! Bypassing to pcb->recv ===
[SEDP-RACE-RUN37] host_utc=2026-09-28T09:05:54.944+00:00 host_mono_ns=2345374134282436 
[SEDP-RACE-RUN37] host_utc=2026-09-28T09:05:54.944+00:00 host_mono_ns=2345374134291233 === DEBUG [lwip-posix]: udp_sendto called! Bypassing to POSIX sendto ===
[SEDP-RACE-RUN37] host_utc=2026-09-28T09:05:54.944+00:00 host_mono_ns=2345374134411901 
[SEDP-RACE-RUN37] host_utc=2026-09-28T09:05:54.944+00:00 host_mono_ns=2345374134423232 === DEBUG [lwip-posix]: recvfrom received packet of len 52! Bypassing to pcb->recv ===
[SEDP-RACE-RUN37] host_utc=2026-09-28T09:05:54.944+00:00 host_mono_ns=2345374134432470 
[SEDP-RACE-RUN37] host_utc=2026-09-28T09:05:54.944+00:00 host_mono_ns=2345374134441436 === DEBUG [lwip-posix]: udp_sendto called! Bypassing to POSIX sendto ===
[SEDP-RACE-RUN37] host_utc=2026-09-28T09:05:54.944+00:00 host_mono_ns=2345374134450534 
[SEDP-RACE-RUN37] host_utc=2026-09-28T09:05:54.944+00:00 host_mono_ns=2345374134460843 === DEBUG [lwip-posix]: recvfrom received packet of len 52! Bypassing to pcb->recv ===
[SEDP-RACE-RUN37] host_utc=2026-09-28T09:05:54.944+00:00 host_mono_ns=2345374134473006 
[SEDP-RACE-RUN37] host_utc=2026-09-28T09:05:54.944+00:00 host_mono_ns=2345374134482344 === DEBUG [lwip-posix]: udp_sendto called! Bypassing to POSIX sendto ===
[SEDP-RACE-RUN37] host_utc=2026-09-28T09:05:54.944+00:00 host_mono_ns=2345374134724421 
[SEDP-RACE-RUN37] host_utc=2026-09-28T09:05:54.944+00:00 host_mono_ns=2345374134734290 === DEBUG [lwip-posix]: recvfrom received packet of len 52! Bypassing to pcb->recv ===
[SEDP-RACE-RUN37] host_utc=2026-09-28T09:05:54.944+00:00 host_mono_ns=2345374134743377 
[SEDP-RACE-RUN37] host_utc=2026-09-28T09:05:54.944+00:00 host_mono_ns=2345374134752103 === DEBUG [lwip-posix]: udp_sendto called! Bypassing to POSIX sendto ===
[SEDP-RACE-RUN37] host_utc=2026-09-28T09:05:54.944+00:00 host_mono_ns=2345374134765158 
[SEDP-RACE-RUN37] host_utc=2026-09-28T09:05:54.944+00:00 host_mono_ns=2345374134775798 === DEBUG [lwip-posix]: recvfrom received packet of len 52! Bypassing to pcb->recv ===
[SEDP-RACE-RUN37] host_utc=2026-09-28T09:05:54.944+00:00 host_mono_ns=2345374134788071 
[SEDP-RACE-RUN37] host_utc=2026-09-28T09:05:54.944+00:00 host_mono_ns=2345374134797770 === DEBUG [lwip-posix]: udp_sendto called! Bypassing to POSIX sendto ===
[SEDP-RACE-RUN37] host_utc=2026-09-28T09:05:54.944+00:00 host_mono_ns=2345374134955918 
[SEDP-RACE-RUN37] host_utc=2026-09-28T09:05:54.944+00:00 host_mono_ns=2345374134965557 === DEBUG [lwip-posix]: recvfrom received packet of len 52! Bypassing to pcb->recv ===
[SEDP-RACE-RUN37] host_utc=2026-09-28T09:05:54.944+00:00 host_mono_ns=2345374134983370 
[SEDP-RACE-RUN37] host_utc=2026-09-28T09:05:54.944+00:00 host_mono_ns=2345374134992157 === DEBUG [lwip-posix]: udp_sendto called! Bypassing to POSIX sendto ===
[SEDP-RACE-RUN37] host_utc=2026-09-28T09:05:54.944+00:00 host_mono_ns=2345374135014740 
[SEDP-RACE-RUN37] host_utc=2026-09-28T09:05:54.944+00:00 host_mono_ns=2345374135029497 === DEBUG [lwip-posix]: recvfrom received packet of len 52! Bypassing to pcb->recv ===
[SEDP-RACE-RUN37] host_utc=2026-09-28T09:05:54.944+00:00 host_mono_ns=2345374135038625 
[SEDP-RACE-RUN37] host_utc=2026-09-28T09:05:54.944+00:00 host_mono_ns=2345374135047251 === DEBUG [lwip-posix]: udp_sendto called! Bypassing to POSIX sendto ===
[SEDP-RACE-RUN37] host_utc=2026-09-28T09:05:54.945+00:00 host_mono_ns=2345374135300199 
[SEDP-RACE-RUN37] host_utc=2026-09-28T09:05:54.945+00:00 host_mono_ns=2345374135310208 === DEBUG [lwip-posix]: recvfrom received packet of len 52! Bypassing to pcb->recv ===
[SEDP-RACE-RUN37] host_utc=2026-09-28T09:05:54.945+00:00 host_mono_ns=2345374135319285 
[SEDP-RACE-RUN37] host_utc=2026-09-28T09:05:54.945+00:00 host_mono_ns=2345374135328052 === DEBUG [lwip-posix]: udp_sendto called! Bypassing to POSIX sendto ===
[SEDP-RACE-RUN37] host_utc=2026-09-28T09:05:54.945+00:00 host_mono_ns=2345374135336888 
[SEDP-RACE-RUN37] host_utc=2026-09-28T09:05:54.945+00:00 host_mono_ns=2345374135347158 === DEBUG [lwip-posix]: recvfrom received packet of len 52! Bypassing to pcb->recv ===
[SEDP-RACE-RUN37] host_utc=2026-09-28T09:05:54.945+00:00 host_mono_ns=2345374135359321 
[SEDP-RACE-RUN37] host_utc=2026-09-28T09:05:54.945+00:00 host_mono_ns=2345374135368919 === DEBUG [lwip-posix]: udp_sendto called! Bypassing to POSIX sendto ===
[SEDP-RACE-RUN37] host_utc=2026-09-28T09:05:54.945+00:00 host_mono_ns=2345374135524012 
[SEDP-RACE-RUN37] host_utc=2026-09-28T09:05:54.945+00:00 host_mono_ns=2345374135533931 === DEBUG [lwip-posix]: recvfrom received packet of len 52! Bypassing to pcb->recv ===
[SEDP-RACE-RUN37] host_utc=2026-09-28T09:05:54.945+00:00 host_mono_ns=2345374135543048 
[SEDP-RACE-RUN37] host_utc=2026-09-28T09:05:54.945+00:00 host_mono_ns=2345374135551624 === DEBUG [lwip-posix]: udp_sendto called! Bypassing to POSIX sendto ===
[SEDP-RACE-RUN37] host_utc=2026-09-28T09:05:54.945+00:00 host_mono_ns=2345374135560411 
[SEDP-RACE-RUN37] host_utc=2026-09-28T09:05:54.945+00:00 host_mono_ns=2345374135570640 === DEBUG [lwip-posix]: recvfrom received packet of len 52! Bypassing to pcb->recv ===
[SEDP-RACE-RUN37] host_utc=2026-09-28T09:05:54.945+00:00 host_mono_ns=2345374135582763 
[SEDP-RACE-RUN37] host_utc=2026-09-28T09:05:54.945+00:00 host_mono_ns=2345374135592361 === DEBUG [lwip-posix]: udp_sendto called! Bypassing to POSIX sendto ===
[SEDP-RACE-RUN37] host_utc=2026-09-28T09:05:54.945+00:00 host_mono_ns=2345374135863413 
[SEDP-RACE-RUN37] host_utc=2026-09-28T09:05:54.945+00:00 host_mono_ns=2345374135873181 === DEBUG [lwip-posix]: recvfrom received packet of len 52! Bypassing to pcb->recv ===
[SEDP-RACE-RUN37] host_utc=2026-09-28T09:05:54.945+00:00 host_mono_ns=2345374135882168 
[SEDP-RACE-RUN37] host_utc=2026-09-28T09:05:54.945+00:00 host_mono_ns=2345374135890815 === DEBUG [lwip-posix]: udp_sendto called! Bypassing to POSIX sendto ===
[SEDP-RACE-RUN37] host_utc=2026-09-28T09:05:54.945+00:00 host_mono_ns=2345374135904451 
[SEDP-RACE-RUN37] host_utc=2026-09-28T09:05:54.945+00:00 host_mono_ns=2345374135914570 === DEBUG [lwip-posix]: recvfrom received packet of len 52! Bypassing to pcb->recv ===
[SEDP-RACE-RUN37] host_utc=2026-09-28T09:05:54.945+00:00 host_mono_ns=2345374135926673 
[SEDP-RACE-RUN37] host_utc=2026-09-28T09:05:54.945+00:00 host_mono_ns=2345374135936471 === DEBUG [lwip-posix]: udp_sendto called! Bypassing to POSIX sendto ===
[SEDP-RACE-RUN37] host_utc=2026-09-28T09:05:54.945+00:00 host_mono_ns=2345374136124116 
[SEDP-RACE-RUN37] host_utc=2026-09-28T09:05:54.945+00:00 host_mono_ns=2345374136139164 === DEBUG [lwip-posix]: recvfrom received packet of len 52! Bypassing to pcb->recv ===
[SEDP-RACE-RUN37] host_utc=2026-09-28T09:05:54.945+00:00 host_mono_ns=2345374136157639 
[SEDP-RACE-RUN37] host_utc=2026-09-28T09:05:54.945+00:00 host_mono_ns=2345374136166446 === DEBUG [lwip-posix]: udp_sendto called! Bypassing to POSIX sendto ===
[SEDP-RACE-RUN37] host_utc=2026-09-28T09:05:54.946+00:00 host_mono_ns=2345374136231228 
[SEDP-RACE-RUN37] host_utc=2026-09-28T09:05:54.946+00:00 host_mono_ns=2345374136241768 === DEBUG [lwip-posix]: recvfrom received packet of len 52! Bypassing to pcb->recv ===
[SEDP-RACE-RUN37] host_utc=2026-09-28T09:05:54.946+00:00 host_mono_ns=2345374136250875 
[SEDP-RACE-RUN37] host_utc=2026-09-28T09:05:54.946+00:00 host_mono_ns=2345374136259551 === DEBUG [lwip-posix]: udp_sendto called! Bypassing to POSIX sendto ===
[SEDP-RACE-RUN37] host_utc=2026-09-28T09:05:54.946+00:00 host_mono_ns=2345374136360312 
[SEDP-RACE-RUN37] host_utc=2026-09-28T09:05:54.946+00:00 host_mono_ns=2345374136370842 === DEBUG [lwip-posix]: recvfrom received packet of len 52! Bypassing to pcb->recv ===
[SEDP-RACE-RUN37] host_utc=2026-09-28T09:05:54.946+00:00 host_mono_ns=2345374136380009 
[SEDP-RACE-RUN37] host_utc=2026-09-28T09:05:54.946+00:00 host_mono_ns=2345374136388746 === DEBUG [lwip-posix]: udp_sendto called! Bypassing to POSIX sendto ===
[SEDP-RACE-RUN37] host_utc=2026-09-28T09:05:54.946+00:00 host_mono_ns=2345374136557444 
[SEDP-RACE-RUN37] host_utc=2026-09-28T09:05:54.946+00:00 host_mono_ns=2345374136567904 === DEBUG [lwip-posix]: recvfrom received packet of len 52! Bypassing to pcb->recv ===
[SEDP-RACE-RUN37] host_utc=2026-09-28T09:05:54.946+00:00 host_mono_ns=2345374136576991 
[SEDP-RACE-RUN37] host_utc=2026-09-28T09:05:54.946+00:00 host_mono_ns=2345374136585688 === DEBUG [lwip-posix]: udp_sendto called! Bypassing to POSIX sendto ===
[SEDP-RACE-RUN37] host_utc=2026-09-28T09:05:54.946+00:00 host_mono_ns=2345374136690736 
[SEDP-RACE-RUN37] host_utc=2026-09-28T09:05:54.946+00:00 host_mono_ns=2345374136701366 === DEBUG [lwip-posix]: recvfrom received packet of len 52! Bypassing to pcb->recv ===
[SEDP-RACE-RUN37] host_utc=2026-09-28T09:05:54.946+00:00 host_mono_ns=2345374136710513 
[SEDP-RACE-RUN37] host_utc=2026-09-28T09:05:54.946+00:00 host_mono_ns=2345374136719240 === DEBUG [lwip-posix]: udp_sendto called! Bypassing to POSIX sendto ===
[SEDP-RACE-RUN37] host_utc=2026-09-28T09:05:54.946+00:00 host_mono_ns=2345374136728047 
[SEDP-RACE-RUN37] host_utc=2026-09-28T09:05:54.946+00:00 host_mono_ns=2345374136736673 === DEBUG [lwip-posix]: recvfrom received packet of len 52! Bypassing to pcb->recv ===
[SEDP-RACE-RUN37] host_utc=2026-09-28T09:05:54.946+00:00 host_mono_ns=2345374136748415 
[SEDP-RACE-RUN37] host_utc=2026-09-28T09:05:54.946+00:00 host_mono_ns=2345374136759967 === DEBUG [lwip-posix]: udp_sendto called! Bypassing to POSIX sendto ===
[SEDP-RACE-RUN37] host_utc=2026-09-28T09:05:54.946+00:00 host_mono_ns=2345374136947651 
[SEDP-RACE-RUN37] host_utc=2026-09-28T09:05:54.946+00:00 host_mono_ns=2345374136957450 === DEBUG [lwip-posix]: recvfrom received packet of len 52! Bypassing to pcb->recv ===
[SEDP-RACE-RUN37] host_utc=2026-09-28T09:05:54.946+00:00 host_mono_ns=2345374136966557 
[SEDP-RACE-RUN37] host_utc=2026-09-28T09:05:54.946+00:00 host_mono_ns=2345374136975183 === DEBUG [lwip-posix]: udp_sendto called! Bypassing to POSIX sendto ===
[SEDP-RACE-RUN37] host_utc=2026-09-28T09:05:54.946+00:00 host_mono_ns=2345374137124536 
[SEDP-RACE-RUN37] host_utc=2026-09-28T09:05:54.946+00:00 host_mono_ns=2345374137139013 === DEBUG [lwip-posix]: recvfrom received packet of len 52! Bypassing to pcb->recv ===
[SEDP-RACE-RUN37] host_utc=2026-09-28T09:05:54.946+00:00 host_mono_ns=2345374137148080 
[SEDP-RACE-RUN37] host_utc=2026-09-28T09:05:54.946+00:00 host_mono_ns=2345374137156666 === DEBUG [lwip-posix]: udp_sendto called! Bypassing to POSIX sendto ===
[SEDP-RACE-RUN37] host_utc=2026-09-28T09:05:54.947+00:00 host_mono_ns=2345374137172136 
[SEDP-RACE-RUN37] host_utc=2026-09-28T09:05:54.947+00:00 host_mono_ns=2345374137184138 === DEBUG [lwip-posix]: recvfrom received packet of len 52! Bypassing to pcb->recv ===
[SEDP-RACE-RUN37] host_utc=2026-09-28T09:05:54.947+00:00 host_mono_ns=2345374137206009 
[SEDP-RACE-RUN37] host_utc=2026-09-28T09:05:54.947+00:00 host_mono_ns=2345374137215187 === DEBUG [lwip-posix]: udp_sendto called! Bypassing to POSIX sendto ===
[SEDP-RACE-RUN37] host_utc=2026-09-28T09:05:54.947+00:00 host_mono_ns=2345374137311729 
[SEDP-RACE-RUN37] host_utc=2026-09-28T09:05:54.947+00:00 host_mono_ns=2345374137321778 === DEBUG [lwip-posix]: recvfrom received packet of len 52! Bypassing to pcb->recv ===
[SEDP-RACE-RUN37] host_utc=2026-09-28T09:05:54.947+00:00 host_mono_ns=2345374137330835 
[SEDP-RACE-RUN37] host_utc=2026-09-28T09:05:54.947+00:00 host_mono_ns=2345374137339401 === DEBUG [lwip-posix]: udp_sendto called! Bypassing to POSIX sendto ===
[SEDP-RACE-RUN37] host_utc=2026-09-28T09:05:54.947+00:00 host_mono_ns=2345374137465349 
[SEDP-RACE-RUN37] host_utc=2026-09-28T09:05:54.947+00:00 host_mono_ns=2345374137475268 === DEBUG [lwip-posix]: recvfrom received packet of len 52! Bypassing to pcb->recv ===
[SEDP-RACE-RUN37] host_utc=2026-09-28T09:05:54.947+00:00 host_mono_ns=2345374137484245 
[SEDP-RACE-RUN37] host_utc=2026-09-28T09:05:54.947+00:00 host_mono_ns=2345374137492871 === DEBUG [lwip-posix]: udp_sendto called! Bypassing to POSIX sendto ===
[SEDP-RACE-RUN37] host_utc=2026-09-28T09:05:54.947+00:00 host_mono_ns=2345374137565478 
[SEDP-RACE-RUN37] host_utc=2026-09-28T09:05:54.947+00:00 host_mono_ns=2345374137575558 === DEBUG [lwip-posix]: recvfrom received packet of len 52! Bypassing to pcb->recv ===
[SEDP-RACE-RUN37] host_utc=2026-09-28T09:05:54.947+00:00 host_mono_ns=2345374137584565 
[SEDP-RACE-RUN37] host_utc=2026-09-28T09:05:54.947+00:00 host_mono_ns=2345374137593281 === DEBUG [lwip-posix]: udp_sendto called! Bypassing to POSIX sendto ===
[SEDP-RACE-RUN37] host_utc=2026-09-28T09:05:54.947+00:00 host_mono_ns=2345374137748314 
[SEDP-RACE-RUN37] host_utc=2026-09-28T09:05:54.947+00:00 host_mono_ns=2345374137758303 === DEBUG [lwip-posix]: recvfrom received packet of len 52! Bypassing to pcb->recv ===
[SEDP-RACE-RUN37] host_utc=2026-09-28T09:05:54.947+00:00 host_mono_ns=2345374137767280 
[SEDP-RACE-RUN37] host_utc=2026-09-28T09:05:54.947+00:00 host_mono_ns=2345374137775966 === DEBUG [lwip-posix]: udp_sendto called! Bypassing to POSIX sendto ===
[SEDP-RACE-RUN37] host_utc=2026-09-28T09:05:54.947+00:00 host_mono_ns=2345374137784913 
[SEDP-RACE-RUN37] host_utc=2026-09-28T09:05:54.947+00:00 host_mono_ns=2345374137795713 === DEBUG [lwip-posix]: recvfrom received packet of len 52! Bypassing to pcb->recv ===
[SEDP-RACE-RUN37] host_utc=2026-09-28T09:05:54.947+00:00 host_mono_ns=2345374137807856 
[SEDP-RACE-RUN37] host_utc=2026-09-28T09:05:54.947+00:00 host_mono_ns=2345374137816693 === DEBUG [lwip-posix]: udp_sendto called! Bypassing to POSIX sendto ===
[SEDP-RACE-RUN37] host_utc=2026-09-28T09:05:54.947+00:00 host_mono_ns=2345374138160703 
[SEDP-RACE-RUN37] host_utc=2026-09-28T09:05:54.948+00:00 host_mono_ns=2345374138175461 === DEBUG [lwip-posix]: recvfrom received packet of len 52! Bypassing to pcb->recv ===
[SEDP-RACE-RUN37] host_utc=2026-09-28T09:05:54.948+00:00 host_mono_ns=2345374138184638 
[SEDP-RACE-RUN37] host_utc=2026-09-28T09:05:54.948+00:00 host_mono_ns=2345374138193254 === DEBUG [lwip-posix]: recvfrom received packet of len 52! Bypassing to pcb->recv ===
[SEDP-RACE-RUN37] host_utc=2026-09-28T09:05:54.948+00:00 host_mono_ns=2345374138204075 
[SEDP-RACE-RUN37] host_utc=2026-09-28T09:05:54.948+00:00 host_mono_ns=2345374138215917 === DEBUG [lwip-posix]: udp_sendto called! Bypassing to POSIX sendto ===
[SEDP-RACE-RUN37] host_utc=2026-09-28T09:05:54.948+00:00 host_mono_ns=2345374138230615 
[SEDP-RACE-RUN37] host_utc=2026-09-28T09:05:54.948+00:00 host_mono_ns=2345374138239592 === DEBUG [lwip-posix]: udp_sendto called! Bypassing to POSIX sendto ===
[SEDP-RACE-RUN37] host_utc=2026-09-28T09:05:54.948+00:00 host_mono_ns=2345374138429000 
[SEDP-RACE-RUN37] host_utc=2026-09-28T09:05:54.948+00:00 host_mono_ns=2345374138439600 === DEBUG [lwip-posix]: recvfrom received packet of len 52! Bypassing to pcb->recv ===
[SEDP-RACE-RUN37] host_utc=2026-09-28T09:05:54.948+00:00 host_mono_ns=2345374138457764 
[SEDP-RACE-RUN37] host_utc=2026-09-28T09:05:54.948+00:00 host_mono_ns=2345374138466370 === DEBUG [lwip-posix]: recvfrom received packet of len 52! Bypassing to pcb->recv ===
[SEDP-RACE-RUN37] host_utc=2026-09-28T09:05:54.948+00:00 host_mono_ns=2345374138477742 
[SEDP-RACE-RUN37] host_utc=2026-09-28T09:05:54.948+00:00 host_mono_ns=2345374138489334 === DEBUG [lwip-posix]: udp_sendto called! Bypassing to POSIX sendto ===
[SEDP-RACE-RUN37] host_utc=2026-09-28T09:05:54.948+00:00 host_mono_ns=2345374138503400 
[SEDP-RACE-RUN37] host_utc=2026-09-28T09:05:54.948+00:00 host_mono_ns=2345374138512317 === DEBUG [lwip-posix]: udp_sendto called! Bypassing to POSIX sendto ===
[SEDP-RACE-RUN37] host_utc=2026-09-28T09:05:54.948+00:00 host_mono_ns=2345374138691426 
[SEDP-RACE-RUN37] host_utc=2026-09-28T09:05:54.948+00:00 host_mono_ns=2345374138702456 === DEBUG [lwip-posix]: recvfrom received packet of len 52! Bypassing to pcb->recv ===
[SEDP-RACE-RUN37] host_utc=2026-09-28T09:05:54.948+00:00 host_mono_ns=2345374138711744 
[SEDP-RACE-RUN37] host_utc=2026-09-28T09:05:54.948+00:00 host_mono_ns=2345374138720310 === DEBUG [lwip-posix]: udp_sendto called! Bypassing to POSIX sendto ===
[SEDP-RACE-RUN37] host_utc=2026-09-28T09:05:54.948+00:00 host_mono_ns=2345374138729137 
[SEDP-RACE-RUN37] host_utc=2026-09-28T09:05:54.948+00:00 host_mono_ns=2345374138738855 === DEBUG [lwip-posix]: recvfrom received packet of len 52! Bypassing to pcb->recv ===
[SEDP-RACE-RUN37] host_utc=2026-09-28T09:05:54.948+00:00 host_mono_ns=2345374138756348 
[SEDP-RACE-RUN37] host_utc=2026-09-28T09:05:54.948+00:00 host_mono_ns=2345374138765495 === DEBUG [lwip-posix]: udp_sendto called! Bypassing to POSIX sendto ===
[SEDP-RACE-RUN37] host_utc=2026-09-28T09:05:54.948+00:00 host_mono_ns=2345374139101240 
[SEDP-RACE-RUN37] host_utc=2026-09-28T09:05:54.948+00:00 host_mono_ns=2345374139116919 === DEBUG [lwip-posix]: recvfrom received packet of len 52! Bypassing to pcb->recv ===
[SEDP-RACE-RUN37] host_utc=2026-09-28T09:05:54.948+00:00 host_mono_ns=2345374139126437 
[SEDP-RACE-RUN37] host_utc=2026-09-28T09:05:54.948+00:00 host_mono_ns=2345374139135064 === DEBUG [lwip-posix]: udp_sendto called! Bypassing to POSIX sendto ===
[SEDP-RACE-RUN37] host_utc=2026-09-28T09:05:54.948+00:00 host_mono_ns=2345374139145964 
[SEDP-RACE-RUN37] host_utc=2026-09-28T09:05:54.948+00:00 host_mono_ns=2345374139157807 === DEBUG [lwip-posix]: recvfrom received packet of len 52! Bypassing to pcb->recv ===
[SEDP-RACE-RUN37] host_utc=2026-09-28T09:05:54.948+00:00 host_mono_ns=2345374139167465 
[SEDP-RACE-RUN37] host_utc=2026-09-28T09:05:54.949+00:00 host_mono_ns=2345374139176181 === DEBUG [lwip-posix]: udp_sendto called! Bypassing to POSIX sendto ===
[SEDP-RACE-RUN37] host_utc=2026-09-28T09:05:54.949+00:00 host_mono_ns=2345374139359608 
[SEDP-RACE-RUN37] host_utc=2026-09-28T09:05:54.949+00:00 host_mono_ns=2345374139369547 === DEBUG [lwip-posix]: recvfrom received packet of len 52! Bypassing to pcb->recv ===
[SEDP-RACE-RUN37] host_utc=2026-09-28T09:05:54.949+00:00 host_mono_ns=2345374139378704 
[SEDP-RACE-RUN37] host_utc=2026-09-28T09:05:54.949+00:00 host_mono_ns=2345374139387340 === DEBUG [lwip-posix]: udp_sendto called! Bypassing to POSIX sendto ===
[SEDP-RACE-RUN37] host_utc=2026-09-28T09:05:54.949+00:00 host_mono_ns=2345374139396157 
[SEDP-RACE-RUN37] host_utc=2026-09-28T09:05:54.949+00:00 host_mono_ns=2345374139406446 === DEBUG [lwip-posix]: recvfrom received packet of len 52! Bypassing to pcb->recv ===
[SEDP-RACE-RUN37] host_utc=2026-09-28T09:05:54.949+00:00 host_mono_ns=2345374139423138 
[SEDP-RACE-RUN37] host_utc=2026-09-28T09:05:54.949+00:00 host_mono_ns=2345374139432165 === DEBUG [lwip-posix]: udp_sendto called! Bypassing to POSIX sendto ===
[SEDP-RACE-RUN37] host_utc=2026-09-28T09:05:54.949+00:00 host_mono_ns=2345374139633566 
[SEDP-RACE-RUN37] host_utc=2026-09-28T09:05:54.949+00:00 host_mono_ns=2345374139644476 === DEBUG [lwip-posix]: recvfrom received packet of len 52! Bypassing to pcb->recv ===
[SEDP-RACE-RUN37] host_utc=2026-09-28T09:05:54.949+00:00 host_mono_ns=2345374139662360 
[SEDP-RACE-RUN37] host_utc=2026-09-28T09:05:54.949+00:00 host_mono_ns=2345374139671126 === DEBUG [lwip-posix]: udp_sendto called! Bypassing to POSIX sendto ===
[SEDP-RACE-RUN37] host_utc=2026-09-28T09:05:54.949+00:00 host_mono_ns=2345374139682929 
[SEDP-RACE-RUN37] host_utc=2026-09-28T09:05:54.949+00:00 host_mono_ns=2345374139694431 === DEBUG [lwip-posix]: recvfrom received packet of len 52! Bypassing to pcb->recv ===
[SEDP-RACE-RUN37] host_utc=2026-09-28T09:05:54.949+00:00 host_mono_ns=2345374139708086 
[SEDP-RACE-RUN37] host_utc=2026-09-28T09:05:54.949+00:00 host_mono_ns=2345374139716893 === DEBUG [lwip-posix]: udp_sendto called! Bypassing to POSIX sendto ===
[SEDP-RACE-RUN37] host_utc=2026-09-28T09:05:54.949+00:00 host_mono_ns=2345374139926078 
[SEDP-RACE-RUN37] host_utc=2026-09-28T09:05:54.949+00:00 host_mono_ns=2345374139936117 === DEBUG [lwip-posix]: recvfrom received packet of len 52! Bypassing to pcb->recv ===
[SEDP-RACE-RUN37] host_utc=2026-09-28T09:05:54.949+00:00 host_mono_ns=2345374139946427 
[SEDP-RACE-RUN37] host_utc=2026-09-28T09:05:54.949+00:00 host_mono_ns=2345374139955003 === DEBUG [lwip-posix]: udp_sendto called! Bypassing to POSIX sendto ===
[SEDP-RACE-RUN37] host_utc=2026-09-28T09:05:54.949+00:00 host_mono_ns=2345374139964761 
[SEDP-RACE-RUN37] host_utc=2026-09-28T09:05:54.949+00:00 host_mono_ns=2345374139976503 === DEBUG [lwip-posix]: recvfrom received packet of len 52! Bypassing to pcb->recv ===
[SEDP-RACE-RUN37] host_utc=2026-09-28T09:05:54.949+00:00 host_mono_ns=2345374139986763 
[SEDP-RACE-RUN37] host_utc=2026-09-28T09:05:54.949+00:00 host_mono_ns=2345374139995249 === DEBUG [lwip-posix]: udp_sendto called! Bypassing to POSIX sendto ===
[SEDP-RACE-RUN37] host_utc=2026-09-28T09:05:54.950+00:00 host_mono_ns=2345374140273154 
[SEDP-RACE-RUN37] host_utc=2026-09-28T09:05:54.950+00:00 host_mono_ns=2345374140287341 === DEBUG [lwip-posix]: recvfrom received packet of len 52! Bypassing to pcb->recv ===
[SEDP-RACE-RUN37] host_utc=2026-09-28T09:05:54.950+00:00 host_mono_ns=2345374140296478 
[SEDP-RACE-RUN37] host_utc=2026-09-28T09:05:54.950+00:00 host_mono_ns=2345374140305034 === DEBUG [lwip-posix]: udp_sendto called! Bypassing to POSIX sendto ===
[SEDP-RACE-RUN37] host_utc=2026-09-28T09:05:54.950+00:00 host_mono_ns=2345374140319341 
[SEDP-RACE-RUN37] host_utc=2026-09-28T09:05:54.950+00:00 host_mono_ns=2345374140331274 === DEBUG [lwip-posix]: recvfrom received packet of len 52! Bypassing to pcb->recv ===
[SEDP-RACE-RUN37] host_utc=2026-09-28T09:05:54.950+00:00 host_mono_ns=2345374140341323 
[SEDP-RACE-RUN37] host_utc=2026-09-28T09:05:54.950+00:00 host_mono_ns=2345374140349909 === DEBUG [lwip-posix]: udp_sendto called! Bypassing to POSIX sendto ===
[SEDP-RACE-RUN37] host_utc=2026-09-28T09:05:54.950+00:00 host_mono_ns=2345374140498510 
[SEDP-RACE-RUN37] host_utc=2026-09-28T09:05:54.950+00:00 host_mono_ns=2345374140508078 === DEBUG [lwip-posix]: recvfrom received packet of len 52! Bypassing to pcb->recv ===
[SEDP-RACE-RUN37] host_utc=2026-09-28T09:05:54.950+00:00 host_mono_ns=2345374140517045 
[SEDP-RACE-RUN37] host_utc=2026-09-28T09:05:54.950+00:00 host_mono_ns=2345374140526352 === DEBUG [lwip-posix]: udp_sendto called! Bypassing to POSIX sendto ===
[SEDP-RACE-RUN37] host_utc=2026-09-28T09:05:54.950+00:00 host_mono_ns=2345374140543685 
[SEDP-RACE-RUN37] host_utc=2026-09-28T09:05:54.950+00:00 host_mono_ns=2345374140556159 === DEBUG [lwip-posix]: recvfrom received packet of len 52! Bypassing to pcb->recv ===
[SEDP-RACE-RUN37] host_utc=2026-09-28T09:05:54.950+00:00 host_mono_ns=2345374140589852 
[SEDP-RACE-RUN37] host_utc=2026-09-28T09:05:54.950+00:00 host_mono_ns=2345374140600272 === DEBUG [lwip-posix]: udp_sendto called! Bypassing to POSIX sendto ===
[SEDP-RACE-RUN37] host_utc=2026-09-28T09:05:54.950+00:00 host_mono_ns=2345374140772998 
[SEDP-RACE-RUN37] host_utc=2026-09-28T09:05:54.950+00:00 host_mono_ns=2345374140782286 === DEBUG [lwip-posix]: recvfrom received packet of len 52! Bypassing to pcb->recv ===
[SEDP-RACE-RUN37] host_utc=2026-09-28T09:05:54.950+00:00 host_mono_ns=2345374140800099 
[SEDP-RACE-RUN37] host_utc=2026-09-28T09:05:54.950+00:00 host_mono_ns=2345374140808856 === DEBUG [lwip-posix]: udp_sendto called! Bypassing to POSIX sendto ===
[SEDP-RACE-RUN37] host_utc=2026-09-28T09:05:54.950+00:00 host_mono_ns=2345374140822772 
[SEDP-RACE-RUN37] host_utc=2026-09-28T09:05:54.950+00:00 host_mono_ns=2345374140831539 === DEBUG [lwip-posix]: recvfrom received packet of len 52! Bypassing to pcb->recv ===
[SEDP-RACE-RUN37] host_utc=2026-09-28T09:05:54.950+00:00 host_mono_ns=2345374140840315 
[SEDP-RACE-RUN37] host_utc=2026-09-28T09:05:54.950+00:00 host_mono_ns=2345374140848952 === DEBUG [lwip-posix]: udp_sendto called! Bypassing to POSIX sendto ===
[SEDP-RACE-RUN37] host_utc=2026-09-28T09:05:54.950+00:00 host_mono_ns=2345374140993545 
[SEDP-RACE-RUN37] host_utc=2026-09-28T09:05:54.950+00:00 host_mono_ns=2345374141014575 === DEBUG [lwip-posix]: recvfrom received packet of len 52! Bypassing to pcb->recv ===
[SEDP-RACE-RUN37] host_utc=2026-09-28T09:05:54.950+00:00 host_mono_ns=2345374141028281 
[SEDP-RACE-RUN37] host_utc=2026-09-28T09:05:54.950+00:00 host_mono_ns=2345374141037097 === DEBUG [lwip-posix]: udp_sendto called! Bypassing to POSIX sendto ===
[SEDP-RACE-RUN37] host_utc=2026-09-28T09:05:54.951+00:00 host_mono_ns=2345374141184406 
[SEDP-RACE-RUN37] host_utc=2026-09-28T09:05:54.951+00:00 host_mono_ns=2345374141193503 === DEBUG [lwip-posix]: recvfrom received packet of len 52! Bypassing to pcb->recv ===
[SEDP-RACE-RUN37] host_utc=2026-09-28T09:05:54.951+00:00 host_mono_ns=2345374141202379 
[SEDP-RACE-RUN37] host_utc=2026-09-28T09:05:54.951+00:00 host_mono_ns=2345374141210976 === DEBUG [lwip-posix]: udp_sendto called! Bypassing to POSIX sendto ===
[SEDP-RACE-RUN37] host_utc=2026-09-28T09:05:54.951+00:00 host_mono_ns=2345374141317246 
[SEDP-RACE-RUN37] host_utc=2026-09-28T09:05:54.951+00:00 host_mono_ns=2345374141326294 === DEBUG [lwip-posix]: recvfrom received packet of len 52! Bypassing to pcb->recv ===
[SEDP-RACE-RUN37] host_utc=2026-09-28T09:05:54.951+00:00 host_mono_ns=2345374141335170 
[SEDP-RACE-RUN37] host_utc=2026-09-28T09:05:54.951+00:00 host_mono_ns=2345374141343847 === DEBUG [lwip-posix]: udp_sendto called! Bypassing to POSIX sendto ===
[SEDP-RACE-RUN37] host_utc=2026-09-28T09:05:54.951+00:00 host_mono_ns=2345374141477630 
[SEDP-RACE-RUN37] host_utc=2026-09-28T09:05:54.951+00:00 host_mono_ns=2345374141486767 === DEBUG [lwip-posix]: recvfrom received packet of len 52! Bypassing to pcb->recv ===
[SEDP-RACE-RUN37] host_utc=2026-09-28T09:05:54.951+00:00 host_mono_ns=2345374141495634 
[SEDP-RACE-RUN37] host_utc=2026-09-28T09:05:54.951+00:00 host_mono_ns=2345374141504180 === DEBUG [lwip-posix]: udp_sendto called! Bypassing to POSIX sendto ===
[SEDP-RACE-RUN37] host_utc=2026-09-28T09:05:54.951+00:00 host_mono_ns=2345374141612284 
[SEDP-RACE-RUN37] host_utc=2026-09-28T09:05:54.951+00:00 host_mono_ns=2345374141621281 === DEBUG [lwip-posix]: recvfrom received packet of len 52! Bypassing to pcb->recv ===
[SEDP-RACE-RUN37] host_utc=2026-09-28T09:05:54.951+00:00 host_mono_ns=2345374141630088 
[SEDP-RACE-RUN37] host_utc=2026-09-28T09:05:54.951+00:00 host_mono_ns=2345374141638654 === DEBUG [lwip-posix]: udp_sendto called! Bypassing to POSIX sendto ===
[SEDP-RACE-RUN37] host_utc=2026-09-28T09:05:54.951+00:00 host_mono_ns=2345374141760253 
[SEDP-RACE-RUN37] host_utc=2026-09-28T09:05:54.951+00:00 host_mono_ns=2345374141769351 === DEBUG [lwip-posix]: recvfrom received packet of len 52! Bypassing to pcb->recv ===
[SEDP-RACE-RUN37] host_utc=2026-09-28T09:05:54.951+00:00 host_mono_ns=2345374141778348 
[SEDP-RACE-RUN37] host_utc=2026-09-28T09:05:54.951+00:00 host_mono_ns=2345374141786884 === DEBUG [lwip-posix]: udp_sendto called! Bypassing to POSIX sendto ===
[SEDP-RACE-RUN37] host_utc=2026-09-28T09:05:54.951+00:00 host_mono_ns=2345374141820197 
[SEDP-RACE-RUN37] host_utc=2026-09-28T09:05:54.951+00:00 host_mono_ns=2345374141829144 === DEBUG [lwip-posix]: recvfrom received packet of len 52! Bypassing to pcb->recv ===
[SEDP-RACE-RUN37] host_utc=2026-09-28T09:05:54.951+00:00 host_mono_ns=2345374141838091 
[SEDP-RACE-RUN37] host_utc=2026-09-28T09:05:54.951+00:00 host_mono_ns=2345374141859771 === DEBUG [lwip-posix]: udp_sendto called! Bypassing to POSIX sendto ===
[SEDP-RACE-RUN37] host_utc=2026-09-28T09:05:54.951+00:00 host_mono_ns=2345374142054299 
[SEDP-RACE-RUN37] host_utc=2026-09-28T09:05:54.951+00:00 host_mono_ns=2345374142069939 === DEBUG [lwip-posix]: recvfrom received packet of len 52! Bypassing to pcb->recv ===
[SEDP-RACE-RUN37] host_utc=2026-09-28T09:05:54.951+00:00 host_mono_ns=2345374142079206 
[SEDP-RACE-RUN37] host_utc=2026-09-28T09:05:54.951+00:00 host_mono_ns=2345374142087812 === DEBUG [lwip-posix]: recvfrom received packet of len 52! Bypassing to pcb->recv ===
[SEDP-RACE-RUN37] host_utc=2026-09-28T09:05:54.951+00:00 host_mono_ns=2345374142096719 
[SEDP-RACE-RUN37] host_utc=2026-09-28T09:05:54.951+00:00 host_mono_ns=2345374142105295 === DEBUG [lwip-posix]: udp_sendto called! Bypassing to POSIX sendto ===
[SEDP-RACE-RUN37] host_utc=2026-09-28T09:05:54.951+00:00 host_mono_ns=2345374142118530 
[SEDP-RACE-RUN37] host_utc=2026-09-28T09:05:54.951+00:00 host_mono_ns=2345374142127417 === DEBUG [lwip-posix]: udp_sendto called! Bypassing to POSIX sendto ===
[SEDP-RACE-RUN37] host_utc=2026-09-28T09:05:54.952+00:00 host_mono_ns=2345374142416604 
[SEDP-RACE-RUN37] host_utc=2026-09-28T09:05:54.952+00:00 host_mono_ns=2345374142425601 === DEBUG [lwip-posix]: recvfrom received packet of len 52! Bypassing to pcb->recv ===
[SEDP-RACE-RUN37] host_utc=2026-09-28T09:05:54.952+00:00 host_mono_ns=2345374142434497 
[SEDP-RACE-RUN37] host_utc=2026-09-28T09:05:54.952+00:00 host_mono_ns=2345374142443134 === DEBUG [lwip-posix]: udp_sendto called! Bypassing to POSIX sendto ===
[SEDP-RACE-RUN37] host_utc=2026-09-28T09:05:54.952+00:00 host_mono_ns=2345374142723834 
[SEDP-RACE-RUN37] host_utc=2026-09-28T09:05:54.952+00:00 host_mono_ns=2345374142732801 === DEBUG [lwip-posix]: recvfrom received packet of len 52! Bypassing to pcb->recv ===
[SEDP-RACE-RUN37] host_utc=2026-09-28T09:05:54.952+00:00 host_mono_ns=2345374142741567 
[SEDP-RACE-RUN37] host_utc=2026-09-28T09:05:54.952+00:00 host_mono_ns=2345374142750084 === DEBUG [lwip-posix]: udp_sendto called! Bypassing to POSIX sendto ===
[SEDP-RACE-RUN37] host_utc=2026-09-28T09:05:54.952+00:00 host_mono_ns=2345374142762737 
[SEDP-RACE-RUN37] host_utc=2026-09-28T09:05:54.952+00:00 host_mono_ns=2345374142771534 === DEBUG [lwip-posix]: recvfrom received packet of len 52! Bypassing to pcb->recv ===
[SEDP-RACE-RUN37] host_utc=2026-09-28T09:05:54.952+00:00 host_mono_ns=2345374142783978 
[SEDP-RACE-RUN37] host_utc=2026-09-28T09:05:54.952+00:00 host_mono_ns=2345374142792794 === DEBUG [lwip-posix]: udp_sendto called! Bypassing to POSIX sendto ===
[SEDP-RACE-RUN37] host_utc=2026-09-28T09:05:54.952+00:00 host_mono_ns=2345374143110464 
[SEDP-RACE-RUN37] host_utc=2026-09-28T09:05:54.952+00:00 host_mono_ns=2345374143123860 === DEBUG [lwip-posix]: recvfrom received packet of len 52! Bypassing to pcb->recv ===
[SEDP-RACE-RUN37] host_utc=2026-09-28T09:05:54.952+00:00 host_mono_ns=2345374143137015 
[SEDP-RACE-RUN37] host_utc=2026-09-28T09:05:54.952+00:00 host_mono_ns=2345374143145881 === DEBUG [lwip-posix]: udp_sendto called! Bypassing to POSIX sendto ===
[SEDP-RACE-RUN37] host_utc=2026-09-28T09:05:54.952+00:00 host_mono_ns=2345374143154698 
[SEDP-RACE-RUN37] host_utc=2026-09-28T09:05:54.952+00:00 host_mono_ns=2345374143163214 === DEBUG [lwip-posix]: recvfrom received packet of len 52! Bypassing to pcb->recv ===
[SEDP-RACE-RUN37] host_utc=2026-09-28T09:05:54.953+00:00 host_mono_ns=2345374143175908 
[SEDP-RACE-RUN37] host_utc=2026-09-28T09:05:54.953+00:00 host_mono_ns=2345374143184604 === DEBUG [lwip-posix]: udp_sendto called! Bypassing to POSIX sendto ===
[SEDP-RACE-RUN37] host_utc=2026-09-28T09:05:54.953+00:00 host_mono_ns=2345374143334738 
[SEDP-RACE-RUN37] host_utc=2026-09-28T09:05:54.953+00:00 host_mono_ns=2345374143343795 === DEBUG [lwip-posix]: recvfrom received packet of len 52! Bypassing to pcb->recv ===
[SEDP-RACE-RUN37] host_utc=2026-09-28T09:05:54.953+00:00 host_mono_ns=2345374143356229 
[SEDP-RACE-RUN37] host_utc=2026-09-28T09:05:54.953+00:00 host_mono_ns=2345374143373271 === DEBUG [lwip-posix]: udp_sendto called! Bypassing to POSIX sendto ===
[SEDP-RACE-RUN37] host_utc=2026-09-28T09:05:54.953+00:00 host_mono_ns=2345374143490402 
[SEDP-RACE-RUN37] host_utc=2026-09-28T09:05:54.953+00:00 host_mono_ns=2345374143499529 === DEBUG [lwip-posix]: recvfrom received packet of len 52! Bypassing to pcb->recv ===
[SEDP-RACE-RUN37] host_utc=2026-09-28T09:05:54.953+00:00 host_mono_ns=2345374143508486 
[SEDP-RACE-RUN37] host_utc=2026-09-28T09:05:54.953+00:00 host_mono_ns=2345374143517013 === DEBUG [lwip-posix]: udp_sendto called! Bypassing to POSIX sendto ===
[SEDP-RACE-RUN37] host_utc=2026-09-28T09:05:54.953+00:00 host_mono_ns=2345374143599278 
[SEDP-RACE-RUN37] host_utc=2026-09-28T09:05:54.953+00:00 host_mono_ns=2345374143608335 === DEBUG [lwip-posix]: recvfrom received packet of len 52! Bypassing to pcb->recv ===
[SEDP-RACE-RUN37] host_utc=2026-09-28T09:05:54.953+00:00 host_mono_ns=2345374143617222 
[SEDP-RACE-RUN37] host_utc=2026-09-28T09:05:54.953+00:00 host_mono_ns=2345374143625768 === DEBUG [lwip-posix]: udp_sendto called! Bypassing to POSIX sendto ===
[SEDP-RACE-RUN37] host_utc=2026-09-28T09:05:54.953+00:00 host_mono_ns=2345374143878305 
[SEDP-RACE-RUN37] host_utc=2026-09-28T09:05:54.953+00:00 host_mono_ns=2345374143887462 === DEBUG [lwip-posix]: recvfrom received packet of len 52! Bypassing to pcb->recv ===
[SEDP-RACE-RUN37] host_utc=2026-09-28T09:05:54.953+00:00 host_mono_ns=2345374143896279 
[SEDP-RACE-RUN37] host_utc=2026-09-28T09:05:54.953+00:00 host_mono_ns=2345374143904845 === DEBUG [lwip-posix]: udp_sendto called! Bypassing to POSIX sendto ===
[SEDP-RACE-RUN37] host_utc=2026-09-28T09:05:54.953+00:00 host_mono_ns=2345374144029030 
[SEDP-RACE-RUN37] host_utc=2026-09-28T09:05:54.953+00:00 host_mono_ns=2345374144041624 === DEBUG [lwip-posix]: recvfrom received packet of len 52! Bypassing to pcb->recv ===
[SEDP-RACE-RUN37] host_utc=2026-09-28T09:05:54.953+00:00 host_mono_ns=2345374144050530 
[SEDP-RACE-RUN37] host_utc=2026-09-28T09:05:54.953+00:00 host_mono_ns=2345374144059127 === DEBUG [lwip-posix]: udp_sendto called! Bypassing to POSIX sendto ===
[SEDP-RACE-RUN37] host_utc=2026-09-28T09:05:54.954+00:00 host_mono_ns=2345374144248524 
[SEDP-RACE-RUN37] host_utc=2026-09-28T09:05:54.954+00:00 host_mono_ns=2345374144257662 === DEBUG [lwip-posix]: recvfrom received packet of len 52! Bypassing to pcb->recv ===
[SEDP-RACE-RUN37] host_utc=2026-09-28T09:05:54.954+00:00 host_mono_ns=2345374144266488 
[SEDP-RACE-RUN37] host_utc=2026-09-28T09:05:54.954+00:00 host_mono_ns=2345374144275065 === DEBUG [lwip-posix]: udp_sendto called! Bypassing to POSIX sendto ===
[SEDP-RACE-RUN37] host_utc=2026-09-28T09:05:54.954+00:00 host_mono_ns=2345374144283751 
[SEDP-RACE-RUN37] host_utc=2026-09-28T09:05:54.954+00:00 host_mono_ns=2345374144292247 === DEBUG [lwip-posix]: recvfrom received packet of len 52! Bypassing to pcb->recv ===
[SEDP-RACE-RUN37] host_utc=2026-09-28T09:05:54.954+00:00 host_mono_ns=2345374144300913 
[SEDP-RACE-RUN37] host_utc=2026-09-28T09:05:54.954+00:00 host_mono_ns=2345374144309450 === DEBUG [lwip-posix]: udp_sendto called! Bypassing to POSIX sendto ===
[SEDP-RACE-RUN37] host_utc=2026-09-28T09:05:54.954+00:00 host_mono_ns=2345374144458701 
[SEDP-RACE-RUN37] host_utc=2026-09-28T09:05:54.954+00:00 host_mono_ns=2345374144467728 === DEBUG [lwip-posix]: recvfrom received packet of len 52! Bypassing to pcb->recv ===
[SEDP-RACE-RUN37] host_utc=2026-09-28T09:05:54.954+00:00 host_mono_ns=2345374144476545 
[SEDP-RACE-RUN37] host_utc=2026-09-28T09:05:54.954+00:00 host_mono_ns=2345374144485041 === DEBUG [lwip-posix]: udp_sendto called! Bypassing to POSIX sendto ===
[SEDP-RACE-RUN37] host_utc=2026-09-28T09:05:54.954+00:00 host_mono_ns=2345374144493698 
[SEDP-RACE-RUN37] host_utc=2026-09-28T09:05:54.954+00:00 host_mono_ns=2345374144502344 === DEBUG [lwip-posix]: recvfrom received packet of len 52! Bypassing to pcb->recv ===
[SEDP-RACE-RUN37] host_utc=2026-09-28T09:05:54.954+00:00 host_mono_ns=2345374144511050 
[SEDP-RACE-RUN37] host_utc=2026-09-28T09:05:54.954+00:00 host_mono_ns=2345374144527632 === DEBUG [lwip-posix]: udp_sendto called! Bypassing to POSIX sendto ===
[SEDP-RACE-RUN37] host_utc=2026-09-28T09:05:54.954+00:00 host_mono_ns=2345374144889074 
[SEDP-RACE-RUN37] host_utc=2026-09-28T09:05:54.954+00:00 host_mono_ns=2345374144898172 === DEBUG [lwip-posix]: recvfrom received packet of len 52! Bypassing to pcb->recv ===
[SEDP-RACE-RUN37] host_utc=2026-09-28T09:05:54.954+00:00 host_mono_ns=2345374144906988 
[SEDP-RACE-RUN37] host_utc=2026-09-28T09:05:54.954+00:00 host_mono_ns=2345374144915604 === DEBUG [lwip-posix]: udp_sendto called! Bypassing to POSIX sendto ===
[SEDP-RACE-RUN37] host_utc=2026-09-28T09:05:54.954+00:00 host_mono_ns=2345374144924291 
[SEDP-RACE-RUN37] host_utc=2026-09-28T09:05:54.954+00:00 host_mono_ns=2345374144932797 === DEBUG [lwip-posix]: recvfrom received packet of len 52! Bypassing to pcb->recv ===
[SEDP-RACE-RUN37] host_utc=2026-09-28T09:05:54.954+00:00 host_mono_ns=2345374144945401 
[SEDP-RACE-RUN37] host_utc=2026-09-28T09:05:54.954+00:00 host_mono_ns=2345374144953997 === DEBUG [lwip-posix]: udp_sendto called! Bypassing to POSIX sendto ===
[SEDP-RACE-RUN37] host_utc=2026-09-28T09:05:54.955+00:00 host_mono_ns=2345374145272879 
[SEDP-RACE-RUN37] host_utc=2026-09-28T09:05:54.955+00:00 host_mono_ns=2345374145285804 === DEBUG [lwip-posix]: recvfrom received packet of len 52! Bypassing to pcb->recv ===
[SEDP-RACE-RUN37] host_utc=2026-09-28T09:05:54.955+00:00 host_mono_ns=2345374145294931 
[SEDP-RACE-RUN37] host_utc=2026-09-28T09:05:54.955+00:00 host_mono_ns=2345374145303597 === DEBUG [lwip-posix]: udp_sendto called! Bypassing to POSIX sendto ===
[SEDP-RACE-RUN37] host_utc=2026-09-28T09:05:54.955+00:00 host_mono_ns=2345374145365795 
[SEDP-RACE-RUN37] host_utc=2026-09-28T09:05:54.955+00:00 host_mono_ns=2345374145374942 === DEBUG [lwip-posix]: recvfrom received packet of len 52! Bypassing to pcb->recv ===
[SEDP-RACE-RUN37] host_utc=2026-09-28T09:05:54.955+00:00 host_mono_ns=2345374145383659 
[SEDP-RACE-RUN37] host_utc=2026-09-28T09:05:54.955+00:00 host_mono_ns=2345374145392265 === DEBUG [lwip-posix]: udp_sendto called! Bypassing to POSIX sendto ===
[SEDP-RACE-RUN37] host_utc=2026-09-28T09:05:54.955+00:00 host_mono_ns=2345374145425528 
[SEDP-RACE-RUN37] host_utc=2026-09-28T09:05:54.955+00:00 host_mono_ns=2345374145434585 === DEBUG [lwip-posix]: recvfrom received packet of len 52! Bypassing to pcb->recv ===
[SEDP-RACE-RUN37] host_utc=2026-09-28T09:05:54.955+00:00 host_mono_ns=2345374145443392 
[SEDP-RACE-RUN37] host_utc=2026-09-28T09:05:54.955+00:00 host_mono_ns=2345374145452008 === DEBUG [lwip-posix]: udp_sendto called! Bypassing to POSIX sendto ===
[SEDP-RACE-RUN37] host_utc=2026-09-28T09:05:54.955+00:00 host_mono_ns=2345374145594036 
[SEDP-RACE-RUN37] host_utc=2026-09-28T09:05:54.955+00:00 host_mono_ns=2345374145603013 === DEBUG [lwip-posix]: recvfrom received packet of len 52! Bypassing to pcb->recv ===
[SEDP-RACE-RUN37] host_utc=2026-09-28T09:05:54.955+00:00 host_mono_ns=2345374145611880 
[SEDP-RACE-RUN37] host_utc=2026-09-28T09:05:54.955+00:00 host_mono_ns=2345374145620436 === DEBUG [lwip-posix]: udp_sendto called! Bypassing to POSIX sendto ===
[SEDP-RACE-RUN37] host_utc=2026-09-28T09:05:54.955+00:00 host_mono_ns=2345374145717069 
[SEDP-RACE-RUN37] host_utc=2026-09-28T09:05:54.955+00:00 host_mono_ns=2345374145726096 === DEBUG [lwip-posix]: recvfrom received packet of len 52! Bypassing to pcb->recv ===
[SEDP-RACE-RUN37] host_utc=2026-09-28T09:05:54.955+00:00 host_mono_ns=2345374145734982 
[SEDP-RACE-RUN37] host_utc=2026-09-28T09:05:54.955+00:00 host_mono_ns=2345374145743559 === DEBUG [lwip-posix]: udp_sendto called! Bypassing to POSIX sendto ===
[SEDP-RACE-RUN37] host_utc=2026-09-28T09:05:54.955+00:00 host_mono_ns=2345374145756072 
[SEDP-RACE-RUN37] host_utc=2026-09-28T09:05:54.955+00:00 host_mono_ns=2345374145764779 === DEBUG [lwip-posix]: recvfrom received packet of len 52! Bypassing to pcb->recv ===
[SEDP-RACE-RUN37] host_utc=2026-09-28T09:05:54.955+00:00 host_mono_ns=2345374145773505 
[SEDP-RACE-RUN37] host_utc=2026-09-28T09:05:54.955+00:00 host_mono_ns=2345374145789836 === DEBUG [lwip-posix]: udp_sendto called! Bypassing to POSIX sendto ===
[SEDP-RACE-RUN37] host_utc=2026-09-28T09:05:54.955+00:00 host_mono_ns=2345374145947724 
[SEDP-RACE-RUN37] host_utc=2026-09-28T09:05:54.955+00:00 host_mono_ns=2345374145956761 === DEBUG [lwip-posix]: recvfrom received packet of len 52! Bypassing to pcb->recv ===
[SEDP-RACE-RUN37] host_utc=2026-09-28T09:05:54.955+00:00 host_mono_ns=2345374145965448 
[SEDP-RACE-RUN37] host_utc=2026-09-28T09:05:54.955+00:00 host_mono_ns=2345374145973984 === DEBUG [lwip-posix]: udp_sendto called! Bypassing to POSIX sendto ===
[SEDP-RACE-RUN37] host_utc=2026-09-28T09:05:54.955+00:00 host_mono_ns=2345374146030601 
[SEDP-RACE-RUN37] host_utc=2026-09-28T09:05:54.955+00:00 host_mono_ns=2345374146045990 === DEBUG [lwip-posix]: recvfrom received packet of len 52! Bypassing to pcb->recv ===
[SEDP-RACE-RUN37] host_utc=2026-09-28T09:05:54.955+00:00 host_mono_ns=2345374146055007 
[SEDP-RACE-RUN37] host_utc=2026-09-28T09:05:54.955+00:00 host_mono_ns=2345374146063623 === DEBUG [lwip-posix]: udp_sendto called! Bypassing to POSIX sendto ===
[SEDP-RACE-RUN37] host_utc=2026-09-28T09:05:54.956+00:00 host_mono_ns=2345374146233875 
[SEDP-RACE-RUN37] host_utc=2026-09-28T09:05:54.956+00:00 host_mono_ns=2345374146243123 === DEBUG [lwip-posix]: recvfrom received packet of len 52! Bypassing to pcb->recv ===
[SEDP-RACE-RUN37] host_utc=2026-09-28T09:05:54.956+00:00 host_mono_ns=2345374146251919 
[SEDP-RACE-RUN37] host_utc=2026-09-28T09:05:54.956+00:00 host_mono_ns=2345374146260585 === DEBUG [lwip-posix]: udp_sendto called! Bypassing to POSIX sendto ===
[SEDP-RACE-RUN37] host_utc=2026-09-28T09:05:54.956+00:00 host_mono_ns=2345374146269272 
[SEDP-RACE-RUN37] host_utc=2026-09-28T09:05:54.956+00:00 host_mono_ns=2345374146277768 === DEBUG [lwip-posix]: recvfrom received packet of len 52! Bypassing to pcb->recv ===
[SEDP-RACE-RUN37] host_utc=2026-09-28T09:05:54.956+00:00 host_mono_ns=2345374146286434 
[SEDP-RACE-RUN37] host_utc=2026-09-28T09:05:54.956+00:00 host_mono_ns=2345374146294930 === DEBUG [lwip-posix]: udp_sendto called! Bypassing to POSIX sendto ===
[SEDP-RACE-RUN37] host_utc=2026-09-28T09:05:54.956+00:00 host_mono_ns=2345374146429324 
[SEDP-RACE-RUN37] host_utc=2026-09-28T09:05:54.956+00:00 host_mono_ns=2345374146438482 === DEBUG [lwip-posix]: recvfrom received packet of len 52! Bypassing to pcb->recv ===
[SEDP-RACE-RUN37] host_utc=2026-09-28T09:05:54.956+00:00 host_mono_ns=2345374146447318 
[SEDP-RACE-RUN37] host_utc=2026-09-28T09:05:54.956+00:00 host_mono_ns=2345374146455844 === DEBUG [lwip-posix]: udp_sendto called! Bypassing to POSIX sendto ===
[SEDP-RACE-RUN37] host_utc=2026-09-28T09:05:54.956+00:00 host_mono_ns=2345374146464591 
[SEDP-RACE-RUN37] host_utc=2026-09-28T09:05:54.956+00:00 host_mono_ns=2345374146473137 === DEBUG [lwip-posix]: recvfrom received packet of len 52! Bypassing to pcb->recv ===
[SEDP-RACE-RUN37] host_utc=2026-09-28T09:05:54.956+00:00 host_mono_ns=2345374146481813 
[SEDP-RACE-RUN37] host_utc=2026-09-28T09:05:54.956+00:00 host_mono_ns=2345374146490340 === DEBUG [lwip-posix]: udp_sendto called! Bypassing to POSIX sendto ===
[SEDP-RACE-RUN37] host_utc=2026-09-28T09:05:54.956+00:00 host_mono_ns=2345374146758947 
[SEDP-RACE-RUN37] host_utc=2026-09-28T09:05:54.956+00:00 host_mono_ns=2345374146769106 === DEBUG [lwip-posix]: recvfrom received packet of len 52! Bypassing to pcb->recv ===
[SEDP-RACE-RUN37] host_utc=2026-09-28T09:05:54.956+00:00 host_mono_ns=2345374146778304 
[SEDP-RACE-RUN37] host_utc=2026-09-28T09:05:54.956+00:00 host_mono_ns=2345374146787862 === DEBUG [lwip-posix]: udp_sendto called! Bypassing to POSIX sendto ===
[SEDP-RACE-RUN37] host_utc=2026-09-28T09:05:54.956+00:00 host_mono_ns=2345374146796448 
[SEDP-RACE-RUN37] host_utc=2026-09-28T09:05:54.956+00:00 host_mono_ns=2345374146804914 === DEBUG [lwip-posix]: recvfrom received packet of len 52! Bypassing to pcb->recv ===
[SEDP-RACE-RUN37] host_utc=2026-09-28T09:05:54.956+00:00 host_mono_ns=2345374146813610 
[SEDP-RACE-RUN37] host_utc=2026-09-28T09:05:54.956+00:00 host_mono_ns=2345374146830312 === DEBUG [lwip-posix]: udp_sendto called! Bypassing to POSIX sendto ===
[SEDP-RACE-RUN37] host_utc=2026-09-28T09:05:54.956+00:00 host_mono_ns=2345374146935100 
[SEDP-RACE-RUN37] host_utc=2026-09-28T09:05:54.956+00:00 host_mono_ns=2345374146944237 === DEBUG [lwip-posix]: recvfrom received packet of len 52! Bypassing to pcb->recv ===
[SEDP-RACE-RUN37] host_utc=2026-09-28T09:05:54.956+00:00 host_mono_ns=2345374146952924 
[SEDP-RACE-RUN37] host_utc=2026-09-28T09:05:54.956+00:00 host_mono_ns=2345374146961480 === DEBUG [lwip-posix]: udp_sendto called! Bypassing to POSIX sendto ===
[SEDP-RACE-RUN37] host_utc=2026-09-28T09:05:54.956+00:00 host_mono_ns=2345374147016975 
[SEDP-RACE-RUN37] host_utc=2026-09-28T09:05:54.956+00:00 host_mono_ns=2345374147029979 === DEBUG [lwip-posix]: recvfrom received packet of len 52! Bypassing to pcb->recv ===
[SEDP-RACE-RUN37] host_utc=2026-09-28T09:05:54.956+00:00 host_mono_ns=2345374147038896 
[SEDP-RACE-RUN37] host_utc=2026-09-28T09:05:54.956+00:00 host_mono_ns=2345374147047492 === DEBUG [lwip-posix]: udp_sendto called! Bypassing to POSIX sendto ===
[SEDP-RACE-RUN37] host_utc=2026-09-28T09:05:54.957+00:00 host_mono_ns=2345374147247250 
[SEDP-RACE-RUN37] host_utc=2026-09-28T09:05:54.957+00:00 host_mono_ns=2345374147256166 === DEBUG [lwip-posix]: recvfrom received packet of len 52! Bypassing to pcb->recv ===
[SEDP-RACE-RUN37] host_utc=2026-09-28T09:05:54.957+00:00 host_mono_ns=2345374147264883 
[SEDP-RACE-RUN37] host_utc=2026-09-28T09:05:54.957+00:00 host_mono_ns=2345374147273449 === DEBUG [lwip-posix]: udp_sendto called! Bypassing to POSIX sendto ===
[SEDP-RACE-RUN37] host_utc=2026-09-28T09:05:54.957+00:00 host_mono_ns=2345374147375201 
[SEDP-RACE-RUN37] host_utc=2026-09-28T09:05:54.957+00:00 host_mono_ns=2345374147384188 === DEBUG [lwip-posix]: recvfrom received packet of len 52! Bypassing to pcb->recv ===
[SEDP-RACE-RUN37] host_utc=2026-09-28T09:05:54.957+00:00 host_mono_ns=2345374147392915 
[SEDP-RACE-RUN37] host_utc=2026-09-28T09:05:54.957+00:00 host_mono_ns=2345374147401471 === DEBUG [lwip-posix]: udp_sendto called! Bypassing to POSIX sendto ===
[SEDP-RACE-RUN37] host_utc=2026-09-28T09:05:54.957+00:00 host_mono_ns=2345374147551975 
[SEDP-RACE-RUN37] host_utc=2026-09-28T09:05:54.957+00:00 host_mono_ns=2345374147560822 === DEBUG [lwip-posix]: recvfrom received packet of len 52! Bypassing to pcb->recv ===
[SEDP-RACE-RUN37] host_utc=2026-09-28T09:05:54.957+00:00 host_mono_ns=2345374147569619 
[SEDP-RACE-RUN37] host_utc=2026-09-28T09:05:54.957+00:00 host_mono_ns=2345374147578145 === DEBUG [lwip-posix]: udp_sendto called! Bypassing to POSIX sendto ===
[SEDP-RACE-RUN37] host_utc=2026-09-28T09:05:54.957+00:00 host_mono_ns=2345374147701798 
[SEDP-RACE-RUN37] host_utc=2026-09-28T09:05:54.957+00:00 host_mono_ns=2345374147710755 === DEBUG [lwip-posix]: recvfrom received packet of len 52! Bypassing to pcb->recv ===
[SEDP-RACE-RUN37] host_utc=2026-09-28T09:05:54.957+00:00 host_mono_ns=2345374147719502 
[SEDP-RACE-RUN37] host_utc=2026-09-28T09:05:54.957+00:00 host_mono_ns=2345374147728038 === DEBUG [lwip-posix]: udp_sendto called! Bypassing to POSIX sendto ===
[SEDP-RACE-RUN37] host_utc=2026-09-28T09:05:54.957+00:00 host_mono_ns=2345374147820783 
[SEDP-RACE-RUN37] host_utc=2026-09-28T09:05:54.957+00:00 host_mono_ns=2345374147829750 === DEBUG [lwip-posix]: recvfrom received packet of len 52! Bypassing to pcb->recv ===
[SEDP-RACE-RUN37] host_utc=2026-09-28T09:05:54.957+00:00 host_mono_ns=2345374147838597 
[SEDP-RACE-RUN37] host_utc=2026-09-28T09:05:54.957+00:00 host_mono_ns=2345374147847143 === DEBUG [lwip-posix]: udp_sendto called! Bypassing to POSIX sendto ===
[SEDP-RACE-RUN37] host_utc=2026-09-28T09:05:54.957+00:00 host_mono_ns=2345374147914029 
[SEDP-RACE-RUN37] host_utc=2026-09-28T09:05:54.957+00:00 host_mono_ns=2345374147923026 === DEBUG [lwip-posix]: recvfrom received packet of len 52! Bypassing to pcb->recv ===
[SEDP-RACE-RUN37] host_utc=2026-09-28T09:05:54.957+00:00 host_mono_ns=2345374147931813 
[SEDP-RACE-RUN37] host_utc=2026-09-28T09:05:54.957+00:00 host_mono_ns=2345374147940429 === DEBUG [lwip-posix]: udp_sendto called! Bypassing to POSIX sendto ===
[SEDP-RACE-RUN37] host_utc=2026-09-28T09:05:54.958+00:00 host_mono_ns=2345374148183859 
[SEDP-RACE-RUN37] host_utc=2026-09-28T09:05:54.958+00:00 host_mono_ns=2345374148197335 === DEBUG [lwip-posix]: recvfrom received packet of len 52! Bypassing to pcb->recv ===
[SEDP-RACE-RUN37] host_utc=2026-09-28T09:05:54.958+00:00 host_mono_ns=2345374148206422 
[SEDP-RACE-RUN37] host_utc=2026-09-28T09:05:54.958+00:00 host_mono_ns=2345374148215098 === DEBUG [lwip-posix]: udp_sendto called! Bypassing to POSIX sendto ===
[SEDP-RACE-RUN37] host_utc=2026-09-28T09:05:54.958+00:00 host_mono_ns=2345374148223795 
[SEDP-RACE-RUN37] host_utc=2026-09-28T09:05:54.958+00:00 host_mono_ns=2345374148232291 === DEBUG [lwip-posix]: recvfrom received packet of len 52! Bypassing to pcb->recv ===
[SEDP-RACE-RUN37] host_utc=2026-09-28T09:05:54.958+00:00 host_mono_ns=2345374148240997 
[SEDP-RACE-RUN37] host_utc=2026-09-28T09:05:54.958+00:00 host_mono_ns=2345374148249493 === DEBUG [lwip-posix]: udp_sendto called! Bypassing to POSIX sendto ===
[SEDP-RACE-RUN37] host_utc=2026-09-28T09:05:54.958+00:00 host_mono_ns=2345374148469579 
[SEDP-RACE-RUN37] host_utc=2026-09-28T09:05:54.958+00:00 host_mono_ns=2345374148478726 === DEBUG [lwip-posix]: recvfrom received packet of len 52! Bypassing to pcb->recv ===
[SEDP-RACE-RUN37] host_utc=2026-09-28T09:05:54.958+00:00 host_mono_ns=2345374148487533 
[SEDP-RACE-RUN37] host_utc=2026-09-28T09:05:54.958+00:00 host_mono_ns=2345374148496099 === DEBUG [lwip-posix]: udp_sendto called! Bypassing to POSIX sendto ===
[SEDP-RACE-RUN37] host_utc=2026-09-28T09:05:54.958+00:00 host_mono_ns=2345374148504705 
[SEDP-RACE-RUN37] host_utc=2026-09-28T09:05:54.958+00:00 host_mono_ns=2345374148513101 === DEBUG [lwip-posix]: recvfrom received packet of len 52! Bypassing to pcb->recv ===
[SEDP-RACE-RUN37] host_utc=2026-09-28T09:05:54.958+00:00 host_mono_ns=2345374148521727 
[SEDP-RACE-RUN37] host_utc=2026-09-28T09:05:54.958+00:00 host_mono_ns=2345374148530244 === DEBUG [lwip-posix]: udp_sendto called! Bypassing to POSIX sendto ===
[SEDP-RACE-RUN37] host_utc=2026-09-28T09:05:54.958+00:00 host_mono_ns=2345374148805524 
[SEDP-RACE-RUN37] host_utc=2026-09-28T09:05:54.958+00:00 host_mono_ns=2345374148814521 === DEBUG [lwip-posix]: recvfrom received packet of len 52! Bypassing to pcb->recv ===
[SEDP-RACE-RUN37] host_utc=2026-09-28T09:05:54.958+00:00 host_mono_ns=2345374148823247 
[SEDP-RACE-RUN37] host_utc=2026-09-28T09:05:54.958+00:00 host_mono_ns=2345374148831743 === DEBUG [lwip-posix]: udp_sendto called! Bypassing to POSIX sendto ===
[SEDP-RACE-RUN37] host_utc=2026-09-28T09:05:54.958+00:00 host_mono_ns=2345374148901515 
[SEDP-RACE-RUN37] host_utc=2026-09-28T09:05:54.958+00:00 host_mono_ns=2345374148910592 === DEBUG [lwip-posix]: recvfrom received packet of len 52! Bypassing to pcb->recv ===
[SEDP-RACE-RUN37] host_utc=2026-09-28T09:05:54.958+00:00 host_mono_ns=2345374148919389 
[SEDP-RACE-RUN37] host_utc=2026-09-28T09:05:54.958+00:00 host_mono_ns=2345374148927955 === DEBUG [lwip-posix]: udp_sendto called! Bypassing to POSIX sendto ===
[SEDP-RACE-RUN37] host_utc=2026-09-28T09:05:54.958+00:00 host_mono_ns=2345374149163951 
[SEDP-RACE-RUN37] host_utc=2026-09-28T09:05:54.959+00:00 host_mono_ns=2345374149176515 === DEBUG [lwip-posix]: recvfrom received packet of len 52! Bypassing to pcb->recv ===
[SEDP-RACE-RUN37] host_utc=2026-09-28T09:05:54.959+00:00 host_mono_ns=2345374149185361 
[SEDP-RACE-RUN37] host_utc=2026-09-28T09:05:54.959+00:00 host_mono_ns=2345374149193958 === DEBUG [lwip-posix]: udp_sendto called! Bypassing to POSIX sendto ===
[SEDP-RACE-RUN37] host_utc=2026-09-28T09:05:54.959+00:00 host_mono_ns=2345374149292143 
[SEDP-RACE-RUN37] host_utc=2026-09-28T09:05:54.959+00:00 host_mono_ns=2345374149301120 === DEBUG [lwip-posix]: recvfrom received packet of len 52! Bypassing to pcb->recv ===
[SEDP-RACE-RUN37] host_utc=2026-09-28T09:05:54.959+00:00 host_mono_ns=2345374149309887 
[SEDP-RACE-RUN37] host_utc=2026-09-28T09:05:54.959+00:00 host_mono_ns=2345374149318453 === DEBUG [lwip-posix]: udp_sendto called! Bypassing to POSIX sendto ===
[SEDP-RACE-RUN37] host_utc=2026-09-28T09:05:54.959+00:00 host_mono_ns=2345374149365632 
[SEDP-RACE-RUN37] host_utc=2026-09-28T09:05:54.959+00:00 host_mono_ns=2345374149374929 === DEBUG [lwip-posix]: recvfrom received packet of len 52! Bypassing to pcb->recv ===
[SEDP-RACE-RUN37] host_utc=2026-09-28T09:05:54.959+00:00 host_mono_ns=2345374149383746 
[SEDP-RACE-RUN37] host_utc=2026-09-28T09:05:54.959+00:00 host_mono_ns=2345374149392302 === DEBUG [lwip-posix]: udp_sendto called! Bypassing to POSIX sendto ===
[SEDP-RACE-RUN37] host_utc=2026-09-28T09:05:54.959+00:00 host_mono_ns=2345374149575108 
[SEDP-RACE-RUN37] host_utc=2026-09-28T09:05:54.959+00:00 host_mono_ns=2345374149584155 === DEBUG [lwip-posix]: recvfrom received packet of len 52! Bypassing to pcb->recv ===
[SEDP-RACE-RUN37] host_utc=2026-09-28T09:05:54.959+00:00 host_mono_ns=2345374149592921 
[SEDP-RACE-RUN37] host_utc=2026-09-28T09:05:54.959+00:00 host_mono_ns=2345374149601477 === DEBUG [lwip-posix]: udp_sendto called! Bypassing to POSIX sendto ===
[SEDP-RACE-RUN37] host_utc=2026-09-28T09:05:54.959+00:00 host_mono_ns=2345374149610214 
[SEDP-RACE-RUN37] host_utc=2026-09-28T09:05:54.959+00:00 host_mono_ns=2345374149618740 === DEBUG [lwip-posix]: recvfrom received packet of len 52! Bypassing to pcb->recv ===
[SEDP-RACE-RUN37] host_utc=2026-09-28T09:05:54.959+00:00 host_mono_ns=2345374149627426 
[SEDP-RACE-RUN37] host_utc=2026-09-28T09:05:54.959+00:00 host_mono_ns=2345374149635933 === DEBUG [lwip-posix]: udp_sendto called! Bypassing to POSIX sendto ===
[SEDP-RACE-RUN37] host_utc=2026-09-28T09:05:54.959+00:00 host_mono_ns=2345374149827334 
[SEDP-RACE-RUN37] host_utc=2026-09-28T09:05:54.959+00:00 host_mono_ns=2345374149836522 === DEBUG [lwip-posix]: recvfrom received packet of len 52! Bypassing to pcb->recv ===
[SEDP-RACE-RUN37] host_utc=2026-09-28T09:05:54.959+00:00 host_mono_ns=2345374149845368 
[SEDP-RACE-RUN37] host_utc=2026-09-28T09:05:54.959+00:00 host_mono_ns=2345374149853934 === DEBUG [lwip-posix]: udp_sendto called! Bypassing to POSIX sendto ===
[SEDP-RACE-RUN37] host_utc=2026-09-28T09:05:54.959+00:00 host_mono_ns=2345374149862591 
[SEDP-RACE-RUN37] host_utc=2026-09-28T09:05:54.959+00:00 host_mono_ns=2345374149871017 === DEBUG [lwip-posix]: recvfrom received packet of len 52! Bypassing to pcb->recv ===
[SEDP-RACE-RUN37] host_utc=2026-09-28T09:05:54.959+00:00 host_mono_ns=2345374149879713 
[SEDP-RACE-RUN37] host_utc=2026-09-28T09:05:54.959+00:00 host_mono_ns=2345374149888249 === DEBUG [lwip-posix]: udp_sendto called! Bypassing to POSIX sendto ===
[SEDP-RACE-RUN37] host_utc=2026-09-28T09:05:54.959+00:00 host_mono_ns=2345374150021581 
[SEDP-RACE-RUN37] host_utc=2026-09-28T09:05:54.959+00:00 host_mono_ns=2345374150038403 === DEBUG [lwip-posix]: recvfrom received packet of len 52! Bypassing to pcb->recv ===
[SEDP-RACE-RUN37] host_utc=2026-09-28T09:05:54.959+00:00 host_mono_ns=2345374150047590 
[SEDP-RACE-RUN37] host_utc=2026-09-28T09:05:54.959+00:00 host_mono_ns=2345374150056397 === DEBUG [lwip-posix]: udp_sendto called! Bypassing to POSIX sendto ===
[SEDP-RACE-RUN37] host_utc=2026-09-28T09:05:54.959+00:00 host_mono_ns=2345374150065204 
[SEDP-RACE-RUN37] host_utc=2026-09-28T09:05:54.959+00:00 host_mono_ns=2345374150073810 === DEBUG [lwip-posix]: recvfrom received packet of len 52! Bypassing to pcb->recv ===
[SEDP-RACE-RUN37] host_utc=2026-09-28T09:05:54.959+00:00 host_mono_ns=2345374150087155 
[SEDP-RACE-RUN37] host_utc=2026-09-28T09:05:54.959+00:00 host_mono_ns=2345374150096052 === DEBUG [lwip-posix]: udp_sendto called! Bypassing to POSIX sendto ===
[SEDP-RACE-RUN37] host_utc=2026-09-28T09:05:54.960+00:00 host_mono_ns=2345374150218333 
[SEDP-RACE-RUN37] host_utc=2026-09-28T09:05:54.960+00:00 host_mono_ns=2345374150227590 === DEBUG [lwip-posix]: recvfrom received packet of len 52! Bypassing to pcb->recv ===
[SEDP-RACE-RUN37] host_utc=2026-09-28T09:05:54.960+00:00 host_mono_ns=2345374150236407 
[SEDP-RACE-RUN37] host_utc=2026-09-28T09:05:54.960+00:00 host_mono_ns=2345374150244963 === DEBUG [lwip-posix]: udp_sendto called! Bypassing to POSIX sendto ===
[SEDP-RACE-RUN37] host_utc=2026-09-28T09:05:54.960+00:00 host_mono_ns=2345374150261855 
[SEDP-RACE-RUN37] host_utc=2026-09-28T09:05:54.960+00:00 host_mono_ns=2345374150270521 === DEBUG [lwip-posix]: recvfrom received packet of len 52! Bypassing to pcb->recv ===
[SEDP-RACE-RUN37] host_utc=2026-09-28T09:05:54.960+00:00 host_mono_ns=2345374150283536 
[SEDP-RACE-RUN37] host_utc=2026-09-28T09:05:54.960+00:00 host_mono_ns=2345374150292202 === DEBUG [lwip-posix]: udp_sendto called! Bypassing to POSIX sendto ===
[SEDP-RACE-RUN37] host_utc=2026-09-28T09:05:54.960+00:00 host_mono_ns=2345374150509884 
[SEDP-RACE-RUN37] host_utc=2026-09-28T09:05:54.960+00:00 host_mono_ns=2345374150519081 === DEBUG [lwip-posix]: recvfrom received packet of len 52! Bypassing to pcb->recv ===
[SEDP-RACE-RUN37] host_utc=2026-09-28T09:05:54.960+00:00 host_mono_ns=2345374150527868 
[SEDP-RACE-RUN37] host_utc=2026-09-28T09:05:54.960+00:00 host_mono_ns=2345374150536384 === DEBUG [lwip-posix]: udp_sendto called! Bypassing to POSIX sendto ===
[SEDP-RACE-RUN37] host_utc=2026-09-28T09:05:54.960+00:00 host_mono_ns=2345374150625622 
[SEDP-RACE-RUN37] host_utc=2026-09-28T09:05:54.960+00:00 host_mono_ns=2345374150634700 === DEBUG [lwip-posix]: recvfrom received packet of len 52! Bypassing to pcb->recv ===
[SEDP-RACE-RUN37] host_utc=2026-09-28T09:05:54.960+00:00 host_mono_ns=2345374150643466 
[SEDP-RACE-RUN37] host_utc=2026-09-28T09:05:54.960+00:00 host_mono_ns=2345374150651972 === DEBUG [lwip-posix]: udp_sendto called! Bypassing to POSIX sendto ===
[SEDP-RACE-RUN37] host_utc=2026-09-28T09:05:54.960+00:00 host_mono_ns=2345374150795754 
[SEDP-RACE-RUN37] host_utc=2026-09-28T09:05:54.960+00:00 host_mono_ns=2345374150806103 === DEBUG [lwip-posix]: recvfrom received packet of len 52! Bypassing to pcb->recv ===
[SEDP-RACE-RUN37] host_utc=2026-09-28T09:05:54.960+00:00 host_mono_ns=2345374150815191 
[SEDP-RACE-RUN37] host_utc=2026-09-28T09:05:54.960+00:00 host_mono_ns=2345374150823817 === DEBUG [lwip-posix]: udp_sendto called! Bypassing to POSIX sendto ===
[SEDP-RACE-RUN37] host_utc=2026-09-28T09:05:54.960+00:00 host_mono_ns=2345374150883169 
[SEDP-RACE-RUN37] host_utc=2026-09-28T09:05:54.960+00:00 host_mono_ns=2345374150892176 === DEBUG [lwip-posix]: recvfrom received packet of len 52! Bypassing to pcb->recv ===
[SEDP-RACE-RUN37] host_utc=2026-09-28T09:05:54.960+00:00 host_mono_ns=2345374150901003 
[SEDP-RACE-RUN37] host_utc=2026-09-28T09:05:54.960+00:00 host_mono_ns=2345374150909579 === DEBUG [lwip-posix]: udp_sendto called! Bypassing to POSIX sendto ===
[SEDP-RACE-RUN37] host_utc=2026-09-28T09:05:54.960+00:00 host_mono_ns=2345374151099958 
[SEDP-RACE-RUN37] host_utc=2026-09-28T09:05:54.960+00:00 host_mono_ns=2345374151114296 === DEBUG [lwip-posix]: recvfrom received packet of len 52! Bypassing to pcb->recv ===
[SEDP-RACE-RUN37] host_utc=2026-09-28T09:05:54.960+00:00 host_mono_ns=2345374151123343 
[SEDP-RACE-RUN37] host_utc=2026-09-28T09:05:54.960+00:00 host_mono_ns=2345374151131979 === DEBUG [lwip-posix]: udp_sendto called! Bypassing to POSIX sendto ===
[SEDP-RACE-RUN37] host_utc=2026-09-28T09:05:54.960+00:00 host_mono_ns=2345374151144943 
[SEDP-RACE-RUN37] host_utc=2026-09-28T09:05:54.960+00:00 host_mono_ns=2345374151153750 === DEBUG [lwip-posix]: recvfrom received packet of len 52! Bypassing to pcb->recv ===
[SEDP-RACE-RUN37] host_utc=2026-09-28T09:05:54.960+00:00 host_mono_ns=2345374151162547 
[SEDP-RACE-RUN37] host_utc=2026-09-28T09:05:54.961+00:00 host_mono_ns=2345374151171053 === DEBUG [lwip-posix]: udp_sendto called! Bypassing to POSIX sendto ===
[SEDP-RACE-RUN37] host_utc=2026-09-28T09:05:54.961+00:00 host_mono_ns=2345374151329763 
[SEDP-RACE-RUN37] host_utc=2026-09-28T09:05:54.961+00:00 host_mono_ns=2345374151338800 === DEBUG [lwip-posix]: recvfrom received packet of len 52! Bypassing to pcb->recv ===
[SEDP-RACE-RUN37] host_utc=2026-09-28T09:05:54.961+00:00 host_mono_ns=2345374151347516 
[SEDP-RACE-RUN37] host_utc=2026-09-28T09:05:54.961+00:00 host_mono_ns=2345374151356032 === DEBUG [lwip-posix]: udp_sendto called! Bypassing to POSIX sendto ===
[SEDP-RACE-RUN37] host_utc=2026-09-28T09:05:54.961+00:00 host_mono_ns=2345374151377222 
[SEDP-RACE-RUN37] host_utc=2026-09-28T09:05:54.961+00:00 host_mono_ns=2345374151385949 === DEBUG [lwip-posix]: recvfrom received packet of len 52! Bypassing to pcb->recv ===
[SEDP-RACE-RUN37] host_utc=2026-09-28T09:05:54.961+00:00 host_mono_ns=2345374151394725 
[SEDP-RACE-RUN37] host_utc=2026-09-28T09:05:54.961+00:00 host_mono_ns=2345374151403241 === DEBUG [lwip-posix]: udp_sendto called! Bypassing to POSIX sendto ===
[SEDP-RACE-RUN37] host_utc=2026-09-28T09:05:54.961+00:00 host_mono_ns=2345374151534800 
[SEDP-RACE-RUN37] host_utc=2026-09-28T09:05:54.961+00:00 host_mono_ns=2345374151543937 === DEBUG [lwip-posix]: recvfrom received packet of len 52! Bypassing to pcb->recv ===
[SEDP-RACE-RUN37] host_utc=2026-09-28T09:05:54.961+00:00 host_mono_ns=2345374151552804 
[SEDP-RACE-RUN37] host_utc=2026-09-28T09:05:54.961+00:00 host_mono_ns=2345374151561380 === DEBUG [lwip-posix]: udp_sendto called! Bypassing to POSIX sendto ===
[SEDP-RACE-RUN37] host_utc=2026-09-28T09:05:54.961+00:00 host_mono_ns=2345374151574104 
[SEDP-RACE-RUN37] host_utc=2026-09-28T09:05:54.961+00:00 host_mono_ns=2345374151582800 === DEBUG [lwip-posix]: recvfrom received packet of len 52! Bypassing to pcb->recv ===
[SEDP-RACE-RUN37] host_utc=2026-09-28T09:05:54.961+00:00 host_mono_ns=2345374151591557 
[SEDP-RACE-RUN37] host_utc=2026-09-28T09:05:54.961+00:00 host_mono_ns=2345374151600093 === DEBUG [lwip-posix]: udp_sendto called! Bypassing to POSIX sendto ===
[SEDP-RACE-RUN37] host_utc=2026-09-28T09:05:54.961+00:00 host_mono_ns=2345374151769513 
[SEDP-RACE-RUN37] host_utc=2026-09-28T09:05:54.961+00:00 host_mono_ns=2345374151778560 === DEBUG [lwip-posix]: recvfrom received packet of len 52! Bypassing to pcb->recv ===
[SEDP-RACE-RUN37] host_utc=2026-09-28T09:05:54.961+00:00 host_mono_ns=2345374151787277 
[SEDP-RACE-RUN37] host_utc=2026-09-28T09:05:54.961+00:00 host_mono_ns=2345374151795903 === DEBUG [lwip-posix]: udp_sendto called! Bypassing to POSIX sendto ===
[SEDP-RACE-RUN37] host_utc=2026-09-28T09:05:54.961+00:00 host_mono_ns=2345374151808667 
[SEDP-RACE-RUN37] host_utc=2026-09-28T09:05:54.961+00:00 host_mono_ns=2345374151817424 === DEBUG [lwip-posix]: recvfrom received packet of len 52! Bypassing to pcb->recv ===
[SEDP-RACE-RUN37] host_utc=2026-09-28T09:05:54.961+00:00 host_mono_ns=2345374151826160 
[SEDP-RACE-RUN37] host_utc=2026-09-28T09:05:54.961+00:00 host_mono_ns=2345374151834766 === DEBUG [lwip-posix]: udp_sendto called! Bypassing to POSIX sendto ===
[SEDP-RACE-RUN37] host_utc=2026-09-28T09:05:54.961+00:00 host_mono_ns=2345374151996642 
[SEDP-RACE-RUN37] host_utc=2026-09-28T09:05:54.961+00:00 host_mono_ns=2345374152017932 === DEBUG [lwip-posix]: recvfrom received packet of len 52! Bypassing to pcb->recv ===
[SEDP-RACE-RUN37] host_utc=2026-09-28T09:05:54.961+00:00 host_mono_ns=2345374152030616 
[SEDP-RACE-RUN37] host_utc=2026-09-28T09:05:54.961+00:00 host_mono_ns=2345374152039223 === DEBUG [lwip-posix]: udp_sendto called! Bypassing to POSIX sendto ===
[SEDP-RACE-RUN37] host_utc=2026-09-28T09:05:54.961+00:00 host_mono_ns=2345374152052337 
[SEDP-RACE-RUN37] host_utc=2026-09-28T09:05:54.961+00:00 host_mono_ns=2345374152061124 === DEBUG [lwip-posix]: recvfrom received packet of len 52! Bypassing to pcb->recv ===
[SEDP-RACE-RUN37] host_utc=2026-09-28T09:05:54.961+00:00 host_mono_ns=2345374152069830 
[SEDP-RACE-RUN37] host_utc=2026-09-28T09:05:54.961+00:00 host_mono_ns=2345374152078337 === DEBUG [lwip-posix]: udp_sendto called! Bypassing to POSIX sendto ===
[SEDP-RACE-RUN37] host_utc=2026-09-28T09:05:54.962+00:00 host_mono_ns=2345374152237908 
[SEDP-RACE-RUN37] host_utc=2026-09-28T09:05:54.962+00:00 host_mono_ns=2345374152246995 === DEBUG [lwip-posix]: recvfrom received packet of len 52! Bypassing to pcb->recv ===
[SEDP-RACE-RUN37] host_utc=2026-09-28T09:05:54.962+00:00 host_mono_ns=2345374152255772 
[SEDP-RACE-RUN37] host_utc=2026-09-28T09:05:54.962+00:00 host_mono_ns=2345374152264388 === DEBUG [lwip-posix]: udp_sendto called! Bypassing to POSIX sendto ===
[SEDP-RACE-RUN37] host_utc=2026-09-28T09:05:54.962+00:00 host_mono_ns=2345374152280939 
[SEDP-RACE-RUN37] host_utc=2026-09-28T09:05:54.962+00:00 host_mono_ns=2345374152289485 === DEBUG [lwip-posix]: recvfrom received packet of len 52! Bypassing to pcb->recv ===
[SEDP-RACE-RUN37] host_utc=2026-09-28T09:05:54.962+00:00 host_mono_ns=2345374152302220 
[SEDP-RACE-RUN37] host_utc=2026-09-28T09:05:54.962+00:00 host_mono_ns=2345374152310886 === DEBUG [lwip-posix]: udp_sendto called! Bypassing to POSIX sendto ===
[SEDP-RACE-RUN37] host_utc=2026-09-28T09:05:54.962+00:00 host_mono_ns=2345374152660266 
[SEDP-RACE-RUN37] host_utc=2026-09-28T09:05:54.962+00:00 host_mono_ns=2345374152669313 === DEBUG [lwip-posix]: recvfrom received packet of len 52! Bypassing to pcb->recv ===
[SEDP-RACE-RUN37] host_utc=2026-09-28T09:05:54.962+00:00 host_mono_ns=2345374152678080 
[SEDP-RACE-RUN37] host_utc=2026-09-28T09:05:54.962+00:00 host_mono_ns=2345374152686646 === DEBUG [lwip-posix]: udp_sendto called! Bypassing to POSIX sendto ===
[SEDP-RACE-RUN37] host_utc=2026-09-28T09:05:54.962+00:00 host_mono_ns=2345374152699290 
[SEDP-RACE-RUN37] host_utc=2026-09-28T09:05:54.962+00:00 host_mono_ns=2345374152707936 === DEBUG [lwip-posix]: recvfrom received packet of len 52! Bypassing to pcb->recv ===
[SEDP-RACE-RUN37] host_utc=2026-09-28T09:05:54.962+00:00 host_mono_ns=2345374152716783 
[SEDP-RACE-RUN37] host_utc=2026-09-28T09:05:54.962+00:00 host_mono_ns=2345374152725259 === DEBUG [lwip-posix]: udp_sendto called! Bypassing to POSIX sendto ===
[SEDP-RACE-RUN37] host_utc=2026-09-28T09:05:54.962+00:00 host_mono_ns=2345374152937430 
[SEDP-RACE-RUN37] host_utc=2026-09-28T09:05:54.962+00:00 host_mono_ns=2345374152946387 === DEBUG [lwip-posix]: recvfrom received packet of len 52! Bypassing to pcb->recv ===
[SEDP-RACE-RUN37] host_utc=2026-09-28T09:05:54.962+00:00 host_mono_ns=2345374152955143 
[SEDP-RACE-RUN37] host_utc=2026-09-28T09:05:54.962+00:00 host_mono_ns=2345374152963779 === DEBUG [lwip-posix]: udp_sendto called! Bypassing to POSIX sendto ===
[SEDP-RACE-RUN37] host_utc=2026-09-28T09:05:54.962+00:00 host_mono_ns=2345374152990720 
[SEDP-RACE-RUN37] host_utc=2026-09-28T09:05:54.962+00:00 host_mono_ns=2345374152999727 === DEBUG [lwip-posix]: recvfrom received packet of len 52! Bypassing to pcb->recv ===
[SEDP-RACE-RUN37] host_utc=2026-09-28T09:05:54.962+00:00 host_mono_ns=2345374153018162 
[SEDP-RACE-RUN37] host_utc=2026-09-28T09:05:54.962+00:00 host_mono_ns=2345374153026879 === DEBUG [lwip-posix]: udp_sendto called! Bypassing to POSIX sendto ===
[SEDP-RACE-RUN37] host_utc=2026-09-28T09:05:54.963+00:00 host_mono_ns=2345374153182252 
[SEDP-RACE-RUN37] host_utc=2026-09-28T09:05:54.963+00:00 host_mono_ns=2345374153191319 === DEBUG [lwip-posix]: recvfrom received packet of len 52! Bypassing to pcb->recv ===
[SEDP-RACE-RUN37] host_utc=2026-09-28T09:05:54.963+00:00 host_mono_ns=2345374153200136 
[SEDP-RACE-RUN37] host_utc=2026-09-28T09:05:54.963+00:00 host_mono_ns=2345374153208722 === DEBUG [lwip-posix]: udp_sendto called! Bypassing to POSIX sendto ===
[SEDP-RACE-RUN37] host_utc=2026-09-28T09:05:54.963+00:00 host_mono_ns=2345374153304503 
[SEDP-RACE-RUN37] host_utc=2026-09-28T09:05:54.963+00:00 host_mono_ns=2345374153313620 === DEBUG [lwip-posix]: recvfrom received packet of len 52! Bypassing to pcb->recv ===
[SEDP-RACE-RUN37] host_utc=2026-09-28T09:05:54.963+00:00 host_mono_ns=2345374153322417 
[SEDP-RACE-RUN37] host_utc=2026-09-28T09:05:54.963+00:00 host_mono_ns=2345374153331063 === DEBUG [lwip-posix]: udp_sendto called! Bypassing to POSIX sendto ===
[SEDP-RACE-RUN37] host_utc=2026-09-28T09:05:54.963+00:00 host_mono_ns=2345374153393141 
[SEDP-RACE-RUN37] host_utc=2026-09-28T09:05:54.963+00:00 host_mono_ns=2345374153402098 === DEBUG [lwip-posix]: recvfrom received packet of len 52! Bypassing to pcb->recv ===
[SEDP-RACE-RUN37] host_utc=2026-09-28T09:05:54.963+00:00 host_mono_ns=2345374153410884 
[SEDP-RACE-RUN37] host_utc=2026-09-28T09:05:54.963+00:00 host_mono_ns=2345374153419450 === DEBUG [lwip-posix]: udp_sendto called! Bypassing to POSIX sendto ===
[SEDP-RACE-RUN37] host_utc=2026-09-28T09:05:54.963+00:00 host_mono_ns=2345374153515111 
[SEDP-RACE-RUN37] host_utc=2026-09-28T09:05:54.963+00:00 host_mono_ns=2345374153524328 === DEBUG [lwip-posix]: recvfrom received packet of len 52! Bypassing to pcb->recv ===
[SEDP-RACE-RUN37] host_utc=2026-09-28T09:05:54.963+00:00 host_mono_ns=2345374153533185 
[SEDP-RACE-RUN37] host_utc=2026-09-28T09:05:54.963+00:00 host_mono_ns=2345374153541832 === DEBUG [lwip-posix]: udp_sendto called! Bypassing to POSIX sendto ===
[SEDP-RACE-RUN37] host_utc=2026-09-28T09:05:54.963+00:00 host_mono_ns=2345374153642772 
[SEDP-RACE-RUN37] host_utc=2026-09-28T09:05:54.963+00:00 host_mono_ns=2345374153651819 === DEBUG [lwip-posix]: recvfrom received packet of len 52! Bypassing to pcb->recv ===
[SEDP-RACE-RUN37] host_utc=2026-09-28T09:05:54.963+00:00 host_mono_ns=2345374153660626 
[SEDP-RACE-RUN37] host_utc=2026-09-28T09:05:54.963+00:00 host_mono_ns=2345374153669262 === DEBUG [lwip-posix]: udp_sendto called! Bypassing to POSIX sendto ===
[SEDP-RACE-RUN37] host_utc=2026-09-28T09:05:54.963+00:00 host_mono_ns=2345374153895961 
[SEDP-RACE-RUN37] host_utc=2026-09-28T09:05:54.963+00:00 host_mono_ns=2345374153904907 === DEBUG [lwip-posix]: recvfrom received packet of len 52! Bypassing to pcb->recv ===
[SEDP-RACE-RUN37] host_utc=2026-09-28T09:05:54.963+00:00 host_mono_ns=2345374153913624 
[SEDP-RACE-RUN37] host_utc=2026-09-28T09:05:54.963+00:00 host_mono_ns=2345374153922160 === DEBUG [lwip-posix]: udp_sendto called! Bypassing to POSIX sendto ===
[SEDP-RACE-RUN37] host_utc=2026-09-28T09:05:54.963+00:00 host_mono_ns=2345374153930806 
[SEDP-RACE-RUN37] host_utc=2026-09-28T09:05:54.963+00:00 host_mono_ns=2345374153939252 === DEBUG [lwip-posix]: recvfrom received packet of len 52! Bypassing to pcb->recv ===
[SEDP-RACE-RUN37] host_utc=2026-09-28T09:05:54.963+00:00 host_mono_ns=2345374153947979 
[SEDP-RACE-RUN37] host_utc=2026-09-28T09:05:54.963+00:00 host_mono_ns=2345374153956525 === DEBUG [lwip-posix]: udp_sendto called! Bypassing to POSIX sendto ===
[SEDP-RACE-RUN37] host_utc=2026-09-28T09:05:54.964+00:00 host_mono_ns=2345374154191218 
[SEDP-RACE-RUN37] host_utc=2026-09-28T09:05:54.964+00:00 host_mono_ns=2345374154204263 === DEBUG [lwip-posix]: recvfrom received packet of len 52! Bypassing to pcb->recv ===
[SEDP-RACE-RUN37] host_utc=2026-09-28T09:05:54.964+00:00 host_mono_ns=2345374154213180 
[SEDP-RACE-RUN37] host_utc=2026-09-28T09:05:54.964+00:00 host_mono_ns=2345374154221656 === DEBUG [lwip-posix]: udp_sendto called! Bypassing to POSIX sendto ===
[SEDP-RACE-RUN37] host_utc=2026-09-28T09:05:54.964+00:00 host_mono_ns=2345374154230342 
[SEDP-RACE-RUN37] host_utc=2026-09-28T09:05:54.964+00:00 host_mono_ns=2345374154238788 === DEBUG [lwip-posix]: recvfrom received packet of len 52! Bypassing to pcb->recv ===
[SEDP-RACE-RUN37] host_utc=2026-09-28T09:05:54.964+00:00 host_mono_ns=2345374154251482 
[SEDP-RACE-RUN37] host_utc=2026-09-28T09:05:54.964+00:00 host_mono_ns=2345374154260179 === DEBUG [lwip-posix]: udp_sendto called! Bypassing to POSIX sendto ===
[SEDP-RACE-RUN37] host_utc=2026-09-28T09:05:54.964+00:00 host_mono_ns=2345374154488560 
[SEDP-RACE-RUN37] host_utc=2026-09-28T09:05:54.964+00:00 host_mono_ns=2345374154497677 === DEBUG [lwip-posix]: recvfrom received packet of len 52! Bypassing to pcb->recv ===
[SEDP-RACE-RUN37] host_utc=2026-09-28T09:05:54.964+00:00 host_mono_ns=2345374154506454 
[SEDP-RACE-RUN37] host_utc=2026-09-28T09:05:54.964+00:00 host_mono_ns=2345374154515070 === DEBUG [lwip-posix]: udp_sendto called! Bypassing to POSIX sendto ===
[SEDP-RACE-RUN37] host_utc=2026-09-28T09:05:54.964+00:00 host_mono_ns=2345374154548654 
[SEDP-RACE-RUN37] host_utc=2026-09-28T09:05:54.964+00:00 host_mono_ns=2345374154557831 === DEBUG [lwip-posix]: recvfrom received packet of len 52! Bypassing to pcb->recv ===
[SEDP-RACE-RUN37] host_utc=2026-09-28T09:05:54.964+00:00 host_mono_ns=2345374154586816 
[SEDP-RACE-RUN37] host_utc=2026-09-28T09:05:54.964+00:00 host_mono_ns=2345374154595773 === DEBUG [lwip-posix]: udp_sendto called! Bypassing to POSIX sendto ===
[SEDP-RACE-RUN37] host_utc=2026-09-28T09:05:54.964+00:00 host_mono_ns=2345374154782726 
[SEDP-RACE-RUN37] host_utc=2026-09-28T09:05:54.964+00:00 host_mono_ns=2345374154791873 === DEBUG [lwip-posix]: recvfrom received packet of len 52! Bypassing to pcb->recv ===
[SEDP-RACE-RUN37] host_utc=2026-09-28T09:05:54.964+00:00 host_mono_ns=2345374154800700 
[SEDP-RACE-RUN37] host_utc=2026-09-28T09:05:54.964+00:00 host_mono_ns=2345374154809236 === DEBUG [lwip-posix]: udp_sendto called! Bypassing to POSIX sendto ===
[SEDP-RACE-RUN37] host_utc=2026-09-28T09:05:54.964+00:00 host_mono_ns=2345374154891131 
[SEDP-RACE-RUN37] host_utc=2026-09-28T09:05:54.964+00:00 host_mono_ns=2345374154900218 === DEBUG [lwip-posix]: recvfrom received packet of len 52! Bypassing to pcb->recv ===
[SEDP-RACE-RUN37] host_utc=2026-09-28T09:05:54.964+00:00 host_mono_ns=2345374154908934 
[SEDP-RACE-RUN37] host_utc=2026-09-28T09:05:54.964+00:00 host_mono_ns=2345374154917481 === DEBUG [lwip-posix]: udp_sendto called! Bypassing to POSIX sendto ===
[SEDP-RACE-RUN37] host_utc=2026-09-28T09:05:54.964+00:00 host_mono_ns=2345374155059359 
[SEDP-RACE-RUN37] host_utc=2026-09-28T09:05:54.964+00:00 host_mono_ns=2345374155073325 === DEBUG [lwip-posix]: recvfrom received packet of len 52! Bypassing to pcb->recv ===
[SEDP-RACE-RUN37] host_utc=2026-09-28T09:05:54.964+00:00 host_mono_ns=2345374155082452 
[SEDP-RACE-RUN37] host_utc=2026-09-28T09:05:54.964+00:00 host_mono_ns=2345374155091038 === DEBUG [lwip-posix]: udp_sendto called! Bypassing to POSIX sendto ===
[SEDP-RACE-RUN37] host_utc=2026-09-28T09:05:54.964+00:00 host_mono_ns=2345374155146002 
[SEDP-RACE-RUN37] host_utc=2026-09-28T09:05:54.964+00:00 host_mono_ns=2345374155155150 === DEBUG [lwip-posix]: recvfrom received packet of len 52! Bypassing to pcb->recv ===
[SEDP-RACE-RUN37] host_utc=2026-09-28T09:05:54.964+00:00 host_mono_ns=2345374155163886 
[SEDP-RACE-RUN37] host_utc=2026-09-28T09:05:54.965+00:00 host_mono_ns=2345374155172432 === DEBUG [lwip-posix]: udp_sendto called! Bypassing to POSIX sendto ===
[SEDP-RACE-RUN37] host_utc=2026-09-28T09:05:54.965+00:00 host_mono_ns=2345374155421703 
[SEDP-RACE-RUN37] host_utc=2026-09-28T09:05:54.965+00:00 host_mono_ns=2345374155430880 === DEBUG [lwip-posix]: recvfrom received packet of len 52! Bypassing to pcb->recv ===
[SEDP-RACE-RUN37] host_utc=2026-09-28T09:05:54.965+00:00 host_mono_ns=2345374155439717 
[SEDP-RACE-RUN37] host_utc=2026-09-28T09:05:54.965+00:00 host_mono_ns=2345374155448263 === DEBUG [lwip-posix]: udp_sendto called! Bypassing to POSIX sendto ===
[SEDP-RACE-RUN37] host_utc=2026-09-28T09:05:54.965+00:00 host_mono_ns=2345374155503067 
[SEDP-RACE-RUN37] host_utc=2026-09-28T09:05:54.965+00:00 host_mono_ns=2345374155512044 === DEBUG [lwip-posix]: recvfrom received packet of len 52! Bypassing to pcb->recv ===
[SEDP-RACE-RUN37] host_utc=2026-09-28T09:05:54.965+00:00 host_mono_ns=2345374155520800 
[SEDP-RACE-RUN37] host_utc=2026-09-28T09:05:54.965+00:00 host_mono_ns=2345374155529286 === DEBUG [lwip-posix]: udp_sendto called! Bypassing to POSIX sendto ===
[SEDP-RACE-RUN37] host_utc=2026-09-28T09:05:54.965+00:00 host_mono_ns=2345374155695651 
[SEDP-RACE-RUN37] host_utc=2026-09-28T09:05:54.965+00:00 host_mono_ns=2345374155704588 === DEBUG [lwip-posix]: recvfrom received packet of len 52! Bypassing to pcb->recv ===
[SEDP-RACE-RUN37] host_utc=2026-09-28T09:05:54.965+00:00 host_mono_ns=2345374155713414 
[SEDP-RACE-RUN37] host_utc=2026-09-28T09:05:54.965+00:00 host_mono_ns=2345374155721940 === DEBUG [lwip-posix]: udp_sendto called! Bypassing to POSIX sendto ===
[SEDP-RACE-RUN37] host_utc=2026-09-28T09:05:54.965+00:00 host_mono_ns=2345374155841727 
[SEDP-RACE-RUN37] host_utc=2026-09-28T09:05:54.965+00:00 host_mono_ns=2345374155850774 === DEBUG [lwip-posix]: recvfrom received packet of len 52! Bypassing to pcb->recv ===
[SEDP-RACE-RUN37] host_utc=2026-09-28T09:05:54.965+00:00 host_mono_ns=2345374155859490 
[SEDP-RACE-RUN37] host_utc=2026-09-28T09:05:54.965+00:00 host_mono_ns=2345374155868076 === DEBUG [lwip-posix]: udp_sendto called! Bypassing to POSIX sendto ===
[SEDP-RACE-RUN37] host_utc=2026-09-28T09:05:54.965+00:00 host_mono_ns=2345374155888786 
[SEDP-RACE-RUN37] host_utc=2026-09-28T09:05:54.965+00:00 host_mono_ns=2345374155897642 === DEBUG [lwip-posix]: recvfrom received packet of len 52! Bypassing to pcb->recv ===
[SEDP-RACE-RUN37] host_utc=2026-09-28T09:05:54.965+00:00 host_mono_ns=2345374155906429 
[SEDP-RACE-RUN37] host_utc=2026-09-28T09:05:54.965+00:00 host_mono_ns=2345374155914955 === DEBUG [lwip-posix]: udp_sendto called! Bypassing to POSIX sendto ===
[SEDP-RACE-RUN37] host_utc=2026-09-28T09:05:54.965+00:00 host_mono_ns=2345374156114823 
[SEDP-RACE-RUN37] host_utc=2026-09-28T09:05:54.965+00:00 host_mono_ns=2345374156127617 === DEBUG [lwip-posix]: recvfrom received packet of len 52! Bypassing to pcb->recv ===
[SEDP-RACE-RUN37] host_utc=2026-09-28T09:05:54.965+00:00 host_mono_ns=2345374156136534 
[SEDP-RACE-RUN37] host_utc=2026-09-28T09:05:54.965+00:00 host_mono_ns=2345374156145120 === DEBUG [lwip-posix]: udp_sendto called! Bypassing to POSIX sendto ===
[SEDP-RACE-RUN37] host_utc=2026-09-28T09:05:54.966+00:00 host_mono_ns=2345374156220182 
[SEDP-RACE-RUN37] host_utc=2026-09-28T09:05:54.966+00:00 host_mono_ns=2345374156229259 === DEBUG [lwip-posix]: recvfrom received packet of len 52! Bypassing to pcb->recv ===
[SEDP-RACE-RUN37] host_utc=2026-09-28T09:05:54.966+00:00 host_mono_ns=2345374156237995 
[SEDP-RACE-RUN37] host_utc=2026-09-28T09:05:54.966+00:00 host_mono_ns=2345374156246632 === DEBUG [lwip-posix]: udp_sendto called! Bypassing to POSIX sendto ===
[SEDP-RACE-RUN37] host_utc=2026-09-28T09:05:54.966+00:00 host_mono_ns=2345374156356269 
[SEDP-RACE-RUN37] host_utc=2026-09-28T09:05:54.966+00:00 host_mono_ns=2345374156365286 === DEBUG [lwip-posix]: recvfrom received packet of len 52! Bypassing to pcb->recv ===
[SEDP-RACE-RUN37] host_utc=2026-09-28T09:05:54.966+00:00 host_mono_ns=2345374156374032 
[SEDP-RACE-RUN37] host_utc=2026-09-28T09:05:54.966+00:00 host_mono_ns=2345374156382619 === DEBUG [lwip-posix]: udp_sendto called! Bypassing to POSIX sendto ===
[SEDP-RACE-RUN37] host_utc=2026-09-28T09:05:54.966+00:00 host_mono_ns=2345374156511492 
[SEDP-RACE-RUN37] host_utc=2026-09-28T09:05:54.966+00:00 host_mono_ns=2345374156520439 === DEBUG [lwip-posix]: recvfrom received packet of len 52! Bypassing to pcb->recv ===
[SEDP-RACE-RUN37] host_utc=2026-09-28T09:05:54.966+00:00 host_mono_ns=2345374156529216 
[SEDP-RACE-RUN37] host_utc=2026-09-28T09:05:54.966+00:00 host_mono_ns=2345374156537852 === DEBUG [lwip-posix]: udp_sendto called! Bypassing to POSIX sendto ===
[SEDP-RACE-RUN37] host_utc=2026-09-28T09:05:54.966+00:00 host_mono_ns=2345374156557990 
[SEDP-RACE-RUN37] host_utc=2026-09-28T09:05:54.966+00:00 host_mono_ns=2345374156566767 === DEBUG [lwip-posix]: recvfrom received packet of len 52! Bypassing to pcb->recv ===
[SEDP-RACE-RUN37] host_utc=2026-09-28T09:05:54.966+00:00 host_mono_ns=2345374156575433 
[SEDP-RACE-RUN37] host_utc=2026-09-28T09:05:54.966+00:00 host_mono_ns=2345374156583919 === DEBUG [lwip-posix]: udp_sendto called! Bypassing to POSIX sendto ===
[SEDP-RACE-RUN37] host_utc=2026-09-28T09:05:54.966+00:00 host_mono_ns=2345374156776202 
[SEDP-RACE-RUN37] host_utc=2026-09-28T09:05:54.966+00:00 host_mono_ns=2345374156786311 === DEBUG [lwip-posix]: recvfrom received packet of len 52! Bypassing to pcb->recv ===
[SEDP-RACE-RUN37] host_utc=2026-09-28T09:05:54.966+00:00 host_mono_ns=2345374156795408 
[SEDP-RACE-RUN37] host_utc=2026-09-28T09:05:54.966+00:00 host_mono_ns=2345374156805067 === DEBUG [lwip-posix]: udp_sendto called! Bypassing to POSIX sendto ===
[SEDP-RACE-RUN37] host_utc=2026-09-28T09:05:54.966+00:00 host_mono_ns=2345374156929742 
[SEDP-RACE-RUN37] host_utc=2026-09-28T09:05:54.966+00:00 host_mono_ns=2345374156938699 === DEBUG [lwip-posix]: recvfrom received packet of len 52! Bypassing to pcb->recv ===
[SEDP-RACE-RUN37] host_utc=2026-09-28T09:05:54.966+00:00 host_mono_ns=2345374156947546 
[SEDP-RACE-RUN37] host_utc=2026-09-28T09:05:54.966+00:00 host_mono_ns=2345374156956062 === DEBUG [lwip-posix]: udp_sendto called! Bypassing to POSIX sendto ===
[SEDP-RACE-RUN37] host_utc=2026-09-28T09:05:54.966+00:00 host_mono_ns=2345374156976330 
[SEDP-RACE-RUN37] host_utc=2026-09-28T09:05:54.966+00:00 host_mono_ns=2345374156985277 === DEBUG [lwip-posix]: recvfrom received packet of len 52! Bypassing to pcb->recv ===
[SEDP-RACE-RUN37] host_utc=2026-09-28T09:05:54.966+00:00 host_mono_ns=2345374156993994 
[SEDP-RACE-RUN37] host_utc=2026-09-28T09:05:54.966+00:00 host_mono_ns=2345374157009293 === DEBUG [lwip-posix]: udp_sendto called! Bypassing to POSIX sendto ===
[SEDP-RACE-RUN37] host_utc=2026-09-28T09:05:54.967+00:00 host_mono_ns=2345374157224449 
[SEDP-RACE-RUN37] host_utc=2026-09-28T09:05:54.967+00:00 host_mono_ns=2345374157233656 === DEBUG [lwip-posix]: recvfrom received packet of len 52! Bypassing to pcb->recv ===
[SEDP-RACE-RUN37] host_utc=2026-09-28T09:05:54.967+00:00 host_mono_ns=2345374157242413 
[SEDP-RACE-RUN37] host_utc=2026-09-28T09:05:54.967+00:00 host_mono_ns=2345374157250979 === DEBUG [lwip-posix]: udp_sendto called! Bypassing to POSIX sendto ===
[SEDP-RACE-RUN37] host_utc=2026-09-28T09:05:54.967+00:00 host_mono_ns=2345374157434676 
[SEDP-RACE-RUN37] host_utc=2026-09-28T09:05:54.967+00:00 host_mono_ns=2345374157443633 === DEBUG [lwip-posix]: recvfrom received packet of len 52! Bypassing to pcb->recv ===
[SEDP-RACE-RUN37] host_utc=2026-09-28T09:05:54.967+00:00 host_mono_ns=2345374157452349 
[SEDP-RACE-RUN37] host_utc=2026-09-28T09:05:54.967+00:00 host_mono_ns=2345374157460845 === DEBUG [lwip-posix]: udp_sendto called! Bypassing to POSIX sendto ===
[SEDP-RACE-RUN37] host_utc=2026-09-28T09:05:54.967+00:00 host_mono_ns=2345374157584910 
[SEDP-RACE-RUN37] host_utc=2026-09-28T09:05:54.967+00:00 host_mono_ns=2345374157593726 === DEBUG [lwip-posix]: recvfrom received packet of len 52! Bypassing to pcb->recv ===
[SEDP-RACE-RUN37] host_utc=2026-09-28T09:05:54.967+00:00 host_mono_ns=2345374157602423 
[SEDP-RACE-RUN37] host_utc=2026-09-28T09:05:54.967+00:00 host_mono_ns=2345374157610929 === DEBUG [lwip-posix]: udp_sendto called! Bypassing to POSIX sendto ===
[SEDP-RACE-RUN37] host_utc=2026-09-28T09:05:54.967+00:00 host_mono_ns=2345374157641076 
[SEDP-RACE-RUN37] host_utc=2026-09-28T09:05:54.967+00:00 host_mono_ns=2345374157650033 === DEBUG [lwip-posix]: recvfrom received packet of len 52! Bypassing to pcb->recv ===
[SEDP-RACE-RUN37] host_utc=2026-09-28T09:05:54.967+00:00 host_mono_ns=2345374157658789 
[SEDP-RACE-RUN37] host_utc=2026-09-28T09:05:54.967+00:00 host_mono_ns=2345374157667366 === DEBUG [lwip-posix]: udp_sendto called! Bypassing to POSIX sendto ===
[SEDP-RACE-RUN37] host_utc=2026-09-28T09:05:54.967+00:00 host_mono_ns=2345374157839701 
[SEDP-RACE-RUN37] host_utc=2026-09-28T09:05:54.967+00:00 host_mono_ns=2345374157848638 === DEBUG [lwip-posix]: recvfrom received packet of len 52! Bypassing to pcb->recv ===
[SEDP-RACE-RUN37] host_utc=2026-09-28T09:05:54.967+00:00 host_mono_ns=2345374157857435 
[SEDP-RACE-RUN37] host_utc=2026-09-28T09:05:54.967+00:00 host_mono_ns=2345374157865981 === DEBUG [lwip-posix]: udp_sendto called! Bypassing to POSIX sendto ===
[SEDP-RACE-RUN37] host_utc=2026-09-28T09:05:54.967+00:00 host_mono_ns=2345374157903812 
[SEDP-RACE-RUN37] host_utc=2026-09-28T09:05:54.967+00:00 host_mono_ns=2345374157912749 === DEBUG [lwip-posix]: recvfrom received packet of len 52! Bypassing to pcb->recv ===
[SEDP-RACE-RUN37] host_utc=2026-09-28T09:05:54.967+00:00 host_mono_ns=2345374157921736 
[SEDP-RACE-RUN37] host_utc=2026-09-28T09:05:54.967+00:00 host_mono_ns=2345374157930362 === DEBUG [lwip-posix]: udp_sendto called! Bypassing to POSIX sendto ===
[SEDP-RACE-RUN37] host_utc=2026-09-28T09:05:54.968+00:00 host_mono_ns=2345374158220891 
[SEDP-RACE-RUN37] host_utc=2026-09-28T09:05:54.968+00:00 host_mono_ns=2345374158233745 === DEBUG [lwip-posix]: recvfrom received packet of len 52! Bypassing to pcb->recv ===
[SEDP-RACE-RUN37] host_utc=2026-09-28T09:05:54.968+00:00 host_mono_ns=2345374158242692 
[SEDP-RACE-RUN37] host_utc=2026-09-28T09:05:54.968+00:00 host_mono_ns=2345374158251279 === DEBUG [lwip-posix]: udp_sendto called! Bypassing to POSIX sendto ===
[SEDP-RACE-RUN37] host_utc=2026-09-28T09:05:54.968+00:00 host_mono_ns=2345374158271627 
[SEDP-RACE-RUN37] host_utc=2026-09-28T09:05:54.968+00:00 host_mono_ns=2345374158280434 === DEBUG [lwip-posix]: recvfrom received packet of len 52! Bypassing to pcb->recv ===
[SEDP-RACE-RUN37] host_utc=2026-09-28T09:05:54.968+00:00 host_mono_ns=2345374158289190 
[SEDP-RACE-RUN37] host_utc=2026-09-28T09:05:54.968+00:00 host_mono_ns=2345374158297706 === DEBUG [lwip-posix]: udp_sendto called! Bypassing to POSIX sendto ===
[SEDP-RACE-RUN37] host_utc=2026-09-28T09:05:54.968+00:00 host_mono_ns=2345374158426590 
[SEDP-RACE-RUN37] host_utc=2026-09-28T09:05:54.968+00:00 host_mono_ns=2345374158435647 === DEBUG [lwip-posix]: recvfrom received packet of len 52! Bypassing to pcb->recv ===
[SEDP-RACE-RUN37] host_utc=2026-09-28T09:05:54.968+00:00 host_mono_ns=2345374158444604 
[SEDP-RACE-RUN37] host_utc=2026-09-28T09:05:54.968+00:00 host_mono_ns=2345374158453090 === DEBUG [lwip-posix]: udp_sendto called! Bypassing to POSIX sendto ===
[SEDP-RACE-RUN37] host_utc=2026-09-28T09:05:54.968+00:00 host_mono_ns=2345374158481544 
[SEDP-RACE-RUN37] host_utc=2026-09-28T09:05:54.968+00:00 host_mono_ns=2345374158490641 === DEBUG [lwip-posix]: recvfrom received packet of len 52! Bypassing to pcb->recv ===
[SEDP-RACE-RUN37] host_utc=2026-09-28T09:05:54.968+00:00 host_mono_ns=2345374158499317 
[SEDP-RACE-RUN37] host_utc=2026-09-28T09:05:54.968+00:00 host_mono_ns=2345374158507923 === DEBUG [lwip-posix]: udp_sendto called! Bypassing to POSIX sendto ===
[SEDP-RACE-RUN37] host_utc=2026-09-28T09:05:54.968+00:00 host_mono_ns=2345374158649240 
[SEDP-RACE-RUN37] host_utc=2026-09-28T09:05:54.968+00:00 host_mono_ns=2345374158658247 === DEBUG [lwip-posix]: recvfrom received packet of len 52! Bypassing to pcb->recv ===
[SEDP-RACE-RUN37] host_utc=2026-09-28T09:05:54.968+00:00 host_mono_ns=2345374158667024 
[SEDP-RACE-RUN37] host_utc=2026-09-28T09:05:54.968+00:00 host_mono_ns=2345374158675580 === DEBUG [lwip-posix]: udp_sendto called! Bypassing to POSIX sendto ===
[SEDP-RACE-RUN37] host_utc=2026-09-28T09:05:54.968+00:00 host_mono_ns=2345374158684156 
[SEDP-RACE-RUN37] host_utc=2026-09-28T09:05:54.968+00:00 host_mono_ns=2345374158692773 === DEBUG [lwip-posix]: recvfrom received packet of len 52! Bypassing to pcb->recv ===
[SEDP-RACE-RUN37] host_utc=2026-09-28T09:05:54.968+00:00 host_mono_ns=2345374158701479 
[SEDP-RACE-RUN37] host_utc=2026-09-28T09:05:54.968+00:00 host_mono_ns=2345374158709945 === DEBUG [lwip-posix]: udp_sendto called! Bypassing to POSIX sendto ===
[SEDP-RACE-RUN37] host_utc=2026-09-28T09:05:54.968+00:00 host_mono_ns=2345374158888533 
[SEDP-RACE-RUN37] host_utc=2026-09-28T09:05:54.968+00:00 host_mono_ns=2345374158897560 === DEBUG [lwip-posix]: recvfrom received packet of len 52! Bypassing to pcb->recv ===
[SEDP-RACE-RUN37] host_utc=2026-09-28T09:05:54.968+00:00 host_mono_ns=2345374158906286 
[SEDP-RACE-RUN37] host_utc=2026-09-28T09:05:54.968+00:00 host_mono_ns=2345374158914922 === DEBUG [lwip-posix]: udp_sendto called! Bypassing to POSIX sendto ===
[SEDP-RACE-RUN37] host_utc=2026-09-28T09:05:54.968+00:00 host_mono_ns=2345374158947925 
[SEDP-RACE-RUN37] host_utc=2026-09-28T09:05:54.968+00:00 host_mono_ns=2345374158956972 === DEBUG [lwip-posix]: recvfrom received packet of len 52! Bypassing to pcb->recv ===
[SEDP-RACE-RUN37] host_utc=2026-09-28T09:05:54.968+00:00 host_mono_ns=2345374158965738 
[SEDP-RACE-RUN37] host_utc=2026-09-28T09:05:54.968+00:00 host_mono_ns=2345374158974214 === DEBUG [lwip-posix]: udp_sendto called! Bypassing to POSIX sendto ===
[SEDP-RACE-RUN37] host_utc=2026-09-28T09:05:54.968+00:00 host_mono_ns=2345374159146961 
[SEDP-RACE-RUN37] host_utc=2026-09-28T09:05:54.968+00:00 host_mono_ns=2345374159159515 === DEBUG [lwip-posix]: recvfrom received packet of len 52! Bypassing to pcb->recv ===
[SEDP-RACE-RUN37] host_utc=2026-09-28T09:05:54.969+00:00 host_mono_ns=2345374159168321 
[SEDP-RACE-RUN37] host_utc=2026-09-28T09:05:54.969+00:00 host_mono_ns=2345374159176847 === DEBUG [lwip-posix]: udp_sendto called! Bypassing to POSIX sendto ===
[SEDP-RACE-RUN37] host_utc=2026-09-28T09:05:54.969+00:00 host_mono_ns=2345374159189611 
[SEDP-RACE-RUN37] host_utc=2026-09-28T09:05:54.969+00:00 host_mono_ns=2345374159210932 === DEBUG [lwip-posix]: recvfrom received packet of len 52! Bypassing to pcb->recv ===
[SEDP-RACE-RUN37] host_utc=2026-09-28T09:05:54.969+00:00 host_mono_ns=2345374159219738 
[SEDP-RACE-RUN37] host_utc=2026-09-28T09:05:54.969+00:00 host_mono_ns=2345374159228194 === DEBUG [lwip-posix]: udp_sendto called! Bypassing to POSIX sendto ===
[SEDP-RACE-RUN37] host_utc=2026-09-28T09:05:54.969+00:00 host_mono_ns=2345374159356897 
[SEDP-RACE-RUN37] host_utc=2026-09-28T09:05:54.969+00:00 host_mono_ns=2345374159365955 === DEBUG [lwip-posix]: recvfrom received packet of len 52! Bypassing to pcb->recv ===
[SEDP-RACE-RUN37] host_utc=2026-09-28T09:05:54.969+00:00 host_mono_ns=2345374159374681 
[SEDP-RACE-RUN37] host_utc=2026-09-28T09:05:54.969+00:00 host_mono_ns=2345374159383187 === DEBUG [lwip-posix]: udp_sendto called! Bypassing to POSIX sendto ===
[SEDP-RACE-RUN37] host_utc=2026-09-28T09:05:54.969+00:00 host_mono_ns=2345374159391823 
[SEDP-RACE-RUN37] host_utc=2026-09-28T09:05:54.969+00:00 host_mono_ns=2345374159400299 === DEBUG [lwip-posix]: recvfrom received packet of len 52! Bypassing to pcb->recv ===
[SEDP-RACE-RUN37] host_utc=2026-09-28T09:05:54.969+00:00 host_mono_ns=2345374159408906 
[SEDP-RACE-RUN37] host_utc=2026-09-28T09:05:54.969+00:00 host_mono_ns=2345374159417472 === DEBUG [lwip-posix]: udp_sendto called! Bypassing to POSIX sendto ===
[SEDP-RACE-RUN37] host_utc=2026-09-28T09:05:54.969+00:00 host_mono_ns=2345374159536367 
[SEDP-RACE-RUN37] host_utc=2026-09-28T09:05:54.969+00:00 host_mono_ns=2345374159545434 === DEBUG [lwip-posix]: recvfrom received packet of len 52! Bypassing to pcb->recv ===
[SEDP-RACE-RUN37] host_utc=2026-09-28T09:05:54.969+00:00 host_mono_ns=2345374159554170 
[SEDP-RACE-RUN37] host_utc=2026-09-28T09:05:54.969+00:00 host_mono_ns=2345374159562696 === DEBUG [lwip-posix]: udp_sendto called! Bypassing to POSIX sendto ===
[SEDP-RACE-RUN37] host_utc=2026-09-28T09:05:54.969+00:00 host_mono_ns=2345374159575290 
[SEDP-RACE-RUN37] host_utc=2026-09-28T09:05:54.969+00:00 host_mono_ns=2345374159583997 === DEBUG [lwip-posix]: recvfrom received packet of len 52! Bypassing to pcb->recv ===
[SEDP-RACE-RUN37] host_utc=2026-09-28T09:05:54.969+00:00 host_mono_ns=2345374159592663 
[SEDP-RACE-RUN37] host_utc=2026-09-28T09:05:54.969+00:00 host_mono_ns=2345374159601069 === DEBUG [lwip-posix]: udp_sendto called! Bypassing to POSIX sendto ===
[SEDP-RACE-RUN37] host_utc=2026-09-28T09:05:54.969+00:00 host_mono_ns=2345374160166547 
[SEDP-RACE-RUN37] host_utc=2026-09-28T09:05:54.970+00:00 host_mono_ns=2345374160179401 === DEBUG [lwip-posix]: recvfrom received packet of len 52! Bypassing to pcb->recv ===
[SEDP-RACE-RUN37] host_utc=2026-09-28T09:05:54.970+00:00 host_mono_ns=2345374160188288 
[SEDP-RACE-RUN37] host_utc=2026-09-28T09:05:54.970+00:00 host_mono_ns=2345374160196864 === DEBUG [lwip-posix]: udp_sendto called! Bypassing to POSIX sendto ===
[SEDP-RACE-RUN37] host_utc=2026-09-28T09:05:54.970+00:00 host_mono_ns=2345374160205571 
[SEDP-RACE-RUN37] host_utc=2026-09-28T09:05:54.970+00:00 host_mono_ns=2345374160214017 === DEBUG [lwip-posix]: recvfrom received packet of len 52! Bypassing to pcb->recv ===
[SEDP-RACE-RUN37] host_utc=2026-09-28T09:05:54.970+00:00 host_mono_ns=2345374160222753 
[SEDP-RACE-RUN37] host_utc=2026-09-28T09:05:54.970+00:00 host_mono_ns=2345374160231239 === DEBUG [lwip-posix]: udp_sendto called! Bypassing to POSIX sendto ===
[SEDP-RACE-RUN37] host_utc=2026-09-28T09:05:54.970+00:00 host_mono_ns=2345374160239826 
[SEDP-RACE-RUN37] host_utc=2026-09-28T09:05:54.970+00:00 host_mono_ns=2345374160248181 === DEBUG [lwip-posix]: recvfrom received packet of len 52! Bypassing to pcb->recv ===
[SEDP-RACE-RUN37] host_utc=2026-09-28T09:05:54.970+00:00 host_mono_ns=2345374160256898 
[SEDP-RACE-RUN37] host_utc=2026-09-28T09:05:54.970+00:00 host_mono_ns=2345374160265374 === DEBUG [lwip-posix]: udp_sendto called! Bypassing to POSIX sendto ===
[SEDP-RACE-RUN37] host_utc=2026-09-28T09:05:54.970+00:00 host_mono_ns=2345374160273990 
[SEDP-RACE-RUN37] host_utc=2026-09-28T09:05:54.970+00:00 host_mono_ns=2345374160289960 === DEBUG [lwip-posix]: recvfrom received packet of len 52! Bypassing to pcb->recv ===
[SEDP-RACE-RUN37] host_utc=2026-09-28T09:05:54.970+00:00 host_mono_ns=2345374160298677 
[SEDP-RACE-RUN37] host_utc=2026-09-28T09:05:54.970+00:00 host_mono_ns=2345374160307193 === DEBUG [lwip-posix]: udp_sendto called! Bypassing to POSIX sendto ===
[SEDP-RACE-RUN37] host_utc=2026-09-28T09:05:54.970+00:00 host_mono_ns=2345374160395961 
[SEDP-RACE-RUN37] host_utc=2026-09-28T09:05:54.970+00:00 host_mono_ns=2345374160404988 === DEBUG [lwip-posix]: recvfrom received packet of len 52! Bypassing to pcb->recv ===
[SEDP-RACE-RUN37] host_utc=2026-09-28T09:05:54.970+00:00 host_mono_ns=2345374160413734 
[SEDP-RACE-RUN37] host_utc=2026-09-28T09:05:54.970+00:00 host_mono_ns=2345374160422320 === DEBUG [lwip-posix]: udp_sendto called! Bypassing to POSIX sendto ===
[SEDP-RACE-RUN37] host_utc=2026-09-28T09:05:54.970+00:00 host_mono_ns=2345374160435074 
[SEDP-RACE-RUN37] host_utc=2026-09-28T09:05:54.970+00:00 host_mono_ns=2345374160443691 === DEBUG [lwip-posix]: recvfrom received packet of len 52! Bypassing to pcb->recv ===
[SEDP-RACE-RUN37] host_utc=2026-09-28T09:05:54.970+00:00 host_mono_ns=2345374160452407 
[SEDP-RACE-RUN37] host_utc=2026-09-28T09:05:54.970+00:00 host_mono_ns=2345374160460863 === DEBUG [lwip-posix]: udp_sendto called! Bypassing to POSIX sendto ===
[SEDP-RACE-RUN37] host_utc=2026-09-28T09:05:54.970+00:00 host_mono_ns=2345374160586741 
[SEDP-RACE-RUN37] host_utc=2026-09-28T09:05:54.970+00:00 host_mono_ns=2345374160595738 === DEBUG [lwip-posix]: recvfrom received packet of len 52! Bypassing to pcb->recv ===
[SEDP-RACE-RUN37] host_utc=2026-09-28T09:05:54.970+00:00 host_mono_ns=2345374160604444 
[SEDP-RACE-RUN37] host_utc=2026-09-28T09:05:54.970+00:00 host_mono_ns=2345374160613011 === DEBUG [lwip-posix]: udp_sendto called! Bypassing to POSIX sendto ===
[SEDP-RACE-RUN37] host_utc=2026-09-28T09:05:54.970+00:00 host_mono_ns=2345374160640503 
[SEDP-RACE-RUN37] host_utc=2026-09-28T09:05:54.970+00:00 host_mono_ns=2345374160649560 === DEBUG [lwip-posix]: recvfrom received packet of len 52! Bypassing to pcb->recv ===
[SEDP-RACE-RUN37] host_utc=2026-09-28T09:05:54.970+00:00 host_mono_ns=2345374160658386 
[SEDP-RACE-RUN37] host_utc=2026-09-28T09:05:54.970+00:00 host_mono_ns=2345374160666973 === DEBUG [lwip-posix]: udp_sendto called! Bypassing to POSIX sendto ===
[SEDP-RACE-RUN37] host_utc=2026-09-28T09:05:54.970+00:00 host_mono_ns=2345374160812397 
[SEDP-RACE-RUN37] host_utc=2026-09-28T09:05:54.970+00:00 host_mono_ns=2345374160821384 === DEBUG [lwip-posix]: recvfrom received packet of len 52! Bypassing to pcb->recv ===
[SEDP-RACE-RUN37] host_utc=2026-09-28T09:05:54.970+00:00 host_mono_ns=2345374160830151 
[SEDP-RACE-RUN37] host_utc=2026-09-28T09:05:54.970+00:00 host_mono_ns=2345374160838777 === DEBUG [lwip-posix]: udp_sendto called! Bypassing to POSIX sendto ===
[SEDP-RACE-RUN37] host_utc=2026-09-28T09:05:54.970+00:00 host_mono_ns=2345374160899241 
[SEDP-RACE-RUN37] host_utc=2026-09-28T09:05:54.970+00:00 host_mono_ns=2345374160908138 === DEBUG [lwip-posix]: recvfrom received packet of len 52! Bypassing to pcb->recv ===
[SEDP-RACE-RUN37] host_utc=2026-09-28T09:05:54.970+00:00 host_mono_ns=2345374160916845 
[SEDP-RACE-RUN37] host_utc=2026-09-28T09:05:54.970+00:00 host_mono_ns=2345374160925341 === DEBUG [lwip-posix]: udp_sendto called! Bypassing to POSIX sendto ===
[SEDP-RACE-RUN37] host_utc=2026-09-28T09:05:54.970+00:00 host_mono_ns=2345374161049205 
[SEDP-RACE-RUN37] host_utc=2026-09-28T09:05:54.970+00:00 host_mono_ns=2345374161062189 === DEBUG [lwip-posix]: recvfrom received packet of len 52! Bypassing to pcb->recv ===
[SEDP-RACE-RUN37] host_utc=2026-09-28T09:05:54.970+00:00 host_mono_ns=2345374161071246 
[SEDP-RACE-RUN37] host_utc=2026-09-28T09:05:54.970+00:00 host_mono_ns=2345374161079833 === DEBUG [lwip-posix]: udp_sendto called! Bypassing to POSIX sendto ===
[SEDP-RACE-RUN37] host_utc=2026-09-28T09:05:54.970+00:00 host_mono_ns=2345374161145176 
[SEDP-RACE-RUN37] host_utc=2026-09-28T09:05:54.970+00:00 host_mono_ns=2345374161161317 === DEBUG [lwip-posix]: recvfrom received packet of len 52! Bypassing to pcb->recv ===
[SEDP-RACE-RUN37] host_utc=2026-09-28T09:05:54.971+00:00 host_mono_ns=2345374161170123 
[SEDP-RACE-RUN37] host_utc=2026-09-28T09:05:54.971+00:00 host_mono_ns=2345374161178679 === DEBUG [lwip-posix]: udp_sendto called! Bypassing to POSIX sendto ===
[SEDP-RACE-RUN37] host_utc=2026-09-28T09:05:54.971+00:00 host_mono_ns=2345374161269902 
[SEDP-RACE-RUN37] host_utc=2026-09-28T09:05:54.971+00:00 host_mono_ns=2345374161278809 === DEBUG [lwip-posix]: recvfrom received packet of len 52! Bypassing to pcb->recv ===
[SEDP-RACE-RUN37] host_utc=2026-09-28T09:05:54.971+00:00 host_mono_ns=2345374161287545 
[SEDP-RACE-RUN37] host_utc=2026-09-28T09:05:54.971+00:00 host_mono_ns=2345374161296021 === DEBUG [lwip-posix]: udp_sendto called! Bypassing to POSIX sendto ===
[SEDP-RACE-RUN37] host_utc=2026-09-28T09:05:54.971+00:00 host_mono_ns=2345374161448539 
[SEDP-RACE-RUN37] host_utc=2026-09-28T09:05:54.971+00:00 host_mono_ns=2345374161457506 === DEBUG [lwip-posix]: recvfrom received packet of len 52! Bypassing to pcb->recv ===
[SEDP-RACE-RUN37] host_utc=2026-09-28T09:05:54.971+00:00 host_mono_ns=2345374161466423 
[SEDP-RACE-RUN37] host_utc=2026-09-28T09:05:54.971+00:00 host_mono_ns=2345374161474979 === DEBUG [lwip-posix]: udp_sendto called! Bypassing to POSIX sendto ===
[SEDP-RACE-RUN37] host_utc=2026-09-28T09:05:54.971+00:00 host_mono_ns=2345374161557746 
[SEDP-RACE-RUN37] host_utc=2026-09-28T09:05:54.971+00:00 host_mono_ns=2345374161566783 === DEBUG [lwip-posix]: recvfrom received packet of len 52! Bypassing to pcb->recv ===
[SEDP-RACE-RUN37] host_utc=2026-09-28T09:05:54.971+00:00 host_mono_ns=2345374161575529 
[SEDP-RACE-RUN37] host_utc=2026-09-28T09:05:54.971+00:00 host_mono_ns=2345374161584085 === DEBUG [lwip-posix]: udp_sendto called! Bypassing to POSIX sendto ===
[SEDP-RACE-RUN37] host_utc=2026-09-28T09:05:54.971+00:00 host_mono_ns=2345374161668785 
[SEDP-RACE-RUN37] host_utc=2026-09-28T09:05:54.971+00:00 host_mono_ns=2345374161677752 === DEBUG [lwip-posix]: recvfrom received packet of len 52! Bypassing to pcb->recv ===
[SEDP-RACE-RUN37] host_utc=2026-09-28T09:05:54.971+00:00 host_mono_ns=2345374161686509 
[SEDP-RACE-RUN37] host_utc=2026-09-28T09:05:54.971+00:00 host_mono_ns=2345374161695065 === DEBUG [lwip-posix]: udp_sendto called! Bypassing to POSIX sendto ===
[SEDP-RACE-RUN37] host_utc=2026-09-28T09:05:54.971+00:00 host_mono_ns=2345374161823227 
[SEDP-RACE-RUN37] host_utc=2026-09-28T09:05:54.971+00:00 host_mono_ns=2345374161832194 === DEBUG [lwip-posix]: recvfrom received packet of len 52! Bypassing to pcb->recv ===
[SEDP-RACE-RUN37] host_utc=2026-09-28T09:05:54.971+00:00 host_mono_ns=2345374161840971 
[SEDP-RACE-RUN37] host_utc=2026-09-28T09:05:54.971+00:00 host_mono_ns=2345374161849467 === DEBUG [lwip-posix]: udp_sendto called! Bypassing to POSIX sendto ===
[SEDP-RACE-RUN37] host_utc=2026-09-28T09:05:54.971+00:00 host_mono_ns=2345374162039195 
[SEDP-RACE-RUN37] host_utc=2026-09-28T09:05:54.971+00:00 host_mono_ns=2345374162052079 === DEBUG [lwip-posix]: recvfrom received packet of len 52! Bypassing to pcb->recv ===
[SEDP-RACE-RUN37] host_utc=2026-09-28T09:05:54.971+00:00 host_mono_ns=2345374162061127 
[SEDP-RACE-RUN37] host_utc=2026-09-28T09:05:54.971+00:00 host_mono_ns=2345374162069753 === DEBUG [lwip-posix]: udp_sendto called! Bypassing to POSIX sendto ===
[SEDP-RACE-RUN37] host_utc=2026-09-28T09:05:54.972+00:00 host_mono_ns=2345374162177136 
[SEDP-RACE-RUN37] host_utc=2026-09-28T09:05:54.972+00:00 host_mono_ns=2345374162186143 === DEBUG [lwip-posix]: recvfrom received packet of len 52! Bypassing to pcb->recv ===
[SEDP-RACE-RUN37] host_utc=2026-09-28T09:05:54.972+00:00 host_mono_ns=2345374162194919 
[SEDP-RACE-RUN37] host_utc=2026-09-28T09:05:54.972+00:00 host_mono_ns=2345374162203486 === DEBUG [lwip-posix]: udp_sendto called! Bypassing to POSIX sendto ===
[SEDP-RACE-RUN37] host_utc=2026-09-28T09:05:54.972+00:00 host_mono_ns=2345374162376432 
[SEDP-RACE-RUN37] host_utc=2026-09-28T09:05:54.972+00:00 host_mono_ns=2345374162392893 === DEBUG [lwip-posix]: recvfrom received packet of len 52! Bypassing to pcb->recv ===
[SEDP-RACE-RUN37] host_utc=2026-09-28T09:05:54.972+00:00 host_mono_ns=2345374162401730 
[SEDP-RACE-RUN37] host_utc=2026-09-28T09:05:54.972+00:00 host_mono_ns=2345374162410306 === DEBUG [lwip-posix]: udp_sendto called! Bypassing to POSIX sendto ===
[SEDP-RACE-RUN37] host_utc=2026-09-28T09:05:54.972+00:00 host_mono_ns=2345374162475540 
[SEDP-RACE-RUN37] host_utc=2026-09-28T09:05:54.972+00:00 host_mono_ns=2345374162484557 === DEBUG [lwip-posix]: recvfrom received packet of len 52! Bypassing to pcb->recv ===
[SEDP-RACE-RUN37] host_utc=2026-09-28T09:05:54.972+00:00 host_mono_ns=2345374162493453 
[SEDP-RACE-RUN37] host_utc=2026-09-28T09:05:54.972+00:00 host_mono_ns=2345374162502050 === DEBUG [lwip-posix]: udp_sendto called! Bypassing to POSIX sendto ===
[SEDP-RACE-RUN37] host_utc=2026-09-28T09:05:54.972+00:00 host_mono_ns=2345374162695836 
[SEDP-RACE-RUN37] host_utc=2026-09-28T09:05:54.972+00:00 host_mono_ns=2345374162704873 === DEBUG [lwip-posix]: recvfrom received packet of len 52! Bypassing to pcb->recv ===
[SEDP-RACE-RUN37] host_utc=2026-09-28T09:05:54.972+00:00 host_mono_ns=2345374162713639 
[SEDP-RACE-RUN37] host_utc=2026-09-28T09:05:54.972+00:00 host_mono_ns=2345374162722266 === DEBUG [lwip-posix]: udp_sendto called! Bypassing to POSIX sendto ===
[SEDP-RACE-RUN37] host_utc=2026-09-28T09:05:54.972+00:00 host_mono_ns=2345374162817185 
[SEDP-RACE-RUN37] host_utc=2026-09-28T09:05:54.972+00:00 host_mono_ns=2345374162826092 === DEBUG [lwip-posix]: recvfrom received packet of len 52! Bypassing to pcb->recv ===
[SEDP-RACE-RUN37] host_utc=2026-09-28T09:05:54.972+00:00 host_mono_ns=2345374162834818 
[SEDP-RACE-RUN37] host_utc=2026-09-28T09:05:54.972+00:00 host_mono_ns=2345374162843334 === DEBUG [lwip-posix]: udp_sendto called! Bypassing to POSIX sendto ===
[SEDP-RACE-RUN37] host_utc=2026-09-28T09:05:54.972+00:00 host_mono_ns=2345374162967118 
[SEDP-RACE-RUN37] host_utc=2026-09-28T09:05:54.972+00:00 host_mono_ns=2345374162976105 === DEBUG [lwip-posix]: recvfrom received packet of len 52! Bypassing to pcb->recv ===
[SEDP-RACE-RUN37] host_utc=2026-09-28T09:05:54.972+00:00 host_mono_ns=2345374162984832 
[SEDP-RACE-RUN37] host_utc=2026-09-28T09:05:54.972+00:00 host_mono_ns=2345374162993398 === DEBUG [lwip-posix]: udp_sendto called! Bypassing to POSIX sendto ===
[SEDP-RACE-RUN37] host_utc=2026-09-28T09:05:54.972+00:00 host_mono_ns=2345374163134955 
[SEDP-RACE-RUN37] host_utc=2026-09-28T09:05:54.972+00:00 host_mono_ns=2345374163147940 === DEBUG [lwip-posix]: recvfrom received packet of len 52! Bypassing to pcb->recv ===
[SEDP-RACE-RUN37] host_utc=2026-09-28T09:05:54.972+00:00 host_mono_ns=2345374163156807 
[SEDP-RACE-RUN37] host_utc=2026-09-28T09:05:54.972+00:00 host_mono_ns=2345374163165343 === DEBUG [lwip-posix]: udp_sendto called! Bypassing to POSIX sendto ===
[SEDP-RACE-RUN37] host_utc=2026-09-28T09:05:54.973+00:00 host_mono_ns=2345374163247728 
[SEDP-RACE-RUN37] host_utc=2026-09-28T09:05:54.973+00:00 host_mono_ns=2345374163256615 === DEBUG [lwip-posix]: recvfrom received packet of len 52! Bypassing to pcb->recv ===
[SEDP-RACE-RUN37] host_utc=2026-09-28T09:05:54.973+00:00 host_mono_ns=2345374163265602 
[SEDP-RACE-RUN37] host_utc=2026-09-28T09:05:54.973+00:00 host_mono_ns=2345374163274228 === DEBUG [lwip-posix]: udp_sendto called! Bypassing to POSIX sendto ===
[SEDP-RACE-RUN37] host_utc=2026-09-28T09:05:54.973+00:00 host_mono_ns=2345374163286912 
[SEDP-RACE-RUN37] host_utc=2026-09-28T09:05:54.973+00:00 host_mono_ns=2345374163295629 === DEBUG [lwip-posix]: recvfrom received packet of len 52! Bypassing to pcb->recv ===
[SEDP-RACE-RUN37] host_utc=2026-09-28T09:05:54.973+00:00 host_mono_ns=2345374163328100 
[SEDP-RACE-RUN37] host_utc=2026-09-28T09:05:54.973+00:00 host_mono_ns=2345374163337007 === DEBUG [lwip-posix]: udp_sendto called! Bypassing to POSIX sendto ===
[SEDP-RACE-RUN37] host_utc=2026-09-28T09:05:54.973+00:00 host_mono_ns=2345374163442817 
[SEDP-RACE-RUN37] host_utc=2026-09-28T09:05:54.973+00:00 host_mono_ns=2345374163459438 === DEBUG [lwip-posix]: recvfrom received packet of len 52! Bypassing to pcb->recv ===
[SEDP-RACE-RUN37] host_utc=2026-09-28T09:05:54.973+00:00 host_mono_ns=2345374163468315 
[SEDP-RACE-RUN37] host_utc=2026-09-28T09:05:54.973+00:00 host_mono_ns=2345374163476861 === DEBUG [lwip-posix]: udp_sendto called! Bypassing to POSIX sendto ===
[SEDP-RACE-RUN37] host_utc=2026-09-28T09:05:54.973+00:00 host_mono_ns=2345374163489625 
[SEDP-RACE-RUN37] host_utc=2026-09-28T09:05:54.973+00:00 host_mono_ns=2345374163498342 === DEBUG [lwip-posix]: recvfrom received packet of len 52! Bypassing to pcb->recv ===
[SEDP-RACE-RUN37] host_utc=2026-09-28T09:05:54.973+00:00 host_mono_ns=2345374163510575 
[SEDP-RACE-RUN37] host_utc=2026-09-28T09:05:54.973+00:00 host_mono_ns=2345374163519231 === DEBUG [lwip-posix]: udp_sendto called! Bypassing to POSIX sendto ===
[SEDP-RACE-RUN37] host_utc=2026-09-28T09:05:54.973+00:00 host_mono_ns=2345374163666620 
[SEDP-RACE-RUN37] host_utc=2026-09-28T09:05:54.973+00:00 host_mono_ns=2345374163675517 === DEBUG [lwip-posix]: recvfrom received packet of len 52! Bypassing to pcb->recv ===
[SEDP-RACE-RUN37] host_utc=2026-09-28T09:05:54.973+00:00 host_mono_ns=2345374163684293 
[SEDP-RACE-RUN37] host_utc=2026-09-28T09:05:54.973+00:00 host_mono_ns=2345374163692839 === DEBUG [lwip-posix]: udp_sendto called! Bypassing to POSIX sendto ===
[SEDP-RACE-RUN37] host_utc=2026-09-28T09:05:54.973+00:00 host_mono_ns=2345374163701536 
[SEDP-RACE-RUN37] host_utc=2026-09-28T09:05:54.973+00:00 host_mono_ns=2345374163709952 === DEBUG [lwip-posix]: recvfrom received packet of len 52! Bypassing to pcb->recv ===
[SEDP-RACE-RUN37] host_utc=2026-09-28T09:05:54.973+00:00 host_mono_ns=2345374163718548 
[SEDP-RACE-RUN37] host_utc=2026-09-28T09:05:54.973+00:00 host_mono_ns=2345374163727064 === DEBUG [lwip-posix]: udp_sendto called! Bypassing to POSIX sendto ===
[SEDP-RACE-RUN37] host_utc=2026-09-28T09:05:54.974+00:00 host_mono_ns=2345374164255973 
[SEDP-RACE-RUN37] host_utc=2026-09-28T09:05:54.974+00:00 host_mono_ns=2345374164268847 === DEBUG [lwip-posix]: recvfrom received packet of len 52! Bypassing to pcb->recv ===
[SEDP-RACE-RUN37] host_utc=2026-09-28T09:05:54.974+00:00 host_mono_ns=2345374164277784 
[SEDP-RACE-RUN37] host_utc=2026-09-28T09:05:54.974+00:00 host_mono_ns=2345374164286310 === DEBUG [lwip-posix]: udp_sendto called! Bypassing to POSIX sendto ===
[SEDP-RACE-RUN37] host_utc=2026-09-28T09:05:54.974+00:00 host_mono_ns=2345374164294997 
[SEDP-RACE-RUN37] host_utc=2026-09-28T09:05:54.974+00:00 host_mono_ns=2345374164303423 === DEBUG [lwip-posix]: recvfrom received packet of len 52! Bypassing to pcb->recv ===
[SEDP-RACE-RUN37] host_utc=2026-09-28T09:05:54.974+00:00 host_mono_ns=2345374164312049 
[SEDP-RACE-RUN37] host_utc=2026-09-28T09:05:54.974+00:00 host_mono_ns=2345374164320535 === DEBUG [lwip-posix]: udp_sendto called! Bypassing to POSIX sendto ===
[SEDP-RACE-RUN37] host_utc=2026-09-28T09:05:54.974+00:00 host_mono_ns=2345374164415965 
[SEDP-RACE-RUN37] host_utc=2026-09-28T09:05:54.974+00:00 host_mono_ns=2345374164424912 === DEBUG [lwip-posix]: recvfrom received packet of len 52! Bypassing to pcb->recv ===
[SEDP-RACE-RUN37] host_utc=2026-09-28T09:05:54.974+00:00 host_mono_ns=2345374164433659 
[SEDP-RACE-RUN37] host_utc=2026-09-28T09:05:54.974+00:00 host_mono_ns=2345374164442155 === DEBUG [lwip-posix]: udp_sendto called! Bypassing to POSIX sendto ===
[SEDP-RACE-RUN37] host_utc=2026-09-28T09:05:54.974+00:00 host_mono_ns=2345374164562953 
[SEDP-RACE-RUN37] host_utc=2026-09-28T09:05:54.974+00:00 host_mono_ns=2345374164571870 === DEBUG [lwip-posix]: recvfrom received packet of len 52! Bypassing to pcb->recv ===
[SEDP-RACE-RUN37] host_utc=2026-09-28T09:05:54.974+00:00 host_mono_ns=2345374164580646 
[SEDP-RACE-RUN37] host_utc=2026-09-28T09:05:54.974+00:00 host_mono_ns=2345374164589223 === DEBUG [lwip-posix]: udp_sendto called! Bypassing to POSIX sendto ===
[SEDP-RACE-RUN37] host_utc=2026-09-28T09:05:54.974+00:00 host_mono_ns=2345374164601816 
[SEDP-RACE-RUN37] host_utc=2026-09-28T09:05:54.974+00:00 host_mono_ns=2345374164618217 === DEBUG [lwip-posix]: recvfrom received packet of len 52! Bypassing to pcb->recv ===
[SEDP-RACE-RUN37] host_utc=2026-09-28T09:05:54.974+00:00 host_mono_ns=2345374164627034 
[SEDP-RACE-RUN37] host_utc=2026-09-28T09:05:54.974+00:00 host_mono_ns=2345374164635590 === DEBUG [lwip-posix]: udp_sendto called! Bypassing to POSIX sendto ===
[SEDP-RACE-RUN37] host_utc=2026-09-28T09:05:54.974+00:00 host_mono_ns=2345374164794831 
[SEDP-RACE-RUN37] host_utc=2026-09-28T09:05:54.974+00:00 host_mono_ns=2345374164803878 === DEBUG [lwip-posix]: recvfrom received packet of len 52! Bypassing to pcb->recv ===
[SEDP-RACE-RUN37] host_utc=2026-09-28T09:05:54.974+00:00 host_mono_ns=2345374164812665 
[SEDP-RACE-RUN37] host_utc=2026-09-28T09:05:54.974+00:00 host_mono_ns=2345374164821251 === DEBUG [lwip-posix]: udp_sendto called! Bypassing to POSIX sendto ===
[SEDP-RACE-RUN37] host_utc=2026-09-28T09:05:54.974+00:00 host_mono_ns=2345374164853452 
[SEDP-RACE-RUN37] host_utc=2026-09-28T09:05:54.974+00:00 host_mono_ns=2345374164862298 === DEBUG [lwip-posix]: recvfrom received packet of len 52! Bypassing to pcb->recv ===
[SEDP-RACE-RUN37] host_utc=2026-09-28T09:05:54.974+00:00 host_mono_ns=2345374164871175 
[SEDP-RACE-RUN37] host_utc=2026-09-28T09:05:54.974+00:00 host_mono_ns=2345374164879731 === DEBUG [lwip-posix]: udp_sendto called! Bypassing to POSIX sendto ===
[SEDP-RACE-RUN37] host_utc=2026-09-28T09:05:54.974+00:00 host_mono_ns=2345374165092884 
[SEDP-RACE-RUN37] host_utc=2026-09-28T09:05:54.974+00:00 host_mono_ns=2345374165106570 === DEBUG [lwip-posix]: recvfrom received packet of len 52! Bypassing to pcb->recv ===
[SEDP-RACE-RUN37] host_utc=2026-09-28T09:05:54.974+00:00 host_mono_ns=2345374165115707 
[SEDP-RACE-RUN37] host_utc=2026-09-28T09:05:54.974+00:00 host_mono_ns=2345374165124343 === DEBUG [lwip-posix]: udp_sendto called! Bypassing to POSIX sendto ===
[SEDP-RACE-RUN37] host_utc=2026-09-28T09:05:54.974+00:00 host_mono_ns=2345374165160151 
[SEDP-RACE-RUN37] host_utc=2026-09-28T09:05:54.975+00:00 host_mono_ns=2345374165169118 === DEBUG [lwip-posix]: recvfrom received packet of len 52! Bypassing to pcb->recv ===
[SEDP-RACE-RUN37] host_utc=2026-09-28T09:05:54.975+00:00 host_mono_ns=2345374165177824 
[SEDP-RACE-RUN37] host_utc=2026-09-28T09:05:54.975+00:00 host_mono_ns=2345374165186451 === DEBUG [lwip-posix]: udp_sendto called! Bypassing to POSIX sendto ===
[SEDP-RACE-RUN37] host_utc=2026-09-28T09:05:54.975+00:00 host_mono_ns=2345374165302370 
[SEDP-RACE-RUN37] host_utc=2026-09-28T09:05:54.975+00:00 host_mono_ns=2345374165311257 === DEBUG [lwip-posix]: recvfrom received packet of len 52! Bypassing to pcb->recv ===
[SEDP-RACE-RUN37] host_utc=2026-09-28T09:05:54.975+00:00 host_mono_ns=2345374165319963 
[SEDP-RACE-RUN37] host_utc=2026-09-28T09:05:54.975+00:00 host_mono_ns=2345374165328379 === DEBUG [lwip-posix]: udp_sendto called! Bypassing to POSIX sendto ===
[SEDP-RACE-RUN37] host_utc=2026-09-28T09:05:54.975+00:00 host_mono_ns=2345374165391538 
[SEDP-RACE-RUN37] host_utc=2026-09-28T09:05:54.975+00:00 host_mono_ns=2345374165400435 === DEBUG [lwip-posix]: recvfrom received packet of len 52! Bypassing to pcb->recv ===
[SEDP-RACE-RUN37] host_utc=2026-09-28T09:05:54.975+00:00 host_mono_ns=2345374165409352 
[SEDP-RACE-RUN37] host_utc=2026-09-28T09:05:54.975+00:00 host_mono_ns=2345374165417928 === DEBUG [lwip-posix]: udp_sendto called! Bypassing to POSIX sendto ===
[SEDP-RACE-RUN37] host_utc=2026-09-28T09:05:54.975+00:00 host_mono_ns=2345374165509792 
[SEDP-RACE-RUN37] host_utc=2026-09-28T09:05:54.975+00:00 host_mono_ns=2345374165518578 === DEBUG [lwip-posix]: recvfrom received packet of len 52! Bypassing to pcb->recv ===
[SEDP-RACE-RUN37] host_utc=2026-09-28T09:05:54.975+00:00 host_mono_ns=2345374165527345 
[SEDP-RACE-RUN37] host_utc=2026-09-28T09:05:54.975+00:00 host_mono_ns=2345374165535881 === DEBUG [lwip-posix]: udp_sendto called! Bypassing to POSIX sendto ===
[SEDP-RACE-RUN37] host_utc=2026-09-28T09:05:54.975+00:00 host_mono_ns=2345374165585555 
[SEDP-RACE-RUN37] host_utc=2026-09-28T09:05:54.975+00:00 host_mono_ns=2345374165594422 === DEBUG [lwip-posix]: recvfrom received packet of len 52! Bypassing to pcb->recv ===
[SEDP-RACE-RUN37] host_utc=2026-09-28T09:05:54.975+00:00 host_mono_ns=2345374165610993 
[SEDP-RACE-RUN37] host_utc=2026-09-28T09:05:54.975+00:00 host_mono_ns=2345374165619599 === DEBUG [lwip-posix]: udp_sendto called! Bypassing to POSIX sendto ===
[SEDP-RACE-RUN37] host_utc=2026-09-28T09:05:54.975+00:00 host_mono_ns=2345374165795321 
[SEDP-RACE-RUN37] host_utc=2026-09-28T09:05:54.975+00:00 host_mono_ns=2345374165804288 === DEBUG [lwip-posix]: recvfrom received packet of len 52! Bypassing to pcb->recv ===
[SEDP-RACE-RUN37] host_utc=2026-09-28T09:05:54.975+00:00 host_mono_ns=2345374165813295 
[SEDP-RACE-RUN37] host_utc=2026-09-28T09:05:54.975+00:00 host_mono_ns=2345374165821861 === DEBUG [lwip-posix]: udp_sendto called! Bypassing to POSIX sendto ===
[SEDP-RACE-RUN37] host_utc=2026-09-28T09:05:54.975+00:00 host_mono_ns=2345374165902864 
[SEDP-RACE-RUN37] host_utc=2026-09-28T09:05:54.975+00:00 host_mono_ns=2345374165911791 === DEBUG [lwip-posix]: recvfrom received packet of len 52! Bypassing to pcb->recv ===
[SEDP-RACE-RUN37] host_utc=2026-09-28T09:05:54.975+00:00 host_mono_ns=2345374165920688 
[SEDP-RACE-RUN37] host_utc=2026-09-28T09:05:54.975+00:00 host_mono_ns=2345374165929194 === DEBUG [lwip-posix]: udp_sendto called! Bypassing to POSIX sendto ===
[SEDP-RACE-RUN37] host_utc=2026-09-28T09:05:54.975+00:00 host_mono_ns=2345374166054080 
[SEDP-RACE-RUN37] host_utc=2026-09-28T09:05:54.975+00:00 host_mono_ns=2345374166067055 === DEBUG [lwip-posix]: recvfrom received packet of len 52! Bypassing to pcb->recv ===
[SEDP-RACE-RUN37] host_utc=2026-09-28T09:05:54.975+00:00 host_mono_ns=2345374166075851 
[SEDP-RACE-RUN37] host_utc=2026-09-28T09:05:54.975+00:00 host_mono_ns=2345374166084437 === DEBUG [lwip-posix]: udp_sendto called! Bypassing to POSIX sendto ===
[SEDP-RACE-RUN37] host_utc=2026-09-28T09:05:54.975+00:00 host_mono_ns=2345374166097211 
[SEDP-RACE-RUN37] host_utc=2026-09-28T09:05:54.975+00:00 host_mono_ns=2345374166105788 === DEBUG [lwip-posix]: recvfrom received packet of len 52! Bypassing to pcb->recv ===
[SEDP-RACE-RUN37] host_utc=2026-09-28T09:05:54.975+00:00 host_mono_ns=2345374166114464 
[SEDP-RACE-RUN37] host_utc=2026-09-28T09:05:54.975+00:00 host_mono_ns=2345374166122960 === DEBUG [lwip-posix]: udp_sendto called! Bypassing to POSIX sendto ===
[SEDP-RACE-RUN37] host_utc=2026-09-28T09:05:54.976+00:00 host_mono_ns=2345374166252164 
[SEDP-RACE-RUN37] host_utc=2026-09-28T09:05:54.976+00:00 host_mono_ns=2345374166261031 === DEBUG [lwip-posix]: recvfrom received packet of len 52! Bypassing to pcb->recv ===
[SEDP-RACE-RUN37] host_utc=2026-09-28T09:05:54.976+00:00 host_mono_ns=2345374166269808 
[SEDP-RACE-RUN37] host_utc=2026-09-28T09:05:54.976+00:00 host_mono_ns=2345374166278354 === DEBUG [lwip-posix]: udp_sendto called! Bypassing to POSIX sendto ===
[SEDP-RACE-RUN37] host_utc=2026-09-28T09:05:54.976+00:00 host_mono_ns=2345374166322708 
[SEDP-RACE-RUN37] host_utc=2026-09-28T09:05:54.976+00:00 host_mono_ns=2345374166331775 === DEBUG [lwip-posix]: recvfrom received packet of len 52! Bypassing to pcb->recv ===
[SEDP-RACE-RUN37] host_utc=2026-09-28T09:05:54.976+00:00 host_mono_ns=2345374166340571 
[SEDP-RACE-RUN37] host_utc=2026-09-28T09:05:54.976+00:00 host_mono_ns=2345374166349127 === DEBUG [lwip-posix]: udp_sendto called! Bypassing to POSIX sendto ===
[SEDP-RACE-RUN37] host_utc=2026-09-28T09:05:54.976+00:00 host_mono_ns=2345374166473062 
[SEDP-RACE-RUN37] host_utc=2026-09-28T09:05:54.976+00:00 host_mono_ns=2345374166482099 === DEBUG [lwip-posix]: recvfrom received packet of len 52! Bypassing to pcb->recv ===
[SEDP-RACE-RUN37] host_utc=2026-09-28T09:05:54.976+00:00 host_mono_ns=2345374166490865 
[SEDP-RACE-RUN37] host_utc=2026-09-28T09:05:54.976+00:00 host_mono_ns=2345374166499461 === DEBUG [lwip-posix]: udp_sendto called! Bypassing to POSIX sendto ===
[SEDP-RACE-RUN37] host_utc=2026-09-28T09:05:54.976+00:00 host_mono_ns=2345374166508188 
[SEDP-RACE-RUN37] host_utc=2026-09-28T09:05:54.976+00:00 host_mono_ns=2345374166516744 === DEBUG [lwip-posix]: recvfrom received packet of len 52! Bypassing to pcb->recv ===
[SEDP-RACE-RUN37] host_utc=2026-09-28T09:05:54.976+00:00 host_mono_ns=2345374166533055 
[SEDP-RACE-RUN37] host_utc=2026-09-28T09:05:54.976+00:00 host_mono_ns=2345374166541711 === DEBUG [lwip-posix]: udp_sendto called! Bypassing to POSIX sendto ===
[SEDP-RACE-RUN37] host_utc=2026-09-28T09:05:54.976+00:00 host_mono_ns=2345374166761296 
[SEDP-RACE-RUN37] host_utc=2026-09-28T09:05:54.976+00:00 host_mono_ns=2345374166770514 === DEBUG [lwip-posix]: recvfrom received packet of len 52! Bypassing to pcb->recv ===
[SEDP-RACE-RUN37] host_utc=2026-09-28T09:05:54.976+00:00 host_mono_ns=2345374166783107 
[SEDP-RACE-RUN37] host_utc=2026-09-28T09:05:54.976+00:00 host_mono_ns=2345374166791904 === DEBUG [lwip-posix]: udp_sendto called! Bypassing to POSIX sendto ===
[SEDP-RACE-RUN37] host_utc=2026-09-28T09:05:54.976+00:00 host_mono_ns=2345374166818695 
[SEDP-RACE-RUN37] host_utc=2026-09-28T09:05:54.976+00:00 host_mono_ns=2345374166827571 === DEBUG [lwip-posix]: recvfrom received packet of len 52! Bypassing to pcb->recv ===
[SEDP-RACE-RUN37] host_utc=2026-09-28T09:05:54.976+00:00 host_mono_ns=2345374166836378 
[SEDP-RACE-RUN37] host_utc=2026-09-28T09:05:54.976+00:00 host_mono_ns=2345374166844914 === DEBUG [lwip-posix]: udp_sendto called! Bypassing to POSIX sendto ===
[SEDP-RACE-RUN37] host_utc=2026-09-28T09:05:54.976+00:00 host_mono_ns=2345374167065190 
[SEDP-RACE-RUN37] host_utc=2026-09-28T09:05:54.976+00:00 host_mono_ns=2345374167077984 === DEBUG [lwip-posix]: recvfrom received packet of len 52! Bypassing to pcb->recv ===
[SEDP-RACE-RUN37] host_utc=2026-09-28T09:05:54.976+00:00 host_mono_ns=2345374167086791 
[SEDP-RACE-RUN37] host_utc=2026-09-28T09:05:54.976+00:00 host_mono_ns=2345374167095437 === DEBUG [lwip-posix]: udp_sendto called! Bypassing to POSIX sendto ===
[SEDP-RACE-RUN37] host_utc=2026-09-28T09:05:54.977+00:00 host_mono_ns=2345374167207850 
[SEDP-RACE-RUN37] host_utc=2026-09-28T09:05:54.977+00:00 host_mono_ns=2345374167216847 === DEBUG [lwip-posix]: recvfrom received packet of len 52! Bypassing to pcb->recv ===
[SEDP-RACE-RUN37] host_utc=2026-09-28T09:05:54.977+00:00 host_mono_ns=2345374167225734 
[SEDP-RACE-RUN37] host_utc=2026-09-28T09:05:54.977+00:00 host_mono_ns=2345374167234280 === DEBUG [lwip-posix]: udp_sendto called! Bypassing to POSIX sendto ===
[SEDP-RACE-RUN37] host_utc=2026-09-28T09:05:54.977+00:00 host_mono_ns=2345374167360518 
[SEDP-RACE-RUN37] host_utc=2026-09-28T09:05:54.977+00:00 host_mono_ns=2345374167369465 === DEBUG [lwip-posix]: recvfrom received packet of len 52! Bypassing to pcb->recv ===
[SEDP-RACE-RUN37] host_utc=2026-09-28T09:05:54.977+00:00 host_mono_ns=2345374167381959 
[SEDP-RACE-RUN37] host_utc=2026-09-28T09:05:54.977+00:00 host_mono_ns=2345374167390675 === DEBUG [lwip-posix]: udp_sendto called! Bypassing to POSIX sendto ===
[SEDP-RACE-RUN37] host_utc=2026-09-28T09:05:54.977+00:00 host_mono_ns=2345374167485895 
[SEDP-RACE-RUN37] host_utc=2026-09-28T09:05:54.977+00:00 host_mono_ns=2345374167494842 === DEBUG [lwip-posix]: recvfrom received packet of len 52! Bypassing to pcb->recv ===
[SEDP-RACE-RUN37] host_utc=2026-09-28T09:05:54.977+00:00 host_mono_ns=2345374167503558 
[SEDP-RACE-RUN37] host_utc=2026-09-28T09:05:54.977+00:00 host_mono_ns=2345374167512155 === DEBUG [lwip-posix]: udp_sendto called! Bypassing to POSIX sendto ===
[SEDP-RACE-RUN37] host_utc=2026-09-28T09:05:54.977+00:00 host_mono_ns=2345374167591625 
[SEDP-RACE-RUN37] host_utc=2026-09-28T09:05:54.977+00:00 host_mono_ns=2345374167600682 === DEBUG [lwip-posix]: recvfrom received packet of len 52! Bypassing to pcb->recv ===
[SEDP-RACE-RUN37] host_utc=2026-09-28T09:05:54.977+00:00 host_mono_ns=2345374167609469 
[SEDP-RACE-RUN37] host_utc=2026-09-28T09:05:54.977+00:00 host_mono_ns=2345374167617955 === DEBUG [lwip-posix]: udp_sendto called! Bypassing to POSIX sendto ===
[SEDP-RACE-RUN37] host_utc=2026-09-28T09:05:54.977+00:00 host_mono_ns=2345374167766846 
[SEDP-RACE-RUN37] host_utc=2026-09-28T09:05:54.977+00:00 host_mono_ns=2345374167775743 === DEBUG [lwip-posix]: recvfrom received packet of len 52! Bypassing to pcb->recv ===
[SEDP-RACE-RUN37] host_utc=2026-09-28T09:05:54.977+00:00 host_mono_ns=2345374167791973 
[SEDP-RACE-RUN37] host_utc=2026-09-28T09:05:54.977+00:00 host_mono_ns=2345374167800630 === DEBUG [lwip-posix]: udp_sendto called! Bypassing to POSIX sendto ===
[SEDP-RACE-RUN37] host_utc=2026-09-28T09:05:54.977+00:00 host_mono_ns=2345374167813173 
[SEDP-RACE-RUN37] host_utc=2026-09-28T09:05:54.977+00:00 host_mono_ns=2345374167821900 === DEBUG [lwip-posix]: recvfrom received packet of len 52! Bypassing to pcb->recv ===
[SEDP-RACE-RUN37] host_utc=2026-09-28T09:05:54.977+00:00 host_mono_ns=2345374167830506 
[SEDP-RACE-RUN37] host_utc=2026-09-28T09:05:54.977+00:00 host_mono_ns=2345374167839062 === DEBUG [lwip-posix]: udp_sendto called! Bypassing to POSIX sendto ===
[SEDP-RACE-RUN37] host_utc=2026-09-28T09:05:54.977+00:00 host_mono_ns=2345374168052586 
[SEDP-RACE-RUN37] host_utc=2026-09-28T09:05:54.977+00:00 host_mono_ns=2345374168065300 === DEBUG [lwip-posix]: recvfrom received packet of len 52! Bypassing to pcb->recv ===
[SEDP-RACE-RUN37] host_utc=2026-09-28T09:05:54.977+00:00 host_mono_ns=2345374168074287 
[SEDP-RACE-RUN37] host_utc=2026-09-28T09:05:54.977+00:00 host_mono_ns=2345374168082823 === DEBUG [lwip-posix]: udp_sendto called! Bypassing to POSIX sendto ===
[SEDP-RACE-RUN37] host_utc=2026-09-28T09:05:54.977+00:00 host_mono_ns=2345374168095417 
[SEDP-RACE-RUN37] host_utc=2026-09-28T09:05:54.977+00:00 host_mono_ns=2345374168103983 === DEBUG [lwip-posix]: recvfrom received packet of len 52! Bypassing to pcb->recv ===
[SEDP-RACE-RUN37] host_utc=2026-09-28T09:05:54.977+00:00 host_mono_ns=2345374168112669 
[SEDP-RACE-RUN37] host_utc=2026-09-28T09:05:54.977+00:00 host_mono_ns=2345374168121155 === DEBUG [lwip-posix]: udp_sendto called! Bypassing to POSIX sendto ===
[SEDP-RACE-RUN37] host_utc=2026-09-28T09:05:54.978+00:00 host_mono_ns=2345374168377259 
[SEDP-RACE-RUN37] host_utc=2026-09-28T09:05:54.978+00:00 host_mono_ns=2345374168386276 === DEBUG [lwip-posix]: recvfrom received packet of len 52! Bypassing to pcb->recv ===
[SEDP-RACE-RUN37] host_utc=2026-09-28T09:05:54.978+00:00 host_mono_ns=2345374168394993 
[SEDP-RACE-RUN37] host_utc=2026-09-28T09:05:54.978+00:00 host_mono_ns=2345374168403619 === DEBUG [lwip-posix]: udp_sendto called! Bypassing to POSIX sendto ===
[SEDP-RACE-RUN37] host_utc=2026-09-28T09:05:54.978+00:00 host_mono_ns=2345374168412265 
[SEDP-RACE-RUN37] host_utc=2026-09-28T09:05:54.978+00:00 host_mono_ns=2345374168420751 === DEBUG [lwip-posix]: recvfrom received packet of len 52! Bypassing to pcb->recv ===
[SEDP-RACE-RUN37] host_utc=2026-09-28T09:05:54.978+00:00 host_mono_ns=2345374168433205 
[SEDP-RACE-RUN37] host_utc=2026-09-28T09:05:54.978+00:00 host_mono_ns=2345374168441881 === DEBUG [lwip-posix]: udp_sendto called! Bypassing to POSIX sendto ===
[SEDP-RACE-RUN37] host_utc=2026-09-28T09:05:54.978+00:00 host_mono_ns=2345374168620439 
[SEDP-RACE-RUN37] host_utc=2026-09-28T09:05:54.978+00:00 host_mono_ns=2345374168629456 === DEBUG [lwip-posix]: recvfrom received packet of len 52! Bypassing to pcb->recv ===
[SEDP-RACE-RUN37] host_utc=2026-09-28T09:05:54.978+00:00 host_mono_ns=2345374168638202 
[SEDP-RACE-RUN37] host_utc=2026-09-28T09:05:54.978+00:00 host_mono_ns=2345374168646798 === DEBUG [lwip-posix]: udp_sendto called! Bypassing to POSIX sendto ===
[SEDP-RACE-RUN37] host_utc=2026-09-28T09:05:54.978+00:00 host_mono_ns=2345374168659272 
[SEDP-RACE-RUN37] host_utc=2026-09-28T09:05:54.978+00:00 host_mono_ns=2345374168667988 === DEBUG [lwip-posix]: recvfrom received packet of len 52! Bypassing to pcb->recv ===
[SEDP-RACE-RUN37] host_utc=2026-09-28T09:05:54.978+00:00 host_mono_ns=2345374168676685 
[SEDP-RACE-RUN37] host_utc=2026-09-28T09:05:54.978+00:00 host_mono_ns=2345374168685181 === DEBUG [lwip-posix]: udp_sendto called! Bypassing to POSIX sendto ===
[SEDP-RACE-RUN37] host_utc=2026-09-28T09:05:54.978+00:00 host_mono_ns=2345374168793766 
[SEDP-RACE-RUN37] host_utc=2026-09-28T09:05:54.978+00:00 host_mono_ns=2345374168802683 === DEBUG [lwip-posix]: recvfrom received packet of len 52! Bypassing to pcb->recv ===
[SEDP-RACE-RUN37] host_utc=2026-09-28T09:05:54.978+00:00 host_mono_ns=2345374168818763 
[SEDP-RACE-RUN37] host_utc=2026-09-28T09:05:54.978+00:00 host_mono_ns=2345374168827400 === DEBUG [lwip-posix]: udp_sendto called! Bypassing to POSIX sendto ===
[SEDP-RACE-RUN37] host_utc=2026-09-28T09:05:54.978+00:00 host_mono_ns=2345374168836146 
[SEDP-RACE-RUN37] host_utc=2026-09-28T09:05:54.978+00:00 host_mono_ns=2345374168844652 === DEBUG [lwip-posix]: recvfrom received packet of len 52! Bypassing to pcb->recv ===
[SEDP-RACE-RUN37] host_utc=2026-09-28T09:05:54.978+00:00 host_mono_ns=2345374168873918 
[SEDP-RACE-RUN37] host_utc=2026-09-28T09:05:54.978+00:00 host_mono_ns=2345374168882925 === DEBUG [lwip-posix]: udp_sendto called! Bypassing to POSIX sendto ===
[SEDP-RACE-RUN37] host_utc=2026-09-28T09:05:54.979+00:00 host_mono_ns=2345374169177040 
[SEDP-RACE-RUN37] host_utc=2026-09-28T09:05:54.979+00:00 host_mono_ns=2345374169191477 === DEBUG [lwip-posix]: recvfrom received packet of len 52! Bypassing to pcb->recv ===
[SEDP-RACE-RUN37] host_utc=2026-09-28T09:05:54.979+00:00 host_mono_ns=2345374169200545 
[SEDP-RACE-RUN37] host_utc=2026-09-28T09:05:54.979+00:00 host_mono_ns=2345374169209061 === DEBUG [lwip-posix]: udp_sendto called! Bypassing to POSIX sendto ===
[SEDP-RACE-RUN37] host_utc=2026-09-28T09:05:54.979+00:00 host_mono_ns=2345374169217867 
[SEDP-RACE-RUN37] host_utc=2026-09-28T09:05:54.979+00:00 host_mono_ns=2345374169226383 === DEBUG [lwip-posix]: recvfrom received packet of len 52! Bypassing to pcb->recv ===
[SEDP-RACE-RUN37] host_utc=2026-09-28T09:05:54.979+00:00 host_mono_ns=2345374169235000 
[SEDP-RACE-RUN37] host_utc=2026-09-28T09:05:54.979+00:00 host_mono_ns=2345374169243456 === DEBUG [lwip-posix]: udp_sendto called! Bypassing to POSIX sendto ===
[SEDP-RACE-RUN37] host_utc=2026-09-28T09:05:54.979+00:00 host_mono_ns=2345374169331582 
[SEDP-RACE-RUN37] host_utc=2026-09-28T09:05:54.979+00:00 host_mono_ns=2345374169340489 === DEBUG [lwip-posix]: recvfrom received packet of len 52! Bypassing to pcb->recv ===
[SEDP-RACE-RUN37] host_utc=2026-09-28T09:05:54.979+00:00 host_mono_ns=2345374169349125 
[SEDP-RACE-RUN37] host_utc=2026-09-28T09:05:54.979+00:00 host_mono_ns=2345374169357651 === DEBUG [lwip-posix]: udp_sendto called! Bypassing to POSIX sendto ===
[SEDP-RACE-RUN37] host_utc=2026-09-28T09:05:54.979+00:00 host_mono_ns=2345374169366308 
[SEDP-RACE-RUN37] host_utc=2026-09-28T09:05:54.979+00:00 host_mono_ns=2345374169374804 === DEBUG [lwip-posix]: recvfrom received packet of len 52! Bypassing to pcb->recv ===
[SEDP-RACE-RUN37] host_utc=2026-09-28T09:05:54.979+00:00 host_mono_ns=2345374169387287 
[SEDP-RACE-RUN37] host_utc=2026-09-28T09:05:54.979+00:00 host_mono_ns=2345374169396064 === DEBUG [lwip-posix]: udp_sendto called! Bypassing to POSIX sendto ===
[SEDP-RACE-RUN37] host_utc=2026-09-28T09:05:54.979+00:00 host_mono_ns=2345374169691743 
[SEDP-RACE-RUN37] host_utc=2026-09-28T09:05:54.979+00:00 host_mono_ns=2345374169700649 === DEBUG [lwip-posix]: recvfrom received packet of len 52! Bypassing to pcb->recv ===
[SEDP-RACE-RUN37] host_utc=2026-09-28T09:05:54.979+00:00 host_mono_ns=2345374169709456 
[SEDP-RACE-RUN37] host_utc=2026-09-28T09:05:54.979+00:00 host_mono_ns=2345374169717972 === DEBUG [lwip-posix]: udp_sendto called! Bypassing to POSIX sendto ===
[SEDP-RACE-RUN37] host_utc=2026-09-28T09:05:54.979+00:00 host_mono_ns=2345374169726629 
[SEDP-RACE-RUN37] host_utc=2026-09-28T09:05:54.979+00:00 host_mono_ns=2345374169735075 === DEBUG [lwip-posix]: recvfrom received packet of len 52! Bypassing to pcb->recv ===
[SEDP-RACE-RUN37] host_utc=2026-09-28T09:05:54.979+00:00 host_mono_ns=2345374169743711 
[SEDP-RACE-RUN37] host_utc=2026-09-28T09:05:54.979+00:00 host_mono_ns=2345374169752227 === DEBUG [lwip-posix]: udp_sendto called! Bypassing to POSIX sendto ===
[SEDP-RACE-RUN37] host_utc=2026-09-28T09:05:54.979+00:00 host_mono_ns=2345374169931446 
[SEDP-RACE-RUN37] host_utc=2026-09-28T09:05:54.979+00:00 host_mono_ns=2345374169940282 === DEBUG [lwip-posix]: recvfrom received packet of len 52! Bypassing to pcb->recv ===
[SEDP-RACE-RUN37] host_utc=2026-09-28T09:05:54.979+00:00 host_mono_ns=2345374169956823 
[SEDP-RACE-RUN37] host_utc=2026-09-28T09:05:54.979+00:00 host_mono_ns=2345374169965430 === DEBUG [lwip-posix]: udp_sendto called! Bypassing to POSIX sendto ===
[SEDP-RACE-RUN37] host_utc=2026-09-28T09:05:54.979+00:00 host_mono_ns=2345374169974156 
[SEDP-RACE-RUN37] host_utc=2026-09-28T09:05:54.979+00:00 host_mono_ns=2345374169982632 === DEBUG [lwip-posix]: recvfrom received packet of len 52! Bypassing to pcb->recv ===
[SEDP-RACE-RUN37] host_utc=2026-09-28T09:05:54.979+00:00 host_mono_ns=2345374169991309 
[SEDP-RACE-RUN37] host_utc=2026-09-28T09:05:54.979+00:00 host_mono_ns=2345374169999855 === DEBUG [lwip-posix]: udp_sendto called! Bypassing to POSIX sendto ===
[SEDP-RACE-RUN37] host_utc=2026-09-28T09:05:54.979+00:00 host_mono_ns=2345374170144949 
[SEDP-RACE-RUN37] host_utc=2026-09-28T09:05:54.979+00:00 host_mono_ns=2345374170154146 === DEBUG [lwip-posix]: recvfrom received packet of len 52! Bypassing to pcb->recv ===
[SEDP-RACE-RUN37] host_utc=2026-09-28T09:05:54.979+00:00 host_mono_ns=2345374170162953 
[SEDP-RACE-RUN37] host_utc=2026-09-28T09:05:54.980+00:00 host_mono_ns=2345374170171539 === DEBUG [lwip-posix]: udp_sendto called! Bypassing to POSIX sendto ===
[SEDP-RACE-RUN37] host_utc=2026-09-28T09:05:54.980+00:00 host_mono_ns=2345374170180175 
[SEDP-RACE-RUN37] host_utc=2026-09-28T09:05:54.980+00:00 host_mono_ns=2345374170188621 === DEBUG [lwip-posix]: recvfrom received packet of len 52! Bypassing to pcb->recv ===
[SEDP-RACE-RUN37] host_utc=2026-09-28T09:05:54.980+00:00 host_mono_ns=2345374170197228 
[SEDP-RACE-RUN37] host_utc=2026-09-28T09:05:54.980+00:00 host_mono_ns=2345374170205714 === DEBUG [lwip-posix]: udp_sendto called! Bypassing to POSIX sendto ===
[SEDP-RACE-RUN37] host_utc=2026-09-28T09:05:54.980+00:00 host_mono_ns=2345374170430689 
[SEDP-RACE-RUN37] host_utc=2026-09-28T09:05:54.980+00:00 host_mono_ns=2345374170439626 === DEBUG [lwip-posix]: recvfrom received packet of len 52! Bypassing to pcb->recv ===
[SEDP-RACE-RUN37] host_utc=2026-09-28T09:05:54.980+00:00 host_mono_ns=2345374170467438 
[SEDP-RACE-RUN37] host_utc=2026-09-28T09:05:54.980+00:00 host_mono_ns=2345374170476295 === DEBUG [lwip-posix]: udp_sendto called! Bypassing to POSIX sendto ===
[SEDP-RACE-RUN37] host_utc=2026-09-28T09:05:54.980+00:00 host_mono_ns=2345374170686813 
[SEDP-RACE-RUN37] host_utc=2026-09-28T09:05:54.980+00:00 host_mono_ns=2345374170695629 === DEBUG [lwip-posix]: recvfrom received packet of len 52! Bypassing to pcb->recv ===
[SEDP-RACE-RUN37] host_utc=2026-09-28T09:05:54.980+00:00 host_mono_ns=2345374170704376 
[SEDP-RACE-RUN37] host_utc=2026-09-28T09:05:54.980+00:00 host_mono_ns=2345374170712872 === DEBUG [lwip-posix]: udp_sendto called! Bypassing to POSIX sendto ===
[SEDP-RACE-RUN37] host_utc=2026-09-28T09:05:54.980+00:00 host_mono_ns=2345374170725556 
[SEDP-RACE-RUN37] host_utc=2026-09-28T09:05:54.980+00:00 host_mono_ns=2345374170734192 === DEBUG [lwip-posix]: recvfrom received packet of len 52! Bypassing to pcb->recv ===
[SEDP-RACE-RUN37] host_utc=2026-09-28T09:05:54.980+00:00 host_mono_ns=2345374170742919 
[SEDP-RACE-RUN37] host_utc=2026-09-28T09:05:54.980+00:00 host_mono_ns=2345374170751445 === DEBUG [lwip-posix]: udp_sendto called! Bypassing to POSIX sendto ===
[SEDP-RACE-RUN37] host_utc=2026-09-28T09:05:54.981+00:00 host_mono_ns=2345374171185294 
[SEDP-RACE-RUN37] host_utc=2026-09-28T09:05:54.981+00:00 host_mono_ns=2345374171198700 === DEBUG [lwip-posix]: recvfrom received packet of len 52! Bypassing to pcb->recv ===
[SEDP-RACE-RUN37] host_utc=2026-09-28T09:05:54.981+00:00 host_mono_ns=2345374171207807 
[SEDP-RACE-RUN37] host_utc=2026-09-28T09:05:54.981+00:00 host_mono_ns=2345374171216523 === DEBUG [lwip-posix]: udp_sendto called! Bypassing to POSIX sendto ===
[SEDP-RACE-RUN37] host_utc=2026-09-28T09:05:54.981+00:00 host_mono_ns=2345374171229558 
[SEDP-RACE-RUN37] host_utc=2026-09-28T09:05:54.981+00:00 host_mono_ns=2345374171238274 === DEBUG [lwip-posix]: recvfrom received packet of len 52! Bypassing to pcb->recv ===
[SEDP-RACE-RUN37] host_utc=2026-09-28T09:05:54.981+00:00 host_mono_ns=2345374171254776 
[SEDP-RACE-RUN37] host_utc=2026-09-28T09:05:54.981+00:00 host_mono_ns=2345374171263442 === DEBUG [lwip-posix]: udp_sendto called! Bypassing to POSIX sendto ===
[SEDP-RACE-RUN37] host_utc=2026-09-28T09:05:54.981+00:00 host_mono_ns=2345374171534985 
[SEDP-RACE-RUN37] host_utc=2026-09-28T09:05:54.981+00:00 host_mono_ns=2345374171544222 === DEBUG [lwip-posix]: recvfrom received packet of len 52! Bypassing to pcb->recv ===
[SEDP-RACE-RUN37] host_utc=2026-09-28T09:05:54.981+00:00 host_mono_ns=2345374171553259 
[SEDP-RACE-RUN37] host_utc=2026-09-28T09:05:54.981+00:00 host_mono_ns=2345374171561836 === DEBUG [lwip-posix]: udp_sendto called! Bypassing to POSIX sendto ===
[SEDP-RACE-RUN37] host_utc=2026-09-28T09:05:54.981+00:00 host_mono_ns=2345374171574630 
[SEDP-RACE-RUN37] host_utc=2026-09-28T09:05:54.981+00:00 host_mono_ns=2345374171583476 === DEBUG [lwip-posix]: recvfrom received packet of len 52! Bypassing to pcb->recv ===
[SEDP-RACE-RUN37] host_utc=2026-09-28T09:05:54.981+00:00 host_mono_ns=2345374171592303 
[SEDP-RACE-RUN37] host_utc=2026-09-28T09:05:54.981+00:00 host_mono_ns=2345374171600939 === DEBUG [lwip-posix]: udp_sendto called! Bypassing to POSIX sendto ===
[SEDP-RACE-RUN37] host_utc=2026-09-28T09:05:54.981+00:00 host_mono_ns=2345374171687042 
[SEDP-RACE-RUN37] host_utc=2026-09-28T09:05:54.981+00:00 host_mono_ns=2345374171696279 === DEBUG [lwip-posix]: recvfrom received packet of len 52! Bypassing to pcb->recv ===
[SEDP-RACE-RUN37] host_utc=2026-09-28T09:05:54.981+00:00 host_mono_ns=2345374171705136 
[SEDP-RACE-RUN37] host_utc=2026-09-28T09:05:54.981+00:00 host_mono_ns=2345374171713773 === DEBUG [lwip-posix]: udp_sendto called! Bypassing to POSIX sendto ===
[SEDP-RACE-RUN37] host_utc=2026-09-28T09:05:54.981+00:00 host_mono_ns=2345374171939669 
[SEDP-RACE-RUN37] host_utc=2026-09-28T09:05:54.981+00:00 host_mono_ns=2345374171948766 === DEBUG [lwip-posix]: recvfrom received packet of len 52! Bypassing to pcb->recv ===
[SEDP-RACE-RUN37] host_utc=2026-09-28T09:05:54.981+00:00 host_mono_ns=2345374171957683 
[SEDP-RACE-RUN37] host_utc=2026-09-28T09:05:54.981+00:00 host_mono_ns=2345374171966360 === DEBUG [lwip-posix]: udp_sendto called! Bypassing to POSIX sendto ===
[SEDP-RACE-RUN37] host_utc=2026-09-28T09:05:54.981+00:00 host_mono_ns=2345374171975186 
[SEDP-RACE-RUN37] host_utc=2026-09-28T09:05:54.981+00:00 host_mono_ns=2345374171983763 === DEBUG [lwip-posix]: recvfrom received packet of len 52! Bypassing to pcb->recv ===
[SEDP-RACE-RUN37] host_utc=2026-09-28T09:05:54.981+00:00 host_mono_ns=2345374171992499 
[SEDP-RACE-RUN37] host_utc=2026-09-28T09:05:54.981+00:00 host_mono_ns=2345374172010483 === DEBUG [lwip-posix]: udp_sendto called! Bypassing to POSIX sendto ===
[SEDP-RACE-RUN37] host_utc=2026-09-28T09:05:54.982+00:00 host_mono_ns=2345374172268571 
[SEDP-RACE-RUN37] host_utc=2026-09-28T09:05:54.982+00:00 host_mono_ns=2345374172278038 === DEBUG [lwip-posix]: recvfrom received packet of len 52! Bypassing to pcb->recv ===
[SEDP-RACE-RUN37] host_utc=2026-09-28T09:05:54.982+00:00 host_mono_ns=2345374172286955 
[SEDP-RACE-RUN37] host_utc=2026-09-28T09:05:54.982+00:00 host_mono_ns=2345374172295572 === DEBUG [lwip-posix]: udp_sendto called! Bypassing to POSIX sendto ===
[SEDP-RACE-RUN37] host_utc=2026-09-28T09:05:54.982+00:00 host_mono_ns=2345374172308426 
[SEDP-RACE-RUN37] host_utc=2026-09-28T09:05:54.982+00:00 host_mono_ns=2345374172317333 === DEBUG [lwip-posix]: recvfrom received packet of len 52! Bypassing to pcb->recv ===
[SEDP-RACE-RUN37] host_utc=2026-09-28T09:05:54.982+00:00 host_mono_ns=2345374172326220 
[SEDP-RACE-RUN37] host_utc=2026-09-28T09:05:54.982+00:00 host_mono_ns=2345374172334846 === DEBUG [lwip-posix]: udp_sendto called! Bypassing to POSIX sendto ===
[SEDP-RACE-RUN37] host_utc=2026-09-28T09:05:54.982+00:00 host_mono_ns=2345374172620546 
[SEDP-RACE-RUN37] host_utc=2026-09-28T09:05:54.982+00:00 host_mono_ns=2345374172629703 === DEBUG [lwip-posix]: recvfrom received packet of len 52! Bypassing to pcb->recv ===
[SEDP-RACE-RUN37] host_utc=2026-09-28T09:05:54.982+00:00 host_mono_ns=2345374172646264 
[SEDP-RACE-RUN37] host_utc=2026-09-28T09:05:54.982+00:00 host_mono_ns=2345374172655001 === DEBUG [lwip-posix]: udp_sendto called! Bypassing to POSIX sendto ===
[SEDP-RACE-RUN37] host_utc=2026-09-28T09:05:54.982+00:00 host_mono_ns=2345374172778855 
[SEDP-RACE-RUN37] host_utc=2026-09-28T09:05:54.982+00:00 host_mono_ns=2345374172788012 === DEBUG [lwip-posix]: recvfrom received packet of len 52! Bypassing to pcb->recv ===
[SEDP-RACE-RUN37] host_utc=2026-09-28T09:05:54.982+00:00 host_mono_ns=2345374172796959 
[SEDP-RACE-RUN37] host_utc=2026-09-28T09:05:54.982+00:00 host_mono_ns=2345374172805585 === DEBUG [lwip-posix]: udp_sendto called! Bypassing to POSIX sendto ===
[SEDP-RACE-RUN37] host_utc=2026-09-28T09:05:54.982+00:00 host_mono_ns=2345374173122163 
[SEDP-RACE-RUN37] host_utc=2026-09-28T09:05:54.982+00:00 host_mono_ns=2345374173134988 === DEBUG [lwip-posix]: recvfrom received packet of len 52! Bypassing to pcb->recv ===
[SEDP-RACE-RUN37] host_utc=2026-09-28T09:05:54.982+00:00 host_mono_ns=2345374173144005 
[SEDP-RACE-RUN37] host_utc=2026-09-28T09:05:54.982+00:00 host_mono_ns=2345374173152721 === DEBUG [lwip-posix]: udp_sendto called! Bypassing to POSIX sendto ===
[SEDP-RACE-RUN37] host_utc=2026-09-28T09:05:54.982+00:00 host_mono_ns=2345374173161548 
[SEDP-RACE-RUN37] host_utc=2026-09-28T09:05:54.983+00:00 host_mono_ns=2345374173170134 === DEBUG [lwip-posix]: recvfrom received packet of len 52! Bypassing to pcb->recv ===
[SEDP-RACE-RUN37] host_utc=2026-09-28T09:05:54.983+00:00 host_mono_ns=2345374173178921 
[SEDP-RACE-RUN37] host_utc=2026-09-28T09:05:54.983+00:00 host_mono_ns=2345374173187477 === DEBUG [lwip-posix]: udp_sendto called! Bypassing to POSIX sendto ===
[SEDP-RACE-RUN37] host_utc=2026-09-28T09:05:54.983+00:00 host_mono_ns=2345374173361976 
[SEDP-RACE-RUN37] host_utc=2026-09-28T09:05:54.983+00:00 host_mono_ns=2345374173371194 === DEBUG [lwip-posix]: recvfrom received packet of len 52! Bypassing to pcb->recv ===
[SEDP-RACE-RUN37] host_utc=2026-09-28T09:05:54.983+00:00 host_mono_ns=2345374173380030 
[SEDP-RACE-RUN37] host_utc=2026-09-28T09:05:54.983+00:00 host_mono_ns=2345374173388707 === DEBUG [lwip-posix]: udp_sendto called! Bypassing to POSIX sendto ===
[SEDP-RACE-RUN37] host_utc=2026-09-28T09:05:54.983+00:00 host_mono_ns=2345374173397564 
[SEDP-RACE-RUN37] host_utc=2026-09-28T09:05:54.983+00:00 host_mono_ns=2345374173406160 === DEBUG [lwip-posix]: recvfrom received packet of len 52! Bypassing to pcb->recv ===
[SEDP-RACE-RUN37] host_utc=2026-09-28T09:05:54.983+00:00 host_mono_ns=2345374173414946 
[SEDP-RACE-RUN37] host_utc=2026-09-28T09:05:54.983+00:00 host_mono_ns=2345374173423493 === DEBUG [lwip-posix]: udp_sendto called! Bypassing to POSIX sendto ===
[SEDP-RACE-RUN37] host_utc=2026-09-28T09:05:54.983+00:00 host_mono_ns=2345374173531246 
[SEDP-RACE-RUN37] host_utc=2026-09-28T09:05:54.983+00:00 host_mono_ns=2345374173540303 === DEBUG [lwip-posix]: recvfrom received packet of len 52! Bypassing to pcb->recv ===
[SEDP-RACE-RUN37] host_utc=2026-09-28T09:05:54.983+00:00 host_mono_ns=2345374173549190 
[SEDP-RACE-RUN37] host_utc=2026-09-28T09:05:54.983+00:00 host_mono_ns=2345374173557927 === DEBUG [lwip-posix]: udp_sendto called! Bypassing to POSIX sendto ===
[SEDP-RACE-RUN37] host_utc=2026-09-28T09:05:54.983+00:00 host_mono_ns=2345374173585659 
[SEDP-RACE-RUN37] host_utc=2026-09-28T09:05:54.983+00:00 host_mono_ns=2345374173594736 === DEBUG [lwip-posix]: recvfrom received packet of len 52! Bypassing to pcb->recv ===
[SEDP-RACE-RUN37] host_utc=2026-09-28T09:05:54.983+00:00 host_mono_ns=2345374173603603 
[SEDP-RACE-RUN37] host_utc=2026-09-28T09:05:54.983+00:00 host_mono_ns=2345374173612289 === DEBUG [lwip-posix]: udp_sendto called! Bypassing to POSIX sendto ===
[SEDP-RACE-RUN37] host_utc=2026-09-28T09:05:54.983+00:00 host_mono_ns=2345374173812758 
[SEDP-RACE-RUN37] host_utc=2026-09-28T09:05:54.983+00:00 host_mono_ns=2345374173821925 === DEBUG [lwip-posix]: recvfrom received packet of len 52! Bypassing to pcb->recv ===
[SEDP-RACE-RUN37] host_utc=2026-09-28T09:05:54.983+00:00 host_mono_ns=2345374173838296 
[SEDP-RACE-RUN37] host_utc=2026-09-28T09:05:54.983+00:00 host_mono_ns=2345374173846943 === DEBUG [lwip-posix]: udp_sendto called! Bypassing to POSIX sendto ===
[SEDP-RACE-RUN37] host_utc=2026-09-28T09:05:54.983+00:00 host_mono_ns=2345374173855849 
[SEDP-RACE-RUN37] host_utc=2026-09-28T09:05:54.983+00:00 host_mono_ns=2345374173864496 === DEBUG [lwip-posix]: recvfrom received packet of len 52! Bypassing to pcb->recv ===
[SEDP-RACE-RUN37] host_utc=2026-09-28T09:05:54.983+00:00 host_mono_ns=2345374173877420 
[SEDP-RACE-RUN37] host_utc=2026-09-28T09:05:54.983+00:00 host_mono_ns=2345374173886127 === DEBUG [lwip-posix]: udp_sendto called! Bypassing to POSIX sendto ===
[SEDP-RACE-RUN37] host_utc=2026-09-28T09:05:54.983+00:00 host_mono_ns=2345374174030389 
[SEDP-RACE-RUN37] host_utc=2026-09-28T09:05:54.983+00:00 host_mono_ns=2345374174043153 === DEBUG [lwip-posix]: recvfrom received packet of len 52! Bypassing to pcb->recv ===
[SEDP-RACE-RUN37] host_utc=2026-09-28T09:05:54.983+00:00 host_mono_ns=2345374174052361 
[SEDP-RACE-RUN37] host_utc=2026-09-28T09:05:54.983+00:00 host_mono_ns=2345374174060977 === DEBUG [lwip-posix]: recvfrom received packet of len 52! Bypassing to pcb->recv ===
[SEDP-RACE-RUN37] host_utc=2026-09-28T09:05:54.983+00:00 host_mono_ns=2345374174069824 
[SEDP-RACE-RUN37] host_utc=2026-09-28T09:05:54.983+00:00 host_mono_ns=2345374174078390 === DEBUG [lwip-posix]: udp_sendto called! Bypassing to POSIX sendto ===
[SEDP-RACE-RUN37] host_utc=2026-09-28T09:05:54.983+00:00 host_mono_ns=2345374174113065 
[SEDP-RACE-RUN37] host_utc=2026-09-28T09:05:54.983+00:00 host_mono_ns=2345374174122283 === DEBUG [lwip-posix]: udp_sendto called! Bypassing to POSIX sendto ===
[SEDP-RACE-RUN37] host_utc=2026-09-28T09:05:54.984+00:00 host_mono_ns=2345374174221951 
[SEDP-RACE-RUN37] host_utc=2026-09-28T09:05:54.984+00:00 host_mono_ns=2345374174230958 === DEBUG [lwip-posix]: recvfrom received packet of len 52! Bypassing to pcb->recv ===
[SEDP-RACE-RUN37] host_utc=2026-09-28T09:05:54.984+00:00 host_mono_ns=2345374174239945 
[SEDP-RACE-RUN37] host_utc=2026-09-28T09:05:54.984+00:00 host_mono_ns=2345374174248642 === DEBUG [lwip-posix]: udp_sendto called! Bypassing to POSIX sendto ===
[SEDP-RACE-RUN37] host_utc=2026-09-28T09:05:54.984+00:00 host_mono_ns=2345374174257438 
[SEDP-RACE-RUN37] host_utc=2026-09-28T09:05:54.984+00:00 host_mono_ns=2345374174266105 === DEBUG [lwip-posix]: recvfrom received packet of len 52! Bypassing to pcb->recv ===
[SEDP-RACE-RUN37] host_utc=2026-09-28T09:05:54.984+00:00 host_mono_ns=2345374174279169 
[SEDP-RACE-RUN37] host_utc=2026-09-28T09:05:54.984+00:00 host_mono_ns=2345374174288036 === DEBUG [lwip-posix]: udp_sendto called! Bypassing to POSIX sendto ===
[SEDP-RACE-RUN37] host_utc=2026-09-28T09:05:54.984+00:00 host_mono_ns=2345374174666651 
[SEDP-RACE-RUN37] host_utc=2026-09-28T09:05:54.984+00:00 host_mono_ns=2345374174675839 === DEBUG [lwip-posix]: recvfrom received packet of len 52! Bypassing to pcb->recv ===
[SEDP-RACE-RUN37] host_utc=2026-09-28T09:05:54.984+00:00 host_mono_ns=2345374174684715 
[SEDP-RACE-RUN37] host_utc=2026-09-28T09:05:54.984+00:00 host_mono_ns=2345374174693342 === DEBUG [lwip-posix]: udp_sendto called! Bypassing to POSIX sendto ===
[SEDP-RACE-RUN37] host_utc=2026-09-28T09:05:54.984+00:00 host_mono_ns=2345374174702078 
[SEDP-RACE-RUN37] host_utc=2026-09-28T09:05:54.984+00:00 host_mono_ns=2345374174710725 === DEBUG [lwip-posix]: recvfrom received packet of len 52! Bypassing to pcb->recv ===
[SEDP-RACE-RUN37] host_utc=2026-09-28T09:05:54.984+00:00 host_mono_ns=2345374174723459 
[SEDP-RACE-RUN37] host_utc=2026-09-28T09:05:54.984+00:00 host_mono_ns=2345374174732115 === DEBUG [lwip-posix]: udp_sendto called! Bypassing to POSIX sendto ===
[SEDP-RACE-RUN37] host_utc=2026-09-28T09:05:54.984+00:00 host_mono_ns=2345374174798190 
[SEDP-RACE-RUN37] host_utc=2026-09-28T09:05:54.984+00:00 host_mono_ns=2345374174807287 === DEBUG [lwip-posix]: recvfrom received packet of len 52! Bypassing to pcb->recv ===
[SEDP-RACE-RUN37] host_utc=2026-09-28T09:05:54.984+00:00 host_mono_ns=2345374174823768 
[SEDP-RACE-RUN37] host_utc=2026-09-28T09:05:54.984+00:00 host_mono_ns=2345374174832595 === DEBUG [lwip-posix]: udp_sendto called! Bypassing to POSIX sendto ===
[SEDP-RACE-RUN37] host_utc=2026-09-28T09:05:54.984+00:00 host_mono_ns=2345374174845649 
[SEDP-RACE-RUN37] host_utc=2026-09-28T09:05:54.984+00:00 host_mono_ns=2345374174855338 === DEBUG [lwip-posix]: recvfrom received packet of len 52! Bypassing to pcb->recv ===
[SEDP-RACE-RUN37] host_utc=2026-09-28T09:05:54.984+00:00 host_mono_ns=2345374174864665 
[SEDP-RACE-RUN37] host_utc=2026-09-28T09:05:54.984+00:00 host_mono_ns=2345374174873191 === DEBUG [lwip-posix]: udp_sendto called! Bypassing to POSIX sendto ===
[SEDP-RACE-RUN37] host_utc=2026-09-28T09:05:54.984+00:00 host_mono_ns=2345374174987497 
[SEDP-RACE-RUN37] host_utc=2026-09-28T09:05:54.984+00:00 host_mono_ns=2345374174996555 === DEBUG [lwip-posix]: recvfrom received packet of len 52! Bypassing to pcb->recv ===
[SEDP-RACE-RUN37] host_utc=2026-09-28T09:05:54.984+00:00 host_mono_ns=2345374175014679 
[SEDP-RACE-RUN37] host_utc=2026-09-28T09:05:54.984+00:00 host_mono_ns=2345374175026972 === DEBUG [lwip-posix]: udp_sendto called! Bypassing to POSIX sendto ===
[SEDP-RACE-RUN37] host_utc=2026-09-28T09:05:54.984+00:00 host_mono_ns=2345374175040738 
[SEDP-RACE-RUN37] host_utc=2026-09-28T09:05:54.984+00:00 host_mono_ns=2345374175049495 === DEBUG [lwip-posix]: recvfrom received packet of len 52! Bypassing to pcb->recv ===
[SEDP-RACE-RUN37] host_utc=2026-09-28T09:05:54.984+00:00 host_mono_ns=2345374175058281 
[SEDP-RACE-RUN37] host_utc=2026-09-28T09:05:54.984+00:00 host_mono_ns=2345374175066827 === DEBUG [lwip-posix]: udp_sendto called! Bypassing to POSIX sendto ===
[SEDP-RACE-RUN37] host_utc=2026-09-28T09:05:54.985+00:00 host_mono_ns=2345374175265813 
[SEDP-RACE-RUN37] host_utc=2026-09-28T09:05:54.985+00:00 host_mono_ns=2345374175274860 === DEBUG [lwip-posix]: recvfrom received packet of len 52! Bypassing to pcb->recv ===
[SEDP-RACE-RUN37] host_utc=2026-09-28T09:05:54.985+00:00 host_mono_ns=2345374175283727 
[SEDP-RACE-RUN37] host_utc=2026-09-28T09:05:54.985+00:00 host_mono_ns=2345374175292283 === DEBUG [lwip-posix]: udp_sendto called! Bypassing to POSIX sendto ===
[SEDP-RACE-RUN37] host_utc=2026-09-28T09:05:54.985+00:00 host_mono_ns=2345374175319895 
[SEDP-RACE-RUN37] host_utc=2026-09-28T09:05:54.985+00:00 host_mono_ns=2345374175328822 === DEBUG [lwip-posix]: recvfrom received packet of len 52! Bypassing to pcb->recv ===
[SEDP-RACE-RUN37] host_utc=2026-09-28T09:05:54.985+00:00 host_mono_ns=2345374175337769 
[SEDP-RACE-RUN37] host_utc=2026-09-28T09:05:54.985+00:00 host_mono_ns=2345374175346436 === DEBUG [lwip-posix]: udp_sendto called! Bypassing to POSIX sendto ===
[SEDP-RACE-RUN37] host_utc=2026-09-28T09:05:54.985+00:00 host_mono_ns=2345374175483725 
[SEDP-RACE-RUN37] host_utc=2026-09-28T09:05:54.985+00:00 host_mono_ns=2345374175492622 === DEBUG [lwip-posix]: recvfrom received packet of len 52! Bypassing to pcb->recv ===
[SEDP-RACE-RUN37] host_utc=2026-09-28T09:05:54.985+00:00 host_mono_ns=2345374175501489 
[SEDP-RACE-RUN37] host_utc=2026-09-28T09:05:54.985+00:00 host_mono_ns=2345374175510025 === DEBUG [lwip-posix]: udp_sendto called! Bypassing to POSIX sendto ===
[SEDP-RACE-RUN37] host_utc=2026-09-28T09:05:54.985+00:00 host_mono_ns=2345374175537867 
[SEDP-RACE-RUN37] host_utc=2026-09-28T09:05:54.985+00:00 host_mono_ns=2345374175546744 === DEBUG [lwip-posix]: recvfrom received packet of len 52! Bypassing to pcb->recv ===
[SEDP-RACE-RUN37] host_utc=2026-09-28T09:05:54.985+00:00 host_mono_ns=2345374175555611 
[SEDP-RACE-RUN37] host_utc=2026-09-28T09:05:54.985+00:00 host_mono_ns=2345374175564167 === DEBUG [lwip-posix]: udp_sendto called! Bypassing to POSIX sendto ===
[SEDP-RACE-RUN37] host_utc=2026-09-28T09:05:54.985+00:00 host_mono_ns=2345374175704292 
[SEDP-RACE-RUN37] host_utc=2026-09-28T09:05:54.985+00:00 host_mono_ns=2345374175713168 === DEBUG [lwip-posix]: recvfrom received packet of len 52! Bypassing to pcb->recv ===
[SEDP-RACE-RUN37] host_utc=2026-09-28T09:05:54.985+00:00 host_mono_ns=2345374175734469 
[SEDP-RACE-RUN37] host_utc=2026-09-28T09:05:54.985+00:00 host_mono_ns=2345374175743105 === DEBUG [lwip-posix]: udp_sendto called! Bypassing to POSIX sendto ===
[SEDP-RACE-RUN37] host_utc=2026-09-28T09:05:54.985+00:00 host_mono_ns=2345374175751842 
[SEDP-RACE-RUN37] host_utc=2026-09-28T09:05:54.985+00:00 host_mono_ns=2345374175760418 === DEBUG [lwip-posix]: recvfrom received packet of len 52! Bypassing to pcb->recv ===
[SEDP-RACE-RUN37] host_utc=2026-09-28T09:05:54.985+00:00 host_mono_ns=2345374175773372 
[SEDP-RACE-RUN37] host_utc=2026-09-28T09:05:54.985+00:00 host_mono_ns=2345374175782169 === DEBUG [lwip-posix]: udp_sendto called! Bypassing to POSIX sendto ===
[SEDP-RACE-RUN37] host_utc=2026-09-28T09:05:54.985+00:00 host_mono_ns=2345374175977828 
[SEDP-RACE-RUN37] host_utc=2026-09-28T09:05:54.985+00:00 host_mono_ns=2345374175986785 === DEBUG [lwip-posix]: recvfrom received packet of len 52! Bypassing to pcb->recv ===
[SEDP-RACE-RUN37] host_utc=2026-09-28T09:05:54.985+00:00 host_mono_ns=2345374175995652 
[SEDP-RACE-RUN37] host_utc=2026-09-28T09:05:54.985+00:00 host_mono_ns=2345374176013255 === DEBUG [lwip-posix]: recvfrom received packet of len 52! Bypassing to pcb->recv ===
[SEDP-RACE-RUN37] host_utc=2026-09-28T09:05:54.985+00:00 host_mono_ns=2345374176025899 
[SEDP-RACE-RUN37] host_utc=2026-09-28T09:05:54.985+00:00 host_mono_ns=2345374176034656 === DEBUG [lwip-posix]: udp_sendto called! Bypassing to POSIX sendto ===
[SEDP-RACE-RUN37] host_utc=2026-09-28T09:05:54.985+00:00 host_mono_ns=2345374176047911 
[SEDP-RACE-RUN37] host_utc=2026-09-28T09:05:54.985+00:00 host_mono_ns=2345374176056657 === DEBUG [lwip-posix]: udp_sendto called! Bypassing to POSIX sendto ===
[SEDP-RACE-RUN37] host_utc=2026-09-28T09:05:54.986+00:00 host_mono_ns=2345374176400056 
[SEDP-RACE-RUN37] host_utc=2026-09-28T09:05:54.986+00:00 host_mono_ns=2345374176409083 === DEBUG [lwip-posix]: recvfrom received packet of len 52! Bypassing to pcb->recv ===
[SEDP-RACE-RUN37] host_utc=2026-09-28T09:05:54.986+00:00 host_mono_ns=2345374176417930 
[SEDP-RACE-RUN37] host_utc=2026-09-28T09:05:54.986+00:00 host_mono_ns=2345374176426516 === DEBUG [lwip-posix]: udp_sendto called! Bypassing to POSIX sendto ===
[SEDP-RACE-RUN37] host_utc=2026-09-28T09:05:54.986+00:00 host_mono_ns=2345374176465500 
[SEDP-RACE-RUN37] host_utc=2026-09-28T09:05:54.986+00:00 host_mono_ns=2345374176474477 === DEBUG [lwip-posix]: recvfrom received packet of len 52! Bypassing to pcb->recv ===
[SEDP-RACE-RUN37] host_utc=2026-09-28T09:05:54.986+00:00 host_mono_ns=2345374176483243 
[SEDP-RACE-RUN37] host_utc=2026-09-28T09:05:54.986+00:00 host_mono_ns=2345374176491790 === DEBUG [lwip-posix]: udp_sendto called! Bypassing to POSIX sendto ===
[SEDP-RACE-RUN37] host_utc=2026-09-28T09:05:54.986+00:00 host_mono_ns=2345374176579135 
[SEDP-RACE-RUN37] host_utc=2026-09-28T09:05:54.986+00:00 host_mono_ns=2345374176588071 === DEBUG [lwip-posix]: recvfrom received packet of len 52! Bypassing to pcb->recv ===
[SEDP-RACE-RUN37] host_utc=2026-09-28T09:05:54.986+00:00 host_mono_ns=2345374176596998 
[SEDP-RACE-RUN37] host_utc=2026-09-28T09:05:54.986+00:00 host_mono_ns=2345374176605615 === DEBUG [lwip-posix]: udp_sendto called! Bypassing to POSIX sendto ===
[SEDP-RACE-RUN37] host_utc=2026-09-28T09:05:54.986+00:00 host_mono_ns=2345374176697218 
[SEDP-RACE-RUN37] host_utc=2026-09-28T09:05:54.986+00:00 host_mono_ns=2345374176706245 === DEBUG [lwip-posix]: recvfrom received packet of len 52! Bypassing to pcb->recv ===
[SEDP-RACE-RUN37] host_utc=2026-09-28T09:05:54.986+00:00 host_mono_ns=2345374176715081 
[SEDP-RACE-RUN37] host_utc=2026-09-28T09:05:54.986+00:00 host_mono_ns=2345374176723537 === DEBUG [lwip-posix]: udp_sendto called! Bypassing to POSIX sendto ===
[SEDP-RACE-RUN37] host_utc=2026-09-28T09:05:54.986+00:00 host_mono_ns=2345374176935678 
[SEDP-RACE-RUN37] host_utc=2026-09-28T09:05:54.986+00:00 host_mono_ns=2345374176944585 === DEBUG [lwip-posix]: recvfrom received packet of len 52! Bypassing to pcb->recv ===
[SEDP-RACE-RUN37] host_utc=2026-09-28T09:05:54.986+00:00 host_mono_ns=2345374176960826 
[SEDP-RACE-RUN37] host_utc=2026-09-28T09:05:54.986+00:00 host_mono_ns=2345374176969612 === DEBUG [lwip-posix]: udp_sendto called! Bypassing to POSIX sendto ===
[SEDP-RACE-RUN37] host_utc=2026-09-28T09:05:54.986+00:00 host_mono_ns=2345374177056977 
[SEDP-RACE-RUN37] host_utc=2026-09-28T09:05:54.986+00:00 host_mono_ns=2345374177070202 === DEBUG [lwip-posix]: recvfrom received packet of len 52! Bypassing to pcb->recv ===
[SEDP-RACE-RUN37] host_utc=2026-09-28T09:05:54.986+00:00 host_mono_ns=2345374177079340 
[SEDP-RACE-RUN37] host_utc=2026-09-28T09:05:54.986+00:00 host_mono_ns=2345374177087996 === DEBUG [lwip-posix]: udp_sendto called! Bypassing to POSIX sendto ===
[SEDP-RACE-RUN37] host_utc=2026-09-28T09:05:54.986+00:00 host_mono_ns=2345374177100800 
[SEDP-RACE-RUN37] host_utc=2026-09-28T09:05:54.986+00:00 host_mono_ns=2345374177109577 === DEBUG [lwip-posix]: recvfrom received packet of len 52! Bypassing to pcb->recv ===
[SEDP-RACE-RUN37] host_utc=2026-09-28T09:05:54.986+00:00 host_mono_ns=2345374177118373 
[SEDP-RACE-RUN37] host_utc=2026-09-28T09:05:54.986+00:00 host_mono_ns=2345374177126970 === DEBUG [lwip-posix]: udp_sendto called! Bypassing to POSIX sendto ===
[SEDP-RACE-RUN37] host_utc=2026-09-28T09:05:54.987+00:00 host_mono_ns=2345374177279979 
[SEDP-RACE-RUN37] host_utc=2026-09-28T09:05:54.987+00:00 host_mono_ns=2345374177289036 === DEBUG [lwip-posix]: recvfrom received packet of len 52! Bypassing to pcb->recv ===
[SEDP-RACE-RUN37] host_utc=2026-09-28T09:05:54.987+00:00 host_mono_ns=2345374177297792 
[SEDP-RACE-RUN37] host_utc=2026-09-28T09:05:54.987+00:00 host_mono_ns=2345374177306449 === DEBUG [lwip-posix]: udp_sendto called! Bypassing to POSIX sendto ===
[SEDP-RACE-RUN37] host_utc=2026-09-28T09:05:54.987+00:00 host_mono_ns=2345374177356283 
[SEDP-RACE-RUN37] host_utc=2026-09-28T09:05:54.987+00:00 host_mono_ns=2345374177365250 === DEBUG [lwip-posix]: recvfrom received packet of len 52! Bypassing to pcb->recv ===
[SEDP-RACE-RUN37] host_utc=2026-09-28T09:05:54.987+00:00 host_mono_ns=2345374177374056 
[SEDP-RACE-RUN37] host_utc=2026-09-28T09:05:54.987+00:00 host_mono_ns=2345374177382653 === DEBUG [lwip-posix]: udp_sendto called! Bypassing to POSIX sendto ===
[SEDP-RACE-RUN37] host_utc=2026-09-28T09:05:54.987+00:00 host_mono_ns=2345374177487731 
[SEDP-RACE-RUN37] host_utc=2026-09-28T09:05:54.987+00:00 host_mono_ns=2345374177496708 === DEBUG [lwip-posix]: recvfrom received packet of len 52! Bypassing to pcb->recv ===
[SEDP-RACE-RUN37] host_utc=2026-09-28T09:05:54.987+00:00 host_mono_ns=2345374177505465 
[SEDP-RACE-RUN37] host_utc=2026-09-28T09:05:54.987+00:00 host_mono_ns=2345374177514121 === DEBUG [lwip-posix]: udp_sendto called! Bypassing to POSIX sendto ===
[SEDP-RACE-RUN37] host_utc=2026-09-28T09:05:54.987+00:00 host_mono_ns=2345374177642063 
[SEDP-RACE-RUN37] host_utc=2026-09-28T09:05:54.987+00:00 host_mono_ns=2345374177651060 === DEBUG [lwip-posix]: recvfrom received packet of len 52! Bypassing to pcb->recv ===
[SEDP-RACE-RUN37] host_utc=2026-09-28T09:05:54.987+00:00 host_mono_ns=2345374177659926 
[SEDP-RACE-RUN37] host_utc=2026-09-28T09:05:54.987+00:00 host_mono_ns=2345374177668523 === DEBUG [lwip-posix]: udp_sendto called! Bypassing to POSIX sendto ===
[SEDP-RACE-RUN37] host_utc=2026-09-28T09:05:54.987+00:00 host_mono_ns=2345374177777619 
[SEDP-RACE-RUN37] host_utc=2026-09-28T09:05:54.987+00:00 host_mono_ns=2345374177786676 === DEBUG [lwip-posix]: recvfrom received packet of len 52! Bypassing to pcb->recv ===
[SEDP-RACE-RUN37] host_utc=2026-09-28T09:05:54.987+00:00 host_mono_ns=2345374177795473 
[SEDP-RACE-RUN37] host_utc=2026-09-28T09:05:54.987+00:00 host_mono_ns=2345374177804149 === DEBUG [lwip-posix]: udp_sendto called! Bypassing to POSIX sendto ===
[SEDP-RACE-RUN37] host_utc=2026-09-28T09:05:54.987+00:00 host_mono_ns=2345374177934395 
[SEDP-RACE-RUN37] host_utc=2026-09-28T09:05:54.987+00:00 host_mono_ns=2345374177943292 === DEBUG [lwip-posix]: recvfrom received packet of len 52! Bypassing to pcb->recv ===
[SEDP-RACE-RUN37] host_utc=2026-09-28T09:05:54.987+00:00 host_mono_ns=2345374177952078 
[SEDP-RACE-RUN37] host_utc=2026-09-28T09:05:54.987+00:00 host_mono_ns=2345374177968620 === DEBUG [lwip-posix]: udp_sendto called! Bypassing to POSIX sendto ===
[SEDP-RACE-RUN37] host_utc=2026-09-28T09:05:54.988+00:00 host_mono_ns=2345374178171192 
[SEDP-RACE-RUN37] host_utc=2026-09-28T09:05:54.988+00:00 host_mono_ns=2345374178184277 === DEBUG [lwip-posix]: recvfrom received packet of len 52! Bypassing to pcb->recv ===
[SEDP-RACE-RUN37] host_utc=2026-09-28T09:05:54.988+00:00 host_mono_ns=2345374178193414 
[SEDP-RACE-RUN37] host_utc=2026-09-28T09:05:54.988+00:00 host_mono_ns=2345374178202091 === DEBUG [lwip-posix]: udp_sendto called! Bypassing to POSIX sendto ===
[SEDP-RACE-RUN37] host_utc=2026-09-28T09:05:54.988+00:00 host_mono_ns=2345374178302971 
[SEDP-RACE-RUN37] host_utc=2026-09-28T09:05:54.988+00:00 host_mono_ns=2345374178311908 === DEBUG [lwip-posix]: recvfrom received packet of len 52! Bypassing to pcb->recv ===
[SEDP-RACE-RUN37] host_utc=2026-09-28T09:05:54.988+00:00 host_mono_ns=2345374178320765 
[SEDP-RACE-RUN37] host_utc=2026-09-28T09:05:54.988+00:00 host_mono_ns=2345374178329341 === DEBUG [lwip-posix]: udp_sendto called! Bypassing to POSIX sendto ===
[SEDP-RACE-RUN37] host_utc=2026-09-28T09:05:54.988+00:00 host_mono_ns=2345374178417908 
[SEDP-RACE-RUN37] host_utc=2026-09-28T09:05:54.988+00:00 host_mono_ns=2345374178426905 === DEBUG [lwip-posix]: recvfrom received packet of len 52! Bypassing to pcb->recv ===
[SEDP-RACE-RUN37] host_utc=2026-09-28T09:05:54.988+00:00 host_mono_ns=2345374178435752 
[SEDP-RACE-RUN37] host_utc=2026-09-28T09:05:54.988+00:00 host_mono_ns=2345374178444288 === DEBUG [lwip-posix]: udp_sendto called! Bypassing to POSIX sendto ===
[SEDP-RACE-RUN37] host_utc=2026-09-28T09:05:54.988+00:00 host_mono_ns=2345374178590725 
[SEDP-RACE-RUN37] host_utc=2026-09-28T09:05:54.988+00:00 host_mono_ns=2345374178599662 === DEBUG [lwip-posix]: recvfrom received packet of len 52! Bypassing to pcb->recv ===
[SEDP-RACE-RUN37] host_utc=2026-09-28T09:05:54.988+00:00 host_mono_ns=2345374178608639 
[SEDP-RACE-RUN37] host_utc=2026-09-28T09:05:54.988+00:00 host_mono_ns=2345374178617245 === DEBUG [lwip-posix]: udp_sendto called! Bypassing to POSIX sendto ===
[SEDP-RACE-RUN37] host_utc=2026-09-28T09:05:54.988+00:00 host_mono_ns=2345374178666798 
[SEDP-RACE-RUN37] host_utc=2026-09-28T09:05:54.988+00:00 host_mono_ns=2345374178675765 === DEBUG [lwip-posix]: recvfrom received packet of len 52! Bypassing to pcb->recv ===
[SEDP-RACE-RUN37] host_utc=2026-09-28T09:05:54.988+00:00 host_mono_ns=2345374178684562 
[SEDP-RACE-RUN37] host_utc=2026-09-28T09:05:54.988+00:00 host_mono_ns=2345374178693138 === DEBUG [lwip-posix]: udp_sendto called! Bypassing to POSIX sendto ===
[SEDP-RACE-RUN37] host_utc=2026-09-28T09:05:54.988+00:00 host_mono_ns=2345374178887856 
[SEDP-RACE-RUN37] host_utc=2026-09-28T09:05:54.988+00:00 host_mono_ns=2345374178896803 === DEBUG [lwip-posix]: recvfrom received packet of len 52! Bypassing to pcb->recv ===
[SEDP-RACE-RUN37] host_utc=2026-09-28T09:05:54.988+00:00 host_mono_ns=2345374178905620 
[SEDP-RACE-RUN37] host_utc=2026-09-28T09:05:54.988+00:00 host_mono_ns=2345374178914196 === DEBUG [lwip-posix]: udp_sendto called! Bypassing to POSIX sendto ===
[SEDP-RACE-RUN37] host_utc=2026-09-28T09:05:54.988+00:00 host_mono_ns=2345374178945735 
[SEDP-RACE-RUN37] host_utc=2026-09-28T09:05:54.988+00:00 host_mono_ns=2345374178954923 === DEBUG [lwip-posix]: recvfrom received packet of len 52! Bypassing to pcb->recv ===
[SEDP-RACE-RUN37] host_utc=2026-09-28T09:05:54.988+00:00 host_mono_ns=2345374178963739 
[SEDP-RACE-RUN37] host_utc=2026-09-28T09:05:54.988+00:00 host_mono_ns=2345374178972235 === DEBUG [lwip-posix]: udp_sendto called! Bypassing to POSIX sendto ===
[SEDP-RACE-RUN37] host_utc=2026-09-28T09:05:54.988+00:00 host_mono_ns=2345374179168326 
[SEDP-RACE-RUN37] host_utc=2026-09-28T09:05:54.989+00:00 host_mono_ns=2345374179181401 === DEBUG [lwip-posix]: recvfrom received packet of len 52! Bypassing to pcb->recv ===
[SEDP-RACE-RUN37] host_utc=2026-09-28T09:05:54.989+00:00 host_mono_ns=2345374179190247 
[SEDP-RACE-RUN37] host_utc=2026-09-28T09:05:54.989+00:00 host_mono_ns=2345374179206498 === DEBUG [lwip-posix]: udp_sendto called! Bypassing to POSIX sendto ===
[SEDP-RACE-RUN37] host_utc=2026-09-28T09:05:54.989+00:00 host_mono_ns=2345374179250661 
[SEDP-RACE-RUN37] host_utc=2026-09-28T09:05:54.989+00:00 host_mono_ns=2345374179259678 === DEBUG [lwip-posix]: recvfrom received packet of len 52! Bypassing to pcb->recv ===
[SEDP-RACE-RUN37] host_utc=2026-09-28T09:05:54.989+00:00 host_mono_ns=2345374179268425 
[SEDP-RACE-RUN37] host_utc=2026-09-28T09:05:54.989+00:00 host_mono_ns=2345374179277071 === DEBUG [lwip-posix]: udp_sendto called! Bypassing to POSIX sendto ===
[SEDP-RACE-RUN37] host_utc=2026-09-28T09:05:54.989+00:00 host_mono_ns=2345374179365238 
[SEDP-RACE-RUN37] host_utc=2026-09-28T09:05:54.989+00:00 host_mono_ns=2345374179374175 === DEBUG [lwip-posix]: recvfrom received packet of len 52! Bypassing to pcb->recv ===
[SEDP-RACE-RUN37] host_utc=2026-09-28T09:05:54.989+00:00 host_mono_ns=2345374179383031 
[SEDP-RACE-RUN37] host_utc=2026-09-28T09:05:54.989+00:00 host_mono_ns=2345374179391658 === DEBUG [lwip-posix]: udp_sendto called! Bypassing to POSIX sendto ===
[SEDP-RACE-RUN37] host_utc=2026-09-28T09:05:54.989+00:00 host_mono_ns=2345374179436623 
[SEDP-RACE-RUN37] host_utc=2026-09-28T09:05:54.989+00:00 host_mono_ns=2345374179445489 === DEBUG [lwip-posix]: recvfrom received packet of len 52! Bypassing to pcb->recv ===
[SEDP-RACE-RUN37] host_utc=2026-09-28T09:05:54.989+00:00 host_mono_ns=2345374179454326 
[SEDP-RACE-RUN37] host_utc=2026-09-28T09:05:54.989+00:00 host_mono_ns=2345374179462832 === DEBUG [lwip-posix]: udp_sendto called! Bypassing to POSIX sendto ===
[SEDP-RACE-RUN37] host_utc=2026-09-28T09:05:54.989+00:00 host_mono_ns=2345374179571167 
[SEDP-RACE-RUN37] host_utc=2026-09-28T09:05:54.989+00:00 host_mono_ns=2345374179580164 === DEBUG [lwip-posix]: recvfrom received packet of len 52! Bypassing to pcb->recv ===
[SEDP-RACE-RUN37] host_utc=2026-09-28T09:05:54.989+00:00 host_mono_ns=2345374179588870 
[SEDP-RACE-RUN37] host_utc=2026-09-28T09:05:54.989+00:00 host_mono_ns=2345374179597467 === DEBUG [lwip-posix]: udp_sendto called! Bypassing to POSIX sendto ===
[SEDP-RACE-RUN37] host_utc=2026-09-28T09:05:54.989+00:00 host_mono_ns=2345374179606173 
[SEDP-RACE-RUN37] host_utc=2026-09-28T09:05:54.989+00:00 host_mono_ns=2345374179614589 === DEBUG [lwip-posix]: recvfrom received packet of len 52! Bypassing to pcb->recv ===
[SEDP-RACE-RUN37] host_utc=2026-09-28T09:05:54.989+00:00 host_mono_ns=2345374179627333 
[SEDP-RACE-RUN37] host_utc=2026-09-28T09:05:54.989+00:00 host_mono_ns=2345374179636019 === DEBUG [lwip-posix]: udp_sendto called! Bypassing to POSIX sendto ===
[SEDP-RACE-RUN37] host_utc=2026-09-28T09:05:54.989+00:00 host_mono_ns=2345374179826519 
[SEDP-RACE-RUN37] host_utc=2026-09-28T09:05:54.989+00:00 host_mono_ns=2345374179835647 === DEBUG [lwip-posix]: recvfrom received packet of len 52! Bypassing to pcb->recv ===
[SEDP-RACE-RUN37] host_utc=2026-09-28T09:05:54.989+00:00 host_mono_ns=2345374179844503 
[SEDP-RACE-RUN37] host_utc=2026-09-28T09:05:54.989+00:00 host_mono_ns=2345374179853130 === DEBUG [lwip-posix]: udp_sendto called! Bypassing to POSIX sendto ===
[SEDP-RACE-RUN37] host_utc=2026-09-28T09:05:54.989+00:00 host_mono_ns=2345374179861766 
[SEDP-RACE-RUN37] host_utc=2026-09-28T09:05:54.989+00:00 host_mono_ns=2345374179870292 === DEBUG [lwip-posix]: recvfrom received packet of len 52! Bypassing to pcb->recv ===
[SEDP-RACE-RUN37] host_utc=2026-09-28T09:05:54.989+00:00 host_mono_ns=2345374179878988 
[SEDP-RACE-RUN37] host_utc=2026-09-28T09:05:54.989+00:00 host_mono_ns=2345374179887485 === DEBUG [lwip-posix]: udp_sendto called! Bypassing to POSIX sendto ===
[SEDP-RACE-RUN37] host_utc=2026-09-28T09:05:54.989+00:00 host_mono_ns=2345374179997623 
[SEDP-RACE-RUN37] host_utc=2026-09-28T09:05:54.989+00:00 host_mono_ns=2345374180011479 === DEBUG [lwip-posix]: recvfrom received packet of len 52! Bypassing to pcb->recv ===
[SEDP-RACE-RUN37] host_utc=2026-09-28T09:05:54.989+00:00 host_mono_ns=2345374180023752 
[SEDP-RACE-RUN37] host_utc=2026-09-28T09:05:54.989+00:00 host_mono_ns=2345374180040003 === DEBUG [lwip-posix]: udp_sendto called! Bypassing to POSIX sendto ===
[SEDP-RACE-RUN37] host_utc=2026-09-28T09:05:54.989+00:00 host_mono_ns=2345374180048789 
[SEDP-RACE-RUN37] host_utc=2026-09-28T09:05:54.989+00:00 host_mono_ns=2345374180057376 === DEBUG [lwip-posix]: recvfrom received packet of len 52! Bypassing to pcb->recv ===
[SEDP-RACE-RUN37] host_utc=2026-09-28T09:05:54.989+00:00 host_mono_ns=2345374180066122 
[SEDP-RACE-RUN37] host_utc=2026-09-28T09:05:54.989+00:00 host_mono_ns=2345374180074688 === DEBUG [lwip-posix]: udp_sendto called! Bypassing to POSIX sendto ===
[SEDP-RACE-RUN37] host_utc=2026-09-28T09:05:54.990+00:00 host_mono_ns=2345374180204874 
[SEDP-RACE-RUN37] host_utc=2026-09-28T09:05:54.990+00:00 host_mono_ns=2345374180214052 === DEBUG [lwip-posix]: recvfrom received packet of len 52! Bypassing to pcb->recv ===
[SEDP-RACE-RUN37] host_utc=2026-09-28T09:05:54.990+00:00 host_mono_ns=2345374180223008 
[SEDP-RACE-RUN37] host_utc=2026-09-28T09:05:54.990+00:00 host_mono_ns=2345374180231655 === DEBUG [lwip-posix]: udp_sendto called! Bypassing to POSIX sendto ===
[SEDP-RACE-RUN37] host_utc=2026-09-28T09:05:54.990+00:00 host_mono_ns=2345374180281259 
[SEDP-RACE-RUN37] host_utc=2026-09-28T09:05:54.990+00:00 host_mono_ns=2345374180290496 === DEBUG [lwip-posix]: recvfrom received packet of len 52! Bypassing to pcb->recv ===
[SEDP-RACE-RUN37] host_utc=2026-09-28T09:05:54.990+00:00 host_mono_ns=2345374180299433 
[SEDP-RACE-RUN37] host_utc=2026-09-28T09:05:54.990+00:00 host_mono_ns=2345374180308089 === DEBUG [lwip-posix]: udp_sendto called! Bypassing to POSIX sendto ===
[SEDP-RACE-RUN37] host_utc=2026-09-28T09:05:54.990+00:00 host_mono_ns=2345374180426142 
[SEDP-RACE-RUN37] host_utc=2026-09-28T09:05:54.990+00:00 host_mono_ns=2345374180435129 === DEBUG [lwip-posix]: recvfrom received packet of len 52! Bypassing to pcb->recv ===
[SEDP-RACE-RUN37] host_utc=2026-09-28T09:05:54.990+00:00 host_mono_ns=2345374180443936 
[SEDP-RACE-RUN37] host_utc=2026-09-28T09:05:54.990+00:00 host_mono_ns=2345374180452482 === DEBUG [lwip-posix]: udp_sendto called! Bypassing to POSIX sendto ===
[SEDP-RACE-RUN37] host_utc=2026-09-28T09:05:54.990+00:00 host_mono_ns=2345374180520761 
[SEDP-RACE-RUN37] host_utc=2026-09-28T09:05:54.990+00:00 host_mono_ns=2345374180529928 === DEBUG [lwip-posix]: recvfrom received packet of len 52! Bypassing to pcb->recv ===
[SEDP-RACE-RUN37] host_utc=2026-09-28T09:05:54.990+00:00 host_mono_ns=2345374180538745 
[SEDP-RACE-RUN37] host_utc=2026-09-28T09:05:54.990+00:00 host_mono_ns=2345374180547321 === DEBUG [lwip-posix]: udp_sendto called! Bypassing to POSIX sendto ===
[SEDP-RACE-RUN37] host_utc=2026-09-28T09:05:54.990+00:00 host_mono_ns=2345374180741057 
[SEDP-RACE-RUN37] host_utc=2026-09-28T09:05:54.990+00:00 host_mono_ns=2345374180750174 === DEBUG [lwip-posix]: recvfrom received packet of len 52! Bypassing to pcb->recv ===
[SEDP-RACE-RUN37] host_utc=2026-09-28T09:05:54.990+00:00 host_mono_ns=2345374180759021 
[SEDP-RACE-RUN37] host_utc=2026-09-28T09:05:54.990+00:00 host_mono_ns=2345374180767637 === DEBUG [lwip-posix]: udp_sendto called! Bypassing to POSIX sendto ===
[SEDP-RACE-RUN37] host_utc=2026-09-28T09:05:54.990+00:00 host_mono_ns=2345374180776314 
[SEDP-RACE-RUN37] host_utc=2026-09-28T09:05:54.990+00:00 host_mono_ns=2345374180784790 === DEBUG [lwip-posix]: recvfrom received packet of len 52! Bypassing to pcb->recv ===
[SEDP-RACE-RUN37] host_utc=2026-09-28T09:05:54.990+00:00 host_mono_ns=2345374180793476 
[SEDP-RACE-RUN37] host_utc=2026-09-28T09:05:54.990+00:00 host_mono_ns=2345374180802052 === DEBUG [lwip-posix]: udp_sendto called! Bypassing to POSIX sendto ===
[SEDP-RACE-RUN37] host_utc=2026-09-28T09:05:54.990+00:00 host_mono_ns=2345374180984287 
[SEDP-RACE-RUN37] host_utc=2026-09-28T09:05:54.990+00:00 host_mono_ns=2345374180993244 === DEBUG [lwip-posix]: recvfrom received packet of len 52! Bypassing to pcb->recv ===
[SEDP-RACE-RUN37] host_utc=2026-09-28T09:05:54.990+00:00 host_mono_ns=2345374181014584 
[SEDP-RACE-RUN37] host_utc=2026-09-28T09:05:54.990+00:00 host_mono_ns=2345374181038890 === DEBUG [lwip-posix]: udp_sendto called! Bypassing to POSIX sendto ===
[SEDP-RACE-RUN37] host_utc=2026-09-28T09:05:54.990+00:00 host_mono_ns=2345374181158005 
[SEDP-RACE-RUN37] host_utc=2026-09-28T09:05:54.990+00:00 host_mono_ns=2345374181167272 === DEBUG [lwip-posix]: recvfrom received packet of len 52! Bypassing to pcb->recv ===
[SEDP-RACE-RUN37] host_utc=2026-09-28T09:05:54.991+00:00 host_mono_ns=2345374181176229 
[SEDP-RACE-RUN37] host_utc=2026-09-28T09:05:54.991+00:00 host_mono_ns=2345374181184725 === DEBUG [lwip-posix]: udp_sendto called! Bypassing to POSIX sendto ===
[SEDP-RACE-RUN37] host_utc=2026-09-28T09:05:54.991+00:00 host_mono_ns=2345374181234900 
[SEDP-RACE-RUN37] host_utc=2026-09-28T09:05:54.991+00:00 host_mono_ns=2345374181243927 === DEBUG [lwip-posix]: recvfrom received packet of len 52! Bypassing to pcb->recv ===
[SEDP-RACE-RUN37] host_utc=2026-09-28T09:05:54.991+00:00 host_mono_ns=2345374181252794 
[SEDP-RACE-RUN37] host_utc=2026-09-28T09:05:54.991+00:00 host_mono_ns=2345374181261430 === DEBUG [lwip-posix]: udp_sendto called! Bypassing to POSIX sendto ===
[SEDP-RACE-RUN37] host_utc=2026-09-28T09:05:54.991+00:00 host_mono_ns=2345374181459835 
[SEDP-RACE-RUN37] host_utc=2026-09-28T09:05:54.991+00:00 host_mono_ns=2345374181468782 === DEBUG [lwip-posix]: recvfrom received packet of len 52! Bypassing to pcb->recv ===
[SEDP-RACE-RUN37] host_utc=2026-09-28T09:05:54.991+00:00 host_mono_ns=2345374181477539 
[SEDP-RACE-RUN37] host_utc=2026-09-28T09:05:54.991+00:00 host_mono_ns=2345374181486085 === DEBUG [lwip-posix]: udp_sendto called! Bypassing to POSIX sendto ===
[SEDP-RACE-RUN37] host_utc=2026-09-28T09:05:54.991+00:00 host_mono_ns=2345374181494761 
[SEDP-RACE-RUN37] host_utc=2026-09-28T09:05:54.991+00:00 host_mono_ns=2345374181503257 === DEBUG [lwip-posix]: recvfrom received packet of len 52! Bypassing to pcb->recv ===
[SEDP-RACE-RUN37] host_utc=2026-09-28T09:05:54.991+00:00 host_mono_ns=2345374181511914 
[SEDP-RACE-RUN37] host_utc=2026-09-28T09:05:54.991+00:00 host_mono_ns=2345374181520450 === DEBUG [lwip-posix]: udp_sendto called! Bypassing to POSIX sendto ===
[SEDP-RACE-RUN37] host_utc=2026-09-28T09:05:54.991+00:00 host_mono_ns=2345374181638453 
[SEDP-RACE-RUN37] host_utc=2026-09-28T09:05:54.991+00:00 host_mono_ns=2345374181647520 === DEBUG [lwip-posix]: recvfrom received packet of len 52! Bypassing to pcb->recv ===
[SEDP-RACE-RUN37] host_utc=2026-09-28T09:05:54.991+00:00 host_mono_ns=2345374181656457 
[SEDP-RACE-RUN37] host_utc=2026-09-28T09:05:54.991+00:00 host_mono_ns=2345374181665003 === DEBUG [lwip-posix]: udp_sendto called! Bypassing to POSIX sendto ===
[SEDP-RACE-RUN37] host_utc=2026-09-28T09:05:54.991+00:00 host_mono_ns=2345374181673719 
[SEDP-RACE-RUN37] host_utc=2026-09-28T09:05:54.991+00:00 host_mono_ns=2345374181682195 === DEBUG [lwip-posix]: recvfrom received packet of len 52! Bypassing to pcb->recv ===
[SEDP-RACE-RUN37] host_utc=2026-09-28T09:05:54.991+00:00 host_mono_ns=2345374181691012 
[SEDP-RACE-RUN37] host_utc=2026-09-28T09:05:54.991+00:00 host_mono_ns=2345374181699598 === DEBUG [lwip-posix]: udp_sendto called! Bypassing to POSIX sendto ===
[SEDP-RACE-RUN37] host_utc=2026-09-28T09:05:54.991+00:00 host_mono_ns=2345374181995096 
[SEDP-RACE-RUN37] host_utc=2026-09-28T09:05:54.991+00:00 host_mono_ns=2345374182013100 === DEBUG [lwip-posix]: recvfrom received packet of len 52! Bypassing to pcb->recv ===
[SEDP-RACE-RUN37] host_utc=2026-09-28T09:05:54.991+00:00 host_mono_ns=2345374182026095 
[SEDP-RACE-RUN37] host_utc=2026-09-28T09:05:54.991+00:00 host_mono_ns=2345374182034701 === DEBUG [lwip-posix]: udp_sendto called! Bypassing to POSIX sendto ===
[SEDP-RACE-RUN37] host_utc=2026-09-28T09:05:54.991+00:00 host_mono_ns=2345374182043398 
[SEDP-RACE-RUN37] host_utc=2026-09-28T09:05:54.991+00:00 host_mono_ns=2345374182051864 === DEBUG [lwip-posix]: recvfrom received packet of len 52! Bypassing to pcb->recv ===
[SEDP-RACE-RUN37] host_utc=2026-09-28T09:05:54.991+00:00 host_mono_ns=2345374182060520 
[SEDP-RACE-RUN37] host_utc=2026-09-28T09:05:54.991+00:00 host_mono_ns=2345374182076400 === DEBUG [lwip-posix]: udp_sendto called! Bypassing to POSIX sendto ===
[SEDP-RACE-RUN37] host_utc=2026-09-28T09:05:54.992+00:00 host_mono_ns=2345374182342142 
[SEDP-RACE-RUN37] host_utc=2026-09-28T09:05:54.992+00:00 host_mono_ns=2345374182351249 === DEBUG [lwip-posix]: recvfrom received packet of len 52! Bypassing to pcb->recv ===
[SEDP-RACE-RUN37] host_utc=2026-09-28T09:05:54.992+00:00 host_mono_ns=2345374182360126 
[SEDP-RACE-RUN37] host_utc=2026-09-28T09:05:54.992+00:00 host_mono_ns=2345374182368662 === DEBUG [lwip-posix]: udp_sendto called! Bypassing to POSIX sendto ===
[SEDP-RACE-RUN37] host_utc=2026-09-28T09:05:54.992+00:00 host_mono_ns=2345374182377359 
[SEDP-RACE-RUN37] host_utc=2026-09-28T09:05:54.992+00:00 host_mono_ns=2345374182385945 === DEBUG [lwip-posix]: recvfrom received packet of len 52! Bypassing to pcb->recv ===
[SEDP-RACE-RUN37] host_utc=2026-09-28T09:05:54.992+00:00 host_mono_ns=2345374182394651 
[SEDP-RACE-RUN37] host_utc=2026-09-28T09:05:54.992+00:00 host_mono_ns=2345374182403228 === DEBUG [lwip-posix]: udp_sendto called! Bypassing to POSIX sendto ===
[SEDP-RACE-RUN37] host_utc=2026-09-28T09:05:54.992+00:00 host_mono_ns=2345374182576555 
[SEDP-RACE-RUN37] host_utc=2026-09-28T09:05:54.992+00:00 host_mono_ns=2345374182585462 === DEBUG [lwip-posix]: recvfrom received packet of len 52! Bypassing to pcb->recv ===
[SEDP-RACE-RUN37] host_utc=2026-09-28T09:05:54.992+00:00 host_mono_ns=2345374182594278 
[SEDP-RACE-RUN37] host_utc=2026-09-28T09:05:54.992+00:00 host_mono_ns=2345374182602875 === DEBUG [lwip-posix]: recvfrom received packet of len 52! Bypassing to pcb->recv ===
[SEDP-RACE-RUN37] host_utc=2026-09-28T09:05:54.992+00:00 host_mono_ns=2345374182647479 
[SEDP-RACE-RUN37] host_utc=2026-09-28T09:05:54.992+00:00 host_mono_ns=2345374182656516 === DEBUG [lwip-posix]: udp_sendto called! Bypassing to POSIX sendto ===
[SEDP-RACE-RUN37] host_utc=2026-09-28T09:05:54.992+00:00 host_mono_ns=2345374182665273 
[SEDP-RACE-RUN37] host_utc=2026-09-28T09:05:54.992+00:00 host_mono_ns=2345374182673769 === DEBUG [lwip-posix]: udp_sendto called! Bypassing to POSIX sendto ===
[SEDP-RACE-RUN37] host_utc=2026-09-28T09:05:54.992+00:00 host_mono_ns=2345374182865922 
[SEDP-RACE-RUN37] host_utc=2026-09-28T09:05:54.992+00:00 host_mono_ns=2345374182874889 === DEBUG [lwip-posix]: recvfrom received packet of len 52! Bypassing to pcb->recv ===
[SEDP-RACE-RUN37] host_utc=2026-09-28T09:05:54.992+00:00 host_mono_ns=2345374182883705 
[SEDP-RACE-RUN37] host_utc=2026-09-28T09:05:54.992+00:00 host_mono_ns=2345374182892251 === DEBUG [lwip-posix]: udp_sendto called! Bypassing to POSIX sendto ===
[SEDP-RACE-RUN37] host_utc=2026-09-28T09:05:54.992+00:00 host_mono_ns=2345374182900968 
[SEDP-RACE-RUN37] host_utc=2026-09-28T09:05:54.992+00:00 host_mono_ns=2345374182909434 === DEBUG [lwip-posix]: recvfrom received packet of len 52! Bypassing to pcb->recv ===
[SEDP-RACE-RUN37] host_utc=2026-09-28T09:05:54.992+00:00 host_mono_ns=2345374182918130 
[SEDP-RACE-RUN37] host_utc=2026-09-28T09:05:54.992+00:00 host_mono_ns=2345374182926636 === DEBUG [lwip-posix]: udp_sendto called! Bypassing to POSIX sendto ===
[SEDP-RACE-RUN37] host_utc=2026-09-28T09:05:54.992+00:00 host_mono_ns=2345374183160949 
[SEDP-RACE-RUN37] host_utc=2026-09-28T09:05:54.993+00:00 host_mono_ns=2345374183174024 === DEBUG [lwip-posix]: recvfrom received packet of len 52! Bypassing to pcb->recv ===
[SEDP-RACE-RUN37] host_utc=2026-09-28T09:05:54.993+00:00 host_mono_ns=2345374183183071 
[SEDP-RACE-RUN37] host_utc=2026-09-28T09:05:54.993+00:00 host_mono_ns=2345374183191627 === DEBUG [lwip-posix]: udp_sendto called! Bypassing to POSIX sendto ===
[SEDP-RACE-RUN37] host_utc=2026-09-28T09:05:54.993+00:00 host_mono_ns=2345374183200394 
[SEDP-RACE-RUN37] host_utc=2026-09-28T09:05:54.993+00:00 host_mono_ns=2345374183208890 === DEBUG [lwip-posix]: recvfrom received packet of len 52! Bypassing to pcb->recv ===
[SEDP-RACE-RUN37] host_utc=2026-09-28T09:05:54.993+00:00 host_mono_ns=2345374183217586 
[SEDP-RACE-RUN37] host_utc=2026-09-28T09:05:54.993+00:00 host_mono_ns=2345374183226182 === DEBUG [lwip-posix]: udp_sendto called! Bypassing to POSIX sendto ===
[SEDP-RACE-RUN37] host_utc=2026-09-28T09:05:54.993+00:00 host_mono_ns=2345374183285665 
[SEDP-RACE-RUN37] host_utc=2026-09-28T09:05:54.993+00:00 host_mono_ns=2345374183294932 === DEBUG [lwip-posix]: recvfrom received packet of len 52! Bypassing to pcb->recv ===
[SEDP-RACE-RUN37] host_utc=2026-09-28T09:05:54.993+00:00 host_mono_ns=2345374183303749 
[SEDP-RACE-RUN37] host_utc=2026-09-28T09:05:54.993+00:00 host_mono_ns=2345374183312405 === DEBUG [lwip-posix]: udp_sendto called! Bypassing to POSIX sendto ===
[SEDP-RACE-RUN37] host_utc=2026-09-28T09:05:54.993+00:00 host_mono_ns=2345374183342893 
[SEDP-RACE-RUN37] host_utc=2026-09-28T09:05:54.993+00:00 host_mono_ns=2345374183351980 === DEBUG [lwip-posix]: recvfrom received packet of len 52! Bypassing to pcb->recv ===
[SEDP-RACE-RUN37] host_utc=2026-09-28T09:05:54.993+00:00 host_mono_ns=2345374183364584 
[SEDP-RACE-RUN37] host_utc=2026-09-28T09:05:54.993+00:00 host_mono_ns=2345374183373210 === DEBUG [lwip-posix]: udp_sendto called! Bypassing to POSIX sendto ===
[SEDP-RACE-RUN37] host_utc=2026-09-28T09:05:54.993+00:00 host_mono_ns=2345374183680631 
[SEDP-RACE-RUN37] host_utc=2026-09-28T09:05:54.993+00:00 host_mono_ns=2345374183689818 === DEBUG [lwip-posix]: recvfrom received packet of len 52! Bypassing to pcb->recv ===
[SEDP-RACE-RUN37] host_utc=2026-09-28T09:05:54.993+00:00 host_mono_ns=2345374183698575 
[SEDP-RACE-RUN37] host_utc=2026-09-28T09:05:54.993+00:00 host_mono_ns=2345374183707121 === DEBUG [lwip-posix]: udp_sendto called! Bypassing to POSIX sendto ===
[SEDP-RACE-RUN37] host_utc=2026-09-28T09:05:54.993+00:00 host_mono_ns=2345374183715817 
[SEDP-RACE-RUN37] host_utc=2026-09-28T09:05:54.993+00:00 host_mono_ns=2345374183724394 === DEBUG [lwip-posix]: recvfrom received packet of len 52! Bypassing to pcb->recv ===
[SEDP-RACE-RUN37] host_utc=2026-09-28T09:05:54.993+00:00 host_mono_ns=2345374183733060 
[SEDP-RACE-RUN37] host_utc=2026-09-28T09:05:54.993+00:00 host_mono_ns=2345374183741526 === DEBUG [lwip-posix]: udp_sendto called! Bypassing to POSIX sendto ===
[SEDP-RACE-RUN37] host_utc=2026-09-28T09:05:54.993+00:00 host_mono_ns=2345374183862635 
[SEDP-RACE-RUN37] host_utc=2026-09-28T09:05:54.993+00:00 host_mono_ns=2345374183871622 === DEBUG [lwip-posix]: recvfrom received packet of len 52! Bypassing to pcb->recv ===
[SEDP-RACE-RUN37] host_utc=2026-09-28T09:05:54.993+00:00 host_mono_ns=2345374183880529 
[SEDP-RACE-RUN37] host_utc=2026-09-28T09:05:54.993+00:00 host_mono_ns=2345374183889135 === DEBUG [lwip-posix]: udp_sendto called! Bypassing to POSIX sendto ===
[SEDP-RACE-RUN37] host_utc=2026-09-28T09:05:54.993+00:00 host_mono_ns=2345374183897871 
[SEDP-RACE-RUN37] host_utc=2026-09-28T09:05:54.993+00:00 host_mono_ns=2345374183906367 === DEBUG [lwip-posix]: recvfrom received packet of len 52! Bypassing to pcb->recv ===
[SEDP-RACE-RUN37] host_utc=2026-09-28T09:05:54.993+00:00 host_mono_ns=2345374183915174 
[SEDP-RACE-RUN37] host_utc=2026-09-28T09:05:54.993+00:00 host_mono_ns=2345374183923700 === DEBUG [lwip-posix]: udp_sendto called! Bypassing to POSIX sendto ===
[SEDP-RACE-RUN37] host_utc=2026-09-28T09:05:54.993+00:00 host_mono_ns=2345374184146561 
[SEDP-RACE-RUN37] host_utc=2026-09-28T09:05:54.993+00:00 host_mono_ns=2345374184159426 === DEBUG [lwip-posix]: recvfrom received packet of len 52! Bypassing to pcb->recv ===
[SEDP-RACE-RUN37] host_utc=2026-09-28T09:05:54.994+00:00 host_mono_ns=2345374184168272 
[SEDP-RACE-RUN37] host_utc=2026-09-28T09:05:54.994+00:00 host_mono_ns=2345374184176889 === DEBUG [lwip-posix]: udp_sendto called! Bypassing to POSIX sendto ===
[SEDP-RACE-RUN37] host_utc=2026-09-28T09:05:54.994+00:00 host_mono_ns=2345374184227965 
[SEDP-RACE-RUN37] host_utc=2026-09-28T09:05:54.994+00:00 host_mono_ns=2345374184237022 === DEBUG [lwip-posix]: recvfrom received packet of len 52! Bypassing to pcb->recv ===
[SEDP-RACE-RUN37] host_utc=2026-09-28T09:05:54.994+00:00 host_mono_ns=2345374184245779 
[SEDP-RACE-RUN37] host_utc=2026-09-28T09:05:54.994+00:00 host_mono_ns=2345374184254355 === DEBUG [lwip-posix]: udp_sendto called! Bypassing to POSIX sendto ===
[SEDP-RACE-RUN37] host_utc=2026-09-28T09:05:54.994+00:00 host_mono_ns=2345374184382186 
[SEDP-RACE-RUN37] host_utc=2026-09-28T09:05:54.994+00:00 host_mono_ns=2345374184391394 === DEBUG [lwip-posix]: recvfrom received packet of len 52! Bypassing to pcb->recv ===
[SEDP-RACE-RUN37] host_utc=2026-09-28T09:05:54.994+00:00 host_mono_ns=2345374184400271 
[SEDP-RACE-RUN37] host_utc=2026-09-28T09:05:54.994+00:00 host_mono_ns=2345374184408927 === DEBUG [lwip-posix]: udp_sendto called! Bypassing to POSIX sendto ===
[SEDP-RACE-RUN37] host_utc=2026-09-28T09:05:54.994+00:00 host_mono_ns=2345374184421491 
[SEDP-RACE-RUN37] host_utc=2026-09-28T09:05:54.994+00:00 host_mono_ns=2345374184430177 === DEBUG [lwip-posix]: recvfrom received packet of len 52! Bypassing to pcb->recv ===
[SEDP-RACE-RUN37] host_utc=2026-09-28T09:05:54.994+00:00 host_mono_ns=2345374184439034 
[SEDP-RACE-RUN37] host_utc=2026-09-28T09:05:54.994+00:00 host_mono_ns=2345374184447620 === DEBUG [lwip-posix]: udp_sendto called! Bypassing to POSIX sendto ===
[SEDP-RACE-RUN37] host_utc=2026-09-28T09:05:54.994+00:00 host_mono_ns=2345374184618904 
[SEDP-RACE-RUN37] host_utc=2026-09-28T09:05:54.994+00:00 host_mono_ns=2345374184627951 === DEBUG [lwip-posix]: recvfrom received packet of len 52! Bypassing to pcb->recv ===
[SEDP-RACE-RUN37] host_utc=2026-09-28T09:05:54.994+00:00 host_mono_ns=2345374184636787 
[SEDP-RACE-RUN37] host_utc=2026-09-28T09:05:54.994+00:00 host_mono_ns=2345374184645304 === DEBUG [lwip-posix]: udp_sendto called! Bypassing to POSIX sendto ===
[SEDP-RACE-RUN37] host_utc=2026-09-28T09:05:54.994+00:00 host_mono_ns=2345374184714705 
[SEDP-RACE-RUN37] host_utc=2026-09-28T09:05:54.994+00:00 host_mono_ns=2345374184723722 === DEBUG [lwip-posix]: recvfrom received packet of len 52! Bypassing to pcb->recv ===
[SEDP-RACE-RUN37] host_utc=2026-09-28T09:05:54.994+00:00 host_mono_ns=2345374184732649 
[SEDP-RACE-RUN37] host_utc=2026-09-28T09:05:54.994+00:00 host_mono_ns=2345374184741145 === DEBUG [lwip-posix]: udp_sendto called! Bypassing to POSIX sendto ===
[SEDP-RACE-RUN37] host_utc=2026-09-28T09:05:54.994+00:00 host_mono_ns=2345374184808462 
[SEDP-RACE-RUN37] host_utc=2026-09-28T09:05:54.994+00:00 host_mono_ns=2345374184817419 === DEBUG [lwip-posix]: recvfrom received packet of len 52! Bypassing to pcb->recv ===
[SEDP-RACE-RUN37] host_utc=2026-09-28T09:05:54.994+00:00 host_mono_ns=2345374184826135 
[SEDP-RACE-RUN37] host_utc=2026-09-28T09:05:54.994+00:00 host_mono_ns=2345374184834781 === DEBUG [lwip-posix]: udp_sendto called! Bypassing to POSIX sendto ===
[SEDP-RACE-RUN37] host_utc=2026-09-28T09:05:54.994+00:00 host_mono_ns=2345374184966821 
[SEDP-RACE-RUN37] host_utc=2026-09-28T09:05:54.994+00:00 host_mono_ns=2345374184975708 === DEBUG [lwip-posix]: recvfrom received packet of len 52! Bypassing to pcb->recv ===
[SEDP-RACE-RUN37] host_utc=2026-09-28T09:05:54.994+00:00 host_mono_ns=2345374184984474 
[SEDP-RACE-RUN37] host_utc=2026-09-28T09:05:54.994+00:00 host_mono_ns=2345374184993010 === DEBUG [lwip-posix]: udp_sendto called! Bypassing to POSIX sendto ===
[SEDP-RACE-RUN37] host_utc=2026-09-28T09:05:54.994+00:00 host_mono_ns=2345374185040180 
[SEDP-RACE-RUN37] host_utc=2026-09-28T09:05:54.994+00:00 host_mono_ns=2345374185054687 === DEBUG [lwip-posix]: recvfrom received packet of len 52! Bypassing to pcb->recv ===
[SEDP-RACE-RUN37] host_utc=2026-09-28T09:05:54.994+00:00 host_mono_ns=2345374185117265 
[SEDP-RACE-RUN37] host_utc=2026-09-28T09:05:54.994+00:00 host_mono_ns=2345374185126402 === DEBUG [lwip-posix]: udp_sendto called! Bypassing to POSIX sendto ===
[SEDP-RACE-RUN37] host_utc=2026-09-28T09:05:54.994+00:00 host_mono_ns=2345374185159575 
[SEDP-RACE-RUN37] host_utc=2026-09-28T09:05:54.995+00:00 host_mono_ns=2345374185168522 === DEBUG [lwip-posix]: recvfrom received packet of len 52! Bypassing to pcb->recv ===
[SEDP-RACE-RUN37] host_utc=2026-09-28T09:05:54.995+00:00 host_mono_ns=2345374185177439 
[SEDP-RACE-RUN37] host_utc=2026-09-28T09:05:54.995+00:00 host_mono_ns=2345374185186085 === DEBUG [lwip-posix]: udp_sendto called! Bypassing to POSIX sendto ===
[SEDP-RACE-RUN37] host_utc=2026-09-28T09:05:54.995+00:00 host_mono_ns=2345374185265976 
[SEDP-RACE-RUN37] host_utc=2026-09-28T09:05:54.995+00:00 host_mono_ns=2345374185275213 === DEBUG [lwip-posix]: recvfrom received packet of len 52! Bypassing to pcb->recv ===
[SEDP-RACE-RUN37] host_utc=2026-09-28T09:05:54.995+00:00 host_mono_ns=2345374185284120 
[SEDP-RACE-RUN37] host_utc=2026-09-28T09:05:54.995+00:00 host_mono_ns=2345374185292777 === DEBUG [lwip-posix]: udp_sendto called! Bypassing to POSIX sendto ===
[SEDP-RACE-RUN37] host_utc=2026-09-28T09:05:54.995+00:00 host_mono_ns=2345374185479499 
[SEDP-RACE-RUN37] host_utc=2026-09-28T09:05:54.995+00:00 host_mono_ns=2345374185488376 === DEBUG [lwip-posix]: recvfrom received packet of len 52! Bypassing to pcb->recv ===
[SEDP-RACE-RUN37] host_utc=2026-09-28T09:05:54.995+00:00 host_mono_ns=2345374185497163 
[SEDP-RACE-RUN37] host_utc=2026-09-28T09:05:54.995+00:00 host_mono_ns=2345374185505739 === DEBUG [lwip-posix]: udp_sendto called! Bypassing to POSIX sendto ===
[SEDP-RACE-RUN37] host_utc=2026-09-28T09:05:54.995+00:00 host_mono_ns=2345374185518222 
[SEDP-RACE-RUN37] host_utc=2026-09-28T09:05:54.995+00:00 host_mono_ns=2345374185526889 === DEBUG [lwip-posix]: recvfrom received packet of len 52! Bypassing to pcb->recv ===
[SEDP-RACE-RUN37] host_utc=2026-09-28T09:05:54.995+00:00 host_mono_ns=2345374185535635 
[SEDP-RACE-RUN37] host_utc=2026-09-28T09:05:54.995+00:00 host_mono_ns=2345374185544182 === DEBUG [lwip-posix]: udp_sendto called! Bypassing to POSIX sendto ===
[SEDP-RACE-RUN37] host_utc=2026-09-28T09:05:54.995+00:00 host_mono_ns=2345374185626076 
[SEDP-RACE-RUN37] host_utc=2026-09-28T09:05:54.995+00:00 host_mono_ns=2345374185635053 === DEBUG [lwip-posix]: recvfrom received packet of len 52! Bypassing to pcb->recv ===
[SEDP-RACE-RUN37] host_utc=2026-09-28T09:05:54.995+00:00 host_mono_ns=2345374185643850 
[SEDP-RACE-RUN37] host_utc=2026-09-28T09:05:54.995+00:00 host_mono_ns=2345374185652396 === DEBUG [lwip-posix]: udp_sendto called! Bypassing to POSIX sendto ===
[SEDP-RACE-RUN37] host_utc=2026-09-28T09:05:54.995+00:00 host_mono_ns=2345374185750201 
[SEDP-RACE-RUN37] host_utc=2026-09-28T09:05:54.995+00:00 host_mono_ns=2345374185759168 === DEBUG [lwip-posix]: recvfrom received packet of len 52! Bypassing to pcb->recv ===
[SEDP-RACE-RUN37] host_utc=2026-09-28T09:05:54.995+00:00 host_mono_ns=2345374185768024 
[SEDP-RACE-RUN37] host_utc=2026-09-28T09:05:54.995+00:00 host_mono_ns=2345374185776601 === DEBUG [lwip-posix]: udp_sendto called! Bypassing to POSIX sendto ===
[SEDP-RACE-RUN37] host_utc=2026-09-28T09:05:54.995+00:00 host_mono_ns=2345374185878443 
[SEDP-RACE-RUN37] host_utc=2026-09-28T09:05:54.995+00:00 host_mono_ns=2345374185887350 === DEBUG [lwip-posix]: recvfrom received packet of len 52! Bypassing to pcb->recv ===
[SEDP-RACE-RUN37] host_utc=2026-09-28T09:05:54.995+00:00 host_mono_ns=2345374185896216 
[SEDP-RACE-RUN37] host_utc=2026-09-28T09:05:54.995+00:00 host_mono_ns=2345374185904723 === DEBUG [lwip-posix]: udp_sendto called! Bypassing to POSIX sendto ===
[SEDP-RACE-RUN37] host_utc=2026-09-28T09:05:54.995+00:00 host_mono_ns=2345374185991957 
[SEDP-RACE-RUN37] host_utc=2026-09-28T09:05:54.995+00:00 host_mono_ns=2345374186007006 === DEBUG [lwip-posix]: recvfrom received packet of len 52! Bypassing to pcb->recv ===
[SEDP-RACE-RUN37] host_utc=2026-09-28T09:05:54.995+00:00 host_mono_ns=2345374186019720 
[SEDP-RACE-RUN37] host_utc=2026-09-28T09:05:54.995+00:00 host_mono_ns=2345374186028446 === DEBUG [lwip-posix]: udp_sendto called! Bypassing to POSIX sendto ===
[SEDP-RACE-RUN37] host_utc=2026-09-28T09:05:54.995+00:00 host_mono_ns=2345374186103829 
[SEDP-RACE-RUN37] host_utc=2026-09-28T09:05:54.995+00:00 host_mono_ns=2345374186112776 === DEBUG [lwip-posix]: recvfrom received packet of len 52! Bypassing to pcb->recv ===
[SEDP-RACE-RUN37] host_utc=2026-09-28T09:05:54.995+00:00 host_mono_ns=2345374186121472 
[SEDP-RACE-RUN37] host_utc=2026-09-28T09:05:54.995+00:00 host_mono_ns=2345374186130028 === DEBUG [lwip-posix]: udp_sendto called! Bypassing to POSIX sendto ===
[SEDP-RACE-RUN37] host_utc=2026-09-28T09:05:54.995+00:00 host_mono_ns=2345374186150337 
[SEDP-RACE-RUN37] host_utc=2026-09-28T09:05:54.995+00:00 host_mono_ns=2345374186159063 === DEBUG [lwip-posix]: recvfrom received packet of len 52! Bypassing to pcb->recv ===
[SEDP-RACE-RUN37] host_utc=2026-09-28T09:05:54.995+00:00 host_mono_ns=2345374186167789 
[SEDP-RACE-RUN37] host_utc=2026-09-28T09:05:54.996+00:00 host_mono_ns=2345374186176235 === DEBUG [lwip-posix]: udp_sendto called! Bypassing to POSIX sendto ===
[SEDP-RACE-RUN37] host_utc=2026-09-28T09:05:54.996+00:00 host_mono_ns=2345374186422751 
[SEDP-RACE-RUN37] host_utc=2026-09-28T09:05:54.996+00:00 host_mono_ns=2345374186431628 === DEBUG [lwip-posix]: recvfrom received packet of len 52! Bypassing to pcb->recv ===
[SEDP-RACE-RUN37] host_utc=2026-09-28T09:05:54.996+00:00 host_mono_ns=2345374186440525 
[SEDP-RACE-RUN37] host_utc=2026-09-28T09:05:54.996+00:00 host_mono_ns=2345374186449071 === DEBUG [lwip-posix]: udp_sendto called! Bypassing to POSIX sendto ===
[SEDP-RACE-RUN37] host_utc=2026-09-28T09:05:54.996+00:00 host_mono_ns=2345374186502883 
[SEDP-RACE-RUN37] host_utc=2026-09-28T09:05:54.996+00:00 host_mono_ns=2345374186511689 === DEBUG [lwip-posix]: recvfrom received packet of len 52! Bypassing to pcb->recv ===
[SEDP-RACE-RUN37] host_utc=2026-09-28T09:05:54.996+00:00 host_mono_ns=2345374186520556 
[SEDP-RACE-RUN37] host_utc=2026-09-28T09:05:54.996+00:00 host_mono_ns=2345374186529072 === DEBUG [lwip-posix]: udp_sendto called! Bypassing to POSIX sendto ===
[SEDP-RACE-RUN37] host_utc=2026-09-28T09:05:54.996+00:00 host_mono_ns=2345374186761221 
[SEDP-RACE-RUN37] host_utc=2026-09-28T09:05:54.996+00:00 host_mono_ns=2345374186770107 === DEBUG [lwip-posix]: recvfrom received packet of len 52! Bypassing to pcb->recv ===
[SEDP-RACE-RUN37] host_utc=2026-09-28T09:05:54.996+00:00 host_mono_ns=2345374186778914 
[SEDP-RACE-RUN37] host_utc=2026-09-28T09:05:54.996+00:00 host_mono_ns=2345374186787440 === DEBUG [lwip-posix]: udp_sendto called! Bypassing to POSIX sendto ===
[SEDP-RACE-RUN37] host_utc=2026-09-28T09:05:54.996+00:00 host_mono_ns=2345374186823448 
[SEDP-RACE-RUN37] host_utc=2026-09-28T09:05:54.996+00:00 host_mono_ns=2345374186832295 === DEBUG [lwip-posix]: recvfrom received packet of len 52! Bypassing to pcb->recv ===
[SEDP-RACE-RUN37] host_utc=2026-09-28T09:05:54.996+00:00 host_mono_ns=2345374186841001 
[SEDP-RACE-RUN37] host_utc=2026-09-28T09:05:54.996+00:00 host_mono_ns=2345374186849558 === DEBUG [lwip-posix]: udp_sendto called! Bypassing to POSIX sendto ===
[SEDP-RACE-RUN37] host_utc=2026-09-28T09:05:54.996+00:00 host_mono_ns=2345374186915803 
[SEDP-RACE-RUN37] host_utc=2026-09-28T09:05:54.996+00:00 host_mono_ns=2345374186924700 === DEBUG [lwip-posix]: recvfrom received packet of len 52! Bypassing to pcb->recv ===
[SEDP-RACE-RUN37] host_utc=2026-09-28T09:05:54.996+00:00 host_mono_ns=2345374186933566 
[SEDP-RACE-RUN37] host_utc=2026-09-28T09:05:54.996+00:00 host_mono_ns=2345374186942173 === DEBUG [lwip-posix]: udp_sendto called! Bypassing to POSIX sendto ===
[SEDP-RACE-RUN37] host_utc=2026-09-28T09:05:54.996+00:00 host_mono_ns=2345374187030850 
[SEDP-RACE-RUN37] host_utc=2026-09-28T09:05:54.996+00:00 host_mono_ns=2345374187043985 === DEBUG [lwip-posix]: recvfrom received packet of len 52! Bypassing to pcb->recv ===
[SEDP-RACE-RUN37] host_utc=2026-09-28T09:05:54.996+00:00 host_mono_ns=2345374187053102 
[SEDP-RACE-RUN37] host_utc=2026-09-28T09:05:54.996+00:00 host_mono_ns=2345374187061748 === DEBUG [lwip-posix]: udp_sendto called! Bypassing to POSIX sendto ===
[SEDP-RACE-RUN37] host_utc=2026-09-28T09:05:54.996+00:00 host_mono_ns=2345374187135668 
[SEDP-RACE-RUN37] host_utc=2026-09-28T09:05:54.996+00:00 host_mono_ns=2345374187144805 === DEBUG [lwip-posix]: recvfrom received packet of len 52! Bypassing to pcb->recv ===
[SEDP-RACE-RUN37] host_utc=2026-09-28T09:05:54.996+00:00 host_mono_ns=2345374187153622 
[SEDP-RACE-RUN37] host_utc=2026-09-28T09:05:54.996+00:00 host_mono_ns=2345374187162238 === DEBUG [lwip-posix]: udp_sendto called! Bypassing to POSIX sendto ===
[SEDP-RACE-RUN37] host_utc=2026-09-28T09:05:54.997+00:00 host_mono_ns=2345374187292044 
[SEDP-RACE-RUN37] host_utc=2026-09-28T09:05:54.997+00:00 host_mono_ns=2345374187301341 === DEBUG [lwip-posix]: recvfrom received packet of len 52! Bypassing to pcb->recv ===
[SEDP-RACE-RUN37] host_utc=2026-09-28T09:05:54.997+00:00 host_mono_ns=2345374187310218 
[SEDP-RACE-RUN37] host_utc=2026-09-28T09:05:54.997+00:00 host_mono_ns=2345374187318874 === DEBUG [lwip-posix]: udp_sendto called! Bypassing to POSIX sendto ===
[SEDP-RACE-RUN37] host_utc=2026-09-28T09:05:54.997+00:00 host_mono_ns=2345374187327631 
[SEDP-RACE-RUN37] host_utc=2026-09-28T09:05:54.997+00:00 host_mono_ns=2345374187336217 === DEBUG [lwip-posix]: recvfrom received packet of len 52! Bypassing to pcb->recv ===
[SEDP-RACE-RUN37] host_utc=2026-09-28T09:05:54.997+00:00 host_mono_ns=2345374187344943 
[SEDP-RACE-RUN37] host_utc=2026-09-28T09:05:54.997+00:00 host_mono_ns=2345374187353530 === DEBUG [lwip-posix]: udp_sendto called! Bypassing to POSIX sendto ===
[SEDP-RACE-RUN37] host_utc=2026-09-28T09:05:54.997+00:00 host_mono_ns=2345374187482022 
[SEDP-RACE-RUN37] host_utc=2026-09-28T09:05:54.997+00:00 host_mono_ns=2345374187490939 === DEBUG [lwip-posix]: recvfrom received packet of len 52! Bypassing to pcb->recv ===
[SEDP-RACE-RUN37] host_utc=2026-09-28T09:05:54.997+00:00 host_mono_ns=2345374187499726 
[SEDP-RACE-RUN37] host_utc=2026-09-28T09:05:54.997+00:00 host_mono_ns=2345374187508222 === DEBUG [lwip-posix]: udp_sendto called! Bypassing to POSIX sendto ===
[SEDP-RACE-RUN37] host_utc=2026-09-28T09:05:54.997+00:00 host_mono_ns=2345374187546574 
[SEDP-RACE-RUN37] host_utc=2026-09-28T09:05:54.997+00:00 host_mono_ns=2345374187555642 === DEBUG [lwip-posix]: recvfrom received packet of len 52! Bypassing to pcb->recv ===
[SEDP-RACE-RUN37] host_utc=2026-09-28T09:05:54.997+00:00 host_mono_ns=2345374187564478 
[SEDP-RACE-RUN37] host_utc=2026-09-28T09:05:54.997+00:00 host_mono_ns=2345374187573205 === DEBUG [lwip-posix]: udp_sendto called! Bypassing to POSIX sendto ===
[SEDP-RACE-RUN37] host_utc=2026-09-28T09:05:54.997+00:00 host_mono_ns=2345374187761460 
[SEDP-RACE-RUN37] host_utc=2026-09-28T09:05:54.997+00:00 host_mono_ns=2345374187770457 === DEBUG [lwip-posix]: recvfrom received packet of len 52! Bypassing to pcb->recv ===
[SEDP-RACE-RUN37] host_utc=2026-09-28T09:05:54.997+00:00 host_mono_ns=2345374187779274 
[SEDP-RACE-RUN37] host_utc=2026-09-28T09:05:54.997+00:00 host_mono_ns=2345374187787840 === DEBUG [lwip-posix]: udp_sendto called! Bypassing to POSIX sendto ===
[SEDP-RACE-RUN37] host_utc=2026-09-28T09:05:54.997+00:00 host_mono_ns=2345374187851200 
[SEDP-RACE-RUN37] host_utc=2026-09-28T09:05:54.997+00:00 host_mono_ns=2345374187860457 === DEBUG [lwip-posix]: recvfrom received packet of len 52! Bypassing to pcb->recv ===
[SEDP-RACE-RUN37] host_utc=2026-09-28T09:05:54.997+00:00 host_mono_ns=2345374187869334 
[SEDP-RACE-RUN37] host_utc=2026-09-28T09:05:54.997+00:00 host_mono_ns=2345374187877890 === DEBUG [lwip-posix]: udp_sendto called! Bypassing to POSIX sendto ===
[SEDP-RACE-RUN37] host_utc=2026-09-28T09:05:54.997+00:00 host_mono_ns=2345374188024507 
[SEDP-RACE-RUN37] host_utc=2026-09-28T09:05:54.997+00:00 host_mono_ns=2345374188041710 === DEBUG [lwip-posix]: recvfrom received packet of len 52! Bypassing to pcb->recv ===
[SEDP-RACE-RUN37] host_utc=2026-09-28T09:05:54.997+00:00 host_mono_ns=2345374188051058 
[SEDP-RACE-RUN37] host_utc=2026-09-28T09:05:54.997+00:00 host_mono_ns=2345374188059724 === DEBUG [lwip-posix]: udp_sendto called! Bypassing to POSIX sendto ===
[SEDP-RACE-RUN37] host_utc=2026-09-28T09:05:54.998+00:00 host_mono_ns=2345374188248621 
[SEDP-RACE-RUN37] host_utc=2026-09-28T09:05:54.998+00:00 host_mono_ns=2345374188257718 === DEBUG [lwip-posix]: recvfrom received packet of len 52! Bypassing to pcb->recv ===
[SEDP-RACE-RUN37] host_utc=2026-09-28T09:05:54.998+00:00 host_mono_ns=2345374188266485 
[SEDP-RACE-RUN37] host_utc=2026-09-28T09:05:54.998+00:00 host_mono_ns=2345374188275231 === DEBUG [lwip-posix]: udp_sendto called! Bypassing to POSIX sendto ===
[SEDP-RACE-RUN37] host_utc=2026-09-28T09:05:54.998+00:00 host_mono_ns=2345374188291672 
[SEDP-RACE-RUN37] host_utc=2026-09-28T09:05:54.998+00:00 host_mono_ns=2345374188300248 === DEBUG [lwip-posix]: recvfrom received packet of len 52! Bypassing to pcb->recv ===
[SEDP-RACE-RUN37] host_utc=2026-09-28T09:05:54.998+00:00 host_mono_ns=2345374188308975 
[SEDP-RACE-RUN37] host_utc=2026-09-28T09:05:54.998+00:00 host_mono_ns=2345374188317501 === DEBUG [lwip-posix]: udp_sendto called! Bypassing to POSIX sendto ===
[SEDP-RACE-RUN37] host_utc=2026-09-28T09:05:54.998+00:00 host_mono_ns=2345374188532096 
[SEDP-RACE-RUN37] host_utc=2026-09-28T09:05:54.998+00:00 host_mono_ns=2345374188541174 === DEBUG [lwip-posix]: recvfrom received packet of len 52! Bypassing to pcb->recv ===
[SEDP-RACE-RUN37] host_utc=2026-09-28T09:05:54.998+00:00 host_mono_ns=2345374188549940 
[SEDP-RACE-RUN37] host_utc=2026-09-28T09:05:54.998+00:00 host_mono_ns=2345374188558396 === DEBUG [lwip-posix]: recvfrom received packet of len 52! Bypassing to pcb->recv ===
[SEDP-RACE-RUN37] host_utc=2026-09-28T09:05:54.998+00:00 host_mono_ns=2345374188567092 
[SEDP-RACE-RUN37] host_utc=2026-09-28T09:05:54.998+00:00 host_mono_ns=2345374188575619 === DEBUG [lwip-posix]: udp_sendto called! Bypassing to POSIX sendto ===
[SEDP-RACE-RUN37] host_utc=2026-09-28T09:05:54.998+00:00 host_mono_ns=2345374188588172 
[SEDP-RACE-RUN37] host_utc=2026-09-28T09:05:54.998+00:00 host_mono_ns=2345374188596849 === DEBUG [lwip-posix]: udp_sendto called! Bypassing to POSIX sendto ===
[SEDP-RACE-RUN37] host_utc=2026-09-28T09:05:54.998+00:00 host_mono_ns=2345374188794061 
[SEDP-RACE-RUN37] host_utc=2026-09-28T09:05:54.998+00:00 host_mono_ns=2345374188803068 === DEBUG [lwip-posix]: recvfrom received packet of len 52! Bypassing to pcb->recv ===
[SEDP-RACE-RUN37] host_utc=2026-09-28T09:05:54.998+00:00 host_mono_ns=2345374188811805 
[SEDP-RACE-RUN37] host_utc=2026-09-28T09:05:54.998+00:00 host_mono_ns=2345374188820351 === DEBUG [lwip-posix]: udp_sendto called! Bypassing to POSIX sendto ===
[SEDP-RACE-RUN37] host_utc=2026-09-28T09:05:54.998+00:00 host_mono_ns=2345374188832925 
[SEDP-RACE-RUN37] host_utc=2026-09-28T09:05:54.998+00:00 host_mono_ns=2345374188841521 === DEBUG [lwip-posix]: recvfrom received packet of len 52! Bypassing to pcb->recv ===
[SEDP-RACE-RUN37] host_utc=2026-09-28T09:05:54.998+00:00 host_mono_ns=2345374188850217 
[SEDP-RACE-RUN37] host_utc=2026-09-28T09:05:54.998+00:00 host_mono_ns=2345374188858804 === DEBUG [lwip-posix]: udp_sendto called! Bypassing to POSIX sendto ===
[SEDP-RACE-RUN37] host_utc=2026-09-28T09:05:54.998+00:00 host_mono_ns=2345374189163519 
[SEDP-RACE-RUN37] host_utc=2026-09-28T09:05:54.999+00:00 host_mono_ns=2345374189176303 === DEBUG [lwip-posix]: recvfrom received packet of len 52! Bypassing to pcb->recv ===
[SEDP-RACE-RUN37] host_utc=2026-09-28T09:05:54.999+00:00 host_mono_ns=2345374189185371 
[SEDP-RACE-RUN37] host_utc=2026-09-28T09:05:54.999+00:00 host_mono_ns=2345374189194107 === DEBUG [lwip-posix]: udp_sendto called! Bypassing to POSIX sendto ===
[SEDP-RACE-RUN37] host_utc=2026-09-28T09:05:54.999+00:00 host_mono_ns=2345374189206821 
[SEDP-RACE-RUN37] host_utc=2026-09-28T09:05:54.999+00:00 host_mono_ns=2345374189215508 === DEBUG [lwip-posix]: recvfrom received packet of len 52! Bypassing to pcb->recv ===
[SEDP-RACE-RUN37] host_utc=2026-09-28T09:05:54.999+00:00 host_mono_ns=2345374189224224 
[SEDP-RACE-RUN37] host_utc=2026-09-28T09:05:54.999+00:00 host_mono_ns=2345374189232730 === DEBUG [lwip-posix]: udp_sendto called! Bypassing to POSIX sendto ===
[SEDP-RACE-RUN37] host_utc=2026-09-28T09:05:54.999+00:00 host_mono_ns=2345374189354901 
[SEDP-RACE-RUN37] host_utc=2026-09-28T09:05:54.999+00:00 host_mono_ns=2345374189363988 === DEBUG [lwip-posix]: recvfrom received packet of len 52! Bypassing to pcb->recv ===
[SEDP-RACE-RUN37] host_utc=2026-09-28T09:05:54.999+00:00 host_mono_ns=2345374189372945 
[SEDP-RACE-RUN37] host_utc=2026-09-28T09:05:54.999+00:00 host_mono_ns=2345374189381581 === DEBUG [lwip-posix]: udp_sendto called! Bypassing to POSIX sendto ===
[SEDP-RACE-RUN37] host_utc=2026-09-28T09:05:54.999+00:00 host_mono_ns=2345374189441444 
[SEDP-RACE-RUN37] host_utc=2026-09-28T09:05:54.999+00:00 host_mono_ns=2345374189450692 === DEBUG [lwip-posix]: recvfrom received packet of len 52! Bypassing to pcb->recv ===
[SEDP-RACE-RUN37] host_utc=2026-09-28T09:05:54.999+00:00 host_mono_ns=2345374189459619 
[SEDP-RACE-RUN37] host_utc=2026-09-28T09:05:54.999+00:00 host_mono_ns=2345374189468235 === DEBUG [lwip-posix]: udp_sendto called! Bypassing to POSIX sendto ===
[SEDP-RACE-RUN37] host_utc=2026-09-28T09:05:54.999+00:00 host_mono_ns=2345374189582060 
[SEDP-RACE-RUN37] host_utc=2026-09-28T09:05:54.999+00:00 host_mono_ns=2345374189591127 === DEBUG [lwip-posix]: recvfrom received packet of len 52! Bypassing to pcb->recv ===
[SEDP-RACE-RUN37] host_utc=2026-09-28T09:05:54.999+00:00 host_mono_ns=2345374189599884 
[SEDP-RACE-RUN37] host_utc=2026-09-28T09:05:54.999+00:00 host_mono_ns=2345374189608500 === DEBUG [lwip-posix]: udp_sendto called! Bypassing to POSIX sendto ===
[SEDP-RACE-RUN37] host_utc=2026-09-28T09:05:54.999+00:00 host_mono_ns=2345374189621164 
[SEDP-RACE-RUN37] host_utc=2026-09-28T09:05:54.999+00:00 host_mono_ns=2345374189629760 === DEBUG [lwip-posix]: recvfrom received packet of len 52! Bypassing to pcb->recv ===
[SEDP-RACE-RUN37] host_utc=2026-09-28T09:05:54.999+00:00 host_mono_ns=2345374189638507 
[SEDP-RACE-RUN37] host_utc=2026-09-28T09:05:54.999+00:00 host_mono_ns=2345374189646943 === DEBUG [lwip-posix]: udp_sendto called! Bypassing to POSIX sendto ===
[SEDP-RACE-RUN37] host_utc=2026-09-28T09:05:54.999+00:00 host_mono_ns=2345374189841440 
[SEDP-RACE-RUN37] host_utc=2026-09-28T09:05:54.999+00:00 host_mono_ns=2345374189850537 === DEBUG [lwip-posix]: recvfrom received packet of len 52! Bypassing to pcb->recv ===
[SEDP-RACE-RUN37] host_utc=2026-09-28T09:05:54.999+00:00 host_mono_ns=2345374189859304 
[SEDP-RACE-RUN37] host_utc=2026-09-28T09:05:54.999+00:00 host_mono_ns=2345374189867900 === DEBUG [lwip-posix]: udp_sendto called! Bypassing to POSIX sendto ===
[SEDP-RACE-RUN37] host_utc=2026-09-28T09:05:54.999+00:00 host_mono_ns=2345374189876566 
[SEDP-RACE-RUN37] host_utc=2026-09-28T09:05:54.999+00:00 host_mono_ns=2345374189885083 === DEBUG [lwip-posix]: recvfrom received packet of len 52! Bypassing to pcb->recv ===
[SEDP-RACE-RUN37] host_utc=2026-09-28T09:05:54.999+00:00 host_mono_ns=2345374189893739 
[SEDP-RACE-RUN37] host_utc=2026-09-28T09:05:54.999+00:00 host_mono_ns=2345374189902255 === DEBUG [lwip-posix]: udp_sendto called! Bypassing to POSIX sendto ===
[SEDP-RACE-RUN37] host_utc=2026-09-28T09:05:54.999+00:00 host_mono_ns=2345374190124084 
[SEDP-RACE-RUN37] host_utc=2026-09-28T09:05:54.999+00:00 host_mono_ns=2345374190136948 === DEBUG [lwip-posix]: recvfrom received packet of len 52! Bypassing to pcb->recv ===
[SEDP-RACE-RUN37] host_utc=2026-09-28T09:05:54.999+00:00 host_mono_ns=2345374190145895 
[SEDP-RACE-RUN37] host_utc=2026-09-28T09:05:54.999+00:00 host_mono_ns=2345374190154451 === DEBUG [lwip-posix]: udp_sendto called! Bypassing to POSIX sendto ===
[SEDP-RACE-RUN37] host_utc=2026-09-28T09:05:55.000+00:00 host_mono_ns=2345374190185129 
[SEDP-RACE-RUN37] host_utc=2026-09-28T09:05:55.000+00:00 host_mono_ns=2345374190194417 === DEBUG [lwip-posix]: recvfrom received packet of len 52! Bypassing to pcb->recv ===
[SEDP-RACE-RUN37] host_utc=2026-09-28T09:05:55.000+00:00 host_mono_ns=2345374190203394 
[SEDP-RACE-RUN37] host_utc=2026-09-28T09:05:55.000+00:00 host_mono_ns=2345374190212040 === DEBUG [lwip-posix]: udp_sendto called! Bypassing to POSIX sendto ===
[SEDP-RACE-RUN37] host_utc=2026-09-28T09:05:55.000+00:00 host_mono_ns=2345374190325154 
[SEDP-RACE-RUN37] host_utc=2026-09-28T09:05:55.000+00:00 host_mono_ns=2345374190334011 === DEBUG [lwip-posix]: recvfrom received packet of len 52! Bypassing to pcb->recv ===
[SEDP-RACE-RUN37] host_utc=2026-09-28T09:05:55.000+00:00 host_mono_ns=2345374190342757 
[SEDP-RACE-RUN37] host_utc=2026-09-28T09:05:55.000+00:00 host_mono_ns=2345374190351253 === DEBUG [lwip-posix]: udp_sendto called! Bypassing to POSIX sendto ===
[SEDP-RACE-RUN37] host_utc=2026-09-28T09:05:55.000+00:00 host_mono_ns=2345374190564396 
[SEDP-RACE-RUN37] host_utc=2026-09-28T09:05:55.000+00:00 host_mono_ns=2345374190573463 === DEBUG [lwip-posix]: recvfrom received packet of len 52! Bypassing to pcb->recv ===
[SEDP-RACE-RUN37] host_utc=2026-09-28T09:05:55.000+00:00 host_mono_ns=2345374190582270 
[SEDP-RACE-RUN37] host_utc=2026-09-28T09:05:55.000+00:00 host_mono_ns=2345374190590856 === DEBUG [lwip-posix]: udp_sendto called! Bypassing to POSIX sendto ===
[SEDP-RACE-RUN37] host_utc=2026-09-28T09:05:55.105+00:00 host_mono_ns=2345374295637834 
[SEDP-RACE-RUN37] host_utc=2026-09-28T09:05:55.105+00:00 host_mono_ns=2345374295655407 === DEBUG [lwip-posix]: udp_sendto called! Bypassing to POSIX sendto ===
[SEDP-RACE-RUN37] host_utc=2026-09-28T09:05:55.105+00:00 host_mono_ns=2345374295664474 
[SEDP-RACE-RUN37] host_utc=2026-09-28T09:05:55.105+00:00 host_mono_ns=2345374295672840 === DEBUG [lwip-posix]: recvfrom received packet of len 204! Bypassing to pcb->recv ===
[SEDP-RACE-RUN37] host_utc=2026-09-28T09:05:55.853+00:00 host_mono_ns=2345375043465403 
[SEDP-RACE-RUN37] host_utc=2026-09-28T09:05:55.853+00:00 host_mono_ns=2345375043495269 === DEBUG [lwip-posix]: recvfrom received packet of len 204! Bypassing to pcb->recv ===
[SEDP-RACE-RUN37] host_utc=2026-09-28T09:05:56.105+00:00 host_mono_ns=2345375296019888 
[SEDP-RACE-RUN37] host_utc=2026-09-28T09:05:56.105+00:00 host_mono_ns=2345375296050216 === DEBUG [lwip-posix]: udp_sendto called! Bypassing to POSIX sendto ===
[SEDP-RACE-RUN37] host_utc=2026-09-28T09:05:56.105+00:00 host_mono_ns=2345375296071937 
[SEDP-RACE-RUN37] host_utc=2026-09-28T09:05:56.105+00:00 host_mono_ns=2345375296080974 === DEBUG [lwip-posix]: recvfrom received packet of len 204! Bypassing to pcb->recv ===
[SEDP-RACE-RUN37] host_utc=2026-09-28T09:05:56.853+00:00 host_mono_ns=2345376043952067 
[SEDP-RACE-RUN37] host_utc=2026-09-28T09:05:56.853+00:00 host_mono_ns=2345376043978647 === DEBUG [lwip-posix]: recvfrom received packet of len 204! Bypassing to pcb->recv ===
[SEDP-RACE-RUN37] host_utc=2026-09-28T09:05:57.105+00:00 host_mono_ns=2345376296084744 
[SEDP-RACE-RUN37] host_utc=2026-09-28T09:05:57.105+00:00 host_mono_ns=2345376296131433 === DEBUG [lwip-posix]: udp_sendto called! Bypassing to POSIX sendto ===
[SEDP-RACE-RUN37] host_utc=2026-09-28T09:05:57.105+00:00 host_mono_ns=2345376296142103 
[SEDP-RACE-RUN37] host_utc=2026-09-28T09:05:57.105+00:00 host_mono_ns=2345376296150939 === DEBUG [lwip-posix]: recvfrom received packet of len 204! Bypassing to pcb->recv ===
[SEDP-RACE-RUN37] host_utc=2026-09-28T09:05:57.853+00:00 host_mono_ns=2345377044087526 
[SEDP-RACE-RUN37] host_utc=2026-09-28T09:05:57.853+00:00 host_mono_ns=2345377044140837 === DEBUG [lwip-posix]: recvfrom received packet of len 204! Bypassing to pcb->recv ===
[SEDP-RACE-RUN37] host_utc=2026-09-28T09:05:58.105+00:00 host_mono_ns=2345377295504843 
[SEDP-RACE-RUN37] host_utc=2026-09-28T09:05:58.105+00:00 host_mono_ns=2345377295544277 === DEBUG [lwip-posix]: udp_sendto called! Bypassing to POSIX sendto ===
[SEDP-RACE-RUN37] host_utc=2026-09-28T09:05:58.105+00:00 host_mono_ns=2345377295555478 
[SEDP-RACE-RUN37] host_utc=2026-09-28T09:05:58.105+00:00 host_mono_ns=2345377295564355 === DEBUG [lwip-posix]: udp_sendto called! Bypassing to POSIX sendto ===
[SEDP-RACE-RUN37] host_utc=2026-09-28T09:05:58.105+00:00 host_mono_ns=2345377296023673 
[SEDP-RACE-RUN37] host_utc=2026-09-28T09:05:58.105+00:00 host_mono_ns=2345377296051095 === DEBUG [lwip-posix]: udp_sendto called! Bypassing to POSIX sendto ===
[SEDP-RACE-RUN37] host_utc=2026-09-28T09:05:58.105+00:00 host_mono_ns=2345377296063087 
[SEDP-RACE-RUN37] host_utc=2026-09-28T09:05:58.105+00:00 host_mono_ns=2345377296072655 === DEBUG [lwip-posix]: recvfrom received packet of len 204! Bypassing to pcb->recv ===
[SEDP-RACE-RUN37] host_utc=2026-09-28T09:05:58.106+00:00 host_mono_ns=2345377296608628 
[SEDP-RACE-RUN37] host_utc=2026-09-28T09:05:58.106+00:00 host_mono_ns=2345377296648012 === DEBUG [lwip-posix]: recvfrom received packet of len 52! Bypassing to pcb->recv ===
[SEDP-RACE-RUN37] host_utc=2026-09-28T09:05:58.106+00:00 host_mono_ns=2345377296681445 
[SEDP-RACE-RUN37] host_utc=2026-09-28T09:05:58.106+00:00 host_mono_ns=2345377296693087 === DEBUG [lwip-posix]: udp_sendto called! Bypassing to POSIX sendto ===
[SEDP-RACE-RUN37] host_utc=2026-09-28T09:05:58.106+00:00 host_mono_ns=2345377296967857 
[SEDP-RACE-RUN37] host_utc=2026-09-28T09:05:58.106+00:00 host_mono_ns=2345377296977565 === DEBUG [lwip-posix]: recvfrom received packet of len 52! Bypassing to pcb->recv ===
[SEDP-RACE-RUN37] host_utc=2026-09-28T09:05:58.106+00:00 host_mono_ns=2345377296986612 
[SEDP-RACE-RUN37] host_utc=2026-09-28T09:05:58.106+00:00 host_mono_ns=2345377296992333 === DEBUG [lwip-posix]: udp_sendto called! Bypassing to POSIX sendto ===
[SEDP-RACE-RUN37] host_utc=2026-09-28T09:05:58.854+00:00 host_mono_ns=2345378044371797 
[SEDP-RACE-RUN37] host_utc=2026-09-28T09:05:58.854+00:00 host_mono_ns=2345378044407074 === DEBUG [lwip-posix]: recvfrom received packet of len 204! Bypassing to pcb->recv ===
[SEDP-RACE-RUN37] host_utc=2026-09-28T09:05:58.942+00:00 host_mono_ns=2345378132517234 
[SEDP-RACE-RUN37] host_utc=2026-09-28T09:05:58.942+00:00 host_mono_ns=2345378132551018 === DEBUG [lwip-posix]: recvfrom received packet of len 100! Bypassing to pcb->recv ===
[SEDP-RACE-RUN37] host_utc=2026-09-28T09:05:58.942+00:00 host_mono_ns=2345378132564373 [CR-NATIVE-R04] epoch=1790586358.942184808 event=peer_receive topic=/to_linux id=4 payload='Hello from mros2-posix onto Linux: 4'
[SEDP-RACE-RUN37] host_utc=2026-09-28T09:05:58.942+00:00 host_mono_ns=2345378132576657 [CR-NATIVE-R04] epoch=1790586358.942204556 event=peer_echo_publish_return topic=/to_stm id=4 payload='Hello from mros2-posix onto Linux: 4'
[SEDP-RACE-RUN37] host_utc=2026-09-28T09:05:58.942+00:00 host_mono_ns=2345378132587707 
[SEDP-RACE-RUN37] host_utc=2026-09-28T09:05:58.942+00:00 host_mono_ns=2345378132597636 === DEBUG [lwip-posix]: udp_sendto called! Bypassing to POSIX sendto ===
[SEDP-RACE-RUN37] host_utc=2026-09-28T09:05:59.105+00:00 host_mono_ns=2345378296117401 
[SEDP-RACE-RUN37] host_utc=2026-09-28T09:05:59.105+00:00 host_mono_ns=2345378296156615 === DEBUG [lwip-posix]: udp_sendto called! Bypassing to POSIX sendto ===
[SEDP-RACE-RUN37] host_utc=2026-09-28T09:05:59.106+00:00 host_mono_ns=2345378296244902 
[SEDP-RACE-RUN37] host_utc=2026-09-28T09:05:59.106+00:00 host_mono_ns=2345378296274368 === DEBUG [lwip-posix]: recvfrom received packet of len 204! Bypassing to pcb->recv ===
[SEDP-RACE-RUN37] host_utc=2026-09-28T09:05:59.854+00:00 host_mono_ns=2345379044516933 
[SEDP-RACE-RUN37] host_utc=2026-09-28T09:05:59.854+00:00 host_mono_ns=2345379045036685 === DEBUG [lwip-posix]: recvfrom received packet of len 204! Bypassing to pcb->recv ===
[SEDP-RACE-RUN37] host_utc=2026-09-28T09:05:59.943+00:00 host_mono_ns=2345379133405395 
[SEDP-RACE-RUN37] host_utc=2026-09-28T09:05:59.943+00:00 host_mono_ns=2345379133436614 === DEBUG [lwip-posix]: recvfrom received packet of len 100! Bypassing to pcb->recv ===
[SEDP-RACE-RUN37] host_utc=2026-09-28T09:05:59.943+00:00 host_mono_ns=2345379133450400 [CR-NATIVE-R04] epoch=1790586359.943038925 event=peer_receive topic=/to_linux id=5 payload='Hello from mros2-posix onto Linux: 5'
[SEDP-RACE-RUN37] host_utc=2026-09-28T09:05:59.943+00:00 host_mono_ns=2345379133462403 [CR-NATIVE-R04] epoch=1790586359.943055546 event=peer_echo_publish_return topic=/to_stm id=5 payload='Hello from mros2-posix onto Linux: 5'
[SEDP-RACE-RUN37] host_utc=2026-09-28T09:05:59.943+00:00 host_mono_ns=2345379133473845 
[SEDP-RACE-RUN37] host_utc=2026-09-28T09:05:59.943+00:00 host_mono_ns=2345379133484405 === DEBUG [lwip-posix]: udp_sendto called! Bypassing to POSIX sendto ===
[SEDP-RACE-RUN37] host_utc=2026-09-28T09:06:00.106+00:00 host_mono_ns=2345379296184763 
[SEDP-RACE-RUN37] host_utc=2026-09-28T09:06:00.106+00:00 host_mono_ns=2345379296215611 === DEBUG [lwip-posix]: udp_sendto called! Bypassing to POSIX sendto ===
[SEDP-RACE-RUN37] host_utc=2026-09-28T09:06:00.106+00:00 host_mono_ns=2345379296386905 
[SEDP-RACE-RUN37] host_utc=2026-09-28T09:06:00.106+00:00 host_mono_ns=2345379296410920 === DEBUG [lwip-posix]: recvfrom received packet of len 204! Bypassing to pcb->recv ===
[SEDP-RACE-RUN37] host_utc=2026-09-28T09:06:00.854+00:00 host_mono_ns=2345380044675156 
[SEDP-RACE-RUN37] host_utc=2026-09-28T09:06:00.854+00:00 host_mono_ns=2345380044709080 === DEBUG [lwip-posix]: recvfrom received packet of len 204! Bypassing to pcb->recv ===
[SEDP-RACE-RUN37] host_utc=2026-09-28T09:06:00.943+00:00 host_mono_ns=2345380133919911 
[SEDP-RACE-RUN37] host_utc=2026-09-28T09:06:00.943+00:00 host_mono_ns=2345380133949516 === DEBUG [lwip-posix]: recvfrom received packet of len 100! Bypassing to pcb->recv ===
[SEDP-RACE-RUN37] host_utc=2026-09-28T09:06:00.944+00:00 host_mono_ns=2345380134237631 [CR-NATIVE-R04] epoch=1790586360.943833399 event=peer_receive topic=/to_linux id=6 payload='Hello from mros2-posix onto Linux: 6'
[SEDP-RACE-RUN37] host_utc=2026-09-28T09:06:00.944+00:00 host_mono_ns=2345380134268559 [CR-NATIVE-R04] epoch=1790586360.943870179 event=peer_echo_publish_return topic=/to_stm id=6 payload='Hello from mros2-posix onto Linux: 6'
[SEDP-RACE-RUN37] host_utc=2026-09-28T09:06:00.944+00:00 host_mono_ns=2345380134280081 
[SEDP-RACE-RUN37] host_utc=2026-09-28T09:06:00.944+00:00 host_mono_ns=2345380134289739 === DEBUG [lwip-posix]: udp_sendto called! Bypassing to POSIX sendto ===
[SEDP-RACE-RUN37] host_utc=2026-09-28T09:06:01.106+00:00 host_mono_ns=2345380296286318 
[SEDP-RACE-RUN37] host_utc=2026-09-28T09:06:01.106+00:00 host_mono_ns=2345380296316315 === DEBUG [lwip-posix]: udp_sendto called! Bypassing to POSIX sendto ===
[SEDP-RACE-RUN37] host_utc=2026-09-28T09:06:01.106+00:00 host_mono_ns=2345380296424890 
[SEDP-RACE-RUN37] host_utc=2026-09-28T09:06:01.106+00:00 host_mono_ns=2345380296448675 === DEBUG [lwip-posix]: recvfrom received packet of len 204! Bypassing to pcb->recv ===
[SEDP-RACE-RUN37] host_utc=2026-09-28T09:06:01.854+00:00 host_mono_ns=2345381044877893 
[SEDP-RACE-RUN37] host_utc=2026-09-28T09:06:01.854+00:00 host_mono_ns=2345381044911206 === DEBUG [lwip-posix]: recvfrom received packet of len 204! Bypassing to pcb->recv ===
[SEDP-RACE-RUN37] host_utc=2026-09-28T09:06:01.944+00:00 host_mono_ns=2345381134655984 
[SEDP-RACE-RUN37] host_utc=2026-09-28T09:06:01.944+00:00 host_mono_ns=2345381134691261 === DEBUG [lwip-posix]: recvfrom received packet of len 100! Bypassing to pcb->recv ===
[SEDP-RACE-RUN37] host_utc=2026-09-28T09:06:01.944+00:00 host_mono_ns=2345381134702853 [CR-NATIVE-R04] epoch=1790586361.944366730 event=peer_receive topic=/to_linux id=7 payload='Hello from mros2-posix onto Linux: 7'
[SEDP-RACE-RUN37] host_utc=2026-09-28T09:06:01.944+00:00 host_mono_ns=2345381134713433 [CR-NATIVE-R04] epoch=1790586361.944385606 event=peer_echo_publish_return topic=/to_stm id=7 payload='Hello from mros2-posix onto Linux: 7'
[SEDP-RACE-RUN37] host_utc=2026-09-28T09:06:01.944+00:00 host_mono_ns=2345381134813292 
[SEDP-RACE-RUN37] host_utc=2026-09-28T09:06:01.944+00:00 host_mono_ns=2345381134845432 === DEBUG [lwip-posix]: udp_sendto called! Bypassing to POSIX sendto ===
[SEDP-RACE-RUN37] host_utc=2026-09-28T09:06:02.105+00:00 host_mono_ns=2345381295491219 
[SEDP-RACE-RUN37] host_utc=2026-09-28T09:06:02.105+00:00 host_mono_ns=2345381295521276 === DEBUG [lwip-posix]: udp_sendto called! Bypassing to POSIX sendto ===
[SEDP-RACE-RUN37] host_utc=2026-09-28T09:06:02.105+00:00 host_mono_ns=2345381295611075 
[SEDP-RACE-RUN37] host_utc=2026-09-28T09:06:02.105+00:00 host_mono_ns=2345381295628518 === DEBUG [lwip-posix]: udp_sendto called! Bypassing to POSIX sendto ===
[SEDP-RACE-RUN37] host_utc=2026-09-28T09:06:02.106+00:00 host_mono_ns=2345381296346675 
[SEDP-RACE-RUN37] host_utc=2026-09-28T09:06:02.106+00:00 host_mono_ns=2345381296370881 === DEBUG [lwip-posix]: udp_sendto called! Bypassing to POSIX sendto ===
[SEDP-RACE-RUN37] host_utc=2026-09-28T09:06:02.106+00:00 host_mono_ns=2345381296381541 
[SEDP-RACE-RUN37] host_utc=2026-09-28T09:06:02.106+00:00 host_mono_ns=2345381296388454 === DEBUG [lwip-posix]: recvfrom received packet of len 204! Bypassing to pcb->recv ===
[SEDP-RACE-RUN37] host_utc=2026-09-28T09:06:02.106+00:00 host_mono_ns=2345381296406759 
[SEDP-RACE-RUN37] host_utc=2026-09-28T09:06:02.106+00:00 host_mono_ns=2345381296413531 === DEBUG [lwip-posix]: recvfrom received packet of len 48! Bypassing to pcb->recv ===
[SEDP-RACE-RUN37] host_utc=2026-09-28T09:06:02.106+00:00 host_mono_ns=2345381296933183 
[SEDP-RACE-RUN37] host_utc=2026-09-28T09:06:02.106+00:00 host_mono_ns=2345381296955976 === DEBUG [lwip-posix]: recvfrom received packet of len 48! Bypassing to pcb->recv ===
[SEDP-RACE-RUN37] host_utc=2026-09-28T09:06:02.854+00:00 host_mono_ns=2345382045115522 
[SEDP-RACE-RUN37] host_utc=2026-09-28T09:06:02.854+00:00 host_mono_ns=2345382045150338 === DEBUG [lwip-posix]: recvfrom received packet of len 204! Bypassing to pcb->recv ===
[SEDP-RACE-RUN37] host_utc=2026-09-28T09:06:02.945+00:00 host_mono_ns=2345382135405052 
[SEDP-RACE-RUN37] host_utc=2026-09-28T09:06:02.945+00:00 host_mono_ns=2345382135436471 === DEBUG [lwip-posix]: recvfrom received packet of len 100! Bypassing to pcb->recv ===
[SEDP-RACE-RUN37] host_utc=2026-09-28T09:06:02.945+00:00 host_mono_ns=2345382135447842 [CR-NATIVE-R04] epoch=1790586362.945113803 event=peer_receive topic=/to_linux id=8 payload='Hello from mros2-posix onto Linux: 8'
[SEDP-RACE-RUN37] host_utc=2026-09-28T09:06:02.945+00:00 host_mono_ns=2345382135458292 [CR-NATIVE-R04] epoch=1790586362.945132408 event=peer_echo_publish_return topic=/to_stm id=8 payload='Hello from mros2-posix onto Linux: 8'
[SEDP-RACE-RUN37] host_utc=2026-09-28T09:06:02.945+00:00 host_mono_ns=2345382135547931 
[SEDP-RACE-RUN37] host_utc=2026-09-28T09:06:02.945+00:00 host_mono_ns=2345382135576966 === DEBUG [lwip-posix]: udp_sendto called! Bypassing to POSIX sendto ===
[SEDP-RACE-RUN37] host_utc=2026-09-28T09:06:03.106+00:00 host_mono_ns=2345382296426198 
[SEDP-RACE-RUN37] host_utc=2026-09-28T09:06:03.106+00:00 host_mono_ns=2345382296452999 === DEBUG [lwip-posix]: udp_sendto called! Bypassing to POSIX sendto ===
[SEDP-RACE-RUN37] host_utc=2026-09-28T09:06:03.106+00:00 host_mono_ns=2345382296590989 
[SEDP-RACE-RUN37] host_utc=2026-09-28T09:06:03.106+00:00 host_mono_ns=2345382296606028 === DEBUG [lwip-posix]: recvfrom received packet of len 204! Bypassing to pcb->recv ===
[SEDP-RACE-RUN37] host_utc=2026-09-28T09:06:03.855+00:00 host_mono_ns=2345383045436242 
[SEDP-RACE-RUN37] host_utc=2026-09-28T09:06:03.855+00:00 host_mono_ns=2345383045467551 === DEBUG [lwip-posix]: recvfrom received packet of len 204! Bypassing to pcb->recv ===
[SEDP-RACE-RUN37] host_utc=2026-09-28T09:06:03.945+00:00 host_mono_ns=2345383136142067 
[SEDP-RACE-RUN37] host_utc=2026-09-28T09:06:03.946+00:00 host_mono_ns=2345383136170250 === DEBUG [lwip-posix]: recvfrom received packet of len 100! Bypassing to pcb->recv ===
[SEDP-RACE-RUN37] host_utc=2026-09-28T09:06:03.946+00:00 host_mono_ns=2345383136381469 [CR-NATIVE-R04] epoch=1790586363.945984741 event=peer_receive topic=/to_linux id=9 payload='Hello from mros2-posix onto Linux: 9'
[SEDP-RACE-RUN37] host_utc=2026-09-28T09:06:03.946+00:00 host_mono_ns=2345383136407468 [CR-NATIVE-R04] epoch=1790586363.946004880 event=peer_echo_publish_return topic=/to_stm id=9 payload='Hello from mros2-posix onto Linux: 9'
[SEDP-RACE-RUN37] host_utc=2026-09-28T09:06:03.946+00:00 host_mono_ns=2345383136418980 
[SEDP-RACE-RUN37] host_utc=2026-09-28T09:06:03.946+00:00 host_mono_ns=2345383136428638 === DEBUG [lwip-posix]: udp_sendto called! Bypassing to POSIX sendto ===
[SEDP-RACE-RUN37] host_utc=2026-09-28T09:06:04.106+00:00 host_mono_ns=2345383296608786 
[SEDP-RACE-RUN37] host_utc=2026-09-28T09:06:04.106+00:00 host_mono_ns=2345383296649623 === DEBUG [lwip-posix]: udp_sendto called! Bypassing to POSIX sendto ===
[SEDP-RACE-RUN37] host_utc=2026-09-28T09:06:04.106+00:00 host_mono_ns=2345383296664732 
[SEDP-RACE-RUN37] host_utc=2026-09-28T09:06:04.106+00:00 host_mono_ns=2345383296676754 === DEBUG [lwip-posix]: recvfrom received packet of len 204! Bypassing to pcb->recv ===
[SEDP-RACE-RUN37] host_utc=2026-09-28T09:06:04.855+00:00 host_mono_ns=2345384045566692 
[SEDP-RACE-RUN37] host_utc=2026-09-28T09:06:04.855+00:00 host_mono_ns=2345384046136969 === DEBUG [lwip-posix]: recvfrom received packet of len 204! Bypassing to pcb->recv ===
[SEDP-RACE-RUN37] host_utc=2026-09-28T09:06:04.946+00:00 host_mono_ns=2345384136915061 
[SEDP-RACE-RUN37] host_utc=2026-09-28T09:06:04.946+00:00 host_mono_ns=2345384136943315 === DEBUG [lwip-posix]: recvfrom received packet of len 104! Bypassing to pcb->recv ===
[SEDP-RACE-RUN37] host_utc=2026-09-28T09:06:04.946+00:00 host_mono_ns=2345384136954376 [CR-NATIVE-R04] epoch=1790586364.946591021 event=peer_receive topic=/to_linux id=10 payload='Hello from mros2-posix onto Linux: 10'
[SEDP-RACE-RUN37] host_utc=2026-09-28T09:06:04.946+00:00 host_mono_ns=2345384136964725 [CR-NATIVE-R04] epoch=1790586364.946608314 event=peer_echo_publish_return topic=/to_stm id=10 payload='Hello from mros2-posix onto Linux: 10'
[SEDP-RACE-RUN37] host_utc=2026-09-28T09:06:04.946+00:00 host_mono_ns=2345384137055827 
[SEDP-RACE-RUN37] host_utc=2026-09-28T09:06:04.946+00:00 host_mono_ns=2345384137090453 === DEBUG [lwip-posix]: udp_sendto called! Bypassing to POSIX sendto ===
[SEDP-RACE-RUN37] host_utc=2026-09-28T09:06:05.106+00:00 host_mono_ns=2345384296792407 
[SEDP-RACE-RUN37] host_utc=2026-09-28T09:06:05.106+00:00 host_mono_ns=2345384296822103 === DEBUG [lwip-posix]: udp_sendto called! Bypassing to POSIX sendto ===
[SEDP-RACE-RUN37] host_utc=2026-09-28T09:06:05.106+00:00 host_mono_ns=2345384296833354 
[SEDP-RACE-RUN37] host_utc=2026-09-28T09:06:05.106+00:00 host_mono_ns=2345384296842211 === DEBUG [lwip-posix]: recvfrom received packet of len 204! Bypassing to pcb->recv ===
[SEDP-RACE-RUN37] host_utc=2026-09-28T09:06:05.855+00:00 host_mono_ns=2345385045796237 
[SEDP-RACE-RUN37] host_utc=2026-09-28T09:06:05.855+00:00 host_mono_ns=2345385045826063 === DEBUG [lwip-posix]: recvfrom received packet of len 204! Bypassing to pcb->recv ===
[SEDP-RACE-RUN37] host_utc=2026-09-28T09:06:05.947+00:00 host_mono_ns=2345385137720104 
[SEDP-RACE-RUN37] host_utc=2026-09-28T09:06:05.947+00:00 host_mono_ns=2345385137747726 === DEBUG [lwip-posix]: recvfrom received packet of len 104! Bypassing to pcb->recv ===
[SEDP-RACE-RUN37] host_utc=2026-09-28T09:06:05.947+00:00 host_mono_ns=2345385137758927 [CR-NATIVE-R04] epoch=1790586365.947394601 event=peer_receive topic=/to_linux id=11 payload='Hello from mros2-posix onto Linux: 11'
[SEDP-RACE-RUN37] host_utc=2026-09-28T09:06:05.947+00:00 host_mono_ns=2345385137769337 [CR-NATIVE-R04] epoch=1790586365.947413166 event=peer_echo_publish_return topic=/to_stm id=11 payload='Hello from mros2-posix onto Linux: 11'
[SEDP-RACE-RUN37] host_utc=2026-09-28T09:06:05.947+00:00 host_mono_ns=2345385137785908 
[SEDP-RACE-RUN37] host_utc=2026-09-28T09:06:05.947+00:00 host_mono_ns=2345385137795145 === DEBUG [lwip-posix]: udp_sendto called! Bypassing to POSIX sendto ===
[SEDP-RACE-RUN37] host_utc=2026-09-28T09:06:06.105+00:00 host_mono_ns=2345385295739049 
[SEDP-RACE-RUN37] host_utc=2026-09-28T09:06:06.105+00:00 host_mono_ns=2345385295775588 === DEBUG [lwip-posix]: udp_sendto called! Bypassing to POSIX sendto ===
[SEDP-RACE-RUN37] host_utc=2026-09-28T09:06:06.105+00:00 host_mono_ns=2345385295903450 
[SEDP-RACE-RUN37] host_utc=2026-09-28T09:06:06.105+00:00 host_mono_ns=2345385295942584 === DEBUG [lwip-posix]: udp_sendto called! Bypassing to POSIX sendto ===
[SEDP-RACE-RUN37] host_utc=2026-09-28T09:06:06.106+00:00 host_mono_ns=2345385296677021 
[SEDP-RACE-RUN37] host_utc=2026-09-28T09:06:06.106+00:00 host_mono_ns=2345385296713620 === DEBUG [lwip-posix]: recvfrom received packet of len 48! Bypassing to pcb->recv ===
[SEDP-RACE-RUN37] host_utc=2026-09-28T09:06:06.106+00:00 host_mono_ns=2345385296729370 
[SEDP-RACE-RUN37] host_utc=2026-09-28T09:06:06.106+00:00 host_mono_ns=2345385296738167 === DEBUG [lwip-posix]: udp_sendto called! Bypassing to POSIX sendto ===
[SEDP-RACE-RUN37] host_utc=2026-09-28T09:06:06.106+00:00 host_mono_ns=2345385296755028 
[SEDP-RACE-RUN37] host_utc=2026-09-28T09:06:06.106+00:00 host_mono_ns=2345385296763865 === DEBUG [lwip-posix]: recvfrom received packet of len 204! Bypassing to pcb->recv ===
[SEDP-RACE-RUN37] host_utc=2026-09-28T09:06:06.106+00:00 host_mono_ns=2345385297097045 
[SEDP-RACE-RUN37] host_utc=2026-09-28T09:06:06.106+00:00 host_mono_ns=2345385297116331 === DEBUG [lwip-posix]: recvfrom received packet of len 48! Bypassing to pcb->recv ===
[SEDP-RACE-RUN37] host_utc=2026-09-28T09:06:06.856+00:00 host_mono_ns=2345386046205015 
[SEDP-RACE-RUN37] host_utc=2026-09-28T09:06:06.856+00:00 host_mono_ns=2345386046237065 === DEBUG [lwip-posix]: recvfrom received packet of len 204! Bypassing to pcb->recv ===
[SEDP-RACE-RUN37] host_utc=2026-09-28T09:06:06.948+00:00 host_mono_ns=2345386138436169 
[SEDP-RACE-RUN37] host_utc=2026-09-28T09:06:06.948+00:00 host_mono_ns=2345386138465024 === DEBUG [lwip-posix]: recvfrom received packet of len 104! Bypassing to pcb->recv ===
[SEDP-RACE-RUN37] host_utc=2026-09-28T09:06:06.948+00:00 host_mono_ns=2345386138476455 [CR-NATIVE-R04] epoch=1790586366.948128971 event=peer_receive topic=/to_linux id=12 payload='Hello from mros2-posix onto Linux: 12'
[SEDP-RACE-RUN37] host_utc=2026-09-28T09:06:06.948+00:00 host_mono_ns=2345386138487226 [CR-NATIVE-R04] epoch=1790586366.948145262 event=peer_echo_publish_return topic=/to_stm id=12 payload='Hello from mros2-posix onto Linux: 12'
[SEDP-RACE-RUN37] host_utc=2026-09-28T09:06:06.948+00:00 host_mono_ns=2345386138550325 
[SEDP-RACE-RUN37] host_utc=2026-09-28T09:06:06.948+00:00 host_mono_ns=2345386138576675 === DEBUG [lwip-posix]: udp_sendto called! Bypassing to POSIX sendto ===
[SEDP-RACE-RUN37] host_utc=2026-09-28T09:06:07.106+00:00 host_mono_ns=2345386296850002 
[SEDP-RACE-RUN37] host_utc=2026-09-28T09:06:07.106+00:00 host_mono_ns=2345386296884117 === DEBUG [lwip-posix]: udp_sendto called! Bypassing to POSIX sendto ===
[SEDP-RACE-RUN37] host_utc=2026-09-28T09:06:07.106+00:00 host_mono_ns=2345386296957315 
[SEDP-RACE-RUN37] host_utc=2026-09-28T09:06:07.106+00:00 host_mono_ns=2345386296968947 === DEBUG [lwip-posix]: recvfrom received packet of len 204! Bypassing to pcb->recv ===
[SEDP-RACE-RUN37] host_utc=2026-09-28T09:06:07.856+00:00 host_mono_ns=2345387046275111 
[SEDP-RACE-RUN37] host_utc=2026-09-28T09:06:07.856+00:00 host_mono_ns=2345387046308664 === DEBUG [lwip-posix]: recvfrom received packet of len 204! Bypassing to pcb->recv ===
[SEDP-RACE-RUN37] host_utc=2026-09-28T09:06:07.948+00:00 host_mono_ns=2345387139141127 
[SEDP-RACE-RUN37] host_utc=2026-09-28T09:06:07.949+00:00 host_mono_ns=2345387139178868 === DEBUG [lwip-posix]: recvfrom received packet of len 104! Bypassing to pcb->recv ===
[SEDP-RACE-RUN37] host_utc=2026-09-28T09:06:07.949+00:00 host_mono_ns=2345387139193806 [CR-NATIVE-R04] epoch=1790586367.948809412 event=peer_receive topic=/to_linux id=13 payload='Hello from mros2-posix onto Linux: 13'
[SEDP-RACE-RUN37] host_utc=2026-09-28T09:06:07.949+00:00 host_mono_ns=2345387139260953 [CR-NATIVE-R04] epoch=1790586367.948830472 event=peer_echo_publish_return topic=/to_stm id=13 payload='Hello from mros2-posix onto Linux: 13'
[SEDP-RACE-RUN37] host_utc=2026-09-28T09:06:07.949+00:00 host_mono_ns=2345387139272966 
[SEDP-RACE-RUN37] host_utc=2026-09-28T09:06:07.949+00:00 host_mono_ns=2345387139282393 === DEBUG [lwip-posix]: udp_sendto called! Bypassing to POSIX sendto ===
[SEDP-RACE-RUN37] host_utc=2026-09-28T09:06:08.106+00:00 host_mono_ns=2345387296947270 
[SEDP-RACE-RUN37] host_utc=2026-09-28T09:06:08.106+00:00 host_mono_ns=2345387296977236 === DEBUG [lwip-posix]: udp_sendto called! Bypassing to POSIX sendto ===
[SEDP-RACE-RUN37] host_utc=2026-09-28T09:06:08.106+00:00 host_mono_ns=2345387297102223 
[SEDP-RACE-RUN37] host_utc=2026-09-28T09:06:08.106+00:00 host_mono_ns=2345387297120667 === DEBUG [lwip-posix]: recvfrom received packet of len 204! Bypassing to pcb->recv ===
[SEDP-RACE-RUN37] host_utc=2026-09-28T09:06:08.856+00:00 host_mono_ns=2345388046488308 
[SEDP-RACE-RUN37] host_utc=2026-09-28T09:06:08.856+00:00 host_mono_ns=2345388046514387 === DEBUG [lwip-posix]: recvfrom received packet of len 204! Bypassing to pcb->recv ===
[SEDP-RACE-RUN37] host_utc=2026-09-28T09:06:08.949+00:00 host_mono_ns=2345388139939138 
[SEDP-RACE-RUN37] host_utc=2026-09-28T09:06:08.949+00:00 host_mono_ns=2345388139986988 === DEBUG [lwip-posix]: recvfrom received packet of len 104! Bypassing to pcb->recv ===
[SEDP-RACE-RUN37] host_utc=2026-09-28T09:06:08.949+00:00 host_mono_ns=2345388139998931 [CR-NATIVE-R04] epoch=1790586368.949595290 event=peer_receive topic=/to_linux id=14 payload='Hello from mros2-posix onto Linux: 14'
[SEDP-RACE-RUN37] host_utc=2026-09-28T09:06:08.949+00:00 host_mono_ns=2345388140036552 [CR-NATIVE-R04] epoch=1790586368.949611481 event=peer_echo_publish_return topic=/to_stm id=14 payload='Hello from mros2-posix onto Linux: 14'
[SEDP-RACE-RUN37] host_utc=2026-09-28T09:06:08.949+00:00 host_mono_ns=2345388140053905 
[SEDP-RACE-RUN37] host_utc=2026-09-28T09:06:08.949+00:00 host_mono_ns=2345388140063102 === DEBUG [lwip-posix]: udp_sendto called! Bypassing to POSIX sendto ===
[SEDP-RACE-RUN37] host_utc=2026-09-28T09:06:09.106+00:00 host_mono_ns=2345388297065648 
[SEDP-RACE-RUN37] host_utc=2026-09-28T09:06:09.106+00:00 host_mono_ns=2345388297094372 === DEBUG [lwip-posix]: udp_sendto called! Bypassing to POSIX sendto ===
[SEDP-RACE-RUN37] host_utc=2026-09-28T09:06:09.107+00:00 host_mono_ns=2345388297180174 
[SEDP-RACE-RUN37] host_utc=2026-09-28T09:06:09.107+00:00 host_mono_ns=2345388297191326 === DEBUG [lwip-posix]: recvfrom received packet of len 204! Bypassing to pcb->recv ===
[SEDP-RACE-RUN37] host_utc=2026-09-28T09:06:09.856+00:00 host_mono_ns=2345389046820571 
[SEDP-RACE-RUN37] host_utc=2026-09-28T09:06:09.857+00:00 host_mono_ns=2345389047392342 === DEBUG [lwip-posix]: recvfrom received packet of len 204! Bypassing to pcb->recv ===
[SEDP-RACE-RUN37] host_utc=2026-09-28T09:06:09.950+00:00 host_mono_ns=2345389140796333 
[SEDP-RACE-RUN37] host_utc=2026-09-28T09:06:09.950+00:00 host_mono_ns=2345389140826820 === DEBUG [lwip-posix]: recvfrom received packet of len 104! Bypassing to pcb->recv ===
[SEDP-RACE-RUN37] host_utc=2026-09-28T09:06:09.950+00:00 host_mono_ns=2345389140839985 [CR-NATIVE-R04] epoch=1790586369.950498462 event=peer_receive topic=/to_linux id=15 payload='Hello from mros2-posix onto Linux: 15'
[SEDP-RACE-RUN37] host_utc=2026-09-28T09:06:09.950+00:00 host_mono_ns=2345389140849994 [CR-NATIVE-R04] epoch=1790586369.950515424 event=peer_echo_publish_return topic=/to_stm id=15 payload='Hello from mros2-posix onto Linux: 15'
[SEDP-RACE-RUN37] host_utc=2026-09-28T09:06:09.950+00:00 host_mono_ns=2345389140877536 
[SEDP-RACE-RUN37] host_utc=2026-09-28T09:06:09.950+00:00 host_mono_ns=2345389140887114 === DEBUG [lwip-posix]: udp_sendto called! Bypassing to POSIX sendto ===
[SEDP-RACE-RUN37] host_utc=2026-09-28T09:06:10.105+00:00 host_mono_ns=2345389295904139 
[SEDP-RACE-RUN37] host_utc=2026-09-28T09:06:10.105+00:00 host_mono_ns=2345389295939485 === DEBUG [lwip-posix]: udp_sendto called! Bypassing to POSIX sendto ===
[SEDP-RACE-RUN37] host_utc=2026-09-28T09:06:10.105+00:00 host_mono_ns=2345389296077867 
[SEDP-RACE-RUN37] host_utc=2026-09-28T09:06:10.105+00:00 host_mono_ns=2345389296116810 === DEBUG [lwip-posix]: udp_sendto called! Bypassing to POSIX sendto ===
[SEDP-RACE-RUN37] host_utc=2026-09-28T09:06:10.106+00:00 host_mono_ns=2345389296756890 
[SEDP-RACE-RUN37] host_utc=2026-09-28T09:06:10.106+00:00 host_mono_ns=2345389296783951 === DEBUG [lwip-posix]: recvfrom received packet of len 48! Bypassing to pcb->recv ===
[SEDP-RACE-RUN37] host_utc=2026-09-28T09:06:10.107+00:00 host_mono_ns=2345389297743303 
[SEDP-RACE-RUN37] host_utc=2026-09-28T09:06:10.107+00:00 host_mono_ns=2345389297774352 === DEBUG [lwip-posix]: udp_sendto called! Bypassing to POSIX sendto ===
[SEDP-RACE-RUN37] host_utc=2026-09-28T09:06:10.107+00:00 host_mono_ns=2345389297785724 
[SEDP-RACE-RUN37] host_utc=2026-09-28T09:06:10.107+00:00 host_mono_ns=2345389297794570 === DEBUG [lwip-posix]: recvfrom received packet of len 204! Bypassing to pcb->recv ===
[SEDP-RACE-RUN37] host_utc=2026-09-28T09:06:10.107+00:00 host_mono_ns=2345389297803708 
[SEDP-RACE-RUN37] host_utc=2026-09-28T09:06:10.107+00:00 host_mono_ns=2345389297811783 === DEBUG [lwip-posix]: recvfrom received packet of len 48! Bypassing to pcb->recv ===
[SEDP-RACE-RUN37] host_utc=2026-09-28T09:06:10.857+00:00 host_mono_ns=2345390047184633 
[SEDP-RACE-RUN37] host_utc=2026-09-28T09:06:10.857+00:00 host_mono_ns=2345390047225149 === DEBUG [lwip-posix]: recvfrom received packet of len 204! Bypassing to pcb->recv ===
[SEDP-RACE-RUN37] host_utc=2026-09-28T09:06:10.951+00:00 host_mono_ns=2345390141551454 
[SEDP-RACE-RUN37] host_utc=2026-09-28T09:06:10.951+00:00 host_mono_ns=2345390141585849 === DEBUG [lwip-posix]: recvfrom received packet of len 104! Bypassing to pcb->recv ===
[SEDP-RACE-RUN37] host_utc=2026-09-28T09:06:10.951+00:00 host_mono_ns=2345390141599495 [CR-NATIVE-R04] epoch=1790586370.951257020 event=peer_receive topic=/to_linux id=16 payload='Hello from mros2-posix onto Linux: 16'
[SEDP-RACE-RUN37] host_utc=2026-09-28T09:06:10.951+00:00 host_mono_ns=2345390141612039 [CR-NATIVE-R04] epoch=1790586370.951277398 event=peer_echo_publish_return topic=/to_stm id=16 payload='Hello from mros2-posix onto Linux: 16'
[SEDP-RACE-RUN37] host_utc=2026-09-28T09:06:10.951+00:00 host_mono_ns=2345390141685868 
[SEDP-RACE-RUN37] host_utc=2026-09-28T09:06:10.951+00:00 host_mono_ns=2345390141721155 === DEBUG [lwip-posix]: udp_sendto called! Bypassing to POSIX sendto ===
[SEDP-RACE-RUN37] host_utc=2026-09-28T09:06:11.107+00:00 host_mono_ns=2345390297345256 
[SEDP-RACE-RUN37] host_utc=2026-09-28T09:06:11.107+00:00 host_mono_ns=2345390297373770 === DEBUG [lwip-posix]: udp_sendto called! Bypassing to POSIX sendto ===
[SEDP-RACE-RUN37] host_utc=2026-09-28T09:06:11.107+00:00 host_mono_ns=2345390297389720 
[SEDP-RACE-RUN37] host_utc=2026-09-28T09:06:11.107+00:00 host_mono_ns=2345390297400701 === DEBUG [lwip-posix]: recvfrom received packet of len 204! Bypassing to pcb->recv ===
[SEDP-RACE-RUN37] host_utc=2026-09-28T09:06:11.857+00:00 host_mono_ns=2345391047212711 
[SEDP-RACE-RUN37] host_utc=2026-09-28T09:06:11.857+00:00 host_mono_ns=2345391047242327 === DEBUG [lwip-posix]: recvfrom received packet of len 204! Bypassing to pcb->recv ===
[SEDP-RACE-RUN37] host_utc=2026-09-28T09:06:11.952+00:00 host_mono_ns=2345391142317406 
[SEDP-RACE-RUN37] host_utc=2026-09-28T09:06:11.952+00:00 host_mono_ns=2345391142346290 === DEBUG [lwip-posix]: recvfrom received packet of len 104! Bypassing to pcb->recv ===
[SEDP-RACE-RUN37] host_utc=2026-09-28T09:06:11.952+00:00 host_mono_ns=2345391142359876 [CR-NATIVE-R04] epoch=1790586371.952017691 event=peer_receive topic=/to_linux id=17 payload='Hello from mros2-posix onto Linux: 17'
[SEDP-RACE-RUN37] host_utc=2026-09-28T09:06:11.952+00:00 host_mono_ns=2345391142372159 [CR-NATIVE-R04] epoch=1790586371.952035495 event=peer_echo_publish_return topic=/to_stm id=17 payload='Hello from mros2-posix onto Linux: 17'
[SEDP-RACE-RUN37] host_utc=2026-09-28T09:06:11.952+00:00 host_mono_ns=2345391142457110 
[SEDP-RACE-RUN37] host_utc=2026-09-28T09:06:11.952+00:00 host_mono_ns=2345391142488489 === DEBUG [lwip-posix]: udp_sendto called! Bypassing to POSIX sendto ===
[SEDP-RACE-RUN37] host_utc=2026-09-28T09:06:12.107+00:00 host_mono_ns=2345391297352983 
[SEDP-RACE-RUN37] host_utc=2026-09-28T09:06:12.107+00:00 host_mono_ns=2345391297381116 === DEBUG [lwip-posix]: udp_sendto called! Bypassing to POSIX sendto ===
[SEDP-RACE-RUN37] host_utc=2026-09-28T09:06:12.107+00:00 host_mono_ns=2345391297394251 
[SEDP-RACE-RUN37] host_utc=2026-09-28T09:06:12.107+00:00 host_mono_ns=2345391297405022 === DEBUG [lwip-posix]: recvfrom received packet of len 204! Bypassing to pcb->recv ===
[SEDP-RACE-RUN37] host_utc=2026-09-28T09:06:12.857+00:00 host_mono_ns=2345392047459331 
[SEDP-RACE-RUN37] host_utc=2026-09-28T09:06:12.857+00:00 host_mono_ns=2345392047499587 === DEBUG [lwip-posix]: recvfrom received packet of len 204! Bypassing to pcb->recv ===
[SEDP-RACE-RUN37] host_utc=2026-09-28T09:06:12.952+00:00 host_mono_ns=2345392142835338 
[SEDP-RACE-RUN37] host_utc=2026-09-28T09:06:12.952+00:00 host_mono_ns=2345392142864333 === DEBUG [lwip-posix]: recvfrom received packet of len 104! Bypassing to pcb->recv ===
[SEDP-RACE-RUN37] host_utc=2026-09-28T09:06:12.952+00:00 host_mono_ns=2345392142877988 [CR-NATIVE-R04] epoch=1790586372.952524643 event=peer_receive topic=/to_linux id=18 payload='Hello from mros2-posix onto Linux: 18'
[SEDP-RACE-RUN37] host_utc=2026-09-28T09:06:12.952+00:00 host_mono_ns=2345392142906803 [CR-NATIVE-R04] epoch=1790586372.952545462 event=peer_echo_publish_return topic=/to_stm id=18 payload='Hello from mros2-posix onto Linux: 18'
[SEDP-RACE-RUN37] host_utc=2026-09-28T09:06:12.952+00:00 host_mono_ns=2345392143156775 
[SEDP-RACE-RUN37] host_utc=2026-09-28T09:06:12.953+00:00 host_mono_ns=2345392143187233 === DEBUG [lwip-posix]: udp_sendto called! Bypassing to POSIX sendto ===
[SEDP-RACE-RUN37] host_utc=2026-09-28T09:06:13.107+00:00 host_mono_ns=2345392297635412 
[SEDP-RACE-RUN37] host_utc=2026-09-28T09:06:13.107+00:00 host_mono_ns=2345392297661371 === DEBUG [lwip-posix]: udp_sendto called! Bypassing to POSIX sendto ===
[SEDP-RACE-RUN37] host_utc=2026-09-28T09:06:13.107+00:00 host_mono_ns=2345392297672141 
[SEDP-RACE-RUN37] host_utc=2026-09-28T09:06:13.107+00:00 host_mono_ns=2345392297680978 === DEBUG [lwip-posix]: recvfrom received packet of len 204! Bypassing to pcb->recv ===
[SEDP-RACE-RUN37] host_utc=2026-09-28T09:06:13.857+00:00 host_mono_ns=2345393047893244 
[SEDP-RACE-RUN37] host_utc=2026-09-28T09:06:13.857+00:00 host_mono_ns=2345393047925635 === DEBUG [lwip-posix]: recvfrom received packet of len 204! Bypassing to pcb->recv ===
[SEDP-RACE-RUN37] host_utc=2026-09-28T09:06:13.953+00:00 host_mono_ns=2345393143903279 
[SEDP-RACE-RUN37] host_utc=2026-09-28T09:06:13.953+00:00 host_mono_ns=2345393143936883 === DEBUG [lwip-posix]: recvfrom received packet of len 104! Bypassing to pcb->recv ===
[SEDP-RACE-RUN37] host_utc=2026-09-28T09:06:13.953+00:00 host_mono_ns=2345393143948214 [CR-NATIVE-R04] epoch=1790586373.953550545 event=peer_receive topic=/to_linux id=19 payload='Hello from mros2-posix onto Linux: 19'
[SEDP-RACE-RUN37] host_utc=2026-09-28T09:06:13.953+00:00 host_mono_ns=2345393143958513 [CR-NATIVE-R04] epoch=1790586373.953571705 event=peer_echo_publish_return topic=/to_stm id=19 payload='Hello from mros2-posix onto Linux: 19'
[SEDP-RACE-RUN37] host_utc=2026-09-28T09:06:13.953+00:00 host_mono_ns=2345393143968322 
[SEDP-RACE-RUN37] host_utc=2026-09-28T09:06:13.953+00:00 host_mono_ns=2345393143976728 === DEBUG [lwip-posix]: udp_sendto called! Bypassing to POSIX sendto ===
[SEDP-RACE-RUN37] host_utc=2026-09-28T09:06:14.105+00:00 host_mono_ns=2345393295729604 
[SEDP-RACE-RUN37] host_utc=2026-09-28T09:06:14.105+00:00 host_mono_ns=2345393295756786 === DEBUG [lwip-posix]: udp_sendto called! Bypassing to POSIX sendto ===
[SEDP-RACE-RUN37] host_utc=2026-09-28T09:06:14.105+00:00 host_mono_ns=2345393296165267 
[SEDP-RACE-RUN37] host_utc=2026-09-28T09:06:14.106+00:00 host_mono_ns=2345393296190956 === DEBUG [lwip-posix]: udp_sendto called! Bypassing to POSIX sendto ===
[SEDP-RACE-RUN37] host_utc=2026-09-28T09:06:14.106+00:00 host_mono_ns=2345393296809464 
[SEDP-RACE-RUN37] host_utc=2026-09-28T09:06:14.106+00:00 host_mono_ns=2345393296840313 === DEBUG [lwip-posix]: recvfrom received packet of len 48! Bypassing to pcb->recv ===
[SEDP-RACE-RUN37] host_utc=2026-09-28T09:06:14.107+00:00 host_mono_ns=2345393297479540 
[SEDP-RACE-RUN37] host_utc=2026-09-28T09:06:14.107+00:00 host_mono_ns=2345393297512583 === DEBUG [lwip-posix]: udp_sendto called! Bypassing to POSIX sendto ===
[SEDP-RACE-RUN37] host_utc=2026-09-28T09:06:14.107+00:00 host_mono_ns=2345393297523764 
[SEDP-RACE-RUN37] host_utc=2026-09-28T09:06:14.107+00:00 host_mono_ns=2345393297532640 === DEBUG [lwip-posix]: recvfrom received packet of len 48! Bypassing to pcb->recv ===
[SEDP-RACE-RUN37] host_utc=2026-09-28T09:06:14.107+00:00 host_mono_ns=2345393297541708 
[SEDP-RACE-RUN37] host_utc=2026-09-28T09:06:14.107+00:00 host_mono_ns=2345393297550204 === DEBUG [lwip-posix]: recvfrom received packet of len 204! Bypassing to pcb->recv ===
[SEDP-RACE-RUN37] host_utc=2026-09-28T09:06:14.857+00:00 host_mono_ns=2345394048185249 
[SEDP-RACE-RUN37] host_utc=2026-09-28T09:06:14.858+00:00 host_mono_ns=2345394048456432 === DEBUG [lwip-posix]: recvfrom received packet of len 204! Bypassing to pcb->recv ===
[SEDP-RACE-RUN37] host_utc=2026-09-28T09:06:14.954+00:00 host_mono_ns=2345394144640884 
[SEDP-RACE-RUN37] host_utc=2026-09-28T09:06:14.954+00:00 host_mono_ns=2345394144673996 === DEBUG [lwip-posix]: recvfrom received packet of len 104! Bypassing to pcb->recv ===
[SEDP-RACE-RUN37] host_utc=2026-09-28T09:06:14.954+00:00 host_mono_ns=2345394144827627 [CR-NATIVE-R04] epoch=1790586374.954414779 event=peer_receive topic=/to_linux id=20 payload='Hello from mros2-posix onto Linux: 20'
[SEDP-RACE-RUN37] host_utc=2026-09-28T09:06:14.954+00:00 host_mono_ns=2345394144853095 [CR-NATIVE-R04] epoch=1790586374.954438123 event=peer_echo_publish_return topic=/to_stm id=20 payload='Hello from mros2-posix onto Linux: 20'
[SEDP-RACE-RUN37] host_utc=2026-09-28T09:06:14.954+00:00 host_mono_ns=2345394144864526 
[SEDP-RACE-RUN37] host_utc=2026-09-28T09:06:14.954+00:00 host_mono_ns=2345394144874245 === DEBUG [lwip-posix]: udp_sendto called! Bypassing to POSIX sendto ===
[SEDP-RACE-RUN37] host_utc=2026-09-28T09:06:15.107+00:00 host_mono_ns=2345394297743843 
[SEDP-RACE-RUN37] host_utc=2026-09-28T09:06:15.107+00:00 host_mono_ns=2345394297779200 === DEBUG [lwip-posix]: udp_sendto called! Bypassing to POSIX sendto ===
[SEDP-RACE-RUN37] host_utc=2026-09-28T09:06:15.107+00:00 host_mono_ns=2345394297795090 
[SEDP-RACE-RUN37] host_utc=2026-09-28T09:06:15.107+00:00 host_mono_ns=2345394297807724 === DEBUG [lwip-posix]: recvfrom received packet of len 204! Bypassing to pcb->recv ===
[SEDP-RACE-RUN37] host_utc=2026-09-28T09:06:15.858+00:00 host_mono_ns=2345395048211672 
[SEDP-RACE-RUN37] host_utc=2026-09-28T09:06:15.858+00:00 host_mono_ns=2345395048245376 === DEBUG [lwip-posix]: recvfrom received packet of len 204! Bypassing to pcb->recv ===
[SEDP-RACE-RUN37] host_utc=2026-09-28T09:06:15.955+00:00 host_mono_ns=2345395145409322 
[SEDP-RACE-RUN37] host_utc=2026-09-28T09:06:15.955+00:00 host_mono_ns=2345395145439118 === DEBUG [lwip-posix]: recvfrom received packet of len 104! Bypassing to pcb->recv ===
[SEDP-RACE-RUN37] host_utc=2026-09-28T09:06:15.955+00:00 host_mono_ns=2345395145464075 [CR-NATIVE-R04] epoch=1790586375.955130707 event=peer_receive topic=/to_linux id=21 payload='Hello from mros2-posix onto Linux: 21'
[SEDP-RACE-RUN37] host_utc=2026-09-28T09:06:15.955+00:00 host_mono_ns=2345395145479554 [CR-NATIVE-R04] epoch=1790586375.955152699 event=peer_echo_publish_return topic=/to_stm id=21 payload='Hello from mros2-posix onto Linux: 21'
[SEDP-RACE-RUN37] host_utc=2026-09-28T09:06:15.955+00:00 host_mono_ns=2345395145493701 
[SEDP-RACE-RUN37] host_utc=2026-09-28T09:06:15.955+00:00 host_mono_ns=2345395145502488 === DEBUG [lwip-posix]: udp_sendto called! Bypassing to POSIX sendto ===
[SEDP-RACE-RUN37] host_utc=2026-09-28T09:06:16.107+00:00 host_mono_ns=2345395297800635 
[SEDP-RACE-RUN37] host_utc=2026-09-28T09:06:16.107+00:00 host_mono_ns=2345395297835301 === DEBUG [lwip-posix]: udp_sendto called! Bypassing to POSIX sendto ===
[SEDP-RACE-RUN37] host_utc=2026-09-28T09:06:16.107+00:00 host_mono_ns=2345395297853114 
[SEDP-RACE-RUN37] host_utc=2026-09-28T09:06:16.107+00:00 host_mono_ns=2345395297867551 === DEBUG [lwip-posix]: recvfrom received packet of len 204! Bypassing to pcb->recv ===
[SEDP-RACE-RUN37] host_utc=2026-09-28T09:06:16.858+00:00 host_mono_ns=2345396048464244 
[SEDP-RACE-RUN37] host_utc=2026-09-28T09:06:16.858+00:00 host_mono_ns=2345396048500593 === DEBUG [lwip-posix]: recvfrom received packet of len 204! Bypassing to pcb->recv ===
[SEDP-RACE-RUN37] host_utc=2026-09-28T09:06:16.955+00:00 host_mono_ns=2345396145986376 
[SEDP-RACE-RUN37] host_utc=2026-09-28T09:06:16.955+00:00 host_mono_ns=2345396146038454 === DEBUG [lwip-posix]: recvfrom received packet of len 104! Bypassing to pcb->recv ===
[SEDP-RACE-RUN37] host_utc=2026-09-28T09:06:16.955+00:00 host_mono_ns=2345396146063321 [CR-NATIVE-R04] epoch=1790586376.955702421 event=peer_receive topic=/to_linux id=22 payload='Hello from mros2-posix onto Linux: 22'
[SEDP-RACE-RUN37] host_utc=2026-09-28T09:06:16.955+00:00 host_mono_ns=2345396146078159 [CR-NATIVE-R04] epoch=1790586376.955722810 event=peer_echo_publish_return topic=/to_stm id=22 payload='Hello from mros2-posix onto Linux: 22'
[SEDP-RACE-RUN37] host_utc=2026-09-28T09:06:16.955+00:00 host_mono_ns=2345396146102525 
[SEDP-RACE-RUN37] host_utc=2026-09-28T09:06:16.955+00:00 host_mono_ns=2345396146111372 === DEBUG [lwip-posix]: udp_sendto called! Bypassing to POSIX sendto ===
[SEDP-RACE-RUN37] host_utc=2026-09-28T09:06:17.107+00:00 host_mono_ns=2345396297705659 
[SEDP-RACE-RUN37] host_utc=2026-09-28T09:06:17.107+00:00 host_mono_ns=2345396297737700 === DEBUG [lwip-posix]: udp_sendto called! Bypassing to POSIX sendto ===
[SEDP-RACE-RUN37] host_utc=2026-09-28T09:06:17.107+00:00 host_mono_ns=2345396297889897 
[SEDP-RACE-RUN37] host_utc=2026-09-28T09:06:17.107+00:00 host_mono_ns=2345396297913612 === DEBUG [lwip-posix]: recvfrom received packet of len 204! Bypassing to pcb->recv ===
[SEDP-RACE-RUN37] host_utc=2026-09-28T09:06:17.858+00:00 host_mono_ns=2345397048854253 
[SEDP-RACE-RUN37] host_utc=2026-09-28T09:06:17.858+00:00 host_mono_ns=2345397048878449 === DEBUG [lwip-posix]: recvfrom received packet of len 204! Bypassing to pcb->recv ===
[SEDP-RACE-RUN37] host_utc=2026-09-28T09:06:17.956+00:00 host_mono_ns=2345397146928579 
[SEDP-RACE-RUN37] host_utc=2026-09-28T09:06:17.956+00:00 host_mono_ns=2345397146961742 === DEBUG [lwip-posix]: recvfrom received packet of len 104! Bypassing to pcb->recv ===
[SEDP-RACE-RUN37] host_utc=2026-09-28T09:06:17.956+00:00 host_mono_ns=2345397146985136 [CR-NATIVE-R04] epoch=1790586377.956645526 event=peer_receive topic=/to_linux id=23 payload='Hello from mros2-posix onto Linux: 23'
[SEDP-RACE-RUN37] host_utc=2026-09-28T09:06:17.956+00:00 host_mono_ns=2345397146995997 [CR-NATIVE-R04] epoch=1790586377.956665614 event=peer_echo_publish_return topic=/to_stm id=23 payload='Hello from mros2-posix onto Linux: 23'
[SEDP-RACE-RUN37] host_utc=2026-09-28T09:06:17.956+00:00 host_mono_ns=2345397147018559 
[SEDP-RACE-RUN37] host_utc=2026-09-28T09:06:17.956+00:00 host_mono_ns=2345397147030772 === DEBUG [lwip-posix]: udp_sendto called! Bypassing to POSIX sendto ===
[SEDP-RACE-RUN37] host_utc=2026-09-28T09:06:18.105+00:00 host_mono_ns=2345397296051518 
[SEDP-RACE-RUN37] host_utc=2026-09-28T09:06:18.105+00:00 host_mono_ns=2345397296084801 === DEBUG [lwip-posix]: udp_sendto called! Bypassing to POSIX sendto ===
[SEDP-RACE-RUN37] host_utc=2026-09-28T09:06:18.106+00:00 host_mono_ns=2345397296459939 
[SEDP-RACE-RUN37] host_utc=2026-09-28T09:06:18.106+00:00 host_mono_ns=2345397296494284 === DEBUG [lwip-posix]: udp_sendto called! Bypassing to POSIX sendto ===
[SEDP-RACE-RUN37] host_utc=2026-09-28T09:06:18.106+00:00 host_mono_ns=2345397296971626 
[SEDP-RACE-RUN37] host_utc=2026-09-28T09:06:18.106+00:00 host_mono_ns=2345397297010780 === DEBUG [lwip-posix]: recvfrom received packet of len 48! Bypassing to pcb->recv ===
[SEDP-RACE-RUN37] host_utc=2026-09-28T09:06:18.107+00:00 host_mono_ns=2345397297349380 
[SEDP-RACE-RUN37] host_utc=2026-09-28T09:06:18.107+00:00 host_mono_ns=2345397297374908 === DEBUG [lwip-posix]: recvfrom received packet of len 48! Bypassing to pcb->recv ===
[SEDP-RACE-RUN37] host_utc=2026-09-28T09:06:18.107+00:00 host_mono_ns=2345397297787508 
[SEDP-RACE-RUN37] host_utc=2026-09-28T09:06:18.107+00:00 host_mono_ns=2345397297815310 === DEBUG [lwip-posix]: udp_sendto called! Bypassing to POSIX sendto ===
[SEDP-RACE-RUN37] host_utc=2026-09-28T09:06:18.107+00:00 host_mono_ns=2345397297827072 
[SEDP-RACE-RUN37] host_utc=2026-09-28T09:06:18.107+00:00 host_mono_ns=2345397297836821 === DEBUG [lwip-posix]: recvfrom received packet of len 204! Bypassing to pcb->recv ===
[SEDP-RACE-RUN37] host_utc=2026-09-28T09:06:18.858+00:00 host_mono_ns=2345398049051812 
[SEDP-RACE-RUN37] host_utc=2026-09-28T09:06:18.858+00:00 host_mono_ns=2345398049082841 === DEBUG [lwip-posix]: recvfrom received packet of len 204! Bypassing to pcb->recv ===
[SEDP-RACE-RUN37] host_utc=2026-09-28T09:06:18.957+00:00 host_mono_ns=2345398147495375 
[SEDP-RACE-RUN37] host_utc=2026-09-28T09:06:18.957+00:00 host_mono_ns=2345398147529189 === DEBUG [lwip-posix]: recvfrom received packet of len 104! Bypassing to pcb->recv ===
[SEDP-RACE-RUN37] host_utc=2026-09-28T09:06:18.957+00:00 host_mono_ns=2345398147560288 [CR-NATIVE-R04] epoch=1790586378.957190932 event=peer_receive topic=/to_linux id=24 payload='Hello from mros2-posix onto Linux: 24'
[SEDP-RACE-RUN37] host_utc=2026-09-28T09:06:18.957+00:00 host_mono_ns=2345398147574545 [CR-NATIVE-R04] epoch=1790586378.957212363 event=peer_echo_publish_return topic=/to_stm id=24 payload='Hello from mros2-posix onto Linux: 24'
[SEDP-RACE-RUN37] host_utc=2026-09-28T09:06:18.957+00:00 host_mono_ns=2345398147594823 
[SEDP-RACE-RUN37] host_utc=2026-09-28T09:06:18.957+00:00 host_mono_ns=2345398147604351 === DEBUG [lwip-posix]: udp_sendto called! Bypassing to POSIX sendto ===
[SEDP-RACE-RUN37] host_utc=2026-09-28T09:06:19.107+00:00 host_mono_ns=2345398298064225 
[SEDP-RACE-RUN37] host_utc=2026-09-28T09:06:19.107+00:00 host_mono_ns=2345398298097949 === DEBUG [lwip-posix]: udp_sendto called! Bypassing to POSIX sendto ===
[SEDP-RACE-RUN37] host_utc=2026-09-28T09:06:19.107+00:00 host_mono_ns=2345398298109310 
[SEDP-RACE-RUN37] host_utc=2026-09-28T09:06:19.107+00:00 host_mono_ns=2345398298118678 === DEBUG [lwip-posix]: recvfrom received packet of len 204! Bypassing to pcb->recv ===
[SEDP-RACE-RUN37] host_utc=2026-09-28T09:06:19.859+00:00 host_mono_ns=2345399049379064 
[SEDP-RACE-RUN37] host_utc=2026-09-28T09:06:19.859+00:00 host_mono_ns=2345399049849363 === DEBUG [lwip-posix]: recvfrom received packet of len 204! Bypassing to pcb->recv ===
[SEDP-RACE-RUN37] host_utc=2026-09-28T09:06:19.958+00:00 host_mono_ns=2345399148250406 
[SEDP-RACE-RUN37] host_utc=2026-09-28T09:06:19.958+00:00 host_mono_ns=2345399148283238 === DEBUG [lwip-posix]: recvfrom received packet of len 104! Bypassing to pcb->recv ===
[SEDP-RACE-RUN37] host_utc=2026-09-28T09:06:19.958+00:00 host_mono_ns=2345399148294870 [CR-NATIVE-R04] epoch=1790586379.957919022 event=peer_receive topic=/to_linux id=25 payload='Hello from mros2-posix onto Linux: 25'
[SEDP-RACE-RUN37] host_utc=2026-09-28T09:06:19.958+00:00 host_mono_ns=2345399148312743 [CR-NATIVE-R04] epoch=1790586379.957941083 event=peer_echo_publish_return topic=/to_stm id=25 payload='Hello from mros2-posix onto Linux: 25'
[SEDP-RACE-RUN37] host_utc=2026-09-28T09:06:19.958+00:00 host_mono_ns=2345399148322742 
[SEDP-RACE-RUN37] host_utc=2026-09-28T09:06:19.958+00:00 host_mono_ns=2345399148331278 === DEBUG [lwip-posix]: udp_sendto called! Bypassing to POSIX sendto ===
[SEDP-RACE-RUN37] host_utc=2026-09-28T09:06:20.107+00:00 host_mono_ns=2345399298142547 
[SEDP-RACE-RUN37] host_utc=2026-09-28T09:06:20.107+00:00 host_mono_ns=2345399298170990 === DEBUG [lwip-posix]: udp_sendto called! Bypassing to POSIX sendto ===
[SEDP-RACE-RUN37] host_utc=2026-09-28T09:06:20.108+00:00 host_mono_ns=2345399298185127 
[SEDP-RACE-RUN37] host_utc=2026-09-28T09:06:20.108+00:00 host_mono_ns=2345399298194214 === DEBUG [lwip-posix]: recvfrom received packet of len 204! Bypassing to pcb->recv ===
[SEDP-RACE-RUN37] host_utc=2026-09-28T09:06:20.859+00:00 host_mono_ns=2345400049412882 
[SEDP-RACE-RUN37] host_utc=2026-09-28T09:06:20.859+00:00 host_mono_ns=2345400049438661 === DEBUG [lwip-posix]: recvfrom received packet of len 204! Bypassing to pcb->recv ===
[SEDP-RACE-RUN37] host_utc=2026-09-28T09:06:20.958+00:00 host_mono_ns=2345400148975018 
[SEDP-RACE-RUN37] host_utc=2026-09-28T09:06:20.958+00:00 host_mono_ns=2345400149023690 === DEBUG [lwip-posix]: recvfrom received packet of len 104! Bypassing to pcb->recv ===
[SEDP-RACE-RUN37] host_utc=2026-09-28T09:06:20.958+00:00 host_mono_ns=2345400149044609 [CR-NATIVE-R04] epoch=1790586380.958662309 event=peer_receive topic=/to_linux id=26 payload='Hello from mros2-posix onto Linux: 26'
[SEDP-RACE-RUN37] host_utc=2026-09-28T09:06:20.958+00:00 host_mono_ns=2345400149055089 [CR-NATIVE-R04] epoch=1790586380.958680944 event=peer_echo_publish_return topic=/to_stm id=26 payload='Hello from mros2-posix onto Linux: 26'
[SEDP-RACE-RUN37] host_utc=2026-09-28T09:06:20.958+00:00 host_mono_ns=2345400149064587 
[SEDP-RACE-RUN37] host_utc=2026-09-28T09:06:20.958+00:00 host_mono_ns=2345400149085577 === DEBUG [lwip-posix]: udp_sendto called! Bypassing to POSIX sendto ===
[SEDP-RACE-RUN37] host_utc=2026-09-28T09:06:21.108+00:00 host_mono_ns=2345400298247489 
[SEDP-RACE-RUN37] host_utc=2026-09-28T09:06:21.108+00:00 host_mono_ns=2345400298284088 === DEBUG [lwip-posix]: udp_sendto called! Bypassing to POSIX sendto ===
[SEDP-RACE-RUN37] host_utc=2026-09-28T09:06:21.108+00:00 host_mono_ns=2345400298299057 
[SEDP-RACE-RUN37] host_utc=2026-09-28T09:06:21.108+00:00 host_mono_ns=2345400298310027 === DEBUG [lwip-posix]: recvfrom received packet of len 204! Bypassing to pcb->recv ===
[SEDP-RACE-RUN37] host_utc=2026-09-28T09:06:21.859+00:00 host_mono_ns=2345401049693608 
[SEDP-RACE-RUN37] host_utc=2026-09-28T09:06:21.859+00:00 host_mono_ns=2345401049726660 === DEBUG [lwip-posix]: recvfrom received packet of len 204! Bypassing to pcb->recv ===
[SEDP-RACE-RUN37] host_utc=2026-09-28T09:06:21.959+00:00 host_mono_ns=2345401149905240 
[SEDP-RACE-RUN37] host_utc=2026-09-28T09:06:21.959+00:00 host_mono_ns=2345401149935608 === DEBUG [lwip-posix]: recvfrom received packet of len 104! Bypassing to pcb->recv ===
[SEDP-RACE-RUN37] host_utc=2026-09-28T09:06:21.959+00:00 host_mono_ns=2345401149949313 [CR-NATIVE-R04] epoch=1790586381.959573135 event=peer_receive topic=/to_linux id=27 payload='Hello from mros2-posix onto Linux: 27'
[SEDP-RACE-RUN37] host_utc=2026-09-28T09:06:21.959+00:00 host_mono_ns=2345401149961436 [CR-NATIVE-R04] epoch=1790586381.959594485 event=peer_echo_publish_return topic=/to_stm id=27 payload='Hello from mros2-posix onto Linux: 27'
[SEDP-RACE-RUN37] host_utc=2026-09-28T09:06:21.959+00:00 host_mono_ns=2345401149979380 
[SEDP-RACE-RUN37] host_utc=2026-09-28T09:06:21.959+00:00 host_mono_ns=2345401149990832 === DEBUG [lwip-posix]: udp_sendto called! Bypassing to POSIX sendto ===
[SEDP-RACE-RUN37] host_utc=2026-09-28T09:06:22.106+00:00 host_mono_ns=2345401296246642 
[SEDP-RACE-RUN37] host_utc=2026-09-28T09:06:22.106+00:00 host_mono_ns=2345401296278643 === DEBUG [lwip-posix]: udp_sendto called! Bypassing to POSIX sendto ===
[SEDP-RACE-RUN37] host_utc=2026-09-28T09:06:22.106+00:00 host_mono_ns=2345401296615479 
[SEDP-RACE-RUN37] host_utc=2026-09-28T09:06:22.106+00:00 host_mono_ns=2345401296657498 === DEBUG [lwip-posix]: udp_sendto called! Bypassing to POSIX sendto ===
[SEDP-RACE-RUN37] host_utc=2026-09-28T09:06:22.107+00:00 host_mono_ns=2345401297186999 
[SEDP-RACE-RUN37] host_utc=2026-09-28T09:06:22.107+00:00 host_mono_ns=2345401297226062 === DEBUG [lwip-posix]: recvfrom received packet of len 48! Bypassing to pcb->recv ===
[SEDP-RACE-RUN37] host_utc=2026-09-28T09:06:22.107+00:00 host_mono_ns=2345401297545406 
[SEDP-RACE-RUN37] host_utc=2026-09-28T09:06:22.107+00:00 host_mono_ns=2345401297571395 === DEBUG [lwip-posix]: recvfrom received packet of len 48! Bypassing to pcb->recv ===
[SEDP-RACE-RUN37] host_utc=2026-09-28T09:06:22.107+00:00 host_mono_ns=2345401298144578 
[SEDP-RACE-RUN37] host_utc=2026-09-28T09:06:22.108+00:00 host_mono_ns=2345401298175707 === DEBUG [lwip-posix]: udp_sendto called! Bypassing to POSIX sendto ===
[SEDP-RACE-RUN37] host_utc=2026-09-28T09:06:22.108+00:00 host_mono_ns=2345401298189232 
[SEDP-RACE-RUN37] host_utc=2026-09-28T09:06:22.108+00:00 host_mono_ns=2345401298200063 === DEBUG [lwip-posix]: recvfrom received packet of len 204! Bypassing to pcb->recv ===
[SEDP-RACE-RUN37] host_utc=2026-09-28T09:06:22.859+00:00 host_mono_ns=2345402050130206 
[SEDP-RACE-RUN37] host_utc=2026-09-28T09:06:22.859+00:00 host_mono_ns=2345402050165392 === DEBUG [lwip-posix]: recvfrom received packet of len 204! Bypassing to pcb->recv ===
[SEDP-RACE-RUN37] host_utc=2026-09-28T09:06:22.960+00:00 host_mono_ns=2345402150488977 
[SEDP-RACE-RUN37] host_utc=2026-09-28T09:06:22.960+00:00 host_mono_ns=2345402150517140 === DEBUG [lwip-posix]: recvfrom received packet of len 104! Bypassing to pcb->recv ===
[SEDP-RACE-RUN37] host_utc=2026-09-28T09:06:22.960+00:00 host_mono_ns=2345402150530836 [CR-NATIVE-R04] epoch=1790586382.960161941 event=peer_receive topic=/to_linux id=28 payload='Hello from mros2-posix onto Linux: 28'
[SEDP-RACE-RUN37] host_utc=2026-09-28T09:06:22.960+00:00 host_mono_ns=2345402150569038 [CR-NATIVE-R04] epoch=1790586382.960184243 event=peer_echo_publish_return topic=/to_stm id=28 payload='Hello from mros2-posix onto Linux: 28'
[SEDP-RACE-RUN37] host_utc=2026-09-28T09:06:22.960+00:00 host_mono_ns=2345402150579338 
[SEDP-RACE-RUN37] host_utc=2026-09-28T09:06:22.960+00:00 host_mono_ns=2345402150587874 === DEBUG [lwip-posix]: udp_sendto called! Bypassing to POSIX sendto ===
[SEDP-RACE-RUN37] host_utc=2026-09-28T09:06:23.108+00:00 host_mono_ns=2345402298390658 
[SEDP-RACE-RUN37] host_utc=2026-09-28T09:06:23.108+00:00 host_mono_ns=2345402298419582 === DEBUG [lwip-posix]: udp_sendto called! Bypassing to POSIX sendto ===
[SEDP-RACE-RUN37] host_utc=2026-09-28T09:06:23.108+00:00 host_mono_ns=2345402298430663 
[SEDP-RACE-RUN37] host_utc=2026-09-28T09:06:23.108+00:00 host_mono_ns=2345402298439590 === DEBUG [lwip-posix]: recvfrom received packet of len 204! Bypassing to pcb->recv ===
[SEDP-RACE-RUN37] host_utc=2026-09-28T09:06:23.860+00:00 host_mono_ns=2345403050180936 
[SEDP-RACE-RUN37] host_utc=2026-09-28T09:06:23.860+00:00 host_mono_ns=2345403050211403 === DEBUG [lwip-posix]: recvfrom received packet of len 204! Bypassing to pcb->recv ===
[SEDP-RACE-RUN37] host_utc=2026-09-28T09:06:23.961+00:00 host_mono_ns=2345403151345068 
[SEDP-RACE-RUN37] host_utc=2026-09-28T09:06:23.961+00:00 host_mono_ns=2345403151375486 === DEBUG [lwip-posix]: recvfrom received packet of len 104! Bypassing to pcb->recv ===
[SEDP-RACE-RUN37] host_utc=2026-09-28T09:06:23.961+00:00 host_mono_ns=2345403151397257 [CR-NATIVE-R04] epoch=1790586383.961045124 event=peer_receive topic=/to_linux id=29 payload='Hello from mros2-posix onto Linux: 29'
[SEDP-RACE-RUN37] host_utc=2026-09-28T09:06:23.961+00:00 host_mono_ns=2345403151410712 [CR-NATIVE-R04] epoch=1790586383.961076613 event=peer_echo_publish_return topic=/to_stm id=29 payload='Hello from mros2-posix onto Linux: 29'
[SEDP-RACE-RUN37] host_utc=2026-09-28T09:06:23.961+00:00 host_mono_ns=2345403151577518 
[SEDP-RACE-RUN37] host_utc=2026-09-28T09:06:23.961+00:00 host_mono_ns=2345403151619527 === DEBUG [lwip-posix]: udp_sendto called! Bypassing to POSIX sendto ===
[SEDP-RACE-RUN37] host_utc=2026-09-28T09:06:24.108+00:00 host_mono_ns=2345403298399709 
[SEDP-RACE-RUN37] host_utc=2026-09-28T09:06:24.108+00:00 host_mono_ns=2345403298449022 === DEBUG [lwip-posix]: udp_sendto called! Bypassing to POSIX sendto ===
[SEDP-RACE-RUN37] host_utc=2026-09-28T09:06:24.108+00:00 host_mono_ns=2345403298462347 
[SEDP-RACE-RUN37] host_utc=2026-09-28T09:06:24.108+00:00 host_mono_ns=2345403298472697 === DEBUG [lwip-posix]: recvfrom received packet of len 204! Bypassing to pcb->recv ===
[SEDP-RACE-RUN37] host_utc=2026-09-28T09:06:24.615+00:00 host_mono_ns=2345403805787643 
[SEDP-RACE-RUN37] host_utc=2026-09-28T09:06:24.615+00:00 host_mono_ns=2345403805831937 === DEBUG [lwip-posix]: recvfrom received packet of len 280! Bypassing to pcb->recv ===
[SEDP-RACE-RUN37] host_utc=2026-09-28T09:06:24.615+00:00 host_mono_ns=2345403805841425 
[SEDP-RACE-RUN37] host_utc=2026-09-28T09:06:24.615+00:00 host_mono_ns=2345403805848268 === DEBUG [lwip-posix]: recvfrom received packet of len 280! Bypassing to pcb->recv ===
[SEDP-RACE-RUN37] host_utc=2026-09-28T09:06:24.615+00:00 host_mono_ns=2345403805855311 
[SEDP-RACE-RUN37] host_utc=2026-09-28T09:06:24.615+00:00 host_mono_ns=2345403805861733 === DEBUG [lwip-posix]: udp_sendto called! Bypassing to POSIX sendto ===
[SEDP-RACE-RUN37] host_utc=2026-09-28T09:06:24.615+00:00 host_mono_ns=2345403805876421 
[SEDP-RACE-RUN37] host_utc=2026-09-28T09:06:24.615+00:00 host_mono_ns=2345403805883284 === DEBUG [lwip-posix]: recvfrom received packet of len 204! Bypassing to pcb->recv ===
[SEDP-RACE-RUN37] host_utc=2026-09-28T09:06:24.615+00:00 host_mono_ns=2345403806022166 
[SEDP-RACE-RUN37] host_utc=2026-09-28T09:06:24.615+00:00 host_mono_ns=2345403806043797 === DEBUG [lwip-posix]: recvfrom received packet of len 280! Bypassing to pcb->recv ===
[SEDP-RACE-RUN37] host_utc=2026-09-28T09:06:24.615+00:00 host_mono_ns=2345403806069345 
[SEDP-RACE-RUN37] host_utc=2026-09-28T09:06:24.615+00:00 host_mono_ns=2345403806078052 === DEBUG [lwip-posix]: recvfrom received packet of len 280! Bypassing to pcb->recv ===
[SEDP-RACE-RUN37] host_utc=2026-09-28T09:06:24.615+00:00 host_mono_ns=2345403806085015 
[SEDP-RACE-RUN37] host_utc=2026-09-28T09:06:24.615+00:00 host_mono_ns=2345403806091577 === DEBUG [lwip-posix]: recvfrom received packet of len 280! Bypassing to pcb->recv ===
[SEDP-RACE-RUN37] host_utc=2026-09-28T09:06:24.616+00:00 host_mono_ns=2345403806179393 
[SEDP-RACE-RUN37] host_utc=2026-09-28T09:06:24.616+00:00 host_mono_ns=2345403806189282 === DEBUG [lwip-posix]: recvfrom received packet of len 68! Bypassing to pcb->recv ===
[SEDP-RACE-RUN37] host_utc=2026-09-28T09:06:24.616+00:00 host_mono_ns=2345403806194752 
[SEDP-RACE-RUN37] host_utc=2026-09-28T09:06:24.616+00:00 host_mono_ns=2345403806200523 === DEBUG [lwip-posix]: recvfrom received packet of len 68! Bypassing to pcb->recv ===
[SEDP-RACE-RUN37] host_utc=2026-09-28T09:06:24.616+00:00 host_mono_ns=2345403806206795 
[SEDP-RACE-RUN37] host_utc=2026-09-28T09:06:24.616+00:00 host_mono_ns=2345403806211734 === DEBUG [lwip-posix]: udp_sendto called! Bypassing to POSIX sendto ===
[SEDP-RACE-RUN37] host_utc=2026-09-28T09:06:24.616+00:00 host_mono_ns=2345403806221623 
[SEDP-RACE-RUN37] host_utc=2026-09-28T09:06:24.616+00:00 host_mono_ns=2345403806227023 === DEBUG [lwip-posix]: udp_sendto called! Bypassing to POSIX sendto ===
[SEDP-RACE-RUN37] host_utc=2026-09-28T09:06:24.616+00:00 host_mono_ns=2345403807131041 
[SEDP-RACE-RUN37] host_utc=2026-09-28T09:06:24.616+00:00 host_mono_ns=2345403807140058 === DEBUG [lwip-posix]: recvfrom received packet of len 488! Bypassing to pcb->recv ===
[SEDP-RACE-RUN37] host_utc=2026-09-28T09:06:24.617+00:00 host_mono_ns=2345403807472176 
[SEDP-RACE-RUN37] host_utc=2026-09-28T09:06:24.617+00:00 host_mono_ns=2345403807507933 === DEBUG [lwip-posix]: recvfrom received packet of len 488! Bypassing to pcb->recv ===
[SEDP-RACE-RUN37] host_utc=2026-09-28T09:06:24.617+00:00 host_mono_ns=2345403808180003 
[SEDP-RACE-RUN37] host_utc=2026-09-28T09:06:24.618+00:00 host_mono_ns=2345403808228414 === DEBUG [lwip-posix]: recvfrom received packet of len 460! Bypassing to pcb->recv ===
[SEDP-RACE-RUN37] host_utc=2026-09-28T09:06:24.618+00:00 host_mono_ns=2345403808855820 
[SEDP-RACE-RUN37] host_utc=2026-09-28T09:06:24.618+00:00 host_mono_ns=2345403808875096 === DEBUG [lwip-posix]: recvfrom received packet of len 204! Bypassing to pcb->recv ===
[SEDP-RACE-RUN37] host_utc=2026-09-28T09:06:24.618+00:00 host_mono_ns=2345403808886388 
[SEDP-RACE-RUN37] host_utc=2026-09-28T09:06:24.618+00:00 host_mono_ns=2345403808895675 === DEBUG [lwip-posix]: recvfrom received packet of len 280! Bypassing to pcb->recv ===
[SEDP-RACE-RUN37] host_utc=2026-09-28T09:06:24.618+00:00 host_mono_ns=2345403808905083 
[SEDP-RACE-RUN37] host_utc=2026-09-28T09:06:24.618+00:00 host_mono_ns=2345403808913859 === DEBUG [lwip-posix]: recvfrom received packet of len 280! Bypassing to pcb->recv ===
[SEDP-RACE-RUN37] host_utc=2026-09-28T09:06:24.618+00:00 host_mono_ns=2345403808923127 
[SEDP-RACE-RUN37] host_utc=2026-09-28T09:06:24.618+00:00 host_mono_ns=2345403808931944 === DEBUG [lwip-posix]: recvfrom received packet of len 280! Bypassing to pcb->recv ===
[SEDP-RACE-RUN37] host_utc=2026-09-28T09:06:24.620+00:00 host_mono_ns=2345403810581911 
[SEDP-RACE-RUN37] host_utc=2026-09-28T09:06:24.620+00:00 host_mono_ns=2345403810599474 === DEBUG [lwip-posix]: recvfrom received packet of len 204! Bypassing to pcb->recv ===
[SEDP-RACE-RUN37] host_utc=2026-09-28T09:06:24.636+00:00 host_mono_ns=2345403826529740 
[SEDP-RACE-RUN37] host_utc=2026-09-28T09:06:24.636+00:00 host_mono_ns=2345403826571879 === DEBUG [lwip-posix]: recvfrom received packet of len 464! Bypassing to pcb->recv ===
[SEDP-RACE-RUN37] host_utc=2026-09-28T09:06:24.686+00:00 host_mono_ns=2345403876261575 
[SEDP-RACE-RUN37] host_utc=2026-09-28T09:06:24.686+00:00 host_mono_ns=2345403876287654 === DEBUG [lwip-posix]: recvfrom received packet of len 64! Bypassing to pcb->recv ===
[SEDP-RACE-RUN37] host_utc=2026-09-28T09:06:24.686+00:00 host_mono_ns=2345403876315537 
[SEDP-RACE-RUN37] host_utc=2026-09-28T09:06:24.686+00:00 host_mono_ns=2345403876325436 === DEBUG [lwip-posix]: recvfrom received packet of len 64! Bypassing to pcb->recv ===
[SEDP-RACE-RUN37] host_utc=2026-09-28T09:06:24.686+00:00 host_mono_ns=2345403876335074 
[SEDP-RACE-RUN37] host_utc=2026-09-28T09:06:24.686+00:00 host_mono_ns=2345403876344291 === DEBUG [lwip-posix]: udp_sendto called! Bypassing to POSIX sendto ===
[SEDP-RACE-RUN37] host_utc=2026-09-28T09:06:24.686+00:00 host_mono_ns=2345403876361133 
[SEDP-RACE-RUN37] host_utc=2026-09-28T09:06:24.686+00:00 host_mono_ns=2345403876370902 === DEBUG [lwip-posix]: udp_sendto called! Bypassing to POSIX sendto ===
[SEDP-RACE-RUN37] host_utc=2026-09-28T09:06:24.715+00:00 host_mono_ns=2345403905912563 
[SEDP-RACE-RUN37] host_utc=2026-09-28T09:06:24.715+00:00 host_mono_ns=2345403905951256 === DEBUG [lwip-posix]: recvfrom received packet of len 280! Bypassing to pcb->recv ===
[SEDP-RACE-RUN37] host_utc=2026-09-28T09:06:24.715+00:00 host_mono_ns=2345403905966595 
[SEDP-RACE-RUN37] host_utc=2026-09-28T09:06:24.715+00:00 host_mono_ns=2345403905978527 === DEBUG [lwip-posix]: recvfrom received packet of len 280! Bypassing to pcb->recv ===
[SEDP-RACE-RUN37] host_utc=2026-09-28T09:06:24.715+00:00 host_mono_ns=2345403905990630 
[SEDP-RACE-RUN37] host_utc=2026-09-28T09:06:24.715+00:00 host_mono_ns=2345403906018583 === DEBUG [lwip-posix]: recvfrom received packet of len 280! Bypassing to pcb->recv ===
[SEDP-RACE-RUN37] host_utc=2026-09-28T09:06:24.815+00:00 host_mono_ns=2345404005972868 
[SEDP-RACE-RUN37] host_utc=2026-09-28T09:06:24.815+00:00 host_mono_ns=2345404006031729 === DEBUG [lwip-posix]: recvfrom received packet of len 280! Bypassing to pcb->recv ===
[SEDP-RACE-RUN37] host_utc=2026-09-28T09:06:24.815+00:00 host_mono_ns=2345404006050705 
[SEDP-RACE-RUN37] host_utc=2026-09-28T09:06:24.815+00:00 host_mono_ns=2345404006061706 === DEBUG [lwip-posix]: recvfrom received packet of len 280! Bypassing to pcb->recv ===
[SEDP-RACE-RUN37] host_utc=2026-09-28T09:06:24.815+00:00 host_mono_ns=2345404006073869 
[SEDP-RACE-RUN37] host_utc=2026-09-28T09:06:24.815+00:00 host_mono_ns=2345404006085912 === DEBUG [lwip-posix]: recvfrom received packet of len 280! Bypassing to pcb->recv ===
[SEDP-RACE-RUN37] host_utc=2026-09-28T09:06:24.826+00:00 host_mono_ns=2345404016338251 
[SEDP-RACE-RUN37] host_utc=2026-09-28T09:06:24.826+00:00 host_mono_ns=2345404016364411 === DEBUG [lwip-posix]: recvfrom received packet of len 64! Bypassing to pcb->recv ===
[SEDP-RACE-RUN37] host_utc=2026-09-28T09:06:24.826+00:00 host_mono_ns=2345404016376423 
[SEDP-RACE-RUN37] host_utc=2026-09-28T09:06:24.826+00:00 host_mono_ns=2345404016385180 === DEBUG [lwip-posix]: recvfrom received packet of len 64! Bypassing to pcb->recv ===
[SEDP-RACE-RUN37] host_utc=2026-09-28T09:06:24.826+00:00 host_mono_ns=2345404016394047 
[SEDP-RACE-RUN37] host_utc=2026-09-28T09:06:24.826+00:00 host_mono_ns=2345404016402292 === DEBUG [lwip-posix]: udp_sendto called! Bypassing to POSIX sendto ===
[SEDP-RACE-RUN37] host_utc=2026-09-28T09:06:24.826+00:00 host_mono_ns=2345404016417491 
[SEDP-RACE-RUN37] host_utc=2026-09-28T09:06:24.826+00:00 host_mono_ns=2345404016426318 === DEBUG [lwip-posix]: udp_sendto called! Bypassing to POSIX sendto ===
[SEDP-RACE-RUN37] host_utc=2026-09-28T09:06:24.860+00:00 host_mono_ns=2345404050400804 
[SEDP-RACE-RUN37] host_utc=2026-09-28T09:06:24.860+00:00 host_mono_ns=2345404050430410 === DEBUG [lwip-posix]: recvfrom received packet of len 204! Bypassing to pcb->recv ===
[SEDP-RACE-RUN37] host_utc=2026-09-28T09:06:24.916+00:00 host_mono_ns=2345404106249092 
[SEDP-RACE-RUN37] host_utc=2026-09-28T09:06:24.916+00:00 host_mono_ns=2345404106277526 === DEBUG [lwip-posix]: recvfrom received packet of len 280! Bypassing to pcb->recv ===
[SEDP-RACE-RUN37] host_utc=2026-09-28T09:06:24.916+00:00 host_mono_ns=2345404106292294 
[SEDP-RACE-RUN37] host_utc=2026-09-28T09:06:24.916+00:00 host_mono_ns=2345404106304557 === DEBUG [lwip-posix]: recvfrom received packet of len 280! Bypassing to pcb->recv ===
[SEDP-RACE-RUN37] host_utc=2026-09-28T09:06:24.916+00:00 host_mono_ns=2345404106332630 
[SEDP-RACE-RUN37] host_utc=2026-09-28T09:06:24.916+00:00 host_mono_ns=2345404106345615 === DEBUG [lwip-posix]: recvfrom received packet of len 280! Bypassing to pcb->recv ===
[SEDP-RACE-RUN37] host_utc=2026-09-28T09:06:24.962+00:00 host_mono_ns=2345404152285829 
[SEDP-RACE-RUN37] host_utc=2026-09-28T09:06:24.962+00:00 host_mono_ns=2345404152312980 === DEBUG [lwip-posix]: recvfrom received packet of len 104! Bypassing to pcb->recv ===
[SEDP-RACE-RUN37] host_utc=2026-09-28T09:06:24.962+00:00 host_mono_ns=2345404152347976 [CR-NATIVE-R04] epoch=1790586384.962000221 event=peer_receive topic=/to_linux id=30 payload='Hello from mros2-posix onto Linux: 30'
[SEDP-RACE-RUN37] host_utc=2026-09-28T09:06:24.962+00:00 host_mono_ns=2345404152358917 [CR-NATIVE-R04] epoch=1790586384.962026801 event=peer_echo_publish_return topic=/to_stm id=30 payload='Hello from mros2-posix onto Linux: 30'
[SEDP-RACE-RUN37] host_utc=2026-09-28T09:06:24.962+00:00 host_mono_ns=2345404152368625 
[SEDP-RACE-RUN37] host_utc=2026-09-28T09:06:24.962+00:00 host_mono_ns=2345404152377091 === DEBUG [lwip-posix]: udp_sendto called! Bypassing to POSIX sendto ===
[SEDP-RACE-RUN37] host_utc=2026-09-28T09:06:25.016+00:00 host_mono_ns=2345404206598256 
[SEDP-RACE-RUN37] host_utc=2026-09-28T09:06:25.016+00:00 host_mono_ns=2345404206645115 === DEBUG [lwip-posix]: recvfrom received packet of len 280! Bypassing to pcb->recv ===
[SEDP-RACE-RUN37] host_utc=2026-09-28T09:06:25.016+00:00 host_mono_ns=2345404206660474 
[SEDP-RACE-RUN37] host_utc=2026-09-28T09:06:25.016+00:00 host_mono_ns=2345404206671665 === DEBUG [lwip-posix]: recvfrom received packet of len 280! Bypassing to pcb->recv ===
[SEDP-RACE-RUN37] host_utc=2026-09-28T09:06:25.016+00:00 host_mono_ns=2345404206680772 
[SEDP-RACE-RUN37] host_utc=2026-09-28T09:06:25.016+00:00 host_mono_ns=2345404206689168 === DEBUG [lwip-posix]: recvfrom received packet of len 280! Bypassing to pcb->recv ===
[SEDP-RACE-RUN37] host_utc=2026-09-28T09:06:25.107+00:00 host_mono_ns=2345404297317888 
[SEDP-RACE-RUN37] host_utc=2026-09-28T09:06:25.107+00:00 host_mono_ns=2345404297373794 === DEBUG [lwip-posix]: recvfrom received packet of len 64! Bypassing to pcb->recv ===
[SEDP-RACE-RUN37] host_utc=2026-09-28T09:06:25.107+00:00 host_mono_ns=2345404297385376 
[SEDP-RACE-RUN37] host_utc=2026-09-28T09:06:25.107+00:00 host_mono_ns=2345404297394072 === DEBUG [lwip-posix]: recvfrom received packet of len 64! Bypassing to pcb->recv ===
[SEDP-RACE-RUN37] host_utc=2026-09-28T09:06:25.107+00:00 host_mono_ns=2345404297402628 
[SEDP-RACE-RUN37] host_utc=2026-09-28T09:06:25.107+00:00 host_mono_ns=2345404297410634 === DEBUG [lwip-posix]: udp_sendto called! Bypassing to POSIX sendto ===
[SEDP-RACE-RUN37] host_utc=2026-09-28T09:06:25.107+00:00 host_mono_ns=2345404297429359 
[SEDP-RACE-RUN37] host_utc=2026-09-28T09:06:25.107+00:00 host_mono_ns=2345404297438266 === DEBUG [lwip-posix]: udp_sendto called! Bypassing to POSIX sendto ===
[SEDP-RACE-RUN37] host_utc=2026-09-28T09:06:25.108+00:00 host_mono_ns=2345404298364997 
[SEDP-RACE-RUN37] host_utc=2026-09-28T09:06:25.108+00:00 host_mono_ns=2345404298391747 === DEBUG [lwip-posix]: udp_sendto called! Bypassing to POSIX sendto ===
[SEDP-RACE-RUN37] host_utc=2026-09-28T09:06:25.108+00:00 host_mono_ns=2345404298409120 
[SEDP-RACE-RUN37] host_utc=2026-09-28T09:06:25.108+00:00 host_mono_ns=2345404298418347 === DEBUG [lwip-posix]: recvfrom received packet of len 204! Bypassing to pcb->recv ===
[SEDP-RACE-RUN37] host_utc=2026-09-28T09:06:25.116+00:00 host_mono_ns=2345404306299527 
[SEDP-RACE-RUN37] host_utc=2026-09-28T09:06:25.116+00:00 host_mono_ns=2345404306325386 === DEBUG [lwip-posix]: recvfrom received packet of len 280! Bypassing to pcb->recv ===
[SEDP-RACE-RUN37] host_utc=2026-09-28T09:06:25.116+00:00 host_mono_ns=2345404306336867 
[SEDP-RACE-RUN37] host_utc=2026-09-28T09:06:25.116+00:00 host_mono_ns=2345404306345794 === DEBUG [lwip-posix]: recvfrom received packet of len 280! Bypassing to pcb->recv ===
[SEDP-RACE-RUN37] host_utc=2026-09-28T09:06:25.116+00:00 host_mono_ns=2345404306370711 
[SEDP-RACE-RUN37] host_utc=2026-09-28T09:06:25.116+00:00 host_mono_ns=2345404306379528 === DEBUG [lwip-posix]: recvfrom received packet of len 280! Bypassing to pcb->recv ===
[SEDP-RACE-RUN37] host_utc=2026-09-28T09:06:25.137+00:00 host_mono_ns=2345404327843739 
[SEDP-RACE-RUN37] host_utc=2026-09-28T09:06:25.137+00:00 host_mono_ns=2345404327900306 === DEBUG [lwip-posix]: recvfrom received packet of len 120! Bypassing to pcb->recv ===
[SEDP-RACE-RUN37] host_utc=2026-09-28T09:06:25.137+00:00 host_mono_ns=2345404327914362 
[SEDP-RACE-RUN37] host_utc=2026-09-28T09:06:25.137+00:00 host_mono_ns=2345404327923399 === DEBUG [lwip-posix]: recvfrom received packet of len 88! Bypassing to pcb->recv ===
[SEDP-RACE-RUN37] host_utc=2026-09-28T09:06:25.137+00:00 host_mono_ns=2345404327941403 
[SEDP-RACE-RUN37] host_utc=2026-09-28T09:06:25.137+00:00 host_mono_ns=2345404327950541 === DEBUG [lwip-posix]: recvfrom received packet of len 120! Bypassing to pcb->recv ===
[SEDP-RACE-RUN37] host_utc=2026-09-28T09:06:25.137+00:00 host_mono_ns=2345404327960169 
[SEDP-RACE-RUN37] host_utc=2026-09-28T09:06:25.137+00:00 host_mono_ns=2345404327968595 === DEBUG [lwip-posix]: udp_sendto called! Bypassing to POSIX sendto ===
[SEDP-RACE-RUN37] host_utc=2026-09-28T09:06:25.137+00:00 host_mono_ns=2345404327977301 
[SEDP-RACE-RUN37] host_utc=2026-09-28T09:06:25.137+00:00 host_mono_ns=2345404327985477 === DEBUG [lwip-posix]: recvfrom received packet of len 120! Bypassing to pcb->recv ===
[SEDP-RACE-RUN37] host_utc=2026-09-28T09:06:25.137+00:00 host_mono_ns=2345404327993963 
[SEDP-RACE-RUN37] host_utc=2026-09-28T09:06:25.137+00:00 host_mono_ns=2345404328021865 === DEBUG [lwip-posix]: udp_sendto called! Bypassing to POSIX sendto ===
[SEDP-RACE-RUN37] host_utc=2026-09-28T09:06:25.138+00:00 host_mono_ns=2345404328526910 
[SEDP-RACE-RUN37] host_utc=2026-09-28T09:06:25.138+00:00 host_mono_ns=2345404328550624 === DEBUG [lwip-posix]: recvfrom received packet of len 116! Bypassing to pcb->recv ===
[SEDP-RACE-RUN37] host_utc=2026-09-28T09:06:25.138+00:00 host_mono_ns=2345404328562647 
[SEDP-RACE-RUN37] host_utc=2026-09-28T09:06:25.138+00:00 host_mono_ns=2345404328572135 === DEBUG [lwip-posix]: recvfrom received packet of len 116! Bypassing to pcb->recv ===
[SEDP-RACE-RUN37] host_utc=2026-09-28T09:06:25.820+00:00 host_mono_ns=2345405010607088 event=collector_exit host_exit_status=143
