[SEDP-HB-RUN69] host_utc=2026-09-28T11:13:52.858+00:00 host_mono_ns=2353052048681729 phase=checkpoint collector_pid=1822745 event=launch container=mros2-cr-run69-wamr
[SEDP-HB-RUN69] phase=checkpoint container_pid=14 event=process_verified args=/runtime/iwasm --addr-pool=0.0.0.0/0 --max-threads=32 -v=5 /artifact/echoback_string.wasm
[SEDP-HB-RUN69] host_utc=2026-09-28T11:13:53.026+00:00 host_mono_ns=2353052216251446 phase=checkpoint container_pid=14 boot_start, 2353052106070235
[SEDP-HB-RUN69] host_utc=2026-09-28T11:13:53.133+00:00 host_mono_ns=2353052323487843 phase=checkpoint container_pid=14 11 stderr
[SEDP-HB-RUN69] host_utc=2026-09-28T11:13:53.133+00:00 host_mono_ns=2353052323538979 phase=checkpoint container_pid=14 22 stderr
[SEDP-HB-RUN69] host_utc=2026-09-28T11:13:53.133+00:00 host_mono_ns=2353052323552114 phase=checkpoint container_pid=14 signal init: 129670648968768
[SEDP-HB-RUN69] host_utc=2026-09-28T11:13:53.133+00:00 host_mono_ns=2353052323564257 phase=checkpoint container_pid=14 initします
[SEDP-HB-RUN69] host_utc=2026-09-28T11:13:53.133+00:00 host_mono_ns=2353052324062749 phase=checkpoint container_pid=14 boot_end, 2353052323900683
[SEDP-HB-RUN69] host_utc=2026-09-28T11:13:53.134+00:00 host_mono_ns=2353052324465349 phase=checkpoint container_pid=14 3 stderr
[SEDP-HB-RUN69] host_utc=2026-09-28T11:13:53.134+00:00 host_mono_ns=2353052325111670 phase=checkpoint container_pid=14 initします
[SEDP-HB-RUN69] host_utc=2026-09-28T11:13:53.135+00:00 host_mono_ns=2353052325904829 phase=checkpoint container_pid=14 boot_end, 2353052325780614
[SEDP-HB-RUN69] host_utc=2026-09-28T11:13:53.136+00:00 host_mono_ns=2353052327035114 phase=checkpoint container_pid=14 netif_wasm: dynamic ip=0x030012ac mask=0x00ffffff
[SEDP-HB-RUN69] host_utc=2026-09-28T11:13:53.137+00:00 host_mono_ns=2353052327424780 phase=checkpoint container_pid=14 initします
[SEDP-HB-RUN69] host_utc=2026-09-28T11:13:53.138+00:00 host_mono_ns=2353052328233899 phase=checkpoint container_pid=14 boot_end, 2353052328123791
[SEDP-HB-RUN69] host_utc=2026-09-28T11:13:53.138+00:00 host_mono_ns=2353052328700270 phase=checkpoint container_pid=14 initします
[SEDP-HB-RUN69] host_utc=2026-09-28T11:13:53.139+00:00 host_mono_ns=2353052330097159 phase=checkpoint container_pid=14 boot_end, 2353052329944140
[SEDP-HB-RUN69] host_utc=2026-09-28T11:13:53.155+00:00 host_mono_ns=2353052346015281 phase=checkpoint container_pid=14 LOG_NOTICE : 00000000.000 : osKernelStart
[SEDP-HB-RUN69] host_utc=2026-09-28T11:13:53.155+00:00 host_mono_ns=2353052346027484 phase=checkpoint container_pid=14 mros2-posix start!
[SEDP-HB-RUN69] host_utc=2026-09-28T11:13:53.155+00:00 host_mono_ns=2353052346033996 phase=checkpoint container_pid=14 app name: echoback_string
[SEDP-HB-RUN69] host_utc=2026-09-28T11:13:53.155+00:00 host_mono_ns=2353052346040168 phase=checkpoint container_pid=14 LOG_DEBUG : 00000000.002 : mROS 2 initialization is completed
[SEDP-HB-RUN69] host_utc=2026-09-28T11:13:53.155+00:00 host_mono_ns=2353052346046590 phase=checkpoint container_pid=14 
[SEDP-HB-RUN69] host_utc=2026-09-28T11:13:53.155+00:00 host_mono_ns=2353052346052982 phase=checkpoint container_pid=14 LOG_DEBUG : 00000000.002 : [MROS2LIB] create_node
[SEDP-HB-RUN69] host_utc=2026-09-28T11:13:53.155+00:00 host_mono_ns=2353052346059084 phase=checkpoint container_pid=14 LOG_DEBUG : 00000000.002 : [MROS2LIB] start creating participant
[SEDP-HB-RUN69] host_utc=2026-09-28T11:13:53.155+00:00 host_mono_ns=2353052346065165 phase=checkpoint container_pid=14 LOG_DEBUG : 00000000.003 : [MROS2LIB] mros2_init task start
[SEDP-HB-RUN69] host_utc=2026-09-28T11:13:53.155+00:00 host_mono_ns=2353052346071146 phase=checkpoint container_pid=14 LOG_DEBUG : 00000000.004 : /tmp/mros2-wasm-sedp-hb-20260928/source/lwip-wasm/src/core/udp.c udp_init() 38: enter
[SEDP-HB-RUN69] host_utc=2026-09-28T11:13:53.155+00:00 host_mono_ns=2353052346077929 phase=checkpoint container_pid=14 LOG_DEBUG : 00000000.004 : [MROS2LIB] Initilizing lwIP complete
[SEDP-HB-RUN69] host_utc=2026-09-28T11:13:53.155+00:00 host_mono_ns=2353052346083640 phase=checkpoint container_pid=14 LOG_DEBUG : 00000000.018 : /tmp/mros2-wasm-sedp-hb-20260928/source/lwip-wasm/src/core/udp.c udp_new() 319: enter
[SEDP-HB-RUN69] host_utc=2026-09-28T11:13:53.155+00:00 host_mono_ns=2353052346107996 phase=checkpoint container_pid=14 LOG_DEBUG : 00000000.018 : /tmp/mros2-wasm-sedp-hb-20260928/source/lwip-wasm/src/core/udp_multicast_manager.c udp_mc_info_alloc() 24: enter
[SEDP-HB-RUN69] host_utc=2026-09-28T11:13:53.155+00:00 host_mono_ns=2353052346114779 phase=checkpoint container_pid=14 LOG_DEBUG : 00000000.018 : /tmp/mros2-wasm-sedp-hb-20260928/source/lwip-wasm/src/core/udp_multicast_manager.c udp_mc_info_alloc() 42: mcp=0xdbedc0 exit
[SEDP-HB-RUN69] host_utc=2026-09-28T11:13:53.155+00:00 host_mono_ns=2353052346120760 phase=checkpoint container_pid=14 LOG_DEBUG : 00000000.018 : /tmp/mros2-wasm-sedp-hb-20260928/source/lwip-wasm/src/core/udp.c udp_new() 339: exit
[SEDP-HB-RUN69] host_utc=2026-09-28T11:13:53.156+00:00 host_mono_ns=2353052346382034 phase=checkpoint container_pid=14 LOG_DEBUGinitします
[SEDP-HB-RUN69] host_utc=2026-09-28T11:13:53.157+00:00 host_mono_ns=2353052347192635 phase=checkpoint container_pid=14 boot_end, 2353052347061958
[SEDP-HB-RUN69] host_utc=2026-09-28T11:13:53.157+00:00 host_mono_ns=2353052347641353 phase=checkpoint container_pid=14 initします
[SEDP-HB-RUN69] host_utc=2026-09-28T11:13:53.158+00:00 host_mono_ns=2353052348893618 phase=checkpoint container_pid=14 boot_end, 2353052348759305
[SEDP-HB-RUN69] host_utc=2026-09-28T11:13:53.158+00:00 host_mono_ns=2353052349158359 phase=checkpoint container_pid=14  : 00000000.019 : /tmp/mros2-wasm-sedp-hb-20260928/source/lwip-wasm/src/core/udp.c udp_bind() 153: ipaddr=0x0 port=7401 enter
[SEDP-HB-RUN69] host_utc=2026-09-28T11:13:53.159+00:00 host_mono_ns=2353052349168127 phase=checkpoint container_pid=14 LOG_DEBUG : 00000000.019 : /tmp/mros2-wasm-sedp-hb-20260928/source/lwip-wasm/src/core/udp.c udp_bind() 166: mcp exist 0xdbedc0
[SEDP-HB-RUN69] host_utc=2026-09-28T11:13:53.159+00:00 host_mono_ns=2353052349174168 phase=checkpoint container_pid=14 LOG_DEBUG : 00000000.019 : /tmp/mros2-wasm-sedp-hb-20260928/source/lwip-wasm/src/core/udp.c udp_bind() 237: exit
[SEDP-HB-RUN69] host_utc=2026-09-28T11:13:53.159+00:00 host_mono_ns=2353052349179989 phase=checkpoint container_pid=14 LOG_DEBUG : 00000000.019 : /tmp/mros2-wasm-sedp-hb-20260928/source/lwip-wasm/src/core/udp.c udp_recv() 252: enter
[SEDP-HB-RUN69] host_utc=2026-09-28T11:13:53.159+00:00 host_mono_ns=2353052349185740 phase=checkpoint container_pid=14 LOG_DEBUG : 00000000.021 : /tmp/mros2-wasm-sedp-hb-20260928/source/lwip-wasm/src/core/udp.c udp_recv() 263: exit
[SEDP-HB-RUN69] host_utc=2026-09-28T11:13:53.159+00:00 host_mono_ns=2353052349191361 phase=checkpoint container_pid=14 LOG_DEBUG : 00000000.021 : /tmp/mros2-wasm-sedp-hb-20260928/source/lwip-wasm/src/core/udp.c udp_new() 319: enter
[SEDP-HB-RUN69] host_utc=2026-09-28T11:13:53.159+00:00 host_mono_ns=2353052349196921 phase=checkpoint container_pid=14 LOG_DEBUG : 00000000.021 : /tmp/mros2-wasm-sedp-hb-20260928/source/lwip-wasm/src/core/udp_multicast_manager.c udp_mc_info_alloc() 24: enter
[SEDP-HB-RUN69] host_utc=2026-09-28T11:13:53.159+00:00 host_mono_ns=2353052349202813 phase=checkpoint container_pid=14 LOG_DEBUG : 00000000.022 : /tmp/mros2-wasm-sedp-hb-20260928/source/lwip-wasm/src/core/udp_multicast_manager.c udp_mc_info_alloc() 42: mcp=0xdbeddc exit
[SEDP-HB-RUN69] host_utc=2026-09-28T11:13:53.160+00:00 host_mono_ns=2353052350360891 phase=checkpoint container_pid=14 LOG_DEBUG : 00000000.022 : initします
[SEDP-HB-RUN69] host_utc=2026-09-28T11:13:53.160+00:00 host_mono_ns=2353052351121718 phase=checkpoint container_pid=14 boot_end, 2353052350960854
[SEDP-HB-RUN69] host_utc=2026-09-28T11:13:53.161+00:00 host_mono_ns=2353052351594812 phase=checkpoint container_pid=14 initします
[SEDP-HB-RUN69] host_utc=2026-09-28T11:13:53.162+00:00 host_mono_ns=2353052353163245 phase=checkpoint container_pid=14 boot_end, 2353052352975390
[SEDP-HB-RUN69] host_utc=2026-09-28T11:13:53.163+00:00 host_mono_ns=2353052353363904 phase=checkpoint container_pid=14 /tmp/mros2-wasm-sedp-hb-20260928/source/lwip-wasm/src/core/udp.c udp_new() 339: exitLOG_NOTICE : 00000000.022 : 
[SEDP-HB-RUN69] host_utc=2026-09-28T11:13:53.163+00:00 host_mono_ns=2353052353409279 phase=checkpoint container_pid=14 LOG_DEBUG : 00000000.023 : thread_udp_recv:UP: mcp=0xdbedc0/tmp/mros2-wasm-sedp-hb-20260928/source/lwip-wasm/src/core/udp.c udp_bind() 153: ipaddr=0x0 port=7400 enter
[SEDP-HB-RUN69] host_utc=2026-09-28T11:13:53.163+00:00 host_mono_ns=2353052353424709 phase=checkpoint container_pid=14 
[SEDP-HB-RUN69] host_utc=2026-09-28T11:13:53.163+00:00 host_mono_ns=2353052353437382 phase=checkpoint container_pid=14 LOG_DEBUG : 00000000.023 : /tmp/mros2-wasm-sedp-hb-20260928/source/lwip-wasm/src/core/udp.c udp_bind() 166: mcp exist 0xdbeddc
[SEDP-HB-RUN69] host_utc=2026-09-28T11:13:53.163+00:00 host_mono_ns=2353052353449365 phase=checkpoint container_pid=14 LOG_DEBUG : 00000000.023 : /tmp/mros2-wasm-sedp-hb-20260928/source/lwip-wasm/src/core/udp.c udp_bind() 237: exit
[SEDP-HB-RUN69] host_utc=2026-09-28T11:13:53.163+00:00 host_mono_ns=2353052353460486 phase=checkpoint container_pid=14 LOG_DEBUG : 00000000.023 : /tmp/mros2-wasm-sedp-hb-20260928/source/lwip-wasm/src/core/udp.c udp_recv() 252: enter
[SEDP-HB-RUN69] host_utc=2026-09-28T11:13:53.163+00:00 host_mono_ns=2353052353471557 phase=checkpoint container_pid=14 LOG_DEBUG : 00000000.025 : /tmp/mros2-wasm-sedp-hb-20260928/source/lwip-wasm/src/core/udp.c udp_recv() 263: exit
[SEDP-HB-RUN69] host_utc=2026-09-28T11:13:53.163+00:00 host_mono_ns=2353052353483119 phase=checkpoint container_pid=14 LOG_DEBUG : 00000000.025 : /tmp/mros2-wasm-sedp-hb-20260928/source/lwip-wasm/src/core/udp_multicast_manager.c udp_mc_joingroup() 78: enter ifaddr=0x30012ac groupaddr=0x100ffef
[SEDP-HB-RUN69] host_utc=2026-09-28T11:13:53.163+00:00 host_mono_ns=2353052353495212 phase=checkpoint container_pid=14 set TTL: ttl=255, optlen=4
[SEDP-HB-RUN69] host_utc=2026-09-28T11:13:53.241+00:00 host_mono_ns=2353052431341945 phase=checkpoint container_pid=14 LOG_NOTICE : 00000000.026 : udp_mc_joingroup(): mcp=0xdbedc0 ifaddr=0x30012ac groupaddr=0x100ffefLOG_NOTICE : 00000000.026 : 
[SEDP-HB-RUN69] host_utc=2026-09-28T11:13:53.241+00:00 host_mono_ns=2353052431361212 phase=checkpoint container_pid=14 set TTL: ttl=255, optlen=4
[SEDP-HB-RUN69] host_utc=2026-09-28T11:13:53.241+00:00 host_mono_ns=2353052431368856 phase=checkpoint container_pid=14 thread_udp_recv:UP: mcp=0xdbeddcLOG_NOTICE : 00000000.027 : 
[SEDP-HB-RUN69] host_utc=2026-09-28T11:13:53.241+00:00 host_mono_ns=2353052431376861 phase=checkpoint container_pid=14 udp_mc_joingroup(): mcp=0xdbeddc ifaddr=0x30012ac groupaddr=0x100ffef
[SEDP-HB-RUN69] host_utc=2026-09-28T11:13:53.241+00:00 host_mono_ns=2353052431384756 phase=checkpoint container_pid=14 LOG_DEBUG : 00000000.027 : /tmp/mros2-wasm-sedp-hb-20260928/source/lwip-wasm/src/core/udp_multicast_manager.c udp_mc_joingroup() 93: exit
[SEDP-HB-RUN69] host_utc=2026-09-28T11:13:53.241+00:00 host_mono_ns=2353052431392701 phase=checkpoint container_pid=14 LOG_DEBUG : 00000000.103 : /tmp/mros2-wasm-sedp-hb-20260928/source/lwip-wasm/src/core/udp.c udp_new() 319: enter
[SEDP-HB-RUN69] host_utc=2026-09-28T11:13:53.241+00:00 host_mono_ns=2353052431400386 phase=checkpoint container_pid=14 LOG_DEBUG : 00000000.104 : /tmp/mros2-wasm-sedp-hb-20260928/source/lwip-wasm/src/core/udp_multicast_manager.c udp_mc_info_alloc() 24: enter
[SEDP-HB-RUN69] host_utc=2026-09-28T11:13:53.241+00:00 host_mono_ns=2353052431407539 phase=checkpoint container_pid=14 LOG_DEBUG : 00000000.104 : /tmp/mros2-wasm-sedp-hb-20260928/source/lwip-wasm/src/core/udp_multicast_manager.c udp_mc_info_alloc() 42: mcp=0xdbedf8 exit
[SEDP-HB-RUN69] host_utc=2026-09-28T11:13:53.241+00:00 host_mono_ns=2353052431414903 phase=checkpoint container_pid=14 LOG_DEBUG : 00000000.104 : /tmp/mros2-wasm-sedp-hb-20260928/source/lwip-wasm/src/core/udp.c udp_new() 339: exit
[SEDP-HB-RUN69] host_utc=2026-09-28T11:13:53.241+00:00 host_mono_ns=2353052431422267 phase=checkpoint container_pid=14 LOG_DEBUG : 00000000.104 : /tmp/mros2-wasm-sedp-hb-20260928/source/lwip-wasm/src/core/udp.c udp_bind() 153: ipaddr=0x0 port=7411 enter
[SEDP-HB-RUN69] host_utc=2026-09-28T11:13:53.241+00:00 host_mono_ns=2353052432053249 phase=checkpoint container_pid=14 LOG_DEBUG : 00000000.104 : /tmp/mros2-wasm-sedp-hb-20260928/source/lwip-wasm/src/core/udp.cinitします
[SEDP-HB-RUN69] host_utc=2026-09-28T11:13:53.242+00:00 host_mono_ns=2353052432911931 phase=checkpoint container_pid=14 boot_end, 2353052432830528
[SEDP-HB-RUN69] host_utc=2026-09-28T11:13:53.243+00:00 host_mono_ns=2353052433517936 phase=checkpoint container_pid=14 initします
[SEDP-HB-RUN69] host_utc=2026-09-28T11:13:53.245+00:00 host_mono_ns=2353052435210624 phase=checkpoint container_pid=14 boot_end, 2353052434997341
[SEDP-HB-RUN69] host_utc=2026-09-28T11:13:53.245+00:00 host_mono_ns=2353052435826007 phase=checkpoint container_pid=14  udp_bind() 166: mcp exist 0xdbedf8
[SEDP-HB-RUN69] host_utc=2026-09-28T11:13:53.245+00:00 host_mono_ns=2353052435849672 phase=checkpoint container_pid=14 LOG_DEBUG : 00000000.105 : /tmp/mros2-wasm-sedp-hb-20260928/source/lwip-wasm/src/core/udp.c udp_bind() 237: exit
[SEDP-HB-RUN69] host_utc=2026-09-28T11:13:53.245+00:00 host_mono_ns=2353052435862957 phase=checkpoint container_pid=14 LOG_DEBUG : 00000000.105 : /tmp/mros2-wasm-sedp-hb-20260928/source/lwip-wasm/src/core/udp.c udp_recv() 252: enter
[SEDP-HB-RUN69] host_utc=2026-09-28T11:13:53.245+00:00 host_mono_ns=2353052435874308 phase=checkpoint container_pid=14 LOG_DEBUG : 00000000.107 : /tmp/mros2-wasm-sedp-hb-20260928/source/lwip-wasm/src/core/udp.c udp_recv() 263: exit
[SEDP-HB-RUN69] host_utc=2026-09-28T11:13:53.245+00:00 host_mono_ns=2353052435885660 phase=checkpoint container_pid=14 LOG_DEBUG : 00000000.107 : /tmp/mros2-wasm-sedp-hb-20260928/source/lwip-wasm/src/core/udp.c udp_new() 319: enter
[SEDP-HB-RUN69] host_utc=2026-09-28T11:13:53.245+00:00 host_mono_ns=2353052435896961 phase=checkpoint container_pid=14 LOG_DEBUG : 00000000.107 : /tmp/mros2-wasm-sedp-hb-20260928/source/lwip-wasm/src/core/udp_multicast_manager.c udp_mc_info_alloc() 24: enter
[SEDP-HB-RUN69] host_utc=2026-09-28T11:13:53.245+00:00 host_mono_ns=2353052435908984 phase=checkpoint container_pid=14 LOG_DEBUG : 00000000.108 : /tmp/mros2-wasm-sedp-hb-20260928/source/lwip-wasm/src/core/udp_multicast_manager.c udp_mc_info_alloc() 42: mcp=0xdbee14 exitLOG_NOTICE : 00000000.108 : 
[SEDP-HB-RUN69] host_utc=2026-09-28T11:13:53.245+00:00 host_mono_ns=2353052435920926 phase=checkpoint container_pid=14 LOG_DEBUG : 00000000.109 : thread_udp_recv:UP: mcp=0xdbedf8/tmp/mros2-wasm-sedp-hb-20260928/source/lwip-wasm/src/core/udp.c udp_new() 339: exit
[SEDP-HB-RUN69] host_utc=2026-09-28T11:13:53.245+00:00 host_mono_ns=2353052435932358 phase=checkpoint container_pid=14 
[SEDP-HB-RUN69] host_utc=2026-09-28T11:13:53.246+00:00 host_mono_ns=2353052436688547 phase=checkpoint container_pid=14 LOG_DEBUG : 00000000.109 : /tmp/mros2-wasm-sedp-hb-20260928/source/lwip-wasm/src/core/udp.cinitします
[SEDP-HB-RUN69] host_utc=2026-09-28T11:13:53.247+00:00 host_mono_ns=2353052437545606 phase=checkpoint container_pid=14 boot_end, 2353052437366537
[SEDP-HB-RUN69] host_utc=2026-09-28T11:13:53.247+00:00 host_mono_ns=2353052438031724 phase=checkpoint container_pid=14 initします
[SEDP-HB-RUN69] host_utc=2026-09-28T11:13:53.249+00:00 host_mono_ns=2353052439503775 phase=checkpoint container_pid=14 boot_end, 2353052439243574
[SEDP-HB-RUN69] host_utc=2026-09-28T11:13:53.249+00:00 host_mono_ns=2353052439536387 phase=checkpoint container_pid=14 initします
[SEDP-HB-RUN69] host_utc=2026-09-28T11:13:53.250+00:00 host_mono_ns=2353052440365824 phase=checkpoint container_pid=14 boot_end, 2353052440217604
[SEDP-HB-RUN69] host_utc=2026-09-28T11:13:53.250+00:00 host_mono_ns=2353052440690868 phase=checkpoint container_pid=14 initします
[SEDP-HB-RUN69] host_utc=2026-09-28T11:13:53.251+00:00 host_mono_ns=2353052441595006 phase=checkpoint container_pid=14 boot_end, 2353052441404787
[SEDP-HB-RUN69] host_utc=2026-09-28T11:13:53.251+00:00 host_mono_ns=2353052441796277 phase=checkpoint container_pid=14  udp_bind() 153: ipaddr=0x0 port=7410 enter
[SEDP-HB-RUN69] host_utc=2026-09-28T11:13:53.251+00:00 host_mono_ns=2353052441846051 phase=checkpoint container_pid=14 LOG_DEBUG : 00000000.109 : /tmp/mros2-wasm-sedp-hb-20260928/source/lwip-wasm/src/core/udp.c udp_bind() 166: mcp exist 0xdbee14
[SEDP-HB-RUN69] host_utc=2026-09-28T11:13:53.251+00:00 host_mono_ns=2353052441859306 phase=checkpoint container_pid=14 LOG_DEBUG : 00000000.109 : /tmp/mros2-wasm-sedp-hb-20260928/source/lwip-wasm/src/core/udp.c udp_bind() 237: exit
[SEDP-HB-RUN69] host_utc=2026-09-28T11:13:53.251+00:00 host_mono_ns=2353052441870737 phase=checkpoint container_pid=14 LOG_DEBUG : 00000000.109 : /tmp/mros2-wasm-sedp-hb-20260928/source/lwip-wasm/src/core/udp.c udp_recv() 252: enter
[SEDP-HB-RUN69] host_utc=2026-09-28T11:13:53.251+00:00 host_mono_ns=2353052441881648 phase=checkpoint container_pid=14 LOG_DEBUG : 00000000.111 : /tmp/mros2-wasm-sedp-hb-20260928/source/lwip-wasm/src/core/udp.c udp_recv() 263: exit
[SEDP-HB-RUN69] host_utc=2026-09-28T11:13:53.251+00:00 host_mono_ns=2353052441892659 phase=checkpoint container_pid=14 LOG_NOTICE : 00000000.113 : thread_udp_recv:UP: mcp=0xdbee14
[SEDP-HB-RUN69] host_utc=2026-09-28T11:13:53.251+00:00 host_mono_ns=2353052441903669 phase=checkpoint container_pid=14 [DISCOVERY_PROBE] event=heartbeat_thread_create writer=sedp_publications created=1
[SEDP-HB-RUN69] host_utc=2026-09-28T11:13:53.251+00:00 host_mono_ns=2353052441915372 phase=checkpoint container_pid=14 [SEDP-HB] seq=2 mono_ns=2353052441450553 event=heartbeat_thread_create writer=sedp_publications created=1
[SEDP-HB-RUN69] host_utc=2026-09-28T11:13:53.251+00:00 host_mono_ns=2353052441933366 phase=checkpoint container_pid=14 [SEDP-HB] seq=1 mono_ns=2353052441441196 event=heartbeat_loop_start writer=sedp_publications running=1
[SEDP-HB-RUN69] host_utc=2026-09-28T11:13:53.252+00:00 host_mono_ns=2353052442195000 phase=checkpoint container_pid=14 initします
[SEDP-HB-RUN69] host_utc=2026-09-28T11:13:53.252+00:00 host_mono_ns=2353052442231860 phase=checkpoint container_pid=14 [DISCOVERY_PROBE] event=heartbeat_loop_start writer=sedp_publications
[SEDP-HB-RUN69] host_utc=2026-09-28T11:13:53.252+00:00 host_mono_ns=2353052442247750 phase=checkpoint container_pid=14 [SEDP-HB] seq=3 mono_ns=2353052441817206 event=heartbeat_loop_tick writer=sedp_publications running=1 proxies_empty=1
[SEDP-HB-RUN69] host_utc=2026-09-28T11:13:53.252+00:00 host_mono_ns=2353052443072868 phase=checkpoint container_pid=14 boot_end, 2353052442908518
[SEDP-HB-RUN69] host_utc=2026-09-28T11:13:53.253+00:00 host_mono_ns=2353052443297693 phase=checkpoint container_pid=14 [DISCOVERY_PROBE] event=heartbeat_tick writer=sedp_publications proxies_empty=1
[SEDP-HB-RUN69] host_utc=2026-09-28T11:13:53.253+00:00 host_mono_ns=2353052443321578 phase=checkpoint container_pid=14 [SEDP-HB] seq=4 mono_ns=2353052442208235 event=heartbeat_enter writer=sedp_publications proxies_empty=1
[SEDP-HB-RUN69] host_utc=2026-09-28T11:13:53.253+00:00 host_mono_ns=2353052443340734 phase=checkpoint container_pid=14 [SEDP-HB] seq=5 mono_ns=2353052443109057 event=heartbeat_skip writer=sedp_publications reason=no_proxies
[SEDP-HB-RUN69] host_utc=2026-09-28T11:13:53.253+00:00 host_mono_ns=2353052443581599 phase=checkpoint container_pid=14 initします
[SEDP-HB-RUN69] host_utc=2026-09-28T11:13:53.255+00:00 host_mono_ns=2353052445190559 phase=checkpoint container_pid=14 [DISCOVERY_PROBE] event=heartbeat_delay_enter writer=sedp_publications delay_ms=4000 backend=nanosleep
[SEDP-HB-RUN69] host_utc=2026-09-28T11:13:53.255+00:00 host_mono_ns=2353052445225415 phase=checkpoint container_pid=14 [DISCOVERY_PROBE] event=heartbeat_thread_create writer=sedp_subscriptions created=1
[SEDP-HB-RUN69] host_utc=2026-09-28T11:13:53.255+00:00 host_mono_ns=2353052445242758 phase=checkpoint container_pid=14 [SEDP-HB] seq=6 mono_ns=2353052443373025 event=heartbeat_delay_enter writer=sedp_publications delay_ms=4000 backend=nanosleep
[SEDP-HB-RUN69] host_utc=2026-09-28T11:13:53.255+00:00 host_mono_ns=2353052445268957 phase=checkpoint container_pid=14 boot_end, 2353052444981003
[SEDP-HB-RUN69] host_utc=2026-09-28T11:13:53.255+00:00 host_mono_ns=2353052445362414 phase=checkpoint container_pid=14 [SEDP-HB] seq=7 mono_ns=2353052443449009 event=heartbeat_thread_create writer=sedp_subscriptions created=1
[SEDP-HB-RUN69] host_utc=2026-09-28T11:13:53.255+00:00 host_mono_ns=2353052445476890 phase=checkpoint container_pid=14 [SEDP-HB] seq=8 mono_ns=2353052445042289 event=heartbeat_loop_start writer=sedp_subscriptions running=1
[SEDP-HB-RUN69] host_utc=2026-09-28T11:13:53.255+00:00 host_mono_ns=2353052445783199 phase=checkpoint container_pid=14 LOG_DEBUG : 00000000.119 : [DISCOVERY_PROBE] event=heartbeat_loop_start writer=sedp_subscriptions
[SEDP-HB-RUN69] host_utc=2026-09-28T11:13:53.255+00:00 host_mono_ns=2353052445794760 phase=checkpoint container_pid=14 [MROS2LIB] successfully created participant
[SEDP-HB-RUN69] host_utc=2026-09-28T11:13:53.255+00:00 host_mono_ns=2353052445806202 phase=checkpoint container_pid=14 [SEDP-HB] seq=9 mono_ns=2353052445463384 event=heartbeat_loop_tick writer=sedp_subscriptions running=1 proxies_empty=1
[SEDP-HB-RUN69] host_utc=2026-09-28T11:13:53.255+00:00 host_mono_ns=2353052446039092 phase=checkpoint container_pid=14 [DISCOVERY_PROBE] event=heartbeat_tick writer=sedp_subscriptions proxies_empty=1
[SEDP-HB-RUN69] host_utc=2026-09-28T11:13:53.255+00:00 host_mono_ns=2353052446074579 phase=checkpoint container_pid=14 [SEDP-RACE] seq=1 mono_ns=2353052445699270 event=change_created role=publication local_endpoint_guid=cf94952f06cd6223d15c1c00.000001:03 topic=rt/to_linux sequence=0:1
[SEDP-HB-RUN69] host_utc=2026-09-28T11:13:53.255+00:00 host_mono_ns=2353052446137027 phase=checkpoint container_pid=14 [SEDP-HB] seq=10 mono_ns=2353052445783449 event=heartbeat_enter writer=sedp_subscriptions proxies_empty=1
[SEDP-HB-RUN69] host_utc=2026-09-28T11:13:53.255+00:00 host_mono_ns=2353052446150102 phase=checkpoint container_pid=14 [DEBUG] message_traits::TypeName<T *>().value(): std_msgs::msg::dds_::String_
[SEDP-HB-RUN69] host_utc=2026-09-28T11:13:53.256+00:00 host_mono_ns=2353052446338648 phase=checkpoint container_pid=14 LOG_DEBUG : 00000000.119 : [SEDP-HB] seq=11 mono_ns=2353052445999878 event=heartbeat_skip writer=sedp_subscriptions reason=no_proxies
[SEDP-HB-RUN69] host_utc=2026-09-28T11:13:53.256+00:00 host_mono_ns=2353052446654034 phase=checkpoint container_pid=14 [MROS2LIB] message_traits::TypeName<T *>().value() std_msgs::msg::dds_::String_[DISCOVERY_PROBE] event=heartbeat_delay_enter writer=sedp_subscriptions delay_ms=4000 backend=nanosleep
[SEDP-HB-RUN69] host_utc=2026-09-28T11:13:53.256+00:00 host_mono_ns=2353052446668170 phase=checkpoint container_pid=14 
[SEDP-HB-RUN69] host_utc=2026-09-28T11:13:53.256+00:00 host_mono_ns=2353052446680003 phase=checkpoint container_pid=14 LOG_DEBUG : 00000000.120 : [MROS2LIB] create_publisher complete.
[SEDP-HB-RUN69] host_utc=2026-09-28T11:13:53.256+00:00 host_mono_ns=2353052446691585 phase=checkpoint container_pid=14 [SEDP-HB] seq=12 mono_ns=2353052446321886 event=heartbeat_delay_enter writer=sedp_subscriptions delay_ms=4000 backend=nanosleep
[SEDP-HB-RUN69] host_utc=2026-09-28T11:13:53.256+00:00 host_mono_ns=2353052446929334 phase=checkpoint container_pid=14 [SEDP-RACE] seq=2 mono_ns=2353052446604390 event=change_created role=subscription local_endpoint_guid=cf94952f06cd6223d15c1c00.000002:04 topic=rt/to_stm sequence=0:1
[SEDP-HB-RUN69] host_utc=2026-09-28T11:13:53.257+00:00 host_mono_ns=2353052447348115 phase=checkpoint container_pid=14 initします
[SEDP-HB-RUN69] host_utc=2026-09-28T11:13:53.258+00:00 host_mono_ns=2353052448249388 phase=checkpoint container_pid=14 boot_end, 2353052448128619
[SEDP-HB-RUN69] host_utc=2026-09-28T11:13:53.258+00:00 host_mono_ns=2353052448726218 phase=checkpoint container_pid=14 initします
[SEDP-HB-RUN69] host_utc=2026-09-28T11:13:53.259+00:00 host_mono_ns=2353052449967684 phase=checkpoint container_pid=14 boot_end, 2353052449766434
[SEDP-HB-RUN69] host_utc=2026-09-28T11:13:53.264+00:00 host_mono_ns=2353052454578665 phase=checkpoint container_pid=14 initします
[SEDP-HB-RUN69] host_utc=2026-09-28T11:13:53.265+00:00 host_mono_ns=2353052455556322 phase=checkpoint container_pid=14 boot_end, 2353052455381662
[SEDP-HB-RUN69] host_utc=2026-09-28T11:13:53.265+00:00 host_mono_ns=2353052455823526 phase=checkpoint container_pid=14 initします
[SEDP-HB-RUN69] host_utc=2026-09-28T11:13:53.266+00:00 host_mono_ns=2353052456727143 phase=checkpoint container_pid=14 boot_end, 2353052456607287
[SEDP-HB-RUN69] host_utc=2026-09-28T11:13:53.266+00:00 host_mono_ns=2353052456871396 phase=checkpoint container_pid=14 initします
[SEDP-HB-RUN69] host_utc=2026-09-28T11:13:53.267+00:00 host_mono_ns=2353052457837661 phase=checkpoint container_pid=14 boot_end, 2353052457633496
[SEDP-HB-RUN69] host_utc=2026-09-28T11:13:53.267+00:00 host_mono_ns=2353052457881815 phase=checkpoint container_pid=14 LOG_DEBUG : 00000000.122 : [MROS2LIB] create_subscription complete.
[SEDP-HB-RUN69] host_utc=2026-09-28T11:13:53.267+00:00 host_mono_ns=2353052457897775 phase=checkpoint container_pid=14 [SEDP-RACE] seq=3 mono_ns=2353052456678712 event=progress_enter writer=sedp_publications writer_eid=000003:c2 proxies_empty=1 next_before=0:1 history_min=0:1 history_max=0:1
[SEDP-HB-RUN69] host_utc=2026-09-28T11:13:53.267+00:00 host_mono_ns=2353052458118512 phase=checkpoint container_pid=14 [SEDP-RACE] seq=4 mono_ns=2353052457686315 event=progress_exit writer=sedp_publications writer_eid=000003:c2 proxies_empty_before=1 proxies_empty_after=1 next_before=0:1 next_after=0:2 history_min=0:1 history_max=0:1 send_attempted=0
[SEDP-HB-RUN69] host_utc=2026-09-28T11:13:53.267+00:00 host_mono_ns=2353052458146154 phase=checkpoint container_pid=14 initします
[SEDP-HB-RUN69] host_utc=2026-09-28T11:13:53.268+00:00 host_mono_ns=2353052458291579 phase=checkpoint container_pid=14 [SEDP-RACE] seq=5 mono_ns=2353052457945776 event=progress_enter writer=sedp_subscriptions writer_eid=000004:c2 proxies_empty=1 next_before=0:1 history_min=0:1 history_max=0:1
[SEDP-HB-RUN69] host_utc=2026-09-28T11:13:53.268+00:00 host_mono_ns=2353052458556119 phase=checkpoint container_pid=14 [SEDP-RACE] seq=6 mono_ns=2353052458216297 event=progress_exit writer=sedp_subscriptions writer_eid=000004:c2 proxies_empty_before=1 proxies_empty_after=1 next_before=0:1 next_after=0:2 history_min=0:1 history_max=0:1 send_attempted=0
[SEDP-HB-RUN69] host_utc=2026-09-28T11:13:53.268+00:00 host_mono_ns=2353052459084317 phase=checkpoint container_pid=14 boot_end, 2353052458857037
[SEDP-HB-RUN69] host_utc=2026-09-28T11:13:53.268+00:00 host_mono_ns=2353052459117760 phase=checkpoint container_pid=14 initします
[SEDP-HB-RUN69] host_utc=2026-09-28T11:13:53.269+00:00 host_mono_ns=2353052460106618 phase=checkpoint container_pid=14 boot_end, 2353052459908874
[SEDP-HB-RUN69] host_utc=2026-09-28T11:13:53.270+00:00 host_mono_ns=2353052460377770 phase=checkpoint container_pid=14 initします
[SEDP-HB-RUN69] host_utc=2026-09-28T11:13:53.271+00:00 host_mono_ns=2353052461333596 phase=checkpoint container_pid=14 boot_end, 2353052461151472
[SEDP-HB-RUN69] host_utc=2026-09-28T11:13:53.272+00:00 host_mono_ns=2353052462951092 phase=checkpoint container_pid=14 [05:37:32:189 - 75EF4D1C9840]: Load type section success.
[SEDP-HB-RUN69] host_utc=2026-09-28T11:13:53.272+00:00 host_mono_ns=2353052462967242 phase=checkpoint container_pid=14 
[SEDP-HB-RUN69] host_utc=2026-09-28T11:13:53.272+00:00 host_mono_ns=2353052462976169 phase=checkpoint container_pid=14 [05:37:32:230 - 75EF4D1C9840]: Load import section success.
[SEDP-HB-RUN69] host_utc=2026-09-28T11:13:53.272+00:00 host_mono_ns=2353052462982110 phase=checkpoint container_pid=14 
[SEDP-HB-RUN69] host_utc=2026-09-28T11:13:53.272+00:00 host_mono_ns=2353052462987601 phase=checkpoint container_pid=14 [05:37:32:647 - 75EF4D1C9840]: Load function section success.
[SEDP-HB-RUN69] host_utc=2026-09-28T11:13:53.272+00:00 host_mono_ns=2353052462993211 phase=checkpoint container_pid=14 
[SEDP-HB-RUN69] host_utc=2026-09-28T11:13:53.272+00:00 host_mono_ns=2353052462998762 phase=checkpoint container_pid=14 [05:37:32:649 - 75EF4D1C9840]: Load table section success.
[SEDP-HB-RUN69] host_utc=2026-09-28T11:13:53.272+00:00 host_mono_ns=2353052463019922 phase=checkpoint container_pid=14 
[SEDP-HB-RUN69] host_utc=2026-09-28T11:13:53.272+00:00 host_mono_ns=2353052463030001 phase=checkpoint container_pid=14 [05:37:32:651 - 75EF4D1C9840]: Load global section success.
[SEDP-HB-RUN69] host_utc=2026-09-28T11:13:53.272+00:00 host_mono_ns=2353052463035511 phase=checkpoint container_pid=14 
[SEDP-HB-RUN69] host_utc=2026-09-28T11:13:53.272+00:00 host_mono_ns=2353052463040851 phase=checkpoint container_pid=14 [05:37:32:654 - 75EF4D1C9840]: Load export section success.
[SEDP-HB-RUN69] host_utc=2026-09-28T11:13:53.272+00:00 host_mono_ns=2353052463046271 phase=checkpoint container_pid=14 
[SEDP-HB-RUN69] host_utc=2026-09-28T11:13:53.272+00:00 host_mono_ns=2353052463051722 phase=checkpoint container_pid=14 [05:37:32:654 - 75EF4D1C9840]: Load start section success.
[SEDP-HB-RUN69] host_utc=2026-09-28T11:13:53.272+00:00 host_mono_ns=2353052463057102 phase=checkpoint container_pid=14 
[SEDP-HB-RUN69] host_utc=2026-09-28T11:13:53.272+00:00 host_mono_ns=2353052463062582 phase=checkpoint container_pid=14 [05:37:32:659 - 75EF4D1C9840]: Load table segment section success.
[SEDP-HB-RUN69] host_utc=2026-09-28T11:13:53.272+00:00 host_mono_ns=2353052463068113 phase=checkpoint container_pid=14 
[SEDP-HB-RUN69] host_utc=2026-09-28T11:13:53.272+00:00 host_mono_ns=2353052463073493 phase=checkpoint container_pid=14 [05:37:32:660 - 75EF4D1C9840]: Load datacount section success.
[SEDP-HB-RUN69] host_utc=2026-09-28T11:13:53.272+00:00 host_mono_ns=2353052463078843 phase=checkpoint container_pid=14 
[SEDP-HB-RUN69] host_utc=2026-09-28T11:13:53.272+00:00 host_mono_ns=2353052463084203 phase=checkpoint container_pid=14 [05:37:32:660 - 75EF4D1C9840]: Load code segment section success.
[SEDP-HB-RUN69] host_utc=2026-09-28T11:13:53.272+00:00 host_mono_ns=2353052463089613 phase=checkpoint container_pid=14 
[SEDP-HB-RUN69] host_utc=2026-09-28T11:13:53.272+00:00 host_mono_ns=2353052463095014 phase=checkpoint container_pid=14 [05:37:32:661 - 75EF4D1C9840]: Load data segment section success.
[SEDP-HB-RUN69] host_utc=2026-09-28T11:13:53.272+00:00 host_mono_ns=2353052463100414 phase=checkpoint container_pid=14 
[SEDP-HB-RUN69] host_utc=2026-09-28T11:13:53.272+00:00 host_mono_ns=2353052463105834 phase=checkpoint container_pid=14 [05:37:32:662 - 75EF4D1C9840]: Ignore custom section [.debug_abbrev].
[SEDP-HB-RUN69] host_utc=2026-09-28T11:13:53.272+00:00 host_mono_ns=2353052463111425 phase=checkpoint container_pid=14 [05:37:32:663 - 75EF4D1C9840]: Ignore custom section [.debug_info].
[SEDP-HB-RUN69] host_utc=2026-09-28T11:13:53.272+00:00 host_mono_ns=2353052463116885 phase=checkpoint container_pid=14 [05:37:32:664 - 75EF4D1C9840]: Ignore custom section [.debug_ranges].
[SEDP-HB-RUN69] host_utc=2026-09-28T11:13:53.272+00:00 host_mono_ns=2353052463122305 phase=checkpoint container_pid=14 [05:37:32:665 - 75EF4D1C9840]: Ignore custom section [.debug_str].
[SEDP-HB-RUN69] host_utc=2026-09-28T11:13:53.272+00:00 host_mono_ns=2353052463127665 phase=checkpoint container_pid=14 [05:37:32:666 - 75EF4D1C9840]: Ignore custom section [.debug_line].
[SEDP-HB-RUN69] host_utc=2026-09-28T11:13:53.272+00:00 host_mono_ns=2353052463133015 phase=checkpoint container_pid=14 [05:37:32:666 - 75EF4D1C9840]: Ignore custom section [.debug_loc].
[SEDP-HB-RUN69] host_utc=2026-09-28T11:13:53.272+00:00 host_mono_ns=2353052463138466 phase=checkpoint container_pid=14 [05:37:32:667 - 75EF4D1C9840]: Ignore custom section [name].
[SEDP-HB-RUN69] host_utc=2026-09-28T11:13:53.272+00:00 host_mono_ns=2353052463143836 phase=checkpoint container_pid=14 [05:37:32:668 - 75EF4D1C9840]: Ignore custom section [producers].
[SEDP-HB-RUN69] host_utc=2026-09-28T11:13:53.272+00:00 host_mono_ns=2353052463149256 phase=checkpoint container_pid=14 [05:37:32:669 - 75EF4D1C9840]: Ignore custom section [target_features].
[SEDP-HB-RUN69] host_utc=2026-09-28T11:13:53.272+00:00 host_mono_ns=2353052463154746 phase=checkpoint container_pid=14 [05:37:32:669 - 75EF4D1C9840]: Found aux __heap_base global, value: 7858480
[SEDP-HB-RUN69] host_utc=2026-09-28T11:13:53.272+00:00 host_mono_ns=2353052463163723 phase=checkpoint container_pid=14 [05:37:32:670 - 75EF4D1C9840]: Found aux __data_end global, value: 1304868
[SEDP-HB-RUN69] host_utc=2026-09-28T11:13:53.273+00:00 host_mono_ns=2353052463172370 phase=checkpoint container_pid=14 [05:37:32:671 - 75EF4D1C9840]: Found aux stack top global, value: 7858480, global index: 0, stack size: 6553600
[SEDP-HB-RUN69] host_utc=2026-09-28T11:13:53.273+00:00 host_mono_ns=2353052463178621 phase=checkpoint container_pid=14 [05:37:32:673 - 75EF4D1C9840]: Found malloc function, name: malloc, index: 3166
[SEDP-HB-RUN69] host_utc=2026-09-28T11:13:53.273+00:00 host_mono_ns=2353052463184092 phase=checkpoint container_pid=14 [05:37:32:674 - 75EF4D1C9840]: Found free function, name: free, index: 3168
[SEDP-HB-RUN69] host_utc=2026-09-28T11:13:53.273+00:00 host_mono_ns=2353052463189522 phase=checkpoint container_pid=14 [05:37:32:705 - 75EF4D1C9840]: Load module success.
[SEDP-HB-RUN69] host_utc=2026-09-28T11:13:53.273+00:00 host_mono_ns=2353052463195022 phase=checkpoint container_pid=14 
[SEDP-HB-RUN69] host_utc=2026-09-28T11:13:53.273+00:00 host_mono_ns=2353052463200433 phase=checkpoint container_pid=14 [05:37:32:714 - 75EF4D1C9840]: Memory instantiate:
[SEDP-HB-RUN69] host_utc=2026-09-28T11:13:53.273+00:00 host_mono_ns=2353052463205833 phase=checkpoint container_pid=14 [05:37:32:714 - 75EF4D1C9840]:   page bytes: 65536, init pages: 16384, max pages: 16384
[SEDP-HB-RUN69] host_utc=2026-09-28T11:13:53.273+00:00 host_mono_ns=2353052463211464 phase=checkpoint container_pid=14 [05:37:32:715 - 75EF4D1C9840]:   heap offset: 1073741824, heap size: 0
[SEDP-HB-RUN69] host_utc=2026-09-28T11:13:53.273+00:00 host_mono_ns=2353052463216944 phase=checkpoint container_pid=14 
[SEDP-HB-RUN69] host_utc=2026-09-28T11:13:53.273+00:00 host_mono_ns=2353052463222294 phase=checkpoint container_pid=14 [05:37:32:743 - 75EF4D1C9840]: Memory instantiate success.
[SEDP-HB-RUN69] host_utc=2026-09-28T11:13:53.273+00:00 host_mono_ns=2353052463227654 phase=checkpoint container_pid=14 [05:37:32:867 - 75EF4D1C9840]: warning: failed to link import function (env, pthread_exit)
[SEDP-HB-RUN69] host_utc=2026-09-28T11:13:53.273+00:00 host_mono_ns=2353052463233185 phase=checkpoint container_pid=14 [05:37:32:323 - 75EF4D1C9840]: warning: failed to link import function (env, pthread_exit)
[SEDP-HB-RUN69] host_utc=2026-09-28T11:13:53.273+00:00 host_mono_ns=2353052463238565 phase=checkpoint container_pid=14 [05:37:32:243 - 75EF4CF3A640]: warning: failed to link import function (env, pthread_exit)
[SEDP-HB-RUN69] host_utc=2026-09-28T11:13:53.273+00:00 host_mono_ns=2353052463243935 phase=checkpoint container_pid=14 [CR-RERUN-20260927] WASI_SOCKET event=sock_recv_from_enter wasi_fd=4 iovecs=1 capacity=65535 flags=0
[SEDP-HB-RUN69] host_utc=2026-09-28T11:13:53.273+00:00 host_mono_ns=2353052463249445 phase=checkpoint container_pid=14 [05:37:32:120 - 75EF4CF3A640]: warning: failed to link import function (env, pthread_exit)
[SEDP-HB-RUN69] host_utc=2026-09-28T11:13:53.273+00:00 host_mono_ns=2353052463254855 phase=checkpoint container_pid=14 [CR-RERUN-20260927] WASI_SOCKET event=sock_recv_from_enter wasi_fd=6 iovecs=1 capacity=65535 flags=0
[SEDP-HB-RUN69] host_utc=2026-09-28T11:13:53.273+00:00 host_mono_ns=2353052463260196 phase=checkpoint container_pid=14 [05:37:32:941 - 75EF4D1C9840]: warning: failed to link import function (env, pthread_exit)
[SEDP-HB-RUN69] host_utc=2026-09-28T11:13:53.273+00:00 host_mono_ns=2353052463265626 phase=checkpoint container_pid=14 [CR-RERUN-20260927] WASI_SOCKET event=sock_recv_from_enter wasi_fd=9 iovecs=1 capacity=65535 flags=0
[SEDP-HB-RUN69] host_utc=2026-09-28T11:13:53.273+00:00 host_mono_ns=2353052463270996 phase=checkpoint container_pid=14 [05:37:32:495 - 75EF4D1C9840]: warning: failed to link import function (env, pthread_exit)
[SEDP-HB-RUN69] host_utc=2026-09-28T11:13:53.273+00:00 host_mono_ns=2353052463276366 phase=checkpoint container_pid=14 [05:37:32:326 - 75EF4D1C9840]: warning: failed to link import function (env, pthread_exit)
[SEDP-HB-RUN69] host_utc=2026-09-28T11:13:53.273+00:00 host_mono_ns=2353052463284762 phase=checkpoint container_pid=14 [CR-RERUN-20260927] WASI_SOCKET event=sock_recv_from_enter wasi_fd=10 iovecs=1 capacity=65535 flags=0
[SEDP-HB-RUN69] host_utc=2026-09-28T11:13:53.273+00:00 host_mono_ns=2353052463296294 phase=checkpoint container_pid=14 [05:37:32:995 - 75EF4D1C9840]: warning: failed to link import function (env, pthread_exit)
[SEDP-HB-RUN69] host_utc=2026-09-28T11:13:53.273+00:00 host_mono_ns=2353052463301794 phase=checkpoint container_pid=14 [05:37:32:208 - 75EF4D1C9840]: warning: failed to link import function (env, pthread_exit)
[SEDP-HB-RUN69] host_utc=2026-09-28T11:13:53.273+00:00 host_mono_ns=2353052463307174 phase=checkpoint container_pid=14 [05:37:32:333 - 75EF4CF3A640]: warning: failed to link import function (env, pthread_exit)
[SEDP-HB-RUN69] host_utc=2026-09-28T11:13:53.273+00:00 host_mono_ns=2353052463312655 phase=checkpoint container_pid=14 [05:37:32:696 - 75EF4CF3A640]: warning: failed to link import function (env, pthread_exit)
[SEDP-HB-RUN69] host_utc=2026-09-28T11:13:53.273+00:00 host_mono_ns=2353052463318065 phase=checkpoint container_pid=14 [05:37:32:949 - 75EF4CF3A640]: warning: failed to link import function (env, pthread_exit)
[SEDP-HB-RUN69] host_utc=2026-09-28T11:13:53.273+00:00 host_mono_ns=2353052463323355 phase=checkpoint container_pid=14 [CR-RERUN-20260927] WASI_SOCKET event=sock_send_to_enter wasi_fd=6 bytes=204 flags=0 destination=239.255.0.1:7400
[SEDP-HB-RUN69] host_utc=2026-09-28T11:13:53.273+00:00 host_mono_ns=2353052463328795 phase=checkpoint container_pid=14 [CR-RERUN-20260927] WASI_SOCKET event=sock_recv_from_return wasi_fd=6 wasi_errno=0 bytes=204 source=172.18.0.3:7400
[SEDP-HB-RUN69] host_utc=2026-09-28T11:13:53.273+00:00 host_mono_ns=2353052463334185 phase=checkpoint container_pid=14 [CR-RERUN-20260927] WASI_SOCKET event=sock_send_to_return wasi_fd=6 wasi_errno=0 bytes=204
[SEDP-HB-RUN69] host_utc=2026-09-28T11:13:53.273+00:00 host_mono_ns=2353052463339505 phase=checkpoint container_pid=14 [CR-RERUN-20260927] WASI_SOCKET event=sock_recv_from_enter wasi_fd=6 iovecs=1 capacity=65535 flags=0
[SEDP-HB-RUN69] host_utc=2026-09-28T11:13:53.273+00:00 host_mono_ns=2353052463344906 phase=checkpoint container_pid=14 [CR-RERUN-20260927] WASI_SOCKET event=sock_recv_from_return wasi_fd=6 wasi_errno=0 bytes=204 source=172.18.0.5:7400
[SEDP-HB-RUN69] host_utc=2026-09-28T11:13:53.274+00:00 host_mono_ns=2353052464686831 phase=checkpoint container_pid=14 [CR-RERUN-20260927]LOG_DEBUG : 00000000.134 : [MROS2LIB] Initilizing Domain complete
[SEDP-HB-RUN69] host_utc=2026-09-28T11:13:53.274+00:00 host_mono_ns=2353052464696509 phase=checkpoint container_pid=14 LOG_NOTICE : 00000000.135 : [DEBUG-CR-RX-20260924] udp.recvfrom succeeded: mcp=0xdbeddc sd=6 local_port=7400 len=204 peer=ac120003:7400
[SEDP-HB-RUN69] host_utc=2026-09-28T11:13:53.274+00:00 host_mono_ns=2353052464702200 phase=checkpoint container_pid=14 LOG_NOTICE : 00000000.136 : [DEBUG-CR-RX-20260924] udp.recvfrom succeeded: mcp=0xdbeddc sd=6 local_port=7400 len=204 peer=ac120005:7400
[SEDP-HB-RUN69] host_utc=2026-09-28T11:13:53.274+00:00 host_mono_ns=2353052464707810 phase=checkpoint container_pid=14 [CR-RERUN-20260927] RTPS_DATA parse=ok source_prefix=f75b907a613af145ede21c00 reader_id=000100c7 writer_id=000100c2 sequence=0:1 payload_bytes=148 reader_found=1
[SEDP-HB-RUN69] host_utc=2026-09-28T11:13:53.274+00:00 host_mono_ns=2353052464714172 phase=checkpoint container_pid=14 [SEDP-RACE] seq=7 mono_ns=2353052464322212 event=builtin_proxy_plan participant_guid_prefix=f75b907a613af145ede21c00 selected_metatraffic_locator=172.18.0.5:7410 pub_writer=1 sub_writer=1 pub_reader=1 sub_reader=1
[SEDP-HB-RUN69] host_utc=2026-09-28T11:13:53.274+00:00 host_mono_ns=2353052464924259 phase=checkpoint container_pid=14 [SEDP-RACE] seq=8 mono_ns=2353052464601199 event=proxy_added writer=sedp_publications writer_guid=cf94952f06cd6223d15c1c00.000003:c2 remote_reader_guid=f75b907a613af145ede21c00.000003:c7 proxies_empty_before=1 proxies_empty_after=0 next=0:2 history_min=0:1 history_max=0:1 add_success=1
[SEDP-HB-RUN69] host_utc=2026-09-28T11:13:53.275+00:00 host_mono_ns=2353052465221060 phase=checkpoint container_pid=14 [SEDP-RACE] seq=9 mono_ns=2353052464899011 event=proxy_added writer=sedp_subscriptions writer_guid=cf94952f06cd6223d15c1c00.000004:c2 remote_reader_guid=f75b907a613af145ede21c00.000004:c7 proxies_empty_before=1 proxies_empty_after=0 next=0:2 history_min=0:1 history_max=0:1 add_success=1
[SEDP-HB-RUN69] host_utc=2026-09-28T11:13:54.361+00:00 host_mono_ns=2353053551652219 phase=checkpoint container_pid=14 [CR-RERUN-20260927] RTPS_DATA_DELIVERY result=newChange kind=user sequence=0:1
[SEDP-HB-RUN69] host_utc=2026-09-28T11:13:54.361+00:00 host_mono_ns=2353053551692996 phase=checkpoint container_pid=14 LOG_NOTICE : 00000000.139 : [DEBUG-CR-RX-20260924] udp.recvfrom succeeded: mcp=0xdbeddc sd=6 local_port=7400 len=204 peer=ac120003:7400
[SEDP-HB-RUN69] host_utc=2026-09-28T11:13:54.361+00:00 host_mono_ns=2353053551707283 phase=checkpoint container_pid=14 LOG_NOTICE : 00000000.223 : ready to pub/sub message
[SEDP-HB-RUN69] host_utc=2026-09-28T11:13:54.361+00:00 host_mono_ns=2353053551718734 phase=checkpoint container_pid=14 
[SEDP-HB-RUN69] host_utc=2026-09-28T11:13:54.361+00:00 host_mono_ns=2353053551730486 phase=checkpoint container_pid=14 [CR-RERUN-20260927] APP publish_begin topic=/to_linux id=0 payload='Hello from mros2-posix onto Linux: 0'
[SEDP-HB-RUN69] host_utc=2026-09-28T11:13:54.361+00:00 host_mono_ns=2353053551742088 phase=checkpoint container_pid=14 [CR-RERUN-20260927] APP publish_return topic=/to_linux id=0
[SEDP-HB-RUN69] host_utc=2026-09-28T11:13:54.361+00:00 host_mono_ns=2353053551752949 phase=checkpoint container_pid=14 LOG_NOTICE : 00000000.290 : [DEBUG-CR-RX-20260924] udp.recvfrom succeeded: mcp=0xdbeddc sd=6 local_port=7400 len=204 peer=ac120005:7400
[SEDP-HB-RUN69] host_utc=2026-09-28T11:13:54.361+00:00 host_mono_ns=2353053551763799 phase=checkpoint container_pid=14 [CR-RERUN-20260927] RTPS_DATA parse=ok source_prefix=f75b907a613af145ede21c00 reader_id=000100c7 writer_id=000100c2 sequence=0:1 payload_bytes=148 reader_found=1
[SEDP-HB-RUN69] host_utc=2026-09-28T11:13:54.361+00:00 host_mono_ns=2353053551775572 phase=checkpoint container_pid=14 [CR-RERUN-20260927] RTPS_DATA_DELIVERY result=newChange kind=user sequence=0:1
[SEDP-HB-RUN69] host_utc=2026-09-28T11:13:54.361+00:00 host_mono_ns=2353053551786282 phase=checkpoint container_pid=14 LOG_NOTICE : 00000001.136 : [DEBUG-CR-RX-20260924] udp.recvfrom succeeded: mcp=0xdbeddc sd=6 local_port=7400 len=204 peer=ac120003:7400
[SEDP-HB-RUN69] host_utc=2026-09-28T11:13:55.429+00:00 host_mono_ns=2353054619936653 phase=checkpoint container_pid=14 [CR-RERUN-20260927] APP publish_begin topic=/to_linux id=1 payload='Hello from mros2-posix onto Linux: 1'
[SEDP-HB-RUN69] host_utc=2026-09-28T11:13:55.429+00:00 host_mono_ns=2353054619988932 phase=checkpoint container_pid=14 [CR-RERUN-20260927] APP publish_return topic=/to_linux id=1
[SEDP-HB-RUN69] host_utc=2026-09-28T11:13:55.429+00:00 host_mono_ns=2353054620023017 phase=checkpoint container_pid=14 LOG_NOTICE : 00000001.290 : [DEBUG-CR-RX-20260924] udp.recvfrom succeeded: mcp=0xdbeddc sd=6 local_port=7400 len=204 peer=ac120005:7400
[SEDP-HB-RUN69] host_utc=2026-09-28T11:13:55.429+00:00 host_mono_ns=2353054620044157 phase=checkpoint container_pid=14 [CR-RERUN-20260927] RTPS_DATA parse=ok source_prefix=f75b907a613af145ede21c00 reader_id=000100c7 writer_id=000100c2 sequence=0:1 payload_bytes=148 reader_found=1
[SEDP-HB-RUN69] host_utc=2026-09-28T11:13:55.429+00:00 host_mono_ns=2353054620059796 phase=checkpoint container_pid=14 [CR-RERUN-20260927] RTPS_DATA_DELIVERY result=newChange kind=user sequence=0:1
[SEDP-HB-RUN69] host_utc=2026-09-28T11:13:55.429+00:00 host_mono_ns=2353054620074634 phase=checkpoint container_pid=14 LOG_NOTICE : 00000002.136 : [DEBUG-CR-RX-20260924] udp.recvfrom succeeded: mcp=0xdbeddc sd=6 local_port=7400 len=204 peer=ac120003:7400
[SEDP-HB-RUN69] host_utc=2026-09-28T11:13:55.429+00:00 host_mono_ns=2353054620089101 phase=checkpoint container_pid=14 [CR-RERUN-20260927] APP publish_begin topic=/to_linux id=2 payload='Hello from mros2-posix onto Linux: 2'
[SEDP-HB-RUN69] host_utc=2026-09-28T11:13:55.429+00:00 host_mono_ns=2353054620131952 phase=checkpoint container_pid=14 [CR-RERUN-20260927] APP publish_return topic=/to_linux id=2
[SEDP-HB-RUN69] host_utc=2026-09-28T11:13:55.429+00:00 host_mono_ns=2353054620146320 phase=checkpoint container_pid=14 LOG_NOTICE : 00000002.290 : [DEBUG-CR-RX-20260924] udp.recvfrom succeeded: mcp=0xdbeddc sd=6 local_port=7400 len=204 peer=ac120005:7400
[SEDP-HB-RUN69] host_utc=2026-09-28T11:13:56.430+00:00 host_mono_ns=2353055620443628 phase=checkpoint container_pid=14 [CR-RERUN-20260927] RTPS_DATA parse=ok source_prefix=f75b907a613af145ede21c00 reader_id=000100c7 writer_id=000100c2 sequence=0:1 payload_bytes=148 reader_found=1
[SEDP-HB-RUN69] host_utc=2026-09-28T11:13:56.430+00:00 host_mono_ns=2353055620488422 phase=checkpoint container_pid=14 [CR-RERUN-20260927] RTPS_DATA_DELIVERY result=newChange kind=user sequence=0:1
[SEDP-HB-RUN69] host_utc=2026-09-28T11:13:56.430+00:00 host_mono_ns=2353055620504132 phase=checkpoint container_pid=14 LOG_NOTICE : 00000003.136 : [DEBUG-CR-RX-20260924] udp.recvfrom succeeded: mcp=0xdbeddc sd=6 local_port=7400 len=204 peer=ac120003:7400
[SEDP-HB-RUN69] host_utc=2026-09-28T11:13:56.430+00:00 host_mono_ns=2353055620517527 phase=checkpoint container_pid=14 [CR-RERUN-20260927] APP publish_begin topic=/to_linux id=3 payload='Hello from mros2-posix onto Linux: 3'
[SEDP-HB-RUN69] host_utc=2026-09-28T11:13:56.430+00:00 host_mono_ns=2353055620531484 phase=checkpoint container_pid=14 [CR-RERUN-20260927] APP publish_return topic=/to_linux id=3
[SEDP-HB-RUN69] host_utc=2026-09-28T11:13:56.430+00:00 host_mono_ns=2353055620544428 phase=checkpoint container_pid=14 LOG_NOTICE : 00000003.290 : [DEBUG-CR-RX-20260924] udp.recvfrom succeeded: mcp=0xdbee14 sd=10 local_port=7410 len=52 peer=ac120005:7410LOG_NOTICE : 00000003.291 : 
[SEDP-HB-RUN69] host_utc=2026-09-28T11:13:56.430+00:00 host_mono_ns=2353055620557463 phase=checkpoint container_pid=14 [DEBUG-CR-RX-20260924] udp.recvfrom succeeded: mcp=0xdbeddc sd=6 local_port=7400 len=204 peer=ac120005:7400
[SEDP-HB-RUN69] host_utc=2026-09-28T11:13:56.430+00:00 host_mono_ns=2353055620570307 phase=checkpoint container_pid=14 LOG_NOTICE : 00000003.291 : [DEBUG-CR-RX-20260924] udp.recvfrom succeeded: mcp=0xdbee14 sd=10 local_port=7410 len=52 peer=ac120005:7410
[SEDP-HB-RUN69] host_utc=2026-09-28T11:13:56.430+00:00 host_mono_ns=2353055620582701 phase=checkpoint container_pid=14 LOG_NOTICE : 00000003.292 : [CR-RERUN-20260927] RTPS_DATA parse=ok source_prefix=f7[DEBUG-CR-RX-20260924] udp.recvfrom succeeded: mcp=0xdbee14 sd=10 local_port=7410 len=216 peer=ac120005:74105b
[SEDP-HB-RUN69] host_utc=2026-09-28T11:13:57.257+00:00 host_mono_ns=2353056447277403 phase=checkpoint container_pid=14 907a613af145ede21c00 reader_id=000100c7 writer_id=000100c2 sequence=0:1 payload_bytes=148 reader_found=1
[SEDP-HB-RUN69] host_utc=2026-09-28T11:13:57.257+00:00 host_mono_ns=2353056447340442 phase=checkpoint container_pid=14 [CR-RERUN-20260927] RTPS_DATA_DELIVERY result=newChange kind=user sequence=0:1
[SEDP-HB-RUN69] host_utc=2026-09-28T11:13:57.257+00:00 host_mono_ns=2353056447361041 phase=checkpoint container_pid=14 LOG_NOTICE : 00000003.297 : [CR-RERUN-20260927] RTPS_DATA parse=ok source_prefix=f7[DEBUG-CR-RX-20260924] udp.recvfrom succeeded: mcp=0xdbee14 sd=10 local_port=7410 len=216 peer=ac120005:74105b
[SEDP-HB-RUN69] host_utc=2026-09-28T11:13:57.257+00:00 host_mono_ns=2353056447382782 phase=checkpoint container_pid=14 907a613af145ede21c00 reader_id=000004c7 writer_id=000004c2 sequence=0:1 payload_bytes=160 reader_found=1
[SEDP-HB-RUN69] host_utc=2026-09-28T11:13:57.257+00:00 host_mono_ns=2353056447402990 phase=checkpoint container_pid=14 LOG_DEBUG : 00000003.300 : [MROS2LIB] publisher matched with remote subscriber
[SEDP-HB-RUN69] host_utc=2026-09-28T11:13:57.257+00:00 host_mono_ns=2353056447418249 phase=checkpoint container_pid=14 [CR-RERUN-20260927] RTPS_DATA_DELIVERY result=newChange kind=user sequence=0:1
[SEDP-HB-RUN69] host_utc=2026-09-28T11:13:57.257+00:00 host_mono_ns=2353056447457413 phase=checkpoint container_pid=14 [CR-RERUN-20260927] RTPS_DATA parse=ok source_prefix=f75b907a613af145ede21c00 reader_id=000003c7 writer_id=000003c2 sequence=0:1 payload_bytes=160 reader_found=1
[SEDP-HB-RUN69] host_utc=2026-09-28T11:13:57.257+00:00 host_mono_ns=2353056447469335 phase=checkpoint container_pid=14 LOG_DEBUG : 00000003.304 : [MROS2LIB] subscriber matched with remote publisher
[SEDP-HB-RUN69] host_utc=2026-09-28T11:13:57.257+00:00 host_mono_ns=2353056447479835 phase=checkpoint container_pid=14 [CR-RERUN-20260927] RTPS_DATA_DELIVERY result=newChange kind=user sequence=0:1
[SEDP-HB-RUN69] host_utc=2026-09-28T11:13:57.257+00:00 host_mono_ns=2353056447490325 phase=checkpoint container_pid=14 [DISCOVERY_PROBE] event=heartbeat_delay_return writer=sedp_publications status=0 backend=nanosleep
[SEDP-HB-RUN69] host_utc=2026-09-28T11:13:57.257+00:00 host_mono_ns=2353056447510954 phase=checkpoint container_pid=14 [SEDP-HB] seq=13 mono_ns=2353056446908967 event=heartbeat_delay_return writer=sedp_publications status=0 backend=nanosleep
[SEDP-HB-RUN69] host_utc=2026-09-28T11:13:57.257+00:00 host_mono_ns=2353056447710411 phase=checkpoint container_pid=14 [DISCOVERY_PROBE] event=heartbeat_delay_return writer=sedp_subscriptions status=0 backend=nanosleep
[SEDP-HB-RUN69] host_utc=2026-09-28T11:13:57.257+00:00 host_mono_ns=2353056447736540 phase=checkpoint container_pid=14 [SEDP-HB] seq=14 mono_ns=2353056447279727 event=heartbeat_loop_tick writer=sedp_publications running=1 proxies_empty=0
[SEDP-HB-RUN69] host_utc=2026-09-28T11:13:57.257+00:00 host_mono_ns=2353056448078446 phase=checkpoint container_pid=14 [SEDP-HB] seq=15 mono_ns=2353056447365479 event=heartbeat_delay_return writer=sedp_subscriptions status=0 backend=nanosleep
[SEDP-HB-RUN69] host_utc=2026-09-28T11:13:57.258+00:00 host_mono_ns=2353056448188604 phase=checkpoint container_pid=14 [DISCOVERY_PROBE] event=heartbeat_tick writer=sedp_publications proxies_empty=0
[SEDP-HB-RUN69] host_utc=2026-09-28T11:13:57.258+00:00 host_mono_ns=2353056448211768 phase=checkpoint container_pid=14 [SEDP-HB] seq=16 mono_ns=2353056447736881 event=heartbeat_loop_tick writer=sedp_subscriptions running=1 proxies_empty=0
[SEDP-HB-RUN69] host_utc=2026-09-28T11:13:57.258+00:00 host_mono_ns=2353056448385256 phase=checkpoint container_pid=14 [SEDP-HB] seq=17 mono_ns=2353056447811822 event=heartbeat_enter writer=sedp_publications proxies_empty=0
[SEDP-HB-RUN69] host_utc=2026-09-28T11:13:57.258+00:00 host_mono_ns=2353056448407959 phase=checkpoint container_pid=14 [DISCOVERY_PROBE] event=heartbeat_tick writer=sedp_subscriptions proxies_empty=0
[SEDP-HB-RUN69] host_utc=2026-09-28T11:13:57.258+00:00 host_mono_ns=2353056448608247 phase=checkpoint container_pid=14 [SEDP-HB] seq=18 mono_ns=2353056448218170 event=heartbeat_enter writer=sedp_subscriptions proxies_empty=0
[SEDP-HB-RUN69] host_utc=2026-09-28T11:13:57.258+00:00 host_mono_ns=2353056449173284 phase=checkpoint container_pid=14 [DISCOVERY_PROBE] event=heartbeat_send writer=sedp_publications first=0:1 last=0:1 dst_port=7410
[SEDP-HB-RUN69] host_utc=2026-09-28T11:13:57.259+00:00 host_mono_ns=2353056449211316 phase=checkpoint container_pid=14 [DISCOVERY_PROBE] event=heartbeat_send writer=sedp_subscriptions first=0:1 last=0:1 dst_port=7410
[SEDP-HB-RUN69] host_utc=2026-09-28T11:13:57.259+00:00 host_mono_ns=2353056449226224 phase=checkpoint container_pid=14 [SEDP-HB] seq=19 mono_ns=2353056448619318 event=heartbeat_transport_before writer=sedp_publications first=0:1 last=0:1 count=1 dst_port=7410
[SEDP-HB-RUN69] host_utc=2026-09-28T11:13:57.259+00:00 host_mono_ns=2353056449391517 phase=checkpoint container_pid=14  WASI_SOCKET event=sock_recv_from_enter wasi_fd=6 iovecs=1 capacity=65535 flags=0
[SEDP-HB-RUN69] host_utc=2026-09-28T11:13:57.259+00:00 host_mono_ns=2353056449413087 phase=checkpoint container_pid=14 [CR-RERUN-20260927] WASI_SOCKET event=sock_send_to_enter wasi_fd=6 bytes=204 flags=0 destination=239.255.0.1:7400
[SEDP-HB-RUN69] host_utc=2026-09-28T11:13:57.259+00:00 host_mono_ns=2353056449436321 phase=checkpoint container_pid=14 [CR-RERUN-20260927] WASI_SOCKET event=sock_recv_from_return wasi_fd=6 wasi_errno=0 bytes=204 source=172.18.0.3:7400
[SEDP-HB-RUN69] host_utc=2026-09-28T11:13:57.259+00:00 host_mono_ns=2353056449453353 phase=checkpoint container_pid=14 [CR-RERUN-20260927] WASI_SOCKET event=sock_send_to_return wasi_fd=6 wasi_errno=0 bytes=204
[SEDP-HB-RUN69] host_utc=2026-09-28T11:13:57.259+00:00 host_mono_ns=2353056449464525 phase=checkpoint container_pid=14 [CR-RERUN-20260927] WASI_SOCKET event=sock_recv_from_enter wasi_fd=6 iovecs=1 capacity=65535 flags=0
[SEDP-HB-RUN69] host_utc=2026-09-28T11:13:57.259+00:00 host_mono_ns=2353056449475235 phase=checkpoint container_pid=14 [CR-RERUN-20260927] WASI_SOCKET event=sock_recv_from_return wasi_fd=6 wasi_errno=0 bytes=204 source=172.18.0.5:7400
[SEDP-HB-RUN69] host_utc=2026-09-28T11:13:57.259+00:00 host_mono_ns=2353056449486015 phase=checkpoint container_pid=14 [CR-RERUN-20260927] WASI_SOCKET event=sock_recv_from_enter wasi_fd=6 iovecs=1 capacity=65535 flags=0
[SEDP-HB-RUN69] host_utc=2026-09-28T11:13:57.259+00:00 host_mono_ns=2353056449496595 phase=checkpoint container_pid=14 [CR-RERUN-20260927] WASI_SOCKET event=sock_send_to_enter wasi_fd=6 bytes=204 flags=0 destination=239.255.0.1:7400
[SEDP-HB-RUN69] host_utc=2026-09-28T11:13:57.259+00:00 host_mono_ns=2353056449507295 phase=checkpoint container_pid=14 [CR-RERUN-20260927] WASI_SOCKET event=sock_recv_from_return wasi_fd=6 wasi_errno=0 bytes=204 source=172.18.0.3:7400
[SEDP-HB-RUN69] host_utc=2026-09-28T11:13:57.259+00:00 host_mono_ns=2353056449518036 phase=checkpoint container_pid=14 [CR-RERUN-20260927] WASI_SOCKET event=sock_send_to_return wasi_fd=6 wasi_errno=0 bytes=204
[SEDP-HB-RUN69] host_utc=2026-09-28T11:13:57.259+00:00 host_mono_ns=2353056449528676 phase=checkpoint container_pid=14 [CR-RERUN-20260927] WASI_SOCKET event=sock_recv_from_enter wasi_fd=6 iovecs=1 capacity=65535 flags=0
[SEDP-HB-RUN69] host_utc=2026-09-28T11:13:57.259+00:00 host_mono_ns=2353056449539326 phase=checkpoint container_pid=14 [CR-RERUN-20260927] WASI_SOCKET event=sock_recv_from_return wasi_fd=6 wasi_errno=0 bytes=204 source=172.18.0.5:7400
[SEDP-HB-RUN69] host_utc=2026-09-28T11:13:57.259+00:00 host_mono_ns=2353056449549856 phase=checkpoint container_pid=14 [CR-RERUN-20260927] WASI_SOCKET event=sock_recv_from_enter wasi_fd=6 iovecs=1 capacity=65535 flags=0
[SEDP-HB-RUN69] host_utc=2026-09-28T11:13:57.259+00:00 host_mono_ns=2353056449560436 phase=checkpoint container_pid=14 [CR-RERUN-20260927] WASI_SOCKET event=sock_send_to_enter wasi_fd=6 bytes=204 flags=0 destination=239.255.0.1:7400
[SEDP-HB-RUN69] host_utc=2026-09-28T11:13:57.259+00:00 host_mono_ns=2353056449571116 phase=checkpoint container_pid=14 [CR-RERUN-20260927] WASI_SOCKET event=sock_recv_from_return wasi_fd=6 wasi_errno=0 bytes=204 source=172.18.0.3:7400
[SEDP-HB-RUN69] host_utc=2026-09-28T11:13:57.259+00:00 host_mono_ns=2353056449584291 phase=checkpoint container_pid=14 [CR-RERUN-20260927] WASI_SOCKET event=sock_send_to_return wasi_fd=6 wasi_errno=0 bytes=204
[SEDP-HB-RUN69] host_utc=2026-09-28T11:13:57.259+00:00 host_mono_ns=2353056449598578 phase=checkpoint container_pid=14 [CR-RERUN-20260927] WASI_SOCKET event=sock_recv_from_enter wasi_fd=6 iovecs=1 capacity=65535 flags=0
[SEDP-HB-RUN69] host_utc=2026-09-28T11:13:57.259+00:00 host_mono_ns=2353056449610250 phase=checkpoint container_pid=14 [CR-RERUN-20260927] WASI_SOCKET event=sock_recv_from_return wasi_fd=6 wasi_errno=0 bytes=204 source=172.18.0.5:7400
[SEDP-HB-RUN69] host_utc=2026-09-28T11:13:57.259+00:00 host_mono_ns=2353056449620870 phase=checkpoint container_pid=14 [CR-RERUN-20260927] WASI_SOCKET event=sock_recv_from_enter wasi_fd=6 iovecs=1 capacity=65535 flags=0
[SEDP-HB-RUN69] host_utc=2026-09-28T11:13:57.259+00:00 host_mono_ns=2353056449633113 phase=checkpoint container_pid=14 [CR-RERUN-20260927] WASI_SOCKET event=sock_send_to_enter wasi_fd=6 bytes=204 flags=0 destination=239.255.0.1:7400
[SEDP-HB-RUN69] host_utc=2026-09-28T11:13:57.259+00:00 host_mono_ns=2353056449657048 phase=checkpoint container_pid=14 [CR-RERUN-20260927] WASI_SOCKET event=sock_recv_from_return wasi_fd=6 wasi_errno=0 bytes=204 source=172.18.0.3:7400
[SEDP-HB-RUN69] host_utc=2026-09-28T11:13:57.259+00:00 host_mono_ns=2353056449679300 phase=checkpoint container_pid=14 [CR-RERUN-20260927] WASI_SOCKET event=sock_send_to_return wasi_fd=6 wasi_errno=0 bytes=204
[SEDP-HB-RUN69] host_utc=2026-09-28T11:13:57.259+00:00 host_mono_ns=2353056449690602 phase=checkpoint container_pid=14 [CR-RERUN-20260927] WASI_SOCKET event=sock_recv_from_enter wasi_fd=6 iovecs=1 capacity=65535 flags=0
[SEDP-HB-RUN69] host_utc=2026-09-28T11:13:57.259+00:00 host_mono_ns=2353056449701212 phase=checkpoint container_pid=14 [CR-RERUN-20260927] WASI_SOCKET event=sock_recv_from_return wasi_fd=10 wasi_errno=0 bytes=52 source=172.18.0.5:7410
[SEDP-HB-RUN69] host_utc=2026-09-28T11:13:57.259+00:00 host_mono_ns=2353056449711862 phase=checkpoint container_pid=14 [CR-RERUN-20260927] WASI_SOCKET event=sock_recv_from_return wasi_fd=6 wasi_errno=0 bytes=204 source=172.18.0.5:7400
[SEDP-HB-RUN69] host_utc=2026-09-28T11:13:57.259+00:00 host_mono_ns=2353056449722402 phase=checkpoint container_pid=14 [CR-RERUN-20260927] WASI_SOCKET event=sock_recv_from_enter wasi_fd=10 iovecs=1 capacity=65535 flags=0
[SEDP-HB-RUN69] host_utc=2026-09-28T11:13:57.259+00:00 host_mono_ns=2353056449732942 phase=checkpoint container_pid=14 [CR-RERUN-20260927] WASI_SOCKET event=sock_recv_from_return wasi_fd=10 wasi_errno=0 bytes=52 source=172.18.0.5:7410
[SEDP-HB-RUN69] host_utc=2026-09-28T11:13:57.259+00:00 host_mono_ns=2353056449743461 phase=checkpoint container_pid=14 [CR-RERUN-20260927] WASI_SOCKET event=sock_recv_from_enter wasi_fd=6 iovecs=1 capacity=65535 flags=0
[SEDP-HB-RUN69] host_utc=2026-09-28T11:13:57.259+00:00 host_mono_ns=2353056449754011 phase=checkpoint container_pid=14 [CR-RERUN-20260927] WASI_SOCKET event=sock_send_to_enter wasi_fd=10 bytes=52 flags=0 destination=172.18.0.5:7410
[SEDP-HB-RUN69] host_utc=2026-09-28T11:13:57.259+00:00 host_mono_ns=2353056449764421 phase=checkpoint container_pid=14 [CR-RERUN-20260927] WASI_SOCKET event=sock_recv_from_enter wasi_fd=10 iovecs=1 capacity=65535 flags=0
[SEDP-HB-RUN69] host_utc=2026-09-28T11:13:57.259+00:00 host_mono_ns=2353056449774881 phase=checkpoint container_pid=14 [CR-RERUN-20260927] WASI_SOCKET event=sock_send_to_return wasi_fd=10 wasi_errno=0 bytes=52
[SEDP-HB-RUN69] host_utc=2026-09-28T11:13:57.259+00:00 host_mono_ns=2353056449785411 phase=checkpoint container_pid=14 [CR-RERUN-20260927] WASI_SOCKET event=sock_recv_from_return wasi_fd=10 wasi_errno=0 bytes=216 source=172.18.0.5:7410
[SEDP-HB-RUN69] host_utc=2026-09-28T11:13:57.259+00:00 host_mono_ns=2353056449796041 phase=checkpoint container_pid=14 [CR-RERUN-20260927] WASI_SOCKET event=sock_recv_from_enter wasi_fd=10 iovecs=1 capacity=65535 flags=0
[SEDP-HB-RUN69] host_utc=2026-09-28T11:13:57.259+00:00 host_mono_ns=2353056449806551 phase=checkpoint container_pid=14 [CR-RERUN-20260927] WASI_SOCKET event=sock_send_to_enter wasi_fd=10 bytes=52 flags=0 destination=172.18.0.5:7410
[SEDP-HB-RUN69] host_utc=2026-09-28T11:13:57.259+00:00 host_mono_ns=2353056449817121 phase=checkpoint container_pid=14 [CR-RERUN-20260927] WASI_SOCKET event=sock_send_to_return wasi_fd=10 wasi_errno=0 bytes=52
[SEDP-HB-RUN69] host_utc=2026-09-28T11:13:57.259+00:00 host_mono_ns=2353056449827620 phase=checkpoint container_pid=14 [CR-RERUN-20260927] WASI_SOCKET event=sock_recv_from_return wasi_fd=10 wasi_errno=0 bytes=216 source=172.18.0.5:7410
[SEDP-HB-RUN69] host_utc=2026-09-28T11:13:57.259+00:00 host_mono_ns=2353056449838030 phase=checkpoint container_pid=14 [CR-RERUN-20260927] WASI_SOCKET event=sock_recv_from_enter wasi_fd=10 iovecs=1 capacity=65535 flags=0
[SEDP-HB-RUN69] host_utc=2026-09-28T11:13:57.259+00:00 host_mono_ns=2353056449848540 phase=checkpoint container_pid=14 [CR-RERUN-20260927] WASI_SOCKET event=sock_send_to_enter wasi_fd=10 bytes=52 flags=0 destination=172.18.0.5:7410
[SEDP-HB-RUN69] host_utc=2026-09-28T11:13:57.259+00:00 host_mono_ns=2353056449859240 phase=checkpoint container_pid=14 [CR-RERUN-20260927] WASI_SOCKET event=sock_send_to_return wasi_[SEDP-HB] seq=20 mono_ns=2353056448873228 event=heartbeat_transport_before writer=sedp_subscriptions first=0:1 last=0:1 count=1 dst_port=7410
[SEDP-HB-RUN69] host_utc=2026-09-28T11:13:57.259+00:00 host_mono_ns=2353056449890840 phase=checkpoint container_pid=14 [SEDP-HB] seq=21 mono_ns=2353056449172072 event=heartbeat_transport_after writer=sedp_publications first=0:1 last=0:1 count=1 dst_port=7410
[SEDP-HB-RUN69] host_utc=2026-09-28T11:13:57.259+00:00 host_mono_ns=2353056449953117 phase=checkpoint container_pid=14 LOG_NOTICE : 00000004.123 : [SEDP-HB] seq=22 mono_ns=2353056449335210 event=heartbeat_transport_after writer=sedp_subscriptions first=0:1 last=0:1 count=1 dst_port=7410
[SEDP-HB-RUN69] host_utc=2026-09-28T11:13:57.260+00:00 host_mono_ns=2353056450883134 phase=checkpoint container_pid=14 [DEBUG-CR-RX-20260924] udp.recvfrom succeeded: mcp=0xdbee14 sd=10 local_port=7410 len=52 peer=ac120005:7410
[SEDP-HB-RUN69] host_utc=2026-09-28T11:13:57.260+00:00 host_mono_ns=2353056450912620 phase=checkpoint container_pid=14 LOG_NOTICE : 00000004.123 : [DEBUG-CR-RX-20260924] udp.recvfrom succeeded: mcp=0xdbee14 sd=10 local_port=7410 len=52 peer=ac120005:7410
[SEDP-HB-RUN69] host_utc=2026-09-28T11:13:57.260+00:00 host_mono_ns=2353056450925845 phase=checkpoint container_pid=14 [SEDP-HB] seq=23 mono_ns=2353056450294031 event=acknack_received writer=sedp_publications source_prefix=f75b907a613af145ede21c00 reader_id=000003:c7 base=0:1 num_bits=1 count=1
[SEDP-HB-RUN69] host_utc=2026-09-28T11:13:57.260+00:00 host_mono_ns=2353056451174485 phase=checkpoint container_pid=14 [SEDP-HB] seq=24 mono_ns=2353056450780370 event=acknack_dispatch writer=sedp_publications writer_found=1
[SEDP-HB-RUN69] host_utc=2026-09-28T11:13:57.261+00:00 host_mono_ns=2353056451504909 phase=checkpoint container_pid=14 [SEDP-HB] seq=25 mono_ns=2353056451076430 event=on_acknack_enter writer=sedp_publications base=0:1 num_bits=1 count=1
[SEDP-HB-RUN69] host_utc=2026-09-28T11:13:57.261+00:00 host_mono_ns=2353056451796630 phase=checkpoint container_pid=14 [SEDP-HB] seq=26 mono_ns=2353056451430048 event=acknack_proxy_matched writer=sedp_publications previous_count=0 incoming_count=1
[SEDP-HB-RUN69] host_utc=2026-09-28T11:13:57.262+00:00 host_mono_ns=2353056452298659 phase=checkpoint container_pid=14 [SEDP-HB] seq=27 mono_ns=2353056451888354 event=acknack_action writer=sedp_publications action=send_data sequence=0:1
[SEDP-HB-RUN69] host_utc=2026-09-28T11:13:57.262+00:00 host_mono_ns=2353056452616970 phase=checkpoint container_pid=14 [SEDP-HB] seq=28 mono_ns=2353056452218668 event=sedp_senddata_enter writer=sedp_publications sequence=0:1
[SEDP-HB-RUN69] host_utc=2026-09-28T11:13:57.263+00:00 host_mono_ns=2353056453381905 phase=checkpoint container_pid=14 [SEDP-HB] seq=29 mono_ns=2353056452784136 event=sedp_senddata_transport_before writer=sedp_publications sequence=0:1 dst_port=7410
[SEDP-HB-RUN69] host_utc=2026-09-28T11:13:57.263+00:00 host_mono_ns=2353056453714804 phase=checkpoint container_pid=14 [SEDP-HB] seq=30 mono_ns=2353056453234717 event=sedp_senddata_transport_after writer=sedp_publications sequence=0:1 dst_port=7410
[SEDP-HB-RUN69] host_utc=2026-09-28T11:13:57.264+00:00 host_mono_ns=2353056454379059 phase=checkpoint container_pid=14 [SEDP-HB] seq=31 mono_ns=2353056453829060 event=acknack_received writer=sedp_subscriptions source_prefix=f75b907a613af145ede21c00 reader_id=000004:c7 base=0:1 num_bits=1 count=1
[SEDP-HB-RUN69] host_utc=2026-09-28T11:13:57.264+00:00 host_mono_ns=2353056454660240 phase=checkpoint container_pid=14 [SEDP-HB] seq=32 mono_ns=2353056454304207 event=acknack_dispatch writer=sedp_subscriptions writer_found=1
[SEDP-HB-RUN69] host_utc=2026-09-28T11:13:57.264+00:00 host_mono_ns=2353056455016974 phase=checkpoint container_pid=14 [SEDP-HB] seq=33 mono_ns=2353056454594115 event=on_acknack_enter writer=sedp_subscriptions base=0:1 num_bits=1 count=1
[SEDP-HB-RUN69] host_utc=2026-09-28T11:13:57.265+00:00 host_mono_ns=2353056455344222 phase=checkpoint container_pid=14 [SEDP-HB] seq=34 mono_ns=2353056454946922 event=acknack_proxy_matched writer=sedp_subscriptions previous_count=0 incoming_count=1
[SEDP-HB-RUN69] host_utc=2026-09-28T11:13:57.265+00:00 host_mono_ns=2353056455867471 phase=checkpoint container_pid=14 [SEDP-HB] seq=35 mono_ns=2353056455439322 event=acknack_action writer=sedp_subscriptions action=send_data sequence=0:1
[SEDP-HB-RUN69] host_utc=2026-09-28T11:13:57.266+00:00 host_mono_ns=2353056456190861 phase=checkpoint container_pid=14 [SEDP-HB] seq=36 mono_ns=2353056455770828 event=sedp_senddata_enter writer=sedp_subscriptions sequence=0:1
[SEDP-HB-RUN69] host_utc=2026-09-28T11:13:57.266+00:00 host_mono_ns=2353056456799401 phase=checkpoint container_pid=14 [SEDP-HB] seq=37 mono_ns=2353056456352497 event=sedp_senddata_transport_before writer=sedp_subscriptions sequence=0:1 dst_port=7410
[SEDP-HB-RUN69] host_utc=2026-09-28T11:13:57.267+00:00 host_mono_ns=2353056457242558 phase=checkpoint container_pid=14 [SEDP-HB] seq=38 mono_ns=2353056456771428 event=sedp_senddata_transport_after writer=sedp_subscriptions sequence=0:1 dst_port=7410
[SEDP-HB-RUN69] host_utc=2026-09-28T11:13:57.428+00:00 host_mono_ns=2353056618328537 phase=checkpoint container_pid=14 LOG_NOTICE : 00000004.137 : [DEBUG-CR-RX-20260924] udp.recvfrom succeeded: mcp=0xdbeddc sd=6 local_port=7400 len=204 peer=ac120003:7400
[SEDP-HB-RUN69] host_utc=2026-09-28T11:13:57.428+00:00 host_mono_ns=2353056618357722 phase=checkpoint container_pid=14 [CR-RERUN-20260927] APP publish_begin topic=/to_linux id=4 payload='Hello from mros2-posix onto Linux: 4'
[SEDP-HB-RUN69] host_utc=2026-09-28T11:13:57.428+00:00 host_mono_ns=2353056618368462 phase=checkpoint container_pid=14 [CR-RERUN-20260927] APP publish_return topic=/to_linux id=4
[SEDP-HB-RUN69] host_utc=2026-09-28T11:13:57.428+00:00 host_mono_ns=2353056618378140 phase=checkpoint container_pid=14 LOG_NOTICE : 00000004.228 : [DEBUG-CR-RX-20260924] udp.recvfrom succeeded: mcp=0xdbedf8 sd=9 local_port=7411 len=100 peer=ac120005:7411
[SEDP-HB-RUN69] host_utc=2026-09-28T11:13:57.428+00:00 host_mono_ns=2353056618386767 phase=checkpoint container_pid=14 [CR-RERUN-20260927] RTPS_DATA parse=ok source_prefix=f75b907a613af145ede21c00 reader_id=00000204 writer_id=00000103 sequence=0:1 payload_bytes=44 reader_found=1
[SEDP-HB-RUN69] host_utc=2026-09-28T11:13:57.428+00:00 host_mono_ns=2353056618396234 phase=checkpoint container_pid=14 LOG_DEBUG : 00000004.231 : [MROS2LIB] message get [callback_handler] msg_sn_high: 0 msg_sn_low: 1
[SEDP-HB-RUN69] host_utc=2026-09-28T11:13:57.428+00:00 host_mono_ns=2353056618405392 phase=checkpoint container_pid=14 [CR-RERUN-20260927] RTPS_DATA_DELIVERY result=newChange kind=user sequence=0:1
[SEDP-HB-RUN69] host_utc=2026-09-28T11:13:57.428+00:00 host_mono_ns=2353056618414268 phase=checkpoint container_pid=14 [CR-RERUN-20260927] APP callback topic=/to_stm id=4 payload='Hello from mros2-posix onto Linux: 4'
[SEDP-HB-RUN69] host_utc=2026-09-28T11:13:57.428+00:00 host_mono_ns=2353056618422694 phase=checkpoint container_pid=14 LOG_NOTICE : 00000004.291 : [DEBUG-CR-RX-20260924] udp.recvfrom succeeded: mcp=0xdbeddc sd=6 local_port=7400 len=204 peer=ac120005:7400
[SEDP-HB-RUN69] host_utc=2026-09-28T11:13:58.370+00:00 host_mono_ns=2353057560943209 phase=checkpoint container_pid=14 [CR-RERUN-20260927] RTPS_DATA parse=ok source_prefix=f75b907a613af145ede21c00 reader_id=000100c7 writer_id=000100c2 sequence=0:1 payload_bytes=148 reader_found=1
[SEDP-HB-RUN69] host_utc=2026-09-28T11:13:58.370+00:00 host_mono_ns=2353057560980219 phase=checkpoint container_pid=14 [CR-RERUN-20260927] RTPS_DATA_DELIVERY result=newChange kind=user sequence=0:1
[SEDP-HB-RUN69] host_utc=2026-09-28T11:13:58.370+00:00 host_mono_ns=2353057560991230 phase=checkpoint container_pid=14 LOG_NOTICE : 00000005.138 : [DEBUG-CR-RX-20260924] udp.recvfrom succeeded: mcp=0xdbeddc sd=6 local_port=7400 len=204 peer=ac120003:7400
[SEDP-HB-RUN69] host_utc=2026-09-28T11:13:58.370+00:00 host_mono_ns=2353057561016127 phase=checkpoint container_pid=14 [CR-RERUN-20260927] APP publish_begin topic=/to_linux id=5 payload='Hello from mros2-posix onto Linux: 5'
[SEDP-HB-RUN69] host_utc=2026-09-28T11:13:58.370+00:00 host_mono_ns=2353057561054179 phase=checkpoint container_pid=14 [CR-RERUN-20260927] APP publish_return topic=/to_linux id=5
[SEDP-HB-RUN69] host_utc=2026-09-28T11:13:58.370+00:00 host_mono_ns=2353057561063206 phase=checkpoint container_pid=14 LOG_NOTICE : 00000005.230 : [DEBUG-CR-RX-20260924] udp.recvfrom succeeded: mcp=0xdbedf8 sd=9 local_port=7411 len=100 peer=ac120005:7411
[SEDP-HB-RUN69] host_utc=2026-09-28T11:13:58.370+00:00 host_mono_ns=2353057561071602 phase=checkpoint container_pid=14 [CR-RERUN-20260927] RTPS_DATA parse=ok source_prefix=f75b907a613af145ede21c00 reader_id=00000204 writer_id=00000103 sequence=0:2 payload_bytes=44 reader_found=1
[SEDP-HB-RUN69] host_utc=2026-09-28T11:13:58.370+00:00 host_mono_ns=2353057561080218 phase=checkpoint container_pid=14 LOG_DEBUG : 00000005.233 : [MROS2LIB] message get [callback_handler] msg_sn_high: 0 msg_sn_low: 2
[SEDP-HB-RUN69] host_utc=2026-09-28T11:13:58.370+00:00 host_mono_ns=2353057561088834 phase=checkpoint container_pid=14 [CR-RERUN-20260927] RTPS_DATA_DELIVERY result=newChange kind=user sequence=0:2
[SEDP-HB-RUN69] host_utc=2026-09-28T11:13:59.370+00:00 host_mono_ns=2353058560662593 phase=checkpoint container_pid=14 [CR-RERUN-20260927] APP callback topic=/to_stm id=5 payload='Hello from mros2-posix onto Linux: 5'
[SEDP-HB-RUN69] host_utc=2026-09-28T11:13:59.370+00:00 host_mono_ns=2353058560720302 phase=checkpoint container_pid=14 LOG_NOTICE : 00000005.291 : [DEBUG-CR-RX-20260924] udp.recvfrom succeeded: mcp=0xdbeddc sd=6 local_port=7400 len=204 peer=ac120005:7400
[SEDP-HB-RUN69] host_utc=2026-09-28T11:13:59.370+00:00 host_mono_ns=2353058560738397 phase=checkpoint container_pid=14 [CR-RERUN-20260927] RTPS_DATA parse=ok source_prefix=f75b907a613af145ede21c00 reader_id=000100c7 writer_id=000100c2 sequence=0:1 payload_bytes=148 reader_found=1
[SEDP-HB-RUN69] host_utc=2026-09-28T11:13:59.370+00:00 host_mono_ns=2353058560754246 phase=checkpoint container_pid=14 [CR-RERUN-20260927] RTPS_DATA_DELIVERY result=newChange kind=user sequence=0:1
[SEDP-HB-RUN69] host_utc=2026-09-28T11:13:59.370+00:00 host_mono_ns=2353058560768844 phase=checkpoint container_pid=14 LOG_NOTICE : 00000006.138 : [DEBUG-CR-RX-20260924] udp.recvfrom succeeded: mcp=0xdbeddc sd=6 local_port=7400 len=204 peer=ac120003:7400
[SEDP-HB-RUN69] host_utc=2026-09-28T11:13:59.370+00:00 host_mono_ns=2353058560783131 phase=checkpoint container_pid=14 [CR-RERUN-20260927] APP publish_begin topic=/to_linux id=6 payload='Hello from mros2-posix onto Linux: 6'
[SEDP-HB-RUN69] host_utc=2026-09-28T11:13:59.370+00:00 host_mono_ns=2353058560796747 phase=checkpoint container_pid=14 [CR-RERUN-20260927] APP publish_return topic=/to_linux id=6
[SEDP-HB-RUN69] host_utc=2026-09-28T11:13:59.370+00:00 host_mono_ns=2353058560810433 phase=checkpoint container_pid=14 LOG_NOTICE : 00000006.230 : [DEBUG-CR-RX-20260924] udp.recvfrom succeeded: mcp=0xdbedf8 sd=9 local_port=7411 len=100 peer=ac120005:7411
[SEDP-HB-RUN69] host_utc=2026-09-28T11:13:59.370+00:00 host_mono_ns=2353058560823598 phase=checkpoint container_pid=14 [CR-RERUN-20260927] RTPS_DATA parse=ok source_prefix=f75b907a613af145ede21c00 reader_id=00000204 writer_id=00000103 sequence=0:3 payload_bytes=44 reader_found=1
[SEDP-HB-RUN69] host_utc=2026-09-28T11:13:59.428+00:00 host_mono_ns=2353058618276043 phase=checkpoint container_pid=14 LOG_DEBUGfd=10 wasi_errno=0 bytes=52
[SEDP-HB-RUN69] host_utc=2026-09-28T11:13:59.428+00:00 host_mono_ns=2353058618315398 phase=checkpoint container_pid=14 [CR-RERUN-20260927] WASI_SOCKET event=sock_send_to_enter wasi_fd=10 bytes=52 flags=0 destination=172.18.0.5:7410
[SEDP-HB-RUN69] host_utc=2026-09-28T11:13:59.428+00:00 host_mono_ns=2353058618330737 phase=checkpoint container_pid=14 [CR-RERUN-20260927] WASI_SOCKET event=sock_send_to_return wasi_fd=10 wasi_errno=0 bytes=52
[SEDP-HB-RUN69] host_utc=2026-09-28T11:13:59.428+00:00 host_mono_ns=2353058618343761 phase=checkpoint container_pid=14 [CR-RERUN-20260927] WASI_SOCKET event=sock_recv_from_return wasi_fd=10 wasi_errno=0 bytes=52 source=172.18.0.5:7410
[SEDP-HB-RUN69] host_utc=2026-09-28T11:13:59.428+00:00 host_mono_ns=2353058618375311 phase=checkpoint container_pid=14 [CR-RERUN-20260927] WASI_SOCKET event=sock_recv_from_enter wasi_fd=10 iovecs=1 capacity=65535 flags=0
[SEDP-HB-RUN69] host_utc=2026-09-28T11:13:59.428+00:00 host_mono_ns=2353058618384228 phase=checkpoint container_pid=14 [CR-RERUN-20260927] WASI_SOCKET event=sock_recv_from_return wasi_fd=10 wasi_errno=0 bytes=52 source=172.18.0.5:7410
[SEDP-HB-RUN69] host_utc=2026-09-28T11:13:59.428+00:00 host_mono_ns=2353058618392684 phase=checkpoint container_pid=14 [CR-RERUN-20260927] WASI_SOCKET event=sock_recv_from_enter wasi_fd=10 iovecs=1 capacity=65535 flags=0
[SEDP-HB-RUN69] host_utc=2026-09-28T11:13:59.428+00:00 host_mono_ns=2353058618401200 phase=checkpoint container_pid=14 [CR-RERUN-20260927] WASI_SOCKET event=sock_send_to_enter wasi_fd=10 bytes=216 flags=0 destination=172.18.0.5:7410
[SEDP-HB-RUN69] host_utc=2026-09-28T11:13:59.428+00:00 host_mono_ns=2353058618409616 phase=checkpoint container_pid=14 [CR-RERUN-20260927] WASI_SOCKET event=sock_send_to_return wasi_fd=10 wasi_errno=0 bytes=216
[SEDP-HB-RUN69] host_utc=2026-09-28T11:13:59.428+00:00 host_mono_ns=2353058618417982 phase=checkpoint container_pid=14 [CR-RERUN-20260927] WASI_SOCKET event=sock_send_to_enter wasi_fd=10 bytes=216 flags=0 destination=172.18.0.5:7410
[SEDP-HB-RUN69] host_utc=2026-09-28T11:13:59.428+00:00 host_mono_ns=2353058618426197 phase=checkpoint container_pid=14 [CR-RERUN-20260927] WASI_SOCKET event=sock_send_to_return wasi_fd=10 wasi_errno=0 bytes=216
[SEDP-HB-RUN69] host_utc=2026-09-28T11:13:59.428+00:00 host_mono_ns=2353058618434483 phase=checkpoint container_pid=14 [CR-RERUN-20260927] WASI_SOCKET event=sock_send_to_enter wasi_fd=6 bytes=204 flags=0 destination=239.255.0.1:7400
[SEDP-HB-RUN69] host_utc=2026-09-28T11:13:59.428+00:00 host_mono_ns=2353058618442798 phase=checkpoint container_pid=14 [CR-RERUN-20260927] WASI_SOCKET event=sock_recv_from_return wasi_fd=6 wasi_errno=0 bytes=204 source=172.18.0.3:7400
[SEDP-HB-RUN69] host_utc=2026-09-28T11:13:59.428+00:00 host_mono_ns=2353058618451044 phase=checkpoint container_pid=14 [CR-RERUN-20260927] WASI_SOCKET event=sock_send_to_return wasi_fd=6 wasi_errno=0 bytes=204
[SEDP-HB-RUN69] host_utc=2026-09-28T11:13:59.428+00:00 host_mono_ns=2353058618459420 phase=checkpoint container_pid=14 [CR-RERUN-20260927] WASI_SOCKET event=sock_recv_from_enter wasi_fd=6 iovecs=1 capacity=65535 flags=0
[SEDP-HB-RUN69] host_utc=2026-09-28T11:13:59.428+00:00 host_mono_ns=2353058618467746 phase=checkpoint container_pid=14 [CR-RERUN-20260927] WASI_SOCKET event=sock_send_to_enter wasi_fd=9 bytes=100 flags=0 destination=172.18.0.5:7411
[SEDP-HB-RUN69] host_utc=2026-09-28T11:13:59.428+00:00 host_mono_ns=2353058618476031 phase=checkpoint container_pid=14 [CR-RERUN-20260927] WASI_SOCKET event=sock_send_to_return wasi_fd=9 wasi_errno=0 bytes=100
[SEDP-HB-RUN69] host_utc=2026-09-28T11:13:59.428+00:00 host_mono_ns=2353058618484277 phase=checkpoint container_pid=14 [CR-RERUN-20260927] WASI_SOCKET event=sock_recv_from_return wasi_fd=9 wasi_errno=0 bytes=100 source=172.18.0.5:7411
[SEDP-HB-RUN69] host_utc=2026-09-28T11:13:59.428+00:00 host_mono_ns=2353058618492502 phase=checkpoint container_pid=14 [CR-RERUN-20260927] WASI_SOCKET event=sock_recv_from_enter wasi_fd=9 iovecs=1 capacity=65535 flags=0
[SEDP-HB-RUN69] host_utc=2026-09-28T11:13:59.428+00:00 host_mono_ns=2353058618500738 phase=checkpoint container_pid=14 [CR-RERUN-20260927] WASI_SOCKET event=sock_recv_from_return wasi_fd=6 wasi_errno=0 bytes=204 source=172.18.0.5:7400
[SEDP-HB-RUN69] host_utc=2026-09-28T11:13:59.428+00:00 host_mono_ns=2353058618508953 phase=checkpoint container_pid=14 [CR-RERUN-20260927] WASI_SOCKET event=sock_recv_from_enter wasi_fd=6 iovecs=1 capacity=65535 flags=0
[SEDP-HB-RUN69] host_utc=2026-09-28T11:13:59.428+00:00 host_mono_ns=2353058618517189 phase=checkpoint container_pid=14 [CR-RERUN-20260927] WASI_SOCKET event=sock_send_to_enter wasi_fd=6 bytes=204 flags=0 destination=239.255.0.1:7400
[SEDP-HB-RUN69] host_utc=2026-09-28T11:13:59.428+00:00 host_mono_ns=2353058618534422 phase=checkpoint container_pid=14 [CR-RERUN-20260927] WASI_SOCKET event=sock_recv_from_return wasi_fd=6 wasi_errno=0 bytes=204 source=172.18.0.3:7400
[SEDP-HB-RUN69] host_utc=2026-09-28T11:13:59.428+00:00 host_mono_ns=2353058618542747 phase=checkpoint container_pid=14 [CR-RERUN-20260927] WASI_SOCKET event=sock_send_to_return wasi_fd=6 wasi_errno=0 bytes=204
[SEDP-HB-RUN69] host_utc=2026-09-28T11:13:59.428+00:00 host_mono_ns=2353058618550983 phase=checkpoint container_pid=14 [CR-RERUN-20260927] WASI_SOCKET event=sock_recv_from_enter wasi_fd=6 iovecs=1 capacity=65535 flags=0
[SEDP-HB-RUN69] host_utc=2026-09-28T11:13:59.428+00:00 host_mono_ns=2353058618559238 phase=checkpoint container_pid=14 [CR-RERUN-20260927] WASI_SOCKET event=sock_send_to_enter wasi_fd=9 bytes=100 flags=0 destination=172.18.0.5:7411
[SEDP-HB-RUN69] host_utc=2026-09-28T11:13:59.428+00:00 host_mono_ns=2353058618567564 phase=checkpoint container_pid=14 [CR-RERUN-20260927] WASI_SOCKET event=sock_send_to_return wasi_fd=9 wasi_errno=0 bytes=100
[SEDP-HB-RUN69] host_utc=2026-09-28T11:13:59.428+00:00 host_mono_ns=2353058618575810 phase=checkpoint container_pid=14 [CR-RERUN-20260927] WASI_SOCKET event=sock_recv_from_return wasi_fd=9 wasi_errno=0 bytes=100 source=172.18.0.5:7411
[SEDP-HB-RUN69] host_utc=2026-09-28T11:13:59.428+00:00 host_mono_ns=2353058618584145 phase=checkpoint container_pid=14 [CR-RERUN-20260927] WASI_SOCKET event=sock_recv_from_enter wasi_fd=9 iovecs=1 capacity=65535 flags=0
[SEDP-HB-RUN69] host_utc=2026-09-28T11:13:59.428+00:00 host_mono_ns=2353058618592421 phase=checkpoint container_pid=14 [CR-RERUN-20260927] WASI_SOCKET event=sock_recv_from_return wasi_fd=6 wasi_errno=0 bytes=204 source=172.18.0.5:7400
[SEDP-HB-RUN69] host_utc=2026-09-28T11:13:59.428+00:00 host_mono_ns=2353058618600667 phase=checkpoint container_pid=14 [CR-RERUN-20260927] WASI_SOCKET event=sock_recv_from_enter wasi_fd=6 iovecs=1 capacity=65535 flags=0
[SEDP-HB-RUN69] host_utc=2026-09-28T11:13:59.428+00:00 host_mono_ns=2353058618608922 phase=checkpoint container_pid=14 [CR-RERUN-20260927] WASI_SOCKET event=sock_send_to_enter wasi_fd=6 bytes=204 flags=0 destination=239.255.0.1:7400
[SEDP-HB-RUN69] host_utc=2026-09-28T11:13:59.428+00:00 host_mono_ns=2353058618617188 phase=checkpoint container_pid=14 [CR-RERUN-20260927] WASI_SOCKET event=sock_recv_from_return wasi_fd=6 wasi_errno=0 bytes=204 source=172.18.0.3:7400
[SEDP-HB-RUN69] host_utc=2026-09-28T11:13:59.428+00:00 host_mono_ns=2353058618625383 phase=checkpoint container_pid=14 [CR-RERUN-20260927] WASI_SOCKET event=sock_send_to_return wasi_fd=6 wasi_errno=0 bytes=204
[SEDP-HB-RUN69] host_utc=2026-09-28T11:13:59.428+00:00 host_mono_ns=2353058618633599 phase=checkpoint container_pid=14 [CR-RERUN-20260927] WASI_SOCKET event=sock_recv_from_enter wasi_fd=6 iovecs=1 capacity=65535 flags=0
[SEDP-HB-RUN69] host_utc=2026-09-28T11:13:59.428+00:00 host_mono_ns=2353058618641875 phase=checkpoint container_pid=14 [CR-RERUN-20260927] WASI_SOCKET event=sock_send_to_enter wasi_fd=9 bytes=100 flags=0 destination=172.18.0.5:7411
[SEDP-HB-RUN69] host_utc=2026-09-28T11:13:59.428+00:00 host_mono_ns=2353058618650120 phase=checkpoint container_pid=14 [CR-RERUN-20260927] WASI_SOCKET event=sock_send_to_return wasi_fd=9 wasi_errno=0 bytes=100
[SEDP-HB-RUN69] host_utc=2026-09-28T11:13:59.428+00:00 host_mono_ns=2353058618658406 phase=checkpoint container_pid=14 [CR-RERUN-20260927] WASI_SOCKET event=sock_recv_from_return wasi_fd=9 wasi_errno=0 bytes=100 source=172.18.0.5:7411
[SEDP-HB-RUN69] host_utc=2026-09-28T11:13:59.428+00:00 host_mono_ns=2353058618666621 phase=checkpoint container_pid=14 [CR-RERUN-20260927] WASI_SOCKET event=sock_recv_from_enter wasi_fd=9 iovecs=1 capacity=65535 flags=0
[SEDP-HB-RUN69] host_utc=2026-09-28T11:14:00.369+00:00 host_mono_ns=2353059559363598 phase=checkpoint container_pid=14 [CR-RERUN-20260927] WASI_SOCKET event=sock_recv_from_ : 00000006.234 : [MROS2LIB] message get [callback_handler] msg_sn_high: 0 msg_sn_low: 3
[SEDP-HB-RUN69] host_utc=2026-09-28T11:14:00.369+00:00 host_mono_ns=2353059559441916 phase=checkpoint container_pid=14 [CR-RERUN-20260927] RTPS_DATA_DELIVERY result=newChange kind=user sequence=0:3
[SEDP-HB-RUN69] host_utc=2026-09-28T11:14:00.369+00:00 host_mono_ns=2353059559465891 phase=checkpoint container_pid=14 [CR-RERUN-20260927] APP callback topic=/to_stm id=6 payload='Hello from mros2-posix onto Linux: 6'
[SEDP-HB-RUN69] host_utc=2026-09-28T11:14:00.369+00:00 host_mono_ns=2353059559479597 phase=checkpoint container_pid=14 LOG_NOTICE : 00000006.291 : [DEBUG-CR-RX-20260924] udp.recvfrom succeeded: mcp=0xdbeddc sd=6 local_port=7400 len=204 peer=ac120005:7400
[SEDP-HB-RUN69] host_utc=2026-09-28T11:14:00.369+00:00 host_mono_ns=2353059559493523 phase=checkpoint container_pid=14 [CR-RERUN-20260927] RTPS_DATA parse=ok source_prefix=f75b907a613af145ede21c00 reader_id=000100c7 writer_id=000100c2 sequence=0:1 payload_bytes=148 reader_found=1
[SEDP-HB-RUN69] host_utc=2026-09-28T11:14:00.369+00:00 host_mono_ns=2353059559507991 phase=checkpoint container_pid=14 [CR-RERUN-20260927] RTPS_DATA_DELIVERY result=newChange kind=user sequence=0:1
[SEDP-HB-RUN69] host_utc=2026-09-28T11:14:00.369+00:00 host_mono_ns=2353059559522428 phase=checkpoint container_pid=14 LOG_NOTICE : 00000007.139 : [DEBUG-CR-RX-20260924] udp.recvfrom succeeded: mcp=0xdbeddc sd=6 local_port=7400 len=204 peer=ac120003:7400
[SEDP-HB-RUN69] host_utc=2026-09-28T11:14:00.369+00:00 host_mono_ns=2353059559536444 phase=checkpoint container_pid=14 [CR-RERUN-20260927] APP publish_begin topic=/to_linux id=7 payload='Hello from mros2-posix onto Linux: 7'
[SEDP-HB-RUN69] host_utc=2026-09-28T11:14:00.369+00:00 host_mono_ns=2353059559550651 phase=checkpoint container_pid=14 [CR-RERUN-20260927] APP publish_return topic=/to_linux id=7
[SEDP-HB-RUN69] host_utc=2026-09-28T11:14:00.431+00:00 host_mono_ns=2353059621791286 phase=checkpoint container_pid=14 LOG_NOTICE : 00000007.232 : [DEBUG-CR-RX-20260924] udp.recvfrom succeeded: mcp=0xdbedf8 sd=9 local_port=7411 len=100 peer=ac120005:7411
[SEDP-HB-RUN69] host_utc=2026-09-28T11:14:00.431+00:00 host_mono_ns=2353059621821744 phase=checkpoint container_pid=14 [CR-RERUN-20260927] RTPS_DATA parse=ok source_prefix=f75b907a613af145ede21c00 reader_id=00000204 writer_id=00000103 sequence=0:4 payload_bytes=44 reader_found=1
[SEDP-HB-RUN69] host_utc=2026-09-28T11:14:00.431+00:00 host_mono_ns=2353059621833215 phase=checkpoint container_pid=14 LOG_DEBUG : 00000007.235 : [MROS2LIB] message get [callback_handler] msg_sn_high: 0 msg_sn_low: 4
[SEDP-HB-RUN69] host_utc=2026-09-28T11:14:00.431+00:00 host_mono_ns=2353059621842964 phase=checkpoint container_pid=14 [CR-RERUN-20260927] RTPS_DATA_DELIVERY result=newChange kind=user sequence=0:4
[SEDP-HB-RUN69] host_utc=2026-09-28T11:14:00.431+00:00 host_mono_ns=2353059621851660 phase=checkpoint container_pid=14 [CR-RERUN-20260927] APP callback topic=/to_stm id=7 payload='Hello from mros2-posix onto Linux: 7'
[SEDP-HB-RUN69] host_utc=2026-09-28T11:14:00.431+00:00 host_mono_ns=2353059621860086 phase=checkpoint container_pid=14 LOG_NOTICE : 00000007.291 : [DEBUG-CR-RX-20260924] udp.recvfrom succeeded: mcp=0xdbee14 sd=10 local_port=7410 len=52 peer=ac120005:7410
[SEDP-HB-RUN69] host_utc=2026-09-28T11:14:00.431+00:00 host_mono_ns=2353059621868682 phase=checkpoint container_pid=14 LOG_NOTICE : 00000007.291 : [DEBUG-CR-RX-20260924] udp.recvfrom succeeded: mcp=0xdbee14 sd=10 local_port=7410 len=52 peer=ac120005:7410
[SEDP-HB-RUN69] host_utc=2026-09-28T11:14:00.431+00:00 host_mono_ns=2353059621877168 phase=checkpoint container_pid=14 LOG_NOTICE : 00000007.292 : [DEBUG-CR-RX-20260924] udp.recvfrom succeeded: mcp=0xdbeddc sd=6 local_port=7400 len=204 peer=ac120005:7400
[SEDP-HB-RUN69] host_utc=2026-09-28T11:14:01.261+00:00 host_mono_ns=2353060451466358 phase=checkpoint container_pid=14 [CR-RERUN-20260927] RTPS_DATA parse=ok source_prefix=f75b907a613af145ede21c00 reader_id=000100c7 writer_id=000100c2 sequence=0:1 payload_bytes=148 reader_found=1
[SEDP-HB-RUN69] host_utc=2026-09-28T11:14:01.261+00:00 host_mono_ns=2353060451525269 phase=checkpoint container_pid=14 [CR-RERUN-20260927] RTPS_DATA_DELIVERY result=newChange kind=user sequence=0:1
[SEDP-HB-RUN69] host_utc=2026-09-28T11:14:01.261+00:00 host_mono_ns=2353060451544926 phase=checkpoint container_pid=14 [SEDP-HB] seq=39 mono_ns=2353060450644515 event=heartbeat_loop_tick writer=sedp_publications running=1 proxies_empty=0
[SEDP-HB-RUN69] host_utc=2026-09-28T11:14:01.261+00:00 host_mono_ns=2353060451556869 phase=checkpoint container_pid=14 [SEDP-HB] seq=40 mono_ns=2353060450659243 event=heartbeat_loop_tick writer=sedp_subscriptions running=1 proxies_empty=0
[SEDP-HB-RUN69] host_utc=2026-09-28T11:14:01.261+00:00 host_mono_ns=2353060451989406 phase=checkpoint container_pid=14 [DISCOVERY_PROBE] event=heartbeat_tick writer=sedp_publications proxies_empty=0
[SEDP-HB-RUN69] host_utc=2026-09-28T11:14:01.261+00:00 host_mono_ns=2353060452064087 phase=checkpoint container_pid=14 [DISCOVERY_PROBE] event=heartbeat_tick writer=sedp_subscriptions proxies_empty=0
[SEDP-HB-RUN69] host_utc=2026-09-28T11:14:01.261+00:00 host_mono_ns=2353060452077482 phase=checkpoint container_pid=14 [SEDP-HB] seq=41 mono_ns=2353060451251281 event=heartbeat_enter writer=sedp_publications proxies_empty=0
[SEDP-HB-RUN69] host_utc=2026-09-28T11:14:01.261+00:00 host_mono_ns=2353060452089234 phase=checkpoint container_pid=14 [SEDP-HB] seq=42 mono_ns=2353060451340881 event=heartbeat_enter writer=sedp_subscriptions proxies_empty=0
[SEDP-HB-RUN69] host_utc=2026-09-28T11:14:01.262+00:00 host_mono_ns=2353060452574070 phase=checkpoint container_pid=14 [DISCOVERY_PROBE] event=heartbeat_send writer=sedp_subscriptions first=0:1 last=0:1 dst_port=7410
[SEDP-HB-RUN69] host_utc=2026-09-28T11:14:01.262+00:00 host_mono_ns=2353060452597795 phase=checkpoint container_pid=14 [DISCOVERY_PROBE] event=heartbeat_send writer=sedp_publications first=0:1 last=0:1 dst_port=7410
[SEDP-HB-RUN69] host_utc=2026-09-28T11:14:01.262+00:00 host_mono_ns=2353060452610429 phase=checkpoint container_pid=14 [SEDP-HB] seq=43 mono_ns=2353060452028469 event=heartbeat_transport_before writer=sedp_subscriptions first=0:1 last=0:1 count=2 dst_port=7410
[SEDP-HB-RUN69] host_utc=2026-09-28T11:14:01.262+00:00 host_mono_ns=2353060452629415 phase=checkpoint container_pid=14 [SEDP-HB] seq=44 mono_ns=2353060452161611 event=heartbeat_transport_before writer=sedp_publications first=0:1 last=0:1 count=2 dst_port=7410
[SEDP-HB-RUN69] host_utc=2026-09-28T11:14:01.263+00:00 host_mono_ns=2353060453241882 phase=checkpoint container_pid=14 [SEDP-HB] seq=45 mono_ns=2353060452481856 event=heartbeat_transport_after writer=sedp_subscriptions first=0:1 last=0:1 count=2 dst_port=7410
[SEDP-HB-RUN69] host_utc=2026-09-28T11:14:01.263+00:00 host_mono_ns=2353060453270005 phase=checkpoint container_pid=14 LOG_NOTICE : 00000008.126 : [SEDP-HB] seq=46 mono_ns=2353060452636618 event=heartbeat_transport_after writer=sedp_publications first=0:1 last=0:1 count=2 dst_port=7410
[SEDP-HB-RUN69] host_utc=2026-09-28T11:14:01.264+00:00 host_mono_ns=2353060454507102 phase=checkpoint container_pid=14 [DEBUG-CR-RX-20260924] udp.recvfrom succeeded: mcp=0xdbee14 sd=10 local_port=7410 len=48 peer=ac120005:7410
[SEDP-HB-RUN69] host_utc=2026-09-28T11:14:01.264+00:00 host_mono_ns=2353060454544804 phase=checkpoint container_pid=14 LOG_NOTICE : 00000008.127 : [DEBUG-CR-RX-20260924] udp.recvfrom succeeded: mcp=0xdbee14 sd=10 local_port=7410 len=48 peer=ac120005:7410
[SEDP-HB-RUN69] host_utc=2026-09-28T11:14:01.264+00:00 host_mono_ns=2353060454558570 phase=checkpoint container_pid=14 [SEDP-HB] seq=47 mono_ns=2353060453637219 event=acknack_received writer=sedp_subscriptions source_prefix=f75b907a613af145ede21c00 reader_id=000004:c7 base=0:2 num_bits=0 count=2
[SEDP-HB-RUN69] host_utc=2026-09-28T11:14:01.264+00:00 host_mono_ns=2353060454692422 phase=checkpoint container_pid=14 [SEDP-HB] seq=48 mono_ns=2353060454270365 event=acknack_dispatch writer=sedp_subscriptions writer_found=1
[SEDP-HB-RUN69] host_utc=2026-09-28T11:14:01.264+00:00 host_mono_ns=2353060455076458 phase=checkpoint container_pid=14 [SEDP-HB] seq=49 mono_ns=2353060454569340 event=on_acknack_enter writer=sedp_subscriptions base=0:2 num_bits=0 count=2
[SEDP-HB-RUN69] host_utc=2026-09-28T11:14:01.265+00:00 host_mono_ns=2353060455372357 phase=checkpoint container_pid=14 [SEDP-HB] seq=50 mono_ns=2353060454927356 event=acknack_proxy_matched writer=sedp_subscriptions previous_count=1 incoming_count=2
[SEDP-HB-RUN69] host_utc=2026-09-28T11:14:01.266+00:00 host_mono_ns=2353060456199379 phase=checkpoint container_pid=14 [SEDP-HB] seq=51 mono_ns=2353060455564430 event=acknack_received writer=sedp_publications source_prefix=f75b907a613af145ede21c00 reader_id=000003:c7 base=0:2 num_bits=0 count=2
[SEDP-HB-RUN69] host_utc=2026-09-28T11:14:01.266+00:00 host_mono_ns=2353060456441807 phase=checkpoint container_pid=14 [SEDP-HB] seq=52 mono_ns=2353060456043354 event=acknack_dispatch writer=sedp_publications writer_found=1
[SEDP-HB-RUN69] host_utc=2026-09-28T11:14:01.266+00:00 host_mono_ns=2353060456782331 phase=checkpoint container_pid=14 [SEDP-HB] seq=53 mono_ns=2353060456327431 event=on_acknack_enter writer=sedp_publications base=0:2 num_bits=0 count=2
[SEDP-HB-RUN69] host_utc=2026-09-28T11:14:01.266+00:00 host_mono_ns=2353060457065946 phase=checkpoint container_pid=14 [SEDP-HB] seq=54 mono_ns=2353060456680568 event=acknack_proxy_matched writer=sedp_publications previous_count=1 incoming_count=2
[SEDP-HB-RUN69] host_utc=2026-09-28T11:14:01.429+00:00 host_mono_ns=2353060619924272 phase=checkpoint container_pid=14 LOG_NOTICE : 00000008.139 : [DEBUG-CR-RX-20260924] udp.recvfrom succeeded: mcp=0xdbeddc sd=6 local_port=7400 len=204 peer=ac120003:7400
[SEDP-HB-RUN69] host_utc=2026-09-28T11:14:01.429+00:00 host_mono_ns=2353060619964407 phase=checkpoint container_pid=14 [CR-RERUN-20260927] APP publish_begin topic=/to_linux id=8 payload='Hello from mros2-posix onto Linux: 8'
[SEDP-HB-RUN69] host_utc=2026-09-28T11:14:01.429+00:00 host_mono_ns=2353060619980398 phase=checkpoint container_pid=14 [CR-RERUN-20260927] APP publish_return topic=/to_linux id=8
[SEDP-HB-RUN69] host_utc=2026-09-28T11:14:01.429+00:00 host_mono_ns=2353060619994394 phase=checkpoint container_pid=14 LOG_NOTICE : 00000008.233 : [DEBUG-CR-RX-20260924] udp.recvfrom succeeded: mcp=0xdbedf8 sd=9 local_port=7411 len=100 peer=ac120005:7411
[SEDP-HB-RUN69] host_utc=2026-09-28T11:14:01.429+00:00 host_mono_ns=2353060620025443 phase=checkpoint container_pid=14 [CR-RERUN-20260927] RTPS_DATA parse=ok source_prefix=f75b907a613af145ede21c00 reader_id=00000204 writer_id=00000103 sequence=0:5 payload_bytes=44 reader_found=1
[SEDP-HB-RUN69] host_utc=2026-09-28T11:14:01.429+00:00 host_mono_ns=2353060620045741 phase=checkpoint container_pid=14 LOG_DEBUG : 00000008.236 : [MROS2LIB] message get [callback_handler] msg_sn_high: 0 msg_sn_low: 5
[SEDP-HB-RUN69] host_utc=2026-09-28T11:14:01.429+00:00 host_mono_ns=2353060620057383 phase=checkpoint container_pid=14 [CR-RERUN-20260927] RTPS_DATA_DELIVERY result=newChange kind=user sequence=0:5
[SEDP-HB-RUN69] host_utc=2026-09-28T11:14:01.429+00:00 host_mono_ns=2353060620068544 phase=checkpoint container_pid=14 [CR-RERUN-20260927] APP callback topic=/to_stm id=8 payload='Hello from mros2-posix onto Linux: 8'
[SEDP-HB-RUN69] host_utc=2026-09-28T11:14:01.429+00:00 host_mono_ns=2353060620079335 phase=checkpoint container_pid=14 LOG_NOTICE : 00000008.292 : [DEBUG-CR-RX-20260924] udp.recvfrom succeeded: mcp=0xdbeddc sd=6 local_port=7400 len=204 peer=ac120005:7400
[SEDP-HB-RUN69] host_utc=2026-09-28T11:14:02.276+00:00 host_mono_ns=2353061466930923 phase=checkpoint container_pid=14 [CR-RERUN-20260927] RTPS_DATA parse=ok source_prefix=return wasi_fd=6 wasi_errno=0 bytes=204 source=172.18.0.5:7400
[SEDP-HB-RUN69] host_utc=2026-09-28T11:14:02.276+00:00 host_mono_ns=2353061466985496 phase=checkpoint container_pid=14 [CR-RERUN-20260927] WASI_SOCKET event=sock_recv_from_enter wasi_fd=6 iovecs=1 capacity=65535 flags=0
[SEDP-HB-RUN69] host_utc=2026-09-28T11:14:02.276+00:00 host_mono_ns=2353061466998430 phase=checkpoint container_pid=14 [CR-RERUN-20260927] WASI_SOCKET event=sock_send_to_enter wasi_fd=6 bytes=204 flags=0 destination=239.255.0.1:7400
[SEDP-HB-RUN69] host_utc=2026-09-28T11:14:02.276+00:00 host_mono_ns=2353061467051160 phase=checkpoint container_pid=14 [CR-RERUN-20260927] WASI_SOCKET event=sock_recv_from_return wasi_fd=6 wasi_errno=0 bytes=204 source=172.18.0.3:7400
[SEDP-HB-RUN69] host_utc=2026-09-28T11:14:02.276+00:00 host_mono_ns=2353061467062622 phase=checkpoint container_pid=14 [CR-RERUN-20260927] WASI_SOCKET event=sock_send_to_return wasi_fd=6 wasi_errno=0 bytes=204
[SEDP-HB-RUN69] host_utc=2026-09-28T11:14:02.276+00:00 host_mono_ns=2353061467073472 phase=checkpoint container_pid=14 [CR-RERUN-20260927] WASI_SOCKET event=sock_recv_from_enter wasi_fd=6 iovecs=1 capacity=65535 flags=0
[SEDP-HB-RUN69] host_utc=2026-09-28T11:14:02.276+00:00 host_mono_ns=2353061467084292 phase=checkpoint container_pid=14 [CR-RERUN-20260927] WASI_SOCKET event=sock_send_to_enter wasi_fd=9 bytes=100 flags=0 destination=172.18.0.5:7411
[SEDP-HB-RUN69] host_utc=2026-09-28T11:14:02.276+00:00 host_mono_ns=2353061467094812 phase=checkpoint container_pid=14 [CR-RERUN-20260927] WASI_SOCKET event=sock_send_to_return wasi_fd=9 wasi_errno=0 bytes=100
[SEDP-HB-RUN69] host_utc=2026-09-28T11:14:02.276+00:00 host_mono_ns=2353061467105282 phase=checkpoint container_pid=14 [CR-RERUN-20260927] WASI_SOCKET event=sock_recv_from_return wasi_fd=9 wasi_errno=0 bytes=100 source=172.18.0.5:7411
[SEDP-HB-RUN69] host_utc=2026-09-28T11:14:02.276+00:00 host_mono_ns=2353061467115782 phase=checkpoint container_pid=14 [CR-RERUN-20260927] WASI_SOCKET event=sock_recv_from_enter wasi_fd=9 iovecs=1 capacity=65535 flags=0
[SEDP-HB-RUN69] host_utc=2026-09-28T11:14:02.276+00:00 host_mono_ns=2353061467126292 phase=checkpoint container_pid=14 [CR-RERUN-20260927] WASI_SOCKET event=sock_recv_from_return wasi_fd=10 wasi_errno=0 bytes=52 source=172.18.0.5:7410
[SEDP-HB-RUN69] host_utc=2026-09-28T11:14:02.276+00:00 host_mono_ns=2353061467136782 phase=checkpoint container_pid=14 [CR-RERUN-20260927] WASI_SOCKET event=sock_recv_from_enter wasi_fd=10 iovecs=1 capacity=65535 flags=0
[SEDP-HB-RUN69] host_utc=2026-09-28T11:14:02.276+00:00 host_mono_ns=2353061467147231 phase=checkpoint container_pid=14 [CR-RERUN-20260927] WASI_SOCKET event=sock_recv_from_return wasi_fd=10 wasi_errno=0 bytes=52 source=172.18.0.5:7410
[SEDP-HB-RUN69] host_utc=2026-09-28T11:14:02.276+00:00 host_mono_ns=2353061467157691 phase=checkpoint container_pid=14 [CR-RERUN-20260927] WASI_SOCKET event=sock_recv_from_return wasi_fd=6 wasi_errno=0 bytes=204 source=172.18.0.5:7400
[SEDP-HB-RUN69] host_utc=2026-09-28T11:14:02.277+00:00 host_mono_ns=2353061467168201 phase=checkpoint container_pid=14 [CR-RERUN-20260927] WASI_SOCKET event=sock_send_to_enter wasi_fd=10 bytes=48 flags=0 destination=172.18.0.5:7410
[SEDP-HB-RUN69] host_utc=2026-09-28T11:14:02.277+00:00 host_mono_ns=2353061467178651 phase=checkpoint container_pid=14 [CR-RERUN-20260927] WASI_SOCKET event=sock_send_to_return wasi_fd=10 wasi_errno=0 bytes=48
[SEDP-HB-RUN69] host_utc=2026-09-28T11:14:02.277+00:00 host_mono_ns=2353061467189161 phase=checkpoint container_pid=14 [CR-RERUN-20260927] WASI_SOCKET event=sock_recv_from_enter wasi_fd=10 iovecs=1 capacity=65535 flags=0
[SEDP-HB-RUN69] host_utc=2026-09-28T11:14:02.277+00:00 host_mono_ns=2353061467199741 phase=checkpoint container_pid=14 [CR-RERUN-20260927] WASI_SOCKET event=sock_send_to_enter wasi_fd=10 bytes=48 flags=0 destination=172.18.0.5:7410
[SEDP-HB-RUN69] host_utc=2026-09-28T11:14:02.277+00:00 host_mono_ns=2353061467210331 phase=checkpoint container_pid=14 [CR-RERUN-20260927] WASI_SOCKET event=sock_send_to_return wasi_fd=10 wasi_errno=0 bytes=48
[SEDP-HB-RUN69] host_utc=2026-09-28T11:14:02.277+00:00 host_mono_ns=2353061467220991 phase=checkpoint container_pid=14 [CR-RERUN-20260927] WASI_SOCKET event=sock_recv_from_enter wasi_fd=6 iovecs=1 capacity=65535 flags=0
[SEDP-HB-RUN69] host_utc=2026-09-28T11:14:02.277+00:00 host_mono_ns=2353061467231451 phase=checkpoint container_pid=14 [CR-RERUN-20260927] WASI_SOCKET event=sock_send_to_enter wasi_fd=10 bytes=52 flags=0 destination=172.18.0.5:7410
[SEDP-HB-RUN69] host_utc=2026-09-28T11:14:02.277+00:00 host_mono_ns=2353061467247862 phase=checkpoint container_pid=14 [CR-RERUN-20260927] WASI_SOCKET event=sock_send_to_return wasi_fd=10 wasi_errno=0 bytes=52
[SEDP-HB-RUN69] host_utc=2026-09-28T11:14:02.277+00:00 host_mono_ns=2353061467263561 phase=checkpoint container_pid=14 [CR-RERUN-20260927] WASI_SOCKET event=sock_send_to_enter wasi_fd=10 bytes=52 flags=0 destination=172.18.0.5:7410
[SEDP-HB-RUN69] host_utc=2026-09-28T11:14:02.277+00:00 host_mono_ns=2353061467274121 phase=checkpoint container_pid=14 [CR-RERUN-20260927] WASI_SOCKET event=sock_send_to_return wasi_fd=10 wasi_errno=0 bytes=52
[SEDP-HB-RUN69] host_utc=2026-09-28T11:14:02.277+00:00 host_mono_ns=2353061467284581 phase=checkpoint container_pid=14 [CR-RERUN-20260927] WASI_SOCKET event=sock_recv_from_return wasi_fd=10 wasi_errno=0 bytes=48 source=172.18.0.5:7410
[SEDP-HB-RUN69] host_utc=2026-09-28T11:14:02.277+00:00 host_mono_ns=2353061467295041 phase=checkpoint container_pid=14 [CR-RERUN-20260927] WASI_SOCKET event=sock_recv_from_enter wasi_fd=10 iovecs=1 capacity=65535 flags=0
[SEDP-HB-RUN69] host_utc=2026-09-28T11:14:02.277+00:00 host_mono_ns=2353061467305470 phase=checkpoint container_pid=14 [CR-RERUN-20260927] WASI_SOCKET event=sock_recv_from_return wasi_fd=10 wasi_errno=0 bytes=48 source=172.18.0.5:7410
[SEDP-HB-RUN69] host_utc=2026-09-28T11:14:02.277+00:00 host_mono_ns=2353061467315970 phase=checkpoint container_pid=14 [CR-RERUN-20260927] WASI_SOCKET event=sock_recv_from_enter wasi_fd=10 iovecs=1 capacity=65535 flags=0
[SEDP-HB-RUN69] host_utc=2026-09-28T11:14:02.277+00:00 host_mono_ns=2353061467326460 phase=checkpoint container_pid=14 [CR-RERUN-20260927] WASI_SOCKET event=sock_send_to_enter wasi_fd=6 bytes=204 flags=0 destination=239.255.0.1:7400
[SEDP-HB-RUN69] host_utc=2026-09-28T11:14:02.277+00:00 host_mono_ns=2353061467336990 phase=checkpoint container_pid=14 [CR-RERUN-20260927] WASI_SOCKET event=sock_recv_from_return wasi_fd=6 wasi_errno=0 bytes=204 source=172.18.0.3:7400
[SEDP-HB-RUN69] host_utc=2026-09-28T11:14:02.277+00:00 host_mono_ns=2353061467347520 phase=checkpoint container_pid=14 [CR-RERUN-20260927] WASI_SOCKET event=sock_send_to_return wasi_fd=6 wasi_errno=0 bytes=204
[SEDP-HB-RUN69] host_utc=2026-09-28T11:14:02.277+00:00 host_mono_ns=2353061467358030 phase=checkpoint container_pid=14 [CR-RERUN-20260927] WASI_SOCKET event=sock_recv_from_enter wasi_fd=6 iovecs=1 capacity=65535 flags=0
[SEDP-HB-RUN69] host_utc=2026-09-28T11:14:02.277+00:00 host_mono_ns=2353061467368540 phase=checkpoint container_pid=14 [CR-RERUN-20260927] WASI_SOCKET event=sock_send_to_enter wasi_fd=9 bytes=100 flags=0 destination=172.18.0.5:7411
[SEDP-HB-RUN69] host_utc=2026-09-28T11:14:02.277+00:00 host_mono_ns=2353061467379019 phase=checkpoint container_pid=14 [CR-RERUN-20260927] WASI_SOCKET event=sock_send_to_return wasi_fd=9 wasi_errno=0 bytes=100
[SEDP-HB-RUN69] host_utc=2026-09-28T11:14:02.277+00:00 host_mono_ns=2353061467389509 phase=checkpoint container_pid=14 [CR-RERUN-20260927] WASI_SOCKET event=sock_recv_from_return wasi_fd=9 wasi_errno=0 bytes=100 source=172.18.0.5:7411
[SEDP-HB-RUN69] host_utc=2026-09-28T11:14:02.277+00:00 host_mono_ns=2353061467399999 phase=checkpoint container_pid=14 [CR-RERUN-20260927] WASI_SOCKET event=sock_recv_from_enter wasi_fd=9 iovecs=1 capacity=65535 flags=0
[SEDP-HB-RUN69] host_utc=2026-09-28T11:14:02.277+00:00 host_mono_ns=2353061467410489 phase=checkpoint container_pid=14 [CR-RERUN-20260927] WASI_SOCKET event=sock_recv_from_return wasi_fd=6 wasi_errno=0 bytes=204 source=172.18.0.5:7400
[SEDP-HB-RUN69] host_utc=2026-09-28T11:14:02.277+00:00 host_mono_ns=2353061467421089 phase=checkpoint container_pid=14 [CR-RERUN-20260927] WASI_SOCKET event=sock_recv_from_enter wasi_fd=6 iovecs=1 capacity=65535 flags=0
[SEDP-HB-RUN69] host_utc=2026-09-28T11:14:02.277+00:00 host_mono_ns=2353061467431649 phase=checkpoint container_pid=14 [CR-RERUN-20260927] WASI_SOCKET event=sock_send_to_enter wasi_fd=6 bytes=204 flags=0 destination=239.255.0.1:7400
[SEDP-HB-RUN69] host_utc=2026-09-28T11:14:02.375+00:00 host_mono_ns=2353061565206762 phase=checkpoint container_pid=14 [CR-RERUN-f75b907a613af145ede21c00 reader_id=000100c7 writer_id=000100c2 sequence=0:1 payload_bytes=148 reader_found=1
[SEDP-HB-RUN69] host_utc=2026-09-28T11:14:02.375+00:00 host_mono_ns=2353061565273087 phase=checkpoint container_pid=14 [CR-RERUN-20260927] RTPS_DATA_DELIVERY result=newChange kind=user sequence=0:1
[SEDP-HB-RUN69] host_utc=2026-09-28T11:14:02.375+00:00 host_mono_ns=2353061565287134 phase=checkpoint container_pid=14 LOG_NOTICE : 00000009.140 : [DEBUG-CR-RX-20260924] udp.recvfrom succeeded: mcp=0xdbeddc sd=6 local_port=7400 len=204 peer=ac120003:7400
[SEDP-HB-RUN69] host_utc=2026-09-28T11:14:02.375+00:00 host_mono_ns=2353061565298615 phase=checkpoint container_pid=14 [CR-RERUN-20260927] APP publish_begin topic=/to_linux id=9 payload='Hello from mros2-posix onto Linux: 9'
[SEDP-HB-RUN69] host_utc=2026-09-28T11:14:02.375+00:00 host_mono_ns=2353061565309937 phase=checkpoint container_pid=14 [CR-RERUN-20260927] APP publish_return topic=/to_linux id=9
[SEDP-HB-RUN69] host_utc=2026-09-28T11:14:02.375+00:00 host_mono_ns=2353061565321118 phase=checkpoint container_pid=14 LOG_NOTICE : 00000009.234 : [DEBUG-CR-RX-20260924] udp.recvfrom succeeded: mcp=0xdbedf8 sd=9 local_port=7411 len=100 peer=ac120005:7411
[SEDP-HB-RUN69] host_utc=2026-09-28T11:14:02.375+00:00 host_mono_ns=2353061565331698 phase=checkpoint container_pid=14 [CR-RERUN-20260927] RTPS_DATA parse=ok source_prefix=f75b907a613af145ede21c00 reader_id=00000204 writer_id=00000103 sequence=0:6 payload_bytes=44 reader_found=1
[SEDP-HB-RUN69] host_utc=2026-09-28T11:14:02.375+00:00 host_mono_ns=2353061565343300 phase=checkpoint container_pid=14 LOG_DEBUG : 00000009.237 : [MROS2LIB] message get [callback_handler] msg_sn_high: 0 msg_sn_low: 6
[SEDP-HB-RUN69] host_utc=2026-09-28T11:14:02.375+00:00 host_mono_ns=2353061565353990 phase=checkpoint container_pid=14 [CR-RERUN-20260927] RTPS_DATA_DELIVERY result=newChange kind=user sequence=0:6
[SEDP-HB-RUN69] host_utc=2026-09-28T11:14:03.375+00:00 host_mono_ns=2353062565538193 phase=checkpoint container_pid=14 [CR-RERUN-20260927] APP callback topic=/to_stm id=9 payload='Hello from mros2-posix onto Linux: 9'
[SEDP-HB-RUN69] host_utc=2026-09-28T11:14:03.375+00:00 host_mono_ns=2353062565607364 phase=checkpoint container_pid=14 LOG_NOTICE : 00000009.292 : [DEBUG-CR-RX-20260924] udp.recvfrom succeeded: mcp=0xdbeddc sd=6 local_port=7400 len=204 peer=ac120005:7400
[SEDP-HB-RUN69] host_utc=2026-09-28T11:14:03.375+00:00 host_mono_ns=2353062565629386 phase=checkpoint container_pid=14 [CR-RERUN-20260927] RTPS_DATA parse=ok source_prefix=f75b907a613af145ede21c00 reader_id=000100c7 writer_id=000100c2 sequence=0:1 payload_bytes=148 reader_found=1
[SEDP-HB-RUN69] host_utc=2026-09-28T11:14:03.375+00:00 host_mono_ns=2353062565650345 phase=checkpoint container_pid=14 [CR-RERUN-20260927] RTPS_DATA_DELIVERY result=newChange kind=user sequence=0:1
[SEDP-HB-RUN69] host_utc=2026-09-28T11:14:03.375+00:00 host_mono_ns=2353062565670754 phase=checkpoint container_pid=14 LOG_NOTICE : 00000010.140 : [DEBUG-CR-RX-20260924] udp.recvfrom succeeded: mcp=0xdbeddc sd=6 local_port=7400 len=204 peer=ac120003:7400
[SEDP-HB-RUN69] host_utc=2026-09-28T11:14:03.375+00:00 host_mono_ns=2353062565690311 phase=checkpoint container_pid=14 [CR-RERUN-20260927] APP publish_begin topic=/to_linux id=10 payload='Hello from mros2-posix onto Linux: 10'
[SEDP-HB-RUN69] host_utc=2026-09-28T11:14:03.375+00:00 host_mono_ns=2353062565709457 phase=checkpoint container_pid=14 [CR-RERUN-20260927] APP publish_return topic=/to_linux id=10
[SEDP-HB-RUN69] host_utc=2026-09-28T11:14:03.375+00:00 host_mono_ns=2353062565728212 phase=checkpoint container_pid=14 LOG_NOTICE : 00000010.235 : [DEBUG-CR-RX-20260924] udp.recvfrom succeeded: mcp=0xdbedf8 sd=9 local_port=7411 len=104 peer=ac120005:7411
[SEDP-HB-RUN69] host_utc=2026-09-28T11:14:03.375+00:00 host_mono_ns=2353062565746256 phase=checkpoint container_pid=14 [CR-RERUN-20260927] RTPS_DATA parse=ok source_prefix=f75b907a613af145ede21c00 reader_id=00000204 writer_id=00000103 sequence=0:7 payload_bytes=48 reader_found=1
[SEDP-HB-RUN69] host_utc=2026-09-28T11:14:04.373+00:00 host_mono_ns=2353063563380082 phase=checkpoint container_pid=14 LOG_DEBUG : 00000010.238 : [MROS2LIB] message get [callback_handler] msg_sn_high: 0 msg_sn_low: 7
[SEDP-HB-RUN69] host_utc=2026-09-28T11:14:04.373+00:00 host_mono_ns=2353063563430307 phase=checkpoint container_pid=14 [CR-RERUN-20260927] RTPS_DATA_DELIVERY result=newChange kind=user sequence=0:7
[SEDP-HB-RUN69] host_utc=2026-09-28T11:14:04.373+00:00 host_mono_ns=2353063563443903 phase=checkpoint container_pid=14 [CR-RERUN-20260927] APP callback topic=/to_stm id=10 payload='Hello from mros2-posix onto Linux: 10'
[SEDP-HB-RUN69] host_utc=2026-09-28T11:14:04.373+00:00 host_mono_ns=2353063563454914 phase=checkpoint container_pid=14 LOG_NOTICE : 00000010.293 : [DEBUG-CR-RX-20260924] udp.recvfrom succeeded: mcp=0xdbeddc sd=6 local_port=7400 len=204 peer=ac120005:7400
[SEDP-HB-RUN69] host_utc=2026-09-28T11:14:04.373+00:00 host_mono_ns=2353063563466666 phase=checkpoint container_pid=14 [CR-RERUN-20260927] RTPS_DATA parse=ok source_prefix=f75b907a613af145ede21c00 reader_id=000100c7 writer_id=000100c2 sequence=0:1 payload_bytes=148 reader_found=1
[SEDP-HB-RUN69] host_utc=2026-09-28T11:14:04.373+00:00 host_mono_ns=2353063563478168 phase=checkpoint container_pid=14 [CR-RERUN-20260927] RTPS_DATA_DELIVERY result=newChange kind=user sequence=0:1
[SEDP-HB-RUN69] host_utc=2026-09-28T11:14:04.373+00:00 host_mono_ns=2353063563488908 phase=checkpoint container_pid=14 LOG_NOTICE : 00000011.141 : [DEBUG-CR-RX-20260924] udp.recvfrom succeeded: mcp=0xdbeddc sd=6 local_port=7400 len=204 peer=ac120003:7400
[SEDP-HB-RUN69] host_utc=2026-09-28T11:14:04.373+00:00 host_mono_ns=2353063563499598 phase=checkpoint container_pid=14 [CR-RERUN-20260927] APP publish_begin topic=/to_linux id=11 payload='Hello from mros2-posix onto Linux: 11'
[SEDP-HB-RUN69] host_utc=2026-09-28T11:14:04.373+00:00 host_mono_ns=2353063563510619 phase=checkpoint container_pid=14 [CR-RERUN-20260927] APP publish_return topic=/to_linux id=11
[SEDP-HB-RUN69] host_utc=2026-09-28T11:14:04.433+00:00 host_mono_ns=2353063623330795 phase=checkpoint container_pid=14 LOG_NOTICE : 00000011.236 : [DEBUG-CR-RX-20260924] udp.recvfrom succeeded: mcp=0xdbedf8 sd=9 local_port=7411 len=104 peer=ac120005:7411
[SEDP-HB-RUN69] host_utc=2026-09-28T11:14:04.433+00:00 host_mono_ns=2353063623379427 phase=checkpoint container_pid=14 [CR-RERUN-20260927] RTPS_DATA parse=ok source_prefix=f75b907a613af145ede21c00 reader_id=00000204 writer_id=00000103 sequence=0:8 payload_bytes=48 reader_found=1
[SEDP-HB-RUN69] host_utc=2026-09-28T11:14:04.433+00:00 host_mono_ns=2353063623399776 phase=checkpoint container_pid=14 LOG_DEBUG : 00000011.239 : [MROS2LIB] message get [callback_handler] msg_sn_high: 0 msg_sn_low: 8
[SEDP-HB-RUN69] host_utc=2026-09-28T11:14:04.433+00:00 host_mono_ns=2353063623417810 phase=checkpoint container_pid=14 [CR-RERUN-20260927] RTPS_DATA_DELIVERY result=newChange kind=user sequence=0:8
[SEDP-HB-RUN69] host_utc=2026-09-28T11:14:04.433+00:00 host_mono_ns=2353063623434661 phase=checkpoint container_pid=14 [CR-RERUN-20260927] APP callback topic=/to_stm id=11 payload='Hello from mros2-posix onto Linux: 11'
[SEDP-HB-RUN69] host_utc=2026-09-28T11:14:04.433+00:00 host_mono_ns=2353063623451393 phase=checkpoint container_pid=14 LOG_NOTICE : 00000011.291 : [DEBUG-CR-RX-20260924] udp.recvfrom succeeded: mcp=0xdbee14 sd=10 local_port=7410 len=52 peer=ac120005:7410
[SEDP-HB-RUN69] host_utc=2026-09-28T11:14:04.433+00:00 host_mono_ns=2353063623468616 phase=checkpoint container_pid=14 LOG_NOTICE : 00000011.291 : [DEBUG-CR-RX-20260924] udp.recvfrom succeeded: mcp=0xdbee14 sd=10 local_port=7410 len=52 peer=ac120005:7410
[SEDP-HB-RUN69] host_utc=2026-09-28T11:14:04.433+00:00 host_mono_ns=2353063623485447 phase=checkpoint container_pid=14 LOG_NOTICE : 00000011.293 : [DEBUG-CR-RX-20260924] udp.recvfrom succeeded: mcp=0xdbeddc sd=6 local_port=7400 len=204 peer=ac120005:7400
[SEDP-HB-RUN69] host_utc=2026-09-28T11:14:05.265+00:00 host_mono_ns=2353064455357714 phase=checkpoint container_pid=14 [CR-RERUN-20260927] RTPS_DATA parse=ok source_prefix=f75b907a613af145ede21c00 reader_id=000100c7 writer_id=000100c2 sequence=0:1 payload_bytes=148 reader_found=1
[SEDP-HB-RUN69] host_utc=2026-09-28T11:14:05.265+00:00 host_mono_ns=2353064455442184 phase=checkpoint container_pid=14 [CR-RERUN-20260927] RTPS_DATA_DELIVERY result=newChange kind=user sequence=0:1
[SEDP-HB-RUN69] host_utc=2026-09-28T11:14:05.265+00:00 host_mono_ns=2353064455455900 phase=checkpoint container_pid=14 [SEDP-HB] seq=56 mono_ns=2353064454548145 event=heartbeat_loop_tick writer=sedp_publications running=1 proxies_empty=0
[SEDP-HB-RUN69] host_utc=2026-09-28T11:14:05.265+00:00 host_mono_ns=2353064455476448 phase=checkpoint container_pid=14 [SEDP-HB] seq=55 mono_ns=2353064454539548 event=heartbeat_loop_tick writer=sedp_subscriptions running=1 proxies_empty=0
[SEDP-HB-RUN69] host_utc=2026-09-28T11:14:05.265+00:00 host_mono_ns=2353064455685423 phase=checkpoint container_pid=14 [DISCOVERY_PROBE] event=heartbeat_tick writer=sedp_publications proxies_empty=0
[SEDP-HB-RUN69] host_utc=2026-09-28T11:14:05.265+00:00 host_mono_ns=2353064455699921 phase=checkpoint container_pid=14 [DISCOVERY_PROBE] event=heartbeat_tick writer=sedp_subscriptions proxies_empty=0
[SEDP-HB-RUN69] host_utc=2026-09-28T11:14:05.265+00:00 host_mono_ns=2353064455710911 phase=checkpoint container_pid=14 [SEDP-HB] seq=57 mono_ns=2353064455272303 event=heartbeat_enter writer=sedp_publications proxies_empty=0
[SEDP-HB-RUN69] host_utc=2026-09-28T11:14:05.265+00:00 host_mono_ns=2353064456021809 phase=checkpoint container_pid=14 [SEDP-HB] seq=58 mono_ns=2353064455363505 event=heartbeat_enter writer=sedp_subscriptions proxies_empty=0
[SEDP-HB-RUN69] host_utc=2026-09-28T11:14:05.266+00:00 host_mono_ns=2353064456522405 phase=checkpoint container_pid=14 [DISCOVERY_PROBE] event=heartbeat_send writer=sedp_publications first=0:1 last=0:1 dst_port=7410
[SEDP-HB-RUN69] host_utc=2026-09-28T11:14:05.266+00:00 host_mono_ns=2353064456550989 phase=checkpoint container_pid=14 [DISCOVERY_PROBE] event=heartbeat_send writer=sedp_subscriptions first=0:1 last=0:1 dst_port=7410
[SEDP-HB-RUN69] host_utc=2026-09-28T11:14:05.266+00:00 host_mono_ns=2353064456566979 phase=checkpoint container_pid=14 [SEDP-HB] seq=59 mono_ns=2353064455993085 event=heartbeat_transport_before writer=sedp_publications first=0:1 last=0:1 count=3 dst_port=7410
[SEDP-HB-RUN69] host_utc=2026-09-28T11:14:05.266+00:00 host_mono_ns=2353064456712263 phase=checkpoint container_pid=14 20260927] WASI_SOCKET event=sock_recv_from_return wasi_fd=6 wasi_errno=0 bytes=204 source=172.18.0.3:7400
[SEDP-HB-RUN69] host_utc=2026-09-28T11:14:05.266+00:00 host_mono_ns=2353064456733724 phase=checkpoint container_pid=14 [CR-RERUN-20260927] WASI_SOCKET event=sock_send_to_return wasi_fd=6 wasi_errno=0 bytes=204
[SEDP-HB-RUN69] host_utc=2026-09-28T11:14:05.266+00:00 host_mono_ns=2353064456746237 phase=checkpoint container_pid=14 [CR-RERUN-20260927] WASI_SOCKET event=sock_recv_from_enter wasi_fd=6 iovecs=1 capacity=65535 flags=0
[SEDP-HB-RUN69] host_utc=2026-09-28T11:14:05.266+00:00 host_mono_ns=2353064456757288 phase=checkpoint container_pid=14 [CR-RERUN-20260927] WASI_SOCKET event=sock_send_to_enter wasi_fd=9 bytes=100 flags=0 destination=172.18.0.5:7411
[SEDP-HB-RUN69] host_utc=2026-09-28T11:14:05.266+00:00 host_mono_ns=2353064456768089 phase=checkpoint container_pid=14 [CR-RERUN-20260927] WASI_SOCKET event=sock_send_to_return wasi_fd=9 wasi_errno=0 bytes=100
[SEDP-HB-RUN69] host_utc=2026-09-28T11:14:05.266+00:00 host_mono_ns=2353064456778819 phase=checkpoint container_pid=14 [CR-RERUN-20260927] WASI_SOCKET event=sock_recv_from_return wasi_fd=9 wasi_errno=0 bytes=100 source=172.18.0.5:7411
[SEDP-HB-RUN69] host_utc=2026-09-28T11:14:05.266+00:00 host_mono_ns=2353064456789670 phase=checkpoint container_pid=14 [CR-RERUN-20260927] WASI_SOCKET event=sock_recv_from_enter wasi_fd=9 iovecs=1 capacity=65535 flags=0
[SEDP-HB-RUN69] host_utc=2026-09-28T11:14:05.266+00:00 host_mono_ns=2353064456800400 phase=checkpoint container_pid=14 [CR-RERUN-20260927] WASI_SOCKET event=sock_recv_from_return wasi_fd=6 wasi_errno=0 bytes=204 source=172.18.0.5:7400
[SEDP-HB-RUN69] host_utc=2026-09-28T11:14:05.266+00:00 host_mono_ns=2353064456831208 phase=checkpoint container_pid=14 [CR-RERUN-20260927] WASI_SOCKET event=sock_recv_from_enter wasi_fd=6 iovecs=1 capacity=65535 flags=0
[SEDP-HB-RUN69] host_utc=2026-09-28T11:14:05.266+00:00 host_mono_ns=2353064456842099 phase=checkpoint container_pid=14 [CR-RERUN-20260927] WASI_SOCKET event=sock_send_to_enter wasi_fd=6 bytes=204 flags=0 destination=239.255.0.1:7400
[SEDP-HB-RUN69] host_utc=2026-09-28T11:14:05.266+00:00 host_mono_ns=2353064456852879 phase=checkpoint container_pid=14 [CR-RERUN-20260927] WASI_SOCKET event=sock_send_to_return wasi_fd=6 wasi_errno=0 bytes=204
[SEDP-HB-RUN69] host_utc=2026-09-28T11:14:05.266+00:00 host_mono_ns=2353064456863509 phase=checkpoint container_pid=14 [CR-RERUN-20260927] WASI_SOCKET event=sock_recv_from_return wasi_fd=6 wasi_errno=0 bytes=204 source=172.18.0.3:7400
[SEDP-HB-RUN69] host_utc=2026-09-28T11:14:05.266+00:00 host_mono_ns=2353064456874079 phase=checkpoint container_pid=14 [CR-RERUN-20260927] WASI_SOCKET event=sock_recv_from_enter wasi_fd=6 iovecs=1 capacity=65535 flags=0
[SEDP-HB-RUN69] host_utc=2026-09-28T11:14:05.266+00:00 host_mono_ns=2353064456887635 phase=checkpoint container_pid=14 [CR-RERUN-20260927] WASI_SOCKET event=sock_send_to_enter wasi_fd=9 bytes=104 flags=0 destination=172.18.0.5:7411
[SEDP-HB-RUN69] host_utc=2026-09-28T11:14:05.266+00:00 host_mono_ns=2353064456901391 phase=checkpoint container_pid=14 [CR-RERUN-20260927] WASI_SOCKET event=sock_send_to_return wasi_fd=9 wasi_errno=0 bytes=104
[SEDP-HB-RUN69] host_utc=2026-09-28T11:14:05.266+00:00 host_mono_ns=2353064456915728 phase=checkpoint container_pid=14 [CR-RERUN-20260927] WASI_SOCKET event=sock_recv_from_return wasi_fd=9 wasi_errno=0 bytes=104 source=172.18.0.5:7411
[SEDP-HB-RUN69] host_utc=2026-09-28T11:14:05.266+00:00 host_mono_ns=2353064456930035 phase=checkpoint container_pid=14 [CR-RERUN-20260927] WASI_SOCKET event=sock_recv_from_enter wasi_fd=9 iovecs=1 capacity=65535 flags=0
[SEDP-HB-RUN69] host_utc=2026-09-28T11:14:05.266+00:00 host_mono_ns=2353064456943951 phase=checkpoint container_pid=14 [CR-RERUN-20260927] WASI_SOCKET event=sock_recv_from_return wasi_fd=6 wasi_errno=0 bytes=204 source=172.18.0.5:7400
[SEDP-HB-RUN69] host_utc=2026-09-28T11:14:05.266+00:00 host_mono_ns=2353064456957637 phase=checkpoint container_pid=14 [CR-RERUN-20260927] WASI_SOCKET event=sock_recv_from_enter wasi_fd=6 iovecs=1 capacity=65535 flags=0
[SEDP-HB-RUN69] host_utc=2026-09-28T11:14:05.266+00:00 host_mono_ns=2353064456971202 phase=checkpoint container_pid=14 [CR-RERUN-20260927] WASI_SOCKET event=sock_send_to_enter wasi_fd=6 bytes=204 flags=0 destination=239.255.0.1:7400
[SEDP-HB-RUN69] host_utc=2026-09-28T11:14:05.266+00:00 host_mono_ns=2353064456984748 phase=checkpoint container_pid=14 [CR-RERUN-20260927] WASI_SOCKET event=sock_recv_from_return wasi_fd=6 wasi_errno=0 bytes=204 source=172.18.0.3:7400
[SEDP-HB-RUN69] host_utc=2026-09-28T11:14:05.266+00:00 host_mono_ns=2353064456995478 phase=checkpoint container_pid=14 [CR-RERUN-20260927] WASI_SOCKET event=sock_send_to_return wasi_fd=6 wasi_errno=0 bytes=204
[SEDP-HB-RUN69] host_utc=2026-09-28T11:14:05.266+00:00 host_mono_ns=2353064457024493 phase=checkpoint container_pid=14 [CR-RERUN-20260927] WASI_SOCKET event=sock_recv_from_enter wasi_fd=6 iovecs=1 capacity=65535 flags=0
[SEDP-HB-RUN69] host_utc=2026-09-28T11:14:05.266+00:00 host_mono_ns=2353064457038590 phase=checkpoint container_pid=14 [CR-RERUN-20260927] WASI_SOCKET event=sock_send_to_enter wasi_fd=9 bytes=104 flags=0 destination=172.18.0.5:7411
[SEDP-HB-RUN69] host_utc=2026-09-28T11:14:05.266+00:00 host_mono_ns=2353064457049130 phase=checkpoint container_pid=14 [CR-RERUN-20260927] WASI_SOCKET event=sock_send_to_return wasi_fd=9 wasi_errno=0 bytes=104
[SEDP-HB-RUN69] host_utc=2026-09-28T11:14:05.266+00:00 host_mono_ns=2353064457059680 phase=checkpoint container_pid=14 [CR-RERUN-20260927] WASI_SOCKET event=sock_recv_from_return wasi_fd=9 wasi_errno=0 bytes=104 source=172.18.0.5:7411
[SEDP-HB-RUN69] host_utc=2026-09-28T11:14:05.266+00:00 host_mono_ns=2353064457082763 phase=checkpoint container_pid=14 [CR-RERUN-20260927] WASI_SOCKET event=sock_recv_from_enter wasi_fd=9 iovecs=1 capacity=65535 flags=0
[SEDP-HB-RUN69] host_utc=2026-09-28T11:14:05.266+00:00 host_mono_ns=2353064457093293 phase=checkpoint container_pid=14 [CR-RERUN-20260927] WASI_SOCKET event=sock_recv_from_return wasi_fd=10 wasi_errno=0 bytes=52 source=172.18.0.5:7410
[SEDP-HB-RUN69] host_utc=2026-09-28T11:14:05.266+00:00 host_mono_ns=2353064457103883 phase=checkpoint container_pid=14 [CR-RERUN-20260927] WASI_SOCKET event=sock_recv_from_enter wasi_fd=10 iovecs=1 capacity=65535 flags=0
[SEDP-HB-RUN69] host_utc=2026-09-28T11:14:05.266+00:00 host_mono_ns=2353064457114343 phase=checkpoint container_pid=14 [CR-RERUN-20260927] WASI_SOCKET event=sock_recv_from_return wasi_fd=10 wasi_errno=0 bytes=52 source=172.18.0.5:7410
[SEDP-HB-RUN69] host_utc=2026-09-28T11:14:05.266+00:00 host_mono_ns=2353064457124783 phase=checkpoint container_pid=14 [CR-RERUN-20260927] WASI_SOCKET event=sock_send_to_enter wasi_fd=10 bytes=48 flags=0 destination=172.18.0.5:7410
[SEDP-HB-RUN69] host_utc=2026-09-28T11:14:05.266+00:00 host_mono_ns=2353064457135222 phase=checkpoint container_pid=14 [CR-RERUN-20260927] WASI_SOCKET event=sock_send_to_return wasi_fd=10 wasi_errno=0 bytes=48
[SEDP-HB-RUN69] host_utc=2026-09-28T11:14:05.266+00:00 host_mono_ns=2353064457145662 phase=checkpoint container_pid=14 [CR-RERUN-20260927] WASI_SOCKET event=sock_recv_from_enter wasi_fd=10 iovecs=1 capacity=65535 flags=0
[SEDP-HB-RUN69] host_utc=2026-09-28T11:14:05.266+00:00 host_mono_ns=2353064457156012 phase=checkpoint container_pid=14 [CR-RERUN-20260927] WASI_SOCKET event=sock_send_to_enter wasi_fd=10 bytes=48 flags=0 destination=172.18.0.5:7410
[SEDP-HB-RUN69] host_utc=2026-09-28T11:14:05.266+00:00 host_mono_ns=2353064457166431 phase=checkpoint container_pid=14 [CR-RERUN-20260927] WASI_SOCKET event=sock_send_to_return wasi_fd=10 wasi_errno=0 bytes=48
[SEDP-HB-RUN69] host_utc=2026-09-28T11:14:05.267+00:00 host_mono_ns=2353064457176781 phase=checkpoint container_pid=14 [CR-RERUN-20260927] WASI_SOCKET event=sock_recv_from_return wasi_fd=6 wasi_errno=0 bytes=204 source=172.18.0.5:7400
[SEDP-HB-RUN69] host_utc=2026-09-28T11:14:05.267+00:00 host_mono_ns=2353064457187170 phase=checkpoint container_pid=14 [CR-RERUN-20260927] WASI_SOCKET event=sock_recv_from_enter wasi_fd=6 iovecs=1 capacity=65535 flags=0
[SEDP-HB-RUN69] host_utc=2026-09-28T11:14:05.267+00:00 host_mono_ns=2353064457197620 phase=checkpoint container_pid=14 [CR-RERUN-20260927] WASI_SOCKET event=sock_send_to_enter wasi_fd=10 bytes=52 flags=0 destination=172.18.0.5:7410
[SEDP-HB-RUN69] host_utc=2026-09-28T11:14:05.267+00:00 host_mono_ns=2353064457208170 phase=checkpoint container_pid=14 [CR-RERUN-20260927] WASI_SOCKET event=sock_send_to_return wasi_fd=10 wasi_errno=0 b[SEDP-HB] seq=60 mono_ns=2353064456195056 event=heartbeat_transport_before writer=sedp_subscriptions first=0:1 last=0:1 count=3 dst_port=7410
[SEDP-HB-RUN69] host_utc=2026-09-28T11:14:05.267+00:00 host_mono_ns=2353064457228529 phase=checkpoint container_pid=14 [SEDP-HB] seq=61 mono_ns=2353064456480636 event=heartbeat_transport_after writer=sedp_publications first=0:1 last=0:1 count=3 dst_port=7410
[SEDP-HB-RUN69] host_utc=2026-09-28T11:14:05.267+00:00 host_mono_ns=2353064457362261 phase=checkpoint container_pid=14 LOG_NOTICE : 00000012.130 : [SEDP-HB] seq=62 mono_ns=2353064456675604 event=heartbeat_transport_after writer=sedp_subscriptions first=0:1 last=0:1 count=3 dst_port=7410
[SEDP-HB-RUN69] host_utc=2026-09-28T11:14:05.268+00:00 host_mono_ns=2353064458397427 phase=checkpoint container_pid=14 [DEBUG-CR-RX-20260924] udp.recvfrom succeeded: mcp=0xdbee14 sd=10 local_port=7410 len=48 peer=ac120005:7410
[SEDP-HB-RUN69] host_utc=2026-09-28T11:14:05.268+00:00 host_mono_ns=2353064458457240 phase=checkpoint container_pid=14 LOG_NOTICE : 00000012.131 : [DEBUG-CR-RX-20260924] udp.recvfrom succeeded: mcp=0xdbee14 sd=10 local_port=7410 len=48 peer=ac120005:7410
[SEDP-HB-RUN69] host_utc=2026-09-28T11:14:05.268+00:00 host_mono_ns=2353064458497266 phase=checkpoint container_pid=14 [SEDP-HB] seq=63 mono_ns=2353064457607334 event=acknack_received writer=sedp_publications source_prefix=f75b907a613af145ede21c00 reader_id=000003:c7 base=0:2 num_bits=0 count=3
[SEDP-HB-RUN69] host_utc=2026-09-28T11:14:05.268+00:00 host_mono_ns=2353064458525930 phase=checkpoint container_pid=14 [SEDP-HB] seq=64 mono_ns=2353064458125153 event=acknack_dispatch writer=sedp_publications writer_found=1
[SEDP-HB-RUN69] host_utc=2026-09-28T11:14:05.268+00:00 host_mono_ns=2353064458928330 phase=checkpoint container_pid=14 [SEDP-HB] seq=65 mono_ns=2353064458421472 event=on_acknack_enter writer=sedp_publications base=0:2 num_bits=0 count=3
[SEDP-HB-RUN69] host_utc=2026-09-28T11:14:05.269+00:00 host_mono_ns=2353064459234268 phase=checkpoint container_pid=14 [SEDP-HB] seq=66 mono_ns=2353064458780210 event=acknack_proxy_matched writer=sedp_publications previous_count=2 incoming_count=3
[SEDP-HB-RUN69] host_utc=2026-09-28T11:14:05.269+00:00 host_mono_ns=2353064460052744 phase=checkpoint container_pid=14 [SEDP-HB] seq=67 mono_ns=2353064459423676 event=acknack_received writer=sedp_subscriptions source_prefix=f75b907a613af145ede21c00 reader_id=000004:c7 base=0:2 num_bits=0 count=3
[SEDP-HB-RUN69] host_utc=2026-09-28T11:14:05.270+00:00 host_mono_ns=2353064460348894 phase=checkpoint container_pid=14 [SEDP-HB] seq=68 mono_ns=2353064459898663 event=acknack_dispatch writer=sedp_subscriptions writer_found=1
[SEDP-HB-RUN69] host_utc=2026-09-28T11:14:05.270+00:00 host_mono_ns=2353064460697843 phase=checkpoint container_pid=14 [SEDP-HB] seq=69 mono_ns=2353064460193100 event=on_acknack_enter writer=sedp_subscriptions base=0:2 num_bits=0 count=3
[SEDP-HB-RUN69] host_utc=2026-09-28T11:14:05.270+00:00 host_mono_ns=2353064460985407 phase=checkpoint container_pid=14 [SEDP-HB] seq=70 mono_ns=2353064460547189 event=acknack_proxy_matched writer=sedp_subscriptions previous_count=2 incoming_count=3
[SEDP-HB-RUN69] host_utc=2026-09-28T11:14:05.430+00:00 host_mono_ns=2353064620730039 phase=checkpoint container_pid=14 LOG_NOTICE : 00000012.142 : [DEBUG-CR-RX-20260924] udp.recvfrom succeeded: mcp=0xdbeddc sd=6 local_port=7400 len=204 peer=ac120003:7400
[SEDP-HB-RUN69] host_utc=2026-09-28T11:14:05.430+00:00 host_mono_ns=2353064620771637 phase=checkpoint container_pid=14 [CR-RERUN-20260927] APP publish_begin topic=/to_linux id=12 payload='Hello from mros2-posix onto Linux: 12'
[SEDP-HB-RUN69] host_utc=2026-09-28T11:14:05.430+00:00 host_mono_ns=2353064620787357 phase=checkpoint container_pid=14 [CR-RERUN-20260927] APP publish_return topic=/to_linux id=12
[SEDP-HB-RUN69] host_utc=2026-09-28T11:14:05.430+00:00 host_mono_ns=2353064620801133 phase=checkpoint container_pid=14 LOG_NOTICE : 00000012.238 : [DEBUG-CR-RX-20260924] udp.recvfrom succeeded: mcp=0xdbedf8 sd=9 local_port=7411 len=104 peer=ac120005:7411
[SEDP-HB-RUN69] host_utc=2026-09-28T11:14:05.430+00:00 host_mono_ns=2353064620814038 phase=checkpoint container_pid=14 [CR-RERUN-20260927] RTPS_DATA parse=ok source_prefix=f75b907a613af145ede21c00 reader_id=00000204 writer_id=00000103 sequence=0:9 payload_bytes=48 reader_found=1
[SEDP-HB-RUN69] host_utc=2026-09-28T11:14:05.430+00:00 host_mono_ns=2353064620828184 phase=checkpoint container_pid=14 LOG_DEBUG : 00000012.241 : [MROS2LIB] message get [callback_handler] msg_sn_high: 0 msg_sn_low: 9
[SEDP-HB-RUN69] host_utc=2026-09-28T11:14:05.430+00:00 host_mono_ns=2353064620841349 phase=checkpoint container_pid=14 [CR-RERUN-20260927] RTPS_DATA_DELIVERY result=newChange kind=user sequence=0:9
[SEDP-HB-RUN69] host_utc=2026-09-28T11:14:05.430+00:00 host_mono_ns=2353064620854284 phase=checkpoint container_pid=14 [CR-RERUN-20260927] APP callback topic=/to_stm id=12 payload='Hello from mros2-posix onto Linux: 12'
[SEDP-HB-RUN69] host_utc=2026-09-28T11:14:05.430+00:00 host_mono_ns=2353064620867018 phase=checkpoint container_pid=14 LOG_NOTICE : 00000012.293 : [DEBUG-CR-RX-20260924] udp.recvfrom succeeded: mcp=0xdbeddc sd=6 local_port=7400 len=204 peer=ac120005:7400
[SEDP-HB-RUN69] host_utc=2026-09-28T11:14:06.379+00:00 host_mono_ns=2353065569741368 phase=checkpoint container_pid=14 [CR-RERUN-20260927] RTPS_DATA parse=ok source_prefix=f75b907a613af145ede21c00 reader_id=000100c7 writer_id=000100c2 sequence=0:1 payload_bytes=148 reader_found=1
[SEDP-HB-RUN69] host_utc=2026-09-28T11:14:06.379+00:00 host_mono_ns=2353065569807873 phase=checkpoint container_pid=14 [CR-RERUN-20260927] RTPS_DATA_DELIVERY result=newChange kind=user sequence=0:1
[SEDP-HB-RUN69] host_utc=2026-09-28T11:14:06.379+00:00 host_mono_ns=2353065569821730 phase=checkpoint container_pid=14 LOG_NOTICE : 00000013.142 : [DEBUG-CR-RX-20260924] udp.recvfrom succeeded: mcp=0xdbeddc sd=6 local_port=7400 len=204 peer=ac120003:7400
[SEDP-HB-RUN69] host_utc=2026-09-28T11:14:06.379+00:00 host_mono_ns=2353065569833091 phase=checkpoint container_pid=14 [CR-RERUN-20260927] APP publish_begin topic=/to_linux id=13 payload='Hello from mros2-posix onto Linux: 13'
[SEDP-HB-RUN69] host_utc=2026-09-28T11:14:06.379+00:00 host_mono_ns=2353065569844473 phase=checkpoint container_pid=14 [CR-RERUN-20260927] APP publish_return topic=/to_linux id=13
[SEDP-HB-RUN69] host_utc=2026-09-28T11:14:06.379+00:00 host_mono_ns=2353065569855544 phase=checkpoint container_pid=14 LOG_NOTICE : 00000013.239 : [DEBUG-CR-RX-20260924] udp.recvfrom succeeded: mcp=0xdbedf8 sd=9 local_port=7411 len=104 peer=ac120005:7411
[SEDP-HB-RUN69] host_utc=2026-09-28T11:14:06.379+00:00 host_mono_ns=2353065569866184 phase=checkpoint container_pid=14 [CR-RERUN-20260927] RTPS_DATA parse=ok source_prefix=f75b907a613af145ede21c00 reader_id=00000204 writer_id=00000103 sequence=0:10 payload_bytes=48 reader_found=1
[SEDP-HB-RUN69] host_utc=2026-09-28T11:14:06.379+00:00 host_mono_ns=2353065569877074 phase=checkpoint container_pid=14 LOG_DEBUG : 00000013.242 : [MROS2LIB] message get [callback_handler] msg_sn_high: 0 msg_sn_low: a
[SEDP-HB-RUN69] host_utc=2026-09-28T11:14:06.379+00:00 host_mono_ns=2353065569887995 phase=checkpoint container_pid=14 [CR-RERUN-20260927] RTPS_DATA_DELIVERY result=newChange kind=user sequence=0:10
[SEDP-HB-RUN69] host_utc=2026-09-28T11:14:07.380+00:00 host_mono_ns=2353066570654424 phase=checkpoint container_pid=14 [CR-RERUN-20260927] APP callback topic=/to_stm id=13 payload='Hello from mros2-posix onto Linux: 13'
[SEDP-HB-RUN69] host_utc=2026-09-28T11:14:07.380+00:00 host_mono_ns=2353066570693909 phase=checkpoint container_pid=14 LOG_NOTICE : 00000013.294 : [DEBUG-CR-RX-20260924] udp.recvfrom succeeded: mcp=0xdbeddc sd=6 local_port=7400 len=204 peer=ac120005:7400
[SEDP-HB-RUN69] host_utc=2026-09-28T11:14:07.380+00:00 host_mono_ns=2353066570707735 phase=checkpoint container_pid=14 [CR-RERUN-20260927] RTPS_DATA parse=ok source_prefix=f75b907a613af145ede21c00 reader_id=000100c7 writer_id=000100c2 sequence=0:1 payload_bytes=148 reader_found=1
[SEDP-HB-RUN69] host_utc=2026-09-28T11:14:07.380+00:00 host_mono_ns=2353066570719557 phase=checkpoint container_pid=14 [CR-RERUN-20260927] RTPS_DATA_DELIVERY result=newChange kind=user sequence=0:1
[SEDP-HB-RUN69] host_utc=2026-09-28T11:14:07.380+00:00 host_mono_ns=2353066570730849 phase=checkpoint container_pid=14 LOG_NOTICE : 00000014.142 : [DEBUG-CR-RX-20260924] udp.recvfrom succeeded: mcp=0xdbeddc sd=6 local_port=7400 len=204 peer=ac120003:7400
[SEDP-HB-RUN69] host_utc=2026-09-28T11:14:07.380+00:00 host_mono_ns=2353066570741649 phase=checkpoint container_pid=14 [CR-RERUN-20260927] APP publish_begin topic=/to_linux id=14 payload='Hello from mros2-posix onto Linux: 14'
[SEDP-HB-RUN69] host_utc=2026-09-28T11:14:07.380+00:00 host_mono_ns=2353066570752590 phase=checkpoint container_pid=14 [CR-RERUN-20260927] APP publish_return topic=/to_linux id=14
[SEDP-HB-RUN69] host_utc=2026-09-28T11:14:07.380+00:00 host_mono_ns=2353066570763531 phase=checkpoint container_pid=14 LOG_NOTICE : 00000014.240 : [DEBUG-CR-RX-20260924] udp.recvfrom succeeded: mcp=0xdbedf8 sd=9 local_port=7411 len=104 peer=ac120005:7411
[SEDP-HB-RUN69] host_utc=2026-09-28T11:14:07.380+00:00 host_mono_ns=2353066570774311 phase=checkpoint container_pid=14 [CR-RERUN-20260927] RTPS_DATA parse=ok source_prefix=f75b907a613af145ede21c00 reader_id=00000204 writer_id=00000103 sequence=0:11 payload_bytes=48 reader_found=1
[SEDP-HB-RUN69] host_utc=2026-09-28T11:14:07.944+00:00 host_mono_ns=2353067134461209 phase=checkpoint container_pid=14 LOG_DEBUGytes=52
[SEDP-HB-RUN69] host_utc=2026-09-28T11:14:07.944+00:00 host_mono_ns=2353067134493380 phase=checkpoint container_pid=14 [CR-RERUN-20260927] WASI_SOCKET event=sock_send_to_enter wasi_fd=10 bytes=52 flags=0 destination=172.18.0.5:7410
[SEDP-HB-RUN69] host_utc=2026-09-28T11:14:07.944+00:00 host_mono_ns=2353067134507055 phase=checkpoint container_pid=14 [CR-RERUN-20260927] WASI_SOCKET event=sock_send_to_return wasi_fd=10 wasi_errno=0 bytes=52
[SEDP-HB-RUN69] host_utc=2026-09-28T11:14:07.944+00:00 host_mono_ns=2353067134517004 phase=checkpoint container_pid=14 [CR-RERUN-20260927] WASI_SOCKET event=sock_recv_from_return wasi_fd=10 wasi_errno=0 bytes=48 source=172.18.0.5:7410
[SEDP-HB-RUN69] host_utc=2026-09-28T11:14:07.944+00:00 host_mono_ns=2353067134524589 phase=checkpoint container_pid=14 [CR-RERUN-20260927] WASI_SOCKET event=sock_recv_from_enter wasi_fd=10 iovecs=1 capacity=65535 flags=0
[SEDP-HB-RUN69] host_utc=2026-09-28T11:14:07.944+00:00 host_mono_ns=2353067134530810 phase=checkpoint container_pid=14 [CR-RERUN-20260927] WASI_SOCKET event=sock_recv_from_return wasi_fd=10 wasi_errno=0 bytes=48 source=172.18.0.5:7410
[SEDP-HB-RUN69] host_utc=2026-09-28T11:14:07.944+00:00 host_mono_ns=2353067134536441 phase=checkpoint container_pid=14 [CR-RERUN-20260927] WASI_SOCKET event=sock_recv_from_enter wasi_fd=10 iovecs=1 capacity=65535 flags=0
[SEDP-HB-RUN69] host_utc=2026-09-28T11:14:07.944+00:00 host_mono_ns=2353067134542011 phase=checkpoint container_pid=14 [CR-RERUN-20260927] WASI_SOCKET event=sock_send_to_enter wasi_fd=6 bytes=204 flags=0 destination=239.255.0.1:7400
[SEDP-HB-RUN69] host_utc=2026-09-28T11:14:07.944+00:00 host_mono_ns=2353067134547662 phase=checkpoint container_pid=14 [CR-RERUN-20260927] WASI_SOCKET event=sock_send_to_return wasi_fd=6 wasi_errno=0 bytes=204
[SEDP-HB-RUN69] host_utc=2026-09-28T11:14:07.944+00:00 host_mono_ns=2353067134553343 phase=checkpoint container_pid=14 [CR-RERUN-20260927] WASI_SOCKET event=sock_recv_from_return wasi_fd=6 wasi_errno=0 bytes=204 source=172.18.0.3:7400
[SEDP-HB-RUN69] host_utc=2026-09-28T11:14:07.944+00:00 host_mono_ns=2353067134559004 phase=checkpoint container_pid=14 [CR-RERUN-20260927] WASI_SOCKET event=sock_recv_from_enter wasi_fd=6 iovecs=1 capacity=65535 flags=0
[SEDP-HB-RUN69] host_utc=2026-09-28T11:14:07.944+00:00 host_mono_ns=2353067134564624 phase=checkpoint container_pid=14 [CR-RERUN-20260927] WASI_SOCKET event=sock_send_to_enter wasi_fd=9 bytes=104 flags=0 destination=172.18.0.5:7411
[SEDP-HB-RUN69] host_utc=2026-09-28T11:14:07.944+00:00 host_mono_ns=2353067134570265 phase=checkpoint container_pid=14 [CR-RERUN-20260927] WASI_SOCKET event=sock_send_to_return wasi_fd=9 wasi_errno=0 bytes=104
[SEDP-HB-RUN69] host_utc=2026-09-28T11:14:07.944+00:00 host_mono_ns=2353067134576016 phase=checkpoint container_pid=14 [CR-RERUN-20260927] WASI_SOCKET event=sock_recv_from_return wasi_fd=9 wasi_errno=0 bytes=104 source=172.18.0.5:7411
[SEDP-HB-RUN69] host_utc=2026-09-28T11:14:07.944+00:00 host_mono_ns=2353067134581626 phase=checkpoint container_pid=14 [CR-RERUN-20260927] WASI_SOCKET event=sock_recv_from_enter wasi_fd=9 iovecs=1 capacity=65535 flags=0
[SEDP-HB-RUN69] host_utc=2026-09-28T11:14:07.944+00:00 host_mono_ns=2353067134587237 phase=checkpoint container_pid=14 [CR-RERUN-20260927] WASI_SOCKET event=sock_recv_from_return wasi_fd=6 wasi_errno=0 bytes=204 source=172.18.0.5:7400
[SEDP-HB-RUN69] host_utc=2026-09-28T11:14:07.944+00:00 host_mono_ns=2353067134592847 phase=checkpoint container_pid=14 [CR-RERUN-20260927] WASI_SOCKET event=sock_recv_from_enter wasi_fd=6 iovecs=1 capacity=65535 flags=0
[SEDP-HB-RUN69] host_utc=2026-09-28T11:14:07.944+00:00 host_mono_ns=2353067134598458 phase=checkpoint container_pid=14 [CR-RERUN-20260927] WASI_SOCKET event=sock_send_to_enter wasi_fd=6 bytes=204 flags=0 destination=239.255.0.1:7400
[SEDP-HB-RUN69] host_utc=2026-09-28T11:14:07.944+00:00 host_mono_ns=2353067134611583 phase=checkpoint container_pid=14 [CR-RERUN-20260927] WASI_SOCKET event=sock_send_to_return wasi_fd=6 wasi_errno=0 bytes=204
[SEDP-HB-RUN69] host_utc=2026-09-28T11:14:07.944+00:00 host_mono_ns=2353067134617274 phase=checkpoint container_pid=14 [CR-RERUN-20260927] WASI_SOCKET event=sock_recv_from_return wasi_fd=6 wasi_errno=0 bytes=204 source=172.18.0.3:7400
[SEDP-HB-RUN69] host_utc=2026-09-28T11:14:07.944+00:00 host_mono_ns=2353067134622904 phase=checkpoint container_pid=14 [CR-RERUN-20260927] WASI_SOCKET event=sock_recv_from_enter wasi_fd=6 iovecs=1 capacity=65535 flags=0
[SEDP-HB-RUN69] host_utc=2026-09-28T11:14:07.944+00:00 host_mono_ns=2353067134628475 phase=checkpoint container_pid=14 [CR-RERUN-20260927] WASI_SOCKET event=sock_send_to_enter wasi_fd=9 bytes=104 flags=0 destination=172.18.0.5:7411
[SEDP-HB-RUN69] host_utc=2026-09-28T11:14:07.944+00:00 host_mono_ns=2353067134634035 phase=checkpoint container_pid=14 [CR-RERUN-20260927] WASI_SOCKET event=sock_send_to_return wasi_fd=9 wasi_errno=0 bytes=104
[SEDP-HB-RUN69] host_utc=2026-09-28T11:14:07.944+00:00 host_mono_ns=2353067134639636 phase=checkpoint container_pid=14 [CR-RERUN-20260927] WASI_SOCKET event=sock_recv_from_return wasi_fd=9 wasi_errno=0 bytes=104 source=172.18.0.5:7411
[SEDP-HB-RUN69] host_utc=2026-09-28T11:14:07.944+00:00 host_mono_ns=2353067134645256 phase=checkpoint container_pid=14 [CR-RERUN-20260927] WASI_SOCKET event=sock_recv_from_enter wasi_fd=9 iovecs=1 capacity=65535 flags=0
[SEDP-HB-RUN69] host_utc=2026-09-28T11:14:07.944+00:00 host_mono_ns=2353067134650867 phase=checkpoint container_pid=14 [CR-RERUN-20260927] WASI_SOCKET event=sock_recv_from_return wasi_fd=6 wasi_errno=0 bytes=204 source=172.18.0.5:7400
[SEDP-HB-RUN69] host_utc=2026-09-28T11:14:07.944+00:00 host_mono_ns=2353067134656478 phase=checkpoint container_pid=14 [CR-RERUN-20260927] WASI_SOCKET event=sock_recv_from_enter wasi_fd=6 iovecs=1 capacity=65535 flags=0
[SEDP-HB-RUN69] host_utc=2026-09-28T11:14:07.944+00:00 host_mono_ns=2353067134662028 phase=checkpoint container_pid=14 [CR-RERUN-20260927] WASI_SOCKET event=sock_send_to_enter wasi_fd=6 bytes=204 flags=0 destination=239.255.0.1:7400
[SEDP-HB-RUN69] host_utc=2026-09-28T11:14:07.944+00:00 host_mono_ns=2353067134667639 phase=checkpoint container_pid=14 [CR-RERUN-20260927] WASI_SOCKET event=sock_recv_from_return wasi_fd=6 wasi_errno=0 bytes=204 source=172.18.0.3:7400
[SEDP-HB-RUN69] host_utc=2026-09-28T11:14:07.944+00:00 host_mono_ns=2353067134673199 phase=checkpoint container_pid=14 [CR-RERUN-20260927] WASI_SOCKET event=sock_send_to_return wasi_fd=6 wasi_errno=0 bytes=204
[SEDP-HB-RUN69] host_utc=2026-09-28T11:14:07.944+00:00 host_mono_ns=2353067134678780 phase=checkpoint container_pid=14 [CR-RERUN-20260927] WASI_SOCKET event=sock_recv_from_enter wasi_fd=6 iovecs=1 capacity=65535 flags=0
[SEDP-HB-RUN69] host_utc=2026-09-28T11:14:07.944+00:00 host_mono_ns=2353067134684410 phase=checkpoint container_pid=14 [CR-RERUN-20260927] WASI_SOCKET event=sock_send_to_enter wasi_fd=9 bytes=104 flags=0 destination=172.18.0.5:7411
[SEDP-HB-RUN69] host_utc=2026-09-28T11:14:07.944+00:00 host_mono_ns=2353067134689981 phase=checkpoint container_pid=14 [CR-RERUN-20260927] WASI_SOCKET event=sock_send_to_return wasi_fd=9 wasi_errno=0 bytes=104
[SEDP-HB-RUN69] host_utc=2026-09-28T11:14:07.944+00:00 host_mono_ns=2353067134695501 phase=checkpoint container_pid=14 [CR-RERUN-20260927] WASI_SOCKET event=sock_recv_from_return wasi_fd=9 wasi_errno=0 bytes=104 source=172.18.0.5:7411
[SEDP-HB-RUN69] host_utc=2026-09-28T11:14:07.944+00:00 host_mono_ns=2353067134701032 phase=checkpoint container_pid=14 [CR-RERUN-20260927] WASI_SOCKET event=sock_recv_from_enter wasi_fd=9 iovecs=1 capacity=65535 flags=0
[SEDP-HB-RUN69] host_utc=2026-09-28T11:14:07.944+00:00 host_mono_ns=2353067134706582 phase=checkpoint container_pid=14 [CR-RERUN-20260927] WASI_SOCKET event=sock_recv_from_return wasi_fd=6 wasi_errno=0 bytes=204 source=172.18.0.5:7400
[SEDP-HB-RUN69] host_utc=2026-09-28T11:14:07.944+00:00 host_mono_ns=2353067134715209 phase=checkpoint container_pid=14 [CR-RERUN-20260927] WASI_SOCKET event=sock_recv_from_enter wasi_fd=6 iovecs=1 capacity=65535 flags=0
[SEDP-HB-RUN69] host_utc=2026-09-28T11:14:07.944+00:00 host_mono_ns=2353067134723635 phase=checkpoint container_pid=14 [CR-RERUN-20260927] WASI_SOCKET event=sock_recv_from_return wasi_fd=6 wasi_errno=0 bytes=280 source=172.18.0.5:44697
[SEDP-HB-RUN69] host_utc=2026-09-28T11:14:07.944+00:00 host_mono_ns=2353067134729295 phase=checkpoint container_pid=14 [CR-RERUN-20260927] WASI_SOCKET event=sock_recv_from_enter wasi_fd=6 iovecs=1 capacity=65535 flags=0
[SEDP-HB-RUN69] host_utc=2026-09-28T11:14:07.945+00:00 host_mono_ns=2353067135368513 phase=checkpoint container_pid=14 [CR-RERUN-20260927] WASI_SOCKET event=sock_recv_fr : 00000014.243 : [MROS2LIB] message get [callback_handler] msg_sn_high: 0 msg_sn_low: b
[SEDP-HB-RUN69] host_utc=2026-09-28T11:14:07.945+00:00 host_mono_ns=2353067135384493 phase=checkpoint container_pid=14 [CR-RERUN-20260927] RTPS_DATA_DELIVERY result=newChange kind=user sequence=0:11
[SEDP-HB-RUN69] host_utc=2026-09-28T11:14:07.945+00:00 host_mono_ns=2353067135391707 phase=checkpoint container_pid=14 [CR-RERUN-20260927] APP callback topic=/to_stm id=14 payload='Hello from mros2-posix onto Linux: 14'
[SEDP-HB-RUN69] host_utc=2026-09-28T11:14:07.945+00:00 host_mono_ns=2353067135397488 phase=checkpoint container_pid=14 LOG_NOTICE : 00000014.294 : [DEBUG-CR-RX-20260924] udp.recvfrom succeeded: mcp=0xdbeddc sd=6 local_port=7400 len=204 peer=ac120005:7400
[SEDP-HB-RUN69] host_utc=2026-09-28T11:14:07.945+00:00 host_mono_ns=2353067135403399 phase=checkpoint container_pid=14 [CR-RERUN-20260927] RTPS_DATA parse=ok source_prefix=f75b907a613af145ede21c00 reader_id=000100c7 writer_id=000100c2 sequence=0:1 payload_bytes=148 reader_found=1
[SEDP-HB-RUN69] host_utc=2026-09-28T11:14:07.945+00:00 host_mono_ns=2353067135409370 phase=checkpoint container_pid=14 [CR-RERUN-20260927] RTPS_DATA_DELIVERY result=newChange kind=user sequence=0:1
[SEDP-HB-RUN69] host_utc=2026-09-28T11:14:07.945+00:00 host_mono_ns=2353067135415051 phase=checkpoint container_pid=14 LOG_NOTICE : 00000014.807 : [DEBUG-CR-RX-20260924] udp.recvfrom succeeded: mcp=0xdbeddc sd=6 local_port=7400 len=280 peer=ac120005:44697
[SEDP-HB-RUN69] host_utc=2026-09-28T11:14:07.945+00:00 host_mono_ns=2353067135420661 phase=checkpoint container_pid=14 LOG_NOTICE : 00000014.808 : [CR-RERUN-20260927] RTPS_DATA parse=ok source_prefix=01[DEBUG-CR-RX-20260924] udp.recvfrom succeeded: mcp=0xdbeddc sd=6 local_port=7400 len=204 peer=ac120005:74000f
[SEDP-HB-RUN69] host_utc=2026-09-28T11:14:07.948+00:00 host_mono_ns=2353067138360515 phase=checkpoint container_pid=14 0641LOG_NOTICE : 00000014.808 : 1e[DEBUG-CR-RX-20260924] udp.recvfrom succeeded: mcp=0xdbeddc sd=6 local_port=7400 len=280 peer=ac120005:4469700
[SEDP-HB-RUN69] host_utc=2026-09-28T11:14:07.948+00:00 host_mono_ns=2353067138382006 phase=checkpoint container_pid=14 ffff00000000 reader_id=000100c7 writer_id=000100c2 sequence=0:1 payload_bytes=224 reader_found=1
[SEDP-HB-RUN69] host_utc=2026-09-28T11:14:07.948+00:00 host_mono_ns=2353067138391394 phase=checkpoint container_pid=14 [SEDP-RACE] seq=10 mono_ns=2353067137814684 event=builtin_proxy_plan participant_guid_prefix=010f06411e00ffff00000000 selected_metatraffic_locator=172.18.0.5:7412 pub_writer=1 sub_writer=1 pub_reader=1 sub_reader=1
[SEDP-HB-RUN69] host_utc=2026-09-28T11:14:07.948+00:00 host_mono_ns=2353067138922106 phase=checkpoint container_pid=14 [SEDP-RACE] seq=11 mono_ns=2353067138380914 event=proxy_added writer=sedp_publications writer_guid=cf94952f06cd6223d15c1c00.000003:c2 remote_reader_guid=010f06411e00ffff00000000.000003:c7 proxies_empty_before=0 proxies_empty_after=0 next=0:2 history_min=0:1 history_max=0:1 add_success=1
[SEDP-HB-RUN69] host_utc=2026-09-28T11:14:07.949+00:00 host_mono_ns=2353067139516048 phase=checkpoint container_pid=14 [SEDP-RACE] seq=12 mono_ns=2353067138971800 event=proxy_added writer=sedp_subscriptions writer_guid=cf94952f06cd6223d15c1c00.000004:c2 remote_reader_guid=010f06411e00ffff00000000.000004:c7 proxies_empty_before=0 proxies_empty_after=0 next=0:2 history_min=0:1 history_max=0:1 add_success=1
[SEDP-HB-RUN69] host_utc=2026-09-28T11:14:07.955+00:00 host_mono_ns=2353067145433427 phase=checkpoint container_pid=14 [CR-RERUN-20260927] RTPS_DATA_DELIVERY result=newChange kind=user sequence=0:1
[SEDP-HB-RUN69] host_utc=2026-09-28T11:14:07.955+00:00 host_mono_ns=2353067145449117 phase=checkpoint container_pid=14 [CR-RERUN-20260927] RTPS_DATA parse=ok source_prefix=f7LOG_NOTICE : 00000014.813 : 5b[DEBUG-CR-RX-20260924] udp.recvfrom succeeded: mcp=0xdbeddc sd=6 local_port=7400 len=204 peer=ac120003:740090
[SEDP-HB-RUN69] host_utc=2026-09-28T11:14:07.955+00:00 host_mono_ns=2353067145456070 phase=checkpoint container_pid=14 LOG_NOTICE : 00000014.814 : 7a[DEBUG-CR-RX-20260924] udp.recvfrom succeeded: mcp=0xdbee14 sd=10 local_port=7410 len=280 peer=ac120005:48580LOG_NOTICE : 00000014.814 : 
[SEDP-HB-RUN69] host_utc=2026-09-28T11:14:07.955+00:00 host_mono_ns=2353067145461951 phase=checkpoint container_pid=14 61[DEBUG-CR-RX-20260924] udp.recvfrom succeeded: mcp=0xdbeddc sd=6 local_port=7400 len=280 peer=ac120005:44697LOG_NOTICE : 00000014.815 : 
[SEDP-HB-RUN69] host_utc=2026-09-28T11:14:07.955+00:00 host_mono_ns=2353067145467582 phase=checkpoint container_pid=14 3a[DEBUG-CR-RX-20260924] udp.recvfrom succeeded: mcp=0xdbee14 sd=10 local_port=7410 len=68 peer=ac120005:48580f1
[SEDP-HB-RUN69] host_utc=2026-09-28T11:14:07.955+00:00 host_mono_ns=2353067145473252 phase=checkpoint container_pid=14 45edLOG_NOTICE : 00000014.815 : e2[DEBUG-CR-RX-20260924] udp.recvfrom succeeded: mcp=0xdbee14 sd=10 local_port=7410 len=68 peer=ac120005:485801c
[SEDP-HB-RUN69] host_utc=2026-09-28T11:14:07.955+00:00 host_mono_ns=2353067145480356 phase=checkpoint container_pid=14 00 reader_id=000100c7 writer_id=000100c2 sequence=0:1 payload_bytes=148 reader_found=1
[SEDP-HB-RUN69] host_utc=2026-09-28T11:14:07.955+00:00 host_mono_ns=2353067145489703 phase=checkpoint container_pid=14 [CR-RERUN-20260927] RTPS_DATA_DELIVERY result=newChange kind=user sequence=0:1
[SEDP-HB-RUN69] host_utc=2026-09-28T11:14:07.958+00:00 host_mono_ns=2353067149149257 phase=checkpoint container_pid=14 [CR-RERUN-20260927] RTPS_DATA parse=ok source_prefix=010f06411e00ffff00000000 reader_id=000100c7 writer_id=000100c2 sequence=0:1 payload_bytes=224 reader_found=1
[SEDP-HB-RUN69] host_utc=2026-09-28T11:14:07.959+00:00 host_mono_ns=2353067149178933 phase=checkpoint container_pid=14 [SEDP-RACE] seq=13 mono_ns=2353067148629926 event=builtin_proxy_plan participant_guid_prefix=010f06411e00ffff00000000 locator=none pub_writer=1 sub_writer=1 pub_reader=1 sub_reader=1
[SEDP-HB-RUN69] host_utc=2026-09-28T11:14:07.971+00:00 host_mono_ns=2353067161977041 phase=checkpoint container_pid=14 [CR-RERUN-20260927] RTPS_DATA_DELIVERY result=newChange kind=user sequence=0:1
[SEDP-HB-RUN69] host_utc=2026-09-28T11:14:07.971+00:00 host_mono_ns=2353067161997880 phase=checkpoint container_pid=14 LOG_NOTICE : 00000014.823 : [CR-RERUN-20260927] RTPS_DATA parse=ok source_prefix=01[DEBUG-CR-RX-20260924] udp.recvfrom succeeded: mcp=0xdbeddc sd=6 local_port=7400 len=204 peer=ac120003:74000f
[SEDP-HB-RUN69] host_utc=2026-09-28T11:14:07.971+00:00 host_mono_ns=2353067162020603 phase=checkpoint container_pid=14 06411e00ffff00000000 reader_id=000100c7 writer_id=000100c2 sequence=0:1 payload_bytes=224 reader_found=1
[SEDP-HB-RUN69] host_utc=2026-09-28T11:14:07.971+00:00 host_mono_ns=2353067162029280 phase=checkpoint container_pid=14 [CR-RERUN-20260927] RTPS_DATA_DELIVERY result=newChange kind=user sequence=0:1
[SEDP-HB-RUN69] host_utc=2026-09-28T11:14:07.971+00:00 host_mono_ns=2353067162037255 phase=checkpoint container_pid=14 [CR-RERUN-20260927] RTPS_DATA parse=ok source_prefix=LOG_NOTICE : 00000014.827 : 01[DEBUG-CR-RX-20260924] udp.recvfrom succeeded: mcp=0xdbee14 sd=10 local_port=7410 len=464 peer=ac120005:485800f
[SEDP-HB-RUN69] host_utc=2026-09-28T11:14:07.971+00:00 host_mono_ns=2353067162045450 phase=checkpoint container_pid=14 06411e00ffff00000000 reader_id=000100c7 writer_id=000100c2 sequence=0:1 payload_bytes=224 reader_found=1
[SEDP-HB-RUN69] host_utc=2026-09-28T11:14:07.971+00:00 host_mono_ns=2353067162074816 phase=checkpoint container_pid=14 [CR-RERUN-20260927] RTPS_DATA_DELIVERY result=newChange kind=user sequence=0:1
[SEDP-HB-RUN69] host_utc=2026-09-28T11:14:07.971+00:00 host_mono_ns=2353067162082851 phase=checkpoint container_pid=14 [CR-RERUN-20260927] RTPS_DATA parse=ok source_prefix=010f06411e00ffff00000000 reader_id=000003c7 writer_id=000003c2 sequence=0:3 payload_bytes=408 reader_found=1
[SEDP-HB-RUN69] host_utc=2026-09-28T11:14:08.021+00:00 host_mono_ns=2353067211824900 phase=checkpoint container_pid=14 [CR-RERUN-20260927] RTPS_DATA_DELIVERY result=newChange kind=user sequence=0:3
[SEDP-HB-RUN69] host_utc=2026-09-28T11:14:08.021+00:00 host_mono_ns=2353067211857462 phase=checkpoint container_pid=14 LOG_NOTICE : 00000014.884 : [DEBUG-CR-RX-20260924] udp.recvfrom succeeded: mcp=0xdbee14 sd=10 local_port=7410 len=64 peer=ac120005:48580
[SEDP-HB-RUN69] host_utc=2026-09-28T11:14:08.021+00:00 host_mono_ns=2353067211871278 phase=checkpoint container_pid=14 LOG_NOTICE : 00000014.884 : [DEBUG-CR-RX-20260924] udp.recvfrom succeeded: mcp=0xdbee14 sd=10 local_port=7410 len=64 peer=ac120005:48580
[SEDP-HB-RUN69] host_utc=2026-09-28T11:14:08.021+00:00 host_mono_ns=2353067211883371 phase=checkpoint container_pid=14 [SEDP-HB] seq=71 mono_ns=2353067211168240 event=acknack_received writer=sedp_publications source_prefix=010f06411e00ffff00000000 reader_id=000003:c7 base=0:0 num_bits=0 count=2
[SEDP-HB-RUN69] host_utc=2026-09-28T11:14:08.021+00:00 host_mono_ns=2353067212181564 phase=checkpoint container_pid=14 [SEDP-HB] seq=72 mono_ns=2353067211647555 event=acknack_dispatch writer=sedp_publications writer_found=1
[SEDP-HB-RUN69] host_utc=2026-09-28T11:14:08.022+00:00 host_mono_ns=2353067212457946 phase=checkpoint container_pid=14 [SEDP-HB] seq=73 mono_ns=2353067211931321 event=on_acknack_enter writer=sedp_publications base=0:0 num_bits=0 count=2
[SEDP-HB-RUN69] host_utc=2026-09-28T11:14:08.022+00:00 host_mono_ns=2353067212723117 phase=checkpoint container_pid=14 [SEDP-HB] seq=74 mono_ns=2353067212319485 event=acknack_drop writer=sedp_publications reason=no_matching_reader_proxy
[SEDP-HB-RUN69] host_utc=2026-09-28T11:14:08.023+00:00 host_mono_ns=2353067213365591 phase=checkpoint container_pid=14 [SEDP-HB] seq=75 mono_ns=2353067212759546 event=acknack_received writer=sedp_subscriptions source_prefix=010f06411e00ffff00000000 reader_id=000004:c7 base=0:0 num_bits=0 count=2
[SEDP-HB-RUN69] host_utc=2026-09-28T11:14:08.023+00:00 host_mono_ns=2353067213637905 phase=checkpoint container_pid=14 [SEDP-HB] seq=76 mono_ns=2353067213243721 event=acknack_dispatch writer=sedp_subscriptions writer_found=1
[SEDP-HB-RUN69] host_utc=2026-09-28T11:14:08.023+00:00 host_mono_ns=2353067214039053 phase=checkpoint container_pid=14 [SEDP-HB] seq=77 mono_ns=2353067213536584 event=on_acknack_enter writer=sedp_subscriptions base=0:0 num_bits=0 count=2
[SEDP-HB-RUN69] host_utc=2026-09-28T11:14:08.024+00:00 host_mono_ns=2353067214234432 phase=checkpoint container_pid=14 [SEDP-HB] seq=78 mono_ns=2353067213905641 event=acknack_drop writer=sedp_subscriptions reason=no_matching_reader_proxy
[SEDP-HB-RUN69] host_utc=2026-09-28T11:14:08.144+00:00 host_mono_ns=2353067334504983 phase=checkpoint container_pid=14 LOG_NOTICE : 00000014.907 : [DEBUG-CR-RX-20260924] udp.recvfrom succeeded: mcp=0xdbeddc sd=6 local_port=7400 len=280 peer=ac120005:44697LOG_NOTICE : 00000014.907 : 
[SEDP-HB-RUN69] host_utc=2026-09-28T11:14:08.144+00:00 host_mono_ns=2353067334535410 phase=checkpoint container_pid=14 [DEBUG-CR-RX-20260924] udp.recvfrom succeeded: mcp=0xdbee14 sd=10 local_port=7410 len=280 peer=ac120005:48580
[SEDP-HB-RUN69] host_utc=2026-09-28T11:14:08.144+00:00 host_mono_ns=2353067334548595 phase=checkpoint container_pid=14 [CR-RERUN-20260927] RTPS_DATA parse=ok source_prefix=010f06411e00ffff00000000 reader_id=000100c7 writer_id=000100c2 sequence=0:1 payload_bytes=224 reader_found=1
[SEDP-HB-RUN69] host_utc=2026-09-28T11:14:08.144+00:00 host_mono_ns=2353067334575396 phase=checkpoint container_pid=14 [CR-RERUN-20260927] RTPS_DATA_DELIVERY result=newChange kind=user sequence=0:1
[SEDP-HB-RUN69] host_utc=2026-09-28T11:14:08.144+00:00 host_mono_ns=2353067334592719 phase=checkpoint container_pid=14 [CR-RERUN-20260927] RTPS_DATA parse=ok source_prefix=010f06411e00ffff00000000 reader_id=000100c7 writer_id=000100c2 sequence=0:1 payload_bytes=224 reader_found=1
[SEDP-HB-RUN69] host_utc=2026-09-28T11:14:08.144+00:00 host_mono_ns=2353067334603719 phase=checkpoint container_pid=14 [CR-RERUN-20260927] RTPS_DATA_DELIVERY result=newChange kind=user sequence=0:1
[SEDP-HB-RUN69] host_utc=2026-09-28T11:14:08.144+00:00 host_mono_ns=2353067334614279 phase=checkpoint container_pid=14 LOG_NOTICE : 00000015.007 : [DEBUG-CR-RX-20260924] udp.recvfrom succeeded: mcp=0xdbee14 sd=10 local_port=7410 len=280 peer=ac120005:48580LOG_NOTICE : 00000015.007 : 
[SEDP-HB-RUN69] host_utc=2026-09-28T11:14:08.161+00:00 host_mono_ns=2353067351833570 phase=checkpoint container_pid=14 [DEBUG-CR-RX-20260924] udp.recvfrom succeeded: mcp=0xdbeddc sd=6 local_port=7400 len=280 peer=ac120005:44697
[SEDP-HB-RUN69] host_utc=2026-09-28T11:14:08.161+00:00 host_mono_ns=2353067351864438 phase=checkpoint container_pid=14 [CR-RERUN-20260927] RTPS_DATA parse=ok source_prefix=010f06411e00ffff00000000 reader_id=000100c7 writer_id=000100c2 sequence=0:1 payload_bytes=224 reader_found=1
[SEDP-HB-RUN69] host_utc=2026-09-28T11:14:08.161+00:00 host_mono_ns=2353067351877623 phase=checkpoint container_pid=14 [CR-RERUN-20260927] RTPS_DATA_DELIVERY result=newChange kind=user sequence=0:1
[SEDP-HB-RUN69] host_utc=2026-09-28T11:14:08.161+00:00 host_mono_ns=2353067351888874 phase=checkpoint container_pid=14 [CR-RERUN-20260927] RTPS_DATA parse=ok source_prefix=010f06411e00ffff00000000 reader_id=000100c7 writer_id=000100c2 sequence=0:1 payload_bytes=224 reader_found=1
[SEDP-HB-RUN69] host_utc=2026-09-28T11:14:08.161+00:00 host_mono_ns=2353067351900025 phase=checkpoint container_pid=14 [CR-RERUN-20260927] RTPS_DATA_DELIVERY result=newChange kind=user sequence=0:1
[SEDP-HB-RUN69] host_utc=2026-09-28T11:14:08.161+00:00 host_mono_ns=2353067351910735 phase=checkpoint container_pid=14 LOG_NOTICE : 00000015.024 : [DEBUG-CR-RX-20260924] udp.recvfrom succeeded: mcp=0xdbee14 sd=10 local_port=7410 len=64 peer=ac120005:48580
[SEDP-HB-RUN69] host_utc=2026-09-28T11:14:08.161+00:00 host_mono_ns=2353067351921796 phase=checkpoint container_pid=14 LOG_NOTICE : 00000015.024 : [DEBUG-CR-RX-20260924] udp.recvfrom succeeded: mcp=0xdbee14 sd=10 local_port=7410 len=64 peer=ac120005:48580
[SEDP-HB-RUN69] host_utc=2026-09-28T11:14:08.161+00:00 host_mono_ns=2353067351932406 phase=checkpoint container_pid=14 [SEDP-HB] seq=79 mono_ns=2353067351204241 event=acknack_received writer=sedp_publications source_prefix=010f06411e00ffff00000000 reader_id=000003:c7 base=0:0 num_bits=0 count=4
[SEDP-HB-RUN69] host_utc=2026-09-28T11:14:08.161+00:00 host_mono_ns=2353067352057402 phase=checkpoint container_pid=14 [SEDP-HB] seq=80 mono_ns=2353067351686732 event=acknack_dispatch writer=sedp_publications writer_found=1
[SEDP-HB-RUN69] host_utc=2026-09-28T11:14:08.162+00:00 host_mono_ns=2353067352444714 phase=checkpoint container_pid=14 [SEDP-HB] seq=81 mono_ns=2353067351969877 event=on_acknack_enter writer=sedp_publications base=0:0 num_bits=0 count=4
[SEDP-HB-RUN69] host_utc=2026-09-28T11:14:08.162+00:00 host_mono_ns=2353067352601070 phase=checkpoint container_pid=14 [SEDP-HB] seq=82 mono_ns=2353067352339796 event=acknack_drop writer=sedp_publications reason=no_matching_reader_proxy
[SEDP-HB-RUN69] host_utc=2026-09-28T11:14:08.163+00:00 host_mono_ns=2353067353215110 phase=checkpoint container_pid=14 [SEDP-HB] seq=83 mono_ns=2353067352668267 event=acknack_received writer=sedp_subscriptions source_prefix=010f06411e00ffff00000000 reader_id=000004:c7 base=0:0 num_bits=0 count=4
[SEDP-HB-RUN69] host_utc=2026-09-28T11:14:08.163+00:00 host_mono_ns=2353067353545113 phase=checkpoint container_pid=14 [SEDP-HB] seq=84 mono_ns=2353067353145899 event=acknack_dispatch writer=sedp_subscriptions writer_found=1
[SEDP-HB-RUN69] host_utc=2026-09-28T11:14:08.163+00:00 host_mono_ns=2353067353887059 phase=checkpoint container_pid=14 [SEDP-HB] seq=85 mono_ns=2353067353425637 event=on_acknack_enter writer=sedp_subscriptions base=0:0 num_bits=0 count=4
[SEDP-HB-RUN69] host_utc=2026-09-28T11:14:08.163+00:00 host_mono_ns=2353067354060206 phase=checkpoint container_pid=14 [SEDP-HB] seq=86 mono_ns=2353067353781910 event=acknack_drop writer=sedp_subscriptions reason=no_matching_reader_proxy
[SEDP-HB-RUN69] host_utc=2026-09-28T11:14:08.244+00:00 host_mono_ns=2353067434252482 phase=checkpoint container_pid=14 om_return wasi_fd=6 wasi_errno=0 bytes=204 source=172.18.0.5:7400
[SEDP-HB-RUN69] host_utc=2026-09-28T11:14:08.244+00:00 host_mono_ns=2353067434294251 phase=checkpoint container_pid=14 [CR-RERUN-20260927] WASI_SOCKET event=sock_recv_from_enter wasi_fd=6 iovecs=1 capacity=65535 flags=0
[SEDP-HB-RUN69] host_utc=2026-09-28T11:14:08.244+00:00 host_mono_ns=2353067434307486 phase=checkpoint container_pid=14 [CR-RERUN-20260927] WASI_SOCKET event=sock_recv_from_return wasi_fd=6 wasi_errno=0 bytes=280 source=172.18.0.5:44697
[SEDP-HB-RUN69] host_utc=2026-09-28T11:14:08.244+00:00 host_mono_ns=2353067434318988 phase=checkpoint container_pid=14 [CR-RERUN-20260927] WASI_SOCKET event=sock_recv_from_enter wasi_fd=6 iovecs=1 capacity=65535 flags=0
[SEDP-HB-RUN69] host_utc=2026-09-28T11:14:08.244+00:00 host_mono_ns=2353067434329948 phase=checkpoint container_pid=14 [CR-RERUN-20260927] WASI_SOCKET event=sock_send_to_enter wasi_fd=6 bytes=204 flags=0 destination=239.255.0.1:7400
[SEDP-HB-RUN69] host_utc=2026-09-28T11:14:08.244+00:00 host_mono_ns=2353067434340839 phase=checkpoint container_pid=14 [CR-RERUN-20260927] WASI_SOCKET event=sock_recv_from_return wasi_fd=6 wasi_errno=0 bytes=204 source=172.18.0.3:7400
[SEDP-HB-RUN69] host_utc=2026-09-28T11:14:08.244+00:00 host_mono_ns=2353067434351780 phase=checkpoint container_pid=14 [CR-RERUN-20260927] WASI_SOCKET event=sock_send_to_return wasi_fd=6 wasi_errno=0 bytes=204
[SEDP-HB-RUN69] host_utc=2026-09-28T11:14:08.244+00:00 host_mono_ns=2353067434362801 phase=checkpoint container_pid=14 [CR-RERUN-20260927] WASI_SOCKET event=sock_recv_from_return wasi_fd=10 wasi_errno=0 bytes=280 source=172.18.0.5:48580
[SEDP-HB-RUN69] host_utc=2026-09-28T11:14:08.244+00:00 host_mono_ns=2353067434373521 phase=checkpoint container_pid=14 [CR-RERUN-20260927] WASI_SOCKET event=sock_recv_from_enter wasi_fd=6 iovecs=1 capacity=65535 flags=0
[SEDP-HB-RUN69] host_utc=2026-09-28T11:14:08.244+00:00 host_mono_ns=2353067434384191 phase=checkpoint container_pid=14 [CR-RERUN-20260927] WASI_SOCKET event=sock_recv_from_return wasi_fd=6 wasi_errno=0 bytes=280 source=172.18.0.5:44697
[SEDP-HB-RUN69] host_utc=2026-09-28T11:14:08.244+00:00 host_mono_ns=2353067434394921 phase=checkpoint container_pid=14 [CR-RERUN-20260927] WASI_SOCKET event=sock_recv_from_enter wasi_fd=10 iovecs=1 capacity=65535 flags=0
[SEDP-HB-RUN69] host_utc=2026-09-28T11:14:08.244+00:00 host_mono_ns=2353067434405561 phase=checkpoint container_pid=14 [CR-RERUN-20260927] WASI_SOCKET event=sock_recv_from_return wasi_fd=10 wasi_errno=0 bytes=68 source=172.18.0.5:48580
[SEDP-HB-RUN69] host_utc=2026-09-28T11:14:08.244+00:00 host_mono_ns=2353067434416191 phase=checkpoint container_pid=14 [CR-RERUN-20260927] WASI_SOCKET event=sock_recv_from_enter wasi_fd=6 iovecs=1 capacity=65535 flags=0
[SEDP-HB-RUN69] host_utc=2026-09-28T11:14:08.244+00:00 host_mono_ns=2353067434426751 phase=checkpoint container_pid=14 [CR-RERUN-20260927] WASI_SOCKET event=sock_recv_from_enter wasi_fd=10 iovecs=1 capacity=65535 flags=0
[SEDP-HB-RUN69] host_utc=2026-09-28T11:14:08.244+00:00 host_mono_ns=2353067434437882 phase=checkpoint container_pid=14 [CR-RERUN-20260927] WASI_SOCKET event=sock_recv_from_return wasi_fd=10 wasi_errno=0 bytes=68 source=172.18.0.5:48580
[SEDP-HB-RUN69] host_utc=2026-09-28T11:14:08.244+00:00 host_mono_ns=2353067434448733 phase=checkpoint container_pid=14 [CR-RERUN-20260927] WASI_SOCKET event=sock_recv_from_enter wasi_fd=10 iovecs=1 capacity=65535 flags=0
[SEDP-HB-RUN69] host_utc=2026-09-28T11:14:08.244+00:00 host_mono_ns=2353067434473460 phase=checkpoint container_pid=14 [CR-RERUN-20260927] WASI_SOCKET event=sock_send_to_enter wasi_fd=6 bytes=204 flags=0 destination=239.255.0.1:7400
[SEDP-HB-RUN69] host_utc=2026-09-28T11:14:08.244+00:00 host_mono_ns=2353067434489340 phase=checkpoint container_pid=14 [CR-RERUN-20260927] WASI_SOCKET event=sock_recv_from_return wasi_fd=6 wasi_errno=0 bytes=204 source=172.18.0.3:7400
[SEDP-HB-RUN69] host_utc=2026-09-28T11:14:08.244+00:00 host_mono_ns=2353067434499960 phase=checkpoint container_pid=14 [CR-RERUN-20260927] WASI_SOCKET event=sock_send_to_return wasi_fd=6 wasi_errno=0 bytes=204
[SEDP-HB-RUN69] host_utc=2026-09-28T11:14:08.244+00:00 host_mono_ns=2353067434510560 phase=checkpoint container_pid=14 [CR-RERUN-20260927] WASI_SOCKET event=sock_recv_from_enter wasi_fd=6 iovecs=1 capacity=65535 flags=0
[SEDP-HB-RUN69] host_utc=2026-09-28T11:14:08.244+00:00 host_mono_ns=2353067434521130 phase=checkpoint container_pid=14 [CR-RERUN-20260927] WASI_SOCKET event=sock_recv_from_return wasi_fd=10 wasi_errno=0 bytes=464 source=172.18.0.5:48580
[SEDP-HB-RUN69] host_utc=2026-09-28T11:14:08.244+00:00 host_mono_ns=2353067434531800 phase=checkpoint container_pid=14 [CR-RERUN-20260927] WASI_SOCKET event=sock_recv_from_enter wasi_fd=10 iovecs=1 capacity=65535 flags=0
[SEDP-HB-RUN69] host_utc=2026-09-28T11:14:08.244+00:00 host_mono_ns=2353067434542460 phase=checkpoint container_pid=14 [CR-RERUN-20260927] WASI_SOCKET event=sock_recv_from_return wasi_fd=10 wasi_errno=0 bytes=64 source=172.18.0.5:48580
[SEDP-HB-RUN69] host_utc=2026-09-28T11:14:08.244+00:00 host_mono_ns=2353067434553120 phase=checkpoint container_pid=14 [CR-RERUN-20260927] WASI_SOCKET event=sock_recv_from_enter wasi_fd=10 iovecs=1 capacity=65535 flags=0
[SEDP-HB-RUN69] host_utc=2026-09-28T11:14:08.244+00:00 host_mono_ns=2353067434563700 phase=checkpoint container_pid=14 [CR-RERUN-20260927] WASI_SOCKET event=sock_recv_from_return wasi_fd=10 wasi_errno=0 bytes=64 source=172.18.0.5:48580
[SEDP-HB-RUN69] host_utc=2026-09-28T11:14:08.244+00:00 host_mono_ns=2353067434574280 phase=checkpoint container_pid=14 [CR-RERUN-20260927] WASI_SOCKET event=sock_recv_from_enter wasi_fd=10 iovecs=1 capacity=65535 flags=0
[SEDP-HB-RUN69] host_utc=2026-09-28T11:14:08.244+00:00 host_mono_ns=2353067434584780 phase=checkpoint container_pid=14 [CR-RERUN-20260927] WASI_SOCKET event=sock_recv_from_return wasi_fd=6 wasi_errno=0 bytes=280 source=172.18.0.5:44697
[SEDP-HB-RUN69] host_utc=2026-09-28T11:14:08.244+00:00 host_mono_ns=2353067434595350 phase=checkpoint container_pid=14 [CR-RERUN-20260927] WASI_SOCKET event=sock_recv_from_return wasi_fd=10 wasi_errno=0 bytes=280 source=172.18.0.5:48580
[SEDP-HB-RUN69] host_utc=2026-09-28T11:14:08.244+00:00 host_mono_ns=2353067434605950 phase=checkpoint container_pid=14 [CR-RERUN-20260927] WASI_SOCKET event=sock_recv_from_enter wasi_fd=6 iovecs=1 capacity=65535 flags=0
[SEDP-HB-RUN69] host_utc=2026-09-28T11:14:08.244+00:00 host_mono_ns=2353067434616610 phase=checkpoint container_pid=14 [CR-RERUN-20260927] WASI_SOCKET event=sock_recv_from_enter wasi_fd=10 iovecs=1 capacity=65535 flags=0
[SEDP-HB-RUN69] host_utc=2026-09-28T11:14:08.244+00:00 host_mono_ns=2353067434627260 phase=checkpoint container_pid=14 [CR-RERUN-20260927] WASI_SOCKET event=sock_recv_from_return wasi_fd=10 wasi_errno=0 bytes=280 source=172.18.0.5:48580
[SEDP-HB-RUN69] host_utc=2026-09-28T11:14:08.244+00:00 host_mono_ns=2353067434637860 phase=checkpoint container_pid=14 [CR-RERUN-20260927] WASI_SOCKET event=sock_recv_from_return wasi_fd=6 wasi_errno=0 bytes=280 source=172.18.0.5:44697
[SEDP-HB-RUN69] host_utc=2026-09-28T11:14:08.244+00:00 host_mono_ns=2353067434648380 phase=checkpoint container_pid=14 [CR-RERUN-20260927] WASI_SOCKET event=sock_recv_from_enter wasi_fd=10 iovecs=1 capacity=65535 flags=0
[SEDP-HB-RUN69] host_utc=2026-09-28T11:14:08.244+00:00 host_mono_ns=2353067434658960 phase=checkpoint container_pid=14 [CR-RERUN-20260927] WASI_SOCKET event=sock_recv_from_enter wasi_fd=6 iovecs=1 capacity=65535 flags=0
[SEDP-HB-RUN69] host_utc=2026-09-28T11:14:08.244+00:00 host_mono_ns=2353067434680441 phase=checkpoint container_pid=14 [CR-RERUN-20260927] WASI_SOCKET event=sock_recv_from_return wasi_fd=10 wasi_errno=0 bytes=64 source=172.18.0.5:48580
[SEDP-HB-RUN69] host_utc=2026-09-28T11:14:08.244+00:00 host_mono_ns=2353067434691231 phase=checkpoint container_pid=14 [CR-RERUN-20260927] WASI_SOCKET event=sock_recv_from_enter wasi_fd=10 iovecs=1 capacity=65535 flags=0
[SEDP-HB-RUN69] host_utc=2026-09-28T11:14:08.244+00:00 host_mono_ns=2353067434701791 phase=checkpoint container_pid=14 [CR-RERUN-20260927] WASI_SOCKET event=sock_recv_from_return wasi_fd=10 wasi_errno=0 bytes=64 source=172.18.0.5:48580
[SEDP-HB-RUN69] host_utc=2026-09-28T11:14:08.244+00:00 host_mono_ns=2353067434712441 phase=checkpoint container_pid=14 [CR-RERUN-20260927] WASI_SOCKET event=sock_recv_from_enter wasi_fd=10 iovecs=1 capacity=65535 flags=0
[SEDP-HB-RUN69] host_utc=2026-09-28T11:14:08.344+00:00 host_mono_ns=2353067535058992 phase=checkpoint container_pid=14 [CR-RERUN-20260927]LOG_NOTICE : 00000015.107 : LOG_NOTICE : 00000015.107 : [DEBUG-CR-RX-20260924] udp.recvfrom succeeded: mcp=0xdbee14 sd=10 local_port=7410 len=280 peer=ac120005:48580[DEBUG-CR-RX-20260924] udp.recvfrom succeeded: mcp=0xdbeddc sd=6 local_port=7400 len=280 peer=ac120005:44697
[SEDP-HB-RUN69] host_utc=2026-09-28T11:14:08.344+00:00 host_mono_ns=2353067535105731 phase=checkpoint container_pid=14 
[SEDP-HB-RUN69] host_utc=2026-09-28T11:14:08.344+00:00 host_mono_ns=2353067535123574 phase=checkpoint container_pid=14 [CR-RERUN-20260927] RTPS_DATA parse=ok source_prefix=010f06411e00ffff00000000 reader_id=000100c7 writer_id=000100c2 sequence=0:1 payload_bytes=224 reader_found=1
[SEDP-HB-RUN69] host_utc=2026-09-28T11:14:08.344+00:00 host_mono_ns=2353067535139685 phase=checkpoint container_pid=14 [CR-RERUN-20260927] RTPS_DATA_DELIVERY result=newChange kind=user sequence=0:1
[SEDP-HB-RUN69] host_utc=2026-09-28T11:14:08.344+00:00 host_mono_ns=2353067535155735 phase=checkpoint container_pid=14 [CR-RERUN-20260927] RTPS_DATA parse=ok source_prefix=010f06411e00ffff00000000 reader_id=000100c7 writer_id=000100c2 sequence=0:1 payload_bytes=224 reader_found=1
[SEDP-HB-RUN69] host_utc=2026-09-28T11:14:08.345+00:00 host_mono_ns=2353067535170803 phase=checkpoint container_pid=14 [CR-RERUN-20260927] RTPS_DATA_DELIVERY result=newChange kind=user sequence=0:1
[SEDP-HB-RUN69] host_utc=2026-09-28T11:14:08.345+00:00 host_mono_ns=2353067535185762 phase=checkpoint container_pid=14 LOG_NOTICE : 00000015.142 : [DEBUG-CR-RX-20260924] udp.recvfrom succeeded: mcp=0xdbeddc sd=6 local_port=7400 len=204 peer=ac120003:7400
[SEDP-HB-RUN69] host_utc=2026-09-28T11:14:08.380+00:00 host_mono_ns=2353067570264271 phase=checkpoint container_pid=14 LOG_NOTICE : 00000015.208 : LOG_NOTICE : 00000015.208 : [DEBUG-CR-RX-20260924] udp.recvfrom succeeded: mcp=0xdbee14 sd=10 local_port=7410 len=280 peer=ac120005:48580[DEBUG-CR-RX-20260924] udp.recvfrom succeeded: mcp=0xdbeddc sd=6 local_port=7400 len=280 peer=ac120005:44697
[SEDP-HB-RUN69] host_utc=2026-09-28T11:14:08.380+00:00 host_mono_ns=2353067570309877 phase=checkpoint container_pid=14 
[SEDP-HB-RUN69] host_utc=2026-09-28T11:14:08.380+00:00 host_mono_ns=2353067570327951 phase=checkpoint container_pid=14 [CR-RERUN-20260927] RTPS_DATA parse=ok source_prefix=010f06411e00ffff00000000 reader_id=000100c7 writer_id=000100c2 sequence=0:1 payload_bytes=224 reader_found=1
[SEDP-HB-RUN69] host_utc=2026-09-28T11:14:08.380+00:00 host_mono_ns=2353067570343951 phase=checkpoint container_pid=14 [CR-RERUN-20260927] RTPS_DATA_DELIVERY result=newChange kind=user sequence=0:1
[SEDP-HB-RUN69] host_utc=2026-09-28T11:14:08.380+00:00 host_mono_ns=2353067570360152 phase=checkpoint container_pid=14 [CR-RERUN-20260927] RTPS_DATA parse=ok source_prefix=010f06411e00ffff00000000 reader_id=000100c7 writer_id=000100c2 sequence=0:1 payload_bytes=224 reader_found=1
[SEDP-HB-RUN69] host_utc=2026-09-28T11:14:08.380+00:00 host_mono_ns=2353067570375200 phase=checkpoint container_pid=14 [CR-RERUN-20260927] RTPS_DATA_DELIVERY result=newChange kind=user sequence=0:1
[SEDP-HB-RUN69] host_utc=2026-09-28T11:14:08.380+00:00 host_mono_ns=2353067570418111 phase=checkpoint container_pid=14 [CR-RERUN-20260927] APP publish_begin topic=/to_linux id=15 payload='Hello from mros2-posix onto Linux: 15'
[SEDP-HB-RUN69] host_utc=2026-09-28T11:14:08.380+00:00 host_mono_ns=2353067570430374 phase=checkpoint container_pid=14 [CR-RERUN-20260927] APP publish_return topic=/to_linux id=15
[SEDP-HB-RUN69] host_utc=2026-09-28T11:14:08.380+00:00 host_mono_ns=2353067570441585 phase=checkpoint container_pid=14 LOG_NOTICE : 00000015.241 : [DEBUG-CR-RX-20260924] udp.recvfrom succeeded: mcp=0xdbedf8 sd=9 local_port=7411 len=104 peer=ac120005:7411
[SEDP-HB-RUN69] host_utc=2026-09-28T11:14:08.441+00:00 host_mono_ns=2353067631246035 phase=checkpoint container_pid=14 [CR-RERUN-20260927] RTPS_DATA parse=ok source_prefix=f75b907a613af145ede21c00 reader_id=00000204 writer_id=00000103 sequence=0:12 payload_bytes=48 reader_found=1
[SEDP-HB-RUN69] host_utc=2026-09-28T11:14:08.441+00:00 host_mono_ns=2353067631275480 phase=checkpoint container_pid=14 LOG_DEBUG : 00000015.244 : [MROS2LIB] message get [callback_handler] msg_sn_high: 0 msg_sn_low: c
[SEDP-HB-RUN69] host_utc=2026-09-28T11:14:08.441+00:00 host_mono_ns=2353067631288245 phase=checkpoint container_pid=14 [CR-RERUN-20260927] RTPS_DATA_DELIVERY result=newChange kind=user sequence=0:12
[SEDP-HB-RUN69] host_utc=2026-09-28T11:14:08.441+00:00 host_mono_ns=2353067631299115 phase=checkpoint container_pid=14 [CR-RERUN-20260927] APP callback topic=/to_stm id=15 payload='Hello from mros2-posix onto Linux: 15'
[SEDP-HB-RUN69] host_utc=2026-09-28T11:14:08.441+00:00 host_mono_ns=2353067631309885 phase=checkpoint container_pid=14 LOG_NOTICE : 00000015.291 : [DEBUG-CR-RX-20260924] udp.recvfrom succeeded: mcp=0xdbee14 sd=10 local_port=7410 len=52 peer=ac120005:7410
[SEDP-HB-RUN69] host_utc=2026-09-28T11:14:08.441+00:00 host_mono_ns=2353067631320666 phase=checkpoint container_pid=14 LOG_NOTICE : 00000015.291 : [DEBUG-CR-RX-20260924] udp.recvfrom succeeded: mcp=0xdbee14 sd=10 local_port=7410 len=52 peer=ac120005:7410
[SEDP-HB-RUN69] host_utc=2026-09-28T11:14:08.441+00:00 host_mono_ns=2353067631331296 phase=checkpoint container_pid=14 LOG_NOTICE : 00000015.294 : [DEBUG-CR-RX-20260924] udp.recvfrom succeeded: mcp=0xdbeddc sd=6 local_port=7400 len=204 peer=ac120005:7400
[SEDP-HB-RUN69] host_utc=2026-09-28T11:14:08.441+00:00 host_mono_ns=2353067631341806 phase=checkpoint container_pid=14 [CR-RERUN-20260927] RTPS_DATA parse=ok source_prefix=f75b907a613af145ede21c00 reader_id=000100c7 writer_id=000100c2 sequence=0:1 payload_bytes=148 reader_found=1
[SEDP-HB-RUN69] host_utc=2026-09-28T11:14:08.441+00:00 host_mono_ns=2353067631352666 phase=checkpoint container_pid=14 [CR-RERUN-20260927] RTPS_DATA_DELIVERY result=newChange kind=user sequence=0:1
[SEDP-HB-RUN69] host_utc=2026-09-28T11:14:08.441+00:00 host_mono_ns=2353067631940987 phase=checkpoint container_pid=14 LOG_NOTICE : 00000015.304 : [DEBUG-CR-RX-20260924] udp.recvfrom succeeded: mcp=0xdbee14 sd=10 local_port=7410 len=64 peer=ac120005:48580
[SEDP-HB-RUN69] host_utc=2026-09-28T11:14:08.441+00:00 host_mono_ns=2353067631958070 phase=checkpoint container_pid=14 LOG_NOTICE : 00000015.305 : [DEBUG-CR-RX-20260924] udp.recvfrom succeeded: mcp=0xdbee14 sd=10 local_port=7410 len=64 peer=ac120005:48580
[SEDP-HB-RUN69] host_utc=2026-09-28T11:14:08.441+00:00 host_mono_ns=2353067631969431 phase=checkpoint container_pid=14 [SEDP-HB] seq=87 mono_ns=2353067631339862 event=acknack_received writer=sedp_publications source_prefix=010f06411e00ffff00000000 reader_id=000003:c7 base=0:0 num_bits=0 count=6
[SEDP-HB-RUN69] host_utc=2026-09-28T11:14:08.442+00:00 host_mono_ns=2353067632268797 phase=checkpoint container_pid=14 [SEDP-HB] seq=88 mono_ns=2353067631822293 event=acknack_dispatch writer=sedp_publications writer_found=1
[SEDP-HB-RUN69] host_utc=2026-09-28T11:14:08.442+00:00 host_mono_ns=2353067632598019 phase=checkpoint container_pid=14 [SEDP-HB] seq=89 mono_ns=2353067632112321 event=on_acknack_enter writer=sedp_publications base=0:0 num_bits=0 count=6
[SEDP-HB-RUN69] host_utc=2026-09-28T11:14:08.442+00:00 host_mono_ns=2353067632764654 phase=checkpoint container_pid=14 [SEDP-HB] seq=90 mono_ns=2353067632472081 event=acknack_drop writer=sedp_publications reason=no_matching_reader_proxy
[SEDP-HB-RUN69] host_utc=2026-09-28T11:14:08.443+00:00 host_mono_ns=2353067633382030 phase=checkpoint container_pid=14 [SEDP-HB] seq=91 mono_ns=2353067632801824 event=acknack_received writer=sedp_subscriptions source_prefix=010f06411e00ffff00000000 reader_id=000004:c7 base=0:0 num_bits=0 count=6
[SEDP-HB-RUN69] host_utc=2026-09-28T11:14:08.443+00:00 host_mono_ns=2353067633627784 phase=checkpoint container_pid=14 [SEDP-HB] seq=92 mono_ns=2353067633280238 event=acknack_dispatch writer=sedp_subscriptions writer_found=1
[SEDP-HB-RUN69] host_utc=2026-09-28T11:14:08.443+00:00 host_mono_ns=2353067633966203 phase=checkpoint container_pid=14 [SEDP-HB] seq=93 mono_ns=2353067633560637 event=on_acknack_enter writer=sedp_subscriptions base=0:0 num_bits=0 count=6
[SEDP-HB-RUN69] host_utc=2026-09-28T11:14:08.444+00:00 host_mono_ns=2353067634214082 phase=checkpoint container_pid=14 [SEDP-HB] seq=94 mono_ns=2353067633918313 event=acknack_drop writer=sedp_subscriptions reason=no_matching_reader_proxy
[SEDP-HB-RUN69] host_utc=2026-09-28T11:14:08.466+00:00 host_mono_ns=2353067656300476 phase=checkpoint container_pid=14 LOG_NOTICE : 00000015.308 : LOG_NOTICE : 00000015.308 : [DEBUG-CR-RX-20260924] udp.recvfrom succeeded: mcp=0xdbee14 sd=10 local_port=7410 len=280 peer=ac120005:48580[DEBUG-CR-RX-20260924] udp.recvfrom succeeded: mcp=0xdbeddc sd=6 local_port=7400 len=280 peer=ac120005:44697
[SEDP-HB-RUN69] host_utc=2026-09-28T11:14:08.466+00:00 host_mono_ns=2353067656319873 phase=checkpoint container_pid=14 
[SEDP-HB-RUN69] host_utc=2026-09-28T11:14:08.466+00:00 host_mono_ns=2353067656329060 phase=checkpoint container_pid=14 [CR-RERUN-20260927] RTPS_DATA parse=ok source_prefix=010f06411e00ffff00000000 reader_id=000100c7 writer_id=000100c2 sequence=0:1 payload_bytes=224 reader_found=1
[SEDP-HB-RUN69] host_utc=2026-09-28T11:14:08.466+00:00 host_mono_ns=2353067656337757 phase=checkpoint container_pid=14 [CR-RERUN-20260927] RTPS_DATA_DELIVERY result=newChange kind=user sequence=0:1
[SEDP-HB-RUN69] host_utc=2026-09-28T11:14:08.466+00:00 host_mono_ns=2353067656345892 phase=checkpoint container_pid=14 [CR-RERUN-20260927] RTPS_DATA parse=ok source_prefix=010f06411e00ffff00000000 reader_id=000100c7 writer_id=000100c2 sequence=0:1 payload_bytes=224 reader_found=1
[SEDP-HB-RUN69] host_utc=2026-09-28T11:14:08.466+00:00 host_mono_ns=2353067656353497 phase=checkpoint container_pid=14 [CR-RERUN-20260927] RTPS_DATA_DELIVERY result=newChange kind=user sequence=0:1
[SEDP-HB-RUN69] host_utc=2026-09-28T11:14:08.466+00:00 host_mono_ns=2353067656361021 phase=checkpoint container_pid=14 LOG_NOTICE : 00000015.329 : [DEBUG-CR-RX-20260924] udp.recvfrom succeeded: mcp=0xdbee14 sd=10 local_port=7410 len=120 peer=ac120005:48580
[SEDP-HB-RUN69] host_utc=2026-09-28T11:14:08.466+00:00 host_mono_ns=2353067656814076 phase=checkpoint container_pid=14 LOG_NOTICE : 00000015.329 : [CR-RERUN-20260927] RTPS_DATA parse=ok source_prefix=01[DEBUG-CR-RX-20260924] udp.recvfrom succeeded: mcp= WASI_SOCKET event=sock_recv_from_return wasi_fd=10 wasi_errno=0 bytes=280 source=172.18.0.5:48580
[SEDP-HB-RUN69] host_utc=2026-09-28T11:14:08.466+00:00 host_mono_ns=2353067656836449 phase=checkpoint container_pid=14 [CR-RERUN-20260927] WASI_SOCKET event=sock_recv_from_return wasi_fd=6 wasi_errno=0 bytes=280 source=172.18.0.5:44697
[SEDP-HB-RUN69] host_utc=2026-09-28T11:14:08.466+00:00 host_mono_ns=2353067656851237 phase=checkpoint container_pid=14 [CR-RERUN-20260927] WASI_SOCKET event=sock_recv_from_enter wasi_fd=10 iovecs=1 capacity=65535 flags=0
[SEDP-HB-RUN69] host_utc=2026-09-28T11:14:08.466+00:00 host_mono_ns=2353067656865484 phase=checkpoint container_pid=14 [CR-RERUN-20260927] WASI_SOCKET event=sock_recv_from_enter wasi_fd=6 iovecs=1 capacity=65535 flags=0
[SEDP-HB-RUN69] host_utc=2026-09-28T11:14:08.466+00:00 host_mono_ns=2353067656893917 phase=checkpoint container_pid=14 [CR-RERUN-20260927] WASI_SOCKET event=sock_send_to_enter wasi_fd=6 bytes=204 flags=0 destination=239.255.0.1:7400
[SEDP-HB-RUN69] host_utc=2026-09-28T11:14:08.466+00:00 host_mono_ns=2353067656914396 phase=checkpoint container_pid=14 [CR-RERUN-20260927] WASI_SOCKET event=sock_recv_from_return wasi_fd=6 wasi_errno=0 bytes=204 source=172.18.0.3:7400
[SEDP-HB-RUN69] host_utc=2026-09-28T11:14:08.466+00:00 host_mono_ns=2353067656927891 phase=checkpoint container_pid=14 [CR-RERUN-20260927] WASI_SOCKET event=sock_send_to_return wasi_fd=6 wasi_errno=0 bytes=204
[SEDP-HB-RUN69] host_utc=2026-09-28T11:14:08.466+00:00 host_mono_ns=2353067656941858 phase=checkpoint container_pid=14 [CR-RERUN-20260927] WASI_SOCKET event=sock_recv_from_enter wasi_fd=6 iovecs=1 capacity=65535 flags=0
[SEDP-HB-RUN69] host_utc=2026-09-28T11:14:08.466+00:00 host_mono_ns=2353067656956495 phase=checkpoint container_pid=14 [CR-RERUN-20260927] WASI_SOCKET event=sock_recv_from_return wasi_fd=10 wasi_errno=0 bytes=280 source=172.18.0.5:48580
[SEDP-HB-RUN69] host_utc=2026-09-28T11:14:08.466+00:00 host_mono_ns=2353067656970282 phase=checkpoint container_pid=14 [CR-RERUN-20260927] WASI_SOCKET event=sock_recv_from_return wasi_fd=6 wasi_errno=0 bytes=280 source=172.18.0.5:44697
[SEDP-HB-RUN69] host_utc=2026-09-28T11:14:08.466+00:00 host_mono_ns=2353067656983907 phase=checkpoint container_pid=14 [CR-RERUN-20260927] WASI_SOCKET event=sock_recv_from_enter wasi_fd=10 iovecs=1 capacity=65535 flags=0
[SEDP-HB-RUN69] host_utc=2026-09-28T11:14:08.466+00:00 host_mono_ns=2353067656997283 phase=checkpoint container_pid=14 [CR-RERUN-20260927] WASI_SOCKET event=sock_recv_from_enter wasi_fd=6 iovecs=1 capacity=65535 flags=0
[SEDP-HB-RUN69] host_utc=2026-09-28T11:14:08.466+00:00 host_mono_ns=2353067657035274 phase=checkpoint container_pid=14 [CR-RERUN-20260927] WASI_SOCKET event=sock_send_to_enter wasi_fd=9 bytes=104 flags=0 destination=172.18.0.5:7411
[SEDP-HB-RUN69] host_utc=2026-09-28T11:14:08.466+00:00 host_mono_ns=2353067657052317 phase=checkpoint container_pid=14 [CR-RERUN-20260927] WASI_SOCKET event=sock_send_to_return wasi_fd=9 wasi_errno=0 bytes=104
[SEDP-HB-RUN69] host_utc=2026-09-28T11:14:08.466+00:00 host_mono_ns=2353067657065892 phase=checkpoint container_pid=14 [CR-RERUN-20260927] WASI_SOCKET event=sock_recv_from_return wasi_fd=9 wasi_errno=0 bytes=104 source=172.18.0.5:7411
[SEDP-HB-RUN69] host_utc=2026-09-28T11:14:08.466+00:00 host_mono_ns=2353067657079157 phase=checkpoint container_pid=14 [CR-RERUN-20260927] WASI_SOCKET event=sock_recv_from_enter wasi_fd=9 iovecs=1 capacity=65535 flags=0
[SEDP-HB-RUN69] host_utc=2026-09-28T11:14:08.466+00:00 host_mono_ns=2353067657092623 phase=checkpoint container_pid=14 [CR-RERUN-20260927] WASI_SOCKET event=sock_recv_from_return wasi_fd=10 wasi_errno=0 bytes=52 source=172.18.0.5:7410
[SEDP-HB-RUN69] host_utc=2026-09-28T11:14:08.466+00:00 host_mono_ns=2353067657105908 phase=checkpoint container_pid=14 [CR-RERUN-20260927] WASI_SOCKET event=sock_recv_from_enter wasi_fd=10 iovecs=1 capacity=65535 flags=0
[SEDP-HB-RUN69] host_utc=2026-09-28T11:14:08.466+00:00 host_mono_ns=2353067657119493 phase=checkpoint container_pid=14 [CR-RERUN-20260927] WASI_SOCKET event=sock_recv_from_return wasi_fd=10 wasi_errno=0 bytes=52 source=172.18.0.5:7410
[SEDP-HB-RUN69] host_utc=2026-09-28T11:14:08.466+00:00 host_mono_ns=2353067657132959 phase=checkpoint container_pid=14 [CR-RERUN-20260927] WASI_SOCKET event=sock_send_to_enter wasi_fd=10 bytes=48 flags=0 destination=172.18.0.5:7410
[SEDP-HB-RUN69] host_utc=2026-09-28T11:14:08.466+00:00 host_mono_ns=2353067657146284 phase=checkpoint container_pid=14 [CR-RERUN-20260927] WASI_SOCKET event=sock_send_to_return wasi_fd=10 wasi_errno=0 bytes=48
[SEDP-HB-RUN69] host_utc=2026-09-28T11:14:08.466+00:00 host_mono_ns=2353067657159679 phase=checkpoint container_pid=14 [CR-RERUN-20260927] WASI_SOCKET event=sock_recv_from_enter wasi_fd=10 iovecs=1 capacity=65535 flags=0
[SEDP-HB-RUN69] host_utc=2026-09-28T11:14:08.467+00:00 host_mono_ns=2353067657172974 phase=checkpoint container_pid=14 [CR-RERUN-20260927] WASI_SOCKET event=sock_send_to_enter wasi_fd=10 bytes=48 flags=0 destination=172.18.0.5:7410
[SEDP-HB-RUN69] host_utc=2026-09-28T11:14:08.467+00:00 host_mono_ns=2353067657202841 phase=checkpoint container_pid=14 [CR-RERUN-20260927] WASI_SOCKET event=sock_send_to_return wasi_fd=10 wasi_errno=0 bytes=48
[SEDP-HB-RUN69] host_utc=2026-09-28T11:14:08.467+00:00 host_mono_ns=2353067657217719 phase=checkpoint container_pid=14 [CR-RERUN-20260927] WASI_SOCKET event=sock_recv_from_return wasi_fd=6 wasi_errno=0 bytes=204 source=172.18.0.5:7400
[SEDP-HB-RUN69] host_utc=2026-09-28T11:14:08.467+00:00 host_mono_ns=2353067657231836 phase=checkpoint container_pid=14 [CR-RERUN-20260927] WASI_SOCKET event=sock_recv_from_enter wasi_fd=6 iovecs=1 capacity=65535 flags=0
[SEDP-HB-RUN69] host_utc=2026-09-28T11:14:08.467+00:00 host_mono_ns=2353067657245962 phase=checkpoint container_pid=14 [CR-RERUN-20260927] WASI_SOCKET event=sock_recv_from_return wasi_fd=10 wasi_errno=0 bytes=64 source=172.18.0.5:48580
[SEDP-HB-RUN69] host_utc=2026-09-28T11:14:08.467+00:00 host_mono_ns=2353067657260380 phase=checkpoint container_pid=14 [CR-RERUN-20260927] WASI_SOCKET event=sock_recv_from_enter wasi_fd=10 iovecs=1 capacity=65535 flags=0
[SEDP-HB-RUN69] host_utc=2026-09-28T11:14:08.467+00:00 host_mono_ns=2353067657276270 phase=checkpoint container_pid=14 [CR-RERUN-20260927] WASI_SOCKET event=sock_recv_from_return wasi_fd=10 wasi_errno=0 bytes=64 source=172.18.0.5:48580
[SEDP-HB-RUN69] host_utc=2026-09-28T11:14:08.467+00:00 host_mono_ns=2353067657292400 phase=checkpoint container_pid=14 [CR-RERUN-20260927] WASI_SOCKET event=sock_recv_from_enter wasi_fd=10 iovecs=1 capacity=65535 flags=0
[SEDP-HB-RUN69] host_utc=2026-09-28T11:14:08.467+00:00 host_mono_ns=2353067657308340 phase=checkpoint container_pid=14 [CR-RERUN-20260927] WASI_SOCKET event=sock_recv_from_return wasi_fd=10 wasi_errno=0 bytes=280 source=172.18.0.5:48580
[SEDP-HB-RUN69] host_utc=2026-09-28T11:14:08.467+00:00 host_mono_ns=2353067657324381 phase=checkpoint container_pid=14 [CR-RERUN-20260927] WASI_SOCKET event=sock_recv_from_return wasi_fd=6 wasi_errno=0 bytes=280 source=172.18.0.5:44697
[SEDP-HB-RUN69] host_utc=2026-09-28T11:14:08.467+00:00 host_mono_ns=2353067657340371 phase=checkpoint container_pid=14 [CR-RERUN-20260927] WASI_SOCKET event=sock_recv_from_enter wasi_fd=10 iovecs=1 capacity=65535 flags=0
[SEDP-HB-RUN69] host_utc=2026-09-28T11:14:08.467+00:00 host_mono_ns=2353067657356511 phase=checkpoint container_pid=14 [CR-RERUN-20260927] WASI_SOCKET event=sock_recv_from_enter wasi_fd=6 iovecs=1 capacity=65535 flags=0
[SEDP-HB-RUN69] host_utc=2026-09-28T11:14:08.467+00:00 host_mono_ns=2353067657371940 phase=checkpoint container_pid=14 [CR-RERUN-20260927] WASI_SOCKET event=sock_recv_from_return wasi_fd=10 wasi_errno=0 bytes=120 source=172.18.0.5:48580
[SEDP-HB-RUN69] host_utc=2026-09-28T11:14:08.467+00:00 host_mono_ns=2353067657386087 phase=checkpoint container_pid=14 [CR-RERUN-20260927] WASI_SOCKET event=sock_recv_from_enter wasi_fd=10 iovecs=1 capacity=65535 flags=0
[SEDP-HB-RUN69] host_utc=2026-09-28T11:14:08.467+00:00 host_mono_ns=2353067657400514 phase=checkpoint container_pid=14 [CR-RERUN-20260927] WASI_SOCKET event=sock_recv_from_return wasi_fd=10 wasi_errno=0 bytes=88 source=172.18.0.5:48580
[SEDP-HB-RUN69] host_utc=2026-09-28T11:14:08.467+00:00 host_mono_ns=2353067657415903 phase=checkpoint container_pid=14 [CR-RERUN-20260927] WASI_SOCKET event=sock_recv_from_return wasi_fd=6 wasi_errno=0 bytes=116 source=172.18.0.5:44697
[SEDP-HB-RUN69] host_utc=2026-09-28T11:14:08.472+00:00 host_mono_ns=2353067662634342 phase=checkpoint container_pid=14 [CR-R0xdbee14 sd=10 local_port=7410 len=88 peer=ac120005:485800f
[SEDP-HB-RUN69] host_utc=2026-09-28T11:14:08.472+00:00 host_mono_ns=2353067662689737 phase=checkpoint container_pid=14 LOG_NOTICE : 00000015.330 : 06[DEBUG-CR-RX-20260924] udp.recvfrom succeeded: mcp=0xdbeddc sd=6 local_port=7400 len=116 peer=ac120005:44697LOG_NOTICE : 00000015.330 : 
[SEDP-HB-RUN69] host_utc=2026-09-28T11:14:08.472+00:00 host_mono_ns=2353067662725915 phase=checkpoint container_pid=14 41[DEBUG-CR-RX-20260924] udp.recvfrom succeeded: mcp=0xdbee14 sd=10 local_port=7410 len=120 peer=ac120005:485801e
[SEDP-HB-RUN69] host_utc=2026-09-28T11:14:08.472+00:00 host_mono_ns=2353067662749660 phase=checkpoint container_pid=14 00ffLOG_NOTICE : 00000015.331 : ff[DEBUG-CR-RX-20260924] udp.recvfrom succeeded: mcp=0xdbee14 sd=10 local_port=7410 len=120 peer=ac120005:4858000
[SEDP-HB-RUN69] host_utc=2026-09-28T11:14:08.472+00:00 host_mono_ns=2353067662765280 phase=checkpoint container_pid=14 0000LOG_NOTICE : 00000015.331 : 00[DEBUG-CR-RX-20260924] udp.recvfrom succeeded: mcp=0xdbee14 sd=10 local_port=7410 len=116 peer=ac120005:48580 reader_id=00
[SEDP-HB-RUN69] host_utc=2026-09-28T11:14:08.472+00:00 host_mono_ns=2353067662780458 phase=checkpoint container_pid=14 0003c7 writer_id=000003c2 sequence=0:4 payload_bytes=32 reader_found=1
[SEDP-HB-RUN69] host_utc=2026-09-28T11:14:08.472+00:00 host_mono_ns=2353067662794946 phase=checkpoint container_pid=14 [CR-RERUN-20260927] RTPS_DATA_DELIVERY result=newChange kind=user sequence=0:4
[SEDP-HB-RUN69] host_utc=2026-09-28T11:14:08.472+00:00 host_mono_ns=2353067662809924 phase=checkpoint container_pid=14 [CR-RERUN-20260927] RTPS_DATA parse=ok source_prefix=010f06411e00ffff00000000 reader_id=000003c7 writer_id=000003c2 sequence=0:5 payload_bytes=32 reader_found=1
[SEDP-HB-RUN69] host_utc=2026-09-28T11:14:09.060+00:00 host_mono_ns=2353068250453229 phase=checkpoint container_pid=14 [CR-RERUN-20260927] RTPS_DATA_DELIVERY result=newChange kind=user sequence=
[SEDP-HB-RUN69] phase=checkpoint container_pid=14 event=process_exit exit_status=143
