[CR-DISCOVERY-PROBE-R24] host_utc=2026-09-28T06:42:18.628+00:00 host_mono_ns=2336757818456377 event=collector_start host_pid=1757795 container=mros2-cr-run24-native-peer
[CR-DISCOVERY-PROBE-R24] host_utc=2026-09-28T06:42:18.698+00:00 host_mono_ns=2336757888470391 [CR-NATIVE-R04] event=process_start pid=14
[CR-DISCOVERY-PROBE-R24] host_utc=2026-09-28T06:42:18.698+00:00 host_mono_ns=2336757888859617 ipaddr=0x050012ac
[CR-DISCOVERY-PROBE-R24] host_utc=2026-09-28T06:42:18.698+00:00 host_mono_ns=2336757888872290 mask=0x00ffffff
[CR-DISCOVERY-PROBE-R24] host_utc=2026-09-28T06:42:18.698+00:00 host_mono_ns=2336757888878913 [CR-NATIVE-R04] event=netif_config ip=172.18.0.5 mask=255.255.255.0 result=0
[CR-DISCOVERY-PROBE-R24] host_utc=2026-09-28T06:42:18.698+00:00 host_mono_ns=2336757888884494 LOG_NOTICE : 00000000.000 : osKernelStart
[CR-DISCOVERY-PROBE-R24] host_utc=2026-09-28T06:42:18.698+00:00 host_mono_ns=2336757888889242 [CR-NATIVE-R04] event=mros2_init_begin
[CR-DISCOVERY-PROBE-R24] host_utc=2026-09-28T06:42:18.698+00:00 host_mono_ns=2336757888905684 LOG_DEBUG : 00000000.000 : mROS 2 initialization is completed
[CR-DISCOVERY-PROBE-R24] host_utc=2026-09-28T06:42:18.698+00:00 host_mono_ns=2336757888911274 
[CR-DISCOVERY-PROBE-R24] host_utc=2026-09-28T06:42:18.698+00:00 host_mono_ns=2336757888916043 LOG_DEBUG : 00000000.000 : [MROS2LIB] create_node
[CR-DISCOVERY-PROBE-R24] host_utc=2026-09-28T06:42:18.698+00:00 host_mono_ns=2336757888920762 LOG_DEBUG : 00000000.000 : [MROS2LIB] start creating participant
[CR-DISCOVERY-PROBE-R24] host_utc=2026-09-28T06:42:18.698+00:00 host_mono_ns=2336757888925601 LOG_DEBUG : 00000000.000 : [MROS2LIB] mros2_init task start
[CR-DISCOVERY-PROBE-R24] host_utc=2026-09-28T06:42:18.698+00:00 host_mono_ns=2336757888930350 LOG_DEBUG : 00000000.000 : /tmp/mros2-posix-run04-final-source/lwip-posix/src/core/udp.c udp_init() 28: enter
[CR-DISCOVERY-PROBE-R24] host_utc=2026-09-28T06:42:18.698+00:00 host_mono_ns=2336757888935670 LOG_DEBUG : 00000000.000 : [MROS2LIB] Initilizing lwIP complete
[CR-DISCOVERY-PROBE-R24] host_utc=2026-09-28T06:42:18.698+00:00 host_mono_ns=2336757888940269 LOG_DEBUG : 00000000.000 : /tmp/mros2-posix-run04-final-source/lwip-posix/src/core/udp.c udp_new() 307: enter
[CR-DISCOVERY-PROBE-R24] host_utc=2026-09-28T06:42:18.698+00:00 host_mono_ns=2336757888944938 LOG_DEBUG : 00000000.000 : /tmp/mros2-posix-run04-final-source/lwip-posix/src/core/udp_multicast_manager.c udp_mc_info_alloc() 24: enter
[CR-DISCOVERY-PROBE-R24] host_utc=2026-09-28T06:42:18.698+00:00 host_mono_ns=2336757888949857 LOG_DEBUG : 00000000.000 : /tmp/mros2-posix-run04-final-source/lwip-posix/src/core/udp_multicast_manager.c udp_mc_info_alloc() 42: mcp=0x7b3178000db0 exit
[CR-DISCOVERY-PROBE-R24] host_utc=2026-09-28T06:42:18.698+00:00 host_mono_ns=2336757888954876 LOG_DEBUG : 00000000.000 : /tmp/mros2-posix-run04-final-source/lwip-posix/src/core/udp.c udp_new() 327: exit
[CR-DISCOVERY-PROBE-R24] host_utc=2026-09-28T06:42:18.698+00:00 host_mono_ns=2336757888959555 LOG_DEBUG : 00000000.000 : /tmp/mros2-posix-run04-final-source/lwip-posix/src/core/udp.c udp_bind() 142: ipaddr=0x0 port=7401 enter
[CR-DISCOVERY-PROBE-R24] host_utc=2026-09-28T06:42:18.698+00:00 host_mono_ns=2336757888964475 LOG_DEBUG : 00000000.000 : /tmp/mros2-posix-run04-final-source/lwip-posix/src/core/udp.c udp_bind() 155: mcp exist 0x7b3178000db0
[CR-DISCOVERY-PROBE-R24] host_utc=2026-09-28T06:42:18.698+00:00 host_mono_ns=2336757888969234 LOG_DEBUG : 00000000.000 : /tmp/mros2-posix-run04-final-source/lwip-posix/src/core/udp.c udp_bind() 225: exit
[CR-DISCOVERY-PROBE-R24] host_utc=2026-09-28T06:42:18.698+00:00 host_mono_ns=2336757888973822 LOG_DEBUG : 00000000.000 : /tmp/mros2-posix-run04-final-source/lwip-posix/src/core/udp.c udp_recv() 240: enter
[CR-DISCOVERY-PROBE-R24] host_utc=2026-09-28T06:42:18.698+00:00 host_mono_ns=2336757888978441 LOG_DEBUG : 00000000.000 : /tmp/mros2-posix-run04-final-source/lwip-posix/src/core/udp.c udp_recv() 251: exit
[CR-DISCOVERY-PROBE-R24] host_utc=2026-09-28T06:42:18.698+00:00 host_mono_ns=2336757888983030 LOG_DEBUG : 00000000.000 : /tmp/mros2-posix-run04-final-source/lwip-posix/src/core/udp.c udp_new() 307: enter
[CR-DISCOVERY-PROBE-R24] host_utc=2026-09-28T06:42:18.698+00:00 host_mono_ns=2336757888992958 LOG_DEBUG : 00000000.000 : /tmp/mros2-posix-run04-final-source/lwip-posix/src/core/udp_multicast_manager.c udp_mc_info_alloc() 24: enter
[CR-DISCOVERY-PROBE-R24] host_utc=2026-09-28T06:42:18.698+00:00 host_mono_ns=2336757888997677 LOG_DEBUG : 00000000.000 : /tmp/mros2-posix-run04-final-source/lwip-posix/src/core/udp_multicast_manager.c udp_mc_info_alloc() 42: mcp=0x7b3178000dd0 exit
[CR-DISCOVERY-PROBE-R24] host_utc=2026-09-28T06:42:18.698+00:00 host_mono_ns=2336757889011493 LOG_DEBUG : 00000000.000 : /tmp/mros2-posix-run04-final-source/lwip-posix/src/core/udp.c udp_new() 327: exit
[CR-DISCOVERY-PROBE-R24] host_utc=2026-09-28T06:42:18.698+00:00 host_mono_ns=2336757889018887 LOG_DEBUG : 00000000.000 : /tmp/mros2-posix-run04-final-source/lwip-posix/src/core/udp.c udp_bind() 142: ipaddr=0x0 port=7400 enter
[CR-DISCOVERY-PROBE-R24] host_utc=2026-09-28T06:42:18.698+00:00 host_mono_ns=2336757889023646 LOG_DEBUG : 00000000.000 : /tmp/mros2-posix-run04-final-source/lwip-posix/src/core/udp.c udp_bind() 155: mcp exist 0x7b3178000dd0
[CR-DISCOVERY-PROBE-R24] host_utc=2026-09-28T06:42:18.698+00:00 host_mono_ns=2336757889028195 LOG_DEBUG : 00000000.000 : /tmp/mros2-posix-run04-final-source/lwip-posix/src/core/udp.c udp_bind() 225: exit
[CR-DISCOVERY-PROBE-R24] host_utc=2026-09-28T06:42:18.698+00:00 host_mono_ns=2336757889032693 LOG_DEBUG : 00000000.000 : /tmp/mros2-posix-run04-final-source/lwip-posix/src/core/udp.c udp_recv() 240: enter
[CR-DISCOVERY-PROBE-R24] host_utc=2026-09-28T06:42:18.698+00:00 host_mono_ns=2336757889037332 
[CR-DISCOVERY-PROBE-R24] host_utc=2026-09-28T06:42:18.698+00:00 host_mono_ns=2336757889041741 === DEBUG [lwip-posix]: thread_udp_recv thread started! ===
[CR-DISCOVERY-PROBE-R24] host_utc=2026-09-28T06:42:18.698+00:00 host_mono_ns=2336757889046359 LOG_NOTICE : 00000000.000 : thread_udp_recv:UP: mcp=0x7b3178000db0
[CR-DISCOVERY-PROBE-R24] host_utc=2026-09-28T06:42:18.698+00:00 host_mono_ns=2336757889051138 LOG_DEBUG : 00000000.000 : /tmp/mros2-posix-run04-final-source/lwip-posix/src/core/udp.c udp_recv() 251: exit
[CR-DISCOVERY-PROBE-R24] host_utc=2026-09-28T06:42:18.698+00:00 host_mono_ns=2336757889055987 LOG_DEBUG : 00000000.000 : /tmp/mros2-posix-run04-final-source/lwip-posix/src/core/udp_multicast_manager.c udp_mc_joingroup() 78: enter ifaddr=0x50012ac groupaddr=0x100ffef
[CR-DISCOVERY-PROBE-R24] host_utc=2026-09-28T06:42:18.698+00:00 host_mono_ns=2336757889061338 LOG_NOTICE : 00000000.000 : udp_mc_joingroup(): mcp=0x7b3178000db0 ifaddr=0x50012ac groupaddr=0x100ffef
[CR-DISCOVERY-PROBE-R24] host_utc=2026-09-28T06:42:18.698+00:00 host_mono_ns=2336757889066016 LOG_NOTICE : 00000000.000 : udp_mc_joingroup(): mcp=0x7b3178000dd0 ifaddr=0x50012ac groupaddr=0x100ffef
[CR-DISCOVERY-PROBE-R24] host_utc=2026-09-28T06:42:18.698+00:00 host_mono_ns=2336757889070595 LOG_DEBUG : 00000000.000 : /tmp/mros2-posix-run04-final-source/lwip-posix/src/core/udp_multicast_manager.c udp_mc_joingroup() 93: exit
[CR-DISCOVERY-PROBE-R24] host_utc=2026-09-28T06:42:18.698+00:00 host_mono_ns=2336757889075354 
[CR-DISCOVERY-PROBE-R24] host_utc=2026-09-28T06:42:18.698+00:00 host_mono_ns=2336757889079752 === DEBUG [lwip-posix]: thread_udp_recv thread started! ===
[CR-DISCOVERY-PROBE-R24] host_utc=2026-09-28T06:42:18.698+00:00 host_mono_ns=2336757889084571 LOG_NOTICE : 00000000.000 : thread_udp_recv:UP: mcp=0x7b3178000dd0
[CR-DISCOVERY-PROBE-R24] host_utc=2026-09-28T06:42:18.798+00:00 host_mono_ns=2336757988927473 LOG_DEBUG : 00000000.100 : /tmp/mros2-posix-run04-final-source/lwip-posix/src/core/udp.c udp_new() 307: enter
[CR-DISCOVERY-PROBE-R24] host_utc=2026-09-28T06:42:18.798+00:00 host_mono_ns=2336757988953242 LOG_DEBUG : 00000000.100 : /tmp/mros2-posix-run04-final-source/lwip-posix/src/core/udp_multicast_manager.c udp_mc_info_alloc() 24: enter
[CR-DISCOVERY-PROBE-R24] host_utc=2026-09-28T06:42:18.798+00:00 host_mono_ns=2336757988965084 LOG_DEBUG : 00000000.100 : /tmp/mros2-posix-run04-final-source/lwip-posix/src/core/udp_multicast_manager.c udp_mc_info_alloc() 42: mcp=0x7b3178000df0 exit
[CR-DISCOVERY-PROBE-R24] host_utc=2026-09-28T06:42:18.798+00:00 host_mono_ns=2336757988987536 LOG_DEBUG : 00000000.100 : /tmp/mros2-posix-run04-final-source/lwip-posix/src/core/udp.c udp_new() 327: exit
[CR-DISCOVERY-PROBE-R24] host_utc=2026-09-28T06:42:18.798+00:00 host_mono_ns=2336757988997956 LOG_DEBUG : 00000000.100 : /tmp/mros2-posix-run04-final-source/lwip-posix/src/core/udp.c udp_bind() 142: ipaddr=0x0 port=7411 enter
[CR-DISCOVERY-PROBE-R24] host_utc=2026-09-28T06:42:18.798+00:00 host_mono_ns=2336757989037260 LOG_DEBUG : 00000000.100 : /tmp/mros2-posix-run04-final-source/lwip-posix/src/core/udp.c udp_bind() 155: mcp exist 0x7b3178000df0
[CR-DISCOVERY-PROBE-R24] host_utc=2026-09-28T06:42:18.798+00:00 host_mono_ns=2336757989053000 LOG_DEBUG : 00000000.100 : /tmp/mros2-posix-run04-final-source/lwip-posix/src/core/udp.c udp_bind() 225: exit
[CR-DISCOVERY-PROBE-R24] host_utc=2026-09-28T06:42:18.798+00:00 host_mono_ns=2336757989062157 LOG_DEBUG : 00000000.100 : /tmp/mros2-posix-run04-final-source/lwip-posix/src/core/udp.c udp_recv() 240: enter
[CR-DISCOVERY-PROBE-R24] host_utc=2026-09-28T06:42:18.798+00:00 host_mono_ns=2336757989070854 LOG_DEBUG : 00000000.100 : /tmp/mros2-posix-run04-final-source/lwip-posix/src/core/udp.c udp_recv() 251: exit
[CR-DISCOVERY-PROBE-R24] host_utc=2026-09-28T06:42:18.798+00:00 host_mono_ns=2336757989079410 LOG_DEBUG : 00000000.100 : /tmp/mros2-posix-run04-final-source/lwip-posix/src/core/udp.c udp_new() 307: enter
[CR-DISCOVERY-PROBE-R24] host_utc=2026-09-28T06:42:18.798+00:00 host_mono_ns=2336757989088036 LOG_DEBUG : 00000000.100 : /tmp/mros2-posix-run04-final-source/lwip-posix/src/core/udp_multicast_manager.c udp_mc_info_alloc() 24: enter
[CR-DISCOVERY-PROBE-R24] host_utc=2026-09-28T06:42:18.798+00:00 host_mono_ns=2336757989096442 LOG_DEBUG : 00000000.100 : /tmp/mros2-posix-run04-final-source/lwip-posix/src/core/udp_multicast_manager.c udp_mc_info_alloc() 42: mcp=0x7b3178000e10 exit
[CR-DISCOVERY-PROBE-R24] host_utc=2026-09-28T06:42:18.798+00:00 host_mono_ns=2336757989104888 LOG_DEBUG : 00000000.100 : /tmp/mros2-posix-run04-final-source/lwip-posix/src/core/udp.c udp_new() 327: exit
[CR-DISCOVERY-PROBE-R24] host_utc=2026-09-28T06:42:18.798+00:00 host_mono_ns=2336757989113985 LOG_DEBUG : 00000000.100 : /tmp/mros2-posix-run04-final-source/lwip-posix/src/core/udp.c udp_bind() 142: ipaddr=0x0 port=7410 enter
[CR-DISCOVERY-PROBE-R24] host_utc=2026-09-28T06:42:18.798+00:00 host_mono_ns=2336757989126980 LOG_DEBUG : 00000000.100 : /tmp/mros2-posix-run04-final-source/lwip-posix/src/core/udp.c udp_bind() 155: mcp exist 0x7b3178000e10
[CR-DISCOVERY-PROBE-R24] host_utc=2026-09-28T06:42:18.798+00:00 host_mono_ns=2336757989138471 LOG_DEBUG : 00000000.100 : /tmp/mros2-posix-run04-final-source/lwip-posix/src/core/udp.c udp_bind() 225: exit
[CR-DISCOVERY-PROBE-R24] host_utc=2026-09-28T06:42:18.798+00:00 host_mono_ns=2336757989147188 LOG_DEBUG : 00000000.100 : /tmp/mros2-posix-run04-final-source/lwip-posix/src/core/udp.c udp_recv() 240: enter
[CR-DISCOVERY-PROBE-R24] host_utc=2026-09-28T06:42:18.798+00:00 host_mono_ns=2336757989155674 LOG_DEBUG : 00000000.100 : /tmp/mros2-posix-run04-final-source/lwip-posix/src/core/udp.c udp_recv() 251: exit
[CR-DISCOVERY-PROBE-R24] host_utc=2026-09-28T06:42:18.799+00:00 host_mono_ns=2336757989172446 
[CR-DISCOVERY-PROBE-R24] host_utc=2026-09-28T06:42:18.799+00:00 host_mono_ns=2336757989181332 === DEBUG [lwip-posix]: thread_udp_recv thread started! ===
[CR-DISCOVERY-PROBE-R24] host_utc=2026-09-28T06:42:18.799+00:00 host_mono_ns=2336757989189768 LOG_NOTICE : 00000000.100 : thread_udp_recv:UP: mcp=0x7b3178000e10
[CR-DISCOVERY-PROBE-R24] host_utc=2026-09-28T06:42:18.799+00:00 host_mono_ns=2336757989198104 
[CR-DISCOVERY-PROBE-R24] host_utc=2026-09-28T06:42:18.799+00:00 host_mono_ns=2336757989206139 === DEBUG [lwip-posix]: thread_udp_recv thread started! ===
[CR-DISCOVERY-PROBE-R24] host_utc=2026-09-28T06:42:18.799+00:00 host_mono_ns=2336757989214335 LOG_NOTICE : 00000000.100 : thread_udp_recv:UP: mcp=0x7b3178000df0
[CR-DISCOVERY-PROBE-R24] host_utc=2026-09-28T06:42:18.799+00:00 host_mono_ns=2336757989239913 LOG_DEBUG : 00000000.100 : [MROS2LIB] successfully created participant
[CR-DISCOVERY-PROBE-R24] host_utc=2026-09-28T06:42:18.799+00:00 host_mono_ns=2336757989248810 LOG_DEBUG : 00000000.100 : [MROS2LIB] create_publisher complete.
[CR-DISCOVERY-PROBE-R24] host_utc=2026-09-28T06:42:18.799+00:00 host_mono_ns=2336757989257346 LOG_DEBUG : 00000000.100 : [MROS2LIB] create_subscription complete.
[CR-DISCOVERY-PROBE-R24] host_utc=2026-09-28T06:42:18.899+00:00 host_mono_ns=2336758089925484 LOG_NOTICE : 00000000.201 : native peer ready: /to_linux -> /to_stm
[CR-DISCOVERY-PROBE-R24] host_utc=2026-09-28T06:42:18.899+00:00 host_mono_ns=2336758089977442 
[CR-DISCOVERY-PROBE-R24] host_utc=2026-09-28T06:42:18.899+00:00 host_mono_ns=2336758089986920 [CR-NATIVE-R04] event=peer_ready subscribe=/to_linux publish=/to_stm type=std_msgs/msg/String
[CR-DISCOVERY-PROBE-R24] host_utc=2026-09-28T06:42:18.899+00:00 host_mono_ns=2336758090094193 LOG_DEBUG : 00000000.201 : [MROS2LIB] Initilizing Domain complete
[CR-DISCOVERY-PROBE-R24] host_utc=2026-09-28T06:42:18.900+00:00 host_mono_ns=2336758090219029 
[CR-DISCOVERY-PROBE-R24] host_utc=2026-09-28T06:42:18.900+00:00 host_mono_ns=2336758090241000 === DEBUG [lwip-posix]: udp_sendto called! Bypassing to POSIX sendto ===
[CR-DISCOVERY-PROBE-R24] host_utc=2026-09-28T06:42:18.900+00:00 host_mono_ns=2336758090258423 
[CR-DISCOVERY-PROBE-R24] host_utc=2026-09-28T06:42:18.900+00:00 host_mono_ns=2336758090267470 === DEBUG [lwip-posix]: recvfrom received packet of len 204! Bypassing to pcb->recv ===
[CR-DISCOVERY-PROBE-R24] host_utc=2026-09-28T06:42:19.556+00:00 host_mono_ns=2336758746260955 
[CR-DISCOVERY-PROBE-R24] host_utc=2026-09-28T06:42:19.556+00:00 host_mono_ns=2336758746304678 === DEBUG [lwip-posix]: recvfrom received packet of len 204! Bypassing to pcb->recv ===
[CR-DISCOVERY-PROBE-R24] host_utc=2026-09-28T06:42:19.556+00:00 host_mono_ns=2336758746318714 
[CR-DISCOVERY-PROBE-R24] host_utc=2026-09-28T06:42:19.556+00:00 host_mono_ns=2336758746323624 === DEBUG [lwip-posix]: udp_sendto called! Bypassing to POSIX sendto ===
[CR-DISCOVERY-PROBE-R24] host_utc=2026-09-28T06:42:19.556+00:00 host_mono_ns=2336758746328713 
[CR-DISCOVERY-PROBE-R24] host_utc=2026-09-28T06:42:19.556+00:00 host_mono_ns=2336758746333031 === DEBUG [lwip-posix]: recvfrom received packet of len 204! Bypassing to pcb->recv ===
[CR-DISCOVERY-PROBE-R24] host_utc=2026-09-28T06:42:19.562+00:00 host_mono_ns=2336758752538572 
[CR-DISCOVERY-PROBE-R24] host_utc=2026-09-28T06:42:19.562+00:00 host_mono_ns=2336758752575682 === DEBUG [lwip-posix]: recvfrom received packet of len 52! Bypassing to pcb->recv ===
[CR-DISCOVERY-PROBE-R24] host_utc=2026-09-28T06:42:19.562+00:00 host_mono_ns=2336758752596601 
[CR-DISCOVERY-PROBE-R24] host_utc=2026-09-28T06:42:19.562+00:00 host_mono_ns=2336758752615387 === DEBUG [lwip-posix]: udp_sendto called! Bypassing to POSIX sendto ===
[CR-DISCOVERY-PROBE-R24] host_utc=2026-09-28T06:42:19.562+00:00 host_mono_ns=2336758752996036 
[CR-DISCOVERY-PROBE-R24] host_utc=2026-09-28T06:42:19.562+00:00 host_mono_ns=2336758753042944 === DEBUG [lwip-posix]: recvfrom received packet of len 204! Bypassing to pcb->recv ===
[CR-DISCOVERY-PROBE-R24] host_utc=2026-09-28T06:42:19.563+00:00 host_mono_ns=2336758753639822 
[CR-DISCOVERY-PROBE-R24] host_utc=2026-09-28T06:42:19.563+00:00 host_mono_ns=2336758753650782 === DEBUG [lwip-posix]: recvfrom received packet of len 52! Bypassing to pcb->recv ===
[CR-DISCOVERY-PROBE-R24] host_utc=2026-09-28T06:42:19.563+00:00 host_mono_ns=2336758753658166 
[CR-DISCOVERY-PROBE-R24] host_utc=2026-09-28T06:42:19.563+00:00 host_mono_ns=2336758753664739 === DEBUG [lwip-posix]: udp_sendto called! Bypassing to POSIX sendto ===
[CR-DISCOVERY-PROBE-R24] host_utc=2026-09-28T06:42:19.563+00:00 host_mono_ns=2336758754037352 
[CR-DISCOVERY-PROBE-R24] host_utc=2026-09-28T06:42:19.563+00:00 host_mono_ns=2336758754051339 === DEBUG [lwip-posix]: recvfrom received packet of len 216! Bypassing to pcb->recv ===
[CR-DISCOVERY-PROBE-R24] host_utc=2026-09-28T06:42:19.563+00:00 host_mono_ns=2336758754141920 LOG_DEBUG : 00000000.865 : [MROS2LIB] subscriber matched with remote publisher
[CR-DISCOVERY-PROBE-R24] host_utc=2026-09-28T06:42:19.564+00:00 host_mono_ns=2336758754970064 
[CR-DISCOVERY-PROBE-R24] host_utc=2026-09-28T06:42:19.564+00:00 host_mono_ns=2336758754983289 === DEBUG [lwip-posix]: recvfrom received packet of len 52! Bypassing to pcb->recv ===
[CR-DISCOVERY-PROBE-R24] host_utc=2026-09-28T06:42:19.564+00:00 host_mono_ns=2336758754991444 
[CR-DISCOVERY-PROBE-R24] host_utc=2026-09-28T06:42:19.564+00:00 host_mono_ns=2336758754997726 === DEBUG [lwip-posix]: udp_sendto called! Bypassing to POSIX sendto ===
[CR-DISCOVERY-PROBE-R24] host_utc=2026-09-28T06:42:19.565+00:00 host_mono_ns=2336758755589374 
[CR-DISCOVERY-PROBE-R24] host_utc=2026-09-28T06:42:19.565+00:00 host_mono_ns=2336758755602940 === DEBUG [lwip-posix]: recvfrom received packet of len 216! Bypassing to pcb->recv ===
[CR-DISCOVERY-PROBE-R24] host_utc=2026-09-28T06:42:19.565+00:00 host_mono_ns=2336758755609973 LOG_DEBUG : 00000000.867 : [MROS2LIB] publisher matched with remote subscriber
[CR-DISCOVERY-PROBE-R24] host_utc=2026-09-28T06:42:19.566+00:00 host_mono_ns=2336758756311438 
[CR-DISCOVERY-PROBE-R24] host_utc=2026-09-28T06:42:19.566+00:00 host_mono_ns=2336758756322048 === DEBUG [lwip-posix]: recvfrom received packet of len 52! Bypassing to pcb->recv ===
[CR-DISCOVERY-PROBE-R24] host_utc=2026-09-28T06:42:19.566+00:00 host_mono_ns=2336758756328961 
[CR-DISCOVERY-PROBE-R24] host_utc=2026-09-28T06:42:19.566+00:00 host_mono_ns=2336758756335202 === DEBUG [lwip-posix]: udp_sendto called! Bypassing to POSIX sendto ===
[CR-DISCOVERY-PROBE-R24] host_utc=2026-09-28T06:42:19.566+00:00 host_mono_ns=2336758756886453 
[CR-DISCOVERY-PROBE-R24] host_utc=2026-09-28T06:42:19.566+00:00 host_mono_ns=2336758756896162 === DEBUG [lwip-posix]: recvfrom received packet of len 216! Bypassing to pcb->recv ===
[CR-DISCOVERY-PROBE-R24] host_utc=2026-09-28T06:42:19.567+00:00 host_mono_ns=2336758757347855 
[CR-DISCOVERY-PROBE-R24] host_utc=2026-09-28T06:42:19.567+00:00 host_mono_ns=2336758757359858 === DEBUG [lwip-posix]: recvfrom received packet of len 52! Bypassing to pcb->recv ===
[CR-DISCOVERY-PROBE-R24] host_utc=2026-09-28T06:42:19.567+00:00 host_mono_ns=2336758757366440 
[CR-DISCOVERY-PROBE-R24] host_utc=2026-09-28T06:42:19.567+00:00 host_mono_ns=2336758757372612 === DEBUG [lwip-posix]: udp_sendto called! Bypassing to POSIX sendto ===
[CR-DISCOVERY-PROBE-R24] host_utc=2026-09-28T06:42:19.568+00:00 host_mono_ns=2336758758364225 
[CR-DISCOVERY-PROBE-R24] host_utc=2026-09-28T06:42:19.568+00:00 host_mono_ns=2336758758375055 === DEBUG [lwip-posix]: recvfrom received packet of len 52! Bypassing to pcb->recv ===
[CR-DISCOVERY-PROBE-R24] host_utc=2026-09-28T06:42:19.568+00:00 host_mono_ns=2336758758381788 
[CR-DISCOVERY-PROBE-R24] host_utc=2026-09-28T06:42:19.568+00:00 host_mono_ns=2336758758388140 === DEBUG [lwip-posix]: udp_sendto called! Bypassing to POSIX sendto ===
[CR-DISCOVERY-PROBE-R24] host_utc=2026-09-28T06:42:19.568+00:00 host_mono_ns=2336758758921828 
[CR-DISCOVERY-PROBE-R24] host_utc=2026-09-28T06:42:19.568+00:00 host_mono_ns=2336758758929292 === DEBUG [lwip-posix]: recvfrom received packet of len 52! Bypassing to pcb->recv ===
[CR-DISCOVERY-PROBE-R24] host_utc=2026-09-28T06:42:19.568+00:00 host_mono_ns=2336758758935764 
[CR-DISCOVERY-PROBE-R24] host_utc=2026-09-28T06:42:19.568+00:00 host_mono_ns=2336758758941936 === DEBUG [lwip-posix]: udp_sendto called! Bypassing to POSIX sendto ===
[CR-DISCOVERY-PROBE-R24] host_utc=2026-09-28T06:42:19.569+00:00 host_mono_ns=2336758760022787 
[CR-DISCOVERY-PROBE-R24] host_utc=2026-09-28T06:42:19.569+00:00 host_mono_ns=2336758760038427 === DEBUG [lwip-posix]: recvfrom received packet of len 52! Bypassing to pcb->recv ===
[CR-DISCOVERY-PROBE-R24] host_utc=2026-09-28T06:42:19.569+00:00 host_mono_ns=2336758760047033 
[CR-DISCOVERY-PROBE-R24] host_utc=2026-09-28T06:42:19.569+00:00 host_mono_ns=2336758760055158 === DEBUG [lwip-posix]: udp_sendto called! Bypassing to POSIX sendto ===
[CR-DISCOVERY-PROBE-R24] host_utc=2026-09-28T06:42:19.570+00:00 host_mono_ns=2336758760736465 
[CR-DISCOVERY-PROBE-R24] host_utc=2026-09-28T06:42:19.570+00:00 host_mono_ns=2336758760756202 === DEBUG [lwip-posix]: recvfrom received packet of len 52! Bypassing to pcb->recv ===
[CR-DISCOVERY-PROBE-R24] host_utc=2026-09-28T06:42:19.570+00:00 host_mono_ns=2336758760765279 
[CR-DISCOVERY-PROBE-R24] host_utc=2026-09-28T06:42:19.570+00:00 host_mono_ns=2336758760773515 === DEBUG [lwip-posix]: udp_sendto called! Bypassing to POSIX sendto ===
[CR-DISCOVERY-PROBE-R24] host_utc=2026-09-28T06:42:19.571+00:00 host_mono_ns=2336758761288748 
[CR-DISCOVERY-PROBE-R24] host_utc=2026-09-28T06:42:19.571+00:00 host_mono_ns=2336758761305069 === DEBUG [lwip-posix]: recvfrom received packet of len 52! Bypassing to pcb->recv ===
[CR-DISCOVERY-PROBE-R24] host_utc=2026-09-28T06:42:19.571+00:00 host_mono_ns=2336758761313725 
[CR-DISCOVERY-PROBE-R24] host_utc=2026-09-28T06:42:19.571+00:00 host_mono_ns=2336758761321690 === DEBUG [lwip-posix]: udp_sendto called! Bypassing to POSIX sendto ===
[CR-DISCOVERY-PROBE-R24] host_utc=2026-09-28T06:42:19.572+00:00 host_mono_ns=2336758762358038 
[CR-DISCOVERY-PROBE-R24] host_utc=2026-09-28T06:42:19.572+00:00 host_mono_ns=2336758762371593 === DEBUG [lwip-posix]: recvfrom received packet of len 52! Bypassing to pcb->recv ===
[CR-DISCOVERY-PROBE-R24] host_utc=2026-09-28T06:42:19.572+00:00 host_mono_ns=2336758762380109 
[CR-DISCOVERY-PROBE-R24] host_utc=2026-09-28T06:42:19.572+00:00 host_mono_ns=2336758762388074 === DEBUG [lwip-posix]: udp_sendto called! Bypassing to POSIX sendto ===
[CR-DISCOVERY-PROBE-R24] host_utc=2026-09-28T06:42:19.572+00:00 host_mono_ns=2336758763043953 
[CR-DISCOVERY-PROBE-R24] host_utc=2026-09-28T06:42:19.572+00:00 host_mono_ns=2336758763059993 === DEBUG [lwip-posix]: recvfrom received packet of len 52! Bypassing to pcb->recv ===
[CR-DISCOVERY-PROBE-R24] host_utc=2026-09-28T06:42:19.572+00:00 host_mono_ns=2336758763068570 
[CR-DISCOVERY-PROBE-R24] host_utc=2026-09-28T06:42:19.572+00:00 host_mono_ns=2336758763076505 === DEBUG [lwip-posix]: udp_sendto called! Bypassing to POSIX sendto ===
[CR-DISCOVERY-PROBE-R24] host_utc=2026-09-28T06:42:19.573+00:00 host_mono_ns=2336758764140745 
[CR-DISCOVERY-PROBE-R24] host_utc=2026-09-28T06:42:19.573+00:00 host_mono_ns=2336758764153980 === DEBUG [lwip-posix]: recvfrom received packet of len 52! Bypassing to pcb->recv ===
[CR-DISCOVERY-PROBE-R24] host_utc=2026-09-28T06:42:19.573+00:00 host_mono_ns=2336758764162386 
[CR-DISCOVERY-PROBE-R24] host_utc=2026-09-28T06:42:19.574+00:00 host_mono_ns=2336758764170291 === DEBUG [lwip-posix]: udp_sendto called! Bypassing to POSIX sendto ===
[CR-DISCOVERY-PROBE-R24] host_utc=2026-09-28T06:42:19.574+00:00 host_mono_ns=2336758764863470 
[CR-DISCOVERY-PROBE-R24] host_utc=2026-09-28T06:42:19.574+00:00 host_mono_ns=2336758764876925 === DEBUG [lwip-posix]: recvfrom received packet of len 52! Bypassing to pcb->recv ===
[CR-DISCOVERY-PROBE-R24] host_utc=2026-09-28T06:42:19.574+00:00 host_mono_ns=2336758764885331 
[CR-DISCOVERY-PROBE-R24] host_utc=2026-09-28T06:42:19.574+00:00 host_mono_ns=2336758764893316 === DEBUG [lwip-posix]: udp_sendto called! Bypassing to POSIX sendto ===
[CR-DISCOVERY-PROBE-R24] host_utc=2026-09-28T06:42:19.575+00:00 host_mono_ns=2336758765933641 
[CR-DISCOVERY-PROBE-R24] host_utc=2026-09-28T06:42:19.575+00:00 host_mono_ns=2336758765950583 === DEBUG [lwip-posix]: recvfrom received packet of len 52! Bypassing to pcb->recv ===
[CR-DISCOVERY-PROBE-R24] host_utc=2026-09-28T06:42:19.575+00:00 host_mono_ns=2336758765959349 
[CR-DISCOVERY-PROBE-R24] host_utc=2026-09-28T06:42:19.575+00:00 host_mono_ns=2336758765967294 === DEBUG [lwip-posix]: udp_sendto called! Bypassing to POSIX sendto ===
[CR-DISCOVERY-PROBE-R24] host_utc=2026-09-28T06:42:19.576+00:00 host_mono_ns=2336758766470355 
[CR-DISCOVERY-PROBE-R24] host_utc=2026-09-28T06:42:19.576+00:00 host_mono_ns=2336758766483590 === DEBUG [lwip-posix]: recvfrom received packet of len 52! Bypassing to pcb->recv ===
[CR-DISCOVERY-PROBE-R24] host_utc=2026-09-28T06:42:19.576+00:00 host_mono_ns=2336758766502796 
[CR-DISCOVERY-PROBE-R24] host_utc=2026-09-28T06:42:19.576+00:00 host_mono_ns=2336758766510871 === DEBUG [lwip-posix]: udp_sendto called! Bypassing to POSIX sendto ===
[CR-DISCOVERY-PROBE-R24] host_utc=2026-09-28T06:42:19.577+00:00 host_mono_ns=2336758767446218 
[CR-DISCOVERY-PROBE-R24] host_utc=2026-09-28T06:42:19.577+00:00 host_mono_ns=2336758767463641 === DEBUG [lwip-posix]: recvfrom received packet of len 52! Bypassing to pcb->recv ===
[CR-DISCOVERY-PROBE-R24] host_utc=2026-09-28T06:42:19.577+00:00 host_mono_ns=2336758767472577 
[CR-DISCOVERY-PROBE-R24] host_utc=2026-09-28T06:42:19.577+00:00 host_mono_ns=2336758767480573 === DEBUG [lwip-posix]: udp_sendto called! Bypassing to POSIX sendto ===
[CR-DISCOVERY-PROBE-R24] host_utc=2026-09-28T06:42:19.578+00:00 host_mono_ns=2336758768188329 
[CR-DISCOVERY-PROBE-R24] host_utc=2026-09-28T06:42:19.578+00:00 host_mono_ns=2336758768203097 === DEBUG [lwip-posix]: recvfrom received packet of len 52! Bypassing to pcb->recv ===
[CR-DISCOVERY-PROBE-R24] host_utc=2026-09-28T06:42:19.578+00:00 host_mono_ns=2336758768211533 
[CR-DISCOVERY-PROBE-R24] host_utc=2026-09-28T06:42:19.578+00:00 host_mono_ns=2336758768219368 === DEBUG [lwip-posix]: udp_sendto called! Bypassing to POSIX sendto ===
[CR-DISCOVERY-PROBE-R24] host_utc=2026-09-28T06:42:19.579+00:00 host_mono_ns=2336758769179752 
[CR-DISCOVERY-PROBE-R24] host_utc=2026-09-28T06:42:19.579+00:00 host_mono_ns=2336758769192726 === DEBUG [lwip-posix]: recvfrom received packet of len 52! Bypassing to pcb->recv ===
[CR-DISCOVERY-PROBE-R24] host_utc=2026-09-28T06:42:19.579+00:00 host_mono_ns=2336758769200892 
[CR-DISCOVERY-PROBE-R24] host_utc=2026-09-28T06:42:19.579+00:00 host_mono_ns=2336758769208706 === DEBUG [lwip-posix]: udp_sendto called! Bypassing to POSIX sendto ===
[CR-DISCOVERY-PROBE-R24] host_utc=2026-09-28T06:42:19.579+00:00 host_mono_ns=2336758770015641 
[CR-DISCOVERY-PROBE-R24] host_utc=2026-09-28T06:42:19.579+00:00 host_mono_ns=2336758770031481 === DEBUG [lwip-posix]: recvfrom received packet of len 52! Bypassing to pcb->recv ===
[CR-DISCOVERY-PROBE-R24] host_utc=2026-09-28T06:42:19.579+00:00 host_mono_ns=2336758770040127 
[CR-DISCOVERY-PROBE-R24] host_utc=2026-09-28T06:42:19.579+00:00 host_mono_ns=2336758770048042 === DEBUG [lwip-posix]: udp_sendto called! Bypassing to POSIX sendto ===
[CR-DISCOVERY-PROBE-R24] host_utc=2026-09-28T06:42:19.580+00:00 host_mono_ns=2336758771116419 
[CR-DISCOVERY-PROBE-R24] host_utc=2026-09-28T06:42:19.580+00:00 host_mono_ns=2336758771141417 === DEBUG [lwip-posix]: recvfrom received packet of len 52! Bypassing to pcb->recv ===
[CR-DISCOVERY-PROBE-R24] host_utc=2026-09-28T06:42:19.580+00:00 host_mono_ns=2336758771150283 
[CR-DISCOVERY-PROBE-R24] host_utc=2026-09-28T06:42:19.580+00:00 host_mono_ns=2336758771158268 === DEBUG [lwip-posix]: udp_sendto called! Bypassing to POSIX sendto ===
[CR-DISCOVERY-PROBE-R24] host_utc=2026-09-28T06:42:19.582+00:00 host_mono_ns=2336758772221276 
[CR-DISCOVERY-PROBE-R24] host_utc=2026-09-28T06:42:19.582+00:00 host_mono_ns=2336758772234601 === DEBUG [lwip-posix]: recvfrom received packet of len 52! Bypassing to pcb->recv ===
[CR-DISCOVERY-PROBE-R24] host_utc=2026-09-28T06:42:19.582+00:00 host_mono_ns=2336758772242977 
[CR-DISCOVERY-PROBE-R24] host_utc=2026-09-28T06:42:19.582+00:00 host_mono_ns=2336758772250812 === DEBUG [lwip-posix]: udp_sendto called! Bypassing to POSIX sendto ===
[CR-DISCOVERY-PROBE-R24] host_utc=2026-09-28T06:42:19.582+00:00 host_mono_ns=2336758772864661 
[CR-DISCOVERY-PROBE-R24] host_utc=2026-09-28T06:42:19.582+00:00 host_mono_ns=2336758772874339 === DEBUG [lwip-posix]: recvfrom received packet of len 52! Bypassing to pcb->recv ===
[CR-DISCOVERY-PROBE-R24] host_utc=2026-09-28T06:42:19.582+00:00 host_mono_ns=2336758772882375 
[CR-DISCOVERY-PROBE-R24] host_utc=2026-09-28T06:42:19.582+00:00 host_mono_ns=2336758772890250 === DEBUG [lwip-posix]: udp_sendto called! Bypassing to POSIX sendto ===
[CR-DISCOVERY-PROBE-R24] host_utc=2026-09-28T06:42:19.583+00:00 host_mono_ns=2336758773796581 
[CR-DISCOVERY-PROBE-R24] host_utc=2026-09-28T06:42:19.583+00:00 host_mono_ns=2336758773823392 === DEBUG [lwip-posix]: recvfrom received packet of len 52! Bypassing to pcb->recv ===
[CR-DISCOVERY-PROBE-R24] host_utc=2026-09-28T06:42:19.583+00:00 host_mono_ns=2336758773831928 
[CR-DISCOVERY-PROBE-R24] host_utc=2026-09-28T06:42:19.583+00:00 host_mono_ns=2336758773839783 === DEBUG [lwip-posix]: udp_sendto called! Bypassing to POSIX sendto ===
[CR-DISCOVERY-PROBE-R24] host_utc=2026-09-28T06:42:19.584+00:00 host_mono_ns=2336758774756925 
[CR-DISCOVERY-PROBE-R24] host_utc=2026-09-28T06:42:19.584+00:00 host_mono_ns=2336758774770822 === DEBUG [lwip-posix]: recvfrom received packet of len 52! Bypassing to pcb->recv ===
[CR-DISCOVERY-PROBE-R24] host_utc=2026-09-28T06:42:19.584+00:00 host_mono_ns=2336758774779258 
[CR-DISCOVERY-PROBE-R24] host_utc=2026-09-28T06:42:19.584+00:00 host_mono_ns=2336758774787213 === DEBUG [lwip-posix]: udp_sendto called! Bypassing to POSIX sendto ===
[CR-DISCOVERY-PROBE-R24] host_utc=2026-09-28T06:42:19.585+00:00 host_mono_ns=2336758775399739 
[CR-DISCOVERY-PROBE-R24] host_utc=2026-09-28T06:42:19.585+00:00 host_mono_ns=2336758775414878 === DEBUG [lwip-posix]: recvfrom received packet of len 52! Bypassing to pcb->recv ===
[CR-DISCOVERY-PROBE-R24] host_utc=2026-09-28T06:42:19.585+00:00 host_mono_ns=2336758775423494 
[CR-DISCOVERY-PROBE-R24] host_utc=2026-09-28T06:42:19.585+00:00 host_mono_ns=2336758775431499 === DEBUG [lwip-posix]: udp_sendto called! Bypassing to POSIX sendto ===
[CR-DISCOVERY-PROBE-R24] host_utc=2026-09-28T06:42:19.586+00:00 host_mono_ns=2336758776358230 
[CR-DISCOVERY-PROBE-R24] host_utc=2026-09-28T06:42:19.586+00:00 host_mono_ns=2336758776372416 === DEBUG [lwip-posix]: recvfrom received packet of len 52! Bypassing to pcb->recv ===
[CR-DISCOVERY-PROBE-R24] host_utc=2026-09-28T06:42:19.586+00:00 host_mono_ns=2336758776380942 
[CR-DISCOVERY-PROBE-R24] host_utc=2026-09-28T06:42:19.586+00:00 host_mono_ns=2336758776388897 === DEBUG [lwip-posix]: udp_sendto called! Bypassing to POSIX sendto ===
[CR-DISCOVERY-PROBE-R24] host_utc=2026-09-28T06:42:19.587+00:00 host_mono_ns=2336758777235857 
[CR-DISCOVERY-PROBE-R24] host_utc=2026-09-28T06:42:19.587+00:00 host_mono_ns=2336758777251677 === DEBUG [lwip-posix]: recvfrom received packet of len 52! Bypassing to pcb->recv ===
[CR-DISCOVERY-PROBE-R24] host_utc=2026-09-28T06:42:19.587+00:00 host_mono_ns=2336758777260173 
[CR-DISCOVERY-PROBE-R24] host_utc=2026-09-28T06:42:19.587+00:00 host_mono_ns=2336758777267998 === DEBUG [lwip-posix]: udp_sendto called! Bypassing to POSIX sendto ===
[CR-DISCOVERY-PROBE-R24] host_utc=2026-09-28T06:42:19.587+00:00 host_mono_ns=2336758777849176 
[CR-DISCOVERY-PROBE-R24] host_utc=2026-09-28T06:42:19.587+00:00 host_mono_ns=2336758777862691 === DEBUG [lwip-posix]: recvfrom received packet of len 52! Bypassing to pcb->recv ===
[CR-DISCOVERY-PROBE-R24] host_utc=2026-09-28T06:42:19.587+00:00 host_mono_ns=2336758777871267 
[CR-DISCOVERY-PROBE-R24] host_utc=2026-09-28T06:42:19.587+00:00 host_mono_ns=2336758777879152 === DEBUG [lwip-posix]: udp_sendto called! Bypassing to POSIX sendto ===
[CR-DISCOVERY-PROBE-R24] host_utc=2026-09-28T06:42:19.589+00:00 host_mono_ns=2336758779187433 
[CR-DISCOVERY-PROBE-R24] host_utc=2026-09-28T06:42:19.589+00:00 host_mono_ns=2336758779202041 === DEBUG [lwip-posix]: recvfrom received packet of len 52! Bypassing to pcb->recv ===
[CR-DISCOVERY-PROBE-R24] host_utc=2026-09-28T06:42:19.589+00:00 host_mono_ns=2336758779210477 
[CR-DISCOVERY-PROBE-R24] host_utc=2026-09-28T06:42:19.589+00:00 host_mono_ns=2336758779218371 === DEBUG [lwip-posix]: udp_sendto called! Bypassing to POSIX sendto ===
[CR-DISCOVERY-PROBE-R24] host_utc=2026-09-28T06:42:19.589+00:00 host_mono_ns=2336758779839925 
[CR-DISCOVERY-PROBE-R24] host_utc=2026-09-28T06:42:19.589+00:00 host_mono_ns=2336758779852259 === DEBUG [lwip-posix]: recvfrom received packet of len 52! Bypassing to pcb->recv ===
[CR-DISCOVERY-PROBE-R24] host_utc=2026-09-28T06:42:19.589+00:00 host_mono_ns=2336758779860394 
[CR-DISCOVERY-PROBE-R24] host_utc=2026-09-28T06:42:19.589+00:00 host_mono_ns=2336758779878388 === DEBUG [lwip-posix]: udp_sendto called! Bypassing to POSIX sendto ===
[CR-DISCOVERY-PROBE-R24] host_utc=2026-09-28T06:42:19.590+00:00 host_mono_ns=2336758780905558 
[CR-DISCOVERY-PROBE-R24] host_utc=2026-09-28T06:42:19.590+00:00 host_mono_ns=2336758780931306 === DEBUG [lwip-posix]: recvfrom received packet of len 52! Bypassing to pcb->recv ===
[CR-DISCOVERY-PROBE-R24] host_utc=2026-09-28T06:42:19.590+00:00 host_mono_ns=2336758780941616 
[CR-DISCOVERY-PROBE-R24] host_utc=2026-09-28T06:42:19.590+00:00 host_mono_ns=2336758780950623 === DEBUG [lwip-posix]: udp_sendto called! Bypassing to POSIX sendto ===
[CR-DISCOVERY-PROBE-R24] host_utc=2026-09-28T06:42:19.591+00:00 host_mono_ns=2336758781947005 
[CR-DISCOVERY-PROBE-R24] host_utc=2026-09-28T06:42:19.591+00:00 host_mono_ns=2336758781961011 === DEBUG [lwip-posix]: recvfrom received packet of len 52! Bypassing to pcb->recv ===
[CR-DISCOVERY-PROBE-R24] host_utc=2026-09-28T06:42:19.591+00:00 host_mono_ns=2336758781969427 
[CR-DISCOVERY-PROBE-R24] host_utc=2026-09-28T06:42:19.591+00:00 host_mono_ns=2336758781977352 === DEBUG [lwip-posix]: udp_sendto called! Bypassing to POSIX sendto ===
[CR-DISCOVERY-PROBE-R24] host_utc=2026-09-28T06:42:19.592+00:00 host_mono_ns=2336758782545085 
[CR-DISCOVERY-PROBE-R24] host_utc=2026-09-28T06:42:19.592+00:00 host_mono_ns=2336758782558330 === DEBUG [lwip-posix]: recvfrom received packet of len 52! Bypassing to pcb->recv ===
[CR-DISCOVERY-PROBE-R24] host_utc=2026-09-28T06:42:19.592+00:00 host_mono_ns=2336758782566695 
[CR-DISCOVERY-PROBE-R24] host_utc=2026-09-28T06:42:19.592+00:00 host_mono_ns=2336758782574590 === DEBUG [lwip-posix]: udp_sendto called! Bypassing to POSIX sendto ===
[CR-DISCOVERY-PROBE-R24] host_utc=2026-09-28T06:42:19.593+00:00 host_mono_ns=2336758783515187 
[CR-DISCOVERY-PROBE-R24] host_utc=2026-09-28T06:42:19.593+00:00 host_mono_ns=2336758783537309 === DEBUG [lwip-posix]: recvfrom received packet of len 52! Bypassing to pcb->recv ===
[CR-DISCOVERY-PROBE-R24] host_utc=2026-09-28T06:42:19.593+00:00 host_mono_ns=2336758783546837 
[CR-DISCOVERY-PROBE-R24] host_utc=2026-09-28T06:42:19.593+00:00 host_mono_ns=2336758783554842 === DEBUG [lwip-posix]: udp_sendto called! Bypassing to POSIX sendto ===
[CR-DISCOVERY-PROBE-R24] host_utc=2026-09-28T06:42:19.594+00:00 host_mono_ns=2336758784400900 
[CR-DISCOVERY-PROBE-R24] host_utc=2026-09-28T06:42:19.594+00:00 host_mono_ns=2336758784414185 === DEBUG [lwip-posix]: recvfrom received packet of len 52! Bypassing to pcb->recv ===
[CR-DISCOVERY-PROBE-R24] host_utc=2026-09-28T06:42:19.594+00:00 host_mono_ns=2336758784422560 
[CR-DISCOVERY-PROBE-R24] host_utc=2026-09-28T06:42:19.594+00:00 host_mono_ns=2336758784430415 === DEBUG [lwip-posix]: udp_sendto called! Bypassing to POSIX sendto ===
[CR-DISCOVERY-PROBE-R24] host_utc=2026-09-28T06:42:19.595+00:00 host_mono_ns=2336758785238061 
[CR-DISCOVERY-PROBE-R24] host_utc=2026-09-28T06:42:19.595+00:00 host_mono_ns=2336758785250605 === DEBUG [lwip-posix]: recvfrom received packet of len 52! Bypassing to pcb->recv ===
[CR-DISCOVERY-PROBE-R24] host_utc=2026-09-28T06:42:19.595+00:00 host_mono_ns=2336758785258820 
[CR-DISCOVERY-PROBE-R24] host_utc=2026-09-28T06:42:19.595+00:00 host_mono_ns=2336758785266665 === DEBUG [lwip-posix]: udp_sendto called! Bypassing to POSIX sendto ===
[CR-DISCOVERY-PROBE-R24] host_utc=2026-09-28T06:42:19.596+00:00 host_mono_ns=2336758786403783 
[CR-DISCOVERY-PROBE-R24] host_utc=2026-09-28T06:42:19.596+00:00 host_mono_ns=2336758786416557 === DEBUG [lwip-posix]: recvfrom received packet of len 52! Bypassing to pcb->recv ===
[CR-DISCOVERY-PROBE-R24] host_utc=2026-09-28T06:42:19.596+00:00 host_mono_ns=2336758786424902 
[CR-DISCOVERY-PROBE-R24] host_utc=2026-09-28T06:42:19.596+00:00 host_mono_ns=2336758786432777 === DEBUG [lwip-posix]: udp_sendto called! Bypassing to POSIX sendto ===
[CR-DISCOVERY-PROBE-R24] host_utc=2026-09-28T06:42:19.597+00:00 host_mono_ns=2336758787382892 
[CR-DISCOVERY-PROBE-R24] host_utc=2026-09-28T06:42:19.597+00:00 host_mono_ns=2336758787395806 === DEBUG [lwip-posix]: recvfrom received packet of len 52! Bypassing to pcb->recv ===
[CR-DISCOVERY-PROBE-R24] host_utc=2026-09-28T06:42:19.597+00:00 host_mono_ns=2336758787415363 
[CR-DISCOVERY-PROBE-R24] host_utc=2026-09-28T06:42:19.597+00:00 host_mono_ns=2336758787423448 === DEBUG [lwip-posix]: udp_sendto called! Bypassing to POSIX sendto ===
[CR-DISCOVERY-PROBE-R24] host_utc=2026-09-28T06:42:19.597+00:00 host_mono_ns=2336758788120274 
[CR-DISCOVERY-PROBE-R24] host_utc=2026-09-28T06:42:19.597+00:00 host_mono_ns=2336758788133590 === DEBUG [lwip-posix]: recvfrom received packet of len 52! Bypassing to pcb->recv ===
[CR-DISCOVERY-PROBE-R24] host_utc=2026-09-28T06:42:19.597+00:00 host_mono_ns=2336758788141995 
[CR-DISCOVERY-PROBE-R24] host_utc=2026-09-28T06:42:19.597+00:00 host_mono_ns=2336758788149880 === DEBUG [lwip-posix]: udp_sendto called! Bypassing to POSIX sendto ===
[CR-DISCOVERY-PROBE-R24] host_utc=2026-09-28T06:42:19.599+00:00 host_mono_ns=2336758789231212 
[CR-DISCOVERY-PROBE-R24] host_utc=2026-09-28T06:42:19.599+00:00 host_mono_ns=2336758789244788 === DEBUG [lwip-posix]: recvfrom received packet of len 52! Bypassing to pcb->recv ===
[CR-DISCOVERY-PROBE-R24] host_utc=2026-09-28T06:42:19.599+00:00 host_mono_ns=2336758789253104 
[CR-DISCOVERY-PROBE-R24] host_utc=2026-09-28T06:42:19.599+00:00 host_mono_ns=2336758789260939 === DEBUG [lwip-posix]: udp_sendto called! Bypassing to POSIX sendto ===
[CR-DISCOVERY-PROBE-R24] host_utc=2026-09-28T06:42:19.599+00:00 host_mono_ns=2336758789811929 
[CR-DISCOVERY-PROBE-R24] host_utc=2026-09-28T06:42:19.599+00:00 host_mono_ns=2336758789822830 === DEBUG [lwip-posix]: recvfrom received packet of len 52! Bypassing to pcb->recv ===
[CR-DISCOVERY-PROBE-R24] host_utc=2026-09-28T06:42:19.599+00:00 host_mono_ns=2336758789831176 
[CR-DISCOVERY-PROBE-R24] host_utc=2026-09-28T06:42:19.599+00:00 host_mono_ns=2336758789839050 === DEBUG [lwip-posix]: udp_sendto called! Bypassing to POSIX sendto ===
[CR-DISCOVERY-PROBE-R24] host_utc=2026-09-28T06:42:19.600+00:00 host_mono_ns=2336758790845872 
[CR-DISCOVERY-PROBE-R24] host_utc=2026-09-28T06:42:19.600+00:00 host_mono_ns=2336758790859418 === DEBUG [lwip-posix]: recvfrom received packet of len 52! Bypassing to pcb->recv ===
[CR-DISCOVERY-PROBE-R24] host_utc=2026-09-28T06:42:19.600+00:00 host_mono_ns=2336758790867734 
[CR-DISCOVERY-PROBE-R24] host_utc=2026-09-28T06:42:19.600+00:00 host_mono_ns=2336758790875538 === DEBUG [lwip-posix]: udp_sendto called! Bypassing to POSIX sendto ===
[CR-DISCOVERY-PROBE-R24] host_utc=2026-09-28T06:42:19.601+00:00 host_mono_ns=2336758791800014 
[CR-DISCOVERY-PROBE-R24] host_utc=2026-09-28T06:42:19.601+00:00 host_mono_ns=2336758791812878 === DEBUG [lwip-posix]: recvfrom received packet of len 52! Bypassing to pcb->recv ===
[CR-DISCOVERY-PROBE-R24] host_utc=2026-09-28T06:42:19.601+00:00 host_mono_ns=2336758791821134 
[CR-DISCOVERY-PROBE-R24] host_utc=2026-09-28T06:42:19.601+00:00 host_mono_ns=2336758791828989 === DEBUG [lwip-posix]: udp_sendto called! Bypassing to POSIX sendto ===
[CR-DISCOVERY-PROBE-R24] host_utc=2026-09-28T06:42:19.602+00:00 host_mono_ns=2336758792947371 
[CR-DISCOVERY-PROBE-R24] host_utc=2026-09-28T06:42:19.602+00:00 host_mono_ns=2336758792963983 === DEBUG [lwip-posix]: recvfrom received packet of len 52! Bypassing to pcb->recv ===
[CR-DISCOVERY-PROBE-R24] host_utc=2026-09-28T06:42:19.602+00:00 host_mono_ns=2336758792972519 
[CR-DISCOVERY-PROBE-R24] host_utc=2026-09-28T06:42:19.602+00:00 host_mono_ns=2336758792980464 === DEBUG [lwip-posix]: udp_sendto called! Bypassing to POSIX sendto ===
[CR-DISCOVERY-PROBE-R24] host_utc=2026-09-28T06:42:19.603+00:00 host_mono_ns=2336758793567943 
[CR-DISCOVERY-PROBE-R24] host_utc=2026-09-28T06:42:19.603+00:00 host_mono_ns=2336758793584324 === DEBUG [lwip-posix]: recvfrom received packet of len 52! Bypassing to pcb->recv ===
[CR-DISCOVERY-PROBE-R24] host_utc=2026-09-28T06:42:19.603+00:00 host_mono_ns=2336758793592620 
[CR-DISCOVERY-PROBE-R24] host_utc=2026-09-28T06:42:19.603+00:00 host_mono_ns=2336758793600415 === DEBUG [lwip-posix]: udp_sendto called! Bypassing to POSIX sendto ===
[CR-DISCOVERY-PROBE-R24] host_utc=2026-09-28T06:42:19.604+00:00 host_mono_ns=2336758794667550 
[CR-DISCOVERY-PROBE-R24] host_utc=2026-09-28T06:42:19.604+00:00 host_mono_ns=2336758794680735 === DEBUG [lwip-posix]: recvfrom received packet of len 52! Bypassing to pcb->recv ===
[CR-DISCOVERY-PROBE-R24] host_utc=2026-09-28T06:42:19.604+00:00 host_mono_ns=2336758794689041 
[CR-DISCOVERY-PROBE-R24] host_utc=2026-09-28T06:42:19.604+00:00 host_mono_ns=2336758794696986 === DEBUG [lwip-posix]: udp_sendto called! Bypassing to POSIX sendto ===
[CR-DISCOVERY-PROBE-R24] host_utc=2026-09-28T06:42:19.605+00:00 host_mono_ns=2336758795309853 
[CR-DISCOVERY-PROBE-R24] host_utc=2026-09-28T06:42:19.605+00:00 host_mono_ns=2336758795328819 === DEBUG [lwip-posix]: recvfrom received packet of len 52! Bypassing to pcb->recv ===
[CR-DISCOVERY-PROBE-R24] host_utc=2026-09-28T06:42:19.605+00:00 host_mono_ns=2336758795337565 
[CR-DISCOVERY-PROBE-R24] host_utc=2026-09-28T06:42:19.605+00:00 host_mono_ns=2336758795345500 === DEBUG [lwip-posix]: udp_sendto called! Bypassing to POSIX sendto ===
[CR-DISCOVERY-PROBE-R24] host_utc=2026-09-28T06:42:19.606+00:00 host_mono_ns=2336758796296938 
[CR-DISCOVERY-PROBE-R24] host_utc=2026-09-28T06:42:19.606+00:00 host_mono_ns=2336758796313950 === DEBUG [lwip-posix]: recvfrom received packet of len 52! Bypassing to pcb->recv ===
[CR-DISCOVERY-PROBE-R24] host_utc=2026-09-28T06:42:19.606+00:00 host_mono_ns=2336758796322225 
[CR-DISCOVERY-PROBE-R24] host_utc=2026-09-28T06:42:19.606+00:00 host_mono_ns=2336758796329940 === DEBUG [lwip-posix]: udp_sendto called! Bypassing to POSIX sendto ===
[CR-DISCOVERY-PROBE-R24] host_utc=2026-09-28T06:42:19.606+00:00 host_mono_ns=2336758797080568 
[CR-DISCOVERY-PROBE-R24] host_utc=2026-09-28T06:42:19.606+00:00 host_mono_ns=2336758797098001 === DEBUG [lwip-posix]: recvfrom received packet of len 52! Bypassing to pcb->recv ===
[CR-DISCOVERY-PROBE-R24] host_utc=2026-09-28T06:42:19.606+00:00 host_mono_ns=2336758797106697 
[CR-DISCOVERY-PROBE-R24] host_utc=2026-09-28T06:42:19.606+00:00 host_mono_ns=2336758797114592 === DEBUG [lwip-posix]: udp_sendto called! Bypassing to POSIX sendto ===
[CR-DISCOVERY-PROBE-R24] host_utc=2026-09-28T06:42:19.608+00:00 host_mono_ns=2336758798212555 
[CR-DISCOVERY-PROBE-R24] host_utc=2026-09-28T06:42:19.608+00:00 host_mono_ns=2336758798236451 === DEBUG [lwip-posix]: recvfrom received packet of len 52! Bypassing to pcb->recv ===
[CR-DISCOVERY-PROBE-R24] host_utc=2026-09-28T06:42:19.608+00:00 host_mono_ns=2336758798245157 
[CR-DISCOVERY-PROBE-R24] host_utc=2026-09-28T06:42:19.608+00:00 host_mono_ns=2336758798253122 === DEBUG [lwip-posix]: udp_sendto called! Bypassing to POSIX sendto ===
[CR-DISCOVERY-PROBE-R24] host_utc=2026-09-28T06:42:19.608+00:00 host_mono_ns=2336758799018267 
[CR-DISCOVERY-PROBE-R24] host_utc=2026-09-28T06:42:19.608+00:00 host_mono_ns=2336758799031753 === DEBUG [lwip-posix]: recvfrom received packet of len 52! Bypassing to pcb->recv ===
[CR-DISCOVERY-PROBE-R24] host_utc=2026-09-28T06:42:19.608+00:00 host_mono_ns=2336758799040068 
[CR-DISCOVERY-PROBE-R24] host_utc=2026-09-28T06:42:19.608+00:00 host_mono_ns=2336758799047883 === DEBUG [lwip-posix]: udp_sendto called! Bypassing to POSIX sendto ===
[CR-DISCOVERY-PROBE-R24] host_utc=2026-09-28T06:42:19.609+00:00 host_mono_ns=2336758799976457 
[CR-DISCOVERY-PROBE-R24] host_utc=2026-09-28T06:42:19.609+00:00 host_mono_ns=2336758799986526 === DEBUG [lwip-posix]: recvfrom received packet of len 52! Bypassing to pcb->recv ===
[CR-DISCOVERY-PROBE-R24] host_utc=2026-09-28T06:42:19.609+00:00 host_mono_ns=2336758799994771 
[CR-DISCOVERY-PROBE-R24] host_utc=2026-09-28T06:42:19.609+00:00 host_mono_ns=2336758800009529 === DEBUG [lwip-posix]: udp_sendto called! Bypassing to POSIX sendto ===
[CR-DISCOVERY-PROBE-R24] host_utc=2026-09-28T06:42:19.610+00:00 host_mono_ns=2336758801118434 
[CR-DISCOVERY-PROBE-R24] host_utc=2026-09-28T06:42:19.610+00:00 host_mono_ns=2336758801135065 === DEBUG [lwip-posix]: recvfrom received packet of len 52! Bypassing to pcb->recv ===
[CR-DISCOVERY-PROBE-R24] host_utc=2026-09-28T06:42:19.610+00:00 host_mono_ns=2336758801154923 
[CR-DISCOVERY-PROBE-R24] host_utc=2026-09-28T06:42:19.610+00:00 host_mono_ns=2336758801162998 === DEBUG [lwip-posix]: udp_sendto called! Bypassing to POSIX sendto ===
[CR-DISCOVERY-PROBE-R24] host_utc=2026-09-28T06:42:19.611+00:00 host_mono_ns=2336758801824367 
[CR-DISCOVERY-PROBE-R24] host_utc=2026-09-28T06:42:19.611+00:00 host_mono_ns=2336758801835488 === DEBUG [lwip-posix]: recvfrom received packet of len 52! Bypassing to pcb->recv ===
[CR-DISCOVERY-PROBE-R24] host_utc=2026-09-28T06:42:19.611+00:00 host_mono_ns=2336758801843914 
[CR-DISCOVERY-PROBE-R24] host_utc=2026-09-28T06:42:19.611+00:00 host_mono_ns=2336758801851759 === DEBUG [lwip-posix]: udp_sendto called! Bypassing to POSIX sendto ===
[CR-DISCOVERY-PROBE-R24] host_utc=2026-09-28T06:42:19.612+00:00 host_mono_ns=2336758803095167 
[CR-DISCOVERY-PROBE-R24] host_utc=2026-09-28T06:42:19.612+00:00 host_mono_ns=2336758803108953 === DEBUG [lwip-posix]: recvfrom received packet of len 52! Bypassing to pcb->recv ===
[CR-DISCOVERY-PROBE-R24] host_utc=2026-09-28T06:42:19.612+00:00 host_mono_ns=2336758803117509 
[CR-DISCOVERY-PROBE-R24] host_utc=2026-09-28T06:42:19.612+00:00 host_mono_ns=2336758803125464 === DEBUG [lwip-posix]: udp_sendto called! Bypassing to POSIX sendto ===
[CR-DISCOVERY-PROBE-R24] host_utc=2026-09-28T06:42:19.613+00:00 host_mono_ns=2336758803864059 
[CR-DISCOVERY-PROBE-R24] host_utc=2026-09-28T06:42:19.613+00:00 host_mono_ns=2336758803873708 === DEBUG [lwip-posix]: recvfrom received packet of len 52! Bypassing to pcb->recv ===
[CR-DISCOVERY-PROBE-R24] host_utc=2026-09-28T06:42:19.613+00:00 host_mono_ns=2336758803881953 
[CR-DISCOVERY-PROBE-R24] host_utc=2026-09-28T06:42:19.613+00:00 host_mono_ns=2336758803889818 === DEBUG [lwip-posix]: udp_sendto called! Bypassing to POSIX sendto ===
[CR-DISCOVERY-PROBE-R24] host_utc=2026-09-28T06:42:19.614+00:00 host_mono_ns=2336758804949860 
[CR-DISCOVERY-PROBE-R24] host_utc=2026-09-28T06:42:19.614+00:00 host_mono_ns=2336758804962695 === DEBUG [lwip-posix]: recvfrom received packet of len 52! Bypassing to pcb->recv ===
[CR-DISCOVERY-PROBE-R24] host_utc=2026-09-28T06:42:19.614+00:00 host_mono_ns=2336758804970980 
[CR-DISCOVERY-PROBE-R24] host_utc=2026-09-28T06:42:19.614+00:00 host_mono_ns=2336758804978895 === DEBUG [lwip-posix]: udp_sendto called! Bypassing to POSIX sendto ===
[CR-DISCOVERY-PROBE-R24] host_utc=2026-09-28T06:42:19.615+00:00 host_mono_ns=2336758805563960 
[CR-DISCOVERY-PROBE-R24] host_utc=2026-09-28T06:42:19.615+00:00 host_mono_ns=2336758805576754 === DEBUG [lwip-posix]: recvfrom received packet of len 52! Bypassing to pcb->recv ===
[CR-DISCOVERY-PROBE-R24] host_utc=2026-09-28T06:42:19.615+00:00 host_mono_ns=2336758805585070 
[CR-DISCOVERY-PROBE-R24] host_utc=2026-09-28T06:42:19.615+00:00 host_mono_ns=2336758805592985 === DEBUG [lwip-posix]: udp_sendto called! Bypassing to POSIX sendto ===
[CR-DISCOVERY-PROBE-R24] host_utc=2026-09-28T06:42:19.616+00:00 host_mono_ns=2336758806677683 
[CR-DISCOVERY-PROBE-R24] host_utc=2026-09-28T06:42:19.616+00:00 host_mono_ns=2336758806693253 === DEBUG [lwip-posix]: recvfrom received packet of len 52! Bypassing to pcb->recv ===
[CR-DISCOVERY-PROBE-R24] host_utc=2026-09-28T06:42:19.616+00:00 host_mono_ns=2336758806701809 
[CR-DISCOVERY-PROBE-R24] host_utc=2026-09-28T06:42:19.616+00:00 host_mono_ns=2336758806709714 === DEBUG [lwip-posix]: udp_sendto called! Bypassing to POSIX sendto ===
[CR-DISCOVERY-PROBE-R24] host_utc=2026-09-28T06:42:19.617+00:00 host_mono_ns=2336758807734549 
[CR-DISCOVERY-PROBE-R24] host_utc=2026-09-28T06:42:19.617+00:00 host_mono_ns=2336758807747574 === DEBUG [lwip-posix]: recvfrom received packet of len 52! Bypassing to pcb->recv ===
[CR-DISCOVERY-PROBE-R24] host_utc=2026-09-28T06:42:19.617+00:00 host_mono_ns=2336758807756000 
[CR-DISCOVERY-PROBE-R24] host_utc=2026-09-28T06:42:19.617+00:00 host_mono_ns=2336758807763885 === DEBUG [lwip-posix]: udp_sendto called! Bypassing to POSIX sendto ===
[CR-DISCOVERY-PROBE-R24] host_utc=2026-09-28T06:42:19.618+00:00 host_mono_ns=2336758808341035 
[CR-DISCOVERY-PROBE-R24] host_utc=2026-09-28T06:42:19.618+00:00 host_mono_ns=2336758808362636 === DEBUG [lwip-posix]: recvfrom received packet of len 52! Bypassing to pcb->recv ===
[CR-DISCOVERY-PROBE-R24] host_utc=2026-09-28T06:42:19.618+00:00 host_mono_ns=2336758808371072 
[CR-DISCOVERY-PROBE-R24] host_utc=2026-09-28T06:42:19.618+00:00 host_mono_ns=2336758808378926 === DEBUG [lwip-posix]: udp_sendto called! Bypassing to POSIX sendto ===
[CR-DISCOVERY-PROBE-R24] host_utc=2026-09-28T06:42:19.619+00:00 host_mono_ns=2336758809323821 
[CR-DISCOVERY-PROBE-R24] host_utc=2026-09-28T06:42:19.619+00:00 host_mono_ns=2336758809339180 === DEBUG [lwip-posix]: recvfrom received packet of len 52! Bypassing to pcb->recv ===
[CR-DISCOVERY-PROBE-R24] host_utc=2026-09-28T06:42:19.619+00:00 host_mono_ns=2336758809347586 
[CR-DISCOVERY-PROBE-R24] host_utc=2026-09-28T06:42:19.619+00:00 host_mono_ns=2336758809355501 === DEBUG [lwip-posix]: udp_sendto called! Bypassing to POSIX sendto ===
[CR-DISCOVERY-PROBE-R24] host_utc=2026-09-28T06:42:19.620+00:00 host_mono_ns=2336758810456781 
[CR-DISCOVERY-PROBE-R24] host_utc=2026-09-28T06:42:19.620+00:00 host_mono_ns=2336758810469816 === DEBUG [lwip-posix]: recvfrom received packet of len 52! Bypassing to pcb->recv ===
[CR-DISCOVERY-PROBE-R24] host_utc=2026-09-28T06:42:19.620+00:00 host_mono_ns=2336758810478031 
[CR-DISCOVERY-PROBE-R24] host_utc=2026-09-28T06:42:19.620+00:00 host_mono_ns=2336758810485906 === DEBUG [lwip-posix]: udp_sendto called! Bypassing to POSIX sendto ===
[CR-DISCOVERY-PROBE-R24] host_utc=2026-09-28T06:42:19.621+00:00 host_mono_ns=2336758811185367 
[CR-DISCOVERY-PROBE-R24] host_utc=2026-09-28T06:42:19.621+00:00 host_mono_ns=2336758811198552 === DEBUG [lwip-posix]: recvfrom received packet of len 52! Bypassing to pcb->recv ===
[CR-DISCOVERY-PROBE-R24] host_utc=2026-09-28T06:42:19.621+00:00 host_mono_ns=2336758811206978 
[CR-DISCOVERY-PROBE-R24] host_utc=2026-09-28T06:42:19.621+00:00 host_mono_ns=2336758811214923 === DEBUG [lwip-posix]: udp_sendto called! Bypassing to POSIX sendto ===
[CR-DISCOVERY-PROBE-R24] host_utc=2026-09-28T06:42:19.622+00:00 host_mono_ns=2336758812399580 
[CR-DISCOVERY-PROBE-R24] host_utc=2026-09-28T06:42:19.622+00:00 host_mono_ns=2336758812414338 === DEBUG [lwip-posix]: recvfrom received packet of len 52! Bypassing to pcb->recv ===
[CR-DISCOVERY-PROBE-R24] host_utc=2026-09-28T06:42:19.622+00:00 host_mono_ns=2336758812444625 
[CR-DISCOVERY-PROBE-R24] host_utc=2026-09-28T06:42:19.622+00:00 host_mono_ns=2336758812453352 === DEBUG [lwip-posix]: udp_sendto called! Bypassing to POSIX sendto ===
[CR-DISCOVERY-PROBE-R24] host_utc=2026-09-28T06:42:19.623+00:00 host_mono_ns=2336758813299580 
[CR-DISCOVERY-PROBE-R24] host_utc=2026-09-28T06:42:19.623+00:00 host_mono_ns=2336758813312344 === DEBUG [lwip-posix]: recvfrom received packet of len 52! Bypassing to pcb->recv ===
[CR-DISCOVERY-PROBE-R24] host_utc=2026-09-28T06:42:19.623+00:00 host_mono_ns=2336758813320750 
[CR-DISCOVERY-PROBE-R24] host_utc=2026-09-28T06:42:19.623+00:00 host_mono_ns=2336758813328665 === DEBUG [lwip-posix]: udp_sendto called! Bypassing to POSIX sendto ===
[CR-DISCOVERY-PROBE-R24] host_utc=2026-09-28T06:42:19.624+00:00 host_mono_ns=2336758814548439 
[CR-DISCOVERY-PROBE-R24] host_utc=2026-09-28T06:42:19.624+00:00 host_mono_ns=2336758814564589 === DEBUG [lwip-posix]: recvfrom received packet of len 52! Bypassing to pcb->recv ===
[CR-DISCOVERY-PROBE-R24] host_utc=2026-09-28T06:42:19.624+00:00 host_mono_ns=2336758814624242 
[CR-DISCOVERY-PROBE-R24] host_utc=2026-09-28T06:42:19.624+00:00 host_mono_ns=2336758814634411 === DEBUG [lwip-posix]: udp_sendto called! Bypassing to POSIX sendto ===
[CR-DISCOVERY-PROBE-R24] host_utc=2026-09-28T06:42:19.624+00:00 host_mono_ns=2336758815145466 
[CR-DISCOVERY-PROBE-R24] host_utc=2026-09-28T06:42:19.624+00:00 host_mono_ns=2336758815160956 === DEBUG [lwip-posix]: recvfrom received packet of len 52! Bypassing to pcb->recv ===
[CR-DISCOVERY-PROBE-R24] host_utc=2026-09-28T06:42:19.625+00:00 host_mono_ns=2336758815169542 
[CR-DISCOVERY-PROBE-R24] host_utc=2026-09-28T06:42:19.625+00:00 host_mono_ns=2336758815178028 === DEBUG [lwip-posix]: udp_sendto called! Bypassing to POSIX sendto ===
[CR-DISCOVERY-PROBE-R24] host_utc=2026-09-28T06:42:19.625+00:00 host_mono_ns=2336758815953473 
[CR-DISCOVERY-PROBE-R24] host_utc=2026-09-28T06:42:19.625+00:00 host_mono_ns=2336758815963522 === DEBUG [lwip-posix]: recvfrom received packet of len 52! Bypassing to pcb->recv ===
[CR-DISCOVERY-PROBE-R24] host_utc=2026-09-28T06:42:19.625+00:00 host_mono_ns=2336758815971767 
[CR-DISCOVERY-PROBE-R24] host_utc=2026-09-28T06:42:19.625+00:00 host_mono_ns=2336758815980023 === DEBUG [lwip-posix]: udp_sendto called! Bypassing to POSIX sendto ===
[CR-DISCOVERY-PROBE-R24] host_utc=2026-09-28T06:42:19.626+00:00 host_mono_ns=2336758817038732 
[CR-DISCOVERY-PROBE-R24] host_utc=2026-09-28T06:42:19.626+00:00 host_mono_ns=2336758817055554 === DEBUG [lwip-posix]: recvfrom received packet of len 52! Bypassing to pcb->recv ===
[CR-DISCOVERY-PROBE-R24] host_utc=2026-09-28T06:42:19.626+00:00 host_mono_ns=2336758817065412 
[CR-DISCOVERY-PROBE-R24] host_utc=2026-09-28T06:42:19.626+00:00 host_mono_ns=2336758817073237 === DEBUG [lwip-posix]: udp_sendto called! Bypassing to POSIX sendto ===
[CR-DISCOVERY-PROBE-R24] host_utc=2026-09-28T06:42:19.627+00:00 host_mono_ns=2336758817810660 
[CR-DISCOVERY-PROBE-R24] host_utc=2026-09-28T06:42:19.627+00:00 host_mono_ns=2336758817820469 === DEBUG [lwip-posix]: recvfrom received packet of len 52! Bypassing to pcb->recv ===
[CR-DISCOVERY-PROBE-R24] host_utc=2026-09-28T06:42:19.627+00:00 host_mono_ns=2336758817828664 
[CR-DISCOVERY-PROBE-R24] host_utc=2026-09-28T06:42:19.627+00:00 host_mono_ns=2336758817836499 === DEBUG [lwip-posix]: udp_sendto called! Bypassing to POSIX sendto ===
[CR-DISCOVERY-PROBE-R24] host_utc=2026-09-28T06:42:19.628+00:00 host_mono_ns=2336758818966483 
[CR-DISCOVERY-PROBE-R24] host_utc=2026-09-28T06:42:19.628+00:00 host_mono_ns=2336758818979487 === DEBUG [lwip-posix]: recvfrom received packet of len 52! Bypassing to pcb->recv ===
[CR-DISCOVERY-PROBE-R24] host_utc=2026-09-28T06:42:19.628+00:00 host_mono_ns=2336758818987843 
[CR-DISCOVERY-PROBE-R24] host_utc=2026-09-28T06:42:19.628+00:00 host_mono_ns=2336758818996199 === DEBUG [lwip-posix]: udp_sendto called! Bypassing to POSIX sendto ===
[CR-DISCOVERY-PROBE-R24] host_utc=2026-09-28T06:42:19.629+00:00 host_mono_ns=2336758819731087 
[CR-DISCOVERY-PROBE-R24] host_utc=2026-09-28T06:42:19.629+00:00 host_mono_ns=2336758819753169 === DEBUG [lwip-posix]: recvfrom received packet of len 52! Bypassing to pcb->recv ===
[CR-DISCOVERY-PROBE-R24] host_utc=2026-09-28T06:42:19.629+00:00 host_mono_ns=2336758819761635 
[CR-DISCOVERY-PROBE-R24] host_utc=2026-09-28T06:42:19.629+00:00 host_mono_ns=2336758819769440 === DEBUG [lwip-posix]: udp_sendto called! Bypassing to POSIX sendto ===
[CR-DISCOVERY-PROBE-R24] host_utc=2026-09-28T06:42:19.630+00:00 host_mono_ns=2336758820874206 
[CR-DISCOVERY-PROBE-R24] host_utc=2026-09-28T06:42:19.630+00:00 host_mono_ns=2336758820889225 === DEBUG [lwip-posix]: recvfrom received packet of len 52! Bypassing to pcb->recv ===
[CR-DISCOVERY-PROBE-R24] host_utc=2026-09-28T06:42:19.630+00:00 host_mono_ns=2336758820897651 
[CR-DISCOVERY-PROBE-R24] host_utc=2026-09-28T06:42:19.630+00:00 host_mono_ns=2336758820905405 === DEBUG [lwip-posix]: udp_sendto called! Bypassing to POSIX sendto ===
[CR-DISCOVERY-PROBE-R24] host_utc=2026-09-28T06:42:19.631+00:00 host_mono_ns=2336758821897879 
[CR-DISCOVERY-PROBE-R24] host_utc=2026-09-28T06:42:19.631+00:00 host_mono_ns=2336758821911786 === DEBUG [lwip-posix]: recvfrom received packet of len 52! Bypassing to pcb->recv ===
[CR-DISCOVERY-PROBE-R24] host_utc=2026-09-28T06:42:19.631+00:00 host_mono_ns=2336758821920131 
[CR-DISCOVERY-PROBE-R24] host_utc=2026-09-28T06:42:19.631+00:00 host_mono_ns=2336758821927956 === DEBUG [lwip-posix]: udp_sendto called! Bypassing to POSIX sendto ===
[CR-DISCOVERY-PROBE-R24] host_utc=2026-09-28T06:42:19.632+00:00 host_mono_ns=2336758822766129 
[CR-DISCOVERY-PROBE-R24] host_utc=2026-09-28T06:42:19.632+00:00 host_mono_ns=2336758822783041 === DEBUG [lwip-posix]: recvfrom received packet of len 52! Bypassing to pcb->recv ===
[CR-DISCOVERY-PROBE-R24] host_utc=2026-09-28T06:42:19.632+00:00 host_mono_ns=2336758822801576 
[CR-DISCOVERY-PROBE-R24] host_utc=2026-09-28T06:42:19.632+00:00 host_mono_ns=2336758822809622 === DEBUG [lwip-posix]: udp_sendto called! Bypassing to POSIX sendto ===
[CR-DISCOVERY-PROBE-R24] host_utc=2026-09-28T06:42:19.633+00:00 host_mono_ns=2336758823598201 
[CR-DISCOVERY-PROBE-R24] host_utc=2026-09-28T06:42:19.633+00:00 host_mono_ns=2336758823612217 === DEBUG [lwip-posix]: recvfrom received packet of len 52! Bypassing to pcb->recv ===
[CR-DISCOVERY-PROBE-R24] host_utc=2026-09-28T06:42:19.633+00:00 host_mono_ns=2336758823620844 
[CR-DISCOVERY-PROBE-R24] host_utc=2026-09-28T06:42:19.633+00:00 host_mono_ns=2336758823628809 === DEBUG [lwip-posix]: udp_sendto called! Bypassing to POSIX sendto ===
[CR-DISCOVERY-PROBE-R24] host_utc=2026-09-28T06:42:19.634+00:00 host_mono_ns=2336758824741109 
[CR-DISCOVERY-PROBE-R24] host_utc=2026-09-28T06:42:19.634+00:00 host_mono_ns=2336758824754074 === DEBUG [lwip-posix]: recvfrom received packet of len 52! Bypassing to pcb->recv ===
[CR-DISCOVERY-PROBE-R24] host_utc=2026-09-28T06:42:19.634+00:00 host_mono_ns=2336758824762490 
[CR-DISCOVERY-PROBE-R24] host_utc=2026-09-28T06:42:19.634+00:00 host_mono_ns=2336758824770265 === DEBUG [lwip-posix]: udp_sendto called! Bypassing to POSIX sendto ===
[CR-DISCOVERY-PROBE-R24] host_utc=2026-09-28T06:42:19.635+00:00 host_mono_ns=2336758825591105 
[CR-DISCOVERY-PROBE-R24] host_utc=2026-09-28T06:42:19.635+00:00 host_mono_ns=2336758825608758 === DEBUG [lwip-posix]: recvfrom received packet of len 52! Bypassing to pcb->recv ===
[CR-DISCOVERY-PROBE-R24] host_utc=2026-09-28T06:42:19.635+00:00 host_mono_ns=2336758825617535 
[CR-DISCOVERY-PROBE-R24] host_utc=2026-09-28T06:42:19.635+00:00 host_mono_ns=2336758825625530 === DEBUG [lwip-posix]: udp_sendto called! Bypassing to POSIX sendto ===
[CR-DISCOVERY-PROBE-R24] host_utc=2026-09-28T06:42:19.636+00:00 host_mono_ns=2336758826456850 
[CR-DISCOVERY-PROBE-R24] host_utc=2026-09-28T06:42:19.636+00:00 host_mono_ns=2336758826469975 === DEBUG [lwip-posix]: recvfrom received packet of len 52! Bypassing to pcb->recv ===
[CR-DISCOVERY-PROBE-R24] host_utc=2026-09-28T06:42:19.636+00:00 host_mono_ns=2336758826478391 
[CR-DISCOVERY-PROBE-R24] host_utc=2026-09-28T06:42:19.636+00:00 host_mono_ns=2336758826486175 === DEBUG [lwip-posix]: udp_sendto called! Bypassing to POSIX sendto ===
[CR-DISCOVERY-PROBE-R24] host_utc=2026-09-28T06:42:19.637+00:00 host_mono_ns=2336758827454133 
[CR-DISCOVERY-PROBE-R24] host_utc=2026-09-28T06:42:19.637+00:00 host_mono_ns=2336758827470374 === DEBUG [lwip-posix]: recvfrom received packet of len 52! Bypassing to pcb->recv ===
[CR-DISCOVERY-PROBE-R24] host_utc=2026-09-28T06:42:19.637+00:00 host_mono_ns=2336758827478880 
[CR-DISCOVERY-PROBE-R24] host_utc=2026-09-28T06:42:19.637+00:00 host_mono_ns=2336758827486785 === DEBUG [lwip-posix]: udp_sendto called! Bypassing to POSIX sendto ===
[CR-DISCOVERY-PROBE-R24] host_utc=2026-09-28T06:42:19.638+00:00 host_mono_ns=2336758828640675 
[CR-DISCOVERY-PROBE-R24] host_utc=2026-09-28T06:42:19.638+00:00 host_mono_ns=2336758828653669 === DEBUG [lwip-posix]: recvfrom received packet of len 52! Bypassing to pcb->recv ===
[CR-DISCOVERY-PROBE-R24] host_utc=2026-09-28T06:42:19.638+00:00 host_mono_ns=2336758828662125 
[CR-DISCOVERY-PROBE-R24] host_utc=2026-09-28T06:42:19.638+00:00 host_mono_ns=2336758828669890 === DEBUG [lwip-posix]: udp_sendto called! Bypassing to POSIX sendto ===
[CR-DISCOVERY-PROBE-R24] host_utc=2026-09-28T06:42:19.639+00:00 host_mono_ns=2336758829377817 
[CR-DISCOVERY-PROBE-R24] host_utc=2026-09-28T06:42:19.639+00:00 host_mono_ns=2336758829390541 === DEBUG [lwip-posix]: recvfrom received packet of len 52! Bypassing to pcb->recv ===
[CR-DISCOVERY-PROBE-R24] host_utc=2026-09-28T06:42:19.639+00:00 host_mono_ns=2336758829398887 
[CR-DISCOVERY-PROBE-R24] host_utc=2026-09-28T06:42:19.639+00:00 host_mono_ns=2336758829406671 === DEBUG [lwip-posix]: udp_sendto called! Bypassing to POSIX sendto ===
[CR-DISCOVERY-PROBE-R24] host_utc=2026-09-28T06:42:19.640+00:00 host_mono_ns=2336758830471913 
[CR-DISCOVERY-PROBE-R24] host_utc=2026-09-28T06:42:19.640+00:00 host_mono_ns=2336758830485058 === DEBUG [lwip-posix]: recvfrom received packet of len 52! Bypassing to pcb->recv ===
[CR-DISCOVERY-PROBE-R24] host_utc=2026-09-28T06:42:19.640+00:00 host_mono_ns=2336758830493384 
[CR-DISCOVERY-PROBE-R24] host_utc=2026-09-28T06:42:19.640+00:00 host_mono_ns=2336758830501158 === DEBUG [lwip-posix]: udp_sendto called! Bypassing to POSIX sendto ===
[CR-DISCOVERY-PROBE-R24] host_utc=2026-09-28T06:42:19.641+00:00 host_mono_ns=2336758831312861 
[CR-DISCOVERY-PROBE-R24] host_utc=2026-09-28T06:42:19.641+00:00 host_mono_ns=2336758831330986 === DEBUG [lwip-posix]: recvfrom received packet of len 52! Bypassing to pcb->recv ===
[CR-DISCOVERY-PROBE-R24] host_utc=2026-09-28T06:42:19.641+00:00 host_mono_ns=2336758831344892 
[CR-DISCOVERY-PROBE-R24] host_utc=2026-09-28T06:42:19.641+00:00 host_mono_ns=2336758831353198 === DEBUG [lwip-posix]: udp_sendto called! Bypassing to POSIX sendto ===
[CR-DISCOVERY-PROBE-R24] host_utc=2026-09-28T06:42:19.642+00:00 host_mono_ns=2336758832674543 
[CR-DISCOVERY-PROBE-R24] host_utc=2026-09-28T06:42:19.642+00:00 host_mono_ns=2336758832690814 === DEBUG [lwip-posix]: recvfrom received packet of len 52! Bypassing to pcb->recv ===
[CR-DISCOVERY-PROBE-R24] host_utc=2026-09-28T06:42:19.642+00:00 host_mono_ns=2336758832699611 
[CR-DISCOVERY-PROBE-R24] host_utc=2026-09-28T06:42:19.642+00:00 host_mono_ns=2336758832710120 === DEBUG [lwip-posix]: udp_sendto called! Bypassing to POSIX sendto ===
[CR-DISCOVERY-PROBE-R24] host_utc=2026-09-28T06:42:19.643+00:00 host_mono_ns=2336758833753271 
[CR-DISCOVERY-PROBE-R24] host_utc=2026-09-28T06:42:19.643+00:00 host_mono_ns=2336758833768329 === DEBUG [lwip-posix]: recvfrom received packet of len 52! Bypassing to pcb->recv ===
[CR-DISCOVERY-PROBE-R24] host_utc=2026-09-28T06:42:19.643+00:00 host_mono_ns=2336758833777577 
[CR-DISCOVERY-PROBE-R24] host_utc=2026-09-28T06:42:19.643+00:00 host_mono_ns=2336758833785872 === DEBUG [lwip-posix]: udp_sendto called! Bypassing to POSIX sendto ===
[CR-DISCOVERY-PROBE-R24] host_utc=2026-09-28T06:42:19.644+00:00 host_mono_ns=2336758834706020 
[CR-DISCOVERY-PROBE-R24] host_utc=2026-09-28T06:42:19.644+00:00 host_mono_ns=2336758834719686 === DEBUG [lwip-posix]: recvfrom received packet of len 52! Bypassing to pcb->recv ===
[CR-DISCOVERY-PROBE-R24] host_utc=2026-09-28T06:42:19.644+00:00 host_mono_ns=2336758834728983 
[CR-DISCOVERY-PROBE-R24] host_utc=2026-09-28T06:42:19.644+00:00 host_mono_ns=2336758834737159 === DEBUG [lwip-posix]: udp_sendto called! Bypassing to POSIX sendto ===
[CR-DISCOVERY-PROBE-R24] host_utc=2026-09-28T06:42:19.645+00:00 host_mono_ns=2336758835808592 
[CR-DISCOVERY-PROBE-R24] host_utc=2026-09-28T06:42:19.645+00:00 host_mono_ns=2336758835822779 === DEBUG [lwip-posix]: recvfrom received packet of len 52! Bypassing to pcb->recv ===
[CR-DISCOVERY-PROBE-R24] host_utc=2026-09-28T06:42:19.645+00:00 host_mono_ns=2336758835832848 
[CR-DISCOVERY-PROBE-R24] host_utc=2026-09-28T06:42:19.645+00:00 host_mono_ns=2336758835841134 === DEBUG [lwip-posix]: udp_sendto called! Bypassing to POSIX sendto ===
[CR-DISCOVERY-PROBE-R24] host_utc=2026-09-28T06:42:19.646+00:00 host_mono_ns=2336758836602672 
[CR-DISCOVERY-PROBE-R24] host_utc=2026-09-28T06:42:19.646+00:00 host_mono_ns=2336758836616148 === DEBUG [lwip-posix]: recvfrom received packet of len 52! Bypassing to pcb->recv ===
[CR-DISCOVERY-PROBE-R24] host_utc=2026-09-28T06:42:19.646+00:00 host_mono_ns=2336758836625646 
[CR-DISCOVERY-PROBE-R24] host_utc=2026-09-28T06:42:19.646+00:00 host_mono_ns=2336758836633921 === DEBUG [lwip-posix]: udp_sendto called! Bypassing to POSIX sendto ===
[CR-DISCOVERY-PROBE-R24] host_utc=2026-09-28T06:42:19.647+00:00 host_mono_ns=2336758837915021 
[CR-DISCOVERY-PROBE-R24] host_utc=2026-09-28T06:42:19.647+00:00 host_mono_ns=2336758837928045 === DEBUG [lwip-posix]: recvfrom received packet of len 52! Bypassing to pcb->recv ===
[CR-DISCOVERY-PROBE-R24] host_utc=2026-09-28T06:42:19.647+00:00 host_mono_ns=2336758837936742 
[CR-DISCOVERY-PROBE-R24] host_utc=2026-09-28T06:42:19.647+00:00 host_mono_ns=2336758837957170 === DEBUG [lwip-posix]: udp_sendto called! Bypassing to POSIX sendto ===
[CR-DISCOVERY-PROBE-R24] host_utc=2026-09-28T06:42:19.648+00:00 host_mono_ns=2336758838661661 
[CR-DISCOVERY-PROBE-R24] host_utc=2026-09-28T06:42:19.648+00:00 host_mono_ns=2336758838675367 === DEBUG [lwip-posix]: recvfrom received packet of len 52! Bypassing to pcb->recv ===
[CR-DISCOVERY-PROBE-R24] host_utc=2026-09-28T06:42:19.648+00:00 host_mono_ns=2336758838684724 
[CR-DISCOVERY-PROBE-R24] host_utc=2026-09-28T06:42:19.648+00:00 host_mono_ns=2336758838692950 === DEBUG [lwip-posix]: udp_sendto called! Bypassing to POSIX sendto ===
[CR-DISCOVERY-PROBE-R24] host_utc=2026-09-28T06:42:19.649+00:00 host_mono_ns=2336758839892646 
[CR-DISCOVERY-PROBE-R24] host_utc=2026-09-28T06:42:19.649+00:00 host_mono_ns=2336758839906733 === DEBUG [lwip-posix]: recvfrom received packet of len 52! Bypassing to pcb->recv ===
[CR-DISCOVERY-PROBE-R24] host_utc=2026-09-28T06:42:19.649+00:00 host_mono_ns=2336758839915599 
[CR-DISCOVERY-PROBE-R24] host_utc=2026-09-28T06:42:19.649+00:00 host_mono_ns=2336758839924005 === DEBUG [lwip-posix]: udp_sendto called! Bypassing to POSIX sendto ===
[CR-DISCOVERY-PROBE-R24] host_utc=2026-09-28T06:42:19.650+00:00 host_mono_ns=2336758840645848 
[CR-DISCOVERY-PROBE-R24] host_utc=2026-09-28T06:42:19.650+00:00 host_mono_ns=2336758840658933 === DEBUG [lwip-posix]: recvfrom received packet of len 52! Bypassing to pcb->recv ===
[CR-DISCOVERY-PROBE-R24] host_utc=2026-09-28T06:42:19.650+00:00 host_mono_ns=2336758840667630 
[CR-DISCOVERY-PROBE-R24] host_utc=2026-09-28T06:42:19.650+00:00 host_mono_ns=2336758840676035 === DEBUG [lwip-posix]: udp_sendto called! Bypassing to POSIX sendto ===
[CR-DISCOVERY-PROBE-R24] host_utc=2026-09-28T06:42:19.651+00:00 host_mono_ns=2336758841902772 
[CR-DISCOVERY-PROBE-R24] host_utc=2026-09-28T06:42:19.651+00:00 host_mono_ns=2336758841915857 === DEBUG [lwip-posix]: recvfrom received packet of len 52! Bypassing to pcb->recv ===
[CR-DISCOVERY-PROBE-R24] host_utc=2026-09-28T06:42:19.651+00:00 host_mono_ns=2336758841924463 
[CR-DISCOVERY-PROBE-R24] host_utc=2026-09-28T06:42:19.651+00:00 host_mono_ns=2336758841933150 === DEBUG [lwip-posix]: udp_sendto called! Bypassing to POSIX sendto ===
[CR-DISCOVERY-PROBE-R24] host_utc=2026-09-28T06:42:19.652+00:00 host_mono_ns=2336758842872103 
[CR-DISCOVERY-PROBE-R24] host_utc=2026-09-28T06:42:19.652+00:00 host_mono_ns=2336758842885298 === DEBUG [lwip-posix]: recvfrom received packet of len 52! Bypassing to pcb->recv ===
[CR-DISCOVERY-PROBE-R24] host_utc=2026-09-28T06:42:19.652+00:00 host_mono_ns=2336758842894205 
[CR-DISCOVERY-PROBE-R24] host_utc=2026-09-28T06:42:19.652+00:00 host_mono_ns=2336758842902851 === DEBUG [lwip-posix]: udp_sendto called! Bypassing to POSIX sendto ===
[CR-DISCOVERY-PROBE-R24] host_utc=2026-09-28T06:42:19.653+00:00 host_mono_ns=2336758843850030 
[CR-DISCOVERY-PROBE-R24] host_utc=2026-09-28T06:42:19.653+00:00 host_mono_ns=2336758843863135 === DEBUG [lwip-posix]: recvfrom received packet of len 52! Bypassing to pcb->recv ===
[CR-DISCOVERY-PROBE-R24] host_utc=2026-09-28T06:42:19.653+00:00 host_mono_ns=2336758843871962 
[CR-DISCOVERY-PROBE-R24] host_utc=2026-09-28T06:42:19.653+00:00 host_mono_ns=2336758843880738 === DEBUG [lwip-posix]: udp_sendto called! Bypassing to POSIX sendto ===
[CR-DISCOVERY-PROBE-R24] host_utc=2026-09-28T06:42:19.654+00:00 host_mono_ns=2336758845089441 
[CR-DISCOVERY-PROBE-R24] host_utc=2026-09-28T06:42:19.654+00:00 host_mono_ns=2336758845102917 === DEBUG [lwip-posix]: recvfrom received packet of len 52! Bypassing to pcb->recv ===
[CR-DISCOVERY-PROBE-R24] host_utc=2026-09-28T06:42:19.654+00:00 host_mono_ns=2336758845111663 
[CR-DISCOVERY-PROBE-R24] host_utc=2026-09-28T06:42:19.654+00:00 host_mono_ns=2336758845120420 === DEBUG [lwip-posix]: udp_sendto called! Bypassing to POSIX sendto ===
[CR-DISCOVERY-PROBE-R24] host_utc=2026-09-28T06:42:19.655+00:00 host_mono_ns=2336758846156406 
[CR-DISCOVERY-PROBE-R24] host_utc=2026-09-28T06:42:19.656+00:00 host_mono_ns=2336758846169531 === DEBUG [lwip-posix]: recvfrom received packet of len 52! Bypassing to pcb->recv ===
[CR-DISCOVERY-PROBE-R24] host_utc=2026-09-28T06:42:19.656+00:00 host_mono_ns=2336758846189619 
[CR-DISCOVERY-PROBE-R24] host_utc=2026-09-28T06:42:19.656+00:00 host_mono_ns=2336758846197784 === DEBUG [lwip-posix]: udp_sendto called! Bypassing to POSIX sendto ===
[CR-DISCOVERY-PROBE-R24] host_utc=2026-09-28T06:42:19.656+00:00 host_mono_ns=2336758846967027 
[CR-DISCOVERY-PROBE-R24] host_utc=2026-09-28T06:42:19.656+00:00 host_mono_ns=2336758846977236 === DEBUG [lwip-posix]: recvfrom received packet of len 52! Bypassing to pcb->recv ===
[CR-DISCOVERY-PROBE-R24] host_utc=2026-09-28T06:42:19.656+00:00 host_mono_ns=2336758846985823 
[CR-DISCOVERY-PROBE-R24] host_utc=2026-09-28T06:42:19.656+00:00 host_mono_ns=2336758846993798 === DEBUG [lwip-posix]: udp_sendto called! Bypassing to POSIX sendto ===
[CR-DISCOVERY-PROBE-R24] host_utc=2026-09-28T06:42:19.657+00:00 host_mono_ns=2336758848159750 
[CR-DISCOVERY-PROBE-R24] host_utc=2026-09-28T06:42:19.658+00:00 host_mono_ns=2336758848177964 === DEBUG [lwip-posix]: recvfrom received packet of len 52! Bypassing to pcb->recv ===
[CR-DISCOVERY-PROBE-R24] host_utc=2026-09-28T06:42:19.658+00:00 host_mono_ns=2336758848186971 
[CR-DISCOVERY-PROBE-R24] host_utc=2026-09-28T06:42:19.658+00:00 host_mono_ns=2336758848195217 === DEBUG [lwip-posix]: udp_sendto called! Bypassing to POSIX sendto ===
[CR-DISCOVERY-PROBE-R24] host_utc=2026-09-28T06:42:19.658+00:00 host_mono_ns=2336758848843221 
[CR-DISCOVERY-PROBE-R24] host_utc=2026-09-28T06:42:19.658+00:00 host_mono_ns=2336758848856235 === DEBUG [lwip-posix]: recvfrom received packet of len 52! Bypassing to pcb->recv ===
[CR-DISCOVERY-PROBE-R24] host_utc=2026-09-28T06:42:19.658+00:00 host_mono_ns=2336758848865182 
[CR-DISCOVERY-PROBE-R24] host_utc=2026-09-28T06:42:19.658+00:00 host_mono_ns=2336758848873207 === DEBUG [lwip-posix]: udp_sendto called! Bypassing to POSIX sendto ===
[CR-DISCOVERY-PROBE-R24] host_utc=2026-09-28T06:42:19.659+00:00 host_mono_ns=2336758849938529 
[CR-DISCOVERY-PROBE-R24] host_utc=2026-09-28T06:42:19.659+00:00 host_mono_ns=2336758849952215 === DEBUG [lwip-posix]: recvfrom received packet of len 52! Bypassing to pcb->recv ===
[CR-DISCOVERY-PROBE-R24] host_utc=2026-09-28T06:42:19.659+00:00 host_mono_ns=2336758849961162 
[CR-DISCOVERY-PROBE-R24] host_utc=2026-09-28T06:42:19.659+00:00 host_mono_ns=2336758849969338 === DEBUG [lwip-posix]: udp_sendto called! Bypassing to POSIX sendto ===
[CR-DISCOVERY-PROBE-R24] host_utc=2026-09-28T06:42:19.660+00:00 host_mono_ns=2336758850498567 
[CR-DISCOVERY-PROBE-R24] host_utc=2026-09-28T06:42:19.660+00:00 host_mono_ns=2336758850512183 === DEBUG [lwip-posix]: recvfrom received packet of len 52! Bypassing to pcb->recv ===
[CR-DISCOVERY-PROBE-R24] host_utc=2026-09-28T06:42:19.660+00:00 host_mono_ns=2336758850520909 
[CR-DISCOVERY-PROBE-R24] host_utc=2026-09-28T06:42:19.660+00:00 host_mono_ns=2336758850529375 === DEBUG [lwip-posix]: udp_sendto called! Bypassing to POSIX sendto ===
[CR-DISCOVERY-PROBE-R24] host_utc=2026-09-28T06:42:19.661+00:00 host_mono_ns=2336758851379531 
[CR-DISCOVERY-PROBE-R24] host_utc=2026-09-28T06:42:19.661+00:00 host_mono_ns=2336758851393207 === DEBUG [lwip-posix]: recvfrom received packet of len 52! Bypassing to pcb->recv ===
[CR-DISCOVERY-PROBE-R24] host_utc=2026-09-28T06:42:19.661+00:00 host_mono_ns=2336758851402134 
[CR-DISCOVERY-PROBE-R24] host_utc=2026-09-28T06:42:19.661+00:00 host_mono_ns=2336758851410810 === DEBUG [lwip-posix]: udp_sendto called! Bypassing to POSIX sendto ===
[CR-DISCOVERY-PROBE-R24] host_utc=2026-09-28T06:42:19.662+00:00 host_mono_ns=2336758852252009 
[CR-DISCOVERY-PROBE-R24] host_utc=2026-09-28T06:42:19.662+00:00 host_mono_ns=2336758852265494 === DEBUG [lwip-posix]: recvfrom received packet of len 52! Bypassing to pcb->recv ===
[CR-DISCOVERY-PROBE-R24] host_utc=2026-09-28T06:42:19.662+00:00 host_mono_ns=2336758852274181 
[CR-DISCOVERY-PROBE-R24] host_utc=2026-09-28T06:42:19.662+00:00 host_mono_ns=2336758852282787 === DEBUG [lwip-posix]: udp_sendto called! Bypassing to POSIX sendto ===
[CR-DISCOVERY-PROBE-R24] host_utc=2026-09-28T06:42:19.663+00:00 host_mono_ns=2336758853387173 
[CR-DISCOVERY-PROBE-R24] host_utc=2026-09-28T06:42:19.663+00:00 host_mono_ns=2336758853400929 === DEBUG [lwip-posix]: recvfrom received packet of len 52! Bypassing to pcb->recv ===
[CR-DISCOVERY-PROBE-R24] host_utc=2026-09-28T06:42:19.663+00:00 host_mono_ns=2336758853409715 
[CR-DISCOVERY-PROBE-R24] host_utc=2026-09-28T06:42:19.663+00:00 host_mono_ns=2336758853417740 === DEBUG [lwip-posix]: udp_sendto called! Bypassing to POSIX sendto ===
[CR-DISCOVERY-PROBE-R24] host_utc=2026-09-28T06:42:19.664+00:00 host_mono_ns=2336758854207101 
[CR-DISCOVERY-PROBE-R24] host_utc=2026-09-28T06:42:19.664+00:00 host_mono_ns=2336758854228852 === DEBUG [lwip-posix]: recvfrom received packet of len 52! Bypassing to pcb->recv ===
[CR-DISCOVERY-PROBE-R24] host_utc=2026-09-28T06:42:19.664+00:00 host_mono_ns=2336758854238210 
[CR-DISCOVERY-PROBE-R24] host_utc=2026-09-28T06:42:19.664+00:00 host_mono_ns=2336758854246546 === DEBUG [lwip-posix]: udp_sendto called! Bypassing to POSIX sendto ===
[CR-DISCOVERY-PROBE-R24] host_utc=2026-09-28T06:42:19.664+00:00 host_mono_ns=2336758855032661 
[CR-DISCOVERY-PROBE-R24] host_utc=2026-09-28T06:42:19.664+00:00 host_mono_ns=2336758855045795 === DEBUG [lwip-posix]: recvfrom received packet of len 52! Bypassing to pcb->recv ===
[CR-DISCOVERY-PROBE-R24] host_utc=2026-09-28T06:42:19.664+00:00 host_mono_ns=2336758855054392 
[CR-DISCOVERY-PROBE-R24] host_utc=2026-09-28T06:42:19.664+00:00 host_mono_ns=2336758855062908 === DEBUG [lwip-posix]: udp_sendto called! Bypassing to POSIX sendto ===
[CR-DISCOVERY-PROBE-R24] host_utc=2026-09-28T06:42:19.665+00:00 host_mono_ns=2336758856153999 
[CR-DISCOVERY-PROBE-R24] host_utc=2026-09-28T06:42:19.665+00:00 host_mono_ns=2336758856167314 === DEBUG [lwip-posix]: recvfrom received packet of len 52! Bypassing to pcb->recv ===
[CR-DISCOVERY-PROBE-R24] host_utc=2026-09-28T06:42:19.666+00:00 host_mono_ns=2336758856175990 
[CR-DISCOVERY-PROBE-R24] host_utc=2026-09-28T06:42:19.666+00:00 host_mono_ns=2336758856184606 === DEBUG [lwip-posix]: udp_sendto called! Bypassing to POSIX sendto ===
[CR-DISCOVERY-PROBE-R24] host_utc=2026-09-28T06:42:19.666+00:00 host_mono_ns=2336758856893705 
[CR-DISCOVERY-PROBE-R24] host_utc=2026-09-28T06:42:19.666+00:00 host_mono_ns=2336758856904165 === DEBUG [lwip-posix]: recvfrom received packet of len 52! Bypassing to pcb->recv ===
[CR-DISCOVERY-PROBE-R24] host_utc=2026-09-28T06:42:19.666+00:00 host_mono_ns=2336758856912811 
[CR-DISCOVERY-PROBE-R24] host_utc=2026-09-28T06:42:19.666+00:00 host_mono_ns=2336758856921318 === DEBUG [lwip-posix]: udp_sendto called! Bypassing to POSIX sendto ===
[CR-DISCOVERY-PROBE-R24] host_utc=2026-09-28T06:42:19.667+00:00 host_mono_ns=2336758857975409 
[CR-DISCOVERY-PROBE-R24] host_utc=2026-09-28T06:42:19.667+00:00 host_mono_ns=2336758857988924 === DEBUG [lwip-posix]: recvfrom received packet of len 52! Bypassing to pcb->recv ===
[CR-DISCOVERY-PROBE-R24] host_utc=2026-09-28T06:42:19.667+00:00 host_mono_ns=2336758857997651 
[CR-DISCOVERY-PROBE-R24] host_utc=2026-09-28T06:42:19.667+00:00 host_mono_ns=2336758858020734 === DEBUG [lwip-posix]: udp_sendto called! Bypassing to POSIX sendto ===
[CR-DISCOVERY-PROBE-R24] host_utc=2026-09-28T06:42:19.668+00:00 host_mono_ns=2336758858718753 
[CR-DISCOVERY-PROBE-R24] host_utc=2026-09-28T06:42:19.668+00:00 host_mono_ns=2336758858729172 === DEBUG [lwip-posix]: recvfrom received packet of len 52! Bypassing to pcb->recv ===
[CR-DISCOVERY-PROBE-R24] host_utc=2026-09-28T06:42:19.668+00:00 host_mono_ns=2336758858737889 
[CR-DISCOVERY-PROBE-R24] host_utc=2026-09-28T06:42:19.668+00:00 host_mono_ns=2336758858746615 === DEBUG [lwip-posix]: udp_sendto called! Bypassing to POSIX sendto ===
[CR-DISCOVERY-PROBE-R24] host_utc=2026-09-28T06:42:19.669+00:00 host_mono_ns=2336758859722859 
[CR-DISCOVERY-PROBE-R24] host_utc=2026-09-28T06:42:19.669+00:00 host_mono_ns=2336758859746193 === DEBUG [lwip-posix]: recvfrom received packet of len 52! Bypassing to pcb->recv ===
[CR-DISCOVERY-PROBE-R24] host_utc=2026-09-28T06:42:19.669+00:00 host_mono_ns=2336758859770599 
[CR-DISCOVERY-PROBE-R24] host_utc=2026-09-28T06:42:19.669+00:00 host_mono_ns=2336758859779125 === DEBUG [lwip-posix]: udp_sendto called! Bypassing to POSIX sendto ===
[CR-DISCOVERY-PROBE-R24] host_utc=2026-09-28T06:42:19.670+00:00 host_mono_ns=2336758861163610 
[CR-DISCOVERY-PROBE-R24] host_utc=2026-09-28T06:42:19.671+00:00 host_mono_ns=2336758861182095 === DEBUG [lwip-posix]: recvfrom received packet of len 52! Bypassing to pcb->recv ===
[CR-DISCOVERY-PROBE-R24] host_utc=2026-09-28T06:42:19.671+00:00 host_mono_ns=2336758861191252 
[CR-DISCOVERY-PROBE-R24] host_utc=2026-09-28T06:42:19.671+00:00 host_mono_ns=2336758861199418 === DEBUG [lwip-posix]: udp_sendto called! Bypassing to POSIX sendto ===
[CR-DISCOVERY-PROBE-R24] host_utc=2026-09-28T06:42:19.671+00:00 host_mono_ns=2336758861820310 
[CR-DISCOVERY-PROBE-R24] host_utc=2026-09-28T06:42:19.671+00:00 host_mono_ns=2336758861830529 === DEBUG [lwip-posix]: recvfrom received packet of len 52! Bypassing to pcb->recv ===
[CR-DISCOVERY-PROBE-R24] host_utc=2026-09-28T06:42:19.671+00:00 host_mono_ns=2336758861839156 
[CR-DISCOVERY-PROBE-R24] host_utc=2026-09-28T06:42:19.671+00:00 host_mono_ns=2336758861847101 === DEBUG [lwip-posix]: udp_sendto called! Bypassing to POSIX sendto ===
[CR-DISCOVERY-PROBE-R24] host_utc=2026-09-28T06:42:19.672+00:00 host_mono_ns=2336758862945125 
[CR-DISCOVERY-PROBE-R24] host_utc=2026-09-28T06:42:19.672+00:00 host_mono_ns=2336758862959462 === DEBUG [lwip-posix]: recvfrom received packet of len 52! Bypassing to pcb->recv ===
[CR-DISCOVERY-PROBE-R24] host_utc=2026-09-28T06:42:19.672+00:00 host_mono_ns=2336758862968178 
[CR-DISCOVERY-PROBE-R24] host_utc=2026-09-28T06:42:19.672+00:00 host_mono_ns=2336758862976223 === DEBUG [lwip-posix]: udp_sendto called! Bypassing to POSIX sendto ===
[CR-DISCOVERY-PROBE-R24] host_utc=2026-09-28T06:42:19.673+00:00 host_mono_ns=2336758863964580 
[CR-DISCOVERY-PROBE-R24] host_utc=2026-09-28T06:42:19.673+00:00 host_mono_ns=2336758863978036 === DEBUG [lwip-posix]: recvfrom received packet of len 52! Bypassing to pcb->recv ===
[CR-DISCOVERY-PROBE-R24] host_utc=2026-09-28T06:42:19.673+00:00 host_mono_ns=2336758863986542 
[CR-DISCOVERY-PROBE-R24] host_utc=2026-09-28T06:42:19.673+00:00 host_mono_ns=2336758863994667 === DEBUG [lwip-posix]: udp_sendto called! Bypassing to POSIX sendto ===
[CR-DISCOVERY-PROBE-R24] host_utc=2026-09-28T06:42:19.674+00:00 host_mono_ns=2336758864986791 
[CR-DISCOVERY-PROBE-R24] host_utc=2026-09-28T06:42:19.674+00:00 host_mono_ns=2336758865007159 === DEBUG [lwip-posix]: recvfrom received packet of len 52! Bypassing to pcb->recv ===
[CR-DISCOVERY-PROBE-R24] host_utc=2026-09-28T06:42:19.674+00:00 host_mono_ns=2336758865018480 
[CR-DISCOVERY-PROBE-R24] host_utc=2026-09-28T06:42:19.674+00:00 host_mono_ns=2336758865026696 === DEBUG [lwip-posix]: udp_sendto called! Bypassing to POSIX sendto ===
[CR-DISCOVERY-PROBE-R24] host_utc=2026-09-28T06:42:19.675+00:00 host_mono_ns=2336758865859800 
[CR-DISCOVERY-PROBE-R24] host_utc=2026-09-28T06:42:19.675+00:00 host_mono_ns=2336758865870019 === DEBUG [lwip-posix]: recvfrom received packet of len 52! Bypassing to pcb->recv ===
[CR-DISCOVERY-PROBE-R24] host_utc=2026-09-28T06:42:19.675+00:00 host_mono_ns=2336758865878575 
[CR-DISCOVERY-PROBE-R24] host_utc=2026-09-28T06:42:19.675+00:00 host_mono_ns=2336758865886670 === DEBUG [lwip-posix]: udp_sendto called! Bypassing to POSIX sendto ===
[CR-DISCOVERY-PROBE-R24] host_utc=2026-09-28T06:42:19.676+00:00 host_mono_ns=2336758866894604 
[CR-DISCOVERY-PROBE-R24] host_utc=2026-09-28T06:42:19.676+00:00 host_mono_ns=2336758866908631 === DEBUG [lwip-posix]: recvfrom received packet of len 52! Bypassing to pcb->recv ===
[CR-DISCOVERY-PROBE-R24] host_utc=2026-09-28T06:42:19.676+00:00 host_mono_ns=2336758866917417 
[CR-DISCOVERY-PROBE-R24] host_utc=2026-09-28T06:42:19.676+00:00 host_mono_ns=2336758866925583 === DEBUG [lwip-posix]: udp_sendto called! Bypassing to POSIX sendto ===
[CR-DISCOVERY-PROBE-R24] host_utc=2026-09-28T06:42:19.677+00:00 host_mono_ns=2336758867706938 
[CR-DISCOVERY-PROBE-R24] host_utc=2026-09-28T06:42:19.677+00:00 host_mono_ns=2336758867731935 === DEBUG [lwip-posix]: recvfrom received packet of len 52! Bypassing to pcb->recv ===
[CR-DISCOVERY-PROBE-R24] host_utc=2026-09-28T06:42:19.677+00:00 host_mono_ns=2336758867740962 
[CR-DISCOVERY-PROBE-R24] host_utc=2026-09-28T06:42:19.677+00:00 host_mono_ns=2336758867749128 === DEBUG [lwip-posix]: udp_sendto called! Bypassing to POSIX sendto ===
[CR-DISCOVERY-PROBE-R24] host_utc=2026-09-28T06:42:19.678+00:00 host_mono_ns=2336758868797077 
[CR-DISCOVERY-PROBE-R24] host_utc=2026-09-28T06:42:19.678+00:00 host_mono_ns=2336758868810693 === DEBUG [lwip-posix]: recvfrom received packet of len 52! Bypassing to pcb->recv ===
[CR-DISCOVERY-PROBE-R24] host_utc=2026-09-28T06:42:19.678+00:00 host_mono_ns=2336758868819399 
[CR-DISCOVERY-PROBE-R24] host_utc=2026-09-28T06:42:19.678+00:00 host_mono_ns=2336758868827525 === DEBUG [lwip-posix]: udp_sendto called! Bypassing to POSIX sendto ===
[CR-DISCOVERY-PROBE-R24] host_utc=2026-09-28T06:42:19.679+00:00 host_mono_ns=2336758869774634 
[CR-DISCOVERY-PROBE-R24] host_utc=2026-09-28T06:42:19.679+00:00 host_mono_ns=2336758869788259 === DEBUG [lwip-posix]: recvfrom received packet of len 52! Bypassing to pcb->recv ===
[CR-DISCOVERY-PROBE-R24] host_utc=2026-09-28T06:42:19.679+00:00 host_mono_ns=2336758869796856 
[CR-DISCOVERY-PROBE-R24] host_utc=2026-09-28T06:42:19.679+00:00 host_mono_ns=2336758869804911 === DEBUG [lwip-posix]: udp_sendto called! Bypassing to POSIX sendto ===
[CR-DISCOVERY-PROBE-R24] host_utc=2026-09-28T06:42:19.680+00:00 host_mono_ns=2336758870802675 
[CR-DISCOVERY-PROBE-R24] host_utc=2026-09-28T06:42:19.680+00:00 host_mono_ns=2336758870821150 === DEBUG [lwip-posix]: recvfrom received packet of len 52! Bypassing to pcb->recv ===
[CR-DISCOVERY-PROBE-R24] host_utc=2026-09-28T06:42:19.680+00:00 host_mono_ns=2336758870830237 
[CR-DISCOVERY-PROBE-R24] host_utc=2026-09-28T06:42:19.680+00:00 host_mono_ns=2336758870838423 === DEBUG [lwip-posix]: udp_sendto called! Bypassing to POSIX sendto ===
[CR-DISCOVERY-PROBE-R24] host_utc=2026-09-28T06:42:19.681+00:00 host_mono_ns=2336758871622203 
[CR-DISCOVERY-PROBE-R24] host_utc=2026-09-28T06:42:19.681+00:00 host_mono_ns=2336758871639045 === DEBUG [lwip-posix]: recvfrom received packet of len 52! Bypassing to pcb->recv ===
[CR-DISCOVERY-PROBE-R24] host_utc=2026-09-28T06:42:19.681+00:00 host_mono_ns=2336758871648082 
[CR-DISCOVERY-PROBE-R24] host_utc=2026-09-28T06:42:19.681+00:00 host_mono_ns=2336758871656317 === DEBUG [lwip-posix]: udp_sendto called! Bypassing to POSIX sendto ===
[CR-DISCOVERY-PROBE-R24] host_utc=2026-09-28T06:42:19.682+00:00 host_mono_ns=2336758872883776 
[CR-DISCOVERY-PROBE-R24] host_utc=2026-09-28T06:42:19.682+00:00 host_mono_ns=2336758872897231 === DEBUG [lwip-posix]: recvfrom received packet of len 52! Bypassing to pcb->recv ===
[CR-DISCOVERY-PROBE-R24] host_utc=2026-09-28T06:42:19.682+00:00 host_mono_ns=2336758872905927 
[CR-DISCOVERY-PROBE-R24] host_utc=2026-09-28T06:42:19.682+00:00 host_mono_ns=2336758872913983 === DEBUG [lwip-posix]: udp_sendto called! Bypassing to POSIX sendto ===
[CR-DISCOVERY-PROBE-R24] host_utc=2026-09-28T06:42:19.683+00:00 host_mono_ns=2336758873850642 
[CR-DISCOVERY-PROBE-R24] host_utc=2026-09-28T06:42:19.683+00:00 host_mono_ns=2336758873864598 === DEBUG [lwip-posix]: recvfrom received packet of len 52! Bypassing to pcb->recv ===
[CR-DISCOVERY-PROBE-R24] host_utc=2026-09-28T06:42:19.683+00:00 host_mono_ns=2336758873873204 
[CR-DISCOVERY-PROBE-R24] host_utc=2026-09-28T06:42:19.683+00:00 host_mono_ns=2336758873881229 === DEBUG [lwip-posix]: udp_sendto called! Bypassing to POSIX sendto ===
[CR-DISCOVERY-PROBE-R24] host_utc=2026-09-28T06:42:19.684+00:00 host_mono_ns=2336758874837436 
[CR-DISCOVERY-PROBE-R24] host_utc=2026-09-28T06:42:19.684+00:00 host_mono_ns=2336758874850881 === DEBUG [lwip-posix]: recvfrom received packet of len 52! Bypassing to pcb->recv ===
[CR-DISCOVERY-PROBE-R24] host_utc=2026-09-28T06:42:19.684+00:00 host_mono_ns=2336758874859467 
[CR-DISCOVERY-PROBE-R24] host_utc=2026-09-28T06:42:19.684+00:00 host_mono_ns=2336758874878062 === DEBUG [lwip-posix]: udp_sendto called! Bypassing to POSIX sendto ===
[CR-DISCOVERY-PROBE-R24] host_utc=2026-09-28T06:42:19.685+00:00 host_mono_ns=2336758875493545 
[CR-DISCOVERY-PROBE-R24] host_utc=2026-09-28T06:42:19.685+00:00 host_mono_ns=2336758875507411 === DEBUG [lwip-posix]: recvfrom received packet of len 52! Bypassing to pcb->recv ===
[CR-DISCOVERY-PROBE-R24] host_utc=2026-09-28T06:42:19.685+00:00 host_mono_ns=2336758875516097 
[CR-DISCOVERY-PROBE-R24] host_utc=2026-09-28T06:42:19.685+00:00 host_mono_ns=2336758875524132 === DEBUG [lwip-posix]: udp_sendto called! Bypassing to POSIX sendto ===
[CR-DISCOVERY-PROBE-R24] host_utc=2026-09-28T06:42:19.686+00:00 host_mono_ns=2336758876661571 
[CR-DISCOVERY-PROBE-R24] host_utc=2026-09-28T06:42:19.686+00:00 host_mono_ns=2336758876679705 === DEBUG [lwip-posix]: recvfrom received packet of len 52! Bypassing to pcb->recv ===
[CR-DISCOVERY-PROBE-R24] host_utc=2026-09-28T06:42:19.686+00:00 host_mono_ns=2336758876688882 
[CR-DISCOVERY-PROBE-R24] host_utc=2026-09-28T06:42:19.686+00:00 host_mono_ns=2336758876697158 === DEBUG [lwip-posix]: udp_sendto called! Bypassing to POSIX sendto ===
[CR-DISCOVERY-PROBE-R24] host_utc=2026-09-28T06:42:19.687+00:00 host_mono_ns=2336758877562021 
[CR-DISCOVERY-PROBE-R24] host_utc=2026-09-28T06:42:19.687+00:00 host_mono_ns=2336758877577411 === DEBUG [lwip-posix]: recvfrom received packet of len 52! Bypassing to pcb->recv ===
[CR-DISCOVERY-PROBE-R24] host_utc=2026-09-28T06:42:19.687+00:00 host_mono_ns=2336758877586167 
[CR-DISCOVERY-PROBE-R24] host_utc=2026-09-28T06:42:19.687+00:00 host_mono_ns=2336758877594242 === DEBUG [lwip-posix]: udp_sendto called! Bypassing to POSIX sendto ===
[CR-DISCOVERY-PROBE-R24] host_utc=2026-09-28T06:42:19.688+00:00 host_mono_ns=2336758878712254 
[CR-DISCOVERY-PROBE-R24] host_utc=2026-09-28T06:42:19.688+00:00 host_mono_ns=2336758878725880 === DEBUG [lwip-posix]: recvfrom received packet of len 52! Bypassing to pcb->recv ===
[CR-DISCOVERY-PROBE-R24] host_utc=2026-09-28T06:42:19.688+00:00 host_mono_ns=2336758878734446 
[CR-DISCOVERY-PROBE-R24] host_utc=2026-09-28T06:42:19.688+00:00 host_mono_ns=2336758878742551 === DEBUG [lwip-posix]: udp_sendto called! Bypassing to POSIX sendto ===
[CR-DISCOVERY-PROBE-R24] host_utc=2026-09-28T06:42:19.689+00:00 host_mono_ns=2336758879354336 
[CR-DISCOVERY-PROBE-R24] host_utc=2026-09-28T06:42:19.689+00:00 host_mono_ns=2336758879368223 === DEBUG [lwip-posix]: recvfrom received packet of len 52! Bypassing to pcb->recv ===
[CR-DISCOVERY-PROBE-R24] host_utc=2026-09-28T06:42:19.689+00:00 host_mono_ns=2336758879376859 
[CR-DISCOVERY-PROBE-R24] host_utc=2026-09-28T06:42:19.689+00:00 host_mono_ns=2336758879384954 === DEBUG [lwip-posix]: udp_sendto called! Bypassing to POSIX sendto ===
[CR-DISCOVERY-PROBE-R24] host_utc=2026-09-28T06:42:19.690+00:00 host_mono_ns=2336758880501834 
[CR-DISCOVERY-PROBE-R24] host_utc=2026-09-28T06:42:19.690+00:00 host_mono_ns=2336758880515560 === DEBUG [lwip-posix]: recvfrom received packet of len 52! Bypassing to pcb->recv ===
[CR-DISCOVERY-PROBE-R24] host_utc=2026-09-28T06:42:19.690+00:00 host_mono_ns=2336758880524376 
[CR-DISCOVERY-PROBE-R24] host_utc=2026-09-28T06:42:19.690+00:00 host_mono_ns=2336758880532522 === DEBUG [lwip-posix]: udp_sendto called! Bypassing to POSIX sendto ===
[CR-DISCOVERY-PROBE-R24] host_utc=2026-09-28T06:42:19.690+00:00 host_mono_ns=2336758881081188 
[CR-DISCOVERY-PROBE-R24] host_utc=2026-09-28T06:42:19.690+00:00 host_mono_ns=2336758881095124 === DEBUG [lwip-posix]: recvfrom received packet of len 52! Bypassing to pcb->recv ===
[CR-DISCOVERY-PROBE-R24] host_utc=2026-09-28T06:42:19.690+00:00 host_mono_ns=2336758881103730 
[CR-DISCOVERY-PROBE-R24] host_utc=2026-09-28T06:42:19.690+00:00 host_mono_ns=2336758881111806 === DEBUG [lwip-posix]: udp_sendto called! Bypassing to POSIX sendto ===
[CR-DISCOVERY-PROBE-R24] host_utc=2026-09-28T06:42:19.692+00:00 host_mono_ns=2336758882335958 
[CR-DISCOVERY-PROBE-R24] host_utc=2026-09-28T06:42:19.692+00:00 host_mono_ns=2336758882352990 === DEBUG [lwip-posix]: recvfrom received packet of len 52! Bypassing to pcb->recv ===
[CR-DISCOVERY-PROBE-R24] host_utc=2026-09-28T06:42:19.692+00:00 host_mono_ns=2336758882372888 
[CR-DISCOVERY-PROBE-R24] host_utc=2026-09-28T06:42:19.692+00:00 host_mono_ns=2336758882381283 === DEBUG [lwip-posix]: udp_sendto called! Bypassing to POSIX sendto ===
[CR-DISCOVERY-PROBE-R24] host_utc=2026-09-28T06:42:19.692+00:00 host_mono_ns=2336758882949296 
[CR-DISCOVERY-PROBE-R24] host_utc=2026-09-28T06:42:19.692+00:00 host_mono_ns=2336758882960337 === DEBUG [lwip-posix]: recvfrom received packet of len 52! Bypassing to pcb->recv ===
[CR-DISCOVERY-PROBE-R24] host_utc=2026-09-28T06:42:19.692+00:00 host_mono_ns=2336758882968933 
[CR-DISCOVERY-PROBE-R24] host_utc=2026-09-28T06:42:19.692+00:00 host_mono_ns=2336758882977059 === DEBUG [lwip-posix]: udp_sendto called! Bypassing to POSIX sendto ===
[CR-DISCOVERY-PROBE-R24] host_utc=2026-09-28T06:42:19.693+00:00 host_mono_ns=2336758884143712 
[CR-DISCOVERY-PROBE-R24] host_utc=2026-09-28T06:42:19.693+00:00 host_mono_ns=2336758884157448 === DEBUG [lwip-posix]: recvfrom received packet of len 52! Bypassing to pcb->recv ===
[CR-DISCOVERY-PROBE-R24] host_utc=2026-09-28T06:42:19.693+00:00 host_mono_ns=2336758884165914 
[CR-DISCOVERY-PROBE-R24] host_utc=2026-09-28T06:42:19.694+00:00 host_mono_ns=2336758884174019 === DEBUG [lwip-posix]: udp_sendto called! Bypassing to POSIX sendto ===
[CR-DISCOVERY-PROBE-R24] host_utc=2026-09-28T06:42:19.694+00:00 host_mono_ns=2336758884805472 
[CR-DISCOVERY-PROBE-R24] host_utc=2026-09-28T06:42:19.694+00:00 host_mono_ns=2336758884819709 === DEBUG [lwip-posix]: recvfrom received packet of len 52! Bypassing to pcb->recv ===
[CR-DISCOVERY-PROBE-R24] host_utc=2026-09-28T06:42:19.694+00:00 host_mono_ns=2336758884828686 
[CR-DISCOVERY-PROBE-R24] host_utc=2026-09-28T06:42:19.694+00:00 host_mono_ns=2336758884836901 === DEBUG [lwip-posix]: udp_sendto called! Bypassing to POSIX sendto ===
[CR-DISCOVERY-PROBE-R24] host_utc=2026-09-28T06:42:19.695+00:00 host_mono_ns=2336758885993756 
[CR-DISCOVERY-PROBE-R24] host_utc=2026-09-28T06:42:19.695+00:00 host_mono_ns=2336758886019555 === DEBUG [lwip-posix]: recvfrom received packet of len 52! Bypassing to pcb->recv ===
[CR-DISCOVERY-PROBE-R24] host_utc=2026-09-28T06:42:19.695+00:00 host_mono_ns=2336758886090419 
[CR-DISCOVERY-PROBE-R24] host_utc=2026-09-28T06:42:19.695+00:00 host_mono_ns=2336758886102311 === DEBUG [lwip-posix]: udp_sendto called! Bypassing to POSIX sendto ===
[CR-DISCOVERY-PROBE-R24] host_utc=2026-09-28T06:42:19.696+00:00 host_mono_ns=2336758886599310 
[CR-DISCOVERY-PROBE-R24] host_utc=2026-09-28T06:42:19.696+00:00 host_mono_ns=2336758886610822 === DEBUG [lwip-posix]: recvfrom received packet of len 52! Bypassing to pcb->recv ===
[CR-DISCOVERY-PROBE-R24] host_utc=2026-09-28T06:42:19.696+00:00 host_mono_ns=2336758886619698 
[CR-DISCOVERY-PROBE-R24] host_utc=2026-09-28T06:42:19.696+00:00 host_mono_ns=2336758886627794 === DEBUG [lwip-posix]: udp_sendto called! Bypassing to POSIX sendto ===
[CR-DISCOVERY-PROBE-R24] host_utc=2026-09-28T06:42:19.697+00:00 host_mono_ns=2336758887785150 
[CR-DISCOVERY-PROBE-R24] host_utc=2026-09-28T06:42:19.697+00:00 host_mono_ns=2336758887799737 === DEBUG [lwip-posix]: recvfrom received packet of len 52! Bypassing to pcb->recv ===
[CR-DISCOVERY-PROBE-R24] host_utc=2026-09-28T06:42:19.697+00:00 host_mono_ns=2336758887808504 
[CR-DISCOVERY-PROBE-R24] host_utc=2026-09-28T06:42:19.697+00:00 host_mono_ns=2336758887816589 === DEBUG [lwip-posix]: udp_sendto called! Bypassing to POSIX sendto ===
[CR-DISCOVERY-PROBE-R24] host_utc=2026-09-28T06:42:19.698+00:00 host_mono_ns=2336758888398368 
[CR-DISCOVERY-PROBE-R24] host_utc=2026-09-28T06:42:19.698+00:00 host_mono_ns=2336758888411983 === DEBUG [lwip-posix]: recvfrom received packet of len 52! Bypassing to pcb->recv ===
[CR-DISCOVERY-PROBE-R24] host_utc=2026-09-28T06:42:19.698+00:00 host_mono_ns=2336758888420640 
[CR-DISCOVERY-PROBE-R24] host_utc=2026-09-28T06:42:19.698+00:00 host_mono_ns=2336758888428805 === DEBUG [lwip-posix]: udp_sendto called! Bypassing to POSIX sendto ===
[CR-DISCOVERY-PROBE-R24] host_utc=2026-09-28T06:42:19.699+00:00 host_mono_ns=2336758889263161 
[CR-DISCOVERY-PROBE-R24] host_utc=2026-09-28T06:42:19.699+00:00 host_mono_ns=2336758889277478 === DEBUG [lwip-posix]: recvfrom received packet of len 52! Bypassing to pcb->recv ===
[CR-DISCOVERY-PROBE-R24] host_utc=2026-09-28T06:42:19.699+00:00 host_mono_ns=2336758889286285 
[CR-DISCOVERY-PROBE-R24] host_utc=2026-09-28T06:42:19.699+00:00 host_mono_ns=2336758889294420 === DEBUG [lwip-posix]: udp_sendto called! Bypassing to POSIX sendto ===
[CR-DISCOVERY-PROBE-R24] host_utc=2026-09-28T06:42:19.699+00:00 host_mono_ns=2336758890043745 
[CR-DISCOVERY-PROBE-R24] host_utc=2026-09-28T06:42:19.699+00:00 host_mono_ns=2336758890057371 === DEBUG [lwip-posix]: recvfrom received packet of len 52! Bypassing to pcb->recv ===
[CR-DISCOVERY-PROBE-R24] host_utc=2026-09-28T06:42:19.699+00:00 host_mono_ns=2336758890065997 
[CR-DISCOVERY-PROBE-R24] host_utc=2026-09-28T06:42:19.699+00:00 host_mono_ns=2336758890074113 === DEBUG [lwip-posix]: udp_sendto called! Bypassing to POSIX sendto ===
[CR-DISCOVERY-PROBE-R24] host_utc=2026-09-28T06:42:19.700+00:00 host_mono_ns=2336758891080734 
[CR-DISCOVERY-PROBE-R24] host_utc=2026-09-28T06:42:19.700+00:00 host_mono_ns=2336758891096895 === DEBUG [lwip-posix]: recvfrom received packet of len 52! Bypassing to pcb->recv ===
[CR-DISCOVERY-PROBE-R24] host_utc=2026-09-28T06:42:19.700+00:00 host_mono_ns=2336758891105912 
[CR-DISCOVERY-PROBE-R24] host_utc=2026-09-28T06:42:19.700+00:00 host_mono_ns=2336758891114277 === DEBUG [lwip-posix]: udp_sendto called! Bypassing to POSIX sendto ===
[CR-DISCOVERY-PROBE-R24] host_utc=2026-09-28T06:42:19.701+00:00 host_mono_ns=2336758892116209 
[CR-DISCOVERY-PROBE-R24] host_utc=2026-09-28T06:42:19.701+00:00 host_mono_ns=2336758892129695 === DEBUG [lwip-posix]: recvfrom received packet of len 52! Bypassing to pcb->recv ===
[CR-DISCOVERY-PROBE-R24] host_utc=2026-09-28T06:42:19.701+00:00 host_mono_ns=2336758892138502 
[CR-DISCOVERY-PROBE-R24] host_utc=2026-09-28T06:42:19.701+00:00 host_mono_ns=2336758892146637 === DEBUG [lwip-posix]: udp_sendto called! Bypassing to POSIX sendto ===
[CR-DISCOVERY-PROBE-R24] host_utc=2026-09-28T06:42:19.702+00:00 host_mono_ns=2336758892816773 
[CR-DISCOVERY-PROBE-R24] host_utc=2026-09-28T06:42:19.702+00:00 host_mono_ns=2336758892827012 === DEBUG [lwip-posix]: recvfrom received packet of len 52! Bypassing to pcb->recv ===
[CR-DISCOVERY-PROBE-R24] host_utc=2026-09-28T06:42:19.702+00:00 host_mono_ns=2336758892835628 
[CR-DISCOVERY-PROBE-R24] host_utc=2026-09-28T06:42:19.702+00:00 host_mono_ns=2336758892843794 === DEBUG [lwip-posix]: udp_sendto called! Bypassing to POSIX sendto ===
[CR-DISCOVERY-PROBE-R24] host_utc=2026-09-28T06:42:19.704+00:00 host_mono_ns=2336758894203712 
[CR-DISCOVERY-PROBE-R24] host_utc=2026-09-28T06:42:19.704+00:00 host_mono_ns=2336758894217879 === DEBUG [lwip-posix]: recvfrom received packet of len 52! Bypassing to pcb->recv ===
[CR-DISCOVERY-PROBE-R24] host_utc=2026-09-28T06:42:19.704+00:00 host_mono_ns=2336758894226555 
[CR-DISCOVERY-PROBE-R24] host_utc=2026-09-28T06:42:19.704+00:00 host_mono_ns=2336758894234631 === DEBUG [lwip-posix]: udp_sendto called! Bypassing to POSIX sendto ===
[CR-DISCOVERY-PROBE-R24] host_utc=2026-09-28T06:42:19.704+00:00 host_mono_ns=2336758894970390 
[CR-DISCOVERY-PROBE-R24] host_utc=2026-09-28T06:42:19.704+00:00 host_mono_ns=2336758894980289 === DEBUG [lwip-posix]: recvfrom received packet of len 52! Bypassing to pcb->recv ===
[CR-DISCOVERY-PROBE-R24] host_utc=2026-09-28T06:42:19.704+00:00 host_mono_ns=2336758894988795 
[CR-DISCOVERY-PROBE-R24] host_utc=2026-09-28T06:42:19.704+00:00 host_mono_ns=2336758894996910 === DEBUG [lwip-posix]: udp_sendto called! Bypassing to POSIX sendto ===
[CR-DISCOVERY-PROBE-R24] host_utc=2026-09-28T06:42:19.705+00:00 host_mono_ns=2336758896032106 
[CR-DISCOVERY-PROBE-R24] host_utc=2026-09-28T06:42:19.705+00:00 host_mono_ns=2336758896046102 === DEBUG [lwip-posix]: recvfrom received packet of len 52! Bypassing to pcb->recv ===
[CR-DISCOVERY-PROBE-R24] host_utc=2026-09-28T06:42:19.705+00:00 host_mono_ns=2336758896063575 
[CR-DISCOVERY-PROBE-R24] host_utc=2026-09-28T06:42:19.705+00:00 host_mono_ns=2336758896071871 === DEBUG [lwip-posix]: udp_sendto called! Bypassing to POSIX sendto ===
[CR-DISCOVERY-PROBE-R24] host_utc=2026-09-28T06:42:19.706+00:00 host_mono_ns=2336758896663077 
[CR-DISCOVERY-PROBE-R24] host_utc=2026-09-28T06:42:19.706+00:00 host_mono_ns=2336758896676593 === DEBUG [lwip-posix]: recvfrom received packet of len 52! Bypassing to pcb->recv ===
[CR-DISCOVERY-PROBE-R24] host_utc=2026-09-28T06:42:19.706+00:00 host_mono_ns=2336758896685430 
[CR-DISCOVERY-PROBE-R24] host_utc=2026-09-28T06:42:19.706+00:00 host_mono_ns=2336758896693675 === DEBUG [lwip-posix]: udp_sendto called! Bypassing to POSIX sendto ===
[CR-DISCOVERY-PROBE-R24] host_utc=2026-09-28T06:42:19.707+00:00 host_mono_ns=2336758897617720 
[CR-DISCOVERY-PROBE-R24] host_utc=2026-09-28T06:42:19.707+00:00 host_mono_ns=2336758897632749 === DEBUG [lwip-posix]: recvfrom received packet of len 52! Bypassing to pcb->recv ===
[CR-DISCOVERY-PROBE-R24] host_utc=2026-09-28T06:42:19.707+00:00 host_mono_ns=2336758897643108 
[CR-DISCOVERY-PROBE-R24] host_utc=2026-09-28T06:42:19.707+00:00 host_mono_ns=2336758897651213 === DEBUG [lwip-posix]: udp_sendto called! Bypassing to POSIX sendto ===
[CR-DISCOVERY-PROBE-R24] host_utc=2026-09-28T06:42:19.708+00:00 host_mono_ns=2336758898580599 
[CR-DISCOVERY-PROBE-R24] host_utc=2026-09-28T06:42:19.708+00:00 host_mono_ns=2336758898597751 === DEBUG [lwip-posix]: recvfrom received packet of len 52! Bypassing to pcb->recv ===
[CR-DISCOVERY-PROBE-R24] host_utc=2026-09-28T06:42:19.708+00:00 host_mono_ns=2336758898606858 
[CR-DISCOVERY-PROBE-R24] host_utc=2026-09-28T06:42:19.708+00:00 host_mono_ns=2336758898615284 === DEBUG [lwip-posix]: udp_sendto called! Bypassing to POSIX sendto ===
[CR-DISCOVERY-PROBE-R24] host_utc=2026-09-28T06:42:19.709+00:00 host_mono_ns=2336758899687459 
[CR-DISCOVERY-PROBE-R24] host_utc=2026-09-28T06:42:19.709+00:00 host_mono_ns=2336758899704932 === DEBUG [lwip-posix]: recvfrom received packet of len 52! Bypassing to pcb->recv ===
[CR-DISCOVERY-PROBE-R24] host_utc=2026-09-28T06:42:19.709+00:00 host_mono_ns=2336758899713859 
[CR-DISCOVERY-PROBE-R24] host_utc=2026-09-28T06:42:19.709+00:00 host_mono_ns=2336758899722014 === DEBUG [lwip-posix]: udp_sendto called! Bypassing to POSIX sendto ===
[CR-DISCOVERY-PROBE-R24] host_utc=2026-09-28T06:42:19.710+00:00 host_mono_ns=2336758900541592 
[CR-DISCOVERY-PROBE-R24] host_utc=2026-09-28T06:42:19.710+00:00 host_mono_ns=2336758900554517 === DEBUG [lwip-posix]: recvfrom received packet of len 52! Bypassing to pcb->recv ===
[CR-DISCOVERY-PROBE-R24] host_utc=2026-09-28T06:42:19.710+00:00 host_mono_ns=2336758900563233 
[CR-DISCOVERY-PROBE-R24] host_utc=2026-09-28T06:42:19.710+00:00 host_mono_ns=2336758900571349 === DEBUG [lwip-posix]: udp_sendto called! Bypassing to POSIX sendto ===
[CR-DISCOVERY-PROBE-R24] host_utc=2026-09-28T06:42:19.711+00:00 host_mono_ns=2336758901387460 
[CR-DISCOVERY-PROBE-R24] host_utc=2026-09-28T06:42:19.711+00:00 host_mono_ns=2336758901400895 === DEBUG [lwip-posix]: recvfrom received packet of len 52! Bypassing to pcb->recv ===
[CR-DISCOVERY-PROBE-R24] host_utc=2026-09-28T06:42:19.711+00:00 host_mono_ns=2336758901409492 
[CR-DISCOVERY-PROBE-R24] host_utc=2026-09-28T06:42:19.711+00:00 host_mono_ns=2336758901417577 === DEBUG [lwip-posix]: udp_sendto called! Bypassing to POSIX sendto ===
[CR-DISCOVERY-PROBE-R24] host_utc=2026-09-28T06:42:19.712+00:00 host_mono_ns=2336758902271199 
[CR-DISCOVERY-PROBE-R24] host_utc=2026-09-28T06:42:19.712+00:00 host_mono_ns=2336758902284204 === DEBUG [lwip-posix]: recvfrom received packet of len 52! Bypassing to pcb->recv ===
[CR-DISCOVERY-PROBE-R24] host_utc=2026-09-28T06:42:19.712+00:00 host_mono_ns=2336758902292940 
[CR-DISCOVERY-PROBE-R24] host_utc=2026-09-28T06:42:19.712+00:00 host_mono_ns=2336758902301046 === DEBUG [lwip-posix]: udp_sendto called! Bypassing to POSIX sendto ===
[CR-DISCOVERY-PROBE-R24] host_utc=2026-09-28T06:42:19.713+00:00 host_mono_ns=2336758903376166 
[CR-DISCOVERY-PROBE-R24] host_utc=2026-09-28T06:42:19.713+00:00 host_mono_ns=2336758903400221 === DEBUG [lwip-posix]: recvfrom received packet of len 52! Bypassing to pcb->recv ===
[CR-DISCOVERY-PROBE-R24] host_utc=2026-09-28T06:42:19.713+00:00 host_mono_ns=2336758903409208 
[CR-DISCOVERY-PROBE-R24] host_utc=2026-09-28T06:42:19.713+00:00 host_mono_ns=2336758903417314 === DEBUG [lwip-posix]: udp_sendto called! Bypassing to POSIX sendto ===
[CR-DISCOVERY-PROBE-R24] host_utc=2026-09-28T06:42:19.713+00:00 host_mono_ns=2336758904015794 
[CR-DISCOVERY-PROBE-R24] host_utc=2026-09-28T06:42:19.713+00:00 host_mono_ns=2336758904029400 === DEBUG [lwip-posix]: recvfrom received packet of len 52! Bypassing to pcb->recv ===
[CR-DISCOVERY-PROBE-R24] host_utc=2026-09-28T06:42:19.713+00:00 host_mono_ns=2336758904038026 
[CR-DISCOVERY-PROBE-R24] host_utc=2026-09-28T06:42:19.713+00:00 host_mono_ns=2336758904046152 === DEBUG [lwip-posix]: udp_sendto called! Bypassing to POSIX sendto ===
[CR-DISCOVERY-PROBE-R24] host_utc=2026-09-28T06:42:19.714+00:00 host_mono_ns=2336758904972030 
[CR-DISCOVERY-PROBE-R24] host_utc=2026-09-28T06:42:19.714+00:00 host_mono_ns=2336758904985786 === DEBUG [lwip-posix]: recvfrom received packet of len 52! Bypassing to pcb->recv ===
[CR-DISCOVERY-PROBE-R24] host_utc=2026-09-28T06:42:19.714+00:00 host_mono_ns=2336758904994433 
[CR-DISCOVERY-PROBE-R24] host_utc=2026-09-28T06:42:19.714+00:00 host_mono_ns=2336758905013328 === DEBUG [lwip-posix]: udp_sendto called! Bypassing to POSIX sendto ===
[CR-DISCOVERY-PROBE-R24] host_utc=2026-09-28T06:42:19.715+00:00 host_mono_ns=2336758906144244 
[CR-DISCOVERY-PROBE-R24] host_utc=2026-09-28T06:42:19.715+00:00 host_mono_ns=2336758906160385 === DEBUG [lwip-posix]: recvfrom received packet of len 52! Bypassing to pcb->recv ===
[CR-DISCOVERY-PROBE-R24] host_utc=2026-09-28T06:42:19.716+00:00 host_mono_ns=2336758906169422 
[CR-DISCOVERY-PROBE-R24] host_utc=2026-09-28T06:42:19.716+00:00 host_mono_ns=2336758906177617 === DEBUG [lwip-posix]: udp_sendto called! Bypassing to POSIX sendto ===
[CR-DISCOVERY-PROBE-R24] host_utc=2026-09-28T06:42:19.716+00:00 host_mono_ns=2336758906879843 
[CR-DISCOVERY-PROBE-R24] host_utc=2026-09-28T06:42:19.716+00:00 host_mono_ns=2336758906889622 === DEBUG [lwip-posix]: recvfrom received packet of len 52! Bypassing to pcb->recv ===
[CR-DISCOVERY-PROBE-R24] host_utc=2026-09-28T06:42:19.716+00:00 host_mono_ns=2336758906898138 
[CR-DISCOVERY-PROBE-R24] host_utc=2026-09-28T06:42:19.716+00:00 host_mono_ns=2336758906906223 === DEBUG [lwip-posix]: udp_sendto called! Bypassing to POSIX sendto ===
[CR-DISCOVERY-PROBE-R24] host_utc=2026-09-28T06:42:19.717+00:00 host_mono_ns=2336758907915499 
[CR-DISCOVERY-PROBE-R24] host_utc=2026-09-28T06:42:19.717+00:00 host_mono_ns=2336758907932201 === DEBUG [lwip-posix]: recvfrom received packet of len 52! Bypassing to pcb->recv ===
[CR-DISCOVERY-PROBE-R24] host_utc=2026-09-28T06:42:19.717+00:00 host_mono_ns=2336758907941098 
[CR-DISCOVERY-PROBE-R24] host_utc=2026-09-28T06:42:19.717+00:00 host_mono_ns=2336758907949303 === DEBUG [lwip-posix]: udp_sendto called! Bypassing to POSIX sendto ===
[CR-DISCOVERY-PROBE-R24] host_utc=2026-09-28T06:42:19.718+00:00 host_mono_ns=2336758908708697 
[CR-DISCOVERY-PROBE-R24] host_utc=2026-09-28T06:42:19.718+00:00 host_mono_ns=2336758908722694 === DEBUG [lwip-posix]: recvfrom received packet of len 52! Bypassing to pcb->recv ===
[CR-DISCOVERY-PROBE-R24] host_utc=2026-09-28T06:42:19.718+00:00 host_mono_ns=2336758908731340 
[CR-DISCOVERY-PROBE-R24] host_utc=2026-09-28T06:42:19.718+00:00 host_mono_ns=2336758908739436 === DEBUG [lwip-posix]: udp_sendto called! Bypassing to POSIX sendto ===
[CR-DISCOVERY-PROBE-R24] host_utc=2026-09-28T06:42:19.719+00:00 host_mono_ns=2336758909510722 
[CR-DISCOVERY-PROBE-R24] host_utc=2026-09-28T06:42:19.719+00:00 host_mono_ns=2336758909525861 === DEBUG [lwip-posix]: recvfrom received packet of len 52! Bypassing to pcb->recv ===
[CR-DISCOVERY-PROBE-R24] host_utc=2026-09-28T06:42:19.719+00:00 host_mono_ns=2336758909534688 
[CR-DISCOVERY-PROBE-R24] host_utc=2026-09-28T06:42:19.719+00:00 host_mono_ns=2336758909542913 === DEBUG [lwip-posix]: udp_sendto called! Bypassing to POSIX sendto ===
[CR-DISCOVERY-PROBE-R24] host_utc=2026-09-28T06:42:19.720+00:00 host_mono_ns=2336758910471437 
[CR-DISCOVERY-PROBE-R24] host_utc=2026-09-28T06:42:19.720+00:00 host_mono_ns=2336758910485123 === DEBUG [lwip-posix]: recvfrom received packet of len 52! Bypassing to pcb->recv ===
[CR-DISCOVERY-PROBE-R24] host_utc=2026-09-28T06:42:19.720+00:00 host_mono_ns=2336758910493729 
[CR-DISCOVERY-PROBE-R24] host_utc=2026-09-28T06:42:19.720+00:00 host_mono_ns=2336758910501844 === DEBUG [lwip-posix]: udp_sendto called! Bypassing to POSIX sendto ===
[CR-DISCOVERY-PROBE-R24] host_utc=2026-09-28T06:42:19.721+00:00 host_mono_ns=2336758911555685 
[CR-DISCOVERY-PROBE-R24] host_utc=2026-09-28T06:42:19.721+00:00 host_mono_ns=2336758911568849 === DEBUG [lwip-posix]: recvfrom received packet of len 52! Bypassing to pcb->recv ===
[CR-DISCOVERY-PROBE-R24] host_utc=2026-09-28T06:42:19.721+00:00 host_mono_ns=2336758911577456 
[CR-DISCOVERY-PROBE-R24] host_utc=2026-09-28T06:42:19.721+00:00 host_mono_ns=2336758911585571 === DEBUG [lwip-posix]: udp_sendto called! Bypassing to POSIX sendto ===
[CR-DISCOVERY-PROBE-R24] host_utc=2026-09-28T06:42:19.722+00:00 host_mono_ns=2336758912654771 
[CR-DISCOVERY-PROBE-R24] host_utc=2026-09-28T06:42:19.722+00:00 host_mono_ns=2336758912672294 === DEBUG [lwip-posix]: recvfrom received packet of len 52! Bypassing to pcb->recv ===
[CR-DISCOVERY-PROBE-R24] host_utc=2026-09-28T06:42:19.722+00:00 host_mono_ns=2336758912681231 
[CR-DISCOVERY-PROBE-R24] host_utc=2026-09-28T06:42:19.722+00:00 host_mono_ns=2336758912689526 === DEBUG [lwip-posix]: udp_sendto called! Bypassing to POSIX sendto ===
[CR-DISCOVERY-PROBE-R24] host_utc=2026-09-28T06:42:19.723+00:00 host_mono_ns=2336758913622188 
[CR-DISCOVERY-PROBE-R24] host_utc=2026-09-28T06:42:19.723+00:00 host_mono_ns=2336758913639410 === DEBUG [lwip-posix]: recvfrom received packet of len 52! Bypassing to pcb->recv ===
[CR-DISCOVERY-PROBE-R24] host_utc=2026-09-28T06:42:19.723+00:00 host_mono_ns=2336758913648287 
[CR-DISCOVERY-PROBE-R24] host_utc=2026-09-28T06:42:19.723+00:00 host_mono_ns=2336758913656562 === DEBUG [lwip-posix]: udp_sendto called! Bypassing to POSIX sendto ===
[CR-DISCOVERY-PROBE-R24] host_utc=2026-09-28T06:42:19.724+00:00 host_mono_ns=2336758914661611 
[CR-DISCOVERY-PROBE-R24] host_utc=2026-09-28T06:42:19.724+00:00 host_mono_ns=2336758914680116 === DEBUG [lwip-posix]: recvfrom received packet of len 52! Bypassing to pcb->recv ===
[CR-DISCOVERY-PROBE-R24] host_utc=2026-09-28T06:42:19.724+00:00 host_mono_ns=2336758914689413 
[CR-DISCOVERY-PROBE-R24] host_utc=2026-09-28T06:42:19.724+00:00 host_mono_ns=2336758914697569 === DEBUG [lwip-posix]: udp_sendto called! Bypassing to POSIX sendto ===
[CR-DISCOVERY-PROBE-R24] host_utc=2026-09-28T06:42:19.725+00:00 host_mono_ns=2336758915641842 
[CR-DISCOVERY-PROBE-R24] host_utc=2026-09-28T06:42:19.725+00:00 host_mono_ns=2336758915657672 === DEBUG [lwip-posix]: recvfrom received packet of len 52! Bypassing to pcb->recv ===
[CR-DISCOVERY-PROBE-R24] host_utc=2026-09-28T06:42:19.725+00:00 host_mono_ns=2336758915666448 
[CR-DISCOVERY-PROBE-R24] host_utc=2026-09-28T06:42:19.725+00:00 host_mono_ns=2336758915674644 === DEBUG [lwip-posix]: udp_sendto called! Bypassing to POSIX sendto ===
[CR-DISCOVERY-PROBE-R24] host_utc=2026-09-28T06:42:19.726+00:00 host_mono_ns=2336758916487379 
[CR-DISCOVERY-PROBE-R24] host_utc=2026-09-28T06:42:19.726+00:00 host_mono_ns=2336758916504862 === DEBUG [lwip-posix]: recvfrom received packet of len 52! Bypassing to pcb->recv ===
[CR-DISCOVERY-PROBE-R24] host_utc=2026-09-28T06:42:19.726+00:00 host_mono_ns=2336758916513859 
[CR-DISCOVERY-PROBE-R24] host_utc=2026-09-28T06:42:19.726+00:00 host_mono_ns=2336758916522014 === DEBUG [lwip-posix]: udp_sendto called! Bypassing to POSIX sendto ===
[CR-DISCOVERY-PROBE-R24] host_utc=2026-09-28T06:42:19.727+00:00 host_mono_ns=2336758917553012 
[CR-DISCOVERY-PROBE-R24] host_utc=2026-09-28T06:42:19.727+00:00 host_mono_ns=2336758917570986 === DEBUG [lwip-posix]: recvfrom received packet of len 52! Bypassing to pcb->recv ===
[CR-DISCOVERY-PROBE-R24] host_utc=2026-09-28T06:42:19.727+00:00 host_mono_ns=2336758917624356 
[CR-DISCOVERY-PROBE-R24] host_utc=2026-09-28T06:42:19.727+00:00 host_mono_ns=2336758917632943 === DEBUG [lwip-posix]: udp_sendto called! Bypassing to POSIX sendto ===
[CR-DISCOVERY-PROBE-R24] host_utc=2026-09-28T06:42:19.728+00:00 host_mono_ns=2336758918468581 
[CR-DISCOVERY-PROBE-R24] host_utc=2026-09-28T06:42:19.728+00:00 host_mono_ns=2336758918482487 === DEBUG [lwip-posix]: recvfrom received packet of len 52! Bypassing to pcb->recv ===
[CR-DISCOVERY-PROBE-R24] host_utc=2026-09-28T06:42:19.728+00:00 host_mono_ns=2336758918491163 
[CR-DISCOVERY-PROBE-R24] host_utc=2026-09-28T06:42:19.728+00:00 host_mono_ns=2336758918500000 === DEBUG [lwip-posix]: udp_sendto called! Bypassing to POSIX sendto ===
[CR-DISCOVERY-PROBE-R24] host_utc=2026-09-28T06:42:19.729+00:00 host_mono_ns=2336758919349615 
[CR-DISCOVERY-PROBE-R24] host_utc=2026-09-28T06:42:19.729+00:00 host_mono_ns=2336758919364573 === DEBUG [lwip-posix]: recvfrom received packet of len 52! Bypassing to pcb->recv ===
[CR-DISCOVERY-PROBE-R24] host_utc=2026-09-28T06:42:19.729+00:00 host_mono_ns=2336758919373309 
[CR-DISCOVERY-PROBE-R24] host_utc=2026-09-28T06:42:19.729+00:00 host_mono_ns=2336758919381405 === DEBUG [lwip-posix]: udp_sendto called! Bypassing to POSIX sendto ===
[CR-DISCOVERY-PROBE-R24] host_utc=2026-09-28T06:42:19.730+00:00 host_mono_ns=2336758920549080 
[CR-DISCOVERY-PROBE-R24] host_utc=2026-09-28T06:42:19.730+00:00 host_mono_ns=2336758920562265 === DEBUG [lwip-posix]: recvfrom received packet of len 52! Bypassing to pcb->recv ===
[CR-DISCOVERY-PROBE-R24] host_utc=2026-09-28T06:42:19.730+00:00 host_mono_ns=2336758920570982 
[CR-DISCOVERY-PROBE-R24] host_utc=2026-09-28T06:42:19.730+00:00 host_mono_ns=2336758920578967 === DEBUG [lwip-posix]: udp_sendto called! Bypassing to POSIX sendto ===
[CR-DISCOVERY-PROBE-R24] host_utc=2026-09-28T06:42:19.731+00:00 host_mono_ns=2336758921294999 
[CR-DISCOVERY-PROBE-R24] host_utc=2026-09-28T06:42:19.731+00:00 host_mono_ns=2336758921312212 === DEBUG [lwip-posix]: recvfrom received packet of len 52! Bypassing to pcb->recv ===
[CR-DISCOVERY-PROBE-R24] host_utc=2026-09-28T06:42:19.731+00:00 host_mono_ns=2336758921320878 
[CR-DISCOVERY-PROBE-R24] host_utc=2026-09-28T06:42:19.731+00:00 host_mono_ns=2336758921328953 === DEBUG [lwip-posix]: udp_sendto called! Bypassing to POSIX sendto ===
[CR-DISCOVERY-PROBE-R24] host_utc=2026-09-28T06:42:19.732+00:00 host_mono_ns=2336758922340754 
[CR-DISCOVERY-PROBE-R24] host_utc=2026-09-28T06:42:19.732+00:00 host_mono_ns=2336758922358568 === DEBUG [lwip-posix]: recvfrom received packet of len 52! Bypassing to pcb->recv ===
[CR-DISCOVERY-PROBE-R24] host_utc=2026-09-28T06:42:19.732+00:00 host_mono_ns=2336758922367625 
[CR-DISCOVERY-PROBE-R24] host_utc=2026-09-28T06:42:19.732+00:00 host_mono_ns=2336758922375890 === DEBUG [lwip-posix]: udp_sendto called! Bypassing to POSIX sendto ===
[CR-DISCOVERY-PROBE-R24] host_utc=2026-09-28T06:42:19.733+00:00 host_mono_ns=2336758923408591 
[CR-DISCOVERY-PROBE-R24] host_utc=2026-09-28T06:42:19.733+00:00 host_mono_ns=2336758923426585 === DEBUG [lwip-posix]: recvfrom received packet of len 52! Bypassing to pcb->recv ===
[CR-DISCOVERY-PROBE-R24] host_utc=2026-09-28T06:42:19.733+00:00 host_mono_ns=2336758923435562 
[CR-DISCOVERY-PROBE-R24] host_utc=2026-09-28T06:42:19.733+00:00 host_mono_ns=2336758923443697 === DEBUG [lwip-posix]: udp_sendto called! Bypassing to POSIX sendto ===
[CR-DISCOVERY-PROBE-R24] host_utc=2026-09-28T06:42:19.733+00:00 host_mono_ns=2336758924024474 
[CR-DISCOVERY-PROBE-R24] host_utc=2026-09-28T06:42:19.733+00:00 host_mono_ns=2336758924038711 === DEBUG [lwip-posix]: recvfrom received packet of len 52! Bypassing to pcb->recv ===
[CR-DISCOVERY-PROBE-R24] host_utc=2026-09-28T06:42:19.733+00:00 host_mono_ns=2336758924047287 
[CR-DISCOVERY-PROBE-R24] host_utc=2026-09-28T06:42:19.733+00:00 host_mono_ns=2336758924055403 === DEBUG [lwip-posix]: udp_sendto called! Bypassing to POSIX sendto ===
[CR-DISCOVERY-PROBE-R24] host_utc=2026-09-28T06:42:19.734+00:00 host_mono_ns=2336758924867597 
[CR-DISCOVERY-PROBE-R24] host_utc=2026-09-28T06:42:19.734+00:00 host_mono_ns=2336758924877876 === DEBUG [lwip-posix]: recvfrom received packet of len 52! Bypassing to pcb->recv ===
[CR-DISCOVERY-PROBE-R24] host_utc=2026-09-28T06:42:19.734+00:00 host_mono_ns=2336758924886312 
[CR-DISCOVERY-PROBE-R24] host_utc=2026-09-28T06:42:19.734+00:00 host_mono_ns=2336758924894387 === DEBUG [lwip-posix]: udp_sendto called! Bypassing to POSIX sendto ===
[CR-DISCOVERY-PROBE-R24] host_utc=2026-09-28T06:42:19.735+00:00 host_mono_ns=2336758925897181 
[CR-DISCOVERY-PROBE-R24] host_utc=2026-09-28T06:42:19.735+00:00 host_mono_ns=2336758925910436 === DEBUG [lwip-posix]: recvfrom received packet of len 52! Bypassing to pcb->recv ===
[CR-DISCOVERY-PROBE-R24] host_utc=2026-09-28T06:42:19.735+00:00 host_mono_ns=2336758925919073 
[CR-DISCOVERY-PROBE-R24] host_utc=2026-09-28T06:42:19.735+00:00 host_mono_ns=2336758925927208 === DEBUG [lwip-posix]: udp_sendto called! Bypassing to POSIX sendto ===
[CR-DISCOVERY-PROBE-R24] host_utc=2026-09-28T06:42:19.736+00:00 host_mono_ns=2336758926658068 
[CR-DISCOVERY-PROBE-R24] host_utc=2026-09-28T06:42:19.736+00:00 host_mono_ns=2336758926671343 === DEBUG [lwip-posix]: recvfrom received packet of len 52! Bypassing to pcb->recv ===
[CR-DISCOVERY-PROBE-R24] host_utc=2026-09-28T06:42:19.736+00:00 host_mono_ns=2336758926679969 
[CR-DISCOVERY-PROBE-R24] host_utc=2026-09-28T06:42:19.736+00:00 host_mono_ns=2336758926688035 === DEBUG [lwip-posix]: udp_sendto called! Bypassing to POSIX sendto ===
[CR-DISCOVERY-PROBE-R24] host_utc=2026-09-28T06:42:19.737+00:00 host_mono_ns=2336758927677794 
[CR-DISCOVERY-PROBE-R24] host_utc=2026-09-28T06:42:19.737+00:00 host_mono_ns=2336758927691159 === DEBUG [lwip-posix]: recvfrom received packet of len 52! Bypassing to pcb->recv ===
[CR-DISCOVERY-PROBE-R24] host_utc=2026-09-28T06:42:19.737+00:00 host_mono_ns=2336758927699786 
[CR-DISCOVERY-PROBE-R24] host_utc=2026-09-28T06:42:19.737+00:00 host_mono_ns=2336758927707891 === DEBUG [lwip-posix]: udp_sendto called! Bypassing to POSIX sendto ===
[CR-DISCOVERY-PROBE-R24] host_utc=2026-09-28T06:42:19.738+00:00 host_mono_ns=2336758928730533 
[CR-DISCOVERY-PROBE-R24] host_utc=2026-09-28T06:42:19.738+00:00 host_mono_ns=2336758928743457 === DEBUG [lwip-posix]: recvfrom received packet of len 52! Bypassing to pcb->recv ===
[CR-DISCOVERY-PROBE-R24] host_utc=2026-09-28T06:42:19.738+00:00 host_mono_ns=2336758928752093 
[CR-DISCOVERY-PROBE-R24] host_utc=2026-09-28T06:42:19.738+00:00 host_mono_ns=2336758928760118 === DEBUG [lwip-posix]: udp_sendto called! Bypassing to POSIX sendto ===
[CR-DISCOVERY-PROBE-R24] host_utc=2026-09-28T06:42:19.739+00:00 host_mono_ns=2336758929418792 
[CR-DISCOVERY-PROBE-R24] host_utc=2026-09-28T06:42:19.739+00:00 host_mono_ns=2336758929431777 === DEBUG [lwip-posix]: recvfrom received packet of len 52! Bypassing to pcb->recv ===
[CR-DISCOVERY-PROBE-R24] host_utc=2026-09-28T06:42:19.739+00:00 host_mono_ns=2336758929440223 
[CR-DISCOVERY-PROBE-R24] host_utc=2026-09-28T06:42:19.739+00:00 host_mono_ns=2336758929448308 === DEBUG [lwip-posix]: udp_sendto called! Bypassing to POSIX sendto ===
[CR-DISCOVERY-PROBE-R24] host_utc=2026-09-28T06:42:19.740+00:00 host_mono_ns=2336758930503651 
[CR-DISCOVERY-PROBE-R24] host_utc=2026-09-28T06:42:19.740+00:00 host_mono_ns=2336758930516816 === DEBUG [lwip-posix]: recvfrom received packet of len 52! Bypassing to pcb->recv ===
[CR-DISCOVERY-PROBE-R24] host_utc=2026-09-28T06:42:19.740+00:00 host_mono_ns=2336758930525392 
[CR-DISCOVERY-PROBE-R24] host_utc=2026-09-28T06:42:19.740+00:00 host_mono_ns=2336758930533498 === DEBUG [lwip-posix]: udp_sendto called! Bypassing to POSIX sendto ===
[CR-DISCOVERY-PROBE-R24] host_utc=2026-09-28T06:42:19.741+00:00 host_mono_ns=2336758931307389 
[CR-DISCOVERY-PROBE-R24] host_utc=2026-09-28T06:42:19.741+00:00 host_mono_ns=2336758931320584 === DEBUG [lwip-posix]: recvfrom received packet of len 52! Bypassing to pcb->recv ===
[CR-DISCOVERY-PROBE-R24] host_utc=2026-09-28T06:42:19.741+00:00 host_mono_ns=2336758931329181 
[CR-DISCOVERY-PROBE-R24] host_utc=2026-09-28T06:42:19.741+00:00 host_mono_ns=2336758931345942 === DEBUG [lwip-posix]: udp_sendto called! Bypassing to POSIX sendto ===
[CR-DISCOVERY-PROBE-R24] host_utc=2026-09-28T06:42:19.742+00:00 host_mono_ns=2336758932450749 
[CR-DISCOVERY-PROBE-R24] host_utc=2026-09-28T06:42:19.742+00:00 host_mono_ns=2336758932467160 === DEBUG [lwip-posix]: recvfrom received packet of len 52! Bypassing to pcb->recv ===
[CR-DISCOVERY-PROBE-R24] host_utc=2026-09-28T06:42:19.742+00:00 host_mono_ns=2336758932476748 
[CR-DISCOVERY-PROBE-R24] host_utc=2026-09-28T06:42:19.742+00:00 host_mono_ns=2336758932484913 === DEBUG [lwip-posix]: udp_sendto called! Bypassing to POSIX sendto ===
[CR-DISCOVERY-PROBE-R24] host_utc=2026-09-28T06:42:19.742+00:00 host_mono_ns=2336758933100055 
[CR-DISCOVERY-PROBE-R24] host_utc=2026-09-28T06:42:19.742+00:00 host_mono_ns=2336758933113340 === DEBUG [lwip-posix]: recvfrom received packet of len 52! Bypassing to pcb->recv ===
[CR-DISCOVERY-PROBE-R24] host_utc=2026-09-28T06:42:19.742+00:00 host_mono_ns=2336758933121936 
[CR-DISCOVERY-PROBE-R24] host_utc=2026-09-28T06:42:19.742+00:00 host_mono_ns=2336758933129971 === DEBUG [lwip-posix]: udp_sendto called! Bypassing to POSIX sendto ===
[CR-DISCOVERY-PROBE-R24] host_utc=2026-09-28T06:42:19.743+00:00 host_mono_ns=2336758934123949 
[CR-DISCOVERY-PROBE-R24] host_utc=2026-09-28T06:42:19.743+00:00 host_mono_ns=2336758934137695 === DEBUG [lwip-posix]: recvfrom received packet of len 52! Bypassing to pcb->recv ===
[CR-DISCOVERY-PROBE-R24] host_utc=2026-09-28T06:42:19.743+00:00 host_mono_ns=2336758934146291 
[CR-DISCOVERY-PROBE-R24] host_utc=2026-09-28T06:42:19.743+00:00 host_mono_ns=2336758934154386 === DEBUG [lwip-posix]: udp_sendto called! Bypassing to POSIX sendto ===
[CR-DISCOVERY-PROBE-R24] host_utc=2026-09-28T06:42:19.744+00:00 host_mono_ns=2336758934968884 
[CR-DISCOVERY-PROBE-R24] host_utc=2026-09-28T06:42:19.744+00:00 host_mono_ns=2336758934979024 === DEBUG [lwip-posix]: recvfrom received packet of len 52! Bypassing to pcb->recv ===
[CR-DISCOVERY-PROBE-R24] host_utc=2026-09-28T06:42:19.744+00:00 host_mono_ns=2336758934987520 
[CR-DISCOVERY-PROBE-R24] host_utc=2026-09-28T06:42:19.744+00:00 host_mono_ns=2336758934995555 === DEBUG [lwip-posix]: udp_sendto called! Bypassing to POSIX sendto ===
[CR-DISCOVERY-PROBE-R24] host_utc=2026-09-28T06:42:19.745+00:00 host_mono_ns=2336758936059625 
[CR-DISCOVERY-PROBE-R24] host_utc=2026-09-28T06:42:19.745+00:00 host_mono_ns=2336758936074012 === DEBUG [lwip-posix]: recvfrom received packet of len 52! Bypassing to pcb->recv ===
[CR-DISCOVERY-PROBE-R24] host_utc=2026-09-28T06:42:19.745+00:00 host_mono_ns=2336758936082728 
[CR-DISCOVERY-PROBE-R24] host_utc=2026-09-28T06:42:19.745+00:00 host_mono_ns=2336758936091074 === DEBUG [lwip-posix]: udp_sendto called! Bypassing to POSIX sendto ===
[CR-DISCOVERY-PROBE-R24] host_utc=2026-09-28T06:42:19.746+00:00 host_mono_ns=2336758936684896 
[CR-DISCOVERY-PROBE-R24] host_utc=2026-09-28T06:42:19.746+00:00 host_mono_ns=2336758936694594 === DEBUG [lwip-posix]: recvfrom received packet of len 52! Bypassing to pcb->recv ===
[CR-DISCOVERY-PROBE-R24] host_utc=2026-09-28T06:42:19.746+00:00 host_mono_ns=2336758936703210 
[CR-DISCOVERY-PROBE-R24] host_utc=2026-09-28T06:42:19.746+00:00 host_mono_ns=2336758936711386 === DEBUG [lwip-posix]: udp_sendto called! Bypassing to POSIX sendto ===
[CR-DISCOVERY-PROBE-R24] host_utc=2026-09-28T06:42:19.747+00:00 host_mono_ns=2336758937629339 
[CR-DISCOVERY-PROBE-R24] host_utc=2026-09-28T06:42:19.747+00:00 host_mono_ns=2336758937642725 === DEBUG [lwip-posix]: recvfrom received packet of len 52! Bypassing to pcb->recv ===
[CR-DISCOVERY-PROBE-R24] host_utc=2026-09-28T06:42:19.747+00:00 host_mono_ns=2336758937651281 
[CR-DISCOVERY-PROBE-R24] host_utc=2026-09-28T06:42:19.747+00:00 host_mono_ns=2336758937659476 === DEBUG [lwip-posix]: udp_sendto called! Bypassing to POSIX sendto ===
[CR-DISCOVERY-PROBE-R24] host_utc=2026-09-28T06:42:19.748+00:00 host_mono_ns=2336758938786445 
[CR-DISCOVERY-PROBE-R24] host_utc=2026-09-28T06:42:19.748+00:00 host_mono_ns=2336758938808547 === DEBUG [lwip-posix]: recvfrom received packet of len 52! Bypassing to pcb->recv ===
[CR-DISCOVERY-PROBE-R24] host_utc=2026-09-28T06:42:19.748+00:00 host_mono_ns=2336758938817443 
[CR-DISCOVERY-PROBE-R24] host_utc=2026-09-28T06:42:19.748+00:00 host_mono_ns=2336758938825679 === DEBUG [lwip-posix]: udp_sendto called! Bypassing to POSIX sendto ===
[CR-DISCOVERY-PROBE-R24] host_utc=2026-09-28T06:42:19.749+00:00 host_mono_ns=2336758939557181 
[CR-DISCOVERY-PROBE-R24] host_utc=2026-09-28T06:42:19.749+00:00 host_mono_ns=2336758939572099 === DEBUG [lwip-posix]: recvfrom received packet of len 52! Bypassing to pcb->recv ===
[CR-DISCOVERY-PROBE-R24] host_utc=2026-09-28T06:42:19.749+00:00 host_mono_ns=2336758939580885 
[CR-DISCOVERY-PROBE-R24] host_utc=2026-09-28T06:42:19.749+00:00 host_mono_ns=2336758939589021 === DEBUG [lwip-posix]: udp_sendto called! Bypassing to POSIX sendto ===
[CR-DISCOVERY-PROBE-R24] host_utc=2026-09-28T06:42:19.750+00:00 host_mono_ns=2336758940576355 
[CR-DISCOVERY-PROBE-R24] host_utc=2026-09-28T06:42:19.750+00:00 host_mono_ns=2336758940599930 === DEBUG [lwip-posix]: recvfrom received packet of len 52! Bypassing to pcb->recv ===
[CR-DISCOVERY-PROBE-R24] host_utc=2026-09-28T06:42:19.750+00:00 host_mono_ns=2336758940610109 
[CR-DISCOVERY-PROBE-R24] host_utc=2026-09-28T06:42:19.750+00:00 host_mono_ns=2336758940618585 === DEBUG [lwip-posix]: udp_sendto called! Bypassing to POSIX sendto ===
[CR-DISCOVERY-PROBE-R24] host_utc=2026-09-28T06:42:19.751+00:00 host_mono_ns=2336758941730806 
[CR-DISCOVERY-PROBE-R24] host_utc=2026-09-28T06:42:19.751+00:00 host_mono_ns=2336758941752878 === DEBUG [lwip-posix]: recvfrom received packet of len 52! Bypassing to pcb->recv ===
[CR-DISCOVERY-PROBE-R24] host_utc=2026-09-28T06:42:19.751+00:00 host_mono_ns=2336758941761714 
[CR-DISCOVERY-PROBE-R24] host_utc=2026-09-28T06:42:19.751+00:00 host_mono_ns=2336758941769950 === DEBUG [lwip-posix]: udp_sendto called! Bypassing to POSIX sendto ===
[CR-DISCOVERY-PROBE-R24] host_utc=2026-09-28T06:42:19.752+00:00 host_mono_ns=2336758942297105 
[CR-DISCOVERY-PROBE-R24] host_utc=2026-09-28T06:42:19.752+00:00 host_mono_ns=2336758942308788 === DEBUG [lwip-posix]: recvfrom received packet of len 52! Bypassing to pcb->recv ===
[CR-DISCOVERY-PROBE-R24] host_utc=2026-09-28T06:42:19.752+00:00 host_mono_ns=2336758942317073 
[CR-DISCOVERY-PROBE-R24] host_utc=2026-09-28T06:42:19.752+00:00 host_mono_ns=2336758942325439 === DEBUG [lwip-posix]: udp_sendto called! Bypassing to POSIX sendto ===
[CR-DISCOVERY-PROBE-R24] host_utc=2026-09-28T06:42:19.753+00:00 host_mono_ns=2336758943392414 
[CR-DISCOVERY-PROBE-R24] host_utc=2026-09-28T06:42:19.753+00:00 host_mono_ns=2336758943407102 === DEBUG [lwip-posix]: recvfrom received packet of len 52! Bypassing to pcb->recv ===
[CR-DISCOVERY-PROBE-R24] host_utc=2026-09-28T06:42:19.753+00:00 host_mono_ns=2336758943415708 
[CR-DISCOVERY-PROBE-R24] host_utc=2026-09-28T06:42:19.753+00:00 host_mono_ns=2336758943423783 === DEBUG [lwip-posix]: udp_sendto called! Bypassing to POSIX sendto ===
[CR-DISCOVERY-PROBE-R24] host_utc=2026-09-28T06:42:19.753+00:00 host_mono_ns=2336758944173459 
[CR-DISCOVERY-PROBE-R24] host_utc=2026-09-28T06:42:19.754+00:00 host_mono_ns=2336758944197725 === DEBUG [lwip-posix]: recvfrom received packet of len 52! Bypassing to pcb->recv ===
[CR-DISCOVERY-PROBE-R24] host_utc=2026-09-28T06:42:19.754+00:00 host_mono_ns=2336758944208415 
[CR-DISCOVERY-PROBE-R24] host_utc=2026-09-28T06:42:19.754+00:00 host_mono_ns=2336758944216831 === DEBUG [lwip-posix]: udp_sendto called! Bypassing to POSIX sendto ===
[CR-DISCOVERY-PROBE-R24] host_utc=2026-09-28T06:42:19.754+00:00 host_mono_ns=2336758945119416 
[CR-DISCOVERY-PROBE-R24] host_utc=2026-09-28T06:42:19.754+00:00 host_mono_ns=2336758945133492 === DEBUG [lwip-posix]: recvfrom received packet of len 52! Bypassing to pcb->recv ===
[CR-DISCOVERY-PROBE-R24] host_utc=2026-09-28T06:42:19.754+00:00 host_mono_ns=2336758945141968 
[CR-DISCOVERY-PROBE-R24] host_utc=2026-09-28T06:42:19.754+00:00 host_mono_ns=2336758945149883 === DEBUG [lwip-posix]: udp_sendto called! Bypassing to POSIX sendto ===
[CR-DISCOVERY-PROBE-R24] host_utc=2026-09-28T06:42:19.756+00:00 host_mono_ns=2336758946508088 
[CR-DISCOVERY-PROBE-R24] host_utc=2026-09-28T06:42:19.756+00:00 host_mono_ns=2336758946525892 === DEBUG [lwip-posix]: recvfrom received packet of len 52! Bypassing to pcb->recv ===
[CR-DISCOVERY-PROBE-R24] host_utc=2026-09-28T06:42:19.756+00:00 host_mono_ns=2336758946534498 
[CR-DISCOVERY-PROBE-R24] host_utc=2026-09-28T06:42:19.756+00:00 host_mono_ns=2336758946542423 === DEBUG [lwip-posix]: udp_sendto called! Bypassing to POSIX sendto ===
[CR-DISCOVERY-PROBE-R24] host_utc=2026-09-28T06:42:19.756+00:00 host_mono_ns=2336758947166141 
[CR-DISCOVERY-PROBE-R24] host_utc=2026-09-28T06:42:19.757+00:00 host_mono_ns=2336758947179807 === DEBUG [lwip-posix]: recvfrom received packet of len 52! Bypassing to pcb->recv ===
[CR-DISCOVERY-PROBE-R24] host_utc=2026-09-28T06:42:19.757+00:00 host_mono_ns=2336758947188333 
[CR-DISCOVERY-PROBE-R24] host_utc=2026-09-28T06:42:19.757+00:00 host_mono_ns=2336758947196308 === DEBUG [lwip-posix]: udp_sendto called! Bypassing to POSIX sendto ===
[CR-DISCOVERY-PROBE-R24] host_utc=2026-09-28T06:42:19.757+00:00 host_mono_ns=2336758948013382 
[CR-DISCOVERY-PROBE-R24] host_utc=2026-09-28T06:42:19.757+00:00 host_mono_ns=2336758948026867 === DEBUG [lwip-posix]: recvfrom received packet of len 52! Bypassing to pcb->recv ===
[CR-DISCOVERY-PROBE-R24] host_utc=2026-09-28T06:42:19.757+00:00 host_mono_ns=2336758948035223 
[CR-DISCOVERY-PROBE-R24] host_utc=2026-09-28T06:42:19.757+00:00 host_mono_ns=2336758948043018 === DEBUG [lwip-posix]: udp_sendto called! Bypassing to POSIX sendto ===
[CR-DISCOVERY-PROBE-R24] host_utc=2026-09-28T06:42:19.758+00:00 host_mono_ns=2336758949087069 
[CR-DISCOVERY-PROBE-R24] host_utc=2026-09-28T06:42:19.758+00:00 host_mono_ns=2336758949101647 === DEBUG [lwip-posix]: recvfrom received packet of len 52! Bypassing to pcb->recv ===
[CR-DISCOVERY-PROBE-R24] host_utc=2026-09-28T06:42:19.758+00:00 host_mono_ns=2336758949110574 
[CR-DISCOVERY-PROBE-R24] host_utc=2026-09-28T06:42:19.758+00:00 host_mono_ns=2336758949118709 === DEBUG [lwip-posix]: udp_sendto called! Bypassing to POSIX sendto ===
[CR-DISCOVERY-PROBE-R24] host_utc=2026-09-28T06:42:19.759+00:00 host_mono_ns=2336758950016936 
[CR-DISCOVERY-PROBE-R24] host_utc=2026-09-28T06:42:19.759+00:00 host_mono_ns=2336758950030201 === DEBUG [lwip-posix]: recvfrom received packet of len 52! Bypassing to pcb->recv ===
[CR-DISCOVERY-PROBE-R24] host_utc=2026-09-28T06:42:19.759+00:00 host_mono_ns=2336758950038847 
[CR-DISCOVERY-PROBE-R24] host_utc=2026-09-28T06:42:19.759+00:00 host_mono_ns=2336758950047393 === DEBUG [lwip-posix]: udp_sendto called! Bypassing to POSIX sendto ===
[CR-DISCOVERY-PROBE-R24] host_utc=2026-09-28T06:42:19.761+00:00 host_mono_ns=2336758951239224 
[CR-DISCOVERY-PROBE-R24] host_utc=2026-09-28T06:42:19.761+00:00 host_mono_ns=2336758951252299 === DEBUG [lwip-posix]: recvfrom received packet of len 52! Bypassing to pcb->recv ===
[CR-DISCOVERY-PROBE-R24] host_utc=2026-09-28T06:42:19.761+00:00 host_mono_ns=2336758951260905 
[CR-DISCOVERY-PROBE-R24] host_utc=2026-09-28T06:42:19.761+00:00 host_mono_ns=2336758951269371 === DEBUG [lwip-posix]: udp_sendto called! Bypassing to POSIX sendto ===
[CR-DISCOVERY-PROBE-R24] host_utc=2026-09-28T06:42:19.761+00:00 host_mono_ns=2336758951971808 
[CR-DISCOVERY-PROBE-R24] host_utc=2026-09-28T06:42:19.761+00:00 host_mono_ns=2336758951981456 === DEBUG [lwip-posix]: recvfrom received packet of len 52! Bypassing to pcb->recv ===
[CR-DISCOVERY-PROBE-R24] host_utc=2026-09-28T06:42:19.761+00:00 host_mono_ns=2336758951989862 
[CR-DISCOVERY-PROBE-R24] host_utc=2026-09-28T06:42:19.761+00:00 host_mono_ns=2336758951998268 === DEBUG [lwip-posix]: udp_sendto called! Bypassing to POSIX sendto ===
[CR-DISCOVERY-PROBE-R24] host_utc=2026-09-28T06:42:19.763+00:00 host_mono_ns=2336758953385468 
[CR-DISCOVERY-PROBE-R24] host_utc=2026-09-28T06:42:19.763+00:00 host_mono_ns=2336758953412809 === DEBUG [lwip-posix]: recvfrom received packet of len 52! Bypassing to pcb->recv ===
[CR-DISCOVERY-PROBE-R24] host_utc=2026-09-28T06:42:19.763+00:00 host_mono_ns=2336758953436925 
[CR-DISCOVERY-PROBE-R24] host_utc=2026-09-28T06:42:19.763+00:00 host_mono_ns=2336758953446012 === DEBUG [lwip-posix]: udp_sendto called! Bypassing to POSIX sendto ===
[CR-DISCOVERY-PROBE-R24] host_utc=2026-09-28T06:42:19.764+00:00 host_mono_ns=2336758954271080 
[CR-DISCOVERY-PROBE-R24] host_utc=2026-09-28T06:42:19.764+00:00 host_mono_ns=2336758954297270 === DEBUG [lwip-posix]: recvfrom received packet of len 52! Bypassing to pcb->recv ===
[CR-DISCOVERY-PROBE-R24] host_utc=2026-09-28T06:42:19.764+00:00 host_mono_ns=2336758954308711 
[CR-DISCOVERY-PROBE-R24] host_utc=2026-09-28T06:42:19.764+00:00 host_mono_ns=2336758954317358 === DEBUG [lwip-posix]: udp_sendto called! Bypassing to POSIX sendto ===
[CR-DISCOVERY-PROBE-R24] host_utc=2026-09-28T06:42:19.765+00:00 host_mono_ns=2336758955430140 
[CR-DISCOVERY-PROBE-R24] host_utc=2026-09-28T06:42:19.765+00:00 host_mono_ns=2336758955455668 === DEBUG [lwip-posix]: recvfrom received packet of len 52! Bypassing to pcb->recv ===
[CR-DISCOVERY-PROBE-R24] host_utc=2026-09-28T06:42:19.765+00:00 host_mono_ns=2336758955467159 
[CR-DISCOVERY-PROBE-R24] host_utc=2026-09-28T06:42:19.765+00:00 host_mono_ns=2336758955475826 === DEBUG [lwip-posix]: udp_sendto called! Bypassing to POSIX sendto ===
[CR-DISCOVERY-PROBE-R24] host_utc=2026-09-28T06:42:19.766+00:00 host_mono_ns=2336758956269234 
[CR-DISCOVERY-PROBE-R24] host_utc=2026-09-28T06:42:19.766+00:00 host_mono_ns=2336758956295113 === DEBUG [lwip-posix]: recvfrom received packet of len 52! Bypassing to pcb->recv ===
[CR-DISCOVERY-PROBE-R24] host_utc=2026-09-28T06:42:19.766+00:00 host_mono_ns=2336758956306425 
[CR-DISCOVERY-PROBE-R24] host_utc=2026-09-28T06:42:19.766+00:00 host_mono_ns=2336758956314991 === DEBUG [lwip-posix]: udp_sendto called! Bypassing to POSIX sendto ===
[CR-DISCOVERY-PROBE-R24] host_utc=2026-09-28T06:42:19.767+00:00 host_mono_ns=2336758957308417 
[CR-DISCOVERY-PROBE-R24] host_utc=2026-09-28T06:42:19.767+00:00 host_mono_ns=2336758957334556 === DEBUG [lwip-posix]: recvfrom received packet of len 52! Bypassing to pcb->recv ===
[CR-DISCOVERY-PROBE-R24] host_utc=2026-09-28T06:42:19.767+00:00 host_mono_ns=2336758957346008 
[CR-DISCOVERY-PROBE-R24] host_utc=2026-09-28T06:42:19.767+00:00 host_mono_ns=2336758957354704 === DEBUG [lwip-posix]: udp_sendto called! Bypassing to POSIX sendto ===
[CR-DISCOVERY-PROBE-R24] host_utc=2026-09-28T06:42:19.768+00:00 host_mono_ns=2336758958220850 
[CR-DISCOVERY-PROBE-R24] host_utc=2026-09-28T06:42:19.768+00:00 host_mono_ns=2336758958247030 === DEBUG [lwip-posix]: recvfrom received packet of len 52! Bypassing to pcb->recv ===
[CR-DISCOVERY-PROBE-R24] host_utc=2026-09-28T06:42:19.768+00:00 host_mono_ns=2336758958258321 
[CR-DISCOVERY-PROBE-R24] host_utc=2026-09-28T06:42:19.768+00:00 host_mono_ns=2336758958266967 === DEBUG [lwip-posix]: udp_sendto called! Bypassing to POSIX sendto ===
[CR-DISCOVERY-PROBE-R24] host_utc=2026-09-28T06:42:19.768+00:00 host_mono_ns=2336758959148192 
[CR-DISCOVERY-PROBE-R24] host_utc=2026-09-28T06:42:19.769+00:00 host_mono_ns=2336758959174371 === DEBUG [lwip-posix]: recvfrom received packet of len 52! Bypassing to pcb->recv ===
[CR-DISCOVERY-PROBE-R24] host_utc=2026-09-28T06:42:19.769+00:00 host_mono_ns=2336758959185683 
[CR-DISCOVERY-PROBE-R24] host_utc=2026-09-28T06:42:19.769+00:00 host_mono_ns=2336758959194319 === DEBUG [lwip-posix]: udp_sendto called! Bypassing to POSIX sendto ===
[CR-DISCOVERY-PROBE-R24] host_utc=2026-09-28T06:42:19.770+00:00 host_mono_ns=2336758960440342 
[CR-DISCOVERY-PROBE-R24] host_utc=2026-09-28T06:42:19.770+00:00 host_mono_ns=2336758960466502 === DEBUG [lwip-posix]: recvfrom received packet of len 52! Bypassing to pcb->recv ===
[CR-DISCOVERY-PROBE-R24] host_utc=2026-09-28T06:42:19.770+00:00 host_mono_ns=2336758960477663 
[CR-DISCOVERY-PROBE-R24] host_utc=2026-09-28T06:42:19.770+00:00 host_mono_ns=2336758960486249 === DEBUG [lwip-posix]: udp_sendto called! Bypassing to POSIX sendto ===
[CR-DISCOVERY-PROBE-R24] host_utc=2026-09-28T06:42:19.771+00:00 host_mono_ns=2336758961650127 
[CR-DISCOVERY-PROBE-R24] host_utc=2026-09-28T06:42:19.771+00:00 host_mono_ns=2336758961676226 === DEBUG [lwip-posix]: recvfrom received packet of len 52! Bypassing to pcb->recv ===
[CR-DISCOVERY-PROBE-R24] host_utc=2026-09-28T06:42:19.771+00:00 host_mono_ns=2336758961687628 
[CR-DISCOVERY-PROBE-R24] host_utc=2026-09-28T06:42:19.771+00:00 host_mono_ns=2336758961696264 === DEBUG [lwip-posix]: udp_sendto called! Bypassing to POSIX sendto ===
[CR-DISCOVERY-PROBE-R24] host_utc=2026-09-28T06:42:19.772+00:00 host_mono_ns=2336758962575565 
[CR-DISCOVERY-PROBE-R24] host_utc=2026-09-28T06:42:19.772+00:00 host_mono_ns=2336758962601694 === DEBUG [lwip-posix]: recvfrom received packet of len 52! Bypassing to pcb->recv ===
[CR-DISCOVERY-PROBE-R24] host_utc=2026-09-28T06:42:19.772+00:00 host_mono_ns=2336758962612865 
[CR-DISCOVERY-PROBE-R24] host_utc=2026-09-28T06:42:19.772+00:00 host_mono_ns=2336758962621582 === DEBUG [lwip-posix]: udp_sendto called! Bypassing to POSIX sendto ===
[CR-DISCOVERY-PROBE-R24] host_utc=2026-09-28T06:42:19.773+00:00 host_mono_ns=2336758963820396 
[CR-DISCOVERY-PROBE-R24] host_utc=2026-09-28T06:42:19.773+00:00 host_mono_ns=2336758963846435 === DEBUG [lwip-posix]: recvfrom received packet of len 52! Bypassing to pcb->recv ===
[CR-DISCOVERY-PROBE-R24] host_utc=2026-09-28T06:42:19.773+00:00 host_mono_ns=2336758963857586 
[CR-DISCOVERY-PROBE-R24] host_utc=2026-09-28T06:42:19.773+00:00 host_mono_ns=2336758963866163 === DEBUG [lwip-posix]: udp_sendto called! Bypassing to POSIX sendto ===
[CR-DISCOVERY-PROBE-R24] host_utc=2026-09-28T06:42:19.774+00:00 host_mono_ns=2336758964650664 
[CR-DISCOVERY-PROBE-R24] host_utc=2026-09-28T06:42:19.774+00:00 host_mono_ns=2336758964676653 === DEBUG [lwip-posix]: recvfrom received packet of len 52! Bypassing to pcb->recv ===
[CR-DISCOVERY-PROBE-R24] host_utc=2026-09-28T06:42:19.774+00:00 host_mono_ns=2336758964688045 
[CR-DISCOVERY-PROBE-R24] host_utc=2026-09-28T06:42:19.774+00:00 host_mono_ns=2336758964696691 === DEBUG [lwip-posix]: udp_sendto called! Bypassing to POSIX sendto ===
[CR-DISCOVERY-PROBE-R24] host_utc=2026-09-28T06:42:19.775+00:00 host_mono_ns=2336758965449092 
[CR-DISCOVERY-PROBE-R24] host_utc=2026-09-28T06:42:19.775+00:00 host_mono_ns=2336758965475061 === DEBUG [lwip-posix]: recvfrom received packet of len 52! Bypassing to pcb->recv ===
[CR-DISCOVERY-PROBE-R24] host_utc=2026-09-28T06:42:19.775+00:00 host_mono_ns=2336758965486332 
[CR-DISCOVERY-PROBE-R24] host_utc=2026-09-28T06:42:19.775+00:00 host_mono_ns=2336758965495049 === DEBUG [lwip-posix]: udp_sendto called! Bypassing to POSIX sendto ===
[CR-DISCOVERY-PROBE-R24] host_utc=2026-09-28T06:42:19.776+00:00 host_mono_ns=2336758966276405 
[CR-DISCOVERY-PROBE-R24] host_utc=2026-09-28T06:42:19.776+00:00 host_mono_ns=2336758966302394 === DEBUG [lwip-posix]: recvfrom received packet of len 52! Bypassing to pcb->recv ===
[CR-DISCOVERY-PROBE-R24] host_utc=2026-09-28T06:42:19.776+00:00 host_mono_ns=2336758966313725 
[CR-DISCOVERY-PROBE-R24] host_utc=2026-09-28T06:42:19.776+00:00 host_mono_ns=2336758966322201 === DEBUG [lwip-posix]: udp_sendto called! Bypassing to POSIX sendto ===
[CR-DISCOVERY-PROBE-R24] host_utc=2026-09-28T06:42:19.777+00:00 host_mono_ns=2336758967588272 
[CR-DISCOVERY-PROBE-R24] host_utc=2026-09-28T06:42:19.777+00:00 host_mono_ns=2336758967614322 === DEBUG [lwip-posix]: recvfrom received packet of len 52! Bypassing to pcb->recv ===
[CR-DISCOVERY-PROBE-R24] host_utc=2026-09-28T06:42:19.777+00:00 host_mono_ns=2336758967625412 
[CR-DISCOVERY-PROBE-R24] host_utc=2026-09-28T06:42:19.777+00:00 host_mono_ns=2336758967634079 === DEBUG [lwip-posix]: udp_sendto called! Bypassing to POSIX sendto ===
[CR-DISCOVERY-PROBE-R24] host_utc=2026-09-28T06:42:19.778+00:00 host_mono_ns=2336758968443868 
[CR-DISCOVERY-PROBE-R24] host_utc=2026-09-28T06:42:19.778+00:00 host_mono_ns=2336758968469807 === DEBUG [lwip-posix]: recvfrom received packet of len 52! Bypassing to pcb->recv ===
[CR-DISCOVERY-PROBE-R24] host_utc=2026-09-28T06:42:19.778+00:00 host_mono_ns=2336758968481119 
[CR-DISCOVERY-PROBE-R24] host_utc=2026-09-28T06:42:19.778+00:00 host_mono_ns=2336758968499904 === DEBUG [lwip-posix]: udp_sendto called! Bypassing to POSIX sendto ===
[CR-DISCOVERY-PROBE-R24] host_utc=2026-09-28T06:42:19.779+00:00 host_mono_ns=2336758969751518 
[CR-DISCOVERY-PROBE-R24] host_utc=2026-09-28T06:42:19.779+00:00 host_mono_ns=2336758969777668 === DEBUG [lwip-posix]: recvfrom received packet of len 52! Bypassing to pcb->recv ===
[CR-DISCOVERY-PROBE-R24] host_utc=2026-09-28T06:42:19.779+00:00 host_mono_ns=2336758969788989 
[CR-DISCOVERY-PROBE-R24] host_utc=2026-09-28T06:42:19.779+00:00 host_mono_ns=2336758969797766 === DEBUG [lwip-posix]: udp_sendto called! Bypassing to POSIX sendto ===
[CR-DISCOVERY-PROBE-R24] host_utc=2026-09-28T06:42:19.780+00:00 host_mono_ns=2336758970497106 
[CR-DISCOVERY-PROBE-R24] host_utc=2026-09-28T06:42:19.780+00:00 host_mono_ns=2336758970523196 === DEBUG [lwip-posix]: recvfrom received packet of len 52! Bypassing to pcb->recv ===
[CR-DISCOVERY-PROBE-R24] host_utc=2026-09-28T06:42:19.780+00:00 host_mono_ns=2336758970534317 
[CR-DISCOVERY-PROBE-R24] host_utc=2026-09-28T06:42:19.780+00:00 host_mono_ns=2336758970542933 === DEBUG [lwip-posix]: udp_sendto called! Bypassing to POSIX sendto ===
[CR-DISCOVERY-PROBE-R24] host_utc=2026-09-28T06:42:19.781+00:00 host_mono_ns=2336758971734143 
[CR-DISCOVERY-PROBE-R24] host_utc=2026-09-28T06:42:19.781+00:00 host_mono_ns=2336758971760342 === DEBUG [lwip-posix]: recvfrom received packet of len 52! Bypassing to pcb->recv ===
[CR-DISCOVERY-PROBE-R24] host_utc=2026-09-28T06:42:19.781+00:00 host_mono_ns=2336758971771603 
[CR-DISCOVERY-PROBE-R24] host_utc=2026-09-28T06:42:19.781+00:00 host_mono_ns=2336758971780230 === DEBUG [lwip-posix]: udp_sendto called! Bypassing to POSIX sendto ===
[CR-DISCOVERY-PROBE-R24] host_utc=2026-09-28T06:42:19.782+00:00 host_mono_ns=2336758972546417 
[CR-DISCOVERY-PROBE-R24] host_utc=2026-09-28T06:42:19.782+00:00 host_mono_ns=2336758972572576 === DEBUG [lwip-posix]: recvfrom received packet of len 52! Bypassing to pcb->recv ===
[CR-DISCOVERY-PROBE-R24] host_utc=2026-09-28T06:42:19.782+00:00 host_mono_ns=2336758972584769 
[CR-DISCOVERY-PROBE-R24] host_utc=2026-09-28T06:42:19.782+00:00 host_mono_ns=2336758972595720 === DEBUG [lwip-posix]: udp_sendto called! Bypassing to POSIX sendto ===
[CR-DISCOVERY-PROBE-R24] host_utc=2026-09-28T06:42:19.783+00:00 host_mono_ns=2336758973801187 
[CR-DISCOVERY-PROBE-R24] host_utc=2026-09-28T06:42:19.783+00:00 host_mono_ns=2336758973826825 === DEBUG [lwip-posix]: recvfrom received packet of len 52! Bypassing to pcb->recv ===
[CR-DISCOVERY-PROBE-R24] host_utc=2026-09-28T06:42:19.783+00:00 host_mono_ns=2336758973837705 
[CR-DISCOVERY-PROBE-R24] host_utc=2026-09-28T06:42:19.783+00:00 host_mono_ns=2336758973846182 === DEBUG [lwip-posix]: udp_sendto called! Bypassing to POSIX sendto ===
[CR-DISCOVERY-PROBE-R24] host_utc=2026-09-28T06:42:19.784+00:00 host_mono_ns=2336758974643257 
[CR-DISCOVERY-PROBE-R24] host_utc=2026-09-28T06:42:19.784+00:00 host_mono_ns=2336758974668194 === DEBUG [lwip-posix]: recvfrom received packet of len 52! Bypassing to pcb->recv ===
[CR-DISCOVERY-PROBE-R24] host_utc=2026-09-28T06:42:19.784+00:00 host_mono_ns=2336758974679065 
[CR-DISCOVERY-PROBE-R24] host_utc=2026-09-28T06:42:19.784+00:00 host_mono_ns=2336758974687581 === DEBUG [lwip-posix]: udp_sendto called! Bypassing to POSIX sendto ===
[CR-DISCOVERY-PROBE-R24] host_utc=2026-09-28T06:42:19.785+00:00 host_mono_ns=2336758975673984 
[CR-DISCOVERY-PROBE-R24] host_utc=2026-09-28T06:42:19.785+00:00 host_mono_ns=2336758975699131 === DEBUG [lwip-posix]: recvfrom received packet of len 52! Bypassing to pcb->recv ===
[CR-DISCOVERY-PROBE-R24] host_utc=2026-09-28T06:42:19.785+00:00 host_mono_ns=2336758975710082 
[CR-DISCOVERY-PROBE-R24] host_utc=2026-09-28T06:42:19.785+00:00 host_mono_ns=2336758975718658 === DEBUG [lwip-posix]: udp_sendto called! Bypassing to POSIX sendto ===
[CR-DISCOVERY-PROBE-R24] host_utc=2026-09-28T06:42:19.786+00:00 host_mono_ns=2336758976485055 
[CR-DISCOVERY-PROBE-R24] host_utc=2026-09-28T06:42:19.786+00:00 host_mono_ns=2336758976510203 === DEBUG [lwip-posix]: recvfrom received packet of len 52! Bypassing to pcb->recv ===
[CR-DISCOVERY-PROBE-R24] host_utc=2026-09-28T06:42:19.786+00:00 host_mono_ns=2336758976530952 
[CR-DISCOVERY-PROBE-R24] host_utc=2026-09-28T06:42:19.786+00:00 host_mono_ns=2336758976539639 === DEBUG [lwip-posix]: udp_sendto called! Bypassing to POSIX sendto ===
[CR-DISCOVERY-PROBE-R24] host_utc=2026-09-28T06:42:19.787+00:00 host_mono_ns=2336758977281750 
[CR-DISCOVERY-PROBE-R24] host_utc=2026-09-28T06:42:19.787+00:00 host_mono_ns=2336758977306898 === DEBUG [lwip-posix]: recvfrom received packet of len 52! Bypassing to pcb->recv ===
[CR-DISCOVERY-PROBE-R24] host_utc=2026-09-28T06:42:19.787+00:00 host_mono_ns=2336758977317698 
[CR-DISCOVERY-PROBE-R24] host_utc=2026-09-28T06:42:19.787+00:00 host_mono_ns=2336758977326335 === DEBUG [lwip-posix]: udp_sendto called! Bypassing to POSIX sendto ===
[CR-DISCOVERY-PROBE-R24] host_utc=2026-09-28T06:42:19.788+00:00 host_mono_ns=2336758978179376 
[CR-DISCOVERY-PROBE-R24] host_utc=2026-09-28T06:42:19.788+00:00 host_mono_ns=2336758978191649 === DEBUG [lwip-posix]: recvfrom received packet of len 52! Bypassing to pcb->recv ===
[CR-DISCOVERY-PROBE-R24] host_utc=2026-09-28T06:42:19.788+00:00 host_mono_ns=2336758978200305 
[CR-DISCOVERY-PROBE-R24] host_utc=2026-09-28T06:42:19.788+00:00 host_mono_ns=2336758978208250 === DEBUG [lwip-posix]: udp_sendto called! Bypassing to POSIX sendto ===
[CR-DISCOVERY-PROBE-R24] host_utc=2026-09-28T06:42:19.789+00:00 host_mono_ns=2336758979247673 
[CR-DISCOVERY-PROBE-R24] host_utc=2026-09-28T06:42:19.789+00:00 host_mono_ns=2336758979259115 === DEBUG [lwip-posix]: recvfrom received packet of len 52! Bypassing to pcb->recv ===
[CR-DISCOVERY-PROBE-R24] host_utc=2026-09-28T06:42:19.789+00:00 host_mono_ns=2336758979267400 
[CR-DISCOVERY-PROBE-R24] host_utc=2026-09-28T06:42:19.789+00:00 host_mono_ns=2336758979275215 === DEBUG [lwip-posix]: udp_sendto called! Bypassing to POSIX sendto ===
[CR-DISCOVERY-PROBE-R24] host_utc=2026-09-28T06:42:19.790+00:00 host_mono_ns=2336758980524745 
[CR-DISCOVERY-PROBE-R24] host_utc=2026-09-28T06:42:19.790+00:00 host_mono_ns=2336758980536127 === DEBUG [lwip-posix]: recvfrom received packet of len 52! Bypassing to pcb->recv ===
[CR-DISCOVERY-PROBE-R24] host_utc=2026-09-28T06:42:19.790+00:00 host_mono_ns=2336758980544392 
[CR-DISCOVERY-PROBE-R24] host_utc=2026-09-28T06:42:19.790+00:00 host_mono_ns=2336758980552417 === DEBUG [lwip-posix]: udp_sendto called! Bypassing to POSIX sendto ===
[CR-DISCOVERY-PROBE-R24] host_utc=2026-09-28T06:42:19.791+00:00 host_mono_ns=2336758981207074 
[CR-DISCOVERY-PROBE-R24] host_utc=2026-09-28T06:42:19.791+00:00 host_mono_ns=2336758981218305 === DEBUG [lwip-posix]: recvfrom received packet of len 52! Bypassing to pcb->recv ===
[CR-DISCOVERY-PROBE-R24] host_utc=2026-09-28T06:42:19.791+00:00 host_mono_ns=2336758981226551 
[CR-DISCOVERY-PROBE-R24] host_utc=2026-09-28T06:42:19.791+00:00 host_mono_ns=2336758981234506 === DEBUG [lwip-posix]: udp_sendto called! Bypassing to POSIX sendto ===
[CR-DISCOVERY-PROBE-R24] host_utc=2026-09-28T06:42:19.792+00:00 host_mono_ns=2336758982310608 
[CR-DISCOVERY-PROBE-R24] host_utc=2026-09-28T06:42:19.792+00:00 host_mono_ns=2336758982322571 === DEBUG [lwip-posix]: recvfrom received packet of len 52! Bypassing to pcb->recv ===
[CR-DISCOVERY-PROBE-R24] host_utc=2026-09-28T06:42:19.792+00:00 host_mono_ns=2336758982330866 
[CR-DISCOVERY-PROBE-R24] host_utc=2026-09-28T06:42:19.792+00:00 host_mono_ns=2336758982338791 === DEBUG [lwip-posix]: udp_sendto called! Bypassing to POSIX sendto ===
[CR-DISCOVERY-PROBE-R24] host_utc=2026-09-28T06:42:19.792+00:00 host_mono_ns=2336758983026931 
[CR-DISCOVERY-PROBE-R24] host_utc=2026-09-28T06:42:19.792+00:00 host_mono_ns=2336758983037882 === DEBUG [lwip-posix]: recvfrom received packet of len 52! Bypassing to pcb->recv ===
[CR-DISCOVERY-PROBE-R24] host_utc=2026-09-28T06:42:19.792+00:00 host_mono_ns=2336758983045937 
[CR-DISCOVERY-PROBE-R24] host_utc=2026-09-28T06:42:19.792+00:00 host_mono_ns=2336758983053782 === DEBUG [lwip-posix]: udp_sendto called! Bypassing to POSIX sendto ===
[CR-DISCOVERY-PROBE-R24] host_utc=2026-09-28T06:42:19.793+00:00 host_mono_ns=2336758984025487 
[CR-DISCOVERY-PROBE-R24] host_utc=2026-09-28T06:42:19.793+00:00 host_mono_ns=2336758984044803 === DEBUG [lwip-posix]: recvfrom received packet of len 52! Bypassing to pcb->recv ===
[CR-DISCOVERY-PROBE-R24] host_utc=2026-09-28T06:42:19.793+00:00 host_mono_ns=2336758984060152 
[CR-DISCOVERY-PROBE-R24] host_utc=2026-09-28T06:42:19.793+00:00 host_mono_ns=2336758984068428 === DEBUG [lwip-posix]: udp_sendto called! Bypassing to POSIX sendto ===
[CR-DISCOVERY-PROBE-R24] host_utc=2026-09-28T06:42:19.794+00:00 host_mono_ns=2336758985087954 
[CR-DISCOVERY-PROBE-R24] host_utc=2026-09-28T06:42:19.794+00:00 host_mono_ns=2336758985099876 === DEBUG [lwip-posix]: recvfrom received packet of len 52! Bypassing to pcb->recv ===
[CR-DISCOVERY-PROBE-R24] host_utc=2026-09-28T06:42:19.794+00:00 host_mono_ns=2336758985108202 
[CR-DISCOVERY-PROBE-R24] host_utc=2026-09-28T06:42:19.794+00:00 host_mono_ns=2336758985116137 === DEBUG [lwip-posix]: udp_sendto called! Bypassing to POSIX sendto ===
[CR-DISCOVERY-PROBE-R24] host_utc=2026-09-28T06:42:19.795+00:00 host_mono_ns=2336758985677437 
[CR-DISCOVERY-PROBE-R24] host_utc=2026-09-28T06:42:19.795+00:00 host_mono_ns=2336758985685923 === DEBUG [lwip-posix]: recvfrom received packet of len 52! Bypassing to pcb->recv ===
[CR-DISCOVERY-PROBE-R24] host_utc=2026-09-28T06:42:19.795+00:00 host_mono_ns=2336758985694059 
[CR-DISCOVERY-PROBE-R24] host_utc=2026-09-28T06:42:19.795+00:00 host_mono_ns=2336758985701873 === DEBUG [lwip-posix]: udp_sendto called! Bypassing to POSIX sendto ===
[CR-DISCOVERY-PROBE-R24] host_utc=2026-09-28T06:42:19.796+00:00 host_mono_ns=2336758986635296 
[CR-DISCOVERY-PROBE-R24] host_utc=2026-09-28T06:42:19.796+00:00 host_mono_ns=2336758986646888 === DEBUG [lwip-posix]: recvfrom received packet of len 52! Bypassing to pcb->recv ===
[CR-DISCOVERY-PROBE-R24] host_utc=2026-09-28T06:42:19.796+00:00 host_mono_ns=2336758986655013 
[CR-DISCOVERY-PROBE-R24] host_utc=2026-09-28T06:42:19.796+00:00 host_mono_ns=2336758986662848 === DEBUG [lwip-posix]: udp_sendto called! Bypassing to POSIX sendto ===
[CR-DISCOVERY-PROBE-R24] host_utc=2026-09-28T06:42:19.797+00:00 host_mono_ns=2336758987506622 
[CR-DISCOVERY-PROBE-R24] host_utc=2026-09-28T06:42:19.797+00:00 host_mono_ns=2336758987517943 === DEBUG [lwip-posix]: recvfrom received packet of len 52! Bypassing to pcb->recv ===
[CR-DISCOVERY-PROBE-R24] host_utc=2026-09-28T06:42:19.797+00:00 host_mono_ns=2336758987526079 
[CR-DISCOVERY-PROBE-R24] host_utc=2026-09-28T06:42:19.797+00:00 host_mono_ns=2336758987534024 === DEBUG [lwip-posix]: udp_sendto called! Bypassing to POSIX sendto ===
[CR-DISCOVERY-PROBE-R24] host_utc=2026-09-28T06:42:19.798+00:00 host_mono_ns=2336758988691439 
[CR-DISCOVERY-PROBE-R24] host_utc=2026-09-28T06:42:19.798+00:00 host_mono_ns=2336758988703362 === DEBUG [lwip-posix]: recvfrom received packet of len 52! Bypassing to pcb->recv ===
[CR-DISCOVERY-PROBE-R24] host_utc=2026-09-28T06:42:19.798+00:00 host_mono_ns=2336758988711668 
[CR-DISCOVERY-PROBE-R24] host_utc=2026-09-28T06:42:19.798+00:00 host_mono_ns=2336758988719613 === DEBUG [lwip-posix]: udp_sendto called! Bypassing to POSIX sendto ===
[CR-DISCOVERY-PROBE-R24] host_utc=2026-09-28T06:42:19.799+00:00 host_mono_ns=2336758989246107 
[CR-DISCOVERY-PROBE-R24] host_utc=2026-09-28T06:42:19.799+00:00 host_mono_ns=2336758989257498 === DEBUG [lwip-posix]: recvfrom received packet of len 52! Bypassing to pcb->recv ===
[CR-DISCOVERY-PROBE-R24] host_utc=2026-09-28T06:42:19.799+00:00 host_mono_ns=2336758989265814 
[CR-DISCOVERY-PROBE-R24] host_utc=2026-09-28T06:42:19.799+00:00 host_mono_ns=2336758989273749 === DEBUG [lwip-posix]: udp_sendto called! Bypassing to POSIX sendto ===
[CR-DISCOVERY-PROBE-R24] host_utc=2026-09-28T06:42:19.800+00:00 host_mono_ns=2336758990198746 
[CR-DISCOVERY-PROBE-R24] host_utc=2026-09-28T06:42:19.800+00:00 host_mono_ns=2336758990211731 === DEBUG [lwip-posix]: recvfrom received packet of len 52! Bypassing to pcb->recv ===
[CR-DISCOVERY-PROBE-R24] host_utc=2026-09-28T06:42:19.800+00:00 host_mono_ns=2336758990229013 
[CR-DISCOVERY-PROBE-R24] host_utc=2026-09-28T06:42:19.800+00:00 host_mono_ns=2336758990237259 === DEBUG [lwip-posix]: udp_sendto called! Bypassing to POSIX sendto ===
[CR-DISCOVERY-PROBE-R24] host_utc=2026-09-28T06:42:19.801+00:00 host_mono_ns=2336758991239973 
[CR-DISCOVERY-PROBE-R24] host_utc=2026-09-28T06:42:19.801+00:00 host_mono_ns=2336758991251695 === DEBUG [lwip-posix]: recvfrom received packet of len 52! Bypassing to pcb->recv ===
[CR-DISCOVERY-PROBE-R24] host_utc=2026-09-28T06:42:19.801+00:00 host_mono_ns=2336758991259810 
[CR-DISCOVERY-PROBE-R24] host_utc=2026-09-28T06:42:19.801+00:00 host_mono_ns=2336758991267645 === DEBUG [lwip-posix]: udp_sendto called! Bypassing to POSIX sendto ===
[CR-DISCOVERY-PROBE-R24] host_utc=2026-09-28T06:42:19.801+00:00 host_mono_ns=2336758991994598 
[CR-DISCOVERY-PROBE-R24] host_utc=2026-09-28T06:42:19.801+00:00 host_mono_ns=2336758992012742 === DEBUG [lwip-posix]: recvfrom received packet of len 52! Bypassing to pcb->recv ===
[CR-DISCOVERY-PROBE-R24] host_utc=2026-09-28T06:42:19.801+00:00 host_mono_ns=2336758992024314 
[CR-DISCOVERY-PROBE-R24] host_utc=2026-09-28T06:42:19.801+00:00 host_mono_ns=2336758992032269 === DEBUG [lwip-posix]: udp_sendto called! Bypassing to POSIX sendto ===
[CR-DISCOVERY-PROBE-R24] host_utc=2026-09-28T06:42:19.802+00:00 host_mono_ns=2336758992867958 
[CR-DISCOVERY-PROBE-R24] host_utc=2026-09-28T06:42:19.802+00:00 host_mono_ns=2336758992878347 === DEBUG [lwip-posix]: recvfrom received packet of len 52! Bypassing to pcb->recv ===
[CR-DISCOVERY-PROBE-R24] host_utc=2026-09-28T06:42:19.802+00:00 host_mono_ns=2336758992887054 
[CR-DISCOVERY-PROBE-R24] host_utc=2026-09-28T06:42:19.802+00:00 host_mono_ns=2336758992894828 === DEBUG [lwip-posix]: udp_sendto called! Bypassing to POSIX sendto ===
[CR-DISCOVERY-PROBE-R24] host_utc=2026-09-28T06:42:19.804+00:00 host_mono_ns=2336758994295534 
[CR-DISCOVERY-PROBE-R24] host_utc=2026-09-28T06:42:19.804+00:00 host_mono_ns=2336758994307296 === DEBUG [lwip-posix]: recvfrom received packet of len 52! Bypassing to pcb->recv ===
[CR-DISCOVERY-PROBE-R24] host_utc=2026-09-28T06:42:19.804+00:00 host_mono_ns=2336758994315472 
[CR-DISCOVERY-PROBE-R24] host_utc=2026-09-28T06:42:19.804+00:00 host_mono_ns=2336758994323417 === DEBUG [lwip-posix]: udp_sendto called! Bypassing to POSIX sendto ===
[CR-DISCOVERY-PROBE-R24] host_utc=2026-09-28T06:42:19.804+00:00 host_mono_ns=2336758994751385 
[CR-DISCOVERY-PROBE-R24] host_utc=2026-09-28T06:42:19.804+00:00 host_mono_ns=2336758994759650 === DEBUG [lwip-posix]: recvfrom received packet of len 52! Bypassing to pcb->recv ===
[CR-DISCOVERY-PROBE-R24] host_utc=2026-09-28T06:42:19.804+00:00 host_mono_ns=2336758994767726 
[CR-DISCOVERY-PROBE-R24] host_utc=2026-09-28T06:42:19.804+00:00 host_mono_ns=2336758994775621 === DEBUG [lwip-posix]: udp_sendto called! Bypassing to POSIX sendto ===
[CR-DISCOVERY-PROBE-R24] host_utc=2026-09-28T06:42:19.805+00:00 host_mono_ns=2336758995766101 
[CR-DISCOVERY-PROBE-R24] host_utc=2026-09-28T06:42:19.805+00:00 host_mono_ns=2336758995777503 === DEBUG [lwip-posix]: recvfrom received packet of len 52! Bypassing to pcb->recv ===
[CR-DISCOVERY-PROBE-R24] host_utc=2026-09-28T06:42:19.805+00:00 host_mono_ns=2336758995785668 
[CR-DISCOVERY-PROBE-R24] host_utc=2026-09-28T06:42:19.805+00:00 host_mono_ns=2336758995793553 === DEBUG [lwip-posix]: udp_sendto called! Bypassing to POSIX sendto ===
[CR-DISCOVERY-PROBE-R24] host_utc=2026-09-28T06:42:19.806+00:00 host_mono_ns=2336758996939227 
[CR-DISCOVERY-PROBE-R24] host_utc=2026-09-28T06:42:19.806+00:00 host_mono_ns=2336758996950508 === DEBUG [lwip-posix]: recvfrom received packet of len 52! Bypassing to pcb->recv ===
[CR-DISCOVERY-PROBE-R24] host_utc=2026-09-28T06:42:19.806+00:00 host_mono_ns=2336758996958674 
[CR-DISCOVERY-PROBE-R24] host_utc=2026-09-28T06:42:19.806+00:00 host_mono_ns=2336758996966509 === DEBUG [lwip-posix]: udp_sendto called! Bypassing to POSIX sendto ===
[CR-DISCOVERY-PROBE-R24] host_utc=2026-09-28T06:42:19.807+00:00 host_mono_ns=2336758997590397 
[CR-DISCOVERY-PROBE-R24] host_utc=2026-09-28T06:42:19.807+00:00 host_mono_ns=2336758997609804 === DEBUG [lwip-posix]: recvfrom received packet of len 52! Bypassing to pcb->recv ===
[CR-DISCOVERY-PROBE-R24] host_utc=2026-09-28T06:42:19.807+00:00 host_mono_ns=2336758997618139 
[CR-DISCOVERY-PROBE-R24] host_utc=2026-09-28T06:42:19.807+00:00 host_mono_ns=2336758997626014 === DEBUG [lwip-posix]: udp_sendto called! Bypassing to POSIX sendto ===
[CR-DISCOVERY-PROBE-R24] host_utc=2026-09-28T06:42:19.808+00:00 host_mono_ns=2336758999025928 
[CR-DISCOVERY-PROBE-R24] host_utc=2026-09-28T06:42:19.808+00:00 host_mono_ns=2336758999037751 === DEBUG [lwip-posix]: recvfrom received packet of len 52! Bypassing to pcb->recv ===
[CR-DISCOVERY-PROBE-R24] host_utc=2026-09-28T06:42:19.808+00:00 host_mono_ns=2336758999045956 
[CR-DISCOVERY-PROBE-R24] host_utc=2026-09-28T06:42:19.808+00:00 host_mono_ns=2336758999053901 === DEBUG [lwip-posix]: udp_sendto called! Bypassing to POSIX sendto ===
[CR-DISCOVERY-PROBE-R24] host_utc=2026-09-28T06:42:19.809+00:00 host_mono_ns=2336758999477491 
[CR-DISCOVERY-PROBE-R24] host_utc=2026-09-28T06:42:19.809+00:00 host_mono_ns=2336758999485847 === DEBUG [lwip-posix]: recvfrom received packet of len 52! Bypassing to pcb->recv ===
[CR-DISCOVERY-PROBE-R24] host_utc=2026-09-28T06:42:19.809+00:00 host_mono_ns=2336758999494052 
[CR-DISCOVERY-PROBE-R24] host_utc=2026-09-28T06:42:19.809+00:00 host_mono_ns=2336758999501957 === DEBUG [lwip-posix]: udp_sendto called! Bypassing to POSIX sendto ===
[CR-DISCOVERY-PROBE-R24] host_utc=2026-09-28T06:42:19.810+00:00 host_mono_ns=2336759000636901 
[CR-DISCOVERY-PROBE-R24] host_utc=2026-09-28T06:42:19.810+00:00 host_mono_ns=2336759000654123 === DEBUG [lwip-posix]: recvfrom received packet of len 52! Bypassing to pcb->recv ===
[CR-DISCOVERY-PROBE-R24] host_utc=2026-09-28T06:42:19.810+00:00 host_mono_ns=2336759000663250 
[CR-DISCOVERY-PROBE-R24] host_utc=2026-09-28T06:42:19.810+00:00 host_mono_ns=2336759000671296 === DEBUG [lwip-posix]: udp_sendto called! Bypassing to POSIX sendto ===
[CR-DISCOVERY-PROBE-R24] host_utc=2026-09-28T06:42:19.811+00:00 host_mono_ns=2336759001415642 
[CR-DISCOVERY-PROBE-R24] host_utc=2026-09-28T06:42:19.811+00:00 host_mono_ns=2336759001429277 === DEBUG [lwip-posix]: recvfrom received packet of len 52! Bypassing to pcb->recv ===
[CR-DISCOVERY-PROBE-R24] host_utc=2026-09-28T06:42:19.811+00:00 host_mono_ns=2336759001437904 
[CR-DISCOVERY-PROBE-R24] host_utc=2026-09-28T06:42:19.811+00:00 host_mono_ns=2336759001445839 === DEBUG [lwip-posix]: udp_sendto called! Bypassing to POSIX sendto ===
[CR-DISCOVERY-PROBE-R24] host_utc=2026-09-28T06:42:19.812+00:00 host_mono_ns=2336759002516421 
[CR-DISCOVERY-PROBE-R24] host_utc=2026-09-28T06:42:19.812+00:00 host_mono_ns=2336759002527992 === DEBUG [lwip-posix]: recvfrom received packet of len 52! Bypassing to pcb->recv ===
[CR-DISCOVERY-PROBE-R24] host_utc=2026-09-28T06:42:19.812+00:00 host_mono_ns=2336759002536238 
[CR-DISCOVERY-PROBE-R24] host_utc=2026-09-28T06:42:19.812+00:00 host_mono_ns=2336759002544183 === DEBUG [lwip-posix]: udp_sendto called! Bypassing to POSIX sendto ===
[CR-DISCOVERY-PROBE-R24] host_utc=2026-09-28T06:42:19.813+00:00 host_mono_ns=2336759003556064 
[CR-DISCOVERY-PROBE-R24] host_utc=2026-09-28T06:42:19.813+00:00 host_mono_ns=2336759003573186 === DEBUG [lwip-posix]: recvfrom received packet of len 52! Bypassing to pcb->recv ===
[CR-DISCOVERY-PROBE-R24] host_utc=2026-09-28T06:42:19.813+00:00 host_mono_ns=2336759003582063 
[CR-DISCOVERY-PROBE-R24] host_utc=2026-09-28T06:42:19.813+00:00 host_mono_ns=2336759003590098 === DEBUG [lwip-posix]: udp_sendto called! Bypassing to POSIX sendto ===
[CR-DISCOVERY-PROBE-R24] host_utc=2026-09-28T06:42:19.814+00:00 host_mono_ns=2336759004562976 
[CR-DISCOVERY-PROBE-R24] host_utc=2026-09-28T06:42:19.814+00:00 host_mono_ns=2336759004574658 === DEBUG [lwip-posix]: recvfrom received packet of len 52! Bypassing to pcb->recv ===
[CR-DISCOVERY-PROBE-R24] host_utc=2026-09-28T06:42:19.814+00:00 host_mono_ns=2336759004582954 
[CR-DISCOVERY-PROBE-R24] host_utc=2026-09-28T06:42:19.814+00:00 host_mono_ns=2336759004599906 === DEBUG [lwip-posix]: udp_sendto called! Bypassing to POSIX sendto ===
[CR-DISCOVERY-PROBE-R24] host_utc=2026-09-28T06:42:19.815+00:00 host_mono_ns=2336759005551653 
[CR-DISCOVERY-PROBE-R24] host_utc=2026-09-28T06:42:19.815+00:00 host_mono_ns=2336759005570248 === DEBUG [lwip-posix]: recvfrom received packet of len 52! Bypassing to pcb->recv ===
[CR-DISCOVERY-PROBE-R24] host_utc=2026-09-28T06:42:19.815+00:00 host_mono_ns=2336759005582301 
[CR-DISCOVERY-PROBE-R24] host_utc=2026-09-28T06:42:19.815+00:00 host_mono_ns=2336759005593953 === DEBUG [lwip-posix]: udp_sendto called! Bypassing to POSIX sendto ===
[CR-DISCOVERY-PROBE-R24] host_utc=2026-09-28T06:42:19.816+00:00 host_mono_ns=2336759006564236 
[CR-DISCOVERY-PROBE-R24] host_utc=2026-09-28T06:42:19.816+00:00 host_mono_ns=2336759006579945 === DEBUG [lwip-posix]: recvfrom received packet of len 52! Bypassing to pcb->recv ===
[CR-DISCOVERY-PROBE-R24] host_utc=2026-09-28T06:42:19.816+00:00 host_mono_ns=2336759006588572 
[CR-DISCOVERY-PROBE-R24] host_utc=2026-09-28T06:42:19.816+00:00 host_mono_ns=2336759006596797 === DEBUG [lwip-posix]: udp_sendto called! Bypassing to POSIX sendto ===
[CR-DISCOVERY-PROBE-R24] host_utc=2026-09-28T06:42:19.817+00:00 host_mono_ns=2336759007393181 
[CR-DISCOVERY-PROBE-R24] host_utc=2026-09-28T06:42:19.817+00:00 host_mono_ns=2336759007409752 === DEBUG [lwip-posix]: recvfrom received packet of len 52! Bypassing to pcb->recv ===
[CR-DISCOVERY-PROBE-R24] host_utc=2026-09-28T06:42:19.817+00:00 host_mono_ns=2336759007418619 
[CR-DISCOVERY-PROBE-R24] host_utc=2026-09-28T06:42:19.817+00:00 host_mono_ns=2336759007426694 === DEBUG [lwip-posix]: udp_sendto called! Bypassing to POSIX sendto ===
[CR-DISCOVERY-PROBE-R24] host_utc=2026-09-28T06:42:19.818+00:00 host_mono_ns=2336759008740686 
[CR-DISCOVERY-PROBE-R24] host_utc=2026-09-28T06:42:19.818+00:00 host_mono_ns=2336759008756676 === DEBUG [lwip-posix]: recvfrom received packet of len 52! Bypassing to pcb->recv ===
[CR-DISCOVERY-PROBE-R24] host_utc=2026-09-28T06:42:19.818+00:00 host_mono_ns=2336759008765523 
[CR-DISCOVERY-PROBE-R24] host_utc=2026-09-28T06:42:19.818+00:00 host_mono_ns=2336759008773628 === DEBUG [lwip-posix]: udp_sendto called! Bypassing to POSIX sendto ===
[CR-DISCOVERY-PROBE-R24] host_utc=2026-09-28T06:42:19.819+00:00 host_mono_ns=2336759009386736 
[CR-DISCOVERY-PROBE-R24] host_utc=2026-09-28T06:42:19.819+00:00 host_mono_ns=2336759009399230 === DEBUG [lwip-posix]: recvfrom received packet of len 52! Bypassing to pcb->recv ===
[CR-DISCOVERY-PROBE-R24] host_utc=2026-09-28T06:42:19.819+00:00 host_mono_ns=2336759009407616 
[CR-DISCOVERY-PROBE-R24] host_utc=2026-09-28T06:42:19.819+00:00 host_mono_ns=2336759009415541 === DEBUG [lwip-posix]: udp_sendto called! Bypassing to POSIX sendto ===
[CR-DISCOVERY-PROBE-R24] host_utc=2026-09-28T06:42:19.820+00:00 host_mono_ns=2336759010547809 
[CR-DISCOVERY-PROBE-R24] host_utc=2026-09-28T06:42:19.820+00:00 host_mono_ns=2336759010561124 === DEBUG [lwip-posix]: recvfrom received packet of len 52! Bypassing to pcb->recv ===
[CR-DISCOVERY-PROBE-R24] host_utc=2026-09-28T06:42:19.820+00:00 host_mono_ns=2336759010569701 
[CR-DISCOVERY-PROBE-R24] host_utc=2026-09-28T06:42:19.820+00:00 host_mono_ns=2336759010577676 === DEBUG [lwip-posix]: udp_sendto called! Bypassing to POSIX sendto ===
[CR-DISCOVERY-PROBE-R24] host_utc=2026-09-28T06:42:19.820+00:00 host_mono_ns=2336759011146009 
[CR-DISCOVERY-PROBE-R24] host_utc=2026-09-28T06:42:19.820+00:00 host_mono_ns=2336759011157400 === DEBUG [lwip-posix]: recvfrom received packet of len 52! Bypassing to pcb->recv ===
[CR-DISCOVERY-PROBE-R24] host_utc=2026-09-28T06:42:19.820+00:00 host_mono_ns=2336759011165816 
[CR-DISCOVERY-PROBE-R24] host_utc=2026-09-28T06:42:19.821+00:00 host_mono_ns=2336759011173892 === DEBUG [lwip-posix]: udp_sendto called! Bypassing to POSIX sendto ===
[CR-DISCOVERY-PROBE-R24] host_utc=2026-09-28T06:42:19.822+00:00 host_mono_ns=2336759012234515 
[CR-DISCOVERY-PROBE-R24] host_utc=2026-09-28T06:42:19.822+00:00 host_mono_ns=2336759012251707 === DEBUG [lwip-posix]: recvfrom received packet of len 52! Bypassing to pcb->recv ===
[CR-DISCOVERY-PROBE-R24] host_utc=2026-09-28T06:42:19.822+00:00 host_mono_ns=2336759012269822 
[CR-DISCOVERY-PROBE-R24] host_utc=2026-09-28T06:42:19.822+00:00 host_mono_ns=2336759012278077 === DEBUG [lwip-posix]: udp_sendto called! Bypassing to POSIX sendto ===
[CR-DISCOVERY-PROBE-R24] host_utc=2026-09-28T06:42:19.822+00:00 host_mono_ns=2336759012788331 
[CR-DISCOVERY-PROBE-R24] host_utc=2026-09-28T06:42:19.822+00:00 host_mono_ns=2336759012796767 === DEBUG [lwip-posix]: recvfrom received packet of len 52! Bypassing to pcb->recv ===
[CR-DISCOVERY-PROBE-R24] host_utc=2026-09-28T06:42:19.822+00:00 host_mono_ns=2336759012805103 
[CR-DISCOVERY-PROBE-R24] host_utc=2026-09-28T06:42:19.822+00:00 host_mono_ns=2336759012812948 === DEBUG [lwip-posix]: udp_sendto called! Bypassing to POSIX sendto ===
[CR-DISCOVERY-PROBE-R24] host_utc=2026-09-28T06:42:19.823+00:00 host_mono_ns=2336759013858642 
[CR-DISCOVERY-PROBE-R24] host_utc=2026-09-28T06:42:19.823+00:00 host_mono_ns=2336759013870895 === DEBUG [lwip-posix]: recvfrom received packet of len 52! Bypassing to pcb->recv ===
[CR-DISCOVERY-PROBE-R24] host_utc=2026-09-28T06:42:19.823+00:00 host_mono_ns=2336759013879221 
[CR-DISCOVERY-PROBE-R24] host_utc=2026-09-28T06:42:19.823+00:00 host_mono_ns=2336759013887056 === DEBUG [lwip-posix]: udp_sendto called! Bypassing to POSIX sendto ===
[CR-DISCOVERY-PROBE-R24] host_utc=2026-09-28T06:42:19.824+00:00 host_mono_ns=2336759014431725 
[CR-DISCOVERY-PROBE-R24] host_utc=2026-09-28T06:42:19.824+00:00 host_mono_ns=2336759014442916 === DEBUG [lwip-posix]: recvfrom received packet of len 52! Bypassing to pcb->recv ===
[CR-DISCOVERY-PROBE-R24] host_utc=2026-09-28T06:42:19.824+00:00 host_mono_ns=2336759014451131 
[CR-DISCOVERY-PROBE-R24] host_utc=2026-09-28T06:42:19.824+00:00 host_mono_ns=2336759014459036 === DEBUG [lwip-posix]: udp_sendto called! Bypassing to POSIX sendto ===
[CR-DISCOVERY-PROBE-R24] host_utc=2026-09-28T06:42:19.825+00:00 host_mono_ns=2336759015494622 
[CR-DISCOVERY-PROBE-R24] host_utc=2026-09-28T06:42:19.825+00:00 host_mono_ns=2336759015506094 === DEBUG [lwip-posix]: recvfrom received packet of len 52! Bypassing to pcb->recv ===
[CR-DISCOVERY-PROBE-R24] host_utc=2026-09-28T06:42:19.825+00:00 host_mono_ns=2336759015514259 
[CR-DISCOVERY-PROBE-R24] host_utc=2026-09-28T06:42:19.825+00:00 host_mono_ns=2336759015522204 === DEBUG [lwip-posix]: udp_sendto called! Bypassing to POSIX sendto ===
[CR-DISCOVERY-PROBE-R24] host_utc=2026-09-28T06:42:19.825+00:00 host_mono_ns=2336759016128149 
[CR-DISCOVERY-PROBE-R24] host_utc=2026-09-28T06:42:19.825+00:00 host_mono_ns=2336759016145361 === DEBUG [lwip-posix]: recvfrom received packet of len 52! Bypassing to pcb->recv ===
[CR-DISCOVERY-PROBE-R24] host_utc=2026-09-28T06:42:19.825+00:00 host_mono_ns=2336759016154027 
[CR-DISCOVERY-PROBE-R24] host_utc=2026-09-28T06:42:19.825+00:00 host_mono_ns=2336759016162063 === DEBUG [lwip-posix]: udp_sendto called! Bypassing to POSIX sendto ===
[CR-DISCOVERY-PROBE-R24] host_utc=2026-09-28T06:42:19.826+00:00 host_mono_ns=2336759017016366 
[CR-DISCOVERY-PROBE-R24] host_utc=2026-09-28T06:42:19.826+00:00 host_mono_ns=2336759017030142 === DEBUG [lwip-posix]: recvfrom received packet of len 52! Bypassing to pcb->recv ===
[CR-DISCOVERY-PROBE-R24] host_utc=2026-09-28T06:42:19.826+00:00 host_mono_ns=2336759017038688 
[CR-DISCOVERY-PROBE-R24] host_utc=2026-09-28T06:42:19.826+00:00 host_mono_ns=2336759017046623 === DEBUG [lwip-posix]: udp_sendto called! Bypassing to POSIX sendto ===
[CR-DISCOVERY-PROBE-R24] host_utc=2026-09-28T06:42:19.827+00:00 host_mono_ns=2336759018063765 
[CR-DISCOVERY-PROBE-R24] host_utc=2026-09-28T06:42:19.827+00:00 host_mono_ns=2336759018075176 === DEBUG [lwip-posix]: recvfrom received packet of len 52! Bypassing to pcb->recv ===
[CR-DISCOVERY-PROBE-R24] host_utc=2026-09-28T06:42:19.827+00:00 host_mono_ns=2336759018083412 
[CR-DISCOVERY-PROBE-R24] host_utc=2026-09-28T06:42:19.827+00:00 host_mono_ns=2336759018091307 === DEBUG [lwip-posix]: udp_sendto called! Bypassing to POSIX sendto ===
[CR-DISCOVERY-PROBE-R24] host_utc=2026-09-28T06:42:19.828+00:00 host_mono_ns=2336759019051390 
[CR-DISCOVERY-PROBE-R24] host_utc=2026-09-28T06:42:19.828+00:00 host_mono_ns=2336759019063112 === DEBUG [lwip-posix]: recvfrom received packet of len 52! Bypassing to pcb->recv ===
[CR-DISCOVERY-PROBE-R24] host_utc=2026-09-28T06:42:19.828+00:00 host_mono_ns=2336759019071247 
[CR-DISCOVERY-PROBE-R24] host_utc=2026-09-28T06:42:19.828+00:00 host_mono_ns=2336759019079142 === DEBUG [lwip-posix]: udp_sendto called! Bypassing to POSIX sendto ===
[CR-DISCOVERY-PROBE-R24] host_utc=2026-09-28T06:42:19.829+00:00 host_mono_ns=2336759020080003 
[CR-DISCOVERY-PROBE-R24] host_utc=2026-09-28T06:42:19.829+00:00 host_mono_ns=2336759020095131 === DEBUG [lwip-posix]: recvfrom received packet of len 52! Bypassing to pcb->recv ===
[CR-DISCOVERY-PROBE-R24] host_utc=2026-09-28T06:42:19.829+00:00 host_mono_ns=2336759020103858 
[CR-DISCOVERY-PROBE-R24] host_utc=2026-09-28T06:42:19.829+00:00 host_mono_ns=2336759020111893 === DEBUG [lwip-posix]: udp_sendto called! Bypassing to POSIX sendto ===
[CR-DISCOVERY-PROBE-R24] host_utc=2026-09-28T06:42:19.830+00:00 host_mono_ns=2336759021153310 
[CR-DISCOVERY-PROBE-R24] host_utc=2026-09-28T06:42:19.831+00:00 host_mono_ns=2336759021168438 === DEBUG [lwip-posix]: recvfrom received packet of len 52! Bypassing to pcb->recv ===
[CR-DISCOVERY-PROBE-R24] host_utc=2026-09-28T06:42:19.831+00:00 host_mono_ns=2336759021177205 
[CR-DISCOVERY-PROBE-R24] host_utc=2026-09-28T06:42:19.831+00:00 host_mono_ns=2336759021185180 === DEBUG [lwip-posix]: udp_sendto called! Bypassing to POSIX sendto ===
[CR-DISCOVERY-PROBE-R24] host_utc=2026-09-28T06:42:19.832+00:00 host_mono_ns=2336759022177063 
[CR-DISCOVERY-PROBE-R24] host_utc=2026-09-28T06:42:19.832+00:00 host_mono_ns=2336759022188705 === DEBUG [lwip-posix]: recvfrom received packet of len 52! Bypassing to pcb->recv ===
[CR-DISCOVERY-PROBE-R24] host_utc=2026-09-28T06:42:19.832+00:00 host_mono_ns=2336759022196921 
[CR-DISCOVERY-PROBE-R24] host_utc=2026-09-28T06:42:19.832+00:00 host_mono_ns=2336759022204806 === DEBUG [lwip-posix]: udp_sendto called! Bypassing to POSIX sendto ===
[CR-DISCOVERY-PROBE-R24] host_utc=2026-09-28T06:42:19.833+00:00 host_mono_ns=2336759023168606 
[CR-DISCOVERY-PROBE-R24] host_utc=2026-09-28T06:42:19.833+00:00 host_mono_ns=2336759023180078 === DEBUG [lwip-posix]: recvfrom received packet of len 52! Bypassing to pcb->recv ===
[CR-DISCOVERY-PROBE-R24] host_utc=2026-09-28T06:42:19.833+00:00 host_mono_ns=2336759023188333 
[CR-DISCOVERY-PROBE-R24] host_utc=2026-09-28T06:42:19.833+00:00 host_mono_ns=2336759023196228 === DEBUG [lwip-posix]: udp_sendto called! Bypassing to POSIX sendto ===
[CR-DISCOVERY-PROBE-R24] host_utc=2026-09-28T06:42:19.834+00:00 host_mono_ns=2336759024235852 
[CR-DISCOVERY-PROBE-R24] host_utc=2026-09-28T06:42:19.834+00:00 host_mono_ns=2336759024247674 === DEBUG [lwip-posix]: recvfrom received packet of len 52! Bypassing to pcb->recv ===
[CR-DISCOVERY-PROBE-R24] host_utc=2026-09-28T06:42:19.834+00:00 host_mono_ns=2336759024255870 
[CR-DISCOVERY-PROBE-R24] host_utc=2026-09-28T06:42:19.834+00:00 host_mono_ns=2336759024263845 === DEBUG [lwip-posix]: udp_sendto called! Bypassing to POSIX sendto ===
[CR-DISCOVERY-PROBE-R24] host_utc=2026-09-28T06:42:19.835+00:00 host_mono_ns=2336759025494609 
[CR-DISCOVERY-PROBE-R24] host_utc=2026-09-28T06:42:19.835+00:00 host_mono_ns=2336759025511912 === DEBUG [lwip-posix]: recvfrom received packet of len 52! Bypassing to pcb->recv ===
[CR-DISCOVERY-PROBE-R24] host_utc=2026-09-28T06:42:19.835+00:00 host_mono_ns=2336759025521029 
[CR-DISCOVERY-PROBE-R24] host_utc=2026-09-28T06:42:19.835+00:00 host_mono_ns=2336759025529134 === DEBUG [lwip-posix]: udp_sendto called! Bypassing to POSIX sendto ===
[CR-DISCOVERY-PROBE-R24] host_utc=2026-09-28T06:42:19.835+00:00 host_mono_ns=2336759025958195 
[CR-DISCOVERY-PROBE-R24] host_utc=2026-09-28T06:42:19.835+00:00 host_mono_ns=2336759025966611 === DEBUG [lwip-posix]: recvfrom received packet of len 52! Bypassing to pcb->recv ===
[CR-DISCOVERY-PROBE-R24] host_utc=2026-09-28T06:42:19.835+00:00 host_mono_ns=2336759025974956 
[CR-DISCOVERY-PROBE-R24] host_utc=2026-09-28T06:42:19.835+00:00 host_mono_ns=2336759025991898 === DEBUG [lwip-posix]: udp_sendto called! Bypassing to POSIX sendto ===
[CR-DISCOVERY-PROBE-R24] host_utc=2026-09-28T06:42:19.836+00:00 host_mono_ns=2336759026822106 
[CR-DISCOVERY-PROBE-R24] host_utc=2026-09-28T06:42:19.836+00:00 host_mono_ns=2336759026834159 === DEBUG [lwip-posix]: recvfrom received packet of len 52! Bypassing to pcb->recv ===
[CR-DISCOVERY-PROBE-R24] host_utc=2026-09-28T06:42:19.836+00:00 host_mono_ns=2336759026842555 
[CR-DISCOVERY-PROBE-R24] host_utc=2026-09-28T06:42:19.836+00:00 host_mono_ns=2336759026850430 === DEBUG [lwip-posix]: udp_sendto called! Bypassing to POSIX sendto ===
[CR-DISCOVERY-PROBE-R24] host_utc=2026-09-28T06:42:19.837+00:00 host_mono_ns=2336759027806936 
[CR-DISCOVERY-PROBE-R24] host_utc=2026-09-28T06:42:19.837+00:00 host_mono_ns=2336759027818248 === DEBUG [lwip-posix]: recvfrom received packet of len 52! Bypassing to pcb->recv ===
[CR-DISCOVERY-PROBE-R24] host_utc=2026-09-28T06:42:19.837+00:00 host_mono_ns=2336759027826433 
[CR-DISCOVERY-PROBE-R24] host_utc=2026-09-28T06:42:19.837+00:00 host_mono_ns=2336759027834238 === DEBUG [lwip-posix]: udp_sendto called! Bypassing to POSIX sendto ===
[CR-DISCOVERY-PROBE-R24] host_utc=2026-09-28T06:42:19.838+00:00 host_mono_ns=2336759028838775 
[CR-DISCOVERY-PROBE-R24] host_utc=2026-09-28T06:42:19.838+00:00 host_mono_ns=2336759028850227 === DEBUG [lwip-posix]: recvfrom received packet of len 52! Bypassing to pcb->recv ===
[CR-DISCOVERY-PROBE-R24] host_utc=2026-09-28T06:42:19.838+00:00 host_mono_ns=2336759028858362 
[CR-DISCOVERY-PROBE-R24] host_utc=2026-09-28T06:42:19.838+00:00 host_mono_ns=2336759028866197 === DEBUG [lwip-posix]: udp_sendto called! Bypassing to POSIX sendto ===
[CR-DISCOVERY-PROBE-R24] host_utc=2026-09-28T06:42:19.839+00:00 host_mono_ns=2336759029444339 
[CR-DISCOVERY-PROBE-R24] host_utc=2026-09-28T06:42:19.839+00:00 host_mono_ns=2336759029455590 === DEBUG [lwip-posix]: recvfrom received packet of len 52! Bypassing to pcb->recv ===
[CR-DISCOVERY-PROBE-R24] host_utc=2026-09-28T06:42:19.839+00:00 host_mono_ns=2336759029463806 
[CR-DISCOVERY-PROBE-R24] host_utc=2026-09-28T06:42:19.839+00:00 host_mono_ns=2336759029471711 === DEBUG [lwip-posix]: udp_sendto called! Bypassing to POSIX sendto ===
[CR-DISCOVERY-PROBE-R24] host_utc=2026-09-28T06:42:19.840+00:00 host_mono_ns=2336759030500253 
[CR-DISCOVERY-PROBE-R24] host_utc=2026-09-28T06:42:19.840+00:00 host_mono_ns=2336759030513548 === DEBUG [lwip-posix]: recvfrom received packet of len 52! Bypassing to pcb->recv ===
[CR-DISCOVERY-PROBE-R24] host_utc=2026-09-28T06:42:19.840+00:00 host_mono_ns=2336759030522014 
[CR-DISCOVERY-PROBE-R24] host_utc=2026-09-28T06:42:19.840+00:00 host_mono_ns=2336759030530039 === DEBUG [lwip-posix]: udp_sendto called! Bypassing to POSIX sendto ===
[CR-DISCOVERY-PROBE-R24] host_utc=2026-09-28T06:42:19.841+00:00 host_mono_ns=2336759031466648 
[CR-DISCOVERY-PROBE-R24] host_utc=2026-09-28T06:42:19.841+00:00 host_mono_ns=2336759031478250 === DEBUG [lwip-posix]: recvfrom received packet of len 52! Bypassing to pcb->recv ===
[CR-DISCOVERY-PROBE-R24] host_utc=2026-09-28T06:42:19.841+00:00 host_mono_ns=2336759031486496 
[CR-DISCOVERY-PROBE-R24] host_utc=2026-09-28T06:42:19.841+00:00 host_mono_ns=2336759031494411 === DEBUG [lwip-posix]: udp_sendto called! Bypassing to POSIX sendto ===
[CR-DISCOVERY-PROBE-R24] host_utc=2026-09-28T06:42:19.842+00:00 host_mono_ns=2336759032263734 
[CR-DISCOVERY-PROBE-R24] host_utc=2026-09-28T06:42:19.842+00:00 host_mono_ns=2336759032275085 === DEBUG [lwip-posix]: recvfrom received packet of len 52! Bypassing to pcb->recv ===
[CR-DISCOVERY-PROBE-R24] host_utc=2026-09-28T06:42:19.842+00:00 host_mono_ns=2336759032283371 
[CR-DISCOVERY-PROBE-R24] host_utc=2026-09-28T06:42:19.842+00:00 host_mono_ns=2336759032291206 === DEBUG [lwip-posix]: udp_sendto called! Bypassing to POSIX sendto ===
[CR-DISCOVERY-PROBE-R24] host_utc=2026-09-28T06:42:19.843+00:00 host_mono_ns=2336759033299179 
[CR-DISCOVERY-PROBE-R24] host_utc=2026-09-28T06:42:19.843+00:00 host_mono_ns=2336759033322754 === DEBUG [lwip-posix]: recvfrom received packet of len 52! Bypassing to pcb->recv ===
[CR-DISCOVERY-PROBE-R24] host_utc=2026-09-28T06:42:19.843+00:00 host_mono_ns=2336759033331591 
[CR-DISCOVERY-PROBE-R24] host_utc=2026-09-28T06:42:19.843+00:00 host_mono_ns=2336759033339636 === DEBUG [lwip-posix]: udp_sendto called! Bypassing to POSIX sendto ===
[CR-DISCOVERY-PROBE-R24] host_utc=2026-09-28T06:42:19.843+00:00 host_mono_ns=2336759033883343 
[CR-DISCOVERY-PROBE-R24] host_utc=2026-09-28T06:42:19.843+00:00 host_mono_ns=2336759033891749 === DEBUG [lwip-posix]: recvfrom received packet of len 52! Bypassing to pcb->recv ===
[CR-DISCOVERY-PROBE-R24] host_utc=2026-09-28T06:42:19.843+00:00 host_mono_ns=2336759033900014 
[CR-DISCOVERY-PROBE-R24] host_utc=2026-09-28T06:42:19.843+00:00 host_mono_ns=2336759033907869 === DEBUG [lwip-posix]: udp_sendto called! Bypassing to POSIX sendto ===
[CR-DISCOVERY-PROBE-R24] host_utc=2026-09-28T06:42:19.844+00:00 host_mono_ns=2336759034930350 
[CR-DISCOVERY-PROBE-R24] host_utc=2026-09-28T06:42:19.844+00:00 host_mono_ns=2336759034942002 === DEBUG [lwip-posix]: recvfrom received packet of len 52! Bypassing to pcb->recv ===
[CR-DISCOVERY-PROBE-R24] host_utc=2026-09-28T06:42:19.844+00:00 host_mono_ns=2336759034950227 
[CR-DISCOVERY-PROBE-R24] host_utc=2026-09-28T06:42:19.844+00:00 host_mono_ns=2336759034958022 === DEBUG [lwip-posix]: udp_sendto called! Bypassing to POSIX sendto ===
[CR-DISCOVERY-PROBE-R24] host_utc=2026-09-28T06:42:19.845+00:00 host_mono_ns=2336759035513501 
[CR-DISCOVERY-PROBE-R24] host_utc=2026-09-28T06:42:19.845+00:00 host_mono_ns=2336759035524783 === DEBUG [lwip-posix]: recvfrom received packet of len 52! Bypassing to pcb->recv ===
[CR-DISCOVERY-PROBE-R24] host_utc=2026-09-28T06:42:19.845+00:00 host_mono_ns=2336759035533038 
[CR-DISCOVERY-PROBE-R24] host_utc=2026-09-28T06:42:19.845+00:00 host_mono_ns=2336759035540823 === DEBUG [lwip-posix]: udp_sendto called! Bypassing to POSIX sendto ===
[CR-DISCOVERY-PROBE-R24] host_utc=2026-09-28T06:42:19.846+00:00 host_mono_ns=2336759036557263 
[CR-DISCOVERY-PROBE-R24] host_utc=2026-09-28T06:42:19.846+00:00 host_mono_ns=2336759036568354 === DEBUG [lwip-posix]: recvfrom received packet of len 52! Bypassing to pcb->recv ===
[CR-DISCOVERY-PROBE-R24] host_utc=2026-09-28T06:42:19.846+00:00 host_mono_ns=2336759036576589 
[CR-DISCOVERY-PROBE-R24] host_utc=2026-09-28T06:42:19.846+00:00 host_mono_ns=2336759036584474 === DEBUG [lwip-posix]: udp_sendto called! Bypassing to POSIX sendto ===
[CR-DISCOVERY-PROBE-R24] host_utc=2026-09-28T06:42:19.847+00:00 host_mono_ns=2336759037183806 
[CR-DISCOVERY-PROBE-R24] host_utc=2026-09-28T06:42:19.847+00:00 host_mono_ns=2336759037202582 === DEBUG [lwip-posix]: recvfrom received packet of len 52! Bypassing to pcb->recv ===
[CR-DISCOVERY-PROBE-R24] host_utc=2026-09-28T06:42:19.847+00:00 host_mono_ns=2336759037211679 
[CR-DISCOVERY-PROBE-R24] host_utc=2026-09-28T06:42:19.847+00:00 host_mono_ns=2336759037219694 === DEBUG [lwip-posix]: udp_sendto called! Bypassing to POSIX sendto ===
[CR-DISCOVERY-PROBE-R24] host_utc=2026-09-28T06:42:19.848+00:00 host_mono_ns=2336759038191099 
[CR-DISCOVERY-PROBE-R24] host_utc=2026-09-28T06:42:19.848+00:00 host_mono_ns=2336759038202630 === DEBUG [lwip-posix]: recvfrom received packet of len 52! Bypassing to pcb->recv ===
[CR-DISCOVERY-PROBE-R24] host_utc=2026-09-28T06:42:19.848+00:00 host_mono_ns=2336759038210826 
[CR-DISCOVERY-PROBE-R24] host_utc=2026-09-28T06:42:19.848+00:00 host_mono_ns=2336759038218711 === DEBUG [lwip-posix]: udp_sendto called! Bypassing to POSIX sendto ===
[CR-DISCOVERY-PROBE-R24] host_utc=2026-09-28T06:42:19.848+00:00 host_mono_ns=2336759038797764 
[CR-DISCOVERY-PROBE-R24] host_utc=2026-09-28T06:42:19.848+00:00 host_mono_ns=2336759038806020 === DEBUG [lwip-posix]: recvfrom received packet of len 52! Bypassing to pcb->recv ===
[CR-DISCOVERY-PROBE-R24] host_utc=2026-09-28T06:42:19.848+00:00 host_mono_ns=2336759038814135 
[CR-DISCOVERY-PROBE-R24] host_utc=2026-09-28T06:42:19.848+00:00 host_mono_ns=2336759038822000 === DEBUG [lwip-posix]: udp_sendto called! Bypassing to POSIX sendto ===
[CR-DISCOVERY-PROBE-R24] host_utc=2026-09-28T06:42:19.850+00:00 host_mono_ns=2336759040182530 
[CR-DISCOVERY-PROBE-R24] host_utc=2026-09-28T06:42:19.850+00:00 host_mono_ns=2336759040194703 === DEBUG [lwip-posix]: recvfrom received packet of len 52! Bypassing to pcb->recv ===
[CR-DISCOVERY-PROBE-R24] host_utc=2026-09-28T06:42:19.850+00:00 host_mono_ns=2336759040203119 
[CR-DISCOVERY-PROBE-R24] host_utc=2026-09-28T06:42:19.850+00:00 host_mono_ns=2336759040211024 === DEBUG [lwip-posix]: udp_sendto called! Bypassing to POSIX sendto ===
[CR-DISCOVERY-PROBE-R24] host_utc=2026-09-28T06:42:19.850+00:00 host_mono_ns=2336759040641757 
[CR-DISCOVERY-PROBE-R24] host_utc=2026-09-28T06:42:19.850+00:00 host_mono_ns=2336759040650023 === DEBUG [lwip-posix]: recvfrom received packet of len 52! Bypassing to pcb->recv ===
[CR-DISCOVERY-PROBE-R24] host_utc=2026-09-28T06:42:19.850+00:00 host_mono_ns=2336759040658138 
[CR-DISCOVERY-PROBE-R24] host_utc=2026-09-28T06:42:19.850+00:00 host_mono_ns=2336759040665963 === DEBUG [lwip-posix]: udp_sendto called! Bypassing to POSIX sendto ===
[CR-DISCOVERY-PROBE-R24] host_utc=2026-09-28T06:42:19.851+00:00 host_mono_ns=2336759041589898 
[CR-DISCOVERY-PROBE-R24] host_utc=2026-09-28T06:42:19.851+00:00 host_mono_ns=2336759041612190 === DEBUG [lwip-posix]: recvfrom received packet of len 52! Bypassing to pcb->recv ===
[CR-DISCOVERY-PROBE-R24] host_utc=2026-09-28T06:42:19.851+00:00 host_mono_ns=2336759041622079 
[CR-DISCOVERY-PROBE-R24] host_utc=2026-09-28T06:42:19.851+00:00 host_mono_ns=2336759041630545 === DEBUG [lwip-posix]: udp_sendto called! Bypassing to POSIX sendto ===
[CR-DISCOVERY-PROBE-R24] host_utc=2026-09-28T06:42:19.852+00:00 host_mono_ns=2336759042715133 
[CR-DISCOVERY-PROBE-R24] host_utc=2026-09-28T06:42:19.852+00:00 host_mono_ns=2336759042729490 === DEBUG [lwip-posix]: recvfrom received packet of len 52! Bypassing to pcb->recv ===
[CR-DISCOVERY-PROBE-R24] host_utc=2026-09-28T06:42:19.852+00:00 host_mono_ns=2336759042738297 
[CR-DISCOVERY-PROBE-R24] host_utc=2026-09-28T06:42:19.852+00:00 host_mono_ns=2336759042746452 === DEBUG [lwip-posix]: udp_sendto called! Bypassing to POSIX sendto ===
[CR-DISCOVERY-PROBE-R24] host_utc=2026-09-28T06:42:19.853+00:00 host_mono_ns=2336759043340394 
[CR-DISCOVERY-PROBE-R24] host_utc=2026-09-28T06:42:19.853+00:00 host_mono_ns=2336759043354120 === DEBUG [lwip-posix]: recvfrom received packet of len 52! Bypassing to pcb->recv ===
[CR-DISCOVERY-PROBE-R24] host_utc=2026-09-28T06:42:19.853+00:00 host_mono_ns=2336759043362646 
[CR-DISCOVERY-PROBE-R24] host_utc=2026-09-28T06:42:19.853+00:00 host_mono_ns=2336759043370691 === DEBUG [lwip-posix]: udp_sendto called! Bypassing to POSIX sendto ===
[CR-DISCOVERY-PROBE-R24] host_utc=2026-09-28T06:42:19.854+00:00 host_mono_ns=2336759044382302 
[CR-DISCOVERY-PROBE-R24] host_utc=2026-09-28T06:42:19.854+00:00 host_mono_ns=2336759044395657 === DEBUG [lwip-posix]: recvfrom received packet of len 52! Bypassing to pcb->recv ===
[CR-DISCOVERY-PROBE-R24] host_utc=2026-09-28T06:42:19.854+00:00 host_mono_ns=2336759044404033 
[CR-DISCOVERY-PROBE-R24] host_utc=2026-09-28T06:42:19.854+00:00 host_mono_ns=2336759044412008 === DEBUG [lwip-posix]: udp_sendto called! Bypassing to POSIX sendto ===
[CR-DISCOVERY-PROBE-R24] host_utc=2026-09-28T06:42:19.855+00:00 host_mono_ns=2336759045362403 
[CR-DISCOVERY-PROBE-R24] host_utc=2026-09-28T06:42:19.855+00:00 host_mono_ns=2336759045375097 === DEBUG [lwip-posix]: recvfrom received packet of len 52! Bypassing to pcb->recv ===
[CR-DISCOVERY-PROBE-R24] host_utc=2026-09-28T06:42:19.855+00:00 host_mono_ns=2336759045383613 
[CR-DISCOVERY-PROBE-R24] host_utc=2026-09-28T06:42:19.855+00:00 host_mono_ns=2336759045391618 === DEBUG [lwip-posix]: udp_sendto called! Bypassing to POSIX sendto ===
[CR-DISCOVERY-PROBE-R24] host_utc=2026-09-28T06:42:19.855+00:00 host_mono_ns=2336759045968477 
[CR-DISCOVERY-PROBE-R24] host_utc=2026-09-28T06:42:19.855+00:00 host_mono_ns=2336759045980039 === DEBUG [lwip-posix]: recvfrom received packet of len 52! Bypassing to pcb->recv ===
[CR-DISCOVERY-PROBE-R24] host_utc=2026-09-28T06:42:19.855+00:00 host_mono_ns=2336759046010747 
[CR-DISCOVERY-PROBE-R24] host_utc=2026-09-28T06:42:19.855+00:00 host_mono_ns=2336759046022680 === DEBUG [lwip-posix]: udp_sendto called! Bypassing to POSIX sendto ===
[CR-DISCOVERY-PROBE-R24] host_utc=2026-09-28T06:42:19.856+00:00 host_mono_ns=2336759047148947 
[CR-DISCOVERY-PROBE-R24] host_utc=2026-09-28T06:42:19.856+00:00 host_mono_ns=2336759047162353 === DEBUG [lwip-posix]: recvfrom received packet of len 52! Bypassing to pcb->recv ===
[CR-DISCOVERY-PROBE-R24] host_utc=2026-09-28T06:42:19.857+00:00 host_mono_ns=2336759047170969 
[CR-DISCOVERY-PROBE-R24] host_utc=2026-09-28T06:42:19.857+00:00 host_mono_ns=2336759047178964 === DEBUG [lwip-posix]: udp_sendto called! Bypassing to POSIX sendto ===
[CR-DISCOVERY-PROBE-R24] host_utc=2026-09-28T06:42:19.857+00:00 host_mono_ns=2336759047872644 
[CR-DISCOVERY-PROBE-R24] host_utc=2026-09-28T06:42:19.857+00:00 host_mono_ns=2336759047882683 === DEBUG [lwip-posix]: recvfrom received packet of len 52! Bypassing to pcb->recv ===
[CR-DISCOVERY-PROBE-R24] host_utc=2026-09-28T06:42:19.857+00:00 host_mono_ns=2336759047891069 
[CR-DISCOVERY-PROBE-R24] host_utc=2026-09-28T06:42:19.857+00:00 host_mono_ns=2336759047899154 === DEBUG [lwip-posix]: udp_sendto called! Bypassing to POSIX sendto ===
[CR-DISCOVERY-PROBE-R24] host_utc=2026-09-28T06:42:19.858+00:00 host_mono_ns=2336759049129127 
[CR-DISCOVERY-PROBE-R24] host_utc=2026-09-28T06:42:19.858+00:00 host_mono_ns=2336759049142562 === DEBUG [lwip-posix]: recvfrom received packet of len 52! Bypassing to pcb->recv ===
[CR-DISCOVERY-PROBE-R24] host_utc=2026-09-28T06:42:19.858+00:00 host_mono_ns=2336759049150998 
[CR-DISCOVERY-PROBE-R24] host_utc=2026-09-28T06:42:19.858+00:00 host_mono_ns=2336759049158953 === DEBUG [lwip-posix]: udp_sendto called! Bypassing to POSIX sendto ===
[CR-DISCOVERY-PROBE-R24] host_utc=2026-09-28T06:42:19.859+00:00 host_mono_ns=2336759049777822 
[CR-DISCOVERY-PROBE-R24] host_utc=2026-09-28T06:42:19.859+00:00 host_mono_ns=2336759049789314 === DEBUG [lwip-posix]: recvfrom received packet of len 52! Bypassing to pcb->recv ===
[CR-DISCOVERY-PROBE-R24] host_utc=2026-09-28T06:42:19.859+00:00 host_mono_ns=2336759049798091 
[CR-DISCOVERY-PROBE-R24] host_utc=2026-09-28T06:42:19.859+00:00 host_mono_ns=2336759049805905 === DEBUG [lwip-posix]: udp_sendto called! Bypassing to POSIX sendto ===
[CR-DISCOVERY-PROBE-R24] host_utc=2026-09-28T06:42:19.860+00:00 host_mono_ns=2336759050743206 
[CR-DISCOVERY-PROBE-R24] host_utc=2026-09-28T06:42:19.860+00:00 host_mono_ns=2336759050756731 === DEBUG [lwip-posix]: recvfrom received packet of len 52! Bypassing to pcb->recv ===
[CR-DISCOVERY-PROBE-R24] host_utc=2026-09-28T06:42:19.860+00:00 host_mono_ns=2336759050765237 
[CR-DISCOVERY-PROBE-R24] host_utc=2026-09-28T06:42:19.860+00:00 host_mono_ns=2336759050773202 === DEBUG [lwip-posix]: udp_sendto called! Bypassing to POSIX sendto ===
[CR-DISCOVERY-PROBE-R24] host_utc=2026-09-28T06:42:19.861+00:00 host_mono_ns=2336759051873280 
[CR-DISCOVERY-PROBE-R24] host_utc=2026-09-28T06:42:19.861+00:00 host_mono_ns=2336759051886345 === DEBUG [lwip-posix]: recvfrom received packet of len 52! Bypassing to pcb->recv ===
[CR-DISCOVERY-PROBE-R24] host_utc=2026-09-28T06:42:19.861+00:00 host_mono_ns=2336759051894861 
[CR-DISCOVERY-PROBE-R24] host_utc=2026-09-28T06:42:19.861+00:00 host_mono_ns=2336759051902806 === DEBUG [lwip-posix]: udp_sendto called! Bypassing to POSIX sendto ===
[CR-DISCOVERY-PROBE-R24] host_utc=2026-09-28T06:42:19.862+00:00 host_mono_ns=2336759052617065 
[CR-DISCOVERY-PROBE-R24] host_utc=2026-09-28T06:42:19.862+00:00 host_mono_ns=2336759052630069 === DEBUG [lwip-posix]: recvfrom received packet of len 52! Bypassing to pcb->recv ===
[CR-DISCOVERY-PROBE-R24] host_utc=2026-09-28T06:42:19.862+00:00 host_mono_ns=2336759052638575 
[CR-DISCOVERY-PROBE-R24] host_utc=2026-09-28T06:42:19.862+00:00 host_mono_ns=2336759052646611 === DEBUG [lwip-posix]: udp_sendto called! Bypassing to POSIX sendto ===
[CR-DISCOVERY-PROBE-R24] host_utc=2026-09-28T06:42:19.863+00:00 host_mono_ns=2336759053500163 
[CR-DISCOVERY-PROBE-R24] host_utc=2026-09-28T06:42:19.863+00:00 host_mono_ns=2336759053513568 === DEBUG [lwip-posix]: recvfrom received packet of len 52! Bypassing to pcb->recv ===
[CR-DISCOVERY-PROBE-R24] host_utc=2026-09-28T06:42:19.863+00:00 host_mono_ns=2336759053521914 
[CR-DISCOVERY-PROBE-R24] host_utc=2026-09-28T06:42:19.863+00:00 host_mono_ns=2336759053529929 === DEBUG [lwip-posix]: udp_sendto called! Bypassing to POSIX sendto ===
[CR-DISCOVERY-PROBE-R24] host_utc=2026-09-28T06:42:19.864+00:00 host_mono_ns=2336759054362181 
[CR-DISCOVERY-PROBE-R24] host_utc=2026-09-28T06:42:19.864+00:00 host_mono_ns=2336759054374895 === DEBUG [lwip-posix]: recvfrom received packet of len 52! Bypassing to pcb->recv ===
[CR-DISCOVERY-PROBE-R24] host_utc=2026-09-28T06:42:19.864+00:00 host_mono_ns=2336759054383411 
[CR-DISCOVERY-PROBE-R24] host_utc=2026-09-28T06:42:19.864+00:00 host_mono_ns=2336759054391336 === DEBUG [lwip-posix]: udp_sendto called! Bypassing to POSIX sendto ===
[CR-DISCOVERY-PROBE-R24] host_utc=2026-09-28T06:42:19.865+00:00 host_mono_ns=2336759055547940 
[CR-DISCOVERY-PROBE-R24] host_utc=2026-09-28T06:42:19.865+00:00 host_mono_ns=2336759055566475 === DEBUG [lwip-posix]: recvfrom received packet of len 52! Bypassing to pcb->recv ===
[CR-DISCOVERY-PROBE-R24] host_utc=2026-09-28T06:42:19.865+00:00 host_mono_ns=2336759055575673 
[CR-DISCOVERY-PROBE-R24] host_utc=2026-09-28T06:42:19.865+00:00 host_mono_ns=2336759055583848 === DEBUG [lwip-posix]: udp_sendto called! Bypassing to POSIX sendto ===
[CR-DISCOVERY-PROBE-R24] host_utc=2026-09-28T06:42:19.866+00:00 host_mono_ns=2336759056221723 
[CR-DISCOVERY-PROBE-R24] host_utc=2026-09-28T06:42:19.866+00:00 host_mono_ns=2336759056235469 === DEBUG [lwip-posix]: recvfrom received packet of len 52! Bypassing to pcb->recv ===
[CR-DISCOVERY-PROBE-R24] host_utc=2026-09-28T06:42:19.866+00:00 host_mono_ns=2336759056243985 
[CR-DISCOVERY-PROBE-R24] host_utc=2026-09-28T06:42:19.866+00:00 host_mono_ns=2336759056252000 === DEBUG [lwip-posix]: udp_sendto called! Bypassing to POSIX sendto ===
[CR-DISCOVERY-PROBE-R24] host_utc=2026-09-28T06:42:19.867+00:00 host_mono_ns=2336759057333162 
[CR-DISCOVERY-PROBE-R24] host_utc=2026-09-28T06:42:19.867+00:00 host_mono_ns=2336759057350124 === DEBUG [lwip-posix]: recvfrom received packet of len 52! Bypassing to pcb->recv ===
[CR-DISCOVERY-PROBE-R24] host_utc=2026-09-28T06:42:19.867+00:00 host_mono_ns=2336759057359271 
[CR-DISCOVERY-PROBE-R24] host_utc=2026-09-28T06:42:19.867+00:00 host_mono_ns=2336759057367437 === DEBUG [lwip-posix]: udp_sendto called! Bypassing to POSIX sendto ===
[CR-DISCOVERY-PROBE-R24] host_utc=2026-09-28T06:42:19.868+00:00 host_mono_ns=2336759058386952 
[CR-DISCOVERY-PROBE-R24] host_utc=2026-09-28T06:42:19.868+00:00 host_mono_ns=2336759058406740 === DEBUG [lwip-posix]: recvfrom received packet of len 52! Bypassing to pcb->recv ===
[CR-DISCOVERY-PROBE-R24] host_utc=2026-09-28T06:42:19.868+00:00 host_mono_ns=2336759058416228 
[CR-DISCOVERY-PROBE-R24] host_utc=2026-09-28T06:42:19.868+00:00 host_mono_ns=2336759058424724 === DEBUG [lwip-posix]: udp_sendto called! Bypassing to POSIX sendto ===
[CR-DISCOVERY-PROBE-R24] host_utc=2026-09-28T06:42:19.869+00:00 host_mono_ns=2336759059309865 
[CR-DISCOVERY-PROBE-R24] host_utc=2026-09-28T06:42:19.869+00:00 host_mono_ns=2336759059324192 === DEBUG [lwip-posix]: recvfrom received packet of len 52! Bypassing to pcb->recv ===
[CR-DISCOVERY-PROBE-R24] host_utc=2026-09-28T06:42:19.869+00:00 host_mono_ns=2336759059332969 
[CR-DISCOVERY-PROBE-R24] host_utc=2026-09-28T06:42:19.869+00:00 host_mono_ns=2336759059341084 === DEBUG [lwip-posix]: udp_sendto called! Bypassing to POSIX sendto ===
[CR-DISCOVERY-PROBE-R24] host_utc=2026-09-28T06:42:19.870+00:00 host_mono_ns=2336759060336965 
[CR-DISCOVERY-PROBE-R24] host_utc=2026-09-28T06:42:19.870+00:00 host_mono_ns=2336759060354568 === DEBUG [lwip-posix]: recvfrom received packet of len 52! Bypassing to pcb->recv ===
[CR-DISCOVERY-PROBE-R24] host_utc=2026-09-28T06:42:19.870+00:00 host_mono_ns=2336759060363786 
[CR-DISCOVERY-PROBE-R24] host_utc=2026-09-28T06:42:19.870+00:00 host_mono_ns=2336759060383192 === DEBUG [lwip-posix]: udp_sendto called! Bypassing to POSIX sendto ===
[CR-DISCOVERY-PROBE-R24] host_utc=2026-09-28T06:42:19.870+00:00 host_mono_ns=2336759061154970 
[CR-DISCOVERY-PROBE-R24] host_utc=2026-09-28T06:42:19.871+00:00 host_mono_ns=2336759061172133 === DEBUG [lwip-posix]: recvfrom received packet of len 52! Bypassing to pcb->recv ===
[CR-DISCOVERY-PROBE-R24] host_utc=2026-09-28T06:42:19.871+00:00 host_mono_ns=2336759061181079 
[CR-DISCOVERY-PROBE-R24] host_utc=2026-09-28T06:42:19.871+00:00 host_mono_ns=2336759061189265 === DEBUG [lwip-posix]: udp_sendto called! Bypassing to POSIX sendto ===
[CR-DISCOVERY-PROBE-R24] host_utc=2026-09-28T06:42:19.872+00:00 host_mono_ns=2336759062515249 
[CR-DISCOVERY-PROBE-R24] host_utc=2026-09-28T06:42:19.872+00:00 host_mono_ns=2336759062532191 === DEBUG [lwip-posix]: recvfrom received packet of len 52! Bypassing to pcb->recv ===
[CR-DISCOVERY-PROBE-R24] host_utc=2026-09-28T06:42:19.872+00:00 host_mono_ns=2336759062541278 
[CR-DISCOVERY-PROBE-R24] host_utc=2026-09-28T06:42:19.872+00:00 host_mono_ns=2336759062549514 === DEBUG [lwip-posix]: udp_sendto called! Bypassing to POSIX sendto ===
[CR-DISCOVERY-PROBE-R24] host_utc=2026-09-28T06:42:19.873+00:00 host_mono_ns=2336759063201455 
[CR-DISCOVERY-PROBE-R24] host_utc=2026-09-28T06:42:19.873+00:00 host_mono_ns=2336759063214921 === DEBUG [lwip-posix]: recvfrom received packet of len 52! Bypassing to pcb->recv ===
[CR-DISCOVERY-PROBE-R24] host_utc=2026-09-28T06:42:19.873+00:00 host_mono_ns=2336759063223407 
[CR-DISCOVERY-PROBE-R24] host_utc=2026-09-28T06:42:19.873+00:00 host_mono_ns=2336759063231472 === DEBUG [lwip-posix]: udp_sendto called! Bypassing to POSIX sendto ===
[CR-DISCOVERY-PROBE-R24] host_utc=2026-09-28T06:42:19.874+00:00 host_mono_ns=2336759064322402 
[CR-DISCOVERY-PROBE-R24] host_utc=2026-09-28T06:42:19.874+00:00 host_mono_ns=2336759064335507 === DEBUG [lwip-posix]: recvfrom received packet of len 52! Bypassing to pcb->recv ===
[CR-DISCOVERY-PROBE-R24] host_utc=2026-09-28T06:42:19.874+00:00 host_mono_ns=2336759064343883 
[CR-DISCOVERY-PROBE-R24] host_utc=2026-09-28T06:42:19.874+00:00 host_mono_ns=2336759064351898 === DEBUG [lwip-posix]: udp_sendto called! Bypassing to POSIX sendto ===
[CR-DISCOVERY-PROBE-R24] host_utc=2026-09-28T06:42:19.874+00:00 host_mono_ns=2336759065019258 
[CR-DISCOVERY-PROBE-R24] host_utc=2026-09-28T06:42:19.874+00:00 host_mono_ns=2336759065033836 === DEBUG [lwip-posix]: recvfrom received packet of len 52! Bypassing to pcb->recv ===
[CR-DISCOVERY-PROBE-R24] host_utc=2026-09-28T06:42:19.874+00:00 host_mono_ns=2336759065042412 
[CR-DISCOVERY-PROBE-R24] host_utc=2026-09-28T06:42:19.874+00:00 host_mono_ns=2336759065050267 === DEBUG [lwip-posix]: udp_sendto called! Bypassing to POSIX sendto ===
[CR-DISCOVERY-PROBE-R24] host_utc=2026-09-28T06:42:19.876+00:00 host_mono_ns=2336759066274690 
[CR-DISCOVERY-PROBE-R24] host_utc=2026-09-28T06:42:19.876+00:00 host_mono_ns=2336759066288015 === DEBUG [lwip-posix]: recvfrom received packet of len 52! Bypassing to pcb->recv ===
[CR-DISCOVERY-PROBE-R24] host_utc=2026-09-28T06:42:19.876+00:00 host_mono_ns=2336759066296521 
[CR-DISCOVERY-PROBE-R24] host_utc=2026-09-28T06:42:19.876+00:00 host_mono_ns=2336759066304436 === DEBUG [lwip-posix]: udp_sendto called! Bypassing to POSIX sendto ===
[CR-DISCOVERY-PROBE-R24] host_utc=2026-09-28T06:42:19.876+00:00 host_mono_ns=2336759066866007 
[CR-DISCOVERY-PROBE-R24] host_utc=2026-09-28T06:42:19.876+00:00 host_mono_ns=2336759066878440 === DEBUG [lwip-posix]: recvfrom received packet of len 52! Bypassing to pcb->recv ===
[CR-DISCOVERY-PROBE-R24] host_utc=2026-09-28T06:42:19.876+00:00 host_mono_ns=2336759066887958 
[CR-DISCOVERY-PROBE-R24] host_utc=2026-09-28T06:42:19.876+00:00 host_mono_ns=2336759066895913 === DEBUG [lwip-posix]: udp_sendto called! Bypassing to POSIX sendto ===
[CR-DISCOVERY-PROBE-R24] host_utc=2026-09-28T06:42:19.877+00:00 host_mono_ns=2336759068081722 
[CR-DISCOVERY-PROBE-R24] host_utc=2026-09-28T06:42:19.877+00:00 host_mono_ns=2336759068096931 === DEBUG [lwip-posix]: recvfrom received packet of len 52! Bypassing to pcb->recv ===
[CR-DISCOVERY-PROBE-R24] host_utc=2026-09-28T06:42:19.877+00:00 host_mono_ns=2336759068116278 
[CR-DISCOVERY-PROBE-R24] host_utc=2026-09-28T06:42:19.877+00:00 host_mono_ns=2336759068124443 === DEBUG [lwip-posix]: udp_sendto called! Bypassing to POSIX sendto ===
[CR-DISCOVERY-PROBE-R24] host_utc=2026-09-28T06:42:19.878+00:00 host_mono_ns=2336759068737451 
[CR-DISCOVERY-PROBE-R24] host_utc=2026-09-28T06:42:19.878+00:00 host_mono_ns=2336759068747640 === DEBUG [lwip-posix]: recvfrom received packet of len 52! Bypassing to pcb->recv ===
[CR-DISCOVERY-PROBE-R24] host_utc=2026-09-28T06:42:19.878+00:00 host_mono_ns=2336759068756066 
[CR-DISCOVERY-PROBE-R24] host_utc=2026-09-28T06:42:19.878+00:00 host_mono_ns=2336759068764061 === DEBUG [lwip-posix]: udp_sendto called! Bypassing to POSIX sendto ===
[CR-DISCOVERY-PROBE-R24] host_utc=2026-09-28T06:42:19.879+00:00 host_mono_ns=2336759070083944 
[CR-DISCOVERY-PROBE-R24] host_utc=2026-09-28T06:42:19.879+00:00 host_mono_ns=2336759070097320 === DEBUG [lwip-posix]: recvfrom received packet of len 52! Bypassing to pcb->recv ===
[CR-DISCOVERY-PROBE-R24] host_utc=2026-09-28T06:42:19.879+00:00 host_mono_ns=2336759070105655 
[CR-DISCOVERY-PROBE-R24] host_utc=2026-09-28T06:42:19.879+00:00 host_mono_ns=2336759070113680 === DEBUG [lwip-posix]: udp_sendto called! Bypassing to POSIX sendto ===
[CR-DISCOVERY-PROBE-R24] host_utc=2026-09-28T06:42:19.880+00:00 host_mono_ns=2336759070818662 
[CR-DISCOVERY-PROBE-R24] host_utc=2026-09-28T06:42:19.880+00:00 host_mono_ns=2336759070828721 === DEBUG [lwip-posix]: recvfrom received packet of len 52! Bypassing to pcb->recv ===
[CR-DISCOVERY-PROBE-R24] host_utc=2026-09-28T06:42:19.880+00:00 host_mono_ns=2336759070837187 
[CR-DISCOVERY-PROBE-R24] host_utc=2026-09-28T06:42:19.880+00:00 host_mono_ns=2336759070845172 === DEBUG [lwip-posix]: udp_sendto called! Bypassing to POSIX sendto ===
[CR-DISCOVERY-PROBE-R24] host_utc=2026-09-28T06:42:19.881+00:00 host_mono_ns=2336759072066388 
[CR-DISCOVERY-PROBE-R24] host_utc=2026-09-28T06:42:19.881+00:00 host_mono_ns=2336759072080225 === DEBUG [lwip-posix]: recvfrom received packet of len 52! Bypassing to pcb->recv ===
[CR-DISCOVERY-PROBE-R24] host_utc=2026-09-28T06:42:19.881+00:00 host_mono_ns=2336759072088961 
[CR-DISCOVERY-PROBE-R24] host_utc=2026-09-28T06:42:19.881+00:00 host_mono_ns=2336759072097016 === DEBUG [lwip-posix]: udp_sendto called! Bypassing to POSIX sendto ===
[CR-DISCOVERY-PROBE-R24] host_utc=2026-09-28T06:42:19.882+00:00 host_mono_ns=2336759072692721 
[CR-DISCOVERY-PROBE-R24] host_utc=2026-09-28T06:42:19.882+00:00 host_mono_ns=2336759072702419 === DEBUG [lwip-posix]: recvfrom received packet of len 52! Bypassing to pcb->recv ===
[CR-DISCOVERY-PROBE-R24] host_utc=2026-09-28T06:42:19.882+00:00 host_mono_ns=2336759072710795 
[CR-DISCOVERY-PROBE-R24] host_utc=2026-09-28T06:42:19.882+00:00 host_mono_ns=2336759072718750 === DEBUG [lwip-posix]: udp_sendto called! Bypassing to POSIX sendto ===
[CR-DISCOVERY-PROBE-R24] host_utc=2026-09-28T06:42:19.883+00:00 host_mono_ns=2336759073907225 
[CR-DISCOVERY-PROBE-R24] host_utc=2026-09-28T06:42:19.883+00:00 host_mono_ns=2336759073924498 === DEBUG [lwip-posix]: recvfrom received packet of len 52! Bypassing to pcb->recv ===
[CR-DISCOVERY-PROBE-R24] host_utc=2026-09-28T06:42:19.883+00:00 host_mono_ns=2336759073933515 
[CR-DISCOVERY-PROBE-R24] host_utc=2026-09-28T06:42:19.883+00:00 host_mono_ns=2336759073941560 === DEBUG [lwip-posix]: udp_sendto called! Bypassing to POSIX sendto ===
[CR-DISCOVERY-PROBE-R24] host_utc=2026-09-28T06:42:19.884+00:00 host_mono_ns=2336759074687890 
[CR-DISCOVERY-PROBE-R24] host_utc=2026-09-28T06:42:19.884+00:00 host_mono_ns=2336759074705042 === DEBUG [lwip-posix]: recvfrom received packet of len 52! Bypassing to pcb->recv ===
[CR-DISCOVERY-PROBE-R24] host_utc=2026-09-28T06:42:19.884+00:00 host_mono_ns=2336759074713959 
[CR-DISCOVERY-PROBE-R24] host_utc=2026-09-28T06:42:19.884+00:00 host_mono_ns=2336759074722044 === DEBUG [lwip-posix]: udp_sendto called! Bypassing to POSIX sendto ===
[CR-DISCOVERY-PROBE-R24] host_utc=2026-09-28T06:42:19.885+00:00 host_mono_ns=2336759075796774 
[CR-DISCOVERY-PROBE-R24] host_utc=2026-09-28T06:42:19.885+00:00 host_mono_ns=2336759075810319 === DEBUG [lwip-posix]: recvfrom received packet of len 52! Bypassing to pcb->recv ===
[CR-DISCOVERY-PROBE-R24] host_utc=2026-09-28T06:42:19.885+00:00 host_mono_ns=2336759075818875 
[CR-DISCOVERY-PROBE-R24] host_utc=2026-09-28T06:42:19.885+00:00 host_mono_ns=2336759075826881 === DEBUG [lwip-posix]: udp_sendto called! Bypassing to POSIX sendto ===
[CR-DISCOVERY-PROBE-R24] host_utc=2026-09-28T06:42:19.886+00:00 host_mono_ns=2336759076852147 
[CR-DISCOVERY-PROBE-R24] host_utc=2026-09-28T06:42:19.886+00:00 host_mono_ns=2336759076864971 === DEBUG [lwip-posix]: recvfrom received packet of len 52! Bypassing to pcb->recv ===
[CR-DISCOVERY-PROBE-R24] host_utc=2026-09-28T06:42:19.886+00:00 host_mono_ns=2336759076873377 
[CR-DISCOVERY-PROBE-R24] host_utc=2026-09-28T06:42:19.886+00:00 host_mono_ns=2336759076881322 === DEBUG [lwip-posix]: udp_sendto called! Bypassing to POSIX sendto ===
[CR-DISCOVERY-PROBE-R24] host_utc=2026-09-28T06:42:19.887+00:00 host_mono_ns=2336759077828121 
[CR-DISCOVERY-PROBE-R24] host_utc=2026-09-28T06:42:19.887+00:00 host_mono_ns=2336759077841416 === DEBUG [lwip-posix]: recvfrom received packet of len 52! Bypassing to pcb->recv ===
[CR-DISCOVERY-PROBE-R24] host_utc=2026-09-28T06:42:19.887+00:00 host_mono_ns=2336759077849932 
[CR-DISCOVERY-PROBE-R24] host_utc=2026-09-28T06:42:19.887+00:00 host_mono_ns=2336759077857827 === DEBUG [lwip-posix]: udp_sendto called! Bypassing to POSIX sendto ===
[CR-DISCOVERY-PROBE-R24] host_utc=2026-09-28T06:42:19.888+00:00 host_mono_ns=2336759078872212 
[CR-DISCOVERY-PROBE-R24] host_utc=2026-09-28T06:42:19.888+00:00 host_mono_ns=2336759078885758 === DEBUG [lwip-posix]: recvfrom received packet of len 52! Bypassing to pcb->recv ===
[CR-DISCOVERY-PROBE-R24] host_utc=2026-09-28T06:42:19.888+00:00 host_mono_ns=2336759078894374 
[CR-DISCOVERY-PROBE-R24] host_utc=2026-09-28T06:42:19.888+00:00 host_mono_ns=2336759078902309 === DEBUG [lwip-posix]: udp_sendto called! Bypassing to POSIX sendto ===
[CR-DISCOVERY-PROBE-R24] host_utc=2026-09-28T06:42:19.889+00:00 host_mono_ns=2336759079869496 
[CR-DISCOVERY-PROBE-R24] host_utc=2026-09-28T06:42:19.889+00:00 host_mono_ns=2336759079882791 === DEBUG [lwip-posix]: recvfrom received packet of len 52! Bypassing to pcb->recv ===
[CR-DISCOVERY-PROBE-R24] host_utc=2026-09-28T06:42:19.889+00:00 host_mono_ns=2336759079891287 
[CR-DISCOVERY-PROBE-R24] host_utc=2026-09-28T06:42:19.889+00:00 host_mono_ns=2336759079899312 === DEBUG [lwip-posix]: udp_sendto called! Bypassing to POSIX sendto ===
[CR-DISCOVERY-PROBE-R24] host_utc=2026-09-28T06:42:19.890+00:00 host_mono_ns=2336759080729260 
[CR-DISCOVERY-PROBE-R24] host_utc=2026-09-28T06:42:19.890+00:00 host_mono_ns=2336759080742605 === DEBUG [lwip-posix]: recvfrom received packet of len 52! Bypassing to pcb->recv ===
[CR-DISCOVERY-PROBE-R24] host_utc=2026-09-28T06:42:19.890+00:00 host_mono_ns=2336759080751201 
[CR-DISCOVERY-PROBE-R24] host_utc=2026-09-28T06:42:19.890+00:00 host_mono_ns=2336759080759106 === DEBUG [lwip-posix]: udp_sendto called! Bypassing to POSIX sendto ===
[CR-DISCOVERY-PROBE-R24] host_utc=2026-09-28T06:42:19.891+00:00 host_mono_ns=2336759081690836 
[CR-DISCOVERY-PROBE-R24] host_utc=2026-09-28T06:42:19.891+00:00 host_mono_ns=2336759081703760 === DEBUG [lwip-posix]: recvfrom received packet of len 52! Bypassing to pcb->recv ===
[CR-DISCOVERY-PROBE-R24] host_utc=2026-09-28T06:42:19.891+00:00 host_mono_ns=2336759081712316 
[CR-DISCOVERY-PROBE-R24] host_utc=2026-09-28T06:42:19.891+00:00 host_mono_ns=2336759081720211 === DEBUG [lwip-posix]: udp_sendto called! Bypassing to POSIX sendto ===
[CR-DISCOVERY-PROBE-R24] host_utc=2026-09-28T06:42:19.892+00:00 host_mono_ns=2336759082751680 
[CR-DISCOVERY-PROBE-R24] host_utc=2026-09-28T06:42:19.892+00:00 host_mono_ns=2336759082764844 === DEBUG [lwip-posix]: recvfrom received packet of len 52! Bypassing to pcb->recv ===
[CR-DISCOVERY-PROBE-R24] host_utc=2026-09-28T06:42:19.892+00:00 host_mono_ns=2336759082781957 
[CR-DISCOVERY-PROBE-R24] host_utc=2026-09-28T06:42:19.892+00:00 host_mono_ns=2336759082790072 === DEBUG [lwip-posix]: udp_sendto called! Bypassing to POSIX sendto ===
[CR-DISCOVERY-PROBE-R24] host_utc=2026-09-28T06:42:19.893+00:00 host_mono_ns=2336759084105246 
[CR-DISCOVERY-PROBE-R24] host_utc=2026-09-28T06:42:19.893+00:00 host_mono_ns=2336759084119322 === DEBUG [lwip-posix]: recvfrom received packet of len 52! Bypassing to pcb->recv ===
[CR-DISCOVERY-PROBE-R24] host_utc=2026-09-28T06:42:19.893+00:00 host_mono_ns=2336759084127979 
[CR-DISCOVERY-PROBE-R24] host_utc=2026-09-28T06:42:19.893+00:00 host_mono_ns=2336759084135974 === DEBUG [lwip-posix]: udp_sendto called! Bypassing to POSIX sendto ===
[CR-DISCOVERY-PROBE-R24] host_utc=2026-09-28T06:42:19.894+00:00 host_mono_ns=2336759084925475 
[CR-DISCOVERY-PROBE-R24] host_utc=2026-09-28T06:42:19.894+00:00 host_mono_ns=2336759084935133 === DEBUG [lwip-posix]: recvfrom received packet of len 52! Bypassing to pcb->recv ===
[CR-DISCOVERY-PROBE-R24] host_utc=2026-09-28T06:42:19.894+00:00 host_mono_ns=2336759084943619 
[CR-DISCOVERY-PROBE-R24] host_utc=2026-09-28T06:42:19.894+00:00 host_mono_ns=2336759084951534 === DEBUG [lwip-posix]: udp_sendto called! Bypassing to POSIX sendto ===
[CR-DISCOVERY-PROBE-R24] host_utc=2026-09-28T06:42:19.895+00:00 host_mono_ns=2336759086057754 
[CR-DISCOVERY-PROBE-R24] host_utc=2026-09-28T06:42:19.895+00:00 host_mono_ns=2336759086071289 === DEBUG [lwip-posix]: recvfrom received packet of len 52! Bypassing to pcb->recv ===
[CR-DISCOVERY-PROBE-R24] host_utc=2026-09-28T06:42:19.895+00:00 host_mono_ns=2336759086079655 
[CR-DISCOVERY-PROBE-R24] host_utc=2026-09-28T06:42:19.895+00:00 host_mono_ns=2336759086087500 === DEBUG [lwip-posix]: udp_sendto called! Bypassing to POSIX sendto ===
[CR-DISCOVERY-PROBE-R24] host_utc=2026-09-28T06:42:19.896+00:00 host_mono_ns=2336759086802149 
[CR-DISCOVERY-PROBE-R24] host_utc=2026-09-28T06:42:19.896+00:00 host_mono_ns=2336759086811948 === DEBUG [lwip-posix]: recvfrom received packet of len 52! Bypassing to pcb->recv ===
[CR-DISCOVERY-PROBE-R24] host_utc=2026-09-28T06:42:19.896+00:00 host_mono_ns=2336759086820314 
[CR-DISCOVERY-PROBE-R24] host_utc=2026-09-28T06:42:19.896+00:00 host_mono_ns=2336759086828189 === DEBUG [lwip-posix]: udp_sendto called! Bypassing to POSIX sendto ===
[CR-DISCOVERY-PROBE-R24] host_utc=2026-09-28T06:42:19.897+00:00 host_mono_ns=2336759088061598 
[CR-DISCOVERY-PROBE-R24] host_utc=2026-09-28T06:42:19.897+00:00 host_mono_ns=2336759088074963 === DEBUG [lwip-posix]: recvfrom received packet of len 52! Bypassing to pcb->recv ===
[CR-DISCOVERY-PROBE-R24] host_utc=2026-09-28T06:42:19.897+00:00 host_mono_ns=2336759088083540 
[CR-DISCOVERY-PROBE-R24] host_utc=2026-09-28T06:42:19.897+00:00 host_mono_ns=2336759088091485 === DEBUG [lwip-posix]: udp_sendto called! Bypassing to POSIX sendto ===
[CR-DISCOVERY-PROBE-R24] host_utc=2026-09-28T06:42:19.898+00:00 host_mono_ns=2336759088755879 
[CR-DISCOVERY-PROBE-R24] host_utc=2026-09-28T06:42:19.898+00:00 host_mono_ns=2336759088769515 === DEBUG [lwip-posix]: recvfrom received packet of len 52! Bypassing to pcb->recv ===
[CR-DISCOVERY-PROBE-R24] host_utc=2026-09-28T06:42:19.898+00:00 host_mono_ns=2336759088778432 
[CR-DISCOVERY-PROBE-R24] host_utc=2026-09-28T06:42:19.898+00:00 host_mono_ns=2336759088786487 === DEBUG [lwip-posix]: udp_sendto called! Bypassing to POSIX sendto ===
[CR-DISCOVERY-PROBE-R24] host_utc=2026-09-28T06:42:19.900+00:00 host_mono_ns=2336759090180610 
[CR-DISCOVERY-PROBE-R24] host_utc=2026-09-28T06:42:19.900+00:00 host_mono_ns=2336759090197502 === DEBUG [lwip-posix]: recvfrom received packet of len 52! Bypassing to pcb->recv ===
[CR-DISCOVERY-PROBE-R24] host_utc=2026-09-28T06:42:19.900+00:00 host_mono_ns=2336759090206289 
[CR-DISCOVERY-PROBE-R24] host_utc=2026-09-28T06:42:19.900+00:00 host_mono_ns=2336759090214404 === DEBUG [lwip-posix]: udp_sendto called! Bypassing to POSIX sendto ===
[CR-DISCOVERY-PROBE-R24] host_utc=2026-09-28T06:42:19.900+00:00 host_mono_ns=2336759090227128 
[CR-DISCOVERY-PROBE-R24] host_utc=2026-09-28T06:42:19.900+00:00 host_mono_ns=2336759090246495 === DEBUG [lwip-posix]: recvfrom received packet of len 204! Bypassing to pcb->recv ===
[CR-DISCOVERY-PROBE-R24] host_utc=2026-09-28T06:42:19.900+00:00 host_mono_ns=2336759090255031 
[CR-DISCOVERY-PROBE-R24] host_utc=2026-09-28T06:42:19.900+00:00 host_mono_ns=2336759090262836 === DEBUG [lwip-posix]: udp_sendto called! Bypassing to POSIX sendto ===
[CR-DISCOVERY-PROBE-R24] host_utc=2026-09-28T06:42:19.901+00:00 host_mono_ns=2336759091794088 
[CR-DISCOVERY-PROBE-R24] host_utc=2026-09-28T06:42:19.901+00:00 host_mono_ns=2336759091807813 === DEBUG [lwip-posix]: recvfrom received packet of len 52! Bypassing to pcb->recv ===
[CR-DISCOVERY-PROBE-R24] host_utc=2026-09-28T06:42:19.901+00:00 host_mono_ns=2336759091816490 
[CR-DISCOVERY-PROBE-R24] host_utc=2026-09-28T06:42:19.901+00:00 host_mono_ns=2336759091824475 === DEBUG [lwip-posix]: udp_sendto called! Bypassing to POSIX sendto ===
[CR-DISCOVERY-PROBE-R24] host_utc=2026-09-28T06:42:19.903+00:00 host_mono_ns=2336759093203249 
[CR-DISCOVERY-PROBE-R24] host_utc=2026-09-28T06:42:19.903+00:00 host_mono_ns=2336759093216434 === DEBUG [lwip-posix]: recvfrom received packet of len 52! Bypassing to pcb->recv ===
[CR-DISCOVERY-PROBE-R24] host_utc=2026-09-28T06:42:19.903+00:00 host_mono_ns=2336759093225020 
[CR-DISCOVERY-PROBE-R24] host_utc=2026-09-28T06:42:19.903+00:00 host_mono_ns=2336759093232955 === DEBUG [lwip-posix]: udp_sendto called! Bypassing to POSIX sendto ===
[CR-DISCOVERY-PROBE-R24] host_utc=2026-09-28T06:42:19.904+00:00 host_mono_ns=2336759094695948 
[CR-DISCOVERY-PROBE-R24] host_utc=2026-09-28T06:42:19.904+00:00 host_mono_ns=2336759094708722 === DEBUG [lwip-posix]: recvfrom received packet of len 52! Bypassing to pcb->recv ===
[CR-DISCOVERY-PROBE-R24] host_utc=2026-09-28T06:42:19.904+00:00 host_mono_ns=2336759094717198 
[CR-DISCOVERY-PROBE-R24] host_utc=2026-09-28T06:42:19.904+00:00 host_mono_ns=2336759094725163 === DEBUG [lwip-posix]: udp_sendto called! Bypassing to POSIX sendto ===
[CR-DISCOVERY-PROBE-R24] host_utc=2026-09-28T06:42:19.906+00:00 host_mono_ns=2336759096488304 
[CR-DISCOVERY-PROBE-R24] host_utc=2026-09-28T06:42:19.906+00:00 host_mono_ns=2336759096505236 === DEBUG [lwip-posix]: recvfrom received packet of len 52! Bypassing to pcb->recv ===
[CR-DISCOVERY-PROBE-R24] host_utc=2026-09-28T06:42:19.906+00:00 host_mono_ns=2336759096514132 
[CR-DISCOVERY-PROBE-R24] host_utc=2026-09-28T06:42:19.906+00:00 host_mono_ns=2336759096522238 === DEBUG [lwip-posix]: udp_sendto called! Bypassing to POSIX sendto ===
[CR-DISCOVERY-PROBE-R24] host_utc=2026-09-28T06:42:19.906+00:00 host_mono_ns=2336759097086904 
[CR-DISCOVERY-PROBE-R24] host_utc=2026-09-28T06:42:19.906+00:00 host_mono_ns=2336759097099909 === DEBUG [lwip-posix]: recvfrom received packet of len 52! Bypassing to pcb->recv ===
[CR-DISCOVERY-PROBE-R24] host_utc=2026-09-28T06:42:19.906+00:00 host_mono_ns=2336759097108595 
[CR-DISCOVERY-PROBE-R24] host_utc=2026-09-28T06:42:19.906+00:00 host_mono_ns=2336759097116640 === DEBUG [lwip-posix]: udp_sendto called! Bypassing to POSIX sendto ===
[CR-DISCOVERY-PROBE-R24] host_utc=2026-09-28T06:42:19.908+00:00 host_mono_ns=2336759098503560 
[CR-DISCOVERY-PROBE-R24] host_utc=2026-09-28T06:42:19.908+00:00 host_mono_ns=2336759098516775 === DEBUG [lwip-posix]: recvfrom received packet of len 52! Bypassing to pcb->recv ===
[CR-DISCOVERY-PROBE-R24] host_utc=2026-09-28T06:42:19.908+00:00 host_mono_ns=2336759098525221 
[CR-DISCOVERY-PROBE-R24] host_utc=2026-09-28T06:42:19.908+00:00 host_mono_ns=2336759098533116 === DEBUG [lwip-posix]: udp_sendto called! Bypassing to POSIX sendto ===
[CR-DISCOVERY-PROBE-R24] host_utc=2026-09-28T06:42:19.909+00:00 host_mono_ns=2336759099793616 
[CR-DISCOVERY-PROBE-R24] host_utc=2026-09-28T06:42:19.909+00:00 host_mono_ns=2336759099806551 === DEBUG [lwip-posix]: recvfrom received packet of len 52! Bypassing to pcb->recv ===
[CR-DISCOVERY-PROBE-R24] host_utc=2026-09-28T06:42:19.909+00:00 host_mono_ns=2336759099815027 
[CR-DISCOVERY-PROBE-R24] host_utc=2026-09-28T06:42:19.909+00:00 host_mono_ns=2336759099832700 === DEBUG [lwip-posix]: udp_sendto called! Bypassing to POSIX sendto ===
[CR-DISCOVERY-PROBE-R24] host_utc=2026-09-28T06:42:19.910+00:00 host_mono_ns=2336759100541709 
[CR-DISCOVERY-PROBE-R24] host_utc=2026-09-28T06:42:19.910+00:00 host_mono_ns=2336759100555515 === DEBUG [lwip-posix]: recvfrom received packet of len 52! Bypassing to pcb->recv ===
[CR-DISCOVERY-PROBE-R24] host_utc=2026-09-28T06:42:19.910+00:00 host_mono_ns=2336759100564141 
[CR-DISCOVERY-PROBE-R24] host_utc=2026-09-28T06:42:19.910+00:00 host_mono_ns=2336759100572086 === DEBUG [lwip-posix]: udp_sendto called! Bypassing to POSIX sendto ===
[CR-DISCOVERY-PROBE-R24] host_utc=2026-09-28T06:42:19.911+00:00 host_mono_ns=2336759101632079 
[CR-DISCOVERY-PROBE-R24] host_utc=2026-09-28T06:42:19.911+00:00 host_mono_ns=2336759101644993 === DEBUG [lwip-posix]: recvfrom received packet of len 52! Bypassing to pcb->recv ===
[CR-DISCOVERY-PROBE-R24] host_utc=2026-09-28T06:42:19.911+00:00 host_mono_ns=2336759101653539 
[CR-DISCOVERY-PROBE-R24] host_utc=2026-09-28T06:42:19.911+00:00 host_mono_ns=2336759101661504 === DEBUG [lwip-posix]: udp_sendto called! Bypassing to POSIX sendto ===
[CR-DISCOVERY-PROBE-R24] host_utc=2026-09-28T06:42:19.912+00:00 host_mono_ns=2336759102596219 
[CR-DISCOVERY-PROBE-R24] host_utc=2026-09-28T06:42:19.912+00:00 host_mono_ns=2336759102608994 === DEBUG [lwip-posix]: recvfrom received packet of len 52! Bypassing to pcb->recv ===
[CR-DISCOVERY-PROBE-R24] host_utc=2026-09-28T06:42:19.912+00:00 host_mono_ns=2336759102617520 
[CR-DISCOVERY-PROBE-R24] host_utc=2026-09-28T06:42:19.912+00:00 host_mono_ns=2336759102625374 === DEBUG [lwip-posix]: udp_sendto called! Bypassing to POSIX sendto ===
[CR-DISCOVERY-PROBE-R24] host_utc=2026-09-28T06:42:19.913+00:00 host_mono_ns=2336759103425355 
[CR-DISCOVERY-PROBE-R24] host_utc=2026-09-28T06:42:19.913+00:00 host_mono_ns=2336759103438320 === DEBUG [lwip-posix]: recvfrom received packet of len 52! Bypassing to pcb->recv ===
[CR-DISCOVERY-PROBE-R24] host_utc=2026-09-28T06:42:19.913+00:00 host_mono_ns=2336759103446876 
[CR-DISCOVERY-PROBE-R24] host_utc=2026-09-28T06:42:19.913+00:00 host_mono_ns=2336759103454741 === DEBUG [lwip-posix]: udp_sendto called! Bypassing to POSIX sendto ===
[CR-DISCOVERY-PROBE-R24] host_utc=2026-09-28T06:42:19.914+00:00 host_mono_ns=2336759104441074 
[CR-DISCOVERY-PROBE-R24] host_utc=2026-09-28T06:42:19.914+00:00 host_mono_ns=2336759104453728 === DEBUG [lwip-posix]: recvfrom received packet of len 52! Bypassing to pcb->recv ===
[CR-DISCOVERY-PROBE-R24] host_utc=2026-09-28T06:42:19.914+00:00 host_mono_ns=2336759104462254 
[CR-DISCOVERY-PROBE-R24] host_utc=2026-09-28T06:42:19.914+00:00 host_mono_ns=2336759104470159 === DEBUG [lwip-posix]: udp_sendto called! Bypassing to POSIX sendto ===
[CR-DISCOVERY-PROBE-R24] host_utc=2026-09-28T06:42:19.915+00:00 host_mono_ns=2336759105810550 
[CR-DISCOVERY-PROBE-R24] host_utc=2026-09-28T06:42:19.915+00:00 host_mono_ns=2336759105828564 === DEBUG [lwip-posix]: recvfrom received packet of len 52! Bypassing to pcb->recv ===
[CR-DISCOVERY-PROBE-R24] host_utc=2026-09-28T06:42:19.915+00:00 host_mono_ns=2336759105837812 
[CR-DISCOVERY-PROBE-R24] host_utc=2026-09-28T06:42:19.915+00:00 host_mono_ns=2336759105845947 === DEBUG [lwip-posix]: udp_sendto called! Bypassing to POSIX sendto ===
[CR-DISCOVERY-PROBE-R24] host_utc=2026-09-28T06:42:19.916+00:00 host_mono_ns=2336759106435110 
[CR-DISCOVERY-PROBE-R24] host_utc=2026-09-28T06:42:19.916+00:00 host_mono_ns=2336759106448345 === DEBUG [lwip-posix]: recvfrom received packet of len 52! Bypassing to pcb->recv ===
[CR-DISCOVERY-PROBE-R24] host_utc=2026-09-28T06:42:19.916+00:00 host_mono_ns=2336759106457031 
[CR-DISCOVERY-PROBE-R24] host_utc=2026-09-28T06:42:19.916+00:00 host_mono_ns=2336759106464856 === DEBUG [lwip-posix]: udp_sendto called! Bypassing to POSIX sendto ===
[CR-DISCOVERY-PROBE-R24] host_utc=2026-09-28T06:42:19.917+00:00 host_mono_ns=2336759107708926 
[CR-DISCOVERY-PROBE-R24] host_utc=2026-09-28T06:42:19.917+00:00 host_mono_ns=2336759107723413 === DEBUG [lwip-posix]: recvfrom received packet of len 52! Bypassing to pcb->recv ===
[CR-DISCOVERY-PROBE-R24] host_utc=2026-09-28T06:42:19.917+00:00 host_mono_ns=2336759107741447 
[CR-DISCOVERY-PROBE-R24] host_utc=2026-09-28T06:42:19.917+00:00 host_mono_ns=2336759107749552 === DEBUG [lwip-posix]: udp_sendto called! Bypassing to POSIX sendto ===
[CR-DISCOVERY-PROBE-R24] host_utc=2026-09-28T06:42:19.918+00:00 host_mono_ns=2336759108527832 
[CR-DISCOVERY-PROBE-R24] host_utc=2026-09-28T06:42:19.918+00:00 host_mono_ns=2336759108541087 === DEBUG [lwip-posix]: recvfrom received packet of len 52! Bypassing to pcb->recv ===
[CR-DISCOVERY-PROBE-R24] host_utc=2026-09-28T06:42:19.918+00:00 host_mono_ns=2336759108549473 
[CR-DISCOVERY-PROBE-R24] host_utc=2026-09-28T06:42:19.918+00:00 host_mono_ns=2336759108557358 === DEBUG [lwip-posix]: udp_sendto called! Bypassing to POSIX sendto ===
[CR-DISCOVERY-PROBE-R24] host_utc=2026-09-28T06:42:19.919+00:00 host_mono_ns=2336759109674799 
[CR-DISCOVERY-PROBE-R24] host_utc=2026-09-28T06:42:19.919+00:00 host_mono_ns=2336759109691781 === DEBUG [lwip-posix]: recvfrom received packet of len 52! Bypassing to pcb->recv ===
[CR-DISCOVERY-PROBE-R24] host_utc=2026-09-28T06:42:19.919+00:00 host_mono_ns=2336759109700758 
[CR-DISCOVERY-PROBE-R24] host_utc=2026-09-28T06:42:19.919+00:00 host_mono_ns=2336759109708803 === DEBUG [lwip-posix]: udp_sendto called! Bypassing to POSIX sendto ===
[CR-DISCOVERY-PROBE-R24] host_utc=2026-09-28T06:42:19.920+00:00 host_mono_ns=2336759110785126 
[CR-DISCOVERY-PROBE-R24] host_utc=2026-09-28T06:42:19.920+00:00 host_mono_ns=2336759110798952 === DEBUG [lwip-posix]: recvfrom received packet of len 52! Bypassing to pcb->recv ===
[CR-DISCOVERY-PROBE-R24] host_utc=2026-09-28T06:42:19.920+00:00 host_mono_ns=2336759110807438 
[CR-DISCOVERY-PROBE-R24] host_utc=2026-09-28T06:42:19.920+00:00 host_mono_ns=2336759110815363 === DEBUG [lwip-posix]: udp_sendto called! Bypassing to POSIX sendto ===
[CR-DISCOVERY-PROBE-R24] host_utc=2026-09-28T06:42:19.921+00:00 host_mono_ns=2336759111679916 
[CR-DISCOVERY-PROBE-R24] host_utc=2026-09-28T06:42:19.921+00:00 host_mono_ns=2336759111692930 === DEBUG [lwip-posix]: recvfrom received packet of len 52! Bypassing to pcb->recv ===
[CR-DISCOVERY-PROBE-R24] host_utc=2026-09-28T06:42:19.921+00:00 host_mono_ns=2336759111701516 
[CR-DISCOVERY-PROBE-R24] host_utc=2026-09-28T06:42:19.921+00:00 host_mono_ns=2336759111709532 === DEBUG [lwip-posix]: udp_sendto called! Bypassing to POSIX sendto ===
[CR-DISCOVERY-PROBE-R24] host_utc=2026-09-28T06:42:19.922+00:00 host_mono_ns=2336759112802987 
[CR-DISCOVERY-PROBE-R24] host_utc=2026-09-28T06:42:19.922+00:00 host_mono_ns=2336759112819979 === DEBUG [lwip-posix]: recvfrom received packet of len 52! Bypassing to pcb->recv ===
[CR-DISCOVERY-PROBE-R24] host_utc=2026-09-28T06:42:19.922+00:00 host_mono_ns=2336759112828996 
[CR-DISCOVERY-PROBE-R24] host_utc=2026-09-28T06:42:19.922+00:00 host_mono_ns=2336759112836991 === DEBUG [lwip-posix]: udp_sendto called! Bypassing to POSIX sendto ===
[CR-DISCOVERY-PROBE-R24] host_utc=2026-09-28T06:42:19.924+00:00 host_mono_ns=2336759114335932 
[CR-DISCOVERY-PROBE-R24] host_utc=2026-09-28T06:42:19.924+00:00 host_mono_ns=2336759114348886 === DEBUG [lwip-posix]: recvfrom received packet of len 52! Bypassing to pcb->recv ===
[CR-DISCOVERY-PROBE-R24] host_utc=2026-09-28T06:42:19.924+00:00 host_mono_ns=2336759114357443 
[CR-DISCOVERY-PROBE-R24] host_utc=2026-09-28T06:42:19.924+00:00 host_mono_ns=2336759114365368 === DEBUG [lwip-posix]: udp_sendto called! Bypassing to POSIX sendto ===
[CR-DISCOVERY-PROBE-R24] host_utc=2026-09-28T06:42:19.924+00:00 host_mono_ns=2336759115069267 
[CR-DISCOVERY-PROBE-R24] host_utc=2026-09-28T06:42:19.924+00:00 host_mono_ns=2336759115081911 === DEBUG [lwip-posix]: recvfrom received packet of len 52! Bypassing to pcb->recv ===
[CR-DISCOVERY-PROBE-R24] host_utc=2026-09-28T06:42:19.924+00:00 host_mono_ns=2336759115090517 
[CR-DISCOVERY-PROBE-R24] host_utc=2026-09-28T06:42:19.924+00:00 host_mono_ns=2336759115098392 === DEBUG [lwip-posix]: udp_sendto called! Bypassing to POSIX sendto ===
[CR-DISCOVERY-PROBE-R24] host_utc=2026-09-28T06:42:19.926+00:00 host_mono_ns=2336759116309850 
[CR-DISCOVERY-PROBE-R24] host_utc=2026-09-28T06:42:19.926+00:00 host_mono_ns=2336759116325960 === DEBUG [lwip-posix]: recvfrom received packet of len 52! Bypassing to pcb->recv ===
[CR-DISCOVERY-PROBE-R24] host_utc=2026-09-28T06:42:19.926+00:00 host_mono_ns=2336759116337733 
[CR-DISCOVERY-PROBE-R24] host_utc=2026-09-28T06:42:19.926+00:00 host_mono_ns=2336759116349074 === DEBUG [lwip-posix]: udp_sendto called! Bypassing to POSIX sendto ===
[CR-DISCOVERY-PROBE-R24] host_utc=2026-09-28T06:42:19.926+00:00 host_mono_ns=2336759117088010 
[CR-DISCOVERY-PROBE-R24] host_utc=2026-09-28T06:42:19.926+00:00 host_mono_ns=2336759117104621 === DEBUG [lwip-posix]: recvfrom received packet of len 52! Bypassing to pcb->recv ===
[CR-DISCOVERY-PROBE-R24] host_utc=2026-09-28T06:42:19.926+00:00 host_mono_ns=2336759117113488 
[CR-DISCOVERY-PROBE-R24] host_utc=2026-09-28T06:42:19.926+00:00 host_mono_ns=2336759117121553 === DEBUG [lwip-posix]: udp_sendto called! Bypassing to POSIX sendto ===
[CR-DISCOVERY-PROBE-R24] host_utc=2026-09-28T06:42:19.928+00:00 host_mono_ns=2336759118196263 
[CR-DISCOVERY-PROBE-R24] host_utc=2026-09-28T06:42:19.928+00:00 host_mono_ns=2336759118209919 === DEBUG [lwip-posix]: recvfrom received packet of len 52! Bypassing to pcb->recv ===
[CR-DISCOVERY-PROBE-R24] host_utc=2026-09-28T06:42:19.928+00:00 host_mono_ns=2336759118218445 
[CR-DISCOVERY-PROBE-R24] host_utc=2026-09-28T06:42:19.928+00:00 host_mono_ns=2336759118226410 === DEBUG [lwip-posix]: udp_sendto called! Bypassing to POSIX sendto ===
[CR-DISCOVERY-PROBE-R24] host_utc=2026-09-28T06:42:19.929+00:00 host_mono_ns=2336759119544008 
[CR-DISCOVERY-PROBE-R24] host_utc=2026-09-28T06:42:19.929+00:00 host_mono_ns=2336759119561020 === DEBUG [lwip-posix]: recvfrom received packet of len 52! Bypassing to pcb->recv ===
[CR-DISCOVERY-PROBE-R24] host_utc=2026-09-28T06:42:19.929+00:00 host_mono_ns=2336759119570017 
[CR-DISCOVERY-PROBE-R24] host_utc=2026-09-28T06:42:19.929+00:00 host_mono_ns=2336759119578213 === DEBUG [lwip-posix]: udp_sendto called! Bypassing to POSIX sendto ===
[CR-DISCOVERY-PROBE-R24] host_utc=2026-09-28T06:42:19.930+00:00 host_mono_ns=2336759120444159 
[CR-DISCOVERY-PROBE-R24] host_utc=2026-09-28T06:42:19.930+00:00 host_mono_ns=2336759120457163 === DEBUG [lwip-posix]: recvfrom received packet of len 52! Bypassing to pcb->recv ===
[CR-DISCOVERY-PROBE-R24] host_utc=2026-09-28T06:42:19.930+00:00 host_mono_ns=2336759120465719 
[CR-DISCOVERY-PROBE-R24] host_utc=2026-09-28T06:42:19.930+00:00 host_mono_ns=2336759120473714 === DEBUG [lwip-posix]: udp_sendto called! Bypassing to POSIX sendto ===
[CR-DISCOVERY-PROBE-R24] host_utc=2026-09-28T06:42:19.931+00:00 host_mono_ns=2336759121823233 
[CR-DISCOVERY-PROBE-R24] host_utc=2026-09-28T06:42:19.931+00:00 host_mono_ns=2336759121836168 === DEBUG [lwip-posix]: recvfrom received packet of len 52! Bypassing to pcb->recv ===
[CR-DISCOVERY-PROBE-R24] host_utc=2026-09-28T06:42:19.931+00:00 host_mono_ns=2336759121844483 
[CR-DISCOVERY-PROBE-R24] host_utc=2026-09-28T06:42:19.931+00:00 host_mono_ns=2336759121852398 === DEBUG [lwip-posix]: udp_sendto called! Bypassing to POSIX sendto ===
[CR-DISCOVERY-PROBE-R24] host_utc=2026-09-28T06:42:19.932+00:00 host_mono_ns=2336759122805168 
[CR-DISCOVERY-PROBE-R24] host_utc=2026-09-28T06:42:19.932+00:00 host_mono_ns=2336759122818012 === DEBUG [lwip-posix]: recvfrom received packet of len 52! Bypassing to pcb->recv ===
[CR-DISCOVERY-PROBE-R24] host_utc=2026-09-28T06:42:19.932+00:00 host_mono_ns=2336759122826438 
[CR-DISCOVERY-PROBE-R24] host_utc=2026-09-28T06:42:19.932+00:00 host_mono_ns=2336759122834343 === DEBUG [lwip-posix]: udp_sendto called! Bypassing to POSIX sendto ===
[CR-DISCOVERY-PROBE-R24] host_utc=2026-09-28T06:42:19.934+00:00 host_mono_ns=2336759124226262 
[CR-DISCOVERY-PROBE-R24] host_utc=2026-09-28T06:42:19.934+00:00 host_mono_ns=2336759124238846 === DEBUG [lwip-posix]: recvfrom received packet of len 52! Bypassing to pcb->recv ===
[CR-DISCOVERY-PROBE-R24] host_utc=2026-09-28T06:42:19.934+00:00 host_mono_ns=2336759124256619 
[CR-DISCOVERY-PROBE-R24] host_utc=2026-09-28T06:42:19.934+00:00 host_mono_ns=2336759124264735 === DEBUG [lwip-posix]: udp_sendto called! Bypassing to POSIX sendto ===
[CR-DISCOVERY-PROBE-R24] host_utc=2026-09-28T06:42:19.934+00:00 host_mono_ns=2336759125082980 
[CR-DISCOVERY-PROBE-R24] host_utc=2026-09-28T06:42:19.934+00:00 host_mono_ns=2336759125095503 === DEBUG [lwip-posix]: recvfrom received packet of len 52! Bypassing to pcb->recv ===
[CR-DISCOVERY-PROBE-R24] host_utc=2026-09-28T06:42:19.934+00:00 host_mono_ns=2336759125104110 
[CR-DISCOVERY-PROBE-R24] host_utc=2026-09-28T06:42:19.934+00:00 host_mono_ns=2336759125111934 === DEBUG [lwip-posix]: udp_sendto called! Bypassing to POSIX sendto ===
[CR-DISCOVERY-PROBE-R24] host_utc=2026-09-28T06:42:19.936+00:00 host_mono_ns=2336759126457095 
[CR-DISCOVERY-PROBE-R24] host_utc=2026-09-28T06:42:19.936+00:00 host_mono_ns=2336759126471783 === DEBUG [lwip-posix]: recvfrom received packet of len 52! Bypassing to pcb->recv ===
[CR-DISCOVERY-PROBE-R24] host_utc=2026-09-28T06:42:19.936+00:00 host_mono_ns=2336759126480359 
[CR-DISCOVERY-PROBE-R24] host_utc=2026-09-28T06:42:19.936+00:00 host_mono_ns=2336759126488424 === DEBUG [lwip-posix]: udp_sendto called! Bypassing to POSIX sendto ===
[CR-DISCOVERY-PROBE-R24] host_utc=2026-09-28T06:42:19.937+00:00 host_mono_ns=2336759127576239 
[CR-DISCOVERY-PROBE-R24] host_utc=2026-09-28T06:42:19.937+00:00 host_mono_ns=2336759127594483 === DEBUG [lwip-posix]: recvfrom received packet of len 52! Bypassing to pcb->recv ===
[CR-DISCOVERY-PROBE-R24] host_utc=2026-09-28T06:42:19.937+00:00 host_mono_ns=2336759127607167 
[CR-DISCOVERY-PROBE-R24] host_utc=2026-09-28T06:42:19.937+00:00 host_mono_ns=2336759127616004 === DEBUG [lwip-posix]: udp_sendto called! Bypassing to POSIX sendto ===
[CR-DISCOVERY-PROBE-R24] host_utc=2026-09-28T06:42:19.938+00:00 host_mono_ns=2336759128829837 
[CR-DISCOVERY-PROBE-R24] host_utc=2026-09-28T06:42:19.938+00:00 host_mono_ns=2336759128846057 === DEBUG [lwip-posix]: recvfrom received packet of len 52! Bypassing to pcb->recv ===
[CR-DISCOVERY-PROBE-R24] host_utc=2026-09-28T06:42:19.938+00:00 host_mono_ns=2336759128854633 
[CR-DISCOVERY-PROBE-R24] host_utc=2026-09-28T06:42:19.938+00:00 host_mono_ns=2336759128862608 === DEBUG [lwip-posix]: udp_sendto called! Bypassing to POSIX sendto ===
[CR-DISCOVERY-PROBE-R24] host_utc=2026-09-28T06:42:19.939+00:00 host_mono_ns=2336759129656738 
[CR-DISCOVERY-PROBE-R24] host_utc=2026-09-28T06:42:19.939+00:00 host_mono_ns=2336759129673530 === DEBUG [lwip-posix]: recvfrom received packet of len 52! Bypassing to pcb->recv ===
[CR-DISCOVERY-PROBE-R24] host_utc=2026-09-28T06:42:19.939+00:00 host_mono_ns=2336759129682306 
[CR-DISCOVERY-PROBE-R24] host_utc=2026-09-28T06:42:19.939+00:00 host_mono_ns=2336759129690322 === DEBUG [lwip-posix]: udp_sendto called! Bypassing to POSIX sendto ===
[CR-DISCOVERY-PROBE-R24] host_utc=2026-09-28T06:42:19.941+00:00 host_mono_ns=2336759131278712 
[CR-DISCOVERY-PROBE-R24] host_utc=2026-09-28T06:42:19.941+00:00 host_mono_ns=2336759131293980 === DEBUG [lwip-posix]: recvfrom received packet of len 52! Bypassing to pcb->recv ===
[CR-DISCOVERY-PROBE-R24] host_utc=2026-09-28T06:42:19.941+00:00 host_mono_ns=2336759131303849 
[CR-DISCOVERY-PROBE-R24] host_utc=2026-09-28T06:42:19.941+00:00 host_mono_ns=2336759131313217 === DEBUG [lwip-posix]: udp_sendto called! Bypassing to POSIX sendto ===
[CR-DISCOVERY-PROBE-R24] host_utc=2026-09-28T06:42:19.941+00:00 host_mono_ns=2336759131824422 
[CR-DISCOVERY-PROBE-R24] host_utc=2026-09-28T06:42:19.941+00:00 host_mono_ns=2336759131835824 === DEBUG [lwip-posix]: recvfrom received packet of len 52! Bypassing to pcb->recv ===
[CR-DISCOVERY-PROBE-R24] host_utc=2026-09-28T06:42:19.941+00:00 host_mono_ns=2336759131845803 
[CR-DISCOVERY-PROBE-R24] host_utc=2026-09-28T06:42:19.941+00:00 host_mono_ns=2336759131855040 === DEBUG [lwip-posix]: udp_sendto called! Bypassing to POSIX sendto ===
[CR-DISCOVERY-PROBE-R24] host_utc=2026-09-28T06:42:19.942+00:00 host_mono_ns=2336759133133695 
[CR-DISCOVERY-PROBE-R24] host_utc=2026-09-28T06:42:19.942+00:00 host_mono_ns=2336759133159804 === DEBUG [lwip-posix]: recvfrom received packet of len 52! Bypassing to pcb->recv ===
[CR-DISCOVERY-PROBE-R24] host_utc=2026-09-28T06:42:19.943+00:00 host_mono_ns=2336759133170024 
[CR-DISCOVERY-PROBE-R24] host_utc=2026-09-28T06:42:19.943+00:00 host_mono_ns=2336759133179421 === DEBUG [lwip-posix]: udp_sendto called! Bypassing to POSIX sendto ===
[CR-DISCOVERY-PROBE-R24] host_utc=2026-09-28T06:42:19.943+00:00 host_mono_ns=2336759133804141 
[CR-DISCOVERY-PROBE-R24] host_utc=2026-09-28T06:42:19.943+00:00 host_mono_ns=2336759133815353 === DEBUG [lwip-posix]: recvfrom received packet of len 52! Bypassing to pcb->recv ===
[CR-DISCOVERY-PROBE-R24] host_utc=2026-09-28T06:42:19.943+00:00 host_mono_ns=2336759133825271 
[CR-DISCOVERY-PROBE-R24] host_utc=2026-09-28T06:42:19.943+00:00 host_mono_ns=2336759133834639 === DEBUG [lwip-posix]: udp_sendto called! Bypassing to POSIX sendto ===
[CR-DISCOVERY-PROBE-R24] host_utc=2026-09-28T06:42:19.944+00:00 host_mono_ns=2336759134705574 
[CR-DISCOVERY-PROBE-R24] host_utc=2026-09-28T06:42:19.944+00:00 host_mono_ns=2336759134721153 === DEBUG [lwip-posix]: recvfrom received packet of len 52! Bypassing to pcb->recv ===
[CR-DISCOVERY-PROBE-R24] host_utc=2026-09-28T06:42:19.944+00:00 host_mono_ns=2336759134731102 
[CR-DISCOVERY-PROBE-R24] host_utc=2026-09-28T06:42:19.944+00:00 host_mono_ns=2336759134740389 === DEBUG [lwip-posix]: udp_sendto called! Bypassing to POSIX sendto ===
[CR-DISCOVERY-PROBE-R24] host_utc=2026-09-28T06:42:19.945+00:00 host_mono_ns=2336759135875674 
[CR-DISCOVERY-PROBE-R24] host_utc=2026-09-28T06:42:19.945+00:00 host_mono_ns=2336759135891233 === DEBUG [lwip-posix]: recvfrom received packet of len 52! Bypassing to pcb->recv ===
[CR-DISCOVERY-PROBE-R24] host_utc=2026-09-28T06:42:19.945+00:00 host_mono_ns=2336759135901212 
[CR-DISCOVERY-PROBE-R24] host_utc=2026-09-28T06:42:19.945+00:00 host_mono_ns=2336759135910690 === DEBUG [lwip-posix]: udp_sendto called! Bypassing to POSIX sendto ===
[CR-DISCOVERY-PROBE-R24] host_utc=2026-09-28T06:42:19.946+00:00 host_mono_ns=2336759136657250 
[CR-DISCOVERY-PROBE-R24] host_utc=2026-09-28T06:42:19.946+00:00 host_mono_ns=2336759136672108 === DEBUG [lwip-posix]: recvfrom received packet of len 52! Bypassing to pcb->recv ===
[CR-DISCOVERY-PROBE-R24] host_utc=2026-09-28T06:42:19.946+00:00 host_mono_ns=2336759136681836 
[CR-DISCOVERY-PROBE-R24] host_utc=2026-09-28T06:42:19.946+00:00 host_mono_ns=2336759136691124 === DEBUG [lwip-posix]: udp_sendto called! Bypassing to POSIX sendto ===
[CR-DISCOVERY-PROBE-R24] host_utc=2026-09-28T06:42:19.947+00:00 host_mono_ns=2336759138115885 
[CR-DISCOVERY-PROBE-R24] host_utc=2026-09-28T06:42:19.947+00:00 host_mono_ns=2336759138130462 === DEBUG [lwip-posix]: recvfrom received packet of len 52! Bypassing to pcb->recv ===
[CR-DISCOVERY-PROBE-R24] host_utc=2026-09-28T06:42:19.947+00:00 host_mono_ns=2336759138140331 
[CR-DISCOVERY-PROBE-R24] host_utc=2026-09-28T06:42:19.947+00:00 host_mono_ns=2336759138149689 === DEBUG [lwip-posix]: udp_sendto called! Bypassing to POSIX sendto ===
[CR-DISCOVERY-PROBE-R24] host_utc=2026-09-28T06:42:19.948+00:00 host_mono_ns=2336759138714465 
[CR-DISCOVERY-PROBE-R24] host_utc=2026-09-28T06:42:19.948+00:00 host_mono_ns=2336759138725246 === DEBUG [lwip-posix]: recvfrom received packet of len 52! Bypassing to pcb->recv ===
[CR-DISCOVERY-PROBE-R24] host_utc=2026-09-28T06:42:19.948+00:00 host_mono_ns=2336759138735034 
[CR-DISCOVERY-PROBE-R24] host_utc=2026-09-28T06:42:19.948+00:00 host_mono_ns=2336759138744302 === DEBUG [lwip-posix]: udp_sendto called! Bypassing to POSIX sendto ===
[CR-DISCOVERY-PROBE-R24] host_utc=2026-09-28T06:42:19.949+00:00 host_mono_ns=2336759139948496 
[CR-DISCOVERY-PROBE-R24] host_utc=2026-09-28T06:42:19.949+00:00 host_mono_ns=2336759139967402 === DEBUG [lwip-posix]: recvfrom received packet of len 52! Bypassing to pcb->recv ===
[CR-DISCOVERY-PROBE-R24] host_utc=2026-09-28T06:42:19.949+00:00 host_mono_ns=2336759139977731 
[CR-DISCOVERY-PROBE-R24] host_utc=2026-09-28T06:42:19.949+00:00 host_mono_ns=2336759139987119 === DEBUG [lwip-posix]: udp_sendto called! Bypassing to POSIX sendto ===
[CR-DISCOVERY-PROBE-R24] host_utc=2026-09-28T06:42:19.950+00:00 host_mono_ns=2336759140755801 
[CR-DISCOVERY-PROBE-R24] host_utc=2026-09-28T06:42:19.950+00:00 host_mono_ns=2336759140771370 === DEBUG [lwip-posix]: recvfrom received packet of len 52! Bypassing to pcb->recv ===
[CR-DISCOVERY-PROBE-R24] host_utc=2026-09-28T06:42:19.950+00:00 host_mono_ns=2336759140781379 
[CR-DISCOVERY-PROBE-R24] host_utc=2026-09-28T06:42:19.950+00:00 host_mono_ns=2336759140790847 === DEBUG [lwip-posix]: udp_sendto called! Bypassing to POSIX sendto ===
[CR-DISCOVERY-PROBE-R24] host_utc=2026-09-28T06:42:19.952+00:00 host_mono_ns=2336759142318893 
[CR-DISCOVERY-PROBE-R24] host_utc=2026-09-28T06:42:19.952+00:00 host_mono_ns=2336759142333871 === DEBUG [lwip-posix]: recvfrom received packet of len 52! Bypassing to pcb->recv ===
[CR-DISCOVERY-PROBE-R24] host_utc=2026-09-28T06:42:19.952+00:00 host_mono_ns=2336759142343820 
[CR-DISCOVERY-PROBE-R24] host_utc=2026-09-28T06:42:19.952+00:00 host_mono_ns=2336759142353188 === DEBUG [lwip-posix]: udp_sendto called! Bypassing to POSIX sendto ===
[CR-DISCOVERY-PROBE-R24] host_utc=2026-09-28T06:42:19.952+00:00 host_mono_ns=2336759143082866 
[CR-DISCOVERY-PROBE-R24] host_utc=2026-09-28T06:42:19.952+00:00 host_mono_ns=2336759143097523 === DEBUG [lwip-posix]: recvfrom received packet of len 52! Bypassing to pcb->recv ===
[CR-DISCOVERY-PROBE-R24] host_utc=2026-09-28T06:42:19.952+00:00 host_mono_ns=2336759143107512 
[CR-DISCOVERY-PROBE-R24] host_utc=2026-09-28T06:42:19.952+00:00 host_mono_ns=2336759143116700 === DEBUG [lwip-posix]: udp_sendto called! Bypassing to POSIX sendto ===
[CR-DISCOVERY-PROBE-R24] host_utc=2026-09-28T06:42:19.954+00:00 host_mono_ns=2336759144182773 
[CR-DISCOVERY-PROBE-R24] host_utc=2026-09-28T06:42:19.954+00:00 host_mono_ns=2336759144197411 === DEBUG [lwip-posix]: recvfrom received packet of len 52! Bypassing to pcb->recv ===
[CR-DISCOVERY-PROBE-R24] host_utc=2026-09-28T06:42:19.954+00:00 host_mono_ns=2336759144207400 
[CR-DISCOVERY-PROBE-R24] host_utc=2026-09-28T06:42:19.954+00:00 host_mono_ns=2336759144216807 === DEBUG [lwip-posix]: udp_sendto called! Bypassing to POSIX sendto ===
[CR-DISCOVERY-PROBE-R24] host_utc=2026-09-28T06:42:19.954+00:00 host_mono_ns=2336759144946636 
[CR-DISCOVERY-PROBE-R24] host_utc=2026-09-28T06:42:19.954+00:00 host_mono_ns=2336759144960081 === DEBUG [lwip-posix]: recvfrom received packet of len 52! Bypassing to pcb->recv ===
[CR-DISCOVERY-PROBE-R24] host_utc=2026-09-28T06:42:19.954+00:00 host_mono_ns=2336759144970120 
[CR-DISCOVERY-PROBE-R24] host_utc=2026-09-28T06:42:19.954+00:00 host_mono_ns=2336759144979488 === DEBUG [lwip-posix]: udp_sendto called! Bypassing to POSIX sendto ===
[CR-DISCOVERY-PROBE-R24] host_utc=2026-09-28T06:42:19.955+00:00 host_mono_ns=2336759145960861 
[CR-DISCOVERY-PROBE-R24] host_utc=2026-09-28T06:42:19.955+00:00 host_mono_ns=2336759145974217 === DEBUG [lwip-posix]: recvfrom received packet of len 52! Bypassing to pcb->recv ===
[CR-DISCOVERY-PROBE-R24] host_utc=2026-09-28T06:42:19.955+00:00 host_mono_ns=2336759145982703 
[CR-DISCOVERY-PROBE-R24] host_utc=2026-09-28T06:42:19.955+00:00 host_mono_ns=2336759145990587 === DEBUG [lwip-posix]: udp_sendto called! Bypassing to POSIX sendto ===
[CR-DISCOVERY-PROBE-R24] host_utc=2026-09-28T06:42:19.956+00:00 host_mono_ns=2336759146946132 
[CR-DISCOVERY-PROBE-R24] host_utc=2026-09-28T06:42:19.956+00:00 host_mono_ns=2336759146959267 === DEBUG [lwip-posix]: recvfrom received packet of len 52! Bypassing to pcb->recv ===
[CR-DISCOVERY-PROBE-R24] host_utc=2026-09-28T06:42:19.956+00:00 host_mono_ns=2336759146967683 
[CR-DISCOVERY-PROBE-R24] host_utc=2026-09-28T06:42:19.956+00:00 host_mono_ns=2336759146975578 === DEBUG [lwip-posix]: udp_sendto called! Bypassing to POSIX sendto ===
[CR-DISCOVERY-PROBE-R24] host_utc=2026-09-28T06:42:19.957+00:00 host_mono_ns=2336759147990966 
[CR-DISCOVERY-PROBE-R24] host_utc=2026-09-28T06:42:19.957+00:00 host_mono_ns=2336759148009992 === DEBUG [lwip-posix]: recvfrom received packet of len 52! Bypassing to pcb->recv ===
[CR-DISCOVERY-PROBE-R24] host_utc=2026-09-28T06:42:19.957+00:00 host_mono_ns=2336759148031372 
[CR-DISCOVERY-PROBE-R24] host_utc=2026-09-28T06:42:19.957+00:00 host_mono_ns=2336759148039578 === DEBUG [lwip-posix]: udp_sendto called! Bypassing to POSIX sendto ===
[CR-DISCOVERY-PROBE-R24] host_utc=2026-09-28T06:42:19.959+00:00 host_mono_ns=2336759149816964 
[CR-DISCOVERY-PROBE-R24] host_utc=2026-09-28T06:42:19.959+00:00 host_mono_ns=2336759149833726 === DEBUG [lwip-posix]: recvfrom received packet of len 52! Bypassing to pcb->recv ===
[CR-DISCOVERY-PROBE-R24] host_utc=2026-09-28T06:42:19.959+00:00 host_mono_ns=2336759149842613 
[CR-DISCOVERY-PROBE-R24] host_utc=2026-09-28T06:42:19.959+00:00 host_mono_ns=2336759149850708 === DEBUG [lwip-posix]: udp_sendto called! Bypassing to POSIX sendto ===
[CR-DISCOVERY-PROBE-R24] host_utc=2026-09-28T06:42:19.960+00:00 host_mono_ns=2336759150557573 
[CR-DISCOVERY-PROBE-R24] host_utc=2026-09-28T06:42:19.960+00:00 host_mono_ns=2336759150570989 === DEBUG [lwip-posix]: recvfrom received packet of len 52! Bypassing to pcb->recv ===
[CR-DISCOVERY-PROBE-R24] host_utc=2026-09-28T06:42:19.960+00:00 host_mono_ns=2336759150579515 
[CR-DISCOVERY-PROBE-R24] host_utc=2026-09-28T06:42:19.960+00:00 host_mono_ns=2336759150587460 === DEBUG [lwip-posix]: udp_sendto called! Bypassing to POSIX sendto ===
[CR-DISCOVERY-PROBE-R24] host_utc=2026-09-28T06:42:19.961+00:00 host_mono_ns=2336759151904237 
[CR-DISCOVERY-PROBE-R24] host_utc=2026-09-28T06:42:19.961+00:00 host_mono_ns=2336759151922060 === DEBUG [lwip-posix]: recvfrom received packet of len 52! Bypassing to pcb->recv ===
[CR-DISCOVERY-PROBE-R24] host_utc=2026-09-28T06:42:19.961+00:00 host_mono_ns=2336759151931117 
[CR-DISCOVERY-PROBE-R24] host_utc=2026-09-28T06:42:19.961+00:00 host_mono_ns=2336759151939333 === DEBUG [lwip-posix]: udp_sendto called! Bypassing to POSIX sendto ===
[CR-DISCOVERY-PROBE-R24] host_utc=2026-09-28T06:42:19.962+00:00 host_mono_ns=2336759152585353 
[CR-DISCOVERY-PROBE-R24] host_utc=2026-09-28T06:42:19.962+00:00 host_mono_ns=2336759152598388 === DEBUG [lwip-posix]: recvfrom received packet of len 52! Bypassing to pcb->recv ===
[CR-DISCOVERY-PROBE-R24] host_utc=2026-09-28T06:42:19.962+00:00 host_mono_ns=2336759152606954 
[CR-DISCOVERY-PROBE-R24] host_utc=2026-09-28T06:42:19.962+00:00 host_mono_ns=2336759152615039 === DEBUG [lwip-posix]: udp_sendto called! Bypassing to POSIX sendto ===
[CR-DISCOVERY-PROBE-R24] host_utc=2026-09-28T06:42:19.963+00:00 host_mono_ns=2336759154158955 
[CR-DISCOVERY-PROBE-R24] host_utc=2026-09-28T06:42:19.964+00:00 host_mono_ns=2336759154171739 === DEBUG [lwip-posix]: recvfrom received packet of len 52! Bypassing to pcb->recv ===
[CR-DISCOVERY-PROBE-R24] host_utc=2026-09-28T06:42:19.964+00:00 host_mono_ns=2336759154180165 
[CR-DISCOVERY-PROBE-R24] host_utc=2026-09-28T06:42:19.964+00:00 host_mono_ns=2336759154188090 === DEBUG [lwip-posix]: udp_sendto called! Bypassing to POSIX sendto ===
[CR-DISCOVERY-PROBE-R24] host_utc=2026-09-28T06:42:19.964+00:00 host_mono_ns=2336759155088410 
[CR-DISCOVERY-PROBE-R24] host_utc=2026-09-28T06:42:19.964+00:00 host_mono_ns=2336759155101104 === DEBUG [lwip-posix]: recvfrom received packet of len 52! Bypassing to pcb->recv ===
[CR-DISCOVERY-PROBE-R24] host_utc=2026-09-28T06:42:19.964+00:00 host_mono_ns=2336759155109580 
[CR-DISCOVERY-PROBE-R24] host_utc=2026-09-28T06:42:19.964+00:00 host_mono_ns=2336759155117505 === DEBUG [lwip-posix]: udp_sendto called! Bypassing to POSIX sendto ===
[CR-DISCOVERY-PROBE-R24] host_utc=2026-09-28T06:42:19.965+00:00 host_mono_ns=2336759156082548 
[CR-DISCOVERY-PROBE-R24] host_utc=2026-09-28T06:42:19.965+00:00 host_mono_ns=2336759156095042 === DEBUG [lwip-posix]: recvfrom received packet of len 52! Bypassing to pcb->recv ===
[CR-DISCOVERY-PROBE-R24] host_utc=2026-09-28T06:42:19.965+00:00 host_mono_ns=2336759156103528 
[CR-DISCOVERY-PROBE-R24] host_utc=2026-09-28T06:42:19.965+00:00 host_mono_ns=2336759156111483 === DEBUG [lwip-posix]: udp_sendto called! Bypassing to POSIX sendto ===
[CR-DISCOVERY-PROBE-R24] host_utc=2026-09-28T06:42:19.966+00:00 host_mono_ns=2336759156980153 
[CR-DISCOVERY-PROBE-R24] host_utc=2026-09-28T06:42:19.966+00:00 host_mono_ns=2336759156993829 === DEBUG [lwip-posix]: recvfrom received packet of len 52! Bypassing to pcb->recv ===
[CR-DISCOVERY-PROBE-R24] host_utc=2026-09-28T06:42:19.966+00:00 host_mono_ns=2336759157014087 
[CR-DISCOVERY-PROBE-R24] host_utc=2026-09-28T06:42:19.966+00:00 host_mono_ns=2336759157026451 === DEBUG [lwip-posix]: udp_sendto called! Bypassing to POSIX sendto ===
[CR-DISCOVERY-PROBE-R24] host_utc=2026-09-28T06:42:19.967+00:00 host_mono_ns=2336759158045245 
[CR-DISCOVERY-PROBE-R24] host_utc=2026-09-28T06:42:19.967+00:00 host_mono_ns=2336759158059432 === DEBUG [lwip-posix]: recvfrom received packet of len 52! Bypassing to pcb->recv ===
[CR-DISCOVERY-PROBE-R24] host_utc=2026-09-28T06:42:19.967+00:00 host_mono_ns=2336759158068148 
[CR-DISCOVERY-PROBE-R24] host_utc=2026-09-28T06:42:19.967+00:00 host_mono_ns=2336759158076123 === DEBUG [lwip-posix]: udp_sendto called! Bypassing to POSIX sendto ===
[CR-DISCOVERY-PROBE-R24] host_utc=2026-09-28T06:42:19.969+00:00 host_mono_ns=2336759159404733 
[CR-DISCOVERY-PROBE-R24] host_utc=2026-09-28T06:42:19.969+00:00 host_mono_ns=2336759159417397 === DEBUG [lwip-posix]: recvfrom received packet of len 52! Bypassing to pcb->recv ===
[CR-DISCOVERY-PROBE-R24] host_utc=2026-09-28T06:42:19.969+00:00 host_mono_ns=2336759159425933 
[CR-DISCOVERY-PROBE-R24] host_utc=2026-09-28T06:42:19.969+00:00 host_mono_ns=2336759159433848 === DEBUG [lwip-posix]: udp_sendto called! Bypassing to POSIX sendto ===
[CR-DISCOVERY-PROBE-R24] host_utc=2026-09-28T06:42:19.969+00:00 host_mono_ns=2336759160094055 
[CR-DISCOVERY-PROBE-R24] host_utc=2026-09-28T06:42:19.969+00:00 host_mono_ns=2336759160106548 === DEBUG [lwip-posix]: recvfrom received packet of len 52! Bypassing to pcb->recv ===
[CR-DISCOVERY-PROBE-R24] host_utc=2026-09-28T06:42:19.969+00:00 host_mono_ns=2336759160115124 
[CR-DISCOVERY-PROBE-R24] host_utc=2026-09-28T06:42:19.969+00:00 host_mono_ns=2336759160122999 === DEBUG [lwip-posix]: udp_sendto called! Bypassing to POSIX sendto ===
[CR-DISCOVERY-PROBE-R24] host_utc=2026-09-28T06:42:19.971+00:00 host_mono_ns=2336759161343775 
[CR-DISCOVERY-PROBE-R24] host_utc=2026-09-28T06:42:19.971+00:00 host_mono_ns=2336759161356419 === DEBUG [lwip-posix]: recvfrom received packet of len 52! Bypassing to pcb->recv ===
[CR-DISCOVERY-PROBE-R24] host_utc=2026-09-28T06:42:19.971+00:00 host_mono_ns=2336759161364905 
[CR-DISCOVERY-PROBE-R24] host_utc=2026-09-28T06:42:19.971+00:00 host_mono_ns=2336759161372820 === DEBUG [lwip-posix]: udp_sendto called! Bypassing to POSIX sendto ===
[CR-DISCOVERY-PROBE-R24] host_utc=2026-09-28T06:42:19.971+00:00 host_mono_ns=2336759162033307 
[CR-DISCOVERY-PROBE-R24] host_utc=2026-09-28T06:42:19.971+00:00 host_mono_ns=2336759162047344 === DEBUG [lwip-posix]: recvfrom received packet of len 52! Bypassing to pcb->recv ===
[CR-DISCOVERY-PROBE-R24] host_utc=2026-09-28T06:42:19.971+00:00 host_mono_ns=2336759162055900 
[CR-DISCOVERY-PROBE-R24] host_utc=2026-09-28T06:42:19.971+00:00 host_mono_ns=2336759162063905 === DEBUG [lwip-posix]: udp_sendto called! Bypassing to POSIX sendto ===
[CR-DISCOVERY-PROBE-R24] host_utc=2026-09-28T06:42:19.973+00:00 host_mono_ns=2336759163330627 
[CR-DISCOVERY-PROBE-R24] host_utc=2026-09-28T06:42:19.973+00:00 host_mono_ns=2336759163344303 === DEBUG [lwip-posix]: recvfrom received packet of len 52! Bypassing to pcb->recv ===
[CR-DISCOVERY-PROBE-R24] host_utc=2026-09-28T06:42:19.973+00:00 host_mono_ns=2336759163352839 
[CR-DISCOVERY-PROBE-R24] host_utc=2026-09-28T06:42:19.973+00:00 host_mono_ns=2336759163360804 === DEBUG [lwip-posix]: udp_sendto called! Bypassing to POSIX sendto ===
[CR-DISCOVERY-PROBE-R24] host_utc=2026-09-28T06:42:19.973+00:00 host_mono_ns=2336759164012135 
[CR-DISCOVERY-PROBE-R24] host_utc=2026-09-28T06:42:19.973+00:00 host_mono_ns=2336759164024278 === DEBUG [lwip-posix]: recvfrom received packet of len 52! Bypassing to pcb->recv ===
[CR-DISCOVERY-PROBE-R24] host_utc=2026-09-28T06:42:19.973+00:00 host_mono_ns=2336759164032593 
[CR-DISCOVERY-PROBE-R24] host_utc=2026-09-28T06:42:19.973+00:00 host_mono_ns=2336759164051840 === DEBUG [lwip-posix]: udp_sendto called! Bypassing to POSIX sendto ===
[CR-DISCOVERY-PROBE-R24] host_utc=2026-09-28T06:42:19.975+00:00 host_mono_ns=2336759165334061 
[CR-DISCOVERY-PROBE-R24] host_utc=2026-09-28T06:42:19.975+00:00 host_mono_ns=2336759165345753 === DEBUG [lwip-posix]: recvfrom received packet of len 52! Bypassing to pcb->recv ===
[CR-DISCOVERY-PROBE-R24] host_utc=2026-09-28T06:42:19.975+00:00 host_mono_ns=2336759165354089 
[CR-DISCOVERY-PROBE-R24] host_utc=2026-09-28T06:42:19.975+00:00 host_mono_ns=2336759165361914 === DEBUG [lwip-posix]: udp_sendto called! Bypassing to POSIX sendto ===
[CR-DISCOVERY-PROBE-R24] host_utc=2026-09-28T06:42:19.975+00:00 host_mono_ns=2336759165991413 
[CR-DISCOVERY-PROBE-R24] host_utc=2026-09-28T06:42:19.975+00:00 host_mono_ns=2336759165999989 === DEBUG [lwip-posix]: recvfrom received packet of len 52! Bypassing to pcb->recv ===
[CR-DISCOVERY-PROBE-R24] host_utc=2026-09-28T06:42:19.975+00:00 host_mono_ns=2336759166022201 
[CR-DISCOVERY-PROBE-R24] host_utc=2026-09-28T06:42:19.975+00:00 host_mono_ns=2336759166030116 === DEBUG [lwip-posix]: udp_sendto called! Bypassing to POSIX sendto ===
[CR-DISCOVERY-PROBE-R24] host_utc=2026-09-28T06:42:19.977+00:00 host_mono_ns=2336759167307839 
[CR-DISCOVERY-PROBE-R24] host_utc=2026-09-28T06:42:19.977+00:00 host_mono_ns=2336759167319471 === DEBUG [lwip-posix]: recvfrom received packet of len 52! Bypassing to pcb->recv ===
[CR-DISCOVERY-PROBE-R24] host_utc=2026-09-28T06:42:19.977+00:00 host_mono_ns=2336759167327717 
[CR-DISCOVERY-PROBE-R24] host_utc=2026-09-28T06:42:19.977+00:00 host_mono_ns=2336759167335652 === DEBUG [lwip-posix]: udp_sendto called! Bypassing to POSIX sendto ===
[CR-DISCOVERY-PROBE-R24] host_utc=2026-09-28T06:42:19.977+00:00 host_mono_ns=2336759167956725 
[CR-DISCOVERY-PROBE-R24] host_utc=2026-09-28T06:42:19.977+00:00 host_mono_ns=2336759167965130 === DEBUG [lwip-posix]: recvfrom received packet of len 52! Bypassing to pcb->recv ===
[CR-DISCOVERY-PROBE-R24] host_utc=2026-09-28T06:42:19.977+00:00 host_mono_ns=2336759167973386 
[CR-DISCOVERY-PROBE-R24] host_utc=2026-09-28T06:42:19.977+00:00 host_mono_ns=2336759167981281 === DEBUG [lwip-posix]: udp_sendto called! Bypassing to POSIX sendto ===
[CR-DISCOVERY-PROBE-R24] host_utc=2026-09-28T06:42:19.979+00:00 host_mono_ns=2336759169223247 
[CR-DISCOVERY-PROBE-R24] host_utc=2026-09-28T06:42:19.979+00:00 host_mono_ns=2336759169234638 === DEBUG [lwip-posix]: recvfrom received packet of len 52! Bypassing to pcb->recv ===
[CR-DISCOVERY-PROBE-R24] host_utc=2026-09-28T06:42:19.979+00:00 host_mono_ns=2336759169242944 
[CR-DISCOVERY-PROBE-R24] host_utc=2026-09-28T06:42:19.979+00:00 host_mono_ns=2336759169250769 === DEBUG [lwip-posix]: udp_sendto called! Bypassing to POSIX sendto ===
[CR-DISCOVERY-PROBE-R24] host_utc=2026-09-28T06:42:19.979+00:00 host_mono_ns=2336759169889365 
[CR-DISCOVERY-PROBE-R24] host_utc=2026-09-28T06:42:19.979+00:00 host_mono_ns=2336759169897731 === DEBUG [lwip-posix]: recvfrom received packet of len 52! Bypassing to pcb->recv ===
[CR-DISCOVERY-PROBE-R24] host_utc=2026-09-28T06:42:19.979+00:00 host_mono_ns=2336759169905976 
[CR-DISCOVERY-PROBE-R24] host_utc=2026-09-28T06:42:19.979+00:00 host_mono_ns=2336759169913801 === DEBUG [lwip-posix]: udp_sendto called! Bypassing to POSIX sendto ===
[CR-DISCOVERY-PROBE-R24] host_utc=2026-09-28T06:42:19.980+00:00 host_mono_ns=2336759171052261 
[CR-DISCOVERY-PROBE-R24] host_utc=2026-09-28T06:42:19.980+00:00 host_mono_ns=2336759171069093 === DEBUG [lwip-posix]: recvfrom received packet of len 52! Bypassing to pcb->recv ===
[CR-DISCOVERY-PROBE-R24] host_utc=2026-09-28T06:42:19.980+00:00 host_mono_ns=2336759171078150 
[CR-DISCOVERY-PROBE-R24] host_utc=2026-09-28T06:42:19.980+00:00 host_mono_ns=2336759171086366 === DEBUG [lwip-posix]: udp_sendto called! Bypassing to POSIX sendto ===
[CR-DISCOVERY-PROBE-R24] host_utc=2026-09-28T06:42:19.981+00:00 host_mono_ns=2336759172041460 
[CR-DISCOVERY-PROBE-R24] host_utc=2026-09-28T06:42:19.981+00:00 host_mono_ns=2336759172063752 === DEBUG [lwip-posix]: recvfrom received packet of len 52! Bypassing to pcb->recv ===
[CR-DISCOVERY-PROBE-R24] host_utc=2026-09-28T06:42:19.981+00:00 host_mono_ns=2336759172072318 
[CR-DISCOVERY-PROBE-R24] host_utc=2026-09-28T06:42:19.981+00:00 host_mono_ns=2336759172080283 === DEBUG [lwip-posix]: udp_sendto called! Bypassing to POSIX sendto ===
[CR-DISCOVERY-PROBE-R24] host_utc=2026-09-28T06:42:19.983+00:00 host_mono_ns=2336759173874291 
[CR-DISCOVERY-PROBE-R24] host_utc=2026-09-28T06:42:19.983+00:00 host_mono_ns=2336759173886103 === DEBUG [lwip-posix]: recvfrom received packet of len 52! Bypassing to pcb->recv ===
[CR-DISCOVERY-PROBE-R24] host_utc=2026-09-28T06:42:19.983+00:00 host_mono_ns=2336759173894399 
[CR-DISCOVERY-PROBE-R24] host_utc=2026-09-28T06:42:19.983+00:00 host_mono_ns=2336759173902274 === DEBUG [lwip-posix]: udp_sendto called! Bypassing to POSIX sendto ===
[CR-DISCOVERY-PROBE-R24] host_utc=2026-09-28T06:42:19.984+00:00 host_mono_ns=2336759174638164 
[CR-DISCOVERY-PROBE-R24] host_utc=2026-09-28T06:42:19.984+00:00 host_mono_ns=2336759174649485 === DEBUG [lwip-posix]: recvfrom received packet of len 52! Bypassing to pcb->recv ===
[CR-DISCOVERY-PROBE-R24] host_utc=2026-09-28T06:42:19.984+00:00 host_mono_ns=2336759174657761 
[CR-DISCOVERY-PROBE-R24] host_utc=2026-09-28T06:42:19.984+00:00 host_mono_ns=2336759174665576 === DEBUG [lwip-posix]: udp_sendto called! Bypassing to POSIX sendto ===
[CR-DISCOVERY-PROBE-R24] host_utc=2026-09-28T06:42:19.985+00:00 host_mono_ns=2336759175960872 
[CR-DISCOVERY-PROBE-R24] host_utc=2026-09-28T06:42:19.985+00:00 host_mono_ns=2336759175972243 === DEBUG [lwip-posix]: recvfrom received packet of len 52! Bypassing to pcb->recv ===
[CR-DISCOVERY-PROBE-R24] host_utc=2026-09-28T06:42:19.985+00:00 host_mono_ns=2336759176011147 
[CR-DISCOVERY-PROBE-R24] host_utc=2026-09-28T06:42:19.985+00:00 host_mono_ns=2336759176023771 === DEBUG [lwip-posix]: udp_sendto called! Bypassing to POSIX sendto ===
[CR-DISCOVERY-PROBE-R24] host_utc=2026-09-28T06:42:19.986+00:00 host_mono_ns=2336759176818772 
[CR-DISCOVERY-PROBE-R24] host_utc=2026-09-28T06:42:19.986+00:00 host_mono_ns=2336759176827108 === DEBUG [lwip-posix]: recvfrom received packet of len 52! Bypassing to pcb->recv ===
[CR-DISCOVERY-PROBE-R24] host_utc=2026-09-28T06:42:19.986+00:00 host_mono_ns=2336759176835263 
[CR-DISCOVERY-PROBE-R24] host_utc=2026-09-28T06:42:19.986+00:00 host_mono_ns=2336759176843188 === DEBUG [lwip-posix]: udp_sendto called! Bypassing to POSIX sendto ===
[CR-DISCOVERY-PROBE-R24] host_utc=2026-09-28T06:42:19.988+00:00 host_mono_ns=2336759178429615 
[CR-DISCOVERY-PROBE-R24] host_utc=2026-09-28T06:42:19.988+00:00 host_mono_ns=2336759178441507 === DEBUG [lwip-posix]: recvfrom received packet of len 52! Bypassing to pcb->recv ===
[CR-DISCOVERY-PROBE-R24] host_utc=2026-09-28T06:42:19.988+00:00 host_mono_ns=2336759178449923 
[CR-DISCOVERY-PROBE-R24] host_utc=2026-09-28T06:42:19.988+00:00 host_mono_ns=2336759178457758 === DEBUG [lwip-posix]: udp_sendto called! Bypassing to POSIX sendto ===
[CR-DISCOVERY-PROBE-R24] host_utc=2026-09-28T06:42:19.988+00:00 host_mono_ns=2336759179014870 
[CR-DISCOVERY-PROBE-R24] host_utc=2026-09-28T06:42:19.988+00:00 host_mono_ns=2336759179026372 === DEBUG [lwip-posix]: recvfrom received packet of len 52! Bypassing to pcb->recv ===
[CR-DISCOVERY-PROBE-R24] host_utc=2026-09-28T06:42:19.988+00:00 host_mono_ns=2336759179034687 
[CR-DISCOVERY-PROBE-R24] host_utc=2026-09-28T06:42:19.988+00:00 host_mono_ns=2336759179042532 === DEBUG [lwip-posix]: udp_sendto called! Bypassing to POSIX sendto ===
[CR-DISCOVERY-PROBE-R24] host_utc=2026-09-28T06:42:19.990+00:00 host_mono_ns=2336759180277765 
[CR-DISCOVERY-PROBE-R24] host_utc=2026-09-28T06:42:19.990+00:00 host_mono_ns=2336759180289036 === DEBUG [lwip-posix]: recvfrom received packet of len 52! Bypassing to pcb->recv ===
[CR-DISCOVERY-PROBE-R24] host_utc=2026-09-28T06:42:19.990+00:00 host_mono_ns=2336759180297352 
[CR-DISCOVERY-PROBE-R24] host_utc=2026-09-28T06:42:19.990+00:00 host_mono_ns=2336759180305197 === DEBUG [lwip-posix]: udp_sendto called! Bypassing to POSIX sendto ===
[CR-DISCOVERY-PROBE-R24] host_utc=2026-09-28T06:42:19.990+00:00 host_mono_ns=2336759180976445 
[CR-DISCOVERY-PROBE-R24] host_utc=2026-09-28T06:42:19.990+00:00 host_mono_ns=2336759180985041 === DEBUG [lwip-posix]: recvfrom received packet of len 52! Bypassing to pcb->recv ===
[CR-DISCOVERY-PROBE-R24] host_utc=2026-09-28T06:42:19.990+00:00 host_mono_ns=2336759180993306 
[CR-DISCOVERY-PROBE-R24] host_utc=2026-09-28T06:42:19.990+00:00 host_mono_ns=2336759181010178 === DEBUG [lwip-posix]: udp_sendto called! Bypassing to POSIX sendto ===
[CR-DISCOVERY-PROBE-R24] host_utc=2026-09-28T06:42:19.991+00:00 host_mono_ns=2336759181981072 
[CR-DISCOVERY-PROBE-R24] host_utc=2026-09-28T06:42:19.991+00:00 host_mono_ns=2336759181989638 === DEBUG [lwip-posix]: recvfrom received packet of len 52! Bypassing to pcb->recv ===
[CR-DISCOVERY-PROBE-R24] host_utc=2026-09-28T06:42:19.991+00:00 host_mono_ns=2336759181997824 
[CR-DISCOVERY-PROBE-R24] host_utc=2026-09-28T06:42:19.991+00:00 host_mono_ns=2336759182014946 === DEBUG [lwip-posix]: udp_sendto called! Bypassing to POSIX sendto ===
[CR-DISCOVERY-PROBE-R24] host_utc=2026-09-28T06:42:19.992+00:00 host_mono_ns=2336759182929484 
[CR-DISCOVERY-PROBE-R24] host_utc=2026-09-28T06:42:19.992+00:00 host_mono_ns=2336759182938040 === DEBUG [lwip-posix]: recvfrom received packet of len 52! Bypassing to pcb->recv ===
[CR-DISCOVERY-PROBE-R24] host_utc=2026-09-28T06:42:19.992+00:00 host_mono_ns=2336759182946225 
[CR-DISCOVERY-PROBE-R24] host_utc=2026-09-28T06:42:19.992+00:00 host_mono_ns=2336759182954040 === DEBUG [lwip-posix]: udp_sendto called! Bypassing to POSIX sendto ===
[CR-DISCOVERY-PROBE-R24] host_utc=2026-09-28T06:42:19.993+00:00 host_mono_ns=2336759184073274 
[CR-DISCOVERY-PROBE-R24] host_utc=2026-09-28T06:42:19.993+00:00 host_mono_ns=2336759184084855 === DEBUG [lwip-posix]: recvfrom received packet of len 52! Bypassing to pcb->recv ===
[CR-DISCOVERY-PROBE-R24] host_utc=2026-09-28T06:42:19.993+00:00 host_mono_ns=2336759184093201 
[CR-DISCOVERY-PROBE-R24] host_utc=2026-09-28T06:42:19.993+00:00 host_mono_ns=2336759184101076 === DEBUG [lwip-posix]: udp_sendto called! Bypassing to POSIX sendto ===
[CR-DISCOVERY-PROBE-R24] host_utc=2026-09-28T06:42:19.995+00:00 host_mono_ns=2336759185502523 
[CR-DISCOVERY-PROBE-R24] host_utc=2026-09-28T06:42:19.995+00:00 host_mono_ns=2336759185518864 === DEBUG [lwip-posix]: recvfrom received packet of len 52! Bypassing to pcb->recv ===
[CR-DISCOVERY-PROBE-R24] host_utc=2026-09-28T06:42:19.995+00:00 host_mono_ns=2336759185527631 
[CR-DISCOVERY-PROBE-R24] host_utc=2026-09-28T06:42:19.995+00:00 host_mono_ns=2336759185535616 === DEBUG [lwip-posix]: udp_sendto called! Bypassing to POSIX sendto ===
[CR-DISCOVERY-PROBE-R24] host_utc=2026-09-28T06:42:19.996+00:00 host_mono_ns=2336759186388807 
[CR-DISCOVERY-PROBE-R24] host_utc=2026-09-28T06:42:19.996+00:00 host_mono_ns=2336759186404897 === DEBUG [lwip-posix]: recvfrom received packet of len 52! Bypassing to pcb->recv ===
[CR-DISCOVERY-PROBE-R24] host_utc=2026-09-28T06:42:19.996+00:00 host_mono_ns=2336759186413594 
[CR-DISCOVERY-PROBE-R24] host_utc=2026-09-28T06:42:19.996+00:00 host_mono_ns=2336759186421769 === DEBUG [lwip-posix]: udp_sendto called! Bypassing to POSIX sendto ===
[CR-DISCOVERY-PROBE-R24] host_utc=2026-09-28T06:42:19.997+00:00 host_mono_ns=2336759187729169 
[CR-DISCOVERY-PROBE-R24] host_utc=2026-09-28T06:42:19.997+00:00 host_mono_ns=2336759187741011 === DEBUG [lwip-posix]: recvfrom received packet of len 52! Bypassing to pcb->recv ===
[CR-DISCOVERY-PROBE-R24] host_utc=2026-09-28T06:42:19.997+00:00 host_mono_ns=2336759187749467 
[CR-DISCOVERY-PROBE-R24] host_utc=2026-09-28T06:42:19.997+00:00 host_mono_ns=2336759187757372 === DEBUG [lwip-posix]: udp_sendto called! Bypassing to POSIX sendto ===
[CR-DISCOVERY-PROBE-R24] host_utc=2026-09-28T06:42:19.998+00:00 host_mono_ns=2336759188555760 
[CR-DISCOVERY-PROBE-R24] host_utc=2026-09-28T06:42:19.998+00:00 host_mono_ns=2336759188567171 === DEBUG [lwip-posix]: recvfrom received packet of len 52! Bypassing to pcb->recv ===
[CR-DISCOVERY-PROBE-R24] host_utc=2026-09-28T06:42:19.998+00:00 host_mono_ns=2336759188587600 
[CR-DISCOVERY-PROBE-R24] host_utc=2026-09-28T06:42:19.998+00:00 host_mono_ns=2336759188595725 === DEBUG [lwip-posix]: udp_sendto called! Bypassing to POSIX sendto ===
[CR-DISCOVERY-PROBE-R24] host_utc=2026-09-28T06:42:19.999+00:00 host_mono_ns=2336759189666337 
[CR-DISCOVERY-PROBE-R24] host_utc=2026-09-28T06:42:19.999+00:00 host_mono_ns=2336759189677979 === DEBUG [lwip-posix]: recvfrom received packet of len 52! Bypassing to pcb->recv ===
[CR-DISCOVERY-PROBE-R24] host_utc=2026-09-28T06:42:19.999+00:00 host_mono_ns=2336759189686295 
[CR-DISCOVERY-PROBE-R24] host_utc=2026-09-28T06:42:19.999+00:00 host_mono_ns=2336759189694200 === DEBUG [lwip-posix]: udp_sendto called! Bypassing to POSIX sendto ===
[CR-DISCOVERY-PROBE-R24] host_utc=2026-09-28T06:42:20.000+00:00 host_mono_ns=2336759190607815 
[CR-DISCOVERY-PROBE-R24] host_utc=2026-09-28T06:42:20.000+00:00 host_mono_ns=2336759190619337 === DEBUG [lwip-posix]: recvfrom received packet of len 52! Bypassing to pcb->recv ===
[CR-DISCOVERY-PROBE-R24] host_utc=2026-09-28T06:42:20.000+00:00 host_mono_ns=2336759190627733 
[CR-DISCOVERY-PROBE-R24] host_utc=2026-09-28T06:42:20.000+00:00 host_mono_ns=2336759190635668 === DEBUG [lwip-posix]: udp_sendto called! Bypassing to POSIX sendto ===
[CR-DISCOVERY-PROBE-R24] host_utc=2026-09-28T06:42:20.556+00:00 host_mono_ns=2336759746800645 
[CR-DISCOVERY-PROBE-R24] host_utc=2026-09-28T06:42:20.556+00:00 host_mono_ns=2336759746839198 === DEBUG [lwip-posix]: recvfrom received packet of len 204! Bypassing to pcb->recv ===
[CR-DISCOVERY-PROBE-R24] host_utc=2026-09-28T06:42:20.900+00:00 host_mono_ns=2336760090504803 
[CR-DISCOVERY-PROBE-R24] host_utc=2026-09-28T06:42:20.900+00:00 host_mono_ns=2336760090542294 === DEBUG [lwip-posix]: udp_sendto called! Bypassing to POSIX sendto ===
[CR-DISCOVERY-PROBE-R24] host_utc=2026-09-28T06:42:20.900+00:00 host_mono_ns=2336760090555328 
[CR-DISCOVERY-PROBE-R24] host_utc=2026-09-28T06:42:20.900+00:00 host_mono_ns=2336760090565578 === DEBUG [lwip-posix]: recvfrom received packet of len 204! Bypassing to pcb->recv ===
[CR-DISCOVERY-PROBE-R24] host_utc=2026-09-28T06:42:21.556+00:00 host_mono_ns=2336760746798021 
[CR-DISCOVERY-PROBE-R24] host_utc=2026-09-28T06:42:21.556+00:00 host_mono_ns=2336760746848536 === DEBUG [lwip-posix]: recvfrom received packet of len 204! Bypassing to pcb->recv ===
[CR-DISCOVERY-PROBE-R24] host_utc=2026-09-28T06:42:21.900+00:00 host_mono_ns=2336761090592621 
[CR-DISCOVERY-PROBE-R24] host_utc=2026-09-28T06:42:21.900+00:00 host_mono_ns=2336761090636494 === DEBUG [lwip-posix]: udp_sendto called! Bypassing to POSIX sendto ===
[CR-DISCOVERY-PROBE-R24] host_utc=2026-09-28T06:42:21.900+00:00 host_mono_ns=2336761090658425 
[CR-DISCOVERY-PROBE-R24] host_utc=2026-09-28T06:42:21.900+00:00 host_mono_ns=2336761090667633 === DEBUG [lwip-posix]: recvfrom received packet of len 204! Bypassing to pcb->recv ===
[CR-DISCOVERY-PROBE-R24] host_utc=2026-09-28T06:42:22.557+00:00 host_mono_ns=2336761747330692 
[CR-DISCOVERY-PROBE-R24] host_utc=2026-09-28T06:42:22.557+00:00 host_mono_ns=2336761747378894 === DEBUG [lwip-posix]: recvfrom received packet of len 204! Bypassing to pcb->recv ===
[CR-DISCOVERY-PROBE-R24] host_utc=2026-09-28T06:42:22.799+00:00 host_mono_ns=2336761989485836 
[CR-DISCOVERY-PROBE-R24] host_utc=2026-09-28T06:42:22.799+00:00 host_mono_ns=2336761989532505 === DEBUG [lwip-posix]: udp_sendto called! Bypassing to POSIX sendto ===
[CR-DISCOVERY-PROBE-R24] host_utc=2026-09-28T06:42:22.799+00:00 host_mono_ns=2336761989548555 
[CR-DISCOVERY-PROBE-R24] host_utc=2026-09-28T06:42:22.799+00:00 host_mono_ns=2336761989561349 === DEBUG [lwip-posix]: udp_sendto called! Bypassing to POSIX sendto ===
[CR-DISCOVERY-PROBE-R24] host_utc=2026-09-28T06:42:22.800+00:00 host_mono_ns=2336761990603688 
[CR-DISCOVERY-PROBE-R24] host_utc=2026-09-28T06:42:22.800+00:00 host_mono_ns=2336761990654714 === DEBUG [lwip-posix]: recvfrom received packet of len 52! Bypassing to pcb->recv ===
[CR-DISCOVERY-PROBE-R24] host_utc=2026-09-28T06:42:22.800+00:00 host_mono_ns=2336761990687105 
[CR-DISCOVERY-PROBE-R24] host_utc=2026-09-28T06:42:22.800+00:00 host_mono_ns=2336761990696002 === DEBUG [lwip-posix]: udp_sendto called! Bypassing to POSIX sendto ===
[CR-DISCOVERY-PROBE-R24] host_utc=2026-09-28T06:42:22.801+00:00 host_mono_ns=2336761991729595 
[CR-DISCOVERY-PROBE-R24] host_utc=2026-09-28T06:42:22.801+00:00 host_mono_ns=2336761991763058 === DEBUG [lwip-posix]: recvfrom received packet of len 52! Bypassing to pcb->recv ===
[CR-DISCOVERY-PROBE-R24] host_utc=2026-09-28T06:42:22.801+00:00 host_mono_ns=2336761991902712 
[CR-DISCOVERY-PROBE-R24] host_utc=2026-09-28T06:42:22.801+00:00 host_mono_ns=2336761991934882 === DEBUG [lwip-posix]: udp_sendto called! Bypassing to POSIX sendto ===
[CR-DISCOVERY-PROBE-R24] host_utc=2026-09-28T06:42:22.900+00:00 host_mono_ns=2336762090764158 
[CR-DISCOVERY-PROBE-R24] host_utc=2026-09-28T06:42:22.900+00:00 host_mono_ns=2336762090795276 === DEBUG [lwip-posix]: udp_sendto called! Bypassing to POSIX sendto ===
[CR-DISCOVERY-PROBE-R24] host_utc=2026-09-28T06:42:22.900+00:00 host_mono_ns=2336762090808421 
[CR-DISCOVERY-PROBE-R24] host_utc=2026-09-28T06:42:22.900+00:00 host_mono_ns=2336762090820234 === DEBUG [lwip-posix]: recvfrom received packet of len 204! Bypassing to pcb->recv ===
[CR-DISCOVERY-PROBE-R24] host_utc=2026-09-28T06:42:23.557+00:00 host_mono_ns=2336762747253607 
[CR-DISCOVERY-PROBE-R24] host_utc=2026-09-28T06:42:23.557+00:00 host_mono_ns=2336762747281529 === DEBUG [lwip-posix]: recvfrom received packet of len 204! Bypassing to pcb->recv ===
[CR-DISCOVERY-PROBE-R24] host_utc=2026-09-28T06:42:23.647+00:00 host_mono_ns=2336762837194567 
[CR-DISCOVERY-PROBE-R24] host_utc=2026-09-28T06:42:23.647+00:00 host_mono_ns=2336762837228330 === DEBUG [lwip-posix]: recvfrom received packet of len 100! Bypassing to pcb->recv ===
[CR-DISCOVERY-PROBE-R24] host_utc=2026-09-28T06:42:23.647+00:00 host_mono_ns=2336762837250232 [CR-NATIVE-R04] epoch=1790577743.646875296 event=peer_receive topic=/to_linux id=4 payload='Hello from mros2-posix onto Linux: 4'
[CR-DISCOVERY-PROBE-R24] host_utc=2026-09-28T06:42:23.647+00:00 host_mono_ns=2336762837262234 [CR-NATIVE-R04] epoch=1790577743.646899872 event=peer_echo_publish_return topic=/to_stm id=4 payload='Hello from mros2-posix onto Linux: 4'
[CR-DISCOVERY-PROBE-R24] host_utc=2026-09-28T06:42:23.647+00:00 host_mono_ns=2336762837271522 
[CR-DISCOVERY-PROBE-R24] host_utc=2026-09-28T06:42:23.647+00:00 host_mono_ns=2336762837279737 === DEBUG [lwip-posix]: udp_sendto called! Bypassing to POSIX sendto ===
[CR-DISCOVERY-PROBE-R24] host_utc=2026-09-28T06:42:23.901+00:00 host_mono_ns=2336763091242462 
[CR-DISCOVERY-PROBE-R24] host_utc=2026-09-28T06:42:23.901+00:00 host_mono_ns=2336763091278640 === DEBUG [lwip-posix]: udp_sendto called! Bypassing to POSIX sendto ===
[CR-DISCOVERY-PROBE-R24] host_utc=2026-09-28T06:42:23.901+00:00 host_mono_ns=2336763091291825 
[CR-DISCOVERY-PROBE-R24] host_utc=2026-09-28T06:42:23.901+00:00 host_mono_ns=2336763091302756 === DEBUG [lwip-posix]: recvfrom received packet of len 204! Bypassing to pcb->recv ===
[CR-DISCOVERY-PROBE-R24] host_utc=2026-09-28T06:42:24.557+00:00 host_mono_ns=2336763747495527 
[CR-DISCOVERY-PROBE-R24] host_utc=2026-09-28T06:42:24.557+00:00 host_mono_ns=2336763748114236 === DEBUG [lwip-posix]: recvfrom received packet of len 204! Bypassing to pcb->recv ===
[CR-DISCOVERY-PROBE-R24] host_utc=2026-09-28T06:42:24.647+00:00 host_mono_ns=2336763837920361 
[CR-DISCOVERY-PROBE-R24] host_utc=2026-09-28T06:42:24.647+00:00 host_mono_ns=2336763837951790 === DEBUG [lwip-posix]: recvfrom received packet of len 100! Bypassing to pcb->recv ===
[CR-DISCOVERY-PROBE-R24] host_utc=2026-09-28T06:42:24.647+00:00 host_mono_ns=2336763837967019 [CR-NATIVE-R04] epoch=1790577744.647625847 event=peer_receive topic=/to_linux id=5 payload='Hello from mros2-posix onto Linux: 5'
[CR-DISCOVERY-PROBE-R24] host_utc=2026-09-28T06:42:24.647+00:00 host_mono_ns=2336763837978921 [CR-NATIVE-R04] epoch=1790577744.647645273 event=peer_echo_publish_return topic=/to_stm id=5 payload='Hello from mros2-posix onto Linux: 5'
[CR-DISCOVERY-PROBE-R24] host_utc=2026-09-28T06:42:24.647+00:00 host_mono_ns=2336763838025299 
[CR-DISCOVERY-PROBE-R24] host_utc=2026-09-28T06:42:24.647+00:00 host_mono_ns=2336763838038955 === DEBUG [lwip-posix]: udp_sendto called! Bypassing to POSIX sendto ===
[CR-DISCOVERY-PROBE-R24] host_utc=2026-09-28T06:42:24.900+00:00 host_mono_ns=2336764090688929 
[CR-DISCOVERY-PROBE-R24] host_utc=2026-09-28T06:42:24.900+00:00 host_mono_ns=2336764090714116 === DEBUG [lwip-posix]: udp_sendto called! Bypassing to POSIX sendto ===
[CR-DISCOVERY-PROBE-R24] host_utc=2026-09-28T06:42:24.900+00:00 host_mono_ns=2336764091037728 
[CR-DISCOVERY-PROBE-R24] host_utc=2026-09-28T06:42:24.900+00:00 host_mono_ns=2336764091068456 === DEBUG [lwip-posix]: recvfrom received packet of len 204! Bypassing to pcb->recv ===
[CR-DISCOVERY-PROBE-R24] host_utc=2026-09-28T06:42:25.557+00:00 host_mono_ns=2336764747935141 
[CR-DISCOVERY-PROBE-R24] host_utc=2026-09-28T06:42:25.557+00:00 host_mono_ns=2336764747968884 === DEBUG [lwip-posix]: recvfrom received packet of len 204! Bypassing to pcb->recv ===
[CR-DISCOVERY-PROBE-R24] host_utc=2026-09-28T06:42:25.648+00:00 host_mono_ns=2336764838740955 
[CR-DISCOVERY-PROBE-R24] host_utc=2026-09-28T06:42:25.648+00:00 host_mono_ns=2336764838766553 === DEBUG [lwip-posix]: recvfrom received packet of len 100! Bypassing to pcb->recv ===
[CR-DISCOVERY-PROBE-R24] host_utc=2026-09-28T06:42:25.648+00:00 host_mono_ns=2336764838882162 [CR-NATIVE-R04] epoch=1790577745.648431212 event=peer_receive topic=/to_linux id=6 payload='Hello from mros2-posix onto Linux: 6'
[CR-DISCOVERY-PROBE-R24] host_utc=2026-09-28T06:42:25.648+00:00 host_mono_ns=2336764838912970 [CR-NATIVE-R04] epoch=1790577745.648454295 event=peer_echo_publish_return topic=/to_stm id=6 payload='Hello from mros2-posix onto Linux: 6'
[CR-DISCOVERY-PROBE-R24] host_utc=2026-09-28T06:42:25.648+00:00 host_mono_ns=2336764838924031 
[CR-DISCOVERY-PROBE-R24] host_utc=2026-09-28T06:42:25.648+00:00 host_mono_ns=2336764838933358 === DEBUG [lwip-posix]: udp_sendto called! Bypassing to POSIX sendto ===
[CR-DISCOVERY-PROBE-R24] host_utc=2026-09-28T06:42:25.900+00:00 host_mono_ns=2336765090876277 
[CR-DISCOVERY-PROBE-R24] host_utc=2026-09-28T06:42:25.900+00:00 host_mono_ns=2336765090903789 === DEBUG [lwip-posix]: udp_sendto called! Bypassing to POSIX sendto ===
[CR-DISCOVERY-PROBE-R24] host_utc=2026-09-28T06:42:25.900+00:00 host_mono_ns=2336765090939867 
[CR-DISCOVERY-PROBE-R24] host_utc=2026-09-28T06:42:25.900+00:00 host_mono_ns=2336765090949295 === DEBUG [lwip-posix]: recvfrom received packet of len 204! Bypassing to pcb->recv ===
[CR-DISCOVERY-PROBE-R24] host_utc=2026-09-28T06:42:26.558+00:00 host_mono_ns=2336765748229039 
[CR-DISCOVERY-PROBE-R24] host_utc=2026-09-28T06:42:26.558+00:00 host_mono_ns=2336765748258515 === DEBUG [lwip-posix]: recvfrom received packet of len 204! Bypassing to pcb->recv ===
[CR-DISCOVERY-PROBE-R24] host_utc=2026-09-28T06:42:26.649+00:00 host_mono_ns=2336765839446589 
[CR-DISCOVERY-PROBE-R24] host_utc=2026-09-28T06:42:26.649+00:00 host_mono_ns=2336765839471927 === DEBUG [lwip-posix]: recvfrom received packet of len 100! Bypassing to pcb->recv ===
[CR-DISCOVERY-PROBE-R24] host_utc=2026-09-28T06:42:26.649+00:00 host_mono_ns=2336765839483138 [CR-NATIVE-R04] epoch=1790577746.649160120 event=peer_receive topic=/to_linux id=7 payload='Hello from mros2-posix onto Linux: 7'
[CR-DISCOVERY-PROBE-R24] host_utc=2026-09-28T06:42:26.649+00:00 host_mono_ns=2336765839493107 [CR-NATIVE-R04] epoch=1790577746.649181280 event=peer_echo_publish_return topic=/to_stm id=7 payload='Hello from mros2-posix onto Linux: 7'
[CR-DISCOVERY-PROBE-R24] host_utc=2026-09-28T06:42:26.649+00:00 host_mono_ns=2336765839501994 
[CR-DISCOVERY-PROBE-R24] host_utc=2026-09-28T06:42:26.649+00:00 host_mono_ns=2336765839510169 === DEBUG [lwip-posix]: udp_sendto called! Bypassing to POSIX sendto ===
[CR-DISCOVERY-PROBE-R24] host_utc=2026-09-28T06:42:26.799+00:00 host_mono_ns=2336765989613609 
[CR-DISCOVERY-PROBE-R24] host_utc=2026-09-28T06:42:26.799+00:00 host_mono_ns=2336765989656591 === DEBUG [lwip-posix]: udp_sendto called! Bypassing to POSIX sendto ===
[CR-DISCOVERY-PROBE-R24] host_utc=2026-09-28T06:42:26.799+00:00 host_mono_ns=2336765989699452 
[CR-DISCOVERY-PROBE-R24] host_utc=2026-09-28T06:42:26.799+00:00 host_mono_ns=2336765989708729 === DEBUG [lwip-posix]: udp_sendto called! Bypassing to POSIX sendto ===
[CR-DISCOVERY-PROBE-R24] host_utc=2026-09-28T06:42:26.800+00:00 host_mono_ns=2336765990609651 
[CR-DISCOVERY-PROBE-R24] host_utc=2026-09-28T06:42:26.800+00:00 host_mono_ns=2336765990637563 === DEBUG [lwip-posix]: recvfrom received packet of len 48! Bypassing to pcb->recv ===
[CR-DISCOVERY-PROBE-R24] host_utc=2026-09-28T06:42:26.801+00:00 host_mono_ns=2336765991981271 
[CR-DISCOVERY-PROBE-R24] host_utc=2026-09-28T06:42:26.801+00:00 host_mono_ns=2336765992021798 === DEBUG [lwip-posix]: recvfrom received packet of len 48! Bypassing to pcb->recv ===
[CR-DISCOVERY-PROBE-R24] host_utc=2026-09-28T06:42:26.900+00:00 host_mono_ns=2336766090959660 
[CR-DISCOVERY-PROBE-R24] host_utc=2026-09-28T06:42:26.900+00:00 host_mono_ns=2336766090985208 === DEBUG [lwip-posix]: udp_sendto called! Bypassing to POSIX sendto ===
[CR-DISCOVERY-PROBE-R24] host_utc=2026-09-28T06:42:26.900+00:00 host_mono_ns=2336766091025815 
[CR-DISCOVERY-PROBE-R24] host_utc=2026-09-28T06:42:26.900+00:00 host_mono_ns=2336766091038559 === DEBUG [lwip-posix]: recvfrom received packet of len 204! Bypassing to pcb->recv ===
[CR-DISCOVERY-PROBE-R24] host_utc=2026-09-28T06:42:27.558+00:00 host_mono_ns=2336766748550399 
[CR-DISCOVERY-PROBE-R24] host_utc=2026-09-28T06:42:27.558+00:00 host_mono_ns=2336766748592298 === DEBUG [lwip-posix]: recvfrom received packet of len 204! Bypassing to pcb->recv ===
[CR-DISCOVERY-PROBE-R24] host_utc=2026-09-28T06:42:27.650+00:00 host_mono_ns=2336766840564838 
[CR-DISCOVERY-PROBE-R24] host_utc=2026-09-28T06:42:27.650+00:00 host_mono_ns=2336766840611496 === DEBUG [lwip-posix]: recvfrom received packet of len 100! Bypassing to pcb->recv ===
[CR-DISCOVERY-PROBE-R24] host_utc=2026-09-28T06:42:27.650+00:00 host_mono_ns=2336766840623969 [CR-NATIVE-R04] epoch=1790577747.650186876 event=peer_receive topic=/to_linux id=8 payload='Hello from mros2-posix onto Linux: 8'
[CR-DISCOVERY-PROBE-R24] host_utc=2026-09-28T06:42:27.650+00:00 host_mono_ns=2336766840634469 [CR-NATIVE-R04] epoch=1790577747.650207094 event=peer_echo_publish_return topic=/to_stm id=8 payload='Hello from mros2-posix onto Linux: 8'
[CR-DISCOVERY-PROBE-R24] host_utc=2026-09-28T06:42:27.650+00:00 host_mono_ns=2336766840652593 
[CR-DISCOVERY-PROBE-R24] host_utc=2026-09-28T06:42:27.650+00:00 host_mono_ns=2336766840661310 === DEBUG [lwip-posix]: udp_sendto called! Bypassing to POSIX sendto ===
[CR-DISCOVERY-PROBE-R24] host_utc=2026-09-28T06:42:27.900+00:00 host_mono_ns=2336767090953403 
[CR-DISCOVERY-PROBE-R24] host_utc=2026-09-28T06:42:27.900+00:00 host_mono_ns=2336767090990453 === DEBUG [lwip-posix]: udp_sendto called! Bypassing to POSIX sendto ===
[CR-DISCOVERY-PROBE-R24] host_utc=2026-09-28T06:42:27.900+00:00 host_mono_ns=2336767091133042 
[CR-DISCOVERY-PROBE-R24] host_utc=2026-09-28T06:42:27.900+00:00 host_mono_ns=2336767091153240 === DEBUG [lwip-posix]: recvfrom received packet of len 204! Bypassing to pcb->recv ===
[CR-DISCOVERY-PROBE-R24] host_utc=2026-09-28T06:42:28.558+00:00 host_mono_ns=2336767748633892 
[CR-DISCOVERY-PROBE-R24] host_utc=2026-09-28T06:42:28.558+00:00 host_mono_ns=2336767748662166 === DEBUG [lwip-posix]: recvfrom received packet of len 204! Bypassing to pcb->recv ===
[CR-DISCOVERY-PROBE-R24] host_utc=2026-09-28T06:42:28.651+00:00 host_mono_ns=2336767841229096 
[CR-DISCOVERY-PROBE-R24] host_utc=2026-09-28T06:42:28.651+00:00 host_mono_ns=2336767841258993 === DEBUG [lwip-posix]: recvfrom received packet of len 100! Bypassing to pcb->recv ===
[CR-DISCOVERY-PROBE-R24] host_utc=2026-09-28T06:42:28.651+00:00 host_mono_ns=2336767841278650 [CR-NATIVE-R04] epoch=1790577748.650930735 event=peer_receive topic=/to_linux id=9 payload='Hello from mros2-posix onto Linux: 9'
[CR-DISCOVERY-PROBE-R24] host_utc=2026-09-28T06:42:28.651+00:00 host_mono_ns=2336767841288779 [CR-NATIVE-R04] epoch=1790577748.650957786 event=peer_echo_publish_return topic=/to_stm id=9 payload='Hello from mros2-posix onto Linux: 9'
[CR-DISCOVERY-PROBE-R24] host_utc=2026-09-28T06:42:28.651+00:00 host_mono_ns=2336767841310821 
[CR-DISCOVERY-PROBE-R24] host_utc=2026-09-28T06:42:28.651+00:00 host_mono_ns=2336767841319357 === DEBUG [lwip-posix]: udp_sendto called! Bypassing to POSIX sendto ===
[CR-DISCOVERY-PROBE-R24] host_utc=2026-09-28T06:42:28.900+00:00 host_mono_ns=2336768091083432 
[CR-DISCOVERY-PROBE-R24] host_utc=2026-09-28T06:42:28.900+00:00 host_mono_ns=2336768091124189 === DEBUG [lwip-posix]: udp_sendto called! Bypassing to POSIX sendto ===
[CR-DISCOVERY-PROBE-R24] host_utc=2026-09-28T06:42:28.901+00:00 host_mono_ns=2336768091238104 
[CR-DISCOVERY-PROBE-R24] host_utc=2026-09-28T06:42:28.901+00:00 host_mono_ns=2336768091270115 === DEBUG [lwip-posix]: recvfrom received packet of len 204! Bypassing to pcb->recv ===
[CR-DISCOVERY-PROBE-R24] host_utc=2026-09-28T06:42:29.558+00:00 host_mono_ns=2336768749068095 
[CR-DISCOVERY-PROBE-R24] host_utc=2026-09-28T06:42:29.558+00:00 host_mono_ns=2336768749109363 === DEBUG [lwip-posix]: recvfrom received packet of len 204! Bypassing to pcb->recv ===
[CR-DISCOVERY-PROBE-R24] host_utc=2026-09-28T06:42:29.651+00:00 host_mono_ns=2336768841825254 
[CR-DISCOVERY-PROBE-R24] host_utc=2026-09-28T06:42:29.651+00:00 host_mono_ns=2336768841852786 === DEBUG [lwip-posix]: recvfrom received packet of len 104! Bypassing to pcb->recv ===
[CR-DISCOVERY-PROBE-R24] host_utc=2026-09-28T06:42:29.651+00:00 host_mono_ns=2336768841866121 [CR-NATIVE-R04] epoch=1790577749.651547642 event=peer_receive topic=/to_linux id=10 payload='Hello from mros2-posix onto Linux: 10'
[CR-DISCOVERY-PROBE-R24] host_utc=2026-09-28T06:42:29.651+00:00 host_mono_ns=2336768842107667 [CR-NATIVE-R04] epoch=1790577749.651569142 event=peer_echo_publish_return topic=/to_stm id=10 payload='Hello from mros2-posix onto Linux: 10'
[CR-DISCOVERY-PROBE-R24] host_utc=2026-09-28T06:42:29.651+00:00 host_mono_ns=2336768842153835 
[CR-DISCOVERY-PROBE-R24] host_utc=2026-09-28T06:42:29.651+00:00 host_mono_ns=2336768842167130 === DEBUG [lwip-posix]: udp_sendto called! Bypassing to POSIX sendto ===
[CR-DISCOVERY-PROBE-R24] host_utc=2026-09-28T06:42:29.900+00:00 host_mono_ns=2336769091154358 
[CR-DISCOVERY-PROBE-R24] host_utc=2026-09-28T06:42:29.901+00:00 host_mono_ns=2336769091194814 === DEBUG [lwip-posix]: udp_sendto called! Bypassing to POSIX sendto ===
[CR-DISCOVERY-PROBE-R24] host_utc=2026-09-28T06:42:29.901+00:00 host_mono_ns=2336769091210213 
[CR-DISCOVERY-PROBE-R24] host_utc=2026-09-28T06:42:29.901+00:00 host_mono_ns=2336769091221835 === DEBUG [lwip-posix]: recvfrom received packet of len 204! Bypassing to pcb->recv ===
[CR-DISCOVERY-PROBE-R24] host_utc=2026-09-28T06:42:30.559+00:00 host_mono_ns=2336769749298751 
[CR-DISCOVERY-PROBE-R24] host_utc=2026-09-28T06:42:30.559+00:00 host_mono_ns=2336769749331323 === DEBUG [lwip-posix]: recvfrom received packet of len 204! Bypassing to pcb->recv ===
[CR-DISCOVERY-PROBE-R24] host_utc=2026-09-28T06:42:30.652+00:00 host_mono_ns=2336769842941703 
[CR-DISCOVERY-PROBE-R24] host_utc=2026-09-28T06:42:30.652+00:00 host_mono_ns=2336769842973653 === DEBUG [lwip-posix]: recvfrom received packet of len 104! Bypassing to pcb->recv ===
[CR-DISCOVERY-PROBE-R24] host_utc=2026-09-28T06:42:30.652+00:00 host_mono_ns=2336769842987189 [CR-NATIVE-R04] epoch=1790577750.652624346 event=peer_receive topic=/to_linux id=11 payload='Hello from mros2-posix onto Linux: 11'
[CR-DISCOVERY-PROBE-R24] host_utc=2026-09-28T06:42:30.652+00:00 host_mono_ns=2336769842999973 [CR-NATIVE-R04] epoch=1790577750.652644133 event=peer_echo_publish_return topic=/to_stm id=11 payload='Hello from mros2-posix onto Linux: 11'
[CR-DISCOVERY-PROBE-R24] host_utc=2026-09-28T06:42:30.652+00:00 host_mono_ns=2336769843045860 
[CR-DISCOVERY-PROBE-R24] host_utc=2026-09-28T06:42:30.652+00:00 host_mono_ns=2336769843060287 === DEBUG [lwip-posix]: udp_sendto called! Bypassing to POSIX sendto ===
[CR-DISCOVERY-PROBE-R24] host_utc=2026-09-28T06:42:30.799+00:00 host_mono_ns=2336769989664084 
[CR-DISCOVERY-PROBE-R24] host_utc=2026-09-28T06:42:30.799+00:00 host_mono_ns=2336769989705733 === DEBUG [lwip-posix]: udp_sendto called! Bypassing to POSIX sendto ===
[CR-DISCOVERY-PROBE-R24] host_utc=2026-09-28T06:42:30.799+00:00 host_mono_ns=2336769989851418 
[CR-DISCOVERY-PROBE-R24] host_utc=2026-09-28T06:42:30.799+00:00 host_mono_ns=2336769989876706 === DEBUG [lwip-posix]: udp_sendto called! Bypassing to POSIX sendto ===
[CR-DISCOVERY-PROBE-R24] host_utc=2026-09-28T06:42:30.800+00:00 host_mono_ns=2336769990904266 
[CR-DISCOVERY-PROBE-R24] host_utc=2026-09-28T06:42:30.800+00:00 host_mono_ns=2336769990935145 === DEBUG [lwip-posix]: recvfrom received packet of len 48! Bypassing to pcb->recv ===
[CR-DISCOVERY-PROBE-R24] host_utc=2026-09-28T06:42:30.802+00:00 host_mono_ns=2336769992493067 
[CR-DISCOVERY-PROBE-R24] host_utc=2026-09-28T06:42:30.802+00:00 host_mono_ns=2336769992520169 === DEBUG [lwip-posix]: recvfrom received packet of len 48! Bypassing to pcb->recv ===
[CR-DISCOVERY-PROBE-R24] host_utc=2026-09-28T06:42:30.901+00:00 host_mono_ns=2336770091221924 
[CR-DISCOVERY-PROBE-R24] host_utc=2026-09-28T06:42:30.901+00:00 host_mono_ns=2336770091251149 === DEBUG [lwip-posix]: udp_sendto called! Bypassing to POSIX sendto ===
[CR-DISCOVERY-PROBE-R24] host_utc=2026-09-28T06:42:30.901+00:00 host_mono_ns=2336770091273010 
[CR-DISCOVERY-PROBE-R24] host_utc=2026-09-28T06:42:30.901+00:00 host_mono_ns=2336770091285764 === DEBUG [lwip-posix]: recvfrom received packet of len 204! Bypassing to pcb->recv ===
[CR-DISCOVERY-PROBE-R24] host_utc=2026-09-28T06:42:31.559+00:00 host_mono_ns=2336770749453043 
[CR-DISCOVERY-PROBE-R24] host_utc=2026-09-28T06:42:31.559+00:00 host_mono_ns=2336770749487689 === DEBUG [lwip-posix]: recvfrom received packet of len 204! Bypassing to pcb->recv ===
[CR-DISCOVERY-PROBE-R24] host_utc=2026-09-28T06:42:31.653+00:00 host_mono_ns=2336770843675951 
[CR-DISCOVERY-PROBE-R24] host_utc=2026-09-28T06:42:31.653+00:00 host_mono_ns=2336770843704855 === DEBUG [lwip-posix]: recvfrom received packet of len 104! Bypassing to pcb->recv ===
[CR-DISCOVERY-PROBE-R24] host_utc=2026-09-28T06:42:31.653+00:00 host_mono_ns=2336770843716317 [CR-NATIVE-R04] epoch=1790577751.653315732 event=peer_receive topic=/to_linux id=12 payload='Hello from mros2-posix onto Linux: 12'
[CR-DISCOVERY-PROBE-R24] host_utc=2026-09-28T06:42:31.653+00:00 host_mono_ns=2336770843726005 [CR-NATIVE-R04] epoch=1790577751.653338044 event=peer_echo_publish_return topic=/to_stm id=12 payload='Hello from mros2-posix onto Linux: 12'
[CR-DISCOVERY-PROBE-R24] host_utc=2026-09-28T06:42:31.653+00:00 host_mono_ns=2336770843734972 
[CR-DISCOVERY-PROBE-R24] host_utc=2026-09-28T06:42:31.653+00:00 host_mono_ns=2336770843743488 === DEBUG [lwip-posix]: udp_sendto called! Bypassing to POSIX sendto ===
[CR-DISCOVERY-PROBE-R24] host_utc=2026-09-28T06:42:31.901+00:00 host_mono_ns=2336771091335020 
[CR-DISCOVERY-PROBE-R24] host_utc=2026-09-28T06:42:31.901+00:00 host_mono_ns=2336771091374214 === DEBUG [lwip-posix]: udp_sendto called! Bypassing to POSIX sendto ===
[CR-DISCOVERY-PROBE-R24] host_utc=2026-09-28T06:42:31.901+00:00 host_mono_ns=2336771091388160 
[CR-DISCOVERY-PROBE-R24] host_utc=2026-09-28T06:42:31.901+00:00 host_mono_ns=2336771091399221 === DEBUG [lwip-posix]: recvfrom received packet of len 204! Bypassing to pcb->recv ===
[CR-DISCOVERY-PROBE-R24] host_utc=2026-09-28T06:42:32.559+00:00 host_mono_ns=2336771750126025 
[CR-DISCOVERY-PROBE-R24] host_utc=2026-09-28T06:42:32.559+00:00 host_mono_ns=2336771750156854 === DEBUG [lwip-posix]: recvfrom received packet of len 204! Bypassing to pcb->recv ===
[CR-DISCOVERY-PROBE-R24] host_utc=2026-09-28T06:42:32.654+00:00 host_mono_ns=2336771844311733 
[CR-DISCOVERY-PROBE-R24] host_utc=2026-09-28T06:42:32.654+00:00 host_mono_ns=2336771844360404 === DEBUG [lwip-posix]: recvfrom received packet of len 104! Bypassing to pcb->recv ===
[CR-DISCOVERY-PROBE-R24] host_utc=2026-09-28T06:42:32.654+00:00 host_mono_ns=2336771844377497 [CR-NATIVE-R04] epoch=1790577752.653962014 event=peer_receive topic=/to_linux id=13 payload='Hello from mros2-posix onto Linux: 13'
[CR-DISCOVERY-PROBE-R24] host_utc=2026-09-28T06:42:32.654+00:00 host_mono_ns=2336771844403366 [CR-NATIVE-R04] epoch=1790577752.653983695 event=peer_echo_publish_return topic=/to_stm id=13 payload='Hello from mros2-posix onto Linux: 13'
[CR-DISCOVERY-PROBE-R24] host_utc=2026-09-28T06:42:32.654+00:00 host_mono_ns=2336771844421600 
[CR-DISCOVERY-PROBE-R24] host_utc=2026-09-28T06:42:32.654+00:00 host_mono_ns=2336771844430727 === DEBUG [lwip-posix]: udp_sendto called! Bypassing to POSIX sendto ===
[CR-DISCOVERY-PROBE-R24] host_utc=2026-09-28T06:42:32.901+00:00 host_mono_ns=2336772091379214 
[CR-DISCOVERY-PROBE-R24] host_utc=2026-09-28T06:42:32.901+00:00 host_mono_ns=2336772091408359 === DEBUG [lwip-posix]: udp_sendto called! Bypassing to POSIX sendto ===
[CR-DISCOVERY-PROBE-R24] host_utc=2026-09-28T06:42:32.901+00:00 host_mono_ns=2336772091419460 
[CR-DISCOVERY-PROBE-R24] host_utc=2026-09-28T06:42:32.901+00:00 host_mono_ns=2336772091428387 === DEBUG [lwip-posix]: recvfrom received packet of len 204! Bypassing to pcb->recv ===
[CR-DISCOVERY-PROBE-R24] host_utc=2026-09-28T06:42:33.531+00:00 host_mono_ns=2336772721224120 
[CR-DISCOVERY-PROBE-R24] host_utc=2026-09-28T06:42:33.531+00:00 host_mono_ns=2336772721281638 === DEBUG [lwip-posix]: recvfrom received packet of len 280! Bypassing to pcb->recv ===
[CR-DISCOVERY-PROBE-R24] host_utc=2026-09-28T06:42:33.531+00:00 host_mono_ns=2336772721298310 
[CR-DISCOVERY-PROBE-R24] host_utc=2026-09-28T06:42:33.531+00:00 host_mono_ns=2336772721311254 === DEBUG [lwip-posix]: recvfrom received packet of len 280! Bypassing to pcb->recv ===
[CR-DISCOVERY-PROBE-R24] host_utc=2026-09-28T06:42:33.531+00:00 host_mono_ns=2336772721346471 
[CR-DISCOVERY-PROBE-R24] host_utc=2026-09-28T06:42:33.531+00:00 host_mono_ns=2336772721360157 === DEBUG [lwip-posix]: udp_sendto called! Bypassing to POSIX sendto ===
[CR-DISCOVERY-PROBE-R24] host_utc=2026-09-28T06:42:33.531+00:00 host_mono_ns=2336772721373792 
[CR-DISCOVERY-PROBE-R24] host_utc=2026-09-28T06:42:33.531+00:00 host_mono_ns=2336772721386326 === DEBUG [lwip-posix]: recvfrom received packet of len 204! Bypassing to pcb->recv ===
[CR-DISCOVERY-PROBE-R24] host_utc=2026-09-28T06:42:33.531+00:00 host_mono_ns=2336772721409109 
[CR-DISCOVERY-PROBE-R24] host_utc=2026-09-28T06:42:33.531+00:00 host_mono_ns=2336772721423677 === DEBUG [lwip-posix]: recvfrom received packet of len 280! Bypassing to pcb->recv ===
[CR-DISCOVERY-PROBE-R24] host_utc=2026-09-28T06:42:33.531+00:00 host_mono_ns=2336772721437643 
[CR-DISCOVERY-PROBE-R24] host_utc=2026-09-28T06:42:33.531+00:00 host_mono_ns=2336772721451048 === DEBUG [lwip-posix]: recvfrom received packet of len 280! Bypassing to pcb->recv ===
[CR-DISCOVERY-PROBE-R24] host_utc=2026-09-28T06:42:33.531+00:00 host_mono_ns=2336772721464704 
[CR-DISCOVERY-PROBE-R24] host_utc=2026-09-28T06:42:33.531+00:00 host_mono_ns=2336772721477248 === DEBUG [lwip-posix]: recvfrom received packet of len 280! Bypassing to pcb->recv ===
[CR-DISCOVERY-PROBE-R24] host_utc=2026-09-28T06:42:33.531+00:00 host_mono_ns=2336772721689869 
[CR-DISCOVERY-PROBE-R24] host_utc=2026-09-28T06:42:33.531+00:00 host_mono_ns=2336772721721810 === DEBUG [lwip-posix]: recvfrom received packet of len 68! Bypassing to pcb->recv ===
[CR-DISCOVERY-PROBE-R24] host_utc=2026-09-28T06:42:33.531+00:00 host_mono_ns=2336772721731368 
[CR-DISCOVERY-PROBE-R24] host_utc=2026-09-28T06:42:33.531+00:00 host_mono_ns=2336772721738281 === DEBUG [lwip-posix]: recvfrom received packet of len 68! Bypassing to pcb->recv ===
[CR-DISCOVERY-PROBE-R24] host_utc=2026-09-28T06:42:33.531+00:00 host_mono_ns=2336772721745264 
[CR-DISCOVERY-PROBE-R24] host_utc=2026-09-28T06:42:33.531+00:00 host_mono_ns=2336772721751576 === DEBUG [lwip-posix]: udp_sendto called! Bypassing to POSIX sendto ===
[CR-DISCOVERY-PROBE-R24] host_utc=2026-09-28T06:42:33.531+00:00 host_mono_ns=2336772721765723 
[CR-DISCOVERY-PROBE-R24] host_utc=2026-09-28T06:42:33.531+00:00 host_mono_ns=2336772721772355 === DEBUG [lwip-posix]: udp_sendto called! Bypassing to POSIX sendto ===
[CR-DISCOVERY-PROBE-R24] host_utc=2026-09-28T06:42:33.532+00:00 host_mono_ns=2336772722334667 
[CR-DISCOVERY-PROBE-R24] host_utc=2026-09-28T06:42:33.532+00:00 host_mono_ns=2336772722365255 === DEBUG [lwip-posix]: recvfrom received packet of len 488! Bypassing to pcb->recv ===
[CR-DISCOVERY-PROBE-R24] host_utc=2026-09-28T06:42:33.532+00:00 host_mono_ns=2336772722483037 
[CR-DISCOVERY-PROBE-R24] host_utc=2026-09-28T06:42:33.532+00:00 host_mono_ns=2336772722504498 === DEBUG [lwip-posix]: recvfrom received packet of len 488! Bypassing to pcb->recv ===
[CR-DISCOVERY-PROBE-R24] host_utc=2026-09-28T06:42:33.533+00:00 host_mono_ns=2336772723216973 
[CR-DISCOVERY-PROBE-R24] host_utc=2026-09-28T06:42:33.533+00:00 host_mono_ns=2336772723243463 === DEBUG [lwip-posix]: recvfrom received packet of len 460! Bypassing to pcb->recv ===
[CR-DISCOVERY-PROBE-R24] host_utc=2026-09-28T06:42:33.535+00:00 host_mono_ns=2336772725547866 
[CR-DISCOVERY-PROBE-R24] host_utc=2026-09-28T06:42:33.535+00:00 host_mono_ns=2336772725565058 === DEBUG [lwip-posix]: recvfrom received packet of len 204! Bypassing to pcb->recv ===
[CR-DISCOVERY-PROBE-R24] host_utc=2026-09-28T06:42:33.535+00:00 host_mono_ns=2336772725572603 
[CR-DISCOVERY-PROBE-R24] host_utc=2026-09-28T06:42:33.535+00:00 host_mono_ns=2336772725578674 === DEBUG [lwip-posix]: recvfrom received packet of len 280! Bypassing to pcb->recv ===
[CR-DISCOVERY-PROBE-R24] host_utc=2026-09-28T06:42:33.535+00:00 host_mono_ns=2336772725607529 
[CR-DISCOVERY-PROBE-R24] host_utc=2026-09-28T06:42:33.535+00:00 host_mono_ns=2336772725614832 === DEBUG [lwip-posix]: recvfrom received packet of len 280! Bypassing to pcb->recv ===
[CR-DISCOVERY-PROBE-R24] host_utc=2026-09-28T06:42:33.535+00:00 host_mono_ns=2336772725621064 
[CR-DISCOVERY-PROBE-R24] host_utc=2026-09-28T06:42:33.535+00:00 host_mono_ns=2336772725626915 === DEBUG [lwip-posix]: recvfrom received packet of len 280! Bypassing to pcb->recv ===
[CR-DISCOVERY-PROBE-R24] host_utc=2026-09-28T06:42:33.542+00:00 host_mono_ns=2336772732315858 
[CR-DISCOVERY-PROBE-R24] host_utc=2026-09-28T06:42:33.542+00:00 host_mono_ns=2336772732344292 === DEBUG [lwip-posix]: recvfrom received packet of len 204! Bypassing to pcb->recv ===
[CR-DISCOVERY-PROBE-R24] host_utc=2026-09-28T06:42:33.551+00:00 host_mono_ns=2336772741367484 
[CR-DISCOVERY-PROBE-R24] host_utc=2026-09-28T06:42:33.551+00:00 host_mono_ns=2336772741389496 === DEBUG [lwip-posix]: recvfrom received packet of len 464! Bypassing to pcb->recv ===
[CR-DISCOVERY-PROBE-R24] host_utc=2026-09-28T06:42:33.559+00:00 host_mono_ns=2336772749916420 
[CR-DISCOVERY-PROBE-R24] host_utc=2026-09-28T06:42:33.559+00:00 host_mono_ns=2336772749948310 === DEBUG [lwip-posix]: recvfrom received packet of len 204! Bypassing to pcb->recv ===
[CR-DISCOVERY-PROBE-R24] host_utc=2026-09-28T06:42:33.601+00:00 host_mono_ns=2336772791658599 
[CR-DISCOVERY-PROBE-R24] host_utc=2026-09-28T06:42:33.601+00:00 host_mono_ns=2336772791685449 === DEBUG [lwip-posix]: recvfrom received packet of len 64! Bypassing to pcb->recv ===
[CR-DISCOVERY-PROBE-R24] host_utc=2026-09-28T06:42:33.601+00:00 host_mono_ns=2336772791853817 
[CR-DISCOVERY-PROBE-R24] host_utc=2026-09-28T06:42:33.601+00:00 host_mono_ns=2336772791895376 === DEBUG [lwip-posix]: udp_sendto called! Bypassing to POSIX sendto ===
[CR-DISCOVERY-PROBE-R24] host_utc=2026-09-28T06:42:33.601+00:00 host_mono_ns=2336772791907138 
[CR-DISCOVERY-PROBE-R24] host_utc=2026-09-28T06:42:33.601+00:00 host_mono_ns=2336772791915884 === DEBUG [lwip-posix]: recvfrom received packet of len 64! Bypassing to pcb->recv ===
[CR-DISCOVERY-PROBE-R24] host_utc=2026-09-28T06:42:33.601+00:00 host_mono_ns=2336772791925082 
[CR-DISCOVERY-PROBE-R24] host_utc=2026-09-28T06:42:33.601+00:00 host_mono_ns=2336772791933107 === DEBUG [lwip-posix]: udp_sendto called! Bypassing to POSIX sendto ===
[CR-DISCOVERY-PROBE-R24] host_utc=2026-09-28T06:42:33.630+00:00 host_mono_ns=2336772821087170 
[CR-DISCOVERY-PROBE-R24] host_utc=2026-09-28T06:42:33.630+00:00 host_mono_ns=2336772821118349 === DEBUG [lwip-posix]: recvfrom received packet of len 280! Bypassing to pcb->recv ===
[CR-DISCOVERY-PROBE-R24] host_utc=2026-09-28T06:42:33.631+00:00 host_mono_ns=2336772821292127 
[CR-DISCOVERY-PROBE-R24] host_utc=2026-09-28T06:42:33.631+00:00 host_mono_ns=2336772821307987 === DEBUG [lwip-posix]: recvfrom received packet of len 280! Bypassing to pcb->recv ===
[CR-DISCOVERY-PROBE-R24] host_utc=2026-09-28T06:42:33.631+00:00 host_mono_ns=2336772821320751 
[CR-DISCOVERY-PROBE-R24] host_utc=2026-09-28T06:42:33.631+00:00 host_mono_ns=2336772821331602 === DEBUG [lwip-posix]: recvfrom received packet of len 280! Bypassing to pcb->recv ===
[CR-DISCOVERY-PROBE-R24] host_utc=2026-09-28T06:42:33.654+00:00 host_mono_ns=2336772845037523 
[CR-DISCOVERY-PROBE-R24] host_utc=2026-09-28T06:42:33.654+00:00 host_mono_ns=2336772845064373 === DEBUG [lwip-posix]: recvfrom received packet of len 104! Bypassing to pcb->recv ===
[CR-DISCOVERY-PROBE-R24] host_utc=2026-09-28T06:42:33.654+00:00 host_mono_ns=2336772845076677 [CR-NATIVE-R04] epoch=1790577753.654721858 event=peer_receive topic=/to_linux id=14 payload='Hello from mros2-posix onto Linux: 14'
[CR-DISCOVERY-PROBE-R24] host_utc=2026-09-28T06:42:33.654+00:00 host_mono_ns=2336772845086766 [CR-NATIVE-R04] epoch=1790577753.654743299 event=peer_echo_publish_return topic=/to_stm id=14 payload='Hello from mros2-posix onto Linux: 14'
[CR-DISCOVERY-PROBE-R24] host_utc=2026-09-28T06:42:33.654+00:00 host_mono_ns=2336772845101844 
[CR-DISCOVERY-PROBE-R24] host_utc=2026-09-28T06:42:33.654+00:00 host_mono_ns=2336772845110671 === DEBUG [lwip-posix]: udp_sendto called! Bypassing to POSIX sendto ===
[CR-DISCOVERY-PROBE-R24] host_utc=2026-09-28T06:42:33.730+00:00 host_mono_ns=2336772921148514 
[CR-DISCOVERY-PROBE-R24] host_utc=2026-09-28T06:42:33.731+00:00 host_mono_ns=2336772921174543 === DEBUG [lwip-posix]: recvfrom received packet of len 280! Bypassing to pcb->recv ===
[CR-DISCOVERY-PROBE-R24] host_utc=2026-09-28T06:42:33.731+00:00 host_mono_ns=2336772921317292 
[CR-DISCOVERY-PROBE-R24] host_utc=2026-09-28T06:42:33.731+00:00 host_mono_ns=2336772921329355 === DEBUG [lwip-posix]: recvfrom received packet of len 280! Bypassing to pcb->recv ===
[CR-DISCOVERY-PROBE-R24] host_utc=2026-09-28T06:42:33.731+00:00 host_mono_ns=2336772921338372 
[CR-DISCOVERY-PROBE-R24] host_utc=2026-09-28T06:42:33.731+00:00 host_mono_ns=2336772921346548 === DEBUG [lwip-posix]: recvfrom received packet of len 280! Bypassing to pcb->recv ===
[CR-DISCOVERY-PROBE-R24] host_utc=2026-09-28T06:42:33.741+00:00 host_mono_ns=2336772931725440 
[CR-DISCOVERY-PROBE-R24] host_utc=2026-09-28T06:42:33.741+00:00 host_mono_ns=2336772931755737 === DEBUG [lwip-posix]: recvfrom received packet of len 64! Bypassing to pcb->recv ===
[CR-DISCOVERY-PROBE-R24] host_utc=2026-09-28T06:42:33.741+00:00 host_mono_ns=2336772931774462 
[CR-DISCOVERY-PROBE-R24] host_utc=2026-09-28T06:42:33.741+00:00 host_mono_ns=2336772931783710 === DEBUG [lwip-posix]: udp_sendto called! Bypassing to POSIX sendto ===
[CR-DISCOVERY-PROBE-R24] host_utc=2026-09-28T06:42:33.741+00:00 host_mono_ns=2336772931792246 
[CR-DISCOVERY-PROBE-R24] host_utc=2026-09-28T06:42:33.741+00:00 host_mono_ns=2336772931800211 === DEBUG [lwip-posix]: recvfrom received packet of len 64! Bypassing to pcb->recv ===
[CR-DISCOVERY-PROBE-R24] host_utc=2026-09-28T06:42:33.741+00:00 host_mono_ns=2336772931808697 
[CR-DISCOVERY-PROBE-R24] host_utc=2026-09-28T06:42:33.741+00:00 host_mono_ns=2336772931816582 === DEBUG [lwip-posix]: udp_sendto called! Bypassing to POSIX sendto ===
[CR-DISCOVERY-PROBE-R24] host_utc=2026-09-28T06:42:33.831+00:00 host_mono_ns=2336773021652895 
[CR-DISCOVERY-PROBE-R24] host_utc=2026-09-28T06:42:33.831+00:00 host_mono_ns=2336773021698250 === DEBUG [lwip-posix]: recvfrom received packet of len 280! Bypassing to pcb->recv ===
[CR-DISCOVERY-PROBE-R24] host_utc=2026-09-28T06:42:33.831+00:00 host_mono_ns=2336773021710183 
[CR-DISCOVERY-PROBE-R24] host_utc=2026-09-28T06:42:33.831+00:00 host_mono_ns=2336773021719060 === DEBUG [lwip-posix]: recvfrom received packet of len 280! Bypassing to pcb->recv ===
[CR-DISCOVERY-PROBE-R24] host_utc=2026-09-28T06:42:33.831+00:00 host_mono_ns=2336773021749457 
[CR-DISCOVERY-PROBE-R24] host_utc=2026-09-28T06:42:33.831+00:00 host_mono_ns=2336773021758013 === DEBUG [lwip-posix]: recvfrom received packet of len 280! Bypassing to pcb->recv ===
[CR-DISCOVERY-PROBE-R24] host_utc=2026-09-28T06:42:33.901+00:00 host_mono_ns=2336773091696835 
[CR-DISCOVERY-PROBE-R24] host_utc=2026-09-28T06:42:33.901+00:00 host_mono_ns=2336773091726711 === DEBUG [lwip-posix]: udp_sendto called! Bypassing to POSIX sendto ===
[CR-DISCOVERY-PROBE-R24] host_utc=2026-09-28T06:42:33.901+00:00 host_mono_ns=2336773091738173 
[CR-DISCOVERY-PROBE-R24] host_utc=2026-09-28T06:42:33.901+00:00 host_mono_ns=2336773091746839 === DEBUG [lwip-posix]: recvfrom received packet of len 204! Bypassing to pcb->recv ===
[CR-DISCOVERY-PROBE-R24] host_utc=2026-09-28T06:42:33.931+00:00 host_mono_ns=2336773121514641 
[CR-DISCOVERY-PROBE-R24] host_utc=2026-09-28T06:42:33.931+00:00 host_mono_ns=2336773121543836 === DEBUG [lwip-posix]: recvfrom received packet of len 280! Bypassing to pcb->recv ===
[CR-DISCOVERY-PROBE-R24] host_utc=2026-09-28T06:42:33.931+00:00 host_mono_ns=2336773121559245 
[CR-DISCOVERY-PROBE-R24] host_utc=2026-09-28T06:42:33.931+00:00 host_mono_ns=2336773121571819 === DEBUG [lwip-posix]: recvfrom received packet of len 280! Bypassing to pcb->recv ===
[CR-DISCOVERY-PROBE-R24] host_utc=2026-09-28T06:42:33.931+00:00 host_mono_ns=2336773121584523 
[CR-DISCOVERY-PROBE-R24] host_utc=2026-09-28T06:42:33.931+00:00 host_mono_ns=2336773121594081 === DEBUG [lwip-posix]: recvfrom received packet of len 280! Bypassing to pcb->recv ===
[CR-DISCOVERY-PROBE-R24] host_utc=2026-09-28T06:42:34.021+00:00 host_mono_ns=2336773212150925 
[CR-DISCOVERY-PROBE-R24] host_utc=2026-09-28T06:42:34.022+00:00 host_mono_ns=2336773212202612 === DEBUG [lwip-posix]: recvfrom received packet of len 64! Bypassing to pcb->recv ===
[CR-DISCOVERY-PROBE-R24] host_utc=2026-09-28T06:42:34.022+00:00 host_mono_ns=2336773212214495 
[CR-DISCOVERY-PROBE-R24] host_utc=2026-09-28T06:42:34.022+00:00 host_mono_ns=2336773212223251 === DEBUG [lwip-posix]: recvfrom received packet of len 64! Bypassing to pcb->recv ===
[CR-DISCOVERY-PROBE-R24] host_utc=2026-09-28T06:42:34.022+00:00 host_mono_ns=2336773212232068 
[CR-DISCOVERY-PROBE-R24] host_utc=2026-09-28T06:42:34.022+00:00 host_mono_ns=2336773212240183 === DEBUG [lwip-posix]: udp_sendto called! Bypassing to POSIX sendto ===
[CR-DISCOVERY-PROBE-R24] host_utc=2026-09-28T06:42:34.022+00:00 host_mono_ns=2336773212248750 
[CR-DISCOVERY-PROBE-R24] host_utc=2026-09-28T06:42:34.022+00:00 host_mono_ns=2336773212256745 === DEBUG [lwip-posix]: udp_sendto called! Bypassing to POSIX sendto ===
[CR-DISCOVERY-PROBE-R24] host_utc=2026-09-28T06:42:34.031+00:00 host_mono_ns=2336773221420252 
[CR-DISCOVERY-PROBE-R24] host_utc=2026-09-28T06:42:34.031+00:00 host_mono_ns=2336773221453094 === DEBUG [lwip-posix]: recvfrom received packet of len 280! Bypassing to pcb->recv ===
[CR-DISCOVERY-PROBE-R24] host_utc=2026-09-28T06:42:34.031+00:00 host_mono_ns=2336773221467622 
[CR-DISCOVERY-PROBE-R24] host_utc=2026-09-28T06:42:34.031+00:00 host_mono_ns=2336773221479875 === DEBUG [lwip-posix]: recvfrom received packet of len 280! Bypassing to pcb->recv ===
[CR-DISCOVERY-PROBE-R24] host_utc=2026-09-28T06:42:34.031+00:00 host_mono_ns=2336773221491266 
[CR-DISCOVERY-PROBE-R24] host_utc=2026-09-28T06:42:34.031+00:00 host_mono_ns=2336773221502087 === DEBUG [lwip-posix]: recvfrom received packet of len 280! Bypassing to pcb->recv ===
[CR-DISCOVERY-PROBE-R24] host_utc=2026-09-28T06:42:34.052+00:00 host_mono_ns=2336773242748045 
[CR-DISCOVERY-PROBE-R24] host_utc=2026-09-28T06:42:34.052+00:00 host_mono_ns=2336773242763544 === DEBUG [lwip-posix]: recvfrom received packet of len 120! Bypassing to pcb->recv ===
[CR-DISCOVERY-PROBE-R24] host_utc=2026-09-28T06:42:34.052+00:00 host_mono_ns=2336773242771559 
[CR-DISCOVERY-PROBE-R24] host_utc=2026-09-28T06:42:34.052+00:00 host_mono_ns=2336773242778212 === DEBUG [lwip-posix]: recvfrom received packet of len 88! Bypassing to pcb->recv ===
[CR-DISCOVERY-PROBE-R24] host_utc=2026-09-28T06:42:34.052+00:00 host_mono_ns=2336773242982077 
[CR-DISCOVERY-PROBE-R24] host_utc=2026-09-28T06:42:34.052+00:00 host_mono_ns=2336773242993198 === DEBUG [lwip-posix]: recvfrom received packet of len 120! Bypassing to pcb->recv ===
[CR-DISCOVERY-PROBE-R24] host_utc=2026-09-28T06:42:34.052+00:00 host_mono_ns=2336773243013105 
[CR-DISCOVERY-PROBE-R24] host_utc=2026-09-28T06:42:34.052+00:00 host_mono_ns=2336773243023796 === DEBUG [lwip-posix]: recvfrom received packet of len 120! Bypassing to pcb->recv ===
[CR-DISCOVERY-PROBE-R24] host_utc=2026-09-28T06:42:34.052+00:00 host_mono_ns=2336773243030428 
[CR-DISCOVERY-PROBE-R24] host_utc=2026-09-28T06:42:34.052+00:00 host_mono_ns=2336773243036239 === DEBUG [lwip-posix]: udp_sendto called! Bypassing to POSIX sendto ===
[CR-DISCOVERY-PROBE-R24] host_utc=2026-09-28T06:42:34.052+00:00 host_mono_ns=2336773243062749 
[CR-DISCOVERY-PROBE-R24] host_utc=2026-09-28T06:42:34.052+00:00 host_mono_ns=2336773243068400 === DEBUG [lwip-posix]: udp_sendto called! Bypassing to POSIX sendto ===
[CR-DISCOVERY-PROBE-R24] host_utc=2026-09-28T06:42:34.053+00:00 host_mono_ns=2336773243583162 
[CR-DISCOVERY-PROBE-R24] host_utc=2026-09-28T06:42:34.053+00:00 host_mono_ns=2336773243592399 === DEBUG [lwip-posix]: recvfrom received packet of len 116! Bypassing to pcb->recv ===
[CR-DISCOVERY-PROBE-R24] host_utc=2026-09-28T06:42:34.053+00:00 host_mono_ns=2336773243656861 
[CR-DISCOVERY-PROBE-R24] host_utc=2026-09-28T06:42:34.053+00:00 host_mono_ns=2336773243663203 === DEBUG [lwip-posix]: recvfrom received packet of len 116! Bypassing to pcb->recv ===
[CR-DISCOVERY-PROBE-R24] host_utc=2026-09-28T06:42:34.560+00:00 host_mono_ns=2336773750197754 
[CR-DISCOVERY-PROBE-R24] host_utc=2026-09-28T06:42:34.560+00:00 host_mono_ns=2336773750241076 === DEBUG [lwip-posix]: recvfrom received packet of len 204! Bypassing to pcb->recv ===
[CR-DISCOVERY-PROBE-R24] host_utc=2026-09-28T06:42:34.741+00:00 host_mono_ns=2336773931655681 event=collector_exit host_exit_status=143
