[CR-DISCOVERY-PROBE-R28] host_utc=2026-09-28T06:46:31.879+00:00 host_mono_ns=2337011069761182 phase=checkpoint collector_pid=1763933 host_docker_exec_pid=1763935 event=launch container=mros2-cr-run28-wamr
[CR-DISCOVERY-PROBE-R28] host_utc=2026-09-28T06:46:32.060+00:00 host_mono_ns=2337011251176061 phase=checkpoint container_pid=14 event=process_verified args='/runtime/iwasm --addr-pool=0.0.0.0/0 --max-threads=32 -v=5 /artifact/echoback_string.wasm'
[CR-DISCOVERY-PROBE-R28] host_utc=2026-09-28T06:46:32.061+00:00 host_mono_ns=2337011251233650 phase=checkpoint container_pid=14 boot_start, 2337011145606070
[CR-DISCOVERY-PROBE-R28] host_utc=2026-09-28T06:46:32.155+00:00 host_mono_ns=2337011345764400 phase=checkpoint container_pid=14 11 stderr
[CR-DISCOVERY-PROBE-R28] host_utc=2026-09-28T06:46:32.155+00:00 host_mono_ns=2337011345807832 phase=checkpoint container_pid=14 22 stderr
[CR-DISCOVERY-PROBE-R28] host_utc=2026-09-28T06:46:32.155+00:00 host_mono_ns=2337011345820456 phase=checkpoint container_pid=14 signal init: 129160291956288
[CR-DISCOVERY-PROBE-R28] host_utc=2026-09-28T06:46:32.155+00:00 host_mono_ns=2337011345832458 phase=checkpoint container_pid=14 initします
[CR-DISCOVERY-PROBE-R28] host_utc=2026-09-28T06:46:32.156+00:00 host_mono_ns=2337011346412214 phase=checkpoint container_pid=14 boot_end, 2337011346214029
[CR-DISCOVERY-PROBE-R28] host_utc=2026-09-28T06:46:32.156+00:00 host_mono_ns=2337011346776462 phase=checkpoint container_pid=14 3 stderr
[CR-DISCOVERY-PROBE-R28] host_utc=2026-09-28T06:46:32.157+00:00 host_mono_ns=2337011347276617 phase=checkpoint container_pid=14 initします
[CR-DISCOVERY-PROBE-R28] host_utc=2026-09-28T06:46:32.157+00:00 host_mono_ns=2337011348054307 phase=checkpoint container_pid=14 boot_end, 2337011347903412
[CR-DISCOVERY-PROBE-R28] host_utc=2026-09-28T06:46:32.159+00:00 host_mono_ns=2337011349194852 phase=checkpoint container_pid=14 netif_wasm: dynamic ip=0x030012ac mask=0x00ffffff
[CR-DISCOVERY-PROBE-R28] host_utc=2026-09-28T06:46:32.159+00:00 host_mono_ns=2337011349649892 phase=checkpoint container_pid=14 initします
[CR-DISCOVERY-PROBE-R28] host_utc=2026-09-28T06:46:32.160+00:00 host_mono_ns=2337011350470914 phase=checkpoint container_pid=14 boot_end, 2337011350251589
[CR-DISCOVERY-PROBE-R28] host_utc=2026-09-28T06:46:32.160+00:00 host_mono_ns=2337011350867804 phase=checkpoint container_pid=14 initします
[CR-DISCOVERY-PROBE-R28] host_utc=2026-09-28T06:46:32.162+00:00 host_mono_ns=2337011352217044 phase=checkpoint container_pid=14 boot_end, 2337011352021735
[CR-DISCOVERY-PROBE-R28] host_utc=2026-09-28T06:46:32.178+00:00 host_mono_ns=2337011368701405 phase=checkpoint container_pid=14 LOG_NOTICE : 00000000.000 : osKernelStart
[CR-DISCOVERY-PROBE-R28] host_utc=2026-09-28T06:46:32.178+00:00 host_mono_ns=2337011368736311 phase=checkpoint container_pid=14 mros2-posix start!
[CR-DISCOVERY-PROBE-R28] host_utc=2026-09-28T06:46:32.178+00:00 host_mono_ns=2337011368751230 phase=checkpoint container_pid=14 app name: echoback_string
[CR-DISCOVERY-PROBE-R28] host_utc=2026-09-28T06:46:32.178+00:00 host_mono_ns=2337011368764024 phase=checkpoint container_pid=14 LOG_DEBUG : 00000000.002 : mROS 2 initialization is completed
[CR-DISCOVERY-PROBE-R28] host_utc=2026-09-28T06:46:32.178+00:00 host_mono_ns=2337011368776648 phase=checkpoint container_pid=14 
[CR-DISCOVERY-PROBE-R28] host_utc=2026-09-28T06:46:32.178+00:00 host_mono_ns=2337011368789322 phase=checkpoint container_pid=14 LOG_DEBUG : 00000000.002 : [MROS2LIB] create_node
[CR-DISCOVERY-PROBE-R28] host_utc=2026-09-28T06:46:32.178+00:00 host_mono_ns=2337011368801855 phase=checkpoint container_pid=14 LOG_DEBUG : 00000000.002 : [MROS2LIB] start creating participant
[CR-DISCOVERY-PROBE-R28] host_utc=2026-09-28T06:46:32.178+00:00 host_mono_ns=2337011368814760 phase=checkpoint container_pid=14 LOG_DEBUG : 00000000.003 : [MROS2LIB] mros2_init task start
[CR-DISCOVERY-PROBE-R28] host_utc=2026-09-28T06:46:32.178+00:00 host_mono_ns=2337011368827384 phase=checkpoint container_pid=14 LOG_DEBUG : 00000000.004 : /home/osslab/mros2-wasm-service-communication-socket-journal/lwip-wasm/src/core/udp.c udp_init() 38: enter
[CR-DISCOVERY-PROBE-R28] host_utc=2026-09-28T06:46:32.178+00:00 host_mono_ns=2337011368860596 phase=checkpoint container_pid=14 LOG_DEBUG : 00000000.004 : [MROS2LIB] Initilizing lwIP complete
[CR-DISCOVERY-PROBE-R28] host_utc=2026-09-28T06:46:32.178+00:00 host_mono_ns=2337011368881917 phase=checkpoint container_pid=14 LOG_DEBUG : 00000000.019 : /home/osslab/mros2-wasm-service-communication-socket-journal/lwip-wasm/src/core/udp.c udp_new() 336: enter
[CR-DISCOVERY-PROBE-R28] host_utc=2026-09-28T06:46:32.178+00:00 host_mono_ns=2337011368894751 phase=checkpoint container_pid=14 LOG_DEBUG : 00000000.019 : /home/osslab/mros2-wasm-service-communication-socket-journal/lwip-wasm/src/core/udp_multicast_manager.c udp_mc_info_alloc() 24: enter
[CR-DISCOVERY-PROBE-R28] host_utc=2026-09-28T06:46:32.178+00:00 host_mono_ns=2337011368907795 phase=checkpoint container_pid=14 LOG_DEBUG : 00000000.019 : /home/osslab/mros2-wasm-service-communication-socket-journal/lwip-wasm/src/core/udp_multicast_manager.c udp_mc_info_alloc() 42: mcp=0xdbebc0 exit
[CR-DISCOVERY-PROBE-R28] host_utc=2026-09-28T06:46:32.179+00:00 host_mono_ns=2337011369357746 phase=checkpoint container_pid=14 LOG_DEBUG : 00000000.019 : /home/osslab/mros2-wasm-service-communication-socket-journal/lwip-wasm/src/core/udp.cinitします
[CR-DISCOVERY-PROBE-R28] host_utc=2026-09-28T06:46:32.179+00:00 host_mono_ns=2337011370157647 phase=checkpoint container_pid=14 boot_end, 2337011369950626
[CR-DISCOVERY-PROBE-R28] host_utc=2026-09-28T06:46:32.180+00:00 host_mono_ns=2337011370611455 phase=checkpoint container_pid=14 initします
[CR-DISCOVERY-PROBE-R28] host_utc=2026-09-28T06:46:32.181+00:00 host_mono_ns=2337011372068328 phase=checkpoint container_pid=14  udp_new() 356: exit
[CR-DISCOVERY-PROBE-R28] host_utc=2026-09-28T06:46:32.181+00:00 host_mono_ns=2337011372097253 phase=checkpoint container_pid=14 LOG_DEBUG : 00000000.020 : /home/osslab/mros2-wasm-service-communication-socket-journal/lwip-wasm/src/core/udp.c udp_bind() 170: ipaddr=0x0 port=7401 enter
[CR-DISCOVERY-PROBE-R28] host_utc=2026-09-28T06:46:32.181+00:00 host_mono_ns=2337011372111410 phase=checkpoint container_pid=14 LOG_DEBUG : 00000000.020 : /home/osslab/mros2-wasm-service-communication-socket-journal/lwip-wasm/src/core/udp.c udp_bind() 183: mcp exist 0xdbebc0
[CR-DISCOVERY-PROBE-R28] host_utc=2026-09-28T06:46:32.181+00:00 host_mono_ns=2337011372122300 phase=checkpoint container_pid=14 LOG_DEBUG : 00000000.020 : /home/osslab/mros2-wasm-service-communication-socket-journal/lwip-wasm/src/core/udp.c udp_bind() 254: exit
[CR-DISCOVERY-PROBE-R28] host_utc=2026-09-28T06:46:32.181+00:00 host_mono_ns=2337011372132920 phase=checkpoint container_pid=14 LOG_DEBUG : 00000000.020 : /home/osslab/mros2-wasm-service-communication-socket-journal/lwip-wasm/src/core/udp.c udp_recv() 269: enter
[CR-DISCOVERY-PROBE-R28] host_utc=2026-09-28T06:46:32.181+00:00 host_mono_ns=2337011372143520 phase=checkpoint container_pid=14 LOG_DEBUG : 00000000.022 : /home/osslab/mros2-wasm-service-communication-socket-journal/lwip-wasm/src/core/udp.c udp_recv() 280: exit
[CR-DISCOVERY-PROBE-R28] host_utc=2026-09-28T06:46:32.181+00:00 host_mono_ns=2337011372153930 phase=checkpoint container_pid=14 LOG_DEBUG : 00000000.022 : /home/osslab/mros2-wasm-service-communication-socket-journal/lwip-wasm/src/core/udp.c udp_new() 336: enter
[CR-DISCOVERY-PROBE-R28] host_utc=2026-09-28T06:46:32.181+00:00 host_mono_ns=2337011372164440 phase=checkpoint container_pid=14 LOG_DEBUG : 00000000.022 : /home/osslab/mros2-wasm-service-communication-socket-journal/lwip-wasm/src/core/udp_multicast_manager.c udp_mc_info_alloc() 24: enter
[CR-DISCOVERY-PROBE-R28] host_utc=2026-09-28T06:46:32.182+00:00 host_mono_ns=2337011372175280 phase=checkpoint container_pid=14 boot_end, 2337011371798598
[CR-DISCOVERY-PROBE-R28] host_utc=2026-09-28T06:46:32.183+00:00 host_mono_ns=2337011373452674 phase=checkpoint container_pid=14 LOG_DEBUGinitします
[CR-DISCOVERY-PROBE-R28] host_utc=2026-09-28T06:46:32.184+00:00 host_mono_ns=2337011374298322 phase=checkpoint container_pid=14 boot_end, 2337011374064861
[CR-DISCOVERY-PROBE-R28] host_utc=2026-09-28T06:46:32.184+00:00 host_mono_ns=2337011374568292 phase=checkpoint container_pid=14 initします
[CR-DISCOVERY-PROBE-R28] host_utc=2026-09-28T06:46:32.185+00:00 host_mono_ns=2337011375692106 phase=checkpoint container_pid=14 boot_end, 2337011375503540
[CR-DISCOVERY-PROBE-R28] host_utc=2026-09-28T06:46:32.185+00:00 host_mono_ns=2337011375748092 phase=checkpoint container_pid=14  : 00000000.023 : /home/osslab/mros2-wasm-service-communication-socket-journal/lwip-wasm/src/core/udp_multicast_manager.c udp_mc_info_alloc() 42: mcp=0xdbebdc exit
[CR-DISCOVERY-PROBE-R28] host_utc=2026-09-28T06:46:32.185+00:00 host_mono_ns=2337011375762639 phase=checkpoint container_pid=14 LOG_DEBUG : 00000000.023 : /home/osslab/mros2-wasm-service-communication-socket-journal/lwip-wasm/src/core/udp.c udp_new() 356: exit
[CR-DISCOVERY-PROBE-R28] host_utc=2026-09-28T06:46:32.185+00:00 host_mono_ns=2337011375774291 phase=checkpoint container_pid=14 LOG_NOTICE : 00000000.023 : LOG_DEBUG : 00000000.023 : thread_udp_recv:UP: mcp=0xdbebc0/home/osslab/mros2-wasm-service-communication-socket-journal/lwip-wasm/src/core/udp.c udp_bind() 170: ipaddr=0x0 port=7400 enter
[CR-DISCOVERY-PROBE-R28] host_utc=2026-09-28T06:46:32.185+00:00 host_mono_ns=2337011375785773 phase=checkpoint container_pid=14 
[CR-DISCOVERY-PROBE-R28] host_utc=2026-09-28T06:46:32.185+00:00 host_mono_ns=2337011375796914 phase=checkpoint container_pid=14 LOG_DEBUG : 00000000.024 : /home/osslab/mros2-wasm-service-communication-socket-journal/lwip-wasm/src/core/udp.c udp_bind() 183: mcp exist 0xdbebdc
[CR-DISCOVERY-PROBE-R28] host_utc=2026-09-28T06:46:32.185+00:00 host_mono_ns=2337011375807775 phase=checkpoint container_pid=14 LOG_DEBUG : 00000000.024 : /home/osslab/mros2-wasm-service-communication-socket-journal/lwip-wasm/src/core/udp.c udp_bind() 254: exit
[CR-DISCOVERY-PROBE-R28] host_utc=2026-09-28T06:46:32.185+00:00 host_mono_ns=2337011375818505 phase=checkpoint container_pid=14 LOG_DEBUG : 00000000.024 : /home/osslab/mros2-wasm-service-communication-socket-journal/lwip-wasm/src/core/udp.c udp_recv() 269: enter
[CR-DISCOVERY-PROBE-R28] host_utc=2026-09-28T06:46:32.262+00:00 host_mono_ns=2337011453173698 phase=checkpoint container_pid=14 LOG_DEBUG : 00000000.026 : /home/osslab/mros2-wasm-service-communication-socket-journal/lwip-wasm/src/core/udp.c udp_recv() 280: exit
[CR-DISCOVERY-PROBE-R28] host_utc=2026-09-28T06:46:32.263+00:00 host_mono_ns=2337011453212150 phase=checkpoint container_pid=14 LOG_NOTICE : 00000000.027 : LOG_DEBUG : 00000000.027 : thread_udp_recv:UP: mcp=0xdbebdc/home/osslab/mros2-wasm-service-communication-socket-journal/lwip-wasm/src/core/udp_multicast_manager.c udp_mc_joingroup() 78: enter ifaddr=0x30012ac groupaddr=0x100ffef
[CR-DISCOVERY-PROBE-R28] host_utc=2026-09-28T06:46:32.263+00:00 host_mono_ns=2337011453226197 phase=checkpoint container_pid=14 
[CR-DISCOVERY-PROBE-R28] host_utc=2026-09-28T06:46:32.263+00:00 host_mono_ns=2337011453237939 phase=checkpoint container_pid=14 set TTL: ttl=255, optlen=4
[CR-DISCOVERY-PROBE-R28] host_utc=2026-09-28T06:46:32.263+00:00 host_mono_ns=2337011453249621 phase=checkpoint container_pid=14 LOG_NOTICE : 00000000.027 : udp_mc_joingroup(): mcp=0xdbebc0 ifaddr=0x30012ac groupaddr=0x100ffef
[CR-DISCOVERY-PROBE-R28] host_utc=2026-09-28T06:46:32.263+00:00 host_mono_ns=2337011453261043 phase=checkpoint container_pid=14 set TTL: ttl=255, optlen=4
[CR-DISCOVERY-PROBE-R28] host_utc=2026-09-28T06:46:32.263+00:00 host_mono_ns=2337011453271713 phase=checkpoint container_pid=14 LOG_NOTICE : 00000000.027 : udp_mc_joingroup(): mcp=0xdbebdc ifaddr=0x30012ac groupaddr=0x100ffef
[CR-DISCOVERY-PROBE-R28] host_utc=2026-09-28T06:46:32.263+00:00 host_mono_ns=2337011453282343 phase=checkpoint container_pid=14 LOG_DEBUG : 00000000.028 : /home/osslab/mros2-wasm-service-communication-socket-journal/lwip-wasm/src/core/udp_multicast_manager.c udp_mc_joingroup() 93: exit
[CR-DISCOVERY-PROBE-R28] host_utc=2026-09-28T06:46:32.263+00:00 host_mono_ns=2337011453294746 phase=checkpoint container_pid=14 LOG_DEBUG : 00000000.103 : /home/osslab/mros2-wasm-service-communication-socket-journal/lwip-wasm/src/core/udp.c udp_new() 336: enter
[CR-DISCOVERY-PROBE-R28] host_utc=2026-09-28T06:46:32.263+00:00 host_mono_ns=2337011453320946 phase=checkpoint container_pid=14 LOG_DEBUG : 00000000.104 : /home/osslab/mros2-wasm-service-communication-socket-journal/lwip-wasm/src/core/udp_multicast_manager.c udp_mc_info_alloc() 24: enter
[CR-DISCOVERY-PROBE-R28] host_utc=2026-09-28T06:46:32.263+00:00 host_mono_ns=2337011454058750 phase=checkpoint container_pid=14 LOG_DEBUG : 00000000.104 : /home/osslab/mros2-wasm-service-communication-socket-journal/lwip-wasm/src/core/udp_multicast_manager.cinitします
[CR-DISCOVERY-PROBE-R28] host_utc=2026-09-28T06:46:32.264+00:00 host_mono_ns=2337011454897094 phase=checkpoint container_pid=14 boot_end, 2337011454705322
[CR-DISCOVERY-PROBE-R28] host_utc=2026-09-28T06:46:32.265+00:00 host_mono_ns=2337011455327959 phase=checkpoint container_pid=14 initします
[CR-DISCOVERY-PROBE-R28] host_utc=2026-09-28T06:46:32.266+00:00 host_mono_ns=2337011456870914 phase=checkpoint container_pid=14 boot_end, 2337011456668161
[CR-DISCOVERY-PROBE-R28] host_utc=2026-09-28T06:46:32.266+00:00 host_mono_ns=2337011456912052 phase=checkpoint container_pid=14  udp_mc_info_alloc() 42: mcp=0xdbebf8 exit
[CR-DISCOVERY-PROBE-R28] host_utc=2026-09-28T06:46:32.266+00:00 host_mono_ns=2337011456927742 phase=checkpoint container_pid=14 LOG_DEBUG : 00000000.104 : /home/osslab/mros2-wasm-service-communication-socket-journal/lwip-wasm/src/core/udp.c udp_new() 356: exit
[CR-DISCOVERY-PROBE-R28] host_utc=2026-09-28T06:46:32.266+00:00 host_mono_ns=2337011456940556 phase=checkpoint container_pid=14 LOG_DEBUG : 00000000.104 : /home/osslab/mros2-wasm-service-communication-socket-journal/lwip-wasm/src/core/udp.c udp_bind() 170: ipaddr=0x0 port=7411 enter
[CR-DISCOVERY-PROBE-R28] host_utc=2026-09-28T06:46:32.266+00:00 host_mono_ns=2337011456951427 phase=checkpoint container_pid=14 LOG_DEBUG : 00000000.104 : /home/osslab/mros2-wasm-service-communication-socket-journal/lwip-wasm/src/core/udp.c udp_bind() 183: mcp exist 0xdbebf8
[CR-DISCOVERY-PROBE-R28] host_utc=2026-09-28T06:46:32.266+00:00 host_mono_ns=2337011456961976 phase=checkpoint container_pid=14 LOG_DEBUG : 00000000.105 : /home/osslab/mros2-wasm-service-communication-socket-journal/lwip-wasm/src/core/udp.c udp_bind() 254: exit
[CR-DISCOVERY-PROBE-R28] host_utc=2026-09-28T06:46:32.266+00:00 host_mono_ns=2337011456972356 phase=checkpoint container_pid=14 LOG_DEBUG : 00000000.105 : /home/osslab/mros2-wasm-service-communication-socket-journal/lwip-wasm/src/core/udp.c udp_recv() 269: enter
[CR-DISCOVERY-PROBE-R28] host_utc=2026-09-28T06:46:32.266+00:00 host_mono_ns=2337011456982746 phase=checkpoint container_pid=14 LOG_DEBUG : 00000000.106 : /home/osslab/mros2-wasm-service-communication-socket-journal/lwip-wasm/src/core/udp.c udp_recv() 280: exit
[CR-DISCOVERY-PROBE-R28] host_utc=2026-09-28T06:46:32.266+00:00 host_mono_ns=2337011456993065 phase=checkpoint container_pid=14 LOG_DEBUG : 00000000.107 : /home/osslab/mros2-wasm-service-communication-socket-journal/lwip-wasm/src/core/udp.c udp_new() 336: enter
[CR-DISCOVERY-PROBE-R28] host_utc=2026-09-28T06:46:32.267+00:00 host_mono_ns=2337011458107171 phase=checkpoint container_pid=14 LOG_DEBUG : 00000000.107 : /home/osslab/mros2-wasm-service-communication-socket-journal/lwip-wasm/src/core/udp_multicast_manager.c udp_mc_info_alloc() 24: enterLOG_NOTICE : 00000000.108 : 
[CR-DISCOVERY-PROBE-R28] host_utc=2026-09-28T06:46:32.267+00:00 host_mono_ns=2337011458129122 phase=checkpoint container_pid=14 thread_udp_recv:UP: mcp=0xdbebf8LOG_DEBUG : 00000000.108 : 
[CR-DISCOVERY-PROBE-R28] host_utc=2026-09-28T06:46:32.267+00:00 host_mono_ns=2337011458143650 phase=checkpoint container_pid=14 /home/osslab/mros2-wasm-service-communication-socket-journal/lwip-wasm/src/core/udp_multicast_manager.c udp_mc_info_alloc() 42: mcp=0xdbec14 exit
[CR-DISCOVERY-PROBE-R28] host_utc=2026-09-28T06:46:32.267+00:00 host_mono_ns=2337011458156965 phase=checkpoint container_pid=14 LOG_DEBUG : 00000000.109 : /home/osslab/mros2-wasm-service-communication-socket-journal/lwip-wasm/src/core/udp.c udp_new() 356: exit
[CR-DISCOVERY-PROBE-R28] host_utc=2026-09-28T06:46:32.268+00:00 host_mono_ns=2337011458184246 phase=checkpoint container_pid=14 LOG_DEBUG : 00000000.109 : /home/osslab/mros2-wasm-service-communication-socket-journal/lwip-wasm/src/core/udp.c udp_bind() 170: ipaddr=0x0 port=7410 enter
[CR-DISCOVERY-PROBE-R28] host_utc=2026-09-28T06:46:32.268+00:00 host_mono_ns=2337011458195948 phase=checkpoint container_pid=14 LOG_DEBUG : 00000000.109 : /home/osslab/mros2-wasm-service-communication-socket-journal/lwip-wasm/src/core/udp.c udp_bind() 183: mcp exist 0xdbec14
[CR-DISCOVERY-PROBE-R28] host_utc=2026-09-28T06:46:32.268+00:00 host_mono_ns=2337011458206869 phase=checkpoint container_pid=14 LOG_DEBUG : 00000000.109 : /home/osslab/mros2-wasm-service-communication-socket-journal/lwip-wasm/src/core/udp.c udp_bind() 254: exit
[CR-DISCOVERY-PROBE-R28] host_utc=2026-09-28T06:46:32.268+00:00 host_mono_ns=2337011458480226 phase=checkpoint container_pid=14 LOG_DEBUG : 00000000.109 : /home/osslab/mros2-wasm-service-communication-socket-journal/lwip-wasm/src/core/udp.cinitします
[CR-DISCOVERY-PROBE-R28] host_utc=2026-09-28T06:46:32.269+00:00 host_mono_ns=2337011459348296 phase=checkpoint container_pid=14 boot_end, 2337011459169598
[CR-DISCOVERY-PROBE-R28] host_utc=2026-09-28T06:46:32.269+00:00 host_mono_ns=2337011459702095 phase=checkpoint container_pid=14 initします
[CR-DISCOVERY-PROBE-R28] host_utc=2026-09-28T06:46:32.270+00:00 host_mono_ns=2337011460565506 phase=checkpoint container_pid=14 boot_end, 2337011460367682
[CR-DISCOVERY-PROBE-R28] host_utc=2026-09-28T06:46:32.270+00:00 host_mono_ns=2337011460602847 phase=checkpoint container_pid=14 initします
[CR-DISCOVERY-PROBE-R28] host_utc=2026-09-28T06:46:32.271+00:00 host_mono_ns=2337011461540950 phase=checkpoint container_pid=14 boot_end, 2337011461346552
[CR-DISCOVERY-PROBE-R28] host_utc=2026-09-28T06:46:32.271+00:00 host_mono_ns=2337011461967395 phase=checkpoint container_pid=14 initします
[CR-DISCOVERY-PROBE-R28] host_utc=2026-09-28T06:46:32.273+00:00 host_mono_ns=2337011463448625 phase=checkpoint container_pid=14 boot_end, 2337011463297329
[CR-DISCOVERY-PROBE-R28] host_utc=2026-09-28T06:46:32.273+00:00 host_mono_ns=2337011463591434 phase=checkpoint container_pid=14 initします
[CR-DISCOVERY-PROBE-R28] host_utc=2026-09-28T06:46:32.274+00:00 host_mono_ns=2337011464465196 phase=checkpoint container_pid=14 boot_end, 2337011464290275
[CR-DISCOVERY-PROBE-R28] host_utc=2026-09-28T06:46:32.274+00:00 host_mono_ns=2337011464746187 phase=checkpoint container_pid=14 initします
[CR-DISCOVERY-PROBE-R28] host_utc=2026-09-28T06:46:32.275+00:00 host_mono_ns=2337011465658300 phase=checkpoint container_pid=14 boot_end, 2337011465448895
[CR-DISCOVERY-PROBE-R28] host_utc=2026-09-28T06:46:32.275+00:00 host_mono_ns=2337011465854181 phase=checkpoint container_pid=14  udp_recv() 269: enter
[CR-DISCOVERY-PROBE-R28] host_utc=2026-09-28T06:46:32.275+00:00 host_mono_ns=2337011465869089 phase=checkpoint container_pid=14 LOG_DEBUG : 00000000.111 : /home/osslab/mros2-wasm-service-communication-socket-journal/lwip-wasm/src/core/udp.c udp_recv() 280: exit
[CR-DISCOVERY-PROBE-R28] host_utc=2026-09-28T06:46:32.275+00:00 host_mono_ns=2337011465880941 phase=checkpoint container_pid=14 LOG_NOTICE : 00000000.112 : thread_udp_recv:UP: mcp=0xdbec14
[CR-DISCOVERY-PROBE-R28] host_utc=2026-09-28T06:46:32.275+00:00 host_mono_ns=2337011465895058 phase=checkpoint container_pid=14 [DISCOVERY_PROBE] event=heartbeat_thread_create writer=sedp_publications created=1
[CR-DISCOVERY-PROBE-R28] host_utc=2026-09-28T06:46:32.275+00:00 host_mono_ns=2337011465908563 phase=checkpoint container_pid=14 [DISCOVERY_PROBE] event=heartbeat_loop_start writer=sedp_publications
[CR-DISCOVERY-PROBE-R28] host_utc=2026-09-28T06:46:32.275+00:00 host_mono_ns=2337011465919324 phase=checkpoint container_pid=14 [DISCOVERY_PROBE] event=heartbeat_tick writer=sedp_publications proxies_empty=1
[CR-DISCOVERY-PROBE-R28] host_utc=2026-09-28T06:46:32.275+00:00 host_mono_ns=2337011465941055 phase=checkpoint container_pid=14 [DISCOVERY_PROBE] event=heartbeat_delay_enter writer=sedp_publications delay_ms=4000 backend=nanosleep
[CR-DISCOVERY-PROBE-R28] host_utc=2026-09-28T06:46:32.275+00:00 host_mono_ns=2337011465958297 phase=checkpoint container_pid=14 [DISCOVERY_PROBE] event=heartbeat_thread_create writer=sedp_subscriptions created=1
[CR-DISCOVERY-PROBE-R28] host_utc=2026-09-28T06:46:32.275+00:00 host_mono_ns=2337011465969098 phase=checkpoint container_pid=14 LOG_DEBUG : 00000000.116 : [MROS2LIB] successfully created participant
[CR-DISCOVERY-PROBE-R28] host_utc=2026-09-28T06:46:32.275+00:00 host_mono_ns=2337011465979638 phase=checkpoint container_pid=14 [DISCOVERY_PROBE] event=heartbeat_loop_start writer=sedp_subscriptions
[CR-DISCOVERY-PROBE-R28] host_utc=2026-09-28T06:46:32.275+00:00 host_mono_ns=2337011465989957 phase=checkpoint container_pid=14 [DISCOVERY_PROBE] event=sedp_change role=publication topic=rt/to_linux sn=0:1
[CR-DISCOVERY-PROBE-R28] host_utc=2026-09-28T06:46:32.275+00:00 host_mono_ns=2337011466012800 phase=checkpoint container_pid=14 [DISCOVERY_PROBE] event=heartbeat_tick writer=sedp_subscriptions proxies_empty=1
[CR-DISCOVERY-PROBE-R28] host_utc=2026-09-28T06:46:32.275+00:00 host_mono_ns=2337011466030373 phase=checkpoint container_pid=14 [DEBUG] message_traits::TypeName<T *>().value(): std_msgs::msg::dds_::String_
[CR-DISCOVERY-PROBE-R28] host_utc=2026-09-28T06:46:32.275+00:00 host_mono_ns=2337011466049770 phase=checkpoint container_pid=14 [DISCOVERY_PROBE] event=heartbeat_delay_enter writer=sedp_subscriptions delay_ms=4000 backend=nanosleep
[CR-DISCOVERY-PROBE-R28] host_utc=2026-09-28T06:46:32.276+00:00 host_mono_ns=2337011466834984 phase=checkpoint container_pid=14 initします
[CR-DISCOVERY-PROBE-R28] host_utc=2026-09-28T06:46:32.277+00:00 host_mono_ns=2337011467759391 phase=checkpoint container_pid=14 boot_end, 2337011467556838
[CR-DISCOVERY-PROBE-R28] host_utc=2026-09-28T06:46:32.277+00:00 host_mono_ns=2337011468173534 phase=checkpoint container_pid=14 initします
[CR-DISCOVERY-PROBE-R28] host_utc=2026-09-28T06:46:32.279+00:00 host_mono_ns=2337011469568039 phase=checkpoint container_pid=14 boot_end, 2337011469461247
[CR-DISCOVERY-PROBE-R28] host_utc=2026-09-28T06:46:32.287+00:00 host_mono_ns=2337011477489749 phase=checkpoint container_pid=14 initします
[CR-DISCOVERY-PROBE-R28] host_utc=2026-09-28T06:46:32.288+00:00 host_mono_ns=2337011478312293 phase=checkpoint container_pid=14 boot_end, 2337011478148534
[CR-DISCOVERY-PROBE-R28] host_utc=2026-09-28T06:46:32.288+00:00 host_mono_ns=2337011478771491 phase=checkpoint container_pid=14 initします
[CR-DISCOVERY-PROBE-R28] host_utc=2026-09-28T06:46:32.290+00:00 host_mono_ns=2337011480337260 phase=checkpoint container_pid=14 boot_end, 2337011480202646
[CR-DISCOVERY-PROBE-R28] host_utc=2026-09-28T06:46:32.290+00:00 host_mono_ns=2337011480426048 phase=checkpoint container_pid=14 initします
[CR-DISCOVERY-PROBE-R28] host_utc=2026-09-28T06:46:32.291+00:00 host_mono_ns=2337011481384860 phase=checkpoint container_pid=14 boot_end, 2337011481247710
[CR-DISCOVERY-PROBE-R28] host_utc=2026-09-28T06:46:32.291+00:00 host_mono_ns=2337011481765709 phase=checkpoint container_pid=14 initします
[CR-DISCOVERY-PROBE-R28] host_utc=2026-09-28T06:46:32.292+00:00 host_mono_ns=2337011482986035 phase=checkpoint container_pid=14 boot_end, 2337011482771089
[CR-DISCOVERY-PROBE-R28] host_utc=2026-09-28T06:46:32.292+00:00 host_mono_ns=2337011483026312 phase=checkpoint container_pid=14 initします
[CR-DISCOVERY-PROBE-R28] host_utc=2026-09-28T06:46:32.293+00:00 host_mono_ns=2337011483982448 phase=checkpoint container_pid=14 boot_end, 2337011483820563
[CR-DISCOVERY-PROBE-R28] host_utc=2026-09-28T06:46:32.294+00:00 host_mono_ns=2337011484501700 phase=checkpoint container_pid=14 initします
[CR-DISCOVERY-PROBE-R28] host_utc=2026-09-28T06:46:32.296+00:00 host_mono_ns=2337011486301791 phase=checkpoint container_pid=14 boot_end, 2337011486075504
[CR-DISCOVERY-PROBE-R28] host_utc=2026-09-28T06:46:32.297+00:00 host_mono_ns=2337011487275692 phase=checkpoint container_pid=14 LOG_DEBUG : 00000000.117 : [MROS2LIB] message_traits::TypeName<T *>().value() std_msgs::msg::dds_::String_
[CR-DISCOVERY-PROBE-R28] host_utc=2026-09-28T06:46:32.297+00:00 host_mono_ns=2337011487332860 phase=checkpoint container_pid=14 LOG_DEBUG : 00000000.117 : [MROS2LIB] create_publisher complete.
[CR-DISCOVERY-PROBE-R28] host_utc=2026-09-28T06:46:32.297+00:00 host_mono_ns=2337011487347818 phase=checkpoint container_pid=14 [DISCOVERY_PROBE] event=sedp_change role=subscription topic=rt/to_stm sn=0:1
[CR-DISCOVERY-PROBE-R28] host_utc=2026-09-28T06:46:32.297+00:00 host_mono_ns=2337011487360502 phase=checkpoint container_pid=14 LOG_DEBUG : 00000000.119 : [MROS2LIB] create_subscription complete.
[CR-DISCOVERY-PROBE-R28] host_utc=2026-09-28T06:46:32.297+00:00 host_mono_ns=2337011487372825 phase=checkpoint container_pid=14 [DISCOVERY_PROBE] event=writer_progress_begin writer=sedp_publications proxies_empty=1 next=0:1 history_min=0:1 history_max=0:1
[CR-DISCOVERY-PROBE-R28] host_utc=2026-09-28T06:46:32.297+00:00 host_mono_ns=2337011487385339 phase=checkpoint container_pid=14 [DISCOVERY_PROBE] event=writer_progress_end writer=sedp_publications proxies_empty=1 next=0:2
[CR-DISCOVERY-PROBE-R28] host_utc=2026-09-28T06:46:32.297+00:00 host_mono_ns=2337011487397532 phase=checkpoint container_pid=14 [DISCOVERY_PROBE] event=writer_progress_begin writer=sedp_subscriptions proxies_empty=1 next=0:1 history_min=0:1 history_max=0:1
[CR-DISCOVERY-PROBE-R28] host_utc=2026-09-28T06:46:32.297+00:00 host_mono_ns=2337011487410406 phase=checkpoint container_pid=14 [DISCOVERY_PROBE] event=writer_progress_end writer=sedp_subscriptions proxies_empty=1 next=0:2
[CR-DISCOVERY-PROBE-R28] host_utc=2026-09-28T06:46:32.297+00:00 host_mono_ns=2337011487422660 phase=checkpoint container_pid=14 LOG_DEBUG : 00000000.136 : [MROS2LIB] Initilizing Domain complete
[CR-DISCOVERY-PROBE-R28] host_utc=2026-09-28T06:46:32.298+00:00 host_mono_ns=2337011488663675 phase=checkpoint container_pid=14 LOG_NOTICE : 00000000.138 : LOG_NOTICE : 00000000.138 : [CR-RERUN-20260927] UDP_SEND result=ok fd=15 local_port=7400 destination=239.255.0.1:7400 bytes=204 returned=204 errno=0[CR-RERUN-20260927] UDP_RECV result=ok mcp=[01:10:11:743 - 757879764840]: Load type section success.
[CR-DISCOVERY-PROBE-R28] host_utc=2026-09-28T06:46:32.298+00:00 host_mono_ns=2337011488696367 phase=checkpoint container_pid=14 
[CR-DISCOVERY-PROBE-R28] host_utc=2026-09-28T06:46:32.298+00:00 host_mono_ns=2337011488711305 phase=checkpoint container_pid=14 [01:10:11:767 - 757879764840]: Load import section success.
[CR-DISCOVERY-PROBE-R28] host_utc=2026-09-28T06:46:32.298+00:00 host_mono_ns=2337011488724370 phase=checkpoint container_pid=14 
[CR-DISCOVERY-PROBE-R28] host_utc=2026-09-28T06:46:32.298+00:00 host_mono_ns=2337011488736512 phase=checkpoint container_pid=14 [01:10:11:532 - 757879764840]: Load function section success.
[CR-DISCOVERY-PROBE-R28] host_utc=2026-09-28T06:46:32.298+00:00 host_mono_ns=2337011488748655 phase=checkpoint container_pid=14 
[CR-DISCOVERY-PROBE-R28] host_utc=2026-09-28T06:46:32.298+00:00 host_mono_ns=2337011488760618 phase=checkpoint container_pid=14 [01:10:11:534 - 757879764840]: Load table section success.
[CR-DISCOVERY-PROBE-R28] host_utc=2026-09-28T06:46:32.298+00:00 host_mono_ns=2337011488772841 phase=checkpoint container_pid=14 
[CR-DISCOVERY-PROBE-R28] host_utc=2026-09-28T06:46:32.298+00:00 host_mono_ns=2337011488784804 phase=checkpoint container_pid=14 [01:10:11:535 - 757879764840]: Load global section success.
[CR-DISCOVERY-PROBE-R28] host_utc=2026-09-28T06:46:32.298+00:00 host_mono_ns=2337011488796877 phase=checkpoint container_pid=14 
[CR-DISCOVERY-PROBE-R28] host_utc=2026-09-28T06:46:32.298+00:00 host_mono_ns=2337011488808889 phase=checkpoint container_pid=14 [01:10:11:536 - 757879764840]: Load export section success.
[CR-DISCOVERY-PROBE-R28] host_utc=2026-09-28T06:46:32.298+00:00 host_mono_ns=2337011488820852 phase=checkpoint container_pid=14 
[CR-DISCOVERY-PROBE-R28] host_utc=2026-09-28T06:46:32.298+00:00 host_mono_ns=2337011488832824 phase=checkpoint container_pid=14 [01:10:11:537 - 757879764840]: Load start section success.
[CR-DISCOVERY-PROBE-R28] host_utc=2026-09-28T06:46:32.298+00:00 host_mono_ns=2337011488861138 phase=checkpoint container_pid=14 
[CR-DISCOVERY-PROBE-R28] host_utc=2026-09-28T06:46:32.298+00:00 host_mono_ns=2337011488873481 phase=checkpoint container_pid=14 [01:10:11:539 - 757879764840]: Load table segment section success.
[CR-DISCOVERY-PROBE-R28] host_utc=2026-09-28T06:46:32.298+00:00 host_mono_ns=2337011488885995 phase=checkpoint container_pid=14 
[CR-DISCOVERY-PROBE-R28] host_utc=2026-09-28T06:46:32.298+00:00 host_mono_ns=2337011488898138 phase=checkpoint container_pid=14 [01:10:11:540 - 757879764840]: Load datacount section success.
[CR-DISCOVERY-PROBE-R28] host_utc=2026-09-28T06:46:32.298+00:00 host_mono_ns=2337011488910361 phase=checkpoint container_pid=14 
[CR-DISCOVERY-PROBE-R28] host_utc=2026-09-28T06:46:32.298+00:00 host_mono_ns=2337011488922344 phase=checkpoint container_pid=14 [01:10:11:540 - 757879764840]: Load code segment section success.
[CR-DISCOVERY-PROBE-R28] host_utc=2026-09-28T06:46:32.298+00:00 host_mono_ns=2337011488934426 phase=checkpoint container_pid=14 
[CR-DISCOVERY-PROBE-R28] host_utc=2026-09-28T06:46:32.298+00:00 host_mono_ns=2337011488946369 phase=checkpoint container_pid=14 [01:10:11:542 - 757879764840]: Load data segment section success.
[CR-DISCOVERY-PROBE-R28] host_utc=2026-09-28T06:46:32.298+00:00 host_mono_ns=2337011488958452 phase=checkpoint container_pid=14 
[CR-DISCOVERY-PROBE-R28] host_utc=2026-09-28T06:46:32.298+00:00 host_mono_ns=2337011488970424 phase=checkpoint container_pid=14 [01:10:11:543 - 757879764840]: Ignore custom section [.debug_abbrev].
[CR-DISCOVERY-PROBE-R28] host_utc=2026-09-28T06:46:32.298+00:00 host_mono_ns=2337011488982497 phase=checkpoint container_pid=14 [01:10:11:543 - 757879764840]: Ignore custom section [.debug_info].
[CR-DISCOVERY-PROBE-R28] host_utc=2026-09-28T06:46:32.298+00:00 host_mono_ns=2337011488994440 phase=checkpoint container_pid=14 [01:10:11:544 - 757879764840]: Ignore custom section [.debug_ranges].
[CR-DISCOVERY-PROBE-R28] host_utc=2026-09-28T06:46:32.298+00:00 host_mono_ns=2337011489018626 phase=checkpoint container_pid=14 [01:10:11:544 - 757879764840]: Ignore custom section [.debug_str].
[CR-DISCOVERY-PROBE-R28] host_utc=2026-09-28T06:46:32.298+00:00 host_mono_ns=2337011489037141 phase=checkpoint container_pid=14 [01:10:11:545 - 757879764840]: Ignore custom section [.debug_line].
[CR-DISCOVERY-PROBE-R28] host_utc=2026-09-28T06:46:32.298+00:00 host_mono_ns=2337011489049223 phase=checkpoint container_pid=14 [01:10:11:545 - 757879764840]: Ignore custom section [.debug_loc].
[CR-DISCOVERY-PROBE-R28] host_utc=2026-09-28T06:46:32.298+00:00 host_mono_ns=2337011489061306 phase=checkpoint container_pid=14 [01:10:11:545 - 757879764840]: Ignore custom section [name].
[CR-DISCOVERY-PROBE-R28] host_utc=2026-09-28T06:46:32.298+00:00 host_mono_ns=2337011489073399 phase=checkpoint container_pid=14 [01:10:11:546 - 757879764840]: Ignore custom section [producers].
[CR-DISCOVERY-PROBE-R28] host_utc=2026-09-28T06:46:32.298+00:00 host_mono_ns=2337011489085582 phase=checkpoint container_pid=14 [01:10:11:546 - 757879764840]: Ignore custom section [target_features].
[CR-DISCOVERY-PROBE-R28] host_utc=2026-09-28T06:46:32.298+00:00 host_mono_ns=2337011489097585 phase=checkpoint container_pid=14 [01:10:11:547 - 757879764840]: Found aux __heap_base global, value: 7857968
[CR-DISCOVERY-PROBE-R28] host_utc=2026-09-28T06:46:32.298+00:00 host_mono_ns=2337011489109557 phase=checkpoint container_pid=14 [01:10:11:547 - 757879764840]: Found aux __data_end global, value: 1304356
[CR-DISCOVERY-PROBE-R28] host_utc=2026-09-28T06:46:32.298+00:00 host_mono_ns=2337011489121750 phase=checkpoint container_pid=14 [01:10:11:548 - 757879764840]: Found aux stack top global, value: 7857968, global index: 0, stack size: 6553600
[CR-DISCOVERY-PROBE-R28] host_utc=2026-09-28T06:46:32.298+00:00 host_mono_ns=2337011489134264 phase=checkpoint container_pid=14 [01:10:11:548 - 757879764840]: Found malloc function, name: malloc, index: 3160
[CR-DISCOVERY-PROBE-R28] host_utc=2026-09-28T06:46:32.298+00:00 host_mono_ns=2337011489166315 phase=checkpoint container_pid=14 [01:10:11:549 - 757879764840]: Found free function, name: free, index: 3162
[CR-DISCOVERY-PROBE-R28] host_utc=2026-09-28T06:46:32.299+00:00 host_mono_ns=2337011489178788 phase=checkpoint container_pid=14 [01:10:11:017 - 757879764840]: Load module success.
[CR-DISCOVERY-PROBE-R28] host_utc=2026-09-28T06:46:32.299+00:00 host_mono_ns=2337011489191061 phase=checkpoint container_pid=14 
[CR-DISCOVERY-PROBE-R28] host_utc=2026-09-28T06:46:32.299+00:00 host_mono_ns=2337011489203134 phase=checkpoint container_pid=14 [01:10:11:029 - 757879764840]: Memory instantiate:
[CR-DISCOVERY-PROBE-R28] host_utc=2026-09-28T06:46:32.299+00:00 host_mono_ns=2337011489215327 phase=checkpoint container_pid=14 [01:10:11:029 - 757879764840]:   page bytes: 65536, init pages: 16384, max pages: 16384
[CR-DISCOVERY-PROBE-R28] host_utc=2026-09-28T06:46:32.299+00:00 host_mono_ns=2337011489227590 phase=checkpoint container_pid=14 [01:10:11:030 - 757879764840]:   heap offset: 1073741824, heap size: 0
[CR-DISCOVERY-PROBE-R28] host_utc=2026-09-28T06:46:32.299+00:00 host_mono_ns=2337011489239673 phase=checkpoint container_pid=14 
[CR-DISCOVERY-PROBE-R28] host_utc=2026-09-28T06:46:32.299+00:00 host_mono_ns=2337011489251626 phase=checkpoint container_pid=14 [01:10:11:059 - 757879764840]: Memory instantiate success.
[CR-DISCOVERY-PROBE-R28] host_utc=2026-09-28T06:46:32.299+00:00 host_mono_ns=2337011489263689 phase=checkpoint container_pid=14 [01:10:11:183 - 757879764840]: warning: failed to link import function (env, pthread_exit)
[CR-DISCOVERY-PROBE-R28] host_utc=2026-09-28T06:46:32.299+00:00 host_mono_ns=2337011489275802 phase=checkpoint container_pid=14 [01:10:11:457 - 757879764840]: warning: failed to link import function (env, pthread_exit)
[CR-DISCOVERY-PROBE-R28] host_utc=2026-09-28T06:46:32.299+00:00 host_mono_ns=2337011489287764 phase=checkpoint container_pid=14 [01:10:11:141 - 7578794DA640]: warning: failed to link import function (env, pthread_exit)
[CR-DISCOVERY-PROBE-R28] host_utc=2026-09-28T06:46:32.299+00:00 host_mono_ns=2337011489299917 phase=checkpoint container_pid=14 [CR-RERUN-20260927] WASI_SOCKET event=sock_recv_from_enter wasi_fd=6 iovecs=1 capacity=65535 flags=0
[CR-DISCOVERY-PROBE-R28] host_utc=2026-09-28T06:46:32.299+00:00 host_mono_ns=2337011489312140 phase=checkpoint container_pid=14 [01:10:11:227 - 7578794DA640]: warning: failed to link import function (env, pthread_exit)
[CR-DISCOVERY-PROBE-R28] host_utc=2026-09-28T06:46:32.299+00:00 host_mono_ns=2337011489324303 phase=checkpoint container_pid=14 [CR-RERUN-20260927] WASI_SOCKET event=sock_recv_from_enter wasi_fd=15 iovecs=1 capacity=65535 flags=0
[CR-DISCOVERY-PROBE-R28] host_utc=2026-09-28T06:46:32.299+00:00 host_mono_ns=2337011489336476 phase=checkpoint container_pid=14 [01:10:11:840 - 757879764840]: warning: failed to link import function (env, pthread_exit)
[CR-DISCOVERY-PROBE-R28] host_utc=2026-09-28T06:46:32.299+00:00 host_mono_ns=2337011489348709 phase=checkpoint container_pid=14 [CR-RERUN-20260927] WASI_SOCKET event=sock_recv_from_enter wasi_fd=5 iovecs=1 capacity=65535 flags=0
[CR-DISCOVERY-PROBE-R28] host_utc=2026-09-28T06:46:32.299+00:00 host_mono_ns=2337011489360842 phase=checkpoint container_pid=14 [01:10:11:301 - 757879764840]: warning: failed to link import function (env, pthread_exit)
[CR-DISCOVERY-PROBE-R28] host_utc=2026-09-28T06:46:32.299+00:00 host_mono_ns=2337011489372925 phase=checkpoint container_pid=14 [01:10:11:460 - 757879764840]: warning: failed to link import function (env, pthread_exit)
[CR-DISCOVERY-PROBE-R28] host_utc=2026-09-28T06:46:32.299+00:00 host_mono_ns=2337011489385018 phase=checkpoint container_pid=14 [CR-RERUN-20260927] WASI_SOCKET event=sock_recv_from_enter wasi_fd=3 iovecs=1 capacity=65535 flags=0
[CR-DISCOVERY-PROBE-R28] host_utc=2026-09-28T06:46:32.299+00:00 host_mono_ns=2337011489397171 phase=checkpoint container_pid=14 [01:10:11:390 - 757879764840]: warning: failed to link import function (env, pthread_exit)
[CR-DISCOVERY-PROBE-R28] host_utc=2026-09-28T06:46:32.299+00:00 host_mono_ns=2337011489421807 phase=checkpoint container_pid=14 [01:10:11:647 - 757879764840]: warning: failed to link import function (env, pthread_exit)
[CR-DISCOVERY-PROBE-R28] host_utc=2026-09-28T06:46:32.299+00:00 host_mono_ns=2337011489434051 phase=checkpoint container_pid=14 [01:10:11:020 - 7578794DA640]: warning: failed to link import function (env, pthread_exit)
[CR-DISCOVERY-PROBE-R28] host_utc=2026-09-28T06:46:32.299+00:00 host_mono_ns=2337011489446113 phase=checkpoint container_pid=14 [01:10:11:291 - 7578794DA640]: warning: failed to link import function (env, pthread_exit)
[CR-DISCOVERY-PROBE-R28] host_utc=2026-09-28T06:46:32.299+00:00 host_mono_ns=2337011489458186 phase=checkpoint container_pid=14 [01:10:11:861 - 7578794DA640]: warning: failed to link import function (env, pthread_exit)
[CR-DISCOVERY-PROBE-R28] host_utc=2026-09-28T06:46:32.299+00:00 host_mono_ns=2337011489470319 phase=checkpoint container_pid=14 [CR-RERUN-20260927] WASI_SOCKET event=sock_send_to_enter wasi_fd=15 bytes=204 flags=0 destination=239.255.0.1:7400
[CR-DISCOVERY-PROBE-R28] host_utc=2026-09-28T06:46:32.299+00:00 host_mono_ns=2337011489482422 phase=checkpoint container_pid=14 [CR-RERUN-20260927] WASI_SOCKET event=sock_send_to_return wasi_fd=15 wasi_errno=0 bytes=204
[CR-DISCOVERY-PROBE-R28] host_utc=2026-09-28T06:46:32.299+00:00 host_mono_ns=2337011489494525 phase=checkpoint container_pid=14 [CR-RERUN-20260927] WASI_SOCKET event=sock_recv_from_return wasi_fd=15 wasi_errno=0 bytes=204 source=172.18.0.3:7400
[CR-DISCOVERY-PROBE-R28] host_utc=2026-09-28T06:46:32.299+00:00 host_mono_ns=2337011489506728 phase=checkpoint container_pid=14 [CR-RERUN-20260927] WASI_SOCKET event=sock_recv_from_enter wasi_fd=15 iovecs=1 capacity=65535 flags=0
[CR-DISCOVERY-PROBE-R28] host_utc=2026-09-28T06:46:32.299+00:00 host_mono_ns=2337011489519161 phase=checkpoint container_pid=14 [CR-RERUN-20260927] WASI_SOCKET event=sock_recv_from_return wasi_fd=15 wasi_errno=0 bytes=204 source=172.18.0.5:7400
[CR-DISCOVERY-PROBE-R28] host_utc=2026-09-28T06:46:32.300+00:00 host_mono_ns=2337011490297793 phase=checkpoint container_pid=14 [CR-RERUN-20260xdbebdc fd=15 local_port=7400 bytes=204 peer=172.18.0.3:7400
[CR-DISCOVERY-PROBE-R28] host_utc=2026-09-28T06:46:32.300+00:00 host_mono_ns=2337011490330224 phase=checkpoint container_pid=14 
[CR-DISCOVERY-PROBE-R28] host_utc=2026-09-28T06:46:32.300+00:00 host_mono_ns=2337011490344902 phase=checkpoint container_pid=14 [CR-RERUN-20260927] RTPS_UDP_SEND result=ok source_port=7400 destination=172.18.0.3:7400 bytes=204 lwip_err=0
[CR-DISCOVERY-PROBE-R28] host_utc=2026-09-28T06:46:32.300+00:00 host_mono_ns=2337011490358107 phase=checkpoint container_pid=14 [CR-RERUN-20260927] RTPS_RX peer=172.18.0.3:59420 local_port=7400 bytes=204
[CR-DISCOVERY-PROBE-R28] host_utc=2026-09-28T06:46:32.300+00:00 host_mono_ns=2337011490370560 phase=checkpoint container_pid=14 [CR-RERUN-20260927] RTPS_RX_QUEUE result=ok local_port=7400 peer_port=59420 bytes=204
[CR-DISCOVERY-PROBE-R28] host_utc=2026-09-28T06:46:32.300+00:00 host_mono_ns=2337011490382894 phase=checkpoint container_pid=14 LOG_NOTICE : 00000000.139 : [CR-RERUN-20260927] UDP_RECV result=ok mcp=0xdbebdc fd=15 local_port=7400 bytes=204 peer=172.18.0.5:7400
[CR-DISCOVERY-PROBE-R28] host_utc=2026-09-28T06:46:32.300+00:00 host_mono_ns=2337011490395958 phase=checkpoint container_pid=14 [CR-RERUN-20260927] RTPS_RX peer=172.18.0.5:59420 local_port=7400 bytes=204
[CR-DISCOVERY-PROBE-R28] host_utc=2026-09-28T06:46:32.300+00:00 host_mono_ns=2337011490408392 phase=checkpoint container_pid=14 [CR-RERUN-20260927] RTPS_RX_QUEUE result=ok local_port=7400 peer_port=59420 bytes=204
[CR-DISCOVERY-PROBE-R28] host_utc=2026-09-28T06:46:32.300+00:00 host_mono_ns=2337011490420615 phase=checkpoint container_pid=14 [CR-RERUN-20260927] RTPS_DATA parse=ok source_prefix=5fea3a1aeee1f18621668800 reader_id=000100c7 writer_id=000100c2 sequence=0:1 payload_bytes=148 reader_found=1
[CR-DISCOVERY-PROBE-R28] host_utc=2026-09-28T06:46:32.300+00:00 host_mono_ns=2337011490444991 phase=checkpoint container_pid=14 [DISCOVERY_PROBE] event=spdp_builtin_capabilities remote_sum=1523 locator=172.18.0.5 pub_writer=1 sub_writer=1 pub_reader=1 sub_reader=1
[CR-DISCOVERY-PROBE-R28] host_utc=2026-09-28T06:46:32.301+00:00 host_mono_ns=2337011491856268 phase=checkpoint container_pid=14 [DISCOVERY_PROBE] event=add_reader_proxy_begin writer=sedp_publications proxies_empty=1 next=0:2 history_min=0:1 history_max=0:1 remote_eid=0.0.3:199
[CR-DISCOVERY-PROBE-R28] host_utc=2026-09-28T06:46:32.301+00:00 host_mono_ns=2337011491889200 phase=checkpoint container_pid=14 [DISCOVERY_PROBE] event=add_reader_proxy_end writer=sedp_publications success=1 proxies_empty=0 next=0:2
[CR-DISCOVERY-PROBE-R28] host_utc=2026-09-28T06:46:32.301+00:00 host_mono_ns=2337011491904289 phase=checkpoint container_pid=14 [DISCOVERY_PROBE] event=add_reader_proxy_begin writer=sedp_subscriptions proxies_empty=1 next=0:2 history_min=0:1 history_max=0:1 remote_eid=0.0.4:199
[CR-DISCOVERY-PROBE-R28] host_utc=2026-09-28T06:46:32.301+00:00 host_mono_ns=2337011491917343 phase=checkpoint container_pid=14 [DISCOVERY_PROBE] event=add_reader_proxy_end writer=sedp_subscriptions success=1 proxies_empty=0 next=0:2
[CR-DISCOVERY-PROBE-R28] host_utc=2026-09-28T06:46:32.301+00:00 host_mono_ns=2337011491929887 phase=checkpoint container_pid=14 [CR-RERUN-20260927] RTPS_DATA_DELIVERY result=newChange kind=user sequence=0:1
[CR-DISCOVERY-PROBE-R28] host_utc=2026-09-28T06:46:32.301+00:00 host_mono_ns=2337011491942271 phase=checkpoint container_pid=14 LOG_NOTICE : 00000000.142 : LOG_NOTICE : 00000000.142 : [CR-RERUN-20260927] UDP_RECV result=ok mcp=0xdbebdc fd=15 local_port=7400 bytes=204 peer=172.18.0.3:7400[CR-RERUN-20260927] UDP_SEND result=ok fd=15 local_port=7400 destination=239.255.0.1:7400 bytes=204 returned=204 errno=0
[CR-DISCOVERY-PROBE-R28] host_utc=2026-09-28T06:46:32.301+00:00 host_mono_ns=2337011491954904 phase=checkpoint container_pid=14 
[CR-DISCOVERY-PROBE-R28] host_utc=2026-09-28T06:46:32.301+00:00 host_mono_ns=2337011491967598 phase=checkpoint container_pid=14 [CR-RERUN-20260927] RTPS_UDP_SEND result=ok source_port=7400 destination=172.18.0.3:7400 bytes=204 lwip_err=0
[CR-DISCOVERY-PROBE-R28] host_utc=2026-09-28T06:46:32.301+00:00 host_mono_ns=2337011491980002 phase=checkpoint container_pid=14 [CR-RERUN-20260927] RTPS_RX peer=172.18.0.3:59420 local_port=7400 bytes=204
[CR-DISCOVERY-PROBE-R28] host_utc=2026-09-28T06:46:33.297+00:00 host_mono_ns=2337012487887628 phase=checkpoint container_pid=14 [CR-RERUN-20260927] RTPS_RX_QUEUE result=ok local_port=7400 peer_port=59420 bytes=204
[CR-DISCOVERY-PROBE-R28] host_utc=2026-09-28T06:46:33.297+00:00 host_mono_ns=2337012487921952 phase=checkpoint container_pid=14 LOG_NOTICE : 00000000.221 : ready to pub/sub message
[CR-DISCOVERY-PROBE-R28] host_utc=2026-09-28T06:46:33.297+00:00 host_mono_ns=2337012487935037 phase=checkpoint container_pid=14 
[CR-DISCOVERY-PROBE-R28] host_utc=2026-09-28T06:46:33.297+00:00 host_mono_ns=2337012487946870 phase=checkpoint container_pid=14 [CR-RERUN-20260927] APP publish_begin topic=/to_linux id=0 payload='Hello from mros2-posix onto Linux: 0'
[CR-DISCOVERY-PROBE-R28] host_utc=2026-09-28T06:46:33.297+00:00 host_mono_ns=2337012487958311 phase=checkpoint container_pid=14 [CR-RERUN-20260927] APP publish_return topic=/to_linux id=0
[CR-DISCOVERY-PROBE-R28] host_utc=2026-09-28T06:46:33.297+00:00 host_mono_ns=2337012487969232 phase=checkpoint container_pid=14 LOG_NOTICE : 00000000.386 : [CR-RERUN-20260927] UDP_RECV result=ok mcp=0xdbebdc fd=15 local_port=7400 bytes=204 peer=172.18.0.5:7400
[CR-DISCOVERY-PROBE-R28] host_utc=2026-09-28T06:46:33.297+00:00 host_mono_ns=2337012487981245 phase=checkpoint container_pid=14 [CR-RERUN-20260927] RTPS_RX peer=172.18.0.5:59420 local_port=7400 bytes=204
[CR-DISCOVERY-PROBE-R28] host_utc=2026-09-28T06:46:33.297+00:00 host_mono_ns=2337012487992035 phase=checkpoint container_pid=14 [CR-RERUN-20260927] RTPS_RX_QUEUE result=ok local_port=7400 peer_port=59420 bytes=204
[CR-DISCOVERY-PROBE-R28] host_utc=2026-09-28T06:46:33.297+00:00 host_mono_ns=2337012488046538 phase=checkpoint container_pid=14 [CR-RERUN-20260927] RTPS_DATA parse=ok source_prefix=5fea3a1aeee1f18621668800 reader_id=000100c7 writer_id=000100c2 sequence=0:1 payload_bytes=148 reader_found=1
[CR-DISCOVERY-PROBE-R28] host_utc=2026-09-28T06:46:33.297+00:00 host_mono_ns=2337012488067107 phase=checkpoint container_pid=14 [CR-RERUN-20260927] RTPS_DATA_DELIVERY result=newChange kind=user sequence=0:1
[CR-DISCOVERY-PROBE-R28] host_utc=2026-09-28T06:46:34.298+00:00 host_mono_ns=2337013488217581 phase=checkpoint container_pid=14 LOG_NOTICE : 00000001.138 : LOG_NOTICE : 00000001.138 : [CR-RERUN-20260927] UDP_RECV result=ok mcp=0xdbebdc fd=15 local_port=7400 bytes=204 peer=172.18.0.3:7400[CR-RERUN-20260927] UDP_SEND result=ok fd=15 local_port=7400 destination=239.255.0.1:7400 bytes=204 returned=204 errno=0
[CR-DISCOVERY-PROBE-R28] host_utc=2026-09-28T06:46:34.298+00:00 host_mono_ns=2337013488268417 phase=checkpoint container_pid=14 
[CR-DISCOVERY-PROBE-R28] host_utc=2026-09-28T06:46:34.298+00:00 host_mono_ns=2337013488285890 phase=checkpoint container_pid=14 [CR-RERUN-20260927] RTPS_UDP_SEND result=ok source_port=7400 destination=172.18.0.3:7400 bytes=204 lwip_err=0
[CR-DISCOVERY-PROBE-R28] host_utc=2026-09-28T06:46:34.298+00:00 host_mono_ns=2337013488301479 phase=checkpoint container_pid=14 [CR-RERUN-20260927] RTPS_RX peer=172.18.0.3:59420 local_port=7400 bytes=204
[CR-DISCOVERY-PROBE-R28] host_utc=2026-09-28T06:46:34.298+00:00 host_mono_ns=2337013488316067 phase=checkpoint container_pid=14 [CR-RERUN-20260927] RTPS_RX_QUEUE result=ok local_port=7400 peer_port=59420 bytes=204
[CR-DISCOVERY-PROBE-R28] host_utc=2026-09-28T06:46:34.298+00:00 host_mono_ns=2337013488329713 phase=checkpoint container_pid=14 [CR-RERUN-20260927] APP publish_begin topic=/to_linux id=1 payload='Hello from mros2-posix onto Linux: 1'
[CR-DISCOVERY-PROBE-R28] host_utc=2026-09-28T06:46:34.298+00:00 host_mono_ns=2337013488344270 phase=checkpoint container_pid=14 [CR-RERUN-20260927] APP publish_return topic=/to_linux id=1
[CR-DISCOVERY-PROBE-R28] host_utc=2026-09-28T06:46:34.298+00:00 host_mono_ns=2337013488359349 phase=checkpoint container_pid=14 LOG_NOTICE : 00000001.387 : [CR-RERUN-20260927] UDP_RECV result=ok mcp=0xdbebdc fd=15 local_port=7400 bytes=204 peer=172.18.0.5:7400
[CR-DISCOVERY-PROBE-R28] host_utc=2026-09-28T06:46:34.298+00:00 host_mono_ns=2337013488374698 phase=checkpoint container_pid=14 [CR-RERUN-20260927] RTPS_RX peer=172.18.0.5:59420 local_port=7400 bytes=204
[CR-DISCOVERY-PROBE-R28] host_utc=2026-09-28T06:46:34.298+00:00 host_mono_ns=2337013488389305 phase=checkpoint container_pid=14 [CR-RERUN-20260927] RTPS_RX_QUEUE result=ok local_port=7400 peer_port=59420 bytes=204
[CR-DISCOVERY-PROBE-R28] host_utc=2026-09-28T06:46:34.298+00:00 host_mono_ns=2337013488403783 phase=checkpoint container_pid=14 [CR-RERUN-20260927] RTPS_DATA parse=ok source_prefix=5fea3a1aeee1f18621668800 reader_id=000100c7 writer_id=000100c2 sequence=0:1 payload_bytes=148 reader_found=1
[CR-DISCOVERY-PROBE-R28] host_utc=2026-09-28T06:46:34.298+00:00 host_mono_ns=2337013488418981 phase=checkpoint container_pid=14 [CR-RERUN-20260927] RTPS_DATA_DELIVERY result=newChange kind=user sequence=0:1
[CR-DISCOVERY-PROBE-R28] host_utc=2026-09-28T06:46:34.546+00:00 host_mono_ns=2337013736684772 phase=checkpoint container_pid=14 LOG_NOTICE : 00000002.139 : LOG_NOTICE : 00000002.139 : [CR-RERUN-20260927] UDP_SEND result=ok fd=15 local_port=7400 destination=239.255.0.1:7400 bytes=204 returned=204 errno=0[CR-RERUN-20260927] UDP_RECV result=ok mcp=0xdbebdc fd=15 local_port=7400 bytes=204 peer=172.18.0.3:7400
[CR-DISCOVERY-PROBE-R28] host_utc=2026-09-28T06:46:34.546+00:00 host_mono_ns=2337013736737842 phase=checkpoint container_pid=14 [CR-RERUN-20260927] RTPS_UDP_SEND result=ok source_port=7400 destination=239.255.0.1:7400 bytes=204 lwip_err=0
[CR-DISCOVERY-PROBE-R28] host_utc=2026-09-28T06:46:34.546+00:00 host_mono_ns=2337013736751528 phase=checkpoint container_pid=14 
[CR-DISCOVERY-PROBE-R28] host_utc=2026-09-28T06:46:34.546+00:00 host_mono_ns=2337013736783168 phase=checkpoint container_pid=14 [CR-RERUN-20260927] RTPS_RX peer=172.18.0.3:59420 local_port=7400 bytes=204
[CR-DISCOVERY-PROBE-R28] host_utc=2026-09-28T06:46:34.546+00:00 host_mono_ns=2337013736801052 phase=checkpoint container_pid=14 [CR-RERUN-20260927] RTPS_RX_QUEUE result=ok local_port=7400 peer_port=59420 bytes=204
[CR-DISCOVERY-PROBE-R28] host_utc=2026-09-28T06:46:34.546+00:00 host_mono_ns=2337013736811962 phase=checkpoint container_pid=14 [CR-RERUN-20260927] APP publish_begin topic=/to_linux id=2 payload='Hello from mros2-posix onto Linux: 2'
[CR-DISCOVERY-PROBE-R28] host_utc=2026-09-28T06:46:34.546+00:00 host_mono_ns=2337013736823013 phase=checkpoint container_pid=14 [CR-RERUN-20260927] APP publish_return topic=/to_linux id=2
[CR-DISCOVERY-PROBE-R28] host_utc=2026-09-28T06:46:34.546+00:00 host_mono_ns=2337013736834425 phase=checkpoint container_pid=14 LOG_NOTICE : 00000002.387 : [CR-RERUN-20260927] UDP_RECV result=ok mcp=0xdbebdc fd=15 local_port=7400 bytes=204 peer=172.18.0.5:7400
[CR-DISCOVERY-PROBE-R28] host_utc=2026-09-28T06:46:34.546+00:00 host_mono_ns=2337013736845716 phase=checkpoint container_pid=14 [CR-RERUN-20260927] RTPS_RX peer=172.18.0.5:59420 local_port=7400 bytes=204
[CR-DISCOVERY-PROBE-R28] host_utc=2026-09-28T06:46:34.546+00:00 host_mono_ns=2337013736856266 phase=checkpoint container_pid=14 [CR-RERUN-20260927] RTPS_RX_QUEUE result=ok local_port=7400 peer_port=59420 bytes=204
[CR-DISCOVERY-PROBE-R28] host_utc=2026-09-28T06:46:35.545+00:00 host_mono_ns=2337014735992021 phase=checkpoint container_pid=14 [CR-RERUN-20260927] RTPS_DATA parse=ok source_prefix=5fea3a1aeee1f18621668800 reader_id=000100c7 writer_id=000100c2 sequence=0:1 payload_bytes=148 reader_found=1
[CR-DISCOVERY-PROBE-R28] host_utc=2026-09-28T06:46:35.545+00:00 host_mono_ns=2337014736073365 phase=checkpoint container_pid=14 [CR-RERUN-20260927] RTPS_DATA_DELIVERY result=newChange kind=user sequence=0:1
[CR-DISCOVERY-PROBE-R28] host_utc=2026-09-28T06:46:35.545+00:00 host_mono_ns=2337014736087611 phase=checkpoint container_pid=14 LOG_NOTICE : 00000003.140 : LOG_NOTICE : 00000003.140 : [CR-RERUN-20260927] UDP_RECV result=ok mcp=0xdbebdc fd=15 local_port=7400 bytes=204 peer=172.18.0.3:7400[CR-RERUN-20260927] UDP_SEND result=ok fd=15 local_port=7400 destination=239.255.0.1:7400 bytes=204 returned=204 errno=0
[CR-DISCOVERY-PROBE-R28] host_utc=2026-09-28T06:46:35.545+00:00 host_mono_ns=2337014736099494 phase=checkpoint container_pid=14 
[CR-DISCOVERY-PROBE-R28] host_utc=2026-09-28T06:46:35.545+00:00 host_mono_ns=2337014736110585 phase=checkpoint container_pid=14 [CR-RERUN-20260927] RTPS_UDP_SEND result=ok source_port=7400 destination=172.18.0.3:7400 bytes=204 lwip_err=0
[CR-DISCOVERY-PROBE-R28] host_utc=2026-09-28T06:46:35.545+00:00 host_mono_ns=2337014736121666 phase=checkpoint container_pid=14 [CR-RERUN-20260927] RTPS_RX peer=172.18.0.3:59420 local_port=7400 bytes=204
[CR-DISCOVERY-PROBE-R28] host_utc=2026-09-28T06:46:35.545+00:00 host_mono_ns=2337014736132256 phase=checkpoint container_pid=14 [CR-RERUN-20260927] RTPS_RX_QUEUE result=ok local_port=7400 peer_port=59420 bytes=204
[CR-DISCOVERY-PROBE-R28] host_utc=2026-09-28T06:46:35.545+00:00 host_mono_ns=2337014736143106 phase=checkpoint container_pid=14 [CR-RERUN-20260927] APP publish_begin topic=/to_linux id=3 payload='Hello from mros2-posix onto Linux: 3'
[CR-DISCOVERY-PROBE-R28] host_utc=2026-09-28T06:46:35.545+00:00 host_mono_ns=2337014736153676 phase=checkpoint container_pid=14 [CR-RERUN-20260927] APP publish_return topic=/to_linux id=3
[CR-DISCOVERY-PROBE-R28] host_utc=2026-09-28T06:46:35.547+00:00 host_mono_ns=2337014737646978 phase=checkpoint container_pid=14 LOG_NOTICE : 00000003.387 : [CR-RERUN-20260927] UDP_RECV result=ok mcp=0xdbec14 fd=3 local_port=7410 bytes=52 peer=172.18.0.5:7410LOG_NOTICE : 00000003.387 : 
[CR-DISCOVERY-PROBE-R28] host_utc=2026-09-28T06:46:35.547+00:00 host_mono_ns=2337014737684439 phase=checkpoint container_pid=14 [CR-RERUN-20260927] UDP_RECV result=ok mcp=0xdbebdc fd=15 local_port=7400 bytes=204 peer=172.18.0.5:7400[CR-RERUN-20260927] RTPS_RX peer=172.18.0.5:61980 local_port=7410 bytes=52
[CR-DISCOVERY-PROBE-R28] host_utc=2026-09-28T06:46:35.547+00:00 host_mono_ns=2337014737730857 phase=checkpoint container_pid=14 
[CR-DISCOVERY-PROBE-R28] host_utc=2026-09-28T06:46:35.547+00:00 host_mono_ns=2337014737745374 phase=checkpoint container_pid=14 [CR-RERUN-20260927] RTPS_RX_QUEUE result=ok local_port=7410 peer_port=61980 bytes=52
[CR-DISCOVERY-PROBE-R28] host_utc=2026-09-28T06:46:35.547+00:00 host_mono_ns=2337014737759381 phase=checkpoint container_pid=14 [CR-RERUN-20260927] RTPS_RX peer=172.18.0.5:59420 local_port=7400 bytes=204
[CR-DISCOVERY-PROBE-R28] host_utc=2026-09-28T06:46:35.547+00:00 host_mono_ns=2337014737772095 phase=checkpoint container_pid=14 LOG_NOTICE : 00000003.388 : [CR-RERUN-20260927] RTPS_RX_QUEUE result=ok local_port=7400 peer_port=59420 bytes=204
[CR-DISCOVERY-PROBE-R28] host_utc=2026-09-28T06:46:35.547+00:00 host_mono_ns=2337014737785440 phase=checkpoint container_pid=14 [CR-RERUN-20260927] UDP_RECV result=ok mcp=0xdbec14 fd=3 local_port=7410 bytes=52 peer=172.18.0.5:7410LOG_NOTICE : 00000003.388 : 
[CR-DISCOVERY-PROBE-R28] host_utc=2026-09-28T06:46:35.547+00:00 host_mono_ns=2337014737798424 phase=checkpoint container_pid=14 [CR-RERUN-20260927] UDP_SEND result=ok fd=3 local_port=7410 destination=172.18.0.5:7410 bytes=52 returned=52 errno=0[CR-RERUN-20260927] RTPS_RX peer=172.18.0.5:61980 local_port=7410 bytes=52
[CR-DISCOVERY-PROBE-R28] host_utc=2026-09-28T06:46:35.547+00:00 host_mono_ns=2337014737811028 phase=checkpoint container_pid=14 
[CR-DISCOVERY-PROBE-R28] host_utc=2026-09-28T06:46:35.547+00:00 host_mono_ns=2337014737823632 phase=checkpoint container_pid=14 [CR-RERUN-20260927] RTPS_UDP_SEND result=ok source_port=7410 destination=172.18.0.5:7410 bytes=52 lwip_err=0
[CR-DISCOVERY-PROBE-R28] host_utc=2026-09-28T06:46:35.547+00:00 host_mono_ns=2337014737836947 phase=checkpoint container_pid=14 [CR-RERUN-20260927] RTPS_RX_QUEUE result=ok local_port=7410 peer_port=61980 bytes=52
[CR-DISCOVERY-PROBE-R28] host_utc=2026-09-28T06:46:35.553+00:00 host_mono_ns=2337014743660392 phase=checkpoint container_pid=14 LOG_NOTICE : 00000003.389 : [CR-RERUN-20260927] RTPS_DATA parse=ok source_prefix=5f[CR-RERUN-20260927] UDP_RECV result=ok mcp=0xdbec14 fd=3 local_port=7410 bytes=216 peer=172.18.0.5:7410ea
[CR-DISCOVERY-PROBE-R28] host_utc=2026-09-28T06:46:35.553+00:00 host_mono_ns=2337014743682815 phase=checkpoint container_pid=14 3a[CR-RERUN-20260927] RTPS_RX peer=172.18.0.5:61980 local_port=7410 bytes=216
[CR-DISCOVERY-PROBE-R28] host_utc=2026-09-28T06:46:35.553+00:00 host_mono_ns=2337014743694106 phase=checkpoint container_pid=14 1a[CR-RERUN-20260927] RTPS_RX_QUEUE result=ok local_port=7410 peer_port=61980 bytes=216
[CR-DISCOVERY-PROBE-R28] host_utc=2026-09-28T06:46:35.553+00:00 host_mono_ns=2337014743704776 phase=checkpoint container_pid=14 eee1f18621668800 reader_id=000100c7 writer_id=000100c2 sequence=0:1 payload_bytes=148 reader_found=1
[CR-DISCOVERY-PROBE-R28] host_utc=2026-09-28T06:46:35.553+00:00 host_mono_ns=2337014743715707 phase=checkpoint container_pid=14 [CR-RERUN-20260927] RTPS_DATA_DELIVERY result=newChange kind=user sequence=0:1
[CR-DISCOVERY-PROBE-R28] host_utc=2026-09-28T06:46:35.553+00:00 host_mono_ns=2337014743726357 phase=checkpoint container_pid=14 LOG_NOTICE : 00000003.394 : LOG_NOTICE : 00000003.394 : [CR-RERUN-20260927] UDP_SEND result=ok fd=3 local_port=7410 destination=172.18.0.5:7410 bytes=52 returned=52 errno=0[CR-RERUN-20260927] UDP_RECV result=ok mcp=0xdbec14 fd=3 local_port=7410 bytes=216 peer=172.18.0.5:7410
[CR-DISCOVERY-PROBE-R28] host_utc=2026-09-28T06:46:35.553+00:00 host_mono_ns=2337014743738139 phase=checkpoint container_pid=14 
[CR-DISCOVERY-PROBE-R28] host_utc=2026-09-28T06:46:35.553+00:00 host_mono_ns=2337014743748739 phase=checkpoint container_pid=14 [CR-RERUN-20260927] RTPS_UDP_SEND result=ok source_port=7410 destination=172.18.0.5:7410 bytes=52 lwip_err=0
[CR-DISCOVERY-PROBE-R28] host_utc=2026-09-28T06:46:35.553+00:00 host_mono_ns=2337014743759369 phase=checkpoint container_pid=14 [CR-RERUN-20260927] RTPS_RX peer=172.18.0.5:61980 local_port=7410 bytes=216
[CR-DISCOVERY-PROBE-R28] host_utc=2026-09-28T06:46:36.276+00:00 host_mono_ns=2337015466450631 phase=checkpoint container_pid=14 [CR-RERUN-20260927] RTPS_RX_QUEUE result=0927] WASI_SOCKET event=sock_recv_from_enter wasi_fd=15 iovecs=1 capacity=65535 flags=0
[CR-DISCOVERY-PROBE-R28] host_utc=2026-09-28T06:46:36.276+00:00 host_mono_ns=2337015466495155 phase=checkpoint container_pid=14 [CR-RERUN-20260927] WASI_SOCKET event=sock_send_to_enter wasi_fd=15 bytes=204 flags=0 destination=239.255.0.1:7400
[CR-DISCOVERY-PROBE-R28] host_utc=2026-09-28T06:46:36.276+00:00 host_mono_ns=2337015466508120 phase=checkpoint container_pid=14 [CR-RERUN-20260927] WASI_SOCKET event=sock_recv_from_return wasi_fd=15 wasi_errno=0 bytes=204 source=172.18.0.3:7400
[CR-DISCOVERY-PROBE-R28] host_utc=2026-09-28T06:46:36.276+00:00 host_mono_ns=2337015466519151 phase=checkpoint container_pid=14 [CR-RERUN-20260927] WASI_SOCKET event=sock_send_to_return wasi_fd=15 wasi_errno=0 bytes=204
[CR-DISCOVERY-PROBE-R28] host_utc=2026-09-28T06:46:36.276+00:00 host_mono_ns=2337015466530512 phase=checkpoint container_pid=14 [CR-RERUN-20260927] WASI_SOCKET event=sock_recv_from_enter wasi_fd=15 iovecs=1 capacity=65535 flags=0
[CR-DISCOVERY-PROBE-R28] host_utc=2026-09-28T06:46:36.276+00:00 host_mono_ns=2337015466541483 phase=checkpoint container_pid=14 [CR-RERUN-20260927] WASI_SOCKET event=sock_recv_from_return wasi_fd=15 wasi_errno=0 bytes=204 source=172.18.0.5:7400
[CR-DISCOVERY-PROBE-R28] host_utc=2026-09-28T06:46:36.276+00:00 host_mono_ns=2337015466551822 phase=checkpoint container_pid=14 [CR-RERUN-20260927] WASI_SOCKET event=sock_recv_from_enter wasi_fd=15 iovecs=1 capacity=65535 flags=0
[CR-DISCOVERY-PROBE-R28] host_utc=2026-09-28T06:46:36.276+00:00 host_mono_ns=2337015466562242 phase=checkpoint container_pid=14 [CR-RERUN-20260927] WASI_SOCKET event=sock_send_to_enter wasi_fd=15 bytes=204 flags=0 destination=239.255.0.1:7400
[CR-DISCOVERY-PROBE-R28] host_utc=2026-09-28T06:46:36.276+00:00 host_mono_ns=2337015466572582 phase=checkpoint container_pid=14 [CR-RERUN-20260927] WASI_SOCKET event=sock_recv_from_return wasi_fd=15 wasi_errno=0 bytes=204 source=172.18.0.3:7400
[CR-DISCOVERY-PROBE-R28] host_utc=2026-09-28T06:46:36.276+00:00 host_mono_ns=2337015466582831 phase=checkpoint container_pid=14 [CR-RERUN-20260927] WASI_SOCKET event=sock_send_to_return wasi_fd=15 wasi_errno=0 bytes=204
[CR-DISCOVERY-PROBE-R28] host_utc=2026-09-28T06:46:36.276+00:00 host_mono_ns=2337015466593181 phase=checkpoint container_pid=14 [CR-RERUN-20260927] WASI_SOCKET event=sock_recv_from_enter wasi_fd=15 iovecs=1 capacity=65535 flags=0
[CR-DISCOVERY-PROBE-R28] host_utc=2026-09-28T06:46:36.276+00:00 host_mono_ns=2337015466603600 phase=checkpoint container_pid=14 [CR-RERUN-20260927] WASI_SOCKET event=sock_recv_from_return wasi_fd=15 wasi_errno=0 bytes=204 source=172.18.0.5:7400
[CR-DISCOVERY-PROBE-R28] host_utc=2026-09-28T06:46:36.276+00:00 host_mono_ns=2337015466613950 phase=checkpoint container_pid=14 [CR-RERUN-20260927] WASI_SOCKET event=sock_recv_from_enter wasi_fd=15 iovecs=1 capacity=65535 flags=0
[CR-DISCOVERY-PROBE-R28] host_utc=2026-09-28T06:46:36.276+00:00 host_mono_ns=2337015466624460 phase=checkpoint container_pid=14 [CR-RERUN-20260927] WASI_SOCKET event=sock_send_to_enter wasi_fd=15 bytes=204 flags=0 destination=239.255.0.1:7400
[CR-DISCOVERY-PROBE-R28] host_utc=2026-09-28T06:46:36.276+00:00 host_mono_ns=2337015466634779 phase=checkpoint container_pid=14 [CR-RERUN-20260927] WASI_SOCKET event=sock_recv_from_return wasi_fd=15 wasi_errno=0 bytes=204 source=172.18.0.3:7400
[CR-DISCOVERY-PROBE-R28] host_utc=2026-09-28T06:46:36.276+00:00 host_mono_ns=2337015466645059 phase=checkpoint container_pid=14 [CR-RERUN-20260927] WASI_SOCKET event=sock_send_to_return wasi_fd=15 wasi_errno=0 bytes=204
[CR-DISCOVERY-PROBE-R28] host_utc=2026-09-28T06:46:36.276+00:00 host_mono_ns=2337015466655308 phase=checkpoint container_pid=14 [CR-RERUN-20260927] WASI_SOCKET event=sock_recv_from_enter wasi_fd=15 iovecs=1 capacity=65535 flags=0
[CR-DISCOVERY-PROBE-R28] host_utc=2026-09-28T06:46:36.276+00:00 host_mono_ns=2337015466679003 phase=checkpoint container_pid=14 [CR-RERUN-20260927] WASI_SOCKET event=sock_recv_from_return wasi_fd=15 wasi_errno=0 bytes=204 source=172.18.0.5:7400
[CR-DISCOVERY-PROBE-R28] host_utc=2026-09-28T06:46:36.276+00:00 host_mono_ns=2337015466694933 phase=checkpoint container_pid=14 [CR-RERUN-20260927] WASI_SOCKET event=sock_recv_from_enter wasi_fd=15 iovecs=1 capacity=65535 flags=0
[CR-DISCOVERY-PROBE-R28] host_utc=2026-09-28T06:46:36.276+00:00 host_mono_ns=2337015466705322 phase=checkpoint container_pid=14 [CR-RERUN-20260927] WASI_SOCKET event=sock_send_to_enter wasi_fd=15 bytes=204 flags=0 destination=239.255.0.1:7400
[CR-DISCOVERY-PROBE-R28] host_utc=2026-09-28T06:46:36.276+00:00 host_mono_ns=2337015466715572 phase=checkpoint container_pid=14 [CR-RERUN-20260927] WASI_SOCKET event=sock_recv_from_return wasi_fd=15 wasi_errno=0 bytes=204 source=172.18.0.3:7400
[CR-DISCOVERY-PROBE-R28] host_utc=2026-09-28T06:46:36.276+00:00 host_mono_ns=2337015466725851 phase=checkpoint container_pid=14 [CR-RERUN-20260927] WASI_SOCKET event=sock_send_to_return wasi_fd=15 wasi_errno=0 bytes=204
[CR-DISCOVERY-PROBE-R28] host_utc=2026-09-28T06:46:36.276+00:00 host_mono_ns=2337015466736101 phase=checkpoint container_pid=14 [CR-RERUN-20260927] WASI_SOCKET event=sock_recv_from_enter wasi_fd=15 iovecs=1 capacity=65535 flags=0
[CR-DISCOVERY-PROBE-R28] host_utc=2026-09-28T06:46:36.276+00:00 host_mono_ns=2337015466746410 phase=checkpoint container_pid=14 [CR-RERUN-20260927] WASI_SOCKET event=sock_recv_from_return wasi_fd=3 wasi_errno=0 bytes=52 source=172.18.0.5:7410
[CR-DISCOVERY-PROBE-R28] host_utc=2026-09-28T06:46:36.276+00:00 host_mono_ns=2337015466756599 phase=checkpoint container_pid=14 [CR-RERUN-20260927] WASI_SOCKET event=sock_recv_from_return wasi_fd=15 wasi_errno=0 bytes=204 source=172.18.0.5:7400
[CR-DISCOVERY-PROBE-R28] host_utc=2026-09-28T06:46:36.276+00:00 host_mono_ns=2337015466766789 phase=checkpoint container_pid=14 [CR-RERUN-20260927] WASI_SOCKET event=sock_recv_from_enter wasi_fd=3 iovecs=1 capacity=65535 flags=0
[CR-DISCOVERY-PROBE-R28] host_utc=2026-09-28T06:46:36.276+00:00 host_mono_ns=2337015466777178 phase=checkpoint container_pid=14 [CR-RERUN-20260927] WASI_SOCKET event=sock_recv_from_return wasi_fd=3 wasi_errno=0 bytes=52 source=172.18.0.5:7410
[CR-DISCOVERY-PROBE-R28] host_utc=2026-09-28T06:46:36.276+00:00 host_mono_ns=2337015466787448 phase=checkpoint container_pid=14 [CR-RERUN-20260927] WASI_SOCKET event=sock_send_to_enter wasi_fd=3 bytes=52 flags=0 destination=172.18.0.5:7410
[CR-DISCOVERY-PROBE-R28] host_utc=2026-09-28T06:46:36.276+00:00 host_mono_ns=2337015466797817 phase=checkpoint container_pid=14 [CR-RERUN-20260927] WASI_SOCKET event=sock_send_to_return wasi_fd=3 wasi_errno=0 bytes=52
[CR-DISCOVERY-PROBE-R28] host_utc=2026-09-28T06:46:36.276+00:00 host_mono_ns=2337015466808237 phase=checkpoint container_pid=14 [CR-RERUN-20260927] WASI_SOCKET event=sock_recv_from_enter wasi_fd=15 iovecs=1 capacity=65535 flags=0
[CR-DISCOVERY-PROBE-R28] host_utc=2026-09-28T06:46:36.276+00:00 host_mono_ns=2337015466818747 phase=checkpoint container_pid=14 [CR-RERUN-20260927] WASI_SOCKET event=sock_recv_from_enter wasi_fd=3 iovecs=1 capacity=65535 flags=0
[CR-DISCOVERY-PROBE-R28] host_utc=2026-09-28T06:46:36.276+00:00 host_mono_ns=2337015466829247 phase=checkpoint container_pid=14 [CR-RERUN-20260927] WASI_SOCKET event=sock_recv_from_return wasi_fd=3 wasi_errno=0 bytes=216 source=172.18.0.5:7410
[CR-DISCOVERY-PROBE-R28] host_utc=2026-09-28T06:46:36.276+00:00 host_mono_ns=2337015466839446 phase=checkpoint container_pid=14 [CR-RERUN-20260927] WASI_SOCKET event=sock_recv_from_enter wasi_fd=3 iovecs=1 capacity=65535 flags=0
[CR-DISCOVERY-PROBE-R28] host_utc=2026-09-28T06:46:36.276+00:00 host_mono_ns=2337015466849796 phase=checkpoint container_pid=14 [CR-RERUN-20260927] WASI_SOCKET event=sock_send_to_enter wasi_fd=3 bytes=52 flags=0 destination=172.18.0.5:7410
[CR-DISCOVERY-PROBE-R28] host_utc=2026-09-28T06:46:36.276+00:00 host_mono_ns=2337015466860165 phase=checkpoint container_pid=14 [CR-RERUN-20260927] WASI_SOCKET event=sock_send_to_return wasi_fd=3 wasi_errno=0 bytes=52
[CR-DISCOVERY-PROBE-R28] host_utc=2026-09-28T06:46:36.276+00:00 host_mono_ns=2337015466881155 phase=checkpoint container_pid=14 [CR-RERUN-20260927] WASI_SOCKET event=sock_recv_from_return wasi_fd=3 wasi_errno=0 bytes=216 source=172.18.0.5:7410
[CR-DISCOVERY-PROBE-R28] host_utc=2026-09-28T06:46:36.276+00:00 host_mono_ns=2337015466891544 phase=checkpoint container_pid=14 [CR-RERUN-20260927] WASI_SOCKET event=sock_recv_from_enter wasi_fd=3 iovecs=1 capacity=65535 flags=0
[CR-DISCOVERY-PROBE-R28] host_utc=2026-09-28T06:46:36.276+00:00 host_mono_ns=2337015466901974 phase=checkpoint container_pid=14 [CR-RERUN-20260927] WASI_SOCKET event=sock_send_to_enter wasi_fd=3 bytes=52 flags=0 destination=172.18.0.5:7410
[CR-DISCOVERY-PROBE-R28] host_utc=2026-09-28T06:46:36.276+00:00 host_mono_ns=2337015466912244 phase=checkpoint container_pid=14 [CR-RERUN-20260927] WASI_SOCKET event=sock_senok local_port=7410 peer_port=61980 bytes=216
[CR-DISCOVERY-PROBE-R28] host_utc=2026-09-28T06:46:36.276+00:00 host_mono_ns=2337015466922974 phase=checkpoint container_pid=14 [CR-RERUN-20260927] RTPS_DATA parse=ok source_prefix=5fea3a1aeee1f18621668800 reader_id=000003c7 writer_id=000003c2 sequence=0:1 payload_bytes=160 reader_found=1
[CR-DISCOVERY-PROBE-R28] host_utc=2026-09-28T06:46:36.276+00:00 host_mono_ns=2337015466934395 phase=checkpoint container_pid=14 LOG_DEBUG : 00000003.398 : [MROS2LIB] subscriber matched with remote publisher
[CR-DISCOVERY-PROBE-R28] host_utc=2026-09-28T06:46:36.276+00:00 host_mono_ns=2337015466945466 phase=checkpoint container_pid=14 [CR-RERUN-20260927] RTPS_DATA_DELIVERY result=newChange kind=user sequence=0:1
[CR-DISCOVERY-PROBE-R28] host_utc=2026-09-28T06:46:36.276+00:00 host_mono_ns=2337015466955826 phase=checkpoint container_pid=14 [CR-RERUN-20260927] RTPS_DATA parse=ok source_prefix=5fea3a1aeee1f18621668800 reader_id=000004c7 writer_id=000004c2 sequence=0:1 payload_bytes=160 reader_found=1
[CR-DISCOVERY-PROBE-R28] host_utc=2026-09-28T06:46:36.276+00:00 host_mono_ns=2337015466966356 phase=checkpoint container_pid=14 LOG_DEBUG : 00000003.401 : [MROS2LIB] publisher matched with remote subscriber
[CR-DISCOVERY-PROBE-R28] host_utc=2026-09-28T06:46:36.276+00:00 host_mono_ns=2337015466978409 phase=checkpoint container_pid=14 [CR-RERUN-20260927] RTPS_DATA_DELIVERY result=newChange kind=user sequence=0:1
[CR-DISCOVERY-PROBE-R28] host_utc=2026-09-28T06:46:36.276+00:00 host_mono_ns=2337015466993046 phase=checkpoint container_pid=14 [DISCOVERY_PROBE] event=heartbeat_delay_return writer=sedp_publications status=0 backend=nanosleep
[CR-DISCOVERY-PROBE-R28] host_utc=2026-09-28T06:46:36.276+00:00 host_mono_ns=2337015467021921 phase=checkpoint container_pid=14 [DISCOVERY_PROBE] event=heartbeat_tick writer=sedp_publications proxies_empty=0
[CR-DISCOVERY-PROBE-R28] host_utc=2026-09-28T06:46:36.276+00:00 host_mono_ns=2337015467041578 phase=checkpoint container_pid=14 [DISCOVERY_PROBE] event=heartbeat_send writer=sedp_publications first=0:1 last=0:1 dst_port=7410
[CR-DISCOVERY-PROBE-R28] host_utc=2026-09-28T06:46:36.278+00:00 host_mono_ns=2337015468867729 phase=checkpoint container_pid=14 LOG_NOTICE : 00000004.117 : [CR-RERUN-20260927] UDP_SEND result=ok fd=3 local_port=7410 destination=172.18.0.5:7410 bytes=52 returned=52 errno=0
[CR-DISCOVERY-PROBE-R28] host_utc=2026-09-28T06:46:36.278+00:00 host_mono_ns=2337015468903456 phase=checkpoint container_pid=14 [CR-RERUN-20260927] RTPS_UDP_SEND result=ok source_port=7410 destination=172.18.0.5:7410 bytes=52 lwip_err=0
[CR-DISCOVERY-PROBE-R28] host_utc=2026-09-28T06:46:36.278+00:00 host_mono_ns=2337015468917102 phase=checkpoint container_pid=14 LOG_NOTICE : 00000004.118 : [CR-RERUN-20260927] UDP_RECV result=ok mcp=0xdbec14 fd=3 local_port=7410 bytes=52 peer=172.18.0.5:7410
[CR-DISCOVERY-PROBE-R28] host_utc=2026-09-28T06:46:36.278+00:00 host_mono_ns=2337015468929165 phase=checkpoint container_pid=14 [CR-RERUN-20260927] RTPS_RX peer=172.18.0.5:61980 local_port=7410 bytes=52
[CR-DISCOVERY-PROBE-R28] host_utc=2026-09-28T06:46:36.278+00:00 host_mono_ns=2337015468954333 phase=checkpoint container_pid=14 [CR-RERUN-20260927] RTPS_RX_QUEUE result=ok local_port=7410 peer_port=61980 bytes=52
[CR-DISCOVERY-PROBE-R28] host_utc=2026-09-28T06:46:36.278+00:00 host_mono_ns=2337015468978719 phase=checkpoint container_pid=14 [DISCOVERY_PROBE] event=heartbeat_delay_return writer=sedp_subscriptions status=0 backend=nanosleep
[CR-DISCOVERY-PROBE-R28] host_utc=2026-09-28T06:46:36.278+00:00 host_mono_ns=2337015468992845 phase=checkpoint container_pid=14 [DISCOVERY_PROBE] event=heartbeat_tick writer=sedp_subscriptions proxies_empty=0
[CR-DISCOVERY-PROBE-R28] host_utc=2026-09-28T06:46:36.278+00:00 host_mono_ns=2337015469016320 phase=checkpoint container_pid=14 [DISCOVERY_PROBE] event=heartbeat_send writer=sedp_subscriptions first=0:1 last=0:1 dst_port=7410
[CR-DISCOVERY-PROBE-R28] host_utc=2026-09-28T06:46:36.278+00:00 host_mono_ns=2337015469036808 phase=checkpoint container_pid=14 LOG_NOTICE : 00000004.119 : [CR-RERUN-20260927] UDP_SEND result=ok fd=3 local_port=7410 destination=172.18.0.5:7410 bytes=216 returned=216 errno=0
[CR-DISCOVERY-PROBE-R28] host_utc=2026-09-28T06:46:36.278+00:00 host_mono_ns=2337015469051586 phase=checkpoint container_pid=14 [CR-RERUN-20260927] RTPS_UDP_SEND result=ok source_port=7410 destination=172.18.0.5:7410 bytes=216 lwip_err=0
[CR-DISCOVERY-PROBE-R28] host_utc=2026-09-28T06:46:36.299+00:00 host_mono_ns=2337015489585601 phase=checkpoint container_pid=14 LOG_NOTICE : 00000004.120 : LOG_NOTICE : 00000004.120 : [CR-RERUN-20260927] UDP_SEND result=ok fd=3 local_port=7410 destination=172.18.0.5:7410 bytes=52 returned=52 errno=0[CR-RERUN-20260927] UDP_RECV result=ok mcp=0xdbec14 fd=3 local_port=7410 bytes=52 peer=172.18.0.5:7410
[CR-DISCOVERY-PROBE-R28] host_utc=2026-09-28T06:46:36.299+00:00 host_mono_ns=2337015489622671 phase=checkpoint container_pid=14 
[CR-DISCOVERY-PROBE-R28] host_utc=2026-09-28T06:46:36.299+00:00 host_mono_ns=2337015489636006 phase=checkpoint container_pid=14 [CR-RERUN-20260927] RTPS_UDP_SEND result=ok source_port=7410 destination=172.18.0.5:7410 bytes=52 lwip_err=0
[CR-DISCOVERY-PROBE-R28] host_utc=2026-09-28T06:46:36.299+00:00 host_mono_ns=2337015489648379 phase=checkpoint container_pid=14 [CR-RERUN-20260927] RTPS_RX peer=172.18.0.5:61980 local_port=7410 bytes=52
[CR-DISCOVERY-PROBE-R28] host_utc=2026-09-28T06:46:36.299+00:00 host_mono_ns=2337015489660662 phase=checkpoint container_pid=14 [CR-RERUN-20260927] RTPS_RX_QUEUE result=ok local_port=7410 peer_port=61980 bytes=52
[CR-DISCOVERY-PROBE-R28] host_utc=2026-09-28T06:46:36.299+00:00 host_mono_ns=2337015489671803 phase=checkpoint container_pid=14 LOG_NOTICE : 00000004.121 : [CR-RERUN-20260927] UDP_SEND result=ok fd=3 local_port=7410 destination=172.18.0.5:7410 bytes=216 returned=216 errno=0
[CR-DISCOVERY-PROBE-R28] host_utc=2026-09-28T06:46:36.299+00:00 host_mono_ns=2337015489683526 phase=checkpoint container_pid=14 [CR-RERUN-20260927] RTPS_UDP_SEND result=ok source_port=7410 destination=172.18.0.5:7410 bytes=216 lwip_err=0
[CR-DISCOVERY-PROBE-R28] host_utc=2026-09-28T06:46:36.299+00:00 host_mono_ns=2337015489694386 phase=checkpoint container_pid=14 LOG_NOTICE : 00000004.140 : [CR-RERUN-20260927] UDP_SEND result=ok fd=15 local_port=7400 destination=239.255.0.1:7400 bytes=204 returned=204 errno=0LOG_NOTICE : 00000004.140 : 
[CR-DISCOVERY-PROBE-R28] host_utc=2026-09-28T06:46:36.387+00:00 host_mono_ns=2337015577284860 phase=checkpoint container_pid=14 [CR-RERUN-20260927] RTPS_UDP_SEND result=ok source_port=7400 destination=239.255.0.1:7400 bytes=204 lwip_err=0
[CR-DISCOVERY-PROBE-R28] host_utc=2026-09-28T06:46:36.387+00:00 host_mono_ns=2337015577316811 phase=checkpoint container_pid=14 [CR-RERUN-20260927] UDP_RECV result=ok mcp=0xdbebdc fd=15 local_port=7400 bytes=204 peer=172.18.0.3:7400
[CR-DISCOVERY-PROBE-R28] host_utc=2026-09-28T06:46:36.387+00:00 host_mono_ns=2337015577326639 phase=checkpoint container_pid=14 [CR-RERUN-20260927] RTPS_RX peer=172.18.0.3:59420 local_port=7400 bytes=204
[CR-DISCOVERY-PROBE-R28] host_utc=2026-09-28T06:46:36.387+00:00 host_mono_ns=2337015577351266 phase=checkpoint container_pid=14 [CR-RERUN-20260927] RTPS_RX_QUEUE result=ok local_port=7400 peer_port=59420 bytes=204
[CR-DISCOVERY-PROBE-R28] host_utc=2026-09-28T06:46:36.387+00:00 host_mono_ns=2337015577364571 phase=checkpoint container_pid=14 [CR-RERUN-20260927] APP publish_begin topic=/to_linux id=4 payload='Hello from mros2-posix onto Linux: 4'
[CR-DISCOVERY-PROBE-R28] host_utc=2026-09-28T06:46:36.387+00:00 host_mono_ns=2337015577373328 phase=checkpoint container_pid=14 [CR-RERUN-20260927] APP publish_return topic=/to_linux id=4
[CR-DISCOVERY-PROBE-R28] host_utc=2026-09-28T06:46:36.387+00:00 host_mono_ns=2337015577382385 phase=checkpoint container_pid=14 LOG_NOTICE : 00000004.227 : [CR-RERUN-20260927] UDP_SEND result=ok fd=5 local_port=7411 destination=172.18.0.5:7411 bytes=100 returned=100 errno=0
[CR-DISCOVERY-PROBE-R28] host_utc=2026-09-28T06:46:36.387+00:00 host_mono_ns=2337015577392013 phase=checkpoint container_pid=14 [CR-RERUN-20260927] RTPS_UDP_SEND result=ok source_port=7411 destination=172.18.0.5:7411 bytes=100 lwip_err=0
[CR-DISCOVERY-PROBE-R28] host_utc=2026-09-28T06:46:36.387+00:00 host_mono_ns=2337015577401020 phase=checkpoint container_pid=14 LOG_NOTICE : 00000004.228 : [CR-RERUN-20260927] UDP_RECV result=ok mcp=0xdbebf8 fd=5 local_port=7411 bytes=100 peer=172.18.0.5:7411
[CR-DISCOVERY-PROBE-R28] host_utc=2026-09-28T06:46:36.387+00:00 host_mono_ns=2337015577409676 phase=checkpoint container_pid=14 [CR-RERUN-20260927] RTPS_RX peer=172.18.0.5:62236 local_port=7411 bytes=100
[CR-DISCOVERY-PROBE-R28] host_utc=2026-09-28T06:46:36.387+00:00 host_mono_ns=2337015577417922 phase=checkpoint container_pid=14 [CR-RERUN-20260927] RTPS_RX_QUEUE result=ok local_port=7411 peer_port=62236 bytes=100
[CR-DISCOVERY-PROBE-R28] host_utc=2026-09-28T06:46:37.300+00:00 host_mono_ns=2337016490351093 phase=checkpoint container_pid=14 [CR-RERUN-20260927] RTPS_DATA parse=ok source_prefix=5fea3a1aeee1f18621668800 reader_id=00000204 writer_id=00000103 sequence=0:1 payload_bytes=44 reader_found=1
[CR-DISCOVERY-PROBE-R28] host_utc=2026-09-28T06:46:37.300+00:00 host_mono_ns=2337016490392972 phase=checkpoint container_pid=14 LOG_DEBUG : 00000004.231 : [MROS2LIB] message get [callback_handler] msg_sn_high: 0 msg_sn_low: 1
[CR-DISCOVERY-PROBE-R28] host_utc=2026-09-28T06:46:37.300+00:00 host_mono_ns=2337016490410305 phase=checkpoint container_pid=14 [CR-RERUN-20260927] RTPS_DATA_DELIVERY result=newChange kind=user sequence=0:1
[CR-DISCOVERY-PROBE-R28] host_utc=2026-09-28T06:46:37.300+00:00 host_mono_ns=2337016490426365 phase=checkpoint container_pid=14 [CR-RERUN-20260927] APP callback topic=/to_stm id=4 payload='Hello from mros2-posix onto Linux: 4'
[CR-DISCOVERY-PROBE-R28] host_utc=2026-09-28T06:46:37.300+00:00 host_mono_ns=2337016490441454 phase=checkpoint container_pid=14 LOG_NOTICE : 00000004.387 : [CR-RERUN-20260927] UDP_RECV result=ok mcp=0xdbebdc fd=15 local_port=7400 bytes=204 peer=172.18.0.5:7400
[CR-DISCOVERY-PROBE-R28] host_utc=2026-09-28T06:46:37.300+00:00 host_mono_ns=2337016490457174 phase=checkpoint container_pid=14 [CR-RERUN-20260927] RTPS_RX peer=172.18.0.5:59420 local_port=7400 bytes=204
[CR-DISCOVERY-PROBE-R28] host_utc=2026-09-28T06:46:37.300+00:00 host_mono_ns=2337016490472082 phase=checkpoint container_pid=14 [CR-RERUN-20260927] RTPS_RX_QUEUE result=ok local_port=7400 peer_port=59420 bytes=204
[CR-DISCOVERY-PROBE-R28] host_utc=2026-09-28T06:46:37.300+00:00 host_mono_ns=2337016490487100 phase=checkpoint container_pid=14 [CR-RERUN-20260927] RTPS_DATA parse=ok source_prefix=5fea3a1aeee1f18621668800 reader_id=000100c7 writer_id=000100c2 sequence=0:1 payload_bytes=148 reader_found=1
[CR-DISCOVERY-PROBE-R28] host_utc=2026-09-28T06:46:37.300+00:00 host_mono_ns=2337016490502048 phase=checkpoint container_pid=14 [CR-RERUN-20260927] RTPS_DATA_DELIVERY result=newChange kind=user sequence=0:1
[CR-DISCOVERY-PROBE-R28] host_utc=2026-09-28T06:46:37.388+00:00 host_mono_ns=2337016578630005 phase=checkpoint container_pid=14 LOG_NOTICE : 00000005.141 : LOG_NOTICE : 00000005.141 : [CR-RERUN-20260927] UDP_RECV result=ok mcp=0xdbebdc fd=15 local_port=7400 bytes=204 peer=172.18.0.3:7400[CR-RERUN-20260927] UDP_SEND result=ok fd=15 local_port=7400 destination=239.255.0.1:7400 bytes=204 returned=204 errno=0
[CR-DISCOVERY-PROBE-R28] host_utc=2026-09-28T06:46:37.388+00:00 host_mono_ns=2337016578718853 phase=checkpoint container_pid=14 
[CR-DISCOVERY-PROBE-R28] host_utc=2026-09-28T06:46:37.388+00:00 host_mono_ns=2337016578732188 phase=checkpoint container_pid=14 [CR-RERUN-20260927] RTPS_UDP_SEND result=ok source_port=7400 destination=172.18.0.3:7400 bytes=204 lwip_err=0
[CR-DISCOVERY-PROBE-R28] host_utc=2026-09-28T06:46:37.388+00:00 host_mono_ns=2337016578744472 phase=checkpoint container_pid=14 [CR-RERUN-20260927] RTPS_RX peer=172.18.0.3:59420 local_port=7400 bytes=204
[CR-DISCOVERY-PROBE-R28] host_utc=2026-09-28T06:46:37.388+00:00 host_mono_ns=2337016578755953 phase=checkpoint container_pid=14 [CR-RERUN-20260927] RTPS_RX_QUEUE result=ok local_port=7400 peer_port=59420 bytes=204
[CR-DISCOVERY-PROBE-R28] host_utc=2026-09-28T06:46:37.388+00:00 host_mono_ns=2337016578766593 phase=checkpoint container_pid=14 [CR-RERUN-20260927] APP publish_begin topic=/to_linux id=5 payload='Hello from mros2-posix onto Linux: 5'
[CR-DISCOVERY-PROBE-R28] host_utc=2026-09-28T06:46:37.388+00:00 host_mono_ns=2337016578777544 phase=checkpoint container_pid=14 [CR-RERUN-20260927] APP publish_return topic=/to_linux id=5
[CR-DISCOVERY-PROBE-R28] host_utc=2026-09-28T06:46:37.388+00:00 host_mono_ns=2337016578788615 phase=checkpoint container_pid=14 LOG_NOTICE : 00000005.228 : [CR-RERUN-20260927] UDP_SEND result=ok fd=5 local_port=7411 destination=172.18.0.5:7411 bytes=100 returned=100 errno=0
[CR-DISCOVERY-PROBE-R28] host_utc=2026-09-28T06:46:37.388+00:00 host_mono_ns=2337016578799776 phase=checkpoint container_pid=14 [CR-RERUN-20260927] RTPS_UDP_SEND result=ok source_port=7411 destination=172.18.0.5:7411 bytes=100 lwip_err=0
[CR-DISCOVERY-PROBE-R28] host_utc=2026-09-28T06:46:37.388+00:00 host_mono_ns=2337016578810326 phase=checkpoint container_pid=14 LOG_NOTICE : 00000005.229 : [CR-RERUN-20260927] UDP_RECV result=ok mcp=0xdbebf8 fd=5 local_port=7411 bytes=100 peer=172.18.0.5:7411
[CR-DISCOVERY-PROBE-R28] host_utc=2026-09-28T06:46:37.550+00:00 host_mono_ns=2337016740915324 phase=checkpoint container_pid=14 [CR-RERUN-20260927] RTPS_RX peer=172.18.0.5:62236 local_port=7411 bytes=100
[CR-DISCOVERY-PROBE-R28] host_utc=2026-09-28T06:46:37.550+00:00 host_mono_ns=2337016740967623 phase=checkpoint container_pid=14 [CR-RERUN-20260927] RTPS_RX_QUEUE result=ok local_port=7411 peer_port=62236 bytes=100
[CR-DISCOVERY-PROBE-R28] host_utc=2026-09-28T06:46:37.550+00:00 host_mono_ns=2337016740980988 phase=checkpoint container_pid=14 [CR-RERUN-20260927] RTPS_DATA parse=ok source_prefix=5fea3a1aeee1f18621668800 reader_id=00000204 writer_id=00000103 sequence=0:2 payload_bytes=44 reader_found=1
[CR-DISCOVERY-PROBE-R28] host_utc=2026-09-28T06:46:37.550+00:00 host_mono_ns=2337016740993302 phase=checkpoint container_pid=14 LOG_DEBUG : 00000005.232 : [MROS2LIB] message get [callback_handler] msg_sn_high: 0 msg_sn_low: 2
[CR-DISCOVERY-PROBE-R28] host_utc=2026-09-28T06:46:37.550+00:00 host_mono_ns=2337016741020072 phase=checkpoint container_pid=14 [CR-RERUN-20260927] RTPS_DATA_DELIVERY result=newChange kind=user sequence=0:2
[CR-DISCOVERY-PROBE-R28] host_utc=2026-09-28T06:46:37.550+00:00 host_mono_ns=2337016741036373 phase=checkpoint container_pid=14 [CR-RERUN-20260927] APP callback topic=/to_stm id=5 payload='Hello from mros2-posix onto Linux: 5'
[CR-DISCOVERY-PROBE-R28] host_utc=2026-09-28T06:46:37.550+00:00 host_mono_ns=2337016741047204 phase=checkpoint container_pid=14 LOG_NOTICE : 00000005.387 : [CR-RERUN-20260927] UDP_RECV result=ok mcp=0xdbebdc fd=15 local_port=7400 bytes=204 peer=172.18.0.5:7400
[CR-DISCOVERY-PROBE-R28] host_utc=2026-09-28T06:46:37.550+00:00 host_mono_ns=2337016741058274 phase=checkpoint container_pid=14 [CR-RERUN-20260927] RTPS_RX peer=172.18.0.5:59420 local_port=7400 bytes=204
[CR-DISCOVERY-PROBE-R28] host_utc=2026-09-28T06:46:37.550+00:00 host_mono_ns=2337016741087149 phase=checkpoint container_pid=14 [CR-RERUN-20260927] RTPS_RX_QUEUE result=ok local_port=7400 peer_port=59420 bytes=204
[CR-DISCOVERY-PROBE-R28] host_utc=2026-09-28T06:46:37.550+00:00 host_mono_ns=2337016741103971 phase=checkpoint container_pid=14 [CR-RERUN-20260927] RTPS_DATA parse=ok source_prefix=5fea3a1aeee1f18621668800 reader_id=000100c7 writer_id=000100c2 sequence=0:1 payload_bytes=148 reader_found=1
[CR-DISCOVERY-PROBE-R28] host_utc=2026-09-28T06:46:38.388+00:00 host_mono_ns=2337017578965251 phase=checkpoint container_pid=14 [CR-RERUN-20260927] RTPS_DATA_DELIVERY result=newChange kind=user sequence=0:1
[CR-DISCOVERY-PROBE-R28] host_utc=2026-09-28T06:46:38.388+00:00 host_mono_ns=2337017579028710 phase=checkpoint container_pid=14 LOG_NOTICE : 00000006.141 : LOG_NOTICE : 00000006.141 : [CR-RERUN-20260927] UDP_RECV result=ok mcp=0xdbebdc fd=15 local_port=7400 bytes=204 peer=172.18.0.3:7400[CR-RERUN-20260927] UDP_SEND result=ok fd=15 local_port=7400 destination=239.255.0.1:7400 bytes=204 returned=204 errno=0
[CR-DISCOVERY-PROBE-R28] host_utc=2026-09-28T06:46:38.388+00:00 host_mono_ns=2337017579047346 phase=checkpoint container_pid=14 
[CR-DISCOVERY-PROBE-R28] host_utc=2026-09-28T06:46:38.388+00:00 host_mono_ns=2337017579059348 phase=checkpoint container_pid=14 [CR-RERUN-20260927] RTPS_UDP_SEND result=ok source_port=7400 destination=172.18.0.3:7400 bytes=204 lwip_err=0
[CR-DISCOVERY-PROBE-R28] host_utc=2026-09-28T06:46:38.388+00:00 host_mono_ns=2337017579071351 phase=checkpoint container_pid=14 [CR-RERUN-20260927] RTPS_RX peer=172.18.0.3:59420 local_port=7400 bytes=204
[CR-DISCOVERY-PROBE-R28] host_utc=2026-09-28T06:46:38.388+00:00 host_mono_ns=2337017579082312 phase=checkpoint container_pid=14 [CR-RERUN-20260927] RTPS_RX_QUEUE result=ok local_port=7400 peer_port=59420 bytes=204
[CR-DISCOVERY-PROBE-R28] host_utc=2026-09-28T06:46:38.388+00:00 host_mono_ns=2337017579093323 phase=checkpoint container_pid=14 [CR-RERUN-20260927] APP publish_begin topic=/to_linux id=6 payload='Hello from mros2-posix onto Linux: 6'
[CR-DISCOVERY-PROBE-R28] host_utc=2026-09-28T06:46:38.388+00:00 host_mono_ns=2337017579104394 phase=checkpoint container_pid=14 [CR-RERUN-20260927] APP publish_return topic=/to_linux id=6
[CR-DISCOVERY-PROBE-R28] host_utc=2026-09-28T06:46:38.388+00:00 host_mono_ns=2337017579115625 phase=checkpoint container_pid=14 LOG_NOTICE : 00000006.229 : [CR-RERUN-20260927] UDP_SEND result=ok fd=5 local_port=7411 destination=172.18.0.5:7411 bytes=100 returned=100 errno=0
[CR-DISCOVERY-PROBE-R28] host_utc=2026-09-28T06:46:38.388+00:00 host_mono_ns=2337017579126756 phase=checkpoint container_pid=14 [CR-RERUN-20260927] RTPS_UDP_SEND result=ok source_port=7411 destination=172.18.0.5:7411 bytes=100 lwip_err=0
[CR-DISCOVERY-PROBE-R28] host_utc=2026-09-28T06:46:38.546+00:00 host_mono_ns=2337017736362633 phase=checkpoint container_pid=14 LOG_NOTICE : 00000006.230 : [CR-RERUN-20260927] UDP_RECV result=ok mcp=d_to_return wasi_fd=3 wasi_errno=0 bytes=52
[CR-DISCOVERY-PROBE-R28] host_utc=2026-09-28T06:46:38.546+00:00 host_mono_ns=2337017736416434 phase=checkpoint container_pid=14 [CR-RERUN-20260927] WASI_SOCKET event=sock_recv_from_return wasi_fd=3 wasi_errno=0 bytes=52 source=172.18.0.5:7410
[CR-DISCOVERY-PROBE-R28] host_utc=2026-09-28T06:46:38.546+00:00 host_mono_ns=2337017736428637 phase=checkpoint container_pid=14 [CR-RERUN-20260927] WASI_SOCKET event=sock_recv_from_enter wasi_fd=3 iovecs=1 capacity=65535 flags=0
[CR-DISCOVERY-PROBE-R28] host_utc=2026-09-28T06:46:38.546+00:00 host_mono_ns=2337017736440039 phase=checkpoint container_pid=14 [CR-RERUN-20260927] WASI_SOCKET event=sock_send_to_enter wasi_fd=3 bytes=216 flags=0 destination=172.18.0.5:7410
[CR-DISCOVERY-PROBE-R28] host_utc=2026-09-28T06:46:38.546+00:00 host_mono_ns=2337017736450639 phase=checkpoint container_pid=14 [CR-RERUN-20260927] WASI_SOCKET event=sock_send_to_return wasi_fd=3 wasi_errno=0 bytes=216
[CR-DISCOVERY-PROBE-R28] host_utc=2026-09-28T06:46:38.546+00:00 host_mono_ns=2337017736461690 phase=checkpoint container_pid=14 [CR-RERUN-20260927] WASI_SOCKET event=sock_send_to_enter wasi_fd=3 bytes=52 flags=0 destination=172.18.0.5:7410
[CR-DISCOVERY-PROBE-R28] host_utc=2026-09-28T06:46:38.546+00:00 host_mono_ns=2337017736495975 phase=checkpoint container_pid=14 [CR-RERUN-20260927] WASI_SOCKET event=sock_send_to_return wasi_fd=3 wasi_errno=0 bytes=52
[CR-DISCOVERY-PROBE-R28] host_utc=2026-09-28T06:46:38.546+00:00 host_mono_ns=2337017736506585 phase=checkpoint container_pid=14 [CR-RERUN-20260927] WASI_SOCKET event=sock_recv_from_return wasi_fd=3 wasi_errno=0 bytes=52 source=172.18.0.5:7410
[CR-DISCOVERY-PROBE-R28] host_utc=2026-09-28T06:46:38.546+00:00 host_mono_ns=2337017736516924 phase=checkpoint container_pid=14 [CR-RERUN-20260927] WASI_SOCKET event=sock_recv_from_enter wasi_fd=3 iovecs=1 capacity=65535 flags=0
[CR-DISCOVERY-PROBE-R28] host_utc=2026-09-28T06:46:38.546+00:00 host_mono_ns=2337017736527304 phase=checkpoint container_pid=14 [CR-RERUN-20260927] WASI_SOCKET event=sock_send_to_enter wasi_fd=3 bytes=216 flags=0 destination=172.18.0.5:7410
[CR-DISCOVERY-PROBE-R28] host_utc=2026-09-28T06:46:38.546+00:00 host_mono_ns=2337017736537523 phase=checkpoint container_pid=14 [CR-RERUN-20260927] WASI_SOCKET event=sock_send_to_return wasi_fd=3 wasi_errno=0 bytes=216
[CR-DISCOVERY-PROBE-R28] host_utc=2026-09-28T06:46:38.546+00:00 host_mono_ns=2337017736547812 phase=checkpoint container_pid=14 [CR-RERUN-20260927] WASI_SOCKET event=sock_send_to_enter wasi_fd=15 bytes=204 flags=0 destination=239.255.0.1:7400
[CR-DISCOVERY-PROBE-R28] host_utc=2026-09-28T06:46:38.546+00:00 host_mono_ns=2337017736558002 phase=checkpoint container_pid=14 [CR-RERUN-20260927] WASI_SOCKET event=sock_send_to_return wasi_fd=15 wasi_errno=0 bytes=204
[CR-DISCOVERY-PROBE-R28] host_utc=2026-09-28T06:46:38.546+00:00 host_mono_ns=2337017736568241 phase=checkpoint container_pid=14 [CR-RERUN-20260927] WASI_SOCKET event=sock_recv_from_return wasi_fd=15 wasi_errno=0 bytes=204 source=172.18.0.3:7400
[CR-DISCOVERY-PROBE-R28] host_utc=2026-09-28T06:46:38.546+00:00 host_mono_ns=2337017736578390 phase=checkpoint container_pid=14 [CR-RERUN-20260927] WASI_SOCKET event=sock_recv_from_enter wasi_fd=15 iovecs=1 capacity=65535 flags=0
[CR-DISCOVERY-PROBE-R28] host_utc=2026-09-28T06:46:38.546+00:00 host_mono_ns=2337017736588760 phase=checkpoint container_pid=14 [CR-RERUN-20260927] WASI_SOCKET event=sock_send_to_enter wasi_fd=5 bytes=100 flags=0 destination=172.18.0.5:7411
[CR-DISCOVERY-PROBE-R28] host_utc=2026-09-28T06:46:38.546+00:00 host_mono_ns=2337017736598949 phase=checkpoint container_pid=14 [CR-RERUN-20260927] WASI_SOCKET event=sock_send_to_return wasi_fd=5 wasi_errno=0 bytes=100
[CR-DISCOVERY-PROBE-R28] host_utc=2026-09-28T06:46:38.546+00:00 host_mono_ns=2337017736609138 phase=checkpoint container_pid=14 [CR-RERUN-20260927] WASI_SOCKET event=sock_recv_from_return wasi_fd=5 wasi_errno=0 bytes=100 source=172.18.0.5:7411
[CR-DISCOVERY-PROBE-R28] host_utc=2026-09-28T06:46:38.546+00:00 host_mono_ns=2337017736619338 phase=checkpoint container_pid=14 [CR-RERUN-20260927] WASI_SOCKET event=sock_recv_from_enter wasi_fd=5 iovecs=1 capacity=65535 flags=0
[CR-DISCOVERY-PROBE-R28] host_utc=2026-09-28T06:46:38.546+00:00 host_mono_ns=2337017736629777 phase=checkpoint container_pid=14 [CR-RERUN-20260927] WASI_SOCKET event=sock_recv_from_return wasi_fd=15 wasi_errno=0 bytes=204 source=172.18.0.5:7400
[CR-DISCOVERY-PROBE-R28] host_utc=2026-09-28T06:46:38.546+00:00 host_mono_ns=2337017736640027 phase=checkpoint container_pid=14 [CR-RERUN-20260927] WASI_SOCKET event=sock_recv_from_enter wasi_fd=15 iovecs=1 capacity=65535 flags=0
[CR-DISCOVERY-PROBE-R28] host_utc=2026-09-28T06:46:38.546+00:00 host_mono_ns=2337017736650356 phase=checkpoint container_pid=14 [CR-RERUN-20260927] WASI_SOCKET event=sock_send_to_enter wasi_fd=15 bytes=204 flags=0 destination=239.255.0.1:7400
[CR-DISCOVERY-PROBE-R28] host_utc=2026-09-28T06:46:38.546+00:00 host_mono_ns=2337017736660566 phase=checkpoint container_pid=14 [CR-RERUN-20260927] WASI_SOCKET event=sock_recv_from_return wasi_fd=15 wasi_errno=0 bytes=204 source=172.18.0.3:7400
[CR-DISCOVERY-PROBE-R28] host_utc=2026-09-28T06:46:38.546+00:00 host_mono_ns=2337017736676606 phase=checkpoint container_pid=14 [CR-RERUN-20260927] WASI_SOCKET event=sock_send_to_return wasi_fd=15 wasi_errno=0 bytes=204
[CR-DISCOVERY-PROBE-R28] host_utc=2026-09-28T06:46:38.546+00:00 host_mono_ns=2337017736692165 phase=checkpoint container_pid=14 [CR-RERUN-20260927] WASI_SOCKET event=sock_recv_from_enter wasi_fd=15 iovecs=1 capacity=65535 flags=0
[CR-DISCOVERY-PROBE-R28] host_utc=2026-09-28T06:46:38.546+00:00 host_mono_ns=2337017736702755 phase=checkpoint container_pid=14 [CR-RERUN-20260927] WASI_SOCKET event=sock_send_to_enter wasi_fd=5 bytes=100 flags=0 destination=172.18.0.5:7411
[CR-DISCOVERY-PROBE-R28] host_utc=2026-09-28T06:46:38.546+00:00 host_mono_ns=2337017736712965 phase=checkpoint container_pid=14 [CR-RERUN-20260927] WASI_SOCKET event=sock_send_to_return wasi_fd=5 wasi_errno=0 bytes=100
[CR-DISCOVERY-PROBE-R28] host_utc=2026-09-28T06:46:38.546+00:00 host_mono_ns=2337017736723204 phase=checkpoint container_pid=14 [CR-RERUN-20260927] WASI_SOCKET event=sock_recv_from_return wasi_fd=5 wasi_errno=0 bytes=100 source=172.18.0.5:7411
[CR-DISCOVERY-PROBE-R28] host_utc=2026-09-28T06:46:38.546+00:00 host_mono_ns=2337017736733433 phase=checkpoint container_pid=14 [CR-RERUN-20260927] WASI_SOCKET event=sock_recv_from_enter wasi_fd=5 iovecs=1 capacity=65535 flags=0
[CR-DISCOVERY-PROBE-R28] host_utc=2026-09-28T06:46:38.546+00:00 host_mono_ns=2337017736743713 phase=checkpoint container_pid=14 [CR-RERUN-20260927] WASI_SOCKET event=sock_recv_from_return wasi_fd=15 wasi_errno=0 bytes=204 source=172.18.0.5:7400
[CR-DISCOVERY-PROBE-R28] host_utc=2026-09-28T06:46:38.546+00:00 host_mono_ns=2337017736753852 phase=checkpoint container_pid=14 [CR-RERUN-20260927] WASI_SOCKET event=sock_recv_from_enter wasi_fd=15 iovecs=1 capacity=65535 flags=0
[CR-DISCOVERY-PROBE-R28] host_utc=2026-09-28T06:46:38.546+00:00 host_mono_ns=2337017736764111 phase=checkpoint container_pid=14 [CR-RERUN-20260927] WASI_SOCKET event=sock_send_to_enter wasi_fd=15 bytes=204 flags=0 destination=239.255.0.1:7400
[CR-DISCOVERY-PROBE-R28] host_utc=2026-09-28T06:46:38.546+00:00 host_mono_ns=2337017736774381 phase=checkpoint container_pid=14 [CR-RERUN-20260927] WASI_SOCKET event=sock_recv_from_return wasi_fd=15 wasi_errno=0 bytes=204 source=172.18.0.3:7400
[CR-DISCOVERY-PROBE-R28] host_utc=2026-09-28T06:46:38.546+00:00 host_mono_ns=2337017736784590 phase=checkpoint container_pid=14 [CR-RERUN-20260927] WASI_SOCKET event=sock_send_to_return wasi_fd=15 wasi_errno=0 bytes=204
[CR-DISCOVERY-PROBE-R28] host_utc=2026-09-28T06:46:38.546+00:00 host_mono_ns=2337017736794769 phase=checkpoint container_pid=14 [CR-RERUN-20260927] WASI_SOCKET event=sock_recv_from_enter wasi_fd=15 iovecs=1 capacity=65535 flags=0
[CR-DISCOVERY-PROBE-R28] host_utc=2026-09-28T06:46:38.546+00:00 host_mono_ns=2337017736805089 phase=checkpoint container_pid=14 [CR-RERUN-20260927] WASI_SOCKET event=sock_send_to_enter wasi_fd=5 bytes=100 flags=0 destination=172.18.0.5:7411
[CR-DISCOVERY-PROBE-R28] host_utc=2026-09-28T06:46:38.546+00:00 host_mono_ns=2337017736815208 phase=checkpoint container_pid=14 [CR-RERUN-20260927] WASI_SOCKET event=sock_send_to_return wasi_fd=5 wasi_errno=0 bytes=100
[CR-DISCOVERY-PROBE-R28] host_utc=2026-09-28T06:46:38.546+00:00 host_mono_ns=2337017736825497 phase=checkpoint container_pid=14 [CR-RERUN-20260927] WASI_SOCKET event=sock_recv_from_return wasi_fd=5 wasi_errno=0 bytes=100 source=172.18.0.5:7411
[CR-DISCOVERY-PROBE-R28] host_utc=2026-09-28T06:46:38.546+00:00 host_mono_ns=2337017736835797 phase=checkpoint container_pid=14 [CR-RERUN-20260927] WASI_SOCKET event=sock_recv_from_enter wasi_fd=5 iovecs=1 capacity=65535 flags=0
[CR-DISCOVERY-PROBE-R28] host_utc=2026-09-28T06:46:38.548+00:00 host_mono_ns=2337017738247284 phase=checkpoint container_pid=14 [CR-RERUN-20260927] WASI_SOCKET0xdbebf8 fd=5 local_port=7411 bytes=100 peer=172.18.0.5:7411
[CR-DISCOVERY-PROBE-R28] host_utc=2026-09-28T06:46:38.548+00:00 host_mono_ns=2337017738298751 phase=checkpoint container_pid=14 [CR-RERUN-20260927] RTPS_RX peer=172.18.0.5:62236 local_port=7411 bytes=100
[CR-DISCOVERY-PROBE-R28] host_utc=2026-09-28T06:46:38.548+00:00 host_mono_ns=2337017738337014 phase=checkpoint container_pid=14 [CR-RERUN-20260927] RTPS_RX_QUEUE result=ok local_port=7411 peer_port=62236 bytes=100
[CR-DISCOVERY-PROBE-R28] host_utc=2026-09-28T06:46:38.548+00:00 host_mono_ns=2337017738348535 phase=checkpoint container_pid=14 [CR-RERUN-20260927] RTPS_DATA parse=ok source_prefix=5fea3a1aeee1f18621668800 reader_id=00000204 writer_id=00000103 sequence=0:3 payload_bytes=44 reader_found=1
[CR-DISCOVERY-PROBE-R28] host_utc=2026-09-28T06:46:38.548+00:00 host_mono_ns=2337017738360809 phase=checkpoint container_pid=14 LOG_DEBUG : 00000006.233 : [MROS2LIB] message get [callback_handler] msg_sn_high: 0 msg_sn_low: 3
[CR-DISCOVERY-PROBE-R28] host_utc=2026-09-28T06:46:38.548+00:00 host_mono_ns=2337017738371880 phase=checkpoint container_pid=14 [CR-RERUN-20260927] RTPS_DATA_DELIVERY result=newChange kind=user sequence=0:3
[CR-DISCOVERY-PROBE-R28] host_utc=2026-09-28T06:46:38.548+00:00 host_mono_ns=2337017738382510 phase=checkpoint container_pid=14 [CR-RERUN-20260927] APP callback topic=/to_stm id=6 payload='Hello from mros2-posix onto Linux: 6'
[CR-DISCOVERY-PROBE-R28] host_utc=2026-09-28T06:46:38.548+00:00 host_mono_ns=2337017738393029 phase=checkpoint container_pid=14 LOG_NOTICE : 00000006.387 : [CR-RERUN-20260927] UDP_RECV result=ok mcp=0xdbebdc fd=15 local_port=7400 bytes=204 peer=172.18.0.5:7400
[CR-DISCOVERY-PROBE-R28] host_utc=2026-09-28T06:46:38.548+00:00 host_mono_ns=2337017738404381 phase=checkpoint container_pid=14 [CR-RERUN-20260927] RTPS_RX peer=172.18.0.5:59420 local_port=7400 bytes=204
[CR-DISCOVERY-PROBE-R28] host_utc=2026-09-28T06:46:38.548+00:00 host_mono_ns=2337017738414941 phase=checkpoint container_pid=14 [CR-RERUN-20260927] RTPS_RX_QUEUE result=ok local_port=7400 peer_port=59420 bytes=204
[CR-DISCOVERY-PROBE-R28] host_utc=2026-09-28T06:46:39.389+00:00 host_mono_ns=2337018580101596 phase=checkpoint container_pid=14 [CR-RERUN-20260927] RTPS_DATA parse=ok source_prefix=5fea3a1aeee1f18621668800 reader_id=000100c7 writer_id=000100c2 sequence=0:1 payload_bytes=148 reader_found=1
[CR-DISCOVERY-PROBE-R28] host_utc=2026-09-28T06:46:39.389+00:00 host_mono_ns=2337018580145569 phase=checkpoint container_pid=14 [CR-RERUN-20260927] RTPS_DATA_DELIVERY result=newChange kind=user sequence=0:1
[CR-DISCOVERY-PROBE-R28] host_utc=2026-09-28T06:46:39.389+00:00 host_mono_ns=2337018580159705 phase=checkpoint container_pid=14 LOG_NOTICE : 00000007.142 : LOG_NOTICE : 00000007.142 : [CR-RERUN-20260927] UDP_SEND result=ok fd=15 local_port=7400 destination=239.255.0.1:7400 bytes=204 returned=204 errno=0[CR-RERUN-20260927] UDP_RECV result=ok mcp=0xdbebdc fd=15 local_port=7400 bytes=204 peer=172.18.0.3:7400
[CR-DISCOVERY-PROBE-R28] host_utc=2026-09-28T06:46:39.390+00:00 host_mono_ns=2337018580171969 phase=checkpoint container_pid=14 
[CR-DISCOVERY-PROBE-R28] host_utc=2026-09-28T06:46:39.390+00:00 host_mono_ns=2337018580183420 phase=checkpoint container_pid=14 [CR-RERUN-20260927] RTPS_UDP_SEND result=ok source_port=7400 destination=239.255.0.1:7400 bytes=204 lwip_err=0
[CR-DISCOVERY-PROBE-R28] host_utc=2026-09-28T06:46:39.390+00:00 host_mono_ns=2337018580194611 phase=checkpoint container_pid=14 [CR-RERUN-20260927] RTPS_RX peer=172.18.0.3:59420 local_port=7400 bytes=204
[CR-DISCOVERY-PROBE-R28] host_utc=2026-09-28T06:46:39.390+00:00 host_mono_ns=2337018580205141 phase=checkpoint container_pid=14 [CR-RERUN-20260927] RTPS_RX_QUEUE result=ok local_port=7400 peer_port=59420 bytes=204
[CR-DISCOVERY-PROBE-R28] host_utc=2026-09-28T06:46:39.390+00:00 host_mono_ns=2337018580215591 phase=checkpoint container_pid=14 [CR-RERUN-20260927] APP publish_begin topic=/to_linux id=7 payload='Hello from mros2-posix onto Linux: 7'
[CR-DISCOVERY-PROBE-R28] host_utc=2026-09-28T06:46:39.390+00:00 host_mono_ns=2337018580226351 phase=checkpoint container_pid=14 [CR-RERUN-20260927] APP publish_return topic=/to_linux id=7
[CR-DISCOVERY-PROBE-R28] host_utc=2026-09-28T06:46:39.546+00:00 host_mono_ns=2337018736435850 phase=checkpoint container_pid=14 LOG_NOTICE : 00000007.231 : [CR-RERUN-20260927] UDP_SEND result=ok fd=5 local_port=7411 destination=172.18.0.5:7411 bytes=100 returned=100 errno=0LOG_NOTICE : 00000007.231 : 
[CR-DISCOVERY-PROBE-R28] host_utc=2026-09-28T06:46:39.546+00:00 host_mono_ns=2337018736494811 phase=checkpoint container_pid=14 [CR-RERUN-20260927] RTPS_UDP_SEND result=ok source_port=7411 destination=172.18.0.5:7411 bytes=100 lwip_err=0
[CR-DISCOVERY-PROBE-R28] host_utc=2026-09-28T06:46:39.546+00:00 host_mono_ns=2337018736508627 phase=checkpoint container_pid=14 [CR-RERUN-20260927] UDP_RECV result=ok mcp=0xdbebf8 fd=5 local_port=7411 bytes=100 peer=172.18.0.5:7411
[CR-DISCOVERY-PROBE-R28] host_utc=2026-09-28T06:46:39.546+00:00 host_mono_ns=2337018736520119 phase=checkpoint container_pid=14 [CR-RERUN-20260927] RTPS_RX peer=172.18.0.5:62236 local_port=7411 bytes=100
[CR-DISCOVERY-PROBE-R28] host_utc=2026-09-28T06:46:39.546+00:00 host_mono_ns=2337018736531550 phase=checkpoint container_pid=14 [CR-RERUN-20260927] RTPS_RX_QUEUE result=ok local_port=7411 peer_port=62236 bytes=100
[CR-DISCOVERY-PROBE-R28] host_utc=2026-09-28T06:46:39.546+00:00 host_mono_ns=2337018736542241 phase=checkpoint container_pid=14 [CR-RERUN-20260927] RTPS_DATA parse=ok source_prefix=5fea3a1aeee1f18621668800 reader_id=00000204 writer_id=00000103 sequence=0:4 payload_bytes=44 reader_found=1
[CR-DISCOVERY-PROBE-R28] host_utc=2026-09-28T06:46:39.546+00:00 host_mono_ns=2337018736553031 phase=checkpoint container_pid=14 LOG_DEBUG : 00000007.235 : [MROS2LIB] message get [callback_handler] msg_sn_high: 0 msg_sn_low: 4
[CR-DISCOVERY-PROBE-R28] host_utc=2026-09-28T06:46:39.546+00:00 host_mono_ns=2337018736564032 phase=checkpoint container_pid=14 [CR-RERUN-20260927] RTPS_DATA_DELIVERY result=newChange kind=user sequence=0:4
[CR-DISCOVERY-PROBE-R28] host_utc=2026-09-28T06:46:39.546+00:00 host_mono_ns=2337018736574572 phase=checkpoint container_pid=14 [CR-RERUN-20260927] APP callback topic=/to_stm id=7 payload='Hello from mros2-posix onto Linux: 7'
[CR-DISCOVERY-PROBE-R28] host_utc=2026-09-28T06:46:39.546+00:00 host_mono_ns=2337018736585082 phase=checkpoint container_pid=14 LOG_NOTICE : 00000007.387 : [CR-RERUN-20260927] UDP_RECV result=ok mcp=0xdbec14 fd=3 local_port=7410 bytes=52 peer=172.18.0.5:7410
[CR-DISCOVERY-PROBE-R28] host_utc=2026-09-28T06:46:39.549+00:00 host_mono_ns=2337018739212346 phase=checkpoint container_pid=14 [CR-RERUN-20260927] RTPS_RX peer=172.18.0.5:61980 local_port=7410 bytes=52
[CR-DISCOVERY-PROBE-R28] host_utc=2026-09-28T06:46:39.549+00:00 host_mono_ns=2337018739249687 phase=checkpoint container_pid=14 LOG_NOTICE : 00000007.387 : [CR-RERUN-20260927] RTPS_RX_QUEUE result=ok local_port=7410 peer_port=61980 bytes=52
[CR-DISCOVERY-PROBE-R28] host_utc=2026-09-28T06:46:39.549+00:00 host_mono_ns=2337018739262772 phase=checkpoint container_pid=14 [CR-RERUN-20260927] UDP_RECV result=ok mcp=0xdbebdc fd=15 local_port=7400 bytes=204 peer=172.18.0.5:7400LOG_NOTICE : 00000007.388 : 
[CR-DISCOVERY-PROBE-R28] host_utc=2026-09-28T06:46:39.549+00:00 host_mono_ns=2337018739274594 phase=checkpoint container_pid=14 [CR-RERUN-20260927] UDP_RECV result=ok mcp=0xdbec14 fd=3 local_port=7410 bytes=52 peer=172.18.0.5:7410[CR-RERUN-20260927] RTPS_RX peer=172.18.0.5:59420 local_port=7400 bytes=204
[CR-DISCOVERY-PROBE-R28] host_utc=2026-09-28T06:46:39.549+00:00 host_mono_ns=2337018739286517 phase=checkpoint container_pid=14 
[CR-DISCOVERY-PROBE-R28] host_utc=2026-09-28T06:46:39.549+00:00 host_mono_ns=2337018739298058 phase=checkpoint container_pid=14 LOG_NOTICE : 00000007.388 : [CR-RERUN-20260927] RTPS_RX peer=172.18.0.5:61980 local_port=7410 bytes=52
[CR-DISCOVERY-PROBE-R28] host_utc=2026-09-28T06:46:39.549+00:00 host_mono_ns=2337018739309921 phase=checkpoint container_pid=14 [CR-RERUN-20260927] UDP_SEND result=ok fd=3 local_port=7410 destination=172.18.0.5:7410 bytes=48 returned=48 errno=0[CR-RERUN-20260927] RTPS_RX_QUEUE result=ok local_port=7410 peer_port=61980 bytes=52
[CR-DISCOVERY-PROBE-R28] host_utc=2026-09-28T06:46:39.549+00:00 host_mono_ns=2337018739321322 phase=checkpoint container_pid=14 
[CR-DISCOVERY-PROBE-R28] host_utc=2026-09-28T06:46:39.549+00:00 host_mono_ns=2337018739359034 phase=checkpoint container_pid=14 [CR-RERUN-20260927] RTPS_RX_QUEUE result=ok local_port=7400 peer_port=59420 bytes=204
[CR-DISCOVERY-PROBE-R28] host_utc=2026-09-28T06:46:39.549+00:00 host_mono_ns=2337018739370064 phase=checkpoint container_pid=14 [CR-RERUN-20260927] RTPS_UDP_SEND result=ok source_port=7410 destination=172.18.0.5:7410 bytes=48 lwip_err=0
[CR-DISCOVERY-PROBE-R28] host_utc=2026-09-28T06:46:40.280+00:00 host_mono_ns=2337019470272097 phase=checkpoint container_pid=14 [CR-RERUN-20260927] RTPS_DATA parse=ok source_prefix=5fea3a1aeee1f18621668800 reader_id=000100c7 writer_id=000100c2 sequence=0:1 payload_bytes=148 reader_found=1
[CR-DISCOVERY-PROBE-R28] host_utc=2026-09-28T06:46:40.280+00:00 host_mono_ns=2337019470313415 phase=checkpoint container_pid=14 [CR-RERUN-20260927] RTPS_DATA_DELIVERY result=newChange kind=user sequence=0:1
[CR-DISCOVERY-PROBE-R28] host_utc=2026-09-28T06:46:40.280+00:00 host_mono_ns=2337019470327382 phase=checkpoint container_pid=14 LOG_NOTICE : 00000007.394 : [CR-RERUN-20260927] UDP_SEND result=ok fd=3 local_port=7410 destination=172.18.0.5:7410 bytes=48 returned=48 errno=0
[CR-DISCOVERY-PROBE-R28] host_utc=2026-09-28T06:46:40.280+00:00 host_mono_ns=2337019470338803 phase=checkpoint container_pid=14 [CR-RERUN-20260927] RTPS_UDP_SEND result=ok source_port=7410 destination=172.18.0.5:7410 bytes=48 lwip_err=0
[CR-DISCOVERY-PROBE-R28] host_utc=2026-09-28T06:46:40.280+00:00 host_mono_ns=2337019470350245 phase=checkpoint container_pid=14 [DISCOVERY_PROBE] event=heartbeat_tick writer=sedp_publications proxies_empty=0
[CR-DISCOVERY-PROBE-R28] host_utc=2026-09-28T06:46:40.280+00:00 host_mono_ns=2337019470360965 phase=checkpoint container_pid=14 [DISCOVERY_PROBE] event=heartbeat_send writer=sedp_publications first=0:1 last=0:1 dst_port=7410
[CR-DISCOVERY-PROBE-R28] host_utc=2026-09-28T06:46:40.280+00:00 host_mono_ns=2337019470372547 phase=checkpoint container_pid=14 LOG_NOTICE : 00000008.120 : [CR-RERUN-20260927] UDP_SEND result=ok fd=3 local_port=7410 destination=172.18.0.5:7410 bytes=52 returned=52 errno=0
[CR-DISCOVERY-PROBE-R28] host_utc=2026-09-28T06:46:40.280+00:00 host_mono_ns=2337019470384099 phase=checkpoint container_pid=14 [CR-RERUN-20260927] RTPS_UDP_SEND result=ok source_port=7410 destination=172.18.0.5:7410 bytes=52 lwip_err=0
[CR-DISCOVERY-PROBE-R28] host_utc=2026-09-28T06:46:40.280+00:00 host_mono_ns=2337019470394739 phase=checkpoint container_pid=14 LOG_NOTICE : 00000008.121 : [CR-RERUN-20260927] UDP_RECV result=ok mcp=0xdbec14 fd=3 local_port=7410 bytes=48 peer=172.18.0.5:7410
[CR-DISCOVERY-PROBE-R28] host_utc=2026-09-28T06:46:40.301+00:00 host_mono_ns=2337019491481538 phase=checkpoint container_pid=14 [CR-RERUN-20260927] RTPS_RX peer=172.18.0.5:61980 local_port=7410 bytes=48
[CR-DISCOVERY-PROBE-R28] host_utc=2026-09-28T06:46:40.301+00:00 host_mono_ns=2337019491519399 phase=checkpoint container_pid=14 [CR-RERUN-20260927] RTPS_RX_QUEUE result=ok local_port=7410 peer_port=61980 bytes=48
[CR-DISCOVERY-PROBE-R28] host_utc=2026-09-28T06:46:40.301+00:00 host_mono_ns=2337019491532524 phase=checkpoint container_pid=14 [DISCOVERY_PROBE] event=heartbeat_tick writer=sedp_subscriptions proxies_empty=0
[CR-DISCOVERY-PROBE-R28] host_utc=2026-09-28T06:46:40.301+00:00 host_mono_ns=2337019491543996 phase=checkpoint container_pid=14 [DISCOVERY_PROBE] event=heartbeat_send writer=sedp_subscriptions first=0:1 last=0:1 dst_port=7410
[CR-DISCOVERY-PROBE-R28] host_utc=2026-09-28T06:46:40.301+00:00 host_mono_ns=2337019491555738 phase=checkpoint container_pid=14 LOG_NOTICE : 00000008.123 : [CR-RERUN-20260927] UDP_SEND result=ok fd=3 local_port=7410 destination=172.18.0.5:7410 bytes=52 returned=52 errno=0LOG_NOTICE : 00000008.123 : 
[CR-DISCOVERY-PROBE-R28] host_utc=2026-09-28T06:46:40.301+00:00 host_mono_ns=2337019491567420 phase=checkpoint container_pid=14 [CR-RERUN-20260927] RTPS_UDP_SEND result=ok source_port=7410 destination=172.18.0.5:7410 bytes=52 lwip_err=0
[CR-DISCOVERY-PROBE-R28] host_utc=2026-09-28T06:46:40.301+00:00 host_mono_ns=2337019491596906 phase=checkpoint container_pid=14 [CR-RERUN-20260927] UDP_RECV result=ok mcp=0xdbec14 fd=3 local_port=7410 bytes=48 peer=172.18.0.5:7410
[CR-DISCOVERY-PROBE-R28] host_utc=2026-09-28T06:46:40.301+00:00 host_mono_ns=2337019491613898 phase=checkpoint container_pid=14 [CR-RERUN-20260927] RTPS_RX peer=172.18.0.5:61980 local_port=7410 bytes=48
[CR-DISCOVERY-PROBE-R28] host_utc=2026-09-28T06:46:40.301+00:00 host_mono_ns=2337019491624458 phase=checkpoint container_pid=14 [CR-RERUN-20260927] RTPS_RX_QUEUE result=ok local_port=7410 peer_port=61980 bytes=48
[CR-DISCOVERY-PROBE-R28] host_utc=2026-09-28T06:46:40.391+00:00 host_mono_ns=2337019581859409 phase=checkpoint container_pid=14 LOG_NOTICE : 00000008.142 : LOG_NOTICE : 00000008.142 : [CR-RERUN-20260927] UDP_RECV result=ok mcp=0xdbebdc fd=15 local_port=7400 bytes=204 peer=172.18.0.3:7400[CR-RERUN-20260927] UDP_SEND result=ok fd=15 local_port=7400 destination=239.255.0.1:7400 bytes=204 returned=204 errno=0
[CR-DISCOVERY-PROBE-R28] host_utc=2026-09-28T06:46:40.391+00:00 host_mono_ns=2337019581899676 phase=checkpoint container_pid=14 
[CR-DISCOVERY-PROBE-R28] host_utc=2026-09-28T06:46:40.391+00:00 host_mono_ns=2337019581912991 phase=checkpoint container_pid=14 [CR-RERUN-20260927] RTPS_UDP_SEND result=ok source_port=7400 destination=172.18.0.3:7400 bytes=204 lwip_err=0
[CR-DISCOVERY-PROBE-R28] host_utc=2026-09-28T06:46:40.391+00:00 host_mono_ns=2337019581925254 phase=checkpoint container_pid=14 [CR-RERUN-20260927] RTPS_RX peer=172.18.0.3:59420 local_port=7400 bytes=204
[CR-DISCOVERY-PROBE-R28] host_utc=2026-09-28T06:46:40.391+00:00 host_mono_ns=2337019581936756 phase=checkpoint container_pid=14 [CR-RERUN-20260927] RTPS_RX_QUEUE result=ok local_port=7400 peer_port=59420 bytes=204
[CR-DISCOVERY-PROBE-R28] host_utc=2026-09-28T06:46:40.391+00:00 host_mono_ns=2337019581947486 phase=checkpoint container_pid=14 [CR-RERUN-20260927] APP publish_begin topic=/to_linux id=8 payload='Hello from mros2-posix onto Linux: 8'
[CR-DISCOVERY-PROBE-R28] host_utc=2026-09-28T06:46:40.391+00:00 host_mono_ns=2337019581958477 phase=checkpoint container_pid=14 [CR-RERUN-20260927] APP publish_return topic=/to_linux id=8
[CR-DISCOVERY-PROBE-R28] host_utc=2026-09-28T06:46:40.391+00:00 host_mono_ns=2337019581969728 phase=checkpoint container_pid=14 LOG_NOTICE : 00000008.232 : [CR-RERUN-20260927] UDP_SEND result=ok fd=5 local_port=7411 destination=172.18.0.5:7411 bytes=100 returned=100 errno=0
[CR-DISCOVERY-PROBE-R28] host_utc=2026-09-28T06:46:40.391+00:00 host_mono_ns=2337019581980849 phase=checkpoint container_pid=14 [CR-RERUN-20260927] RTPS_UDP_SEND result=ok source_port=7411 destination=172.18.0.5:7411 bytes=100 lwip_err=0
[CR-DISCOVERY-PROBE-R28] host_utc=2026-09-28T06:46:40.391+00:00 host_mono_ns=2337019581991599 phase=checkpoint container_pid=14 LOG_NOTICE : 00000008.232 : [CR-RERUN-20260927] UDP_RECV result=ok mcp=0xdbebf8 fd=5 local_port=7411 bytes=100 peer=172.18.0.5:7411
[CR-DISCOVERY-PROBE-R28] host_utc=2026-09-28T06:46:40.391+00:00 host_mono_ns=2337019582015935 phase=checkpoint container_pid=14 [CR-RERUN-20260927] RTPS_RX peer=172.18.0.5:62236 local_port=7411 bytes=100
[CR-DISCOVERY-PROBE-R28] host_utc=2026-09-28T06:46:41.302+00:00 host_mono_ns=2337020492220597 phase=checkpoint container_pid=14 [CR-RERUN-20260927] RTPS_RX_QUEUE result= event=sock_recv_from_return wasi_fd=15 wasi_errno=0 bytes=204 source=172.18.0.5:7400
[CR-DISCOVERY-PROBE-R28] host_utc=2026-09-28T06:46:41.302+00:00 host_mono_ns=2337020492275701 phase=checkpoint container_pid=14 [CR-RERUN-20260927] WASI_SOCKET event=sock_recv_from_enter wasi_fd=15 iovecs=1 capacity=65535 flags=0
[CR-DISCOVERY-PROBE-R28] host_utc=2026-09-28T06:46:41.302+00:00 host_mono_ns=2337020492289166 phase=checkpoint container_pid=14 [CR-RERUN-20260927] WASI_SOCKET event=sock_send_to_enter wasi_fd=15 bytes=204 flags=0 destination=239.255.0.1:7400
[CR-DISCOVERY-PROBE-R28] host_utc=2026-09-28T06:46:41.302+00:00 host_mono_ns=2337020492300007 phase=checkpoint container_pid=14 [CR-RERUN-20260927] WASI_SOCKET event=sock_recv_from_return wasi_fd=15 wasi_errno=0 bytes=204 source=172.18.0.3:7400
[CR-DISCOVERY-PROBE-R28] host_utc=2026-09-28T06:46:41.302+00:00 host_mono_ns=2337020492331506 phase=checkpoint container_pid=14 [CR-RERUN-20260927] WASI_SOCKET event=sock_send_to_return wasi_fd=15 wasi_errno=0 bytes=204
[CR-DISCOVERY-PROBE-R28] host_utc=2026-09-28T06:46:41.302+00:00 host_mono_ns=2337020492342507 phase=checkpoint container_pid=14 [CR-RERUN-20260927] WASI_SOCKET event=sock_recv_from_enter wasi_fd=15 iovecs=1 capacity=65535 flags=0
[CR-DISCOVERY-PROBE-R28] host_utc=2026-09-28T06:46:41.302+00:00 host_mono_ns=2337020492353047 phase=checkpoint container_pid=14 [CR-RERUN-20260927] WASI_SOCKET event=sock_send_to_enter wasi_fd=5 bytes=100 flags=0 destination=172.18.0.5:7411
[CR-DISCOVERY-PROBE-R28] host_utc=2026-09-28T06:46:41.302+00:00 host_mono_ns=2337020492363457 phase=checkpoint container_pid=14 [CR-RERUN-20260927] WASI_SOCKET event=sock_send_to_return wasi_fd=5 wasi_errno=0 bytes=100
[CR-DISCOVERY-PROBE-R28] host_utc=2026-09-28T06:46:41.302+00:00 host_mono_ns=2337020492373876 phase=checkpoint container_pid=14 [CR-RERUN-20260927] WASI_SOCKET event=sock_recv_from_return wasi_fd=5 wasi_errno=0 bytes=100 source=172.18.0.5:7411
[CR-DISCOVERY-PROBE-R28] host_utc=2026-09-28T06:46:41.302+00:00 host_mono_ns=2337020492384286 phase=checkpoint container_pid=14 [CR-RERUN-20260927] WASI_SOCKET event=sock_recv_from_enter wasi_fd=5 iovecs=1 capacity=65535 flags=0
[CR-DISCOVERY-PROBE-R28] host_utc=2026-09-28T06:46:41.302+00:00 host_mono_ns=2337020492394776 phase=checkpoint container_pid=14 [CR-RERUN-20260927] WASI_SOCKET event=sock_recv_from_return wasi_fd=3 wasi_errno=0 bytes=52 source=172.18.0.5:7410
[CR-DISCOVERY-PROBE-R28] host_utc=2026-09-28T06:46:41.302+00:00 host_mono_ns=2337020492405045 phase=checkpoint container_pid=14 [CR-RERUN-20260927] WASI_SOCKET event=sock_recv_from_return wasi_fd=15 wasi_errno=0 bytes=204 source=172.18.0.5:7400
[CR-DISCOVERY-PROBE-R28] host_utc=2026-09-28T06:46:41.302+00:00 host_mono_ns=2337020492415325 phase=checkpoint container_pid=14 [CR-RERUN-20260927] WASI_SOCKET event=sock_recv_from_enter wasi_fd=3 iovecs=1 capacity=65535 flags=0
[CR-DISCOVERY-PROBE-R28] host_utc=2026-09-28T06:46:41.302+00:00 host_mono_ns=2337020492425724 phase=checkpoint container_pid=14 [CR-RERUN-20260927] WASI_SOCKET event=sock_recv_from_return wasi_fd=3 wasi_errno=0 bytes=52 source=172.18.0.5:7410
[CR-DISCOVERY-PROBE-R28] host_utc=2026-09-28T06:46:41.302+00:00 host_mono_ns=2337020492435974 phase=checkpoint container_pid=14 [CR-RERUN-20260927] WASI_SOCKET event=sock_send_to_enter wasi_fd=3 bytes=48 flags=0 destination=172.18.0.5:7410
[CR-DISCOVERY-PROBE-R28] host_utc=2026-09-28T06:46:41.302+00:00 host_mono_ns=2337020492446323 phase=checkpoint container_pid=14 [CR-RERUN-20260927] WASI_SOCKET event=sock_send_to_return wasi_fd=3 wasi_errno=0 bytes=48
[CR-DISCOVERY-PROBE-R28] host_utc=2026-09-28T06:46:41.302+00:00 host_mono_ns=2337020492456623 phase=checkpoint container_pid=14 [CR-RERUN-20260927] WASI_SOCKET event=sock_recv_from_enter wasi_fd=3 iovecs=1 capacity=65535 flags=0
[CR-DISCOVERY-PROBE-R28] host_utc=2026-09-28T06:46:41.302+00:00 host_mono_ns=2337020492467263 phase=checkpoint container_pid=14 [CR-RERUN-20260927] WASI_SOCKET event=sock_recv_from_enter wasi_fd=15 iovecs=1 capacity=65535 flags=0
[CR-DISCOVERY-PROBE-R28] host_utc=2026-09-28T06:46:41.302+00:00 host_mono_ns=2337020492477773 phase=checkpoint container_pid=14 [CR-RERUN-20260927] WASI_SOCKET event=sock_send_to_enter wasi_fd=3 bytes=48 flags=0 destination=172.18.0.5:7410
[CR-DISCOVERY-PROBE-R28] host_utc=2026-09-28T06:46:41.302+00:00 host_mono_ns=2337020492488152 phase=checkpoint container_pid=14 [CR-RERUN-20260927] WASI_SOCKET event=sock_send_to_return wasi_fd=3 wasi_errno=0 bytes=48
[CR-DISCOVERY-PROBE-R28] host_utc=2026-09-28T06:46:41.302+00:00 host_mono_ns=2337020492498482 phase=checkpoint container_pid=14 [CR-RERUN-20260927] WASI_SOCKET event=sock_send_to_enter wasi_fd=3 bytes=52 flags=0 destination=172.18.0.5:7410
[CR-DISCOVERY-PROBE-R28] host_utc=2026-09-28T06:46:41.302+00:00 host_mono_ns=2337020492514502 phase=checkpoint container_pid=14 [CR-RERUN-20260927] WASI_SOCKET event=sock_send_to_return wasi_fd=3 wasi_errno=0 bytes=52
[CR-DISCOVERY-PROBE-R28] host_utc=2026-09-28T06:46:41.302+00:00 host_mono_ns=2337020492530803 phase=checkpoint container_pid=14 [CR-RERUN-20260927] WASI_SOCKET event=sock_recv_from_return wasi_fd=3 wasi_errno=0 bytes=48 source=172.18.0.5:7410
[CR-DISCOVERY-PROBE-R28] host_utc=2026-09-28T06:46:41.302+00:00 host_mono_ns=2337020492541183 phase=checkpoint container_pid=14 [CR-RERUN-20260927] WASI_SOCKET event=sock_recv_from_enter wasi_fd=3 iovecs=1 capacity=65535 flags=0
[CR-DISCOVERY-PROBE-R28] host_utc=2026-09-28T06:46:41.302+00:00 host_mono_ns=2337020492551662 phase=checkpoint container_pid=14 [CR-RERUN-20260927] WASI_SOCKET event=sock_send_to_enter wasi_fd=3 bytes=52 flags=0 destination=172.18.0.5:7410
[CR-DISCOVERY-PROBE-R28] host_utc=2026-09-28T06:46:41.302+00:00 host_mono_ns=2337020492561902 phase=checkpoint container_pid=14 [CR-RERUN-20260927] WASI_SOCKET event=sock_send_to_return wasi_fd=3 wasi_errno=0 bytes=52
[CR-DISCOVERY-PROBE-R28] host_utc=2026-09-28T06:46:41.302+00:00 host_mono_ns=2337020492572211 phase=checkpoint container_pid=14 [CR-RERUN-20260927] WASI_SOCKET event=sock_recv_from_return wasi_fd=3 wasi_errno=0 bytes=48 source=172.18.0.5:7410
[CR-DISCOVERY-PROBE-R28] host_utc=2026-09-28T06:46:41.302+00:00 host_mono_ns=2337020492582591 phase=checkpoint container_pid=14 [CR-RERUN-20260927] WASI_SOCKET event=sock_recv_from_enter wasi_fd=3 iovecs=1 capacity=65535 flags=0
[CR-DISCOVERY-PROBE-R28] host_utc=2026-09-28T06:46:41.302+00:00 host_mono_ns=2337020492592970 phase=checkpoint container_pid=14 [CR-RERUN-20260927] WASI_SOCKET event=sock_send_to_enter wasi_fd=15 bytes=204 flags=0 destination=239.255.0.1:7400
[CR-DISCOVERY-PROBE-R28] host_utc=2026-09-28T06:46:41.302+00:00 host_mono_ns=2337020492603170 phase=checkpoint container_pid=14 [CR-RERUN-20260927] WASI_SOCKET event=sock_recv_from_return wasi_fd=15 wasi_errno=0 bytes=204 source=172.18.0.3:7400
[CR-DISCOVERY-PROBE-R28] host_utc=2026-09-28T06:46:41.302+00:00 host_mono_ns=2337020492613399 phase=checkpoint container_pid=14 [CR-RERUN-20260927] WASI_SOCKET event=sock_send_to_return wasi_fd=15 wasi_errno=0 bytes=204
[CR-DISCOVERY-PROBE-R28] host_utc=2026-09-28T06:46:41.302+00:00 host_mono_ns=2337020492623669 phase=checkpoint container_pid=14 [CR-RERUN-20260927] WASI_SOCKET event=sock_recv_from_enter wasi_fd=15 iovecs=1 capacity=65535 flags=0
[CR-DISCOVERY-PROBE-R28] host_utc=2026-09-28T06:46:41.302+00:00 host_mono_ns=2337020492634058 phase=checkpoint container_pid=14 [CR-RERUN-20260927] WASI_SOCKET event=sock_send_to_enter wasi_fd=5 bytes=100 flags=0 destination=172.18.0.5:7411
[CR-DISCOVERY-PROBE-R28] host_utc=2026-09-28T06:46:41.302+00:00 host_mono_ns=2337020492644267 phase=checkpoint container_pid=14 [CR-RERUN-20260927] WASI_SOCKET event=sock_send_to_return wasi_fd=5 wasi_errno=0 bytes=100
[CR-DISCOVERY-PROBE-R28] host_utc=2026-09-28T06:46:41.302+00:00 host_mono_ns=2337020492654557 phase=checkpoint container_pid=14 [CR-RERUN-20260927] WASI_SOCKET event=sock_recv_from_return wasi_fd=5 wasi_errno=0 bytes=100 source=172.18.0.5:7411
[CR-DISCOVERY-PROBE-R28] host_utc=2026-09-28T06:46:41.302+00:00 host_mono_ns=2337020492664796 phase=checkpoint container_pid=14 [CR-RERUN-20260927] WASI_SOCKET event=sock_recv_from_enter wasi_fd=5 iovecs=1 capacity=65535 flags=0
[CR-DISCOVERY-PROBE-R28] host_utc=2026-09-28T06:46:41.302+00:00 host_mono_ns=2337020492675136 phase=checkpoint container_pid=14 [CR-RERUN-20260927] WASI_SOCKET event=sock_recv_from_return wasi_fd=15 wasi_errno=0 bytes=204 source=172.18.0.5:7400
[CR-DISCOVERY-PROBE-R28] host_utc=2026-09-28T06:46:41.302+00:00 host_mono_ns=2337020492685405 phase=checkpoint container_pid=14 [CR-RERUN-20260927] WASI_SOCKET event=sock_recv_from_enter wasi_fd=15 iovecs=1 capacity=65535 flags=0
[CR-DISCOVERY-PROBE-R28] host_utc=2026-09-28T06:46:41.302+00:00 host_mono_ns=2337020492695945 phase=checkpoint container_pid=14 [CR-RERUN-20260927] WASI_SOCKET event=sock_send_to_enter wasi_fd=15 bytes=204 flags=0 destination=239.25ok local_port=7411 peer_port=62236 bytes=100
[CR-DISCOVERY-PROBE-R28] host_utc=2026-09-28T06:46:41.302+00:00 host_mono_ns=2337020492718778 phase=checkpoint container_pid=14 [CR-RERUN-20260927] RTPS_DATA parse=ok source_prefix=5fea3a1aeee1f18621668800 reader_id=00000204 writer_id=00000103 sequence=0:5 payload_bytes=44 reader_found=1
[CR-DISCOVERY-PROBE-R28] host_utc=2026-09-28T06:46:41.302+00:00 host_mono_ns=2337020492729739 phase=checkpoint container_pid=14 LOG_DEBUG : 00000008.235 : [MROS2LIB] message get [callback_handler] msg_sn_high: 0 msg_sn_low: 5
[CR-DISCOVERY-PROBE-R28] host_utc=2026-09-28T06:46:41.302+00:00 host_mono_ns=2337020492740349 phase=checkpoint container_pid=14 [CR-RERUN-20260927] RTPS_DATA_DELIVERY result=newChange kind=user sequence=0:5
[CR-DISCOVERY-PROBE-R28] host_utc=2026-09-28T06:46:41.302+00:00 host_mono_ns=2337020492751480 phase=checkpoint container_pid=14 [CR-RERUN-20260927] APP callback topic=/to_stm id=8 payload='Hello from mros2-posix onto Linux: 8'
[CR-DISCOVERY-PROBE-R28] host_utc=2026-09-28T06:46:41.302+00:00 host_mono_ns=2337020492762000 phase=checkpoint container_pid=14 LOG_NOTICE : 00000008.388 : [CR-RERUN-20260927] UDP_RECV result=ok mcp=0xdbebdc fd=15 local_port=7400 bytes=204 peer=172.18.0.5:7400
[CR-DISCOVERY-PROBE-R28] host_utc=2026-09-28T06:46:41.302+00:00 host_mono_ns=2337020492772710 phase=checkpoint container_pid=14 [CR-RERUN-20260927] RTPS_RX peer=172.18.0.5:59420 local_port=7400 bytes=204
[CR-DISCOVERY-PROBE-R28] host_utc=2026-09-28T06:46:41.302+00:00 host_mono_ns=2337020492783190 phase=checkpoint container_pid=14 [CR-RERUN-20260927] RTPS_RX_QUEUE result=ok local_port=7400 peer_port=59420 bytes=204
[CR-DISCOVERY-PROBE-R28] host_utc=2026-09-28T06:46:41.302+00:00 host_mono_ns=2337020492793700 phase=checkpoint container_pid=14 [CR-RERUN-20260927] RTPS_DATA parse=ok source_prefix=5fea3a1aeee1f18621668800 reader_id=000100c7 writer_id=000100c2 sequence=0:1 payload_bytes=148 reader_found=1
[CR-DISCOVERY-PROBE-R28] host_utc=2026-09-28T06:46:41.302+00:00 host_mono_ns=2337020492804410 phase=checkpoint container_pid=14 [CR-RERUN-20260927] RTPS_DATA_DELIVERY result=newChange kind=user sequence=0:1
[CR-DISCOVERY-PROBE-R28] host_utc=2026-09-28T06:46:41.391+00:00 host_mono_ns=2337020582181041 phase=checkpoint container_pid=14 LOG_NOTICE : 00000009.143 : LOG_NOTICE : 00000009.143 : [CR-RERUN-20260927] UDP_SEND result=ok fd=15 local_port=7400 destination=239.255.0.1:7400 bytes=204 returned=204 errno=0[CR-RERUN-20260927] UDP_RECV result=ok mcp=0xdbebdc fd=15 local_port=7400 bytes=204 peer=172.18.0.3:7400
[CR-DISCOVERY-PROBE-R28] host_utc=2026-09-28T06:46:41.392+00:00 host_mono_ns=2337020582223852 phase=checkpoint container_pid=14 [CR-RERUN-20260927] RTPS_UDP_SEND result=ok source_port=7400 destination=239.255.0.1:7400 bytes=204 lwip_err=0
[CR-DISCOVERY-PROBE-R28] host_utc=2026-09-28T06:46:41.392+00:00 host_mono_ns=2337020582237428 phase=checkpoint container_pid=14 
[CR-DISCOVERY-PROBE-R28] host_utc=2026-09-28T06:46:41.392+00:00 host_mono_ns=2337020582248749 phase=checkpoint container_pid=14 [CR-RERUN-20260927] RTPS_RX peer=172.18.0.3:59420 local_port=7400 bytes=204
[CR-DISCOVERY-PROBE-R28] host_utc=2026-09-28T06:46:41.392+00:00 host_mono_ns=2337020582260321 phase=checkpoint container_pid=14 [CR-RERUN-20260927] RTPS_RX_QUEUE result=ok local_port=7400 peer_port=59420 bytes=204
[CR-DISCOVERY-PROBE-R28] host_utc=2026-09-28T06:46:41.392+00:00 host_mono_ns=2337020582270931 phase=checkpoint container_pid=14 [CR-RERUN-20260927] APP publish_begin topic=/to_linux id=9 payload='Hello from mros2-posix onto Linux: 9'
[CR-DISCOVERY-PROBE-R28] host_utc=2026-09-28T06:46:41.392+00:00 host_mono_ns=2337020582282022 phase=checkpoint container_pid=14 [CR-RERUN-20260927] APP publish_return topic=/to_linux id=9
[CR-DISCOVERY-PROBE-R28] host_utc=2026-09-28T06:46:41.392+00:00 host_mono_ns=2337020582293353 phase=checkpoint container_pid=14 LOG_NOTICE : 00000009.232 : [CR-RERUN-20260927] UDP_SEND result=ok fd=5 local_port=7411 destination=172.18.0.5:7411 bytes=100 returned=100 errno=0
[CR-DISCOVERY-PROBE-R28] host_utc=2026-09-28T06:46:41.392+00:00 host_mono_ns=2337020582330013 phase=checkpoint container_pid=14 [CR-RERUN-20260927] RTPS_UDP_SEND result=ok source_port=7411 destination=172.18.0.5:7411 bytes=100 lwip_err=0
[CR-DISCOVERY-PROBE-R28] host_utc=2026-09-28T06:46:41.548+00:00 host_mono_ns=2337020739112376 phase=checkpoint container_pid=14 LOG_NOTICE : 00000009.233 : [CR-RERUN-20260927] UDP_RECV result=ok mcp=0xdbebf8 fd=5 local_port=7411 bytes=100 peer=172.18.0.5:7411
[CR-DISCOVERY-PROBE-R28] host_utc=2026-09-28T06:46:41.548+00:00 host_mono_ns=2337020739149526 phase=checkpoint container_pid=14 [CR-RERUN-20260927] RTPS_RX peer=172.18.0.5:62236 local_port=7411 bytes=100
[CR-DISCOVERY-PROBE-R28] host_utc=2026-09-28T06:46:41.548+00:00 host_mono_ns=2337020739163152 phase=checkpoint container_pid=14 [CR-RERUN-20260927] RTPS_RX_QUEUE result=ok local_port=7411 peer_port=62236 bytes=100
[CR-DISCOVERY-PROBE-R28] host_utc=2026-09-28T06:46:41.549+00:00 host_mono_ns=2337020739174844 phase=checkpoint container_pid=14 [CR-RERUN-20260927] RTPS_DATA parse=ok source_prefix=5fea3a1aeee1f18621668800 reader_id=00000204 writer_id=00000103 sequence=0:6 payload_bytes=44 reader_found=1
[CR-DISCOVERY-PROBE-R28] host_utc=2026-09-28T06:46:41.549+00:00 host_mono_ns=2337020739186396 phase=checkpoint container_pid=14 LOG_DEBUG : 00000009.236 : [MROS2LIB] message get [callback_handler] msg_sn_high: 0 msg_sn_low: 6
[CR-DISCOVERY-PROBE-R28] host_utc=2026-09-28T06:46:41.549+00:00 host_mono_ns=2337020739197217 phase=checkpoint container_pid=14 [CR-RERUN-20260927] RTPS_DATA_DELIVERY result=newChange kind=user sequence=0:6
[CR-DISCOVERY-PROBE-R28] host_utc=2026-09-28T06:46:41.549+00:00 host_mono_ns=2337020739207786 phase=checkpoint container_pid=14 [CR-RERUN-20260927] APP callback topic=/to_stm id=9 payload='Hello from mros2-posix onto Linux: 9'
[CR-DISCOVERY-PROBE-R28] host_utc=2026-09-28T06:46:41.549+00:00 host_mono_ns=2337020739218316 phase=checkpoint container_pid=14 LOG_NOTICE : 00000009.388 : [CR-RERUN-20260927] UDP_RECV result=ok mcp=0xdbebdc fd=15 local_port=7400 bytes=204 peer=172.18.0.5:7400
[CR-DISCOVERY-PROBE-R28] host_utc=2026-09-28T06:46:41.549+00:00 host_mono_ns=2337020739228987 phase=checkpoint container_pid=14 [CR-RERUN-20260927] RTPS_RX peer=172.18.0.5:59420 local_port=7400 bytes=204
[CR-DISCOVERY-PROBE-R28] host_utc=2026-09-28T06:46:41.549+00:00 host_mono_ns=2337020739239386 phase=checkpoint container_pid=14 [CR-RERUN-20260927] RTPS_RX_QUEUE result=ok local_port=7400 peer_port=59420 bytes=204
[CR-DISCOVERY-PROBE-R28] host_utc=2026-09-28T06:46:42.393+00:00 host_mono_ns=2337021583252894 phase=checkpoint container_pid=14 [CR-RERUN-20260927] RTPS_DATA parse=ok source_prefix=5fea3a1aeee1f18621668800 reader_id=000100c7 writer_id=000100c2 sequence=0:1 payload_bytes=148 reader_found=1
[CR-DISCOVERY-PROBE-R28] host_utc=2026-09-28T06:46:42.393+00:00 host_mono_ns=2337021583300484 phase=checkpoint container_pid=14 [CR-RERUN-20260927] RTPS_DATA_DELIVERY result=newChange kind=user sequence=0:1
[CR-DISCOVERY-PROBE-R28] host_utc=2026-09-28T06:46:42.393+00:00 host_mono_ns=2337021583317876 phase=checkpoint container_pid=14 LOG_NOTICE : 00000010.143 : LOG_NOTICE : 00000010.143 : [CR-RERUN-20260927] UDP_SEND result=ok fd=15 local_port=7400 destination=239.255.0.1:7400 bytes=204 returned=204 errno=0[CR-RERUN-20260927] UDP_RECV result=ok mcp=0xdbebdc fd=15 local_port=7400 bytes=204 peer=172.18.0.3:7400
[CR-DISCOVERY-PROBE-R28] host_utc=2026-09-28T06:46:42.393+00:00 host_mono_ns=2337021583334378 phase=checkpoint container_pid=14 [CR-RERUN-20260927] RTPS_UDP_SEND result=ok source_port=7400 destination=239.255.0.1:7400 bytes=204 lwip_err=0
[CR-DISCOVERY-PROBE-R28] host_utc=2026-09-28T06:46:42.393+00:00 host_mono_ns=2337021583350127 phase=checkpoint container_pid=14 
[CR-DISCOVERY-PROBE-R28] host_utc=2026-09-28T06:46:42.393+00:00 host_mono_ns=2337021583365577 phase=checkpoint container_pid=14 [CR-RERUN-20260927] RTPS_RX peer=172.18.0.3:59420 local_port=7400 bytes=204
[CR-DISCOVERY-PROBE-R28] host_utc=2026-09-28T06:46:42.393+00:00 host_mono_ns=2337021583396345 phase=checkpoint container_pid=14 [CR-RERUN-20260927] RTPS_RX_QUEUE result=ok local_port=7400 peer_port=59420 bytes=204
[CR-DISCOVERY-PROBE-R28] host_utc=2026-09-28T06:46:42.393+00:00 host_mono_ns=2337021583414970 phase=checkpoint container_pid=14 [CR-RERUN-20260927] APP publish_begin topic=/to_linux id=10 payload='Hello from mros2-posix onto Linux: 10'
[CR-DISCOVERY-PROBE-R28] host_utc=2026-09-28T06:46:42.393+00:00 host_mono_ns=2337021583426071 phase=checkpoint container_pid=14 [CR-RERUN-20260927] APP publish_return topic=/to_linux id=10
[CR-DISCOVERY-PROBE-R28] host_utc=2026-09-28T06:46:42.547+00:00 host_mono_ns=2337021738022774 phase=checkpoint container_pid=14 LOG_NOTICE : 00000010.234 : [CR-RERUN-20260927] UDP_SEND result=ok fd=5 local_port=7411 destination=172.18.0.5:7411 bytes=104 returned=104 errno=0
[CR-DISCOVERY-PROBE-R28] host_utc=2026-09-28T06:46:42.547+00:00 host_mono_ns=2337021738076205 phase=checkpoint container_pid=14 [CR-RERUN-20260927] RTPS_UDP_SEND result=ok source_port=7411 destination=172.18.0.5:7411 bytes=104 lwip_err=0
[CR-DISCOVERY-PROBE-R28] host_utc=2026-09-28T06:46:42.547+00:00 host_mono_ns=2337021738089680 phase=checkpoint container_pid=14 LOG_NOTICE : 00000010.235 : [CR-RERUN-20260927] UDP_RECV result=ok mcp=0xdbebf8 fd=5 local_port=7411 bytes=104 peer=172.18.0.5:7411
[CR-DISCOVERY-PROBE-R28] host_utc=2026-09-28T06:46:42.547+00:00 host_mono_ns=2337021738101563 phase=checkpoint container_pid=14 [CR-RERUN-20260927] RTPS_RX peer=172.18.0.5:62236 local_port=7411 bytes=104
[CR-DISCOVERY-PROBE-R28] host_utc=2026-09-28T06:46:42.547+00:00 host_mono_ns=2337021738112984 phase=checkpoint container_pid=14 [CR-RERUN-20260927] RTPS_RX_QUEUE result=ok local_port=7411 peer_port=62236 bytes=104
[CR-DISCOVERY-PROBE-R28] host_utc=2026-09-28T06:46:42.547+00:00 host_mono_ns=2337021738124105 phase=checkpoint container_pid=14 [CR-RERUN-20260927] RTPS_DATA parse=ok source_prefix=5fea3a1aeee1f18621668800 reader_id=00000204 writer_id=00000103 sequence=0:7 payload_bytes=48 reader_found=1
[CR-DISCOVERY-PROBE-R28] host_utc=2026-09-28T06:46:42.547+00:00 host_mono_ns=2337021738135607 phase=checkpoint container_pid=14 LOG_DEBUG : 00000010.238 : [MROS2LIB] message get [callback_handler] msg_sn_high: 0 msg_sn_low: 7
[CR-DISCOVERY-PROBE-R28] host_utc=2026-09-28T06:46:42.547+00:00 host_mono_ns=2337021738146297 phase=checkpoint container_pid=14 [CR-RERUN-20260927] RTPS_DATA_DELIVERY result=newChange kind=user sequence=0:7
[CR-DISCOVERY-PROBE-R28] host_utc=2026-09-28T06:46:42.547+00:00 host_mono_ns=2337021738156887 phase=checkpoint container_pid=14 [CR-RERUN-20260927] APP callback topic=/to_stm id=10 payload='Hello from mros2-posix onto Linux: 10'
[CR-DISCOVERY-PROBE-R28] host_utc=2026-09-28T06:46:42.547+00:00 host_mono_ns=2337021738167627 phase=checkpoint container_pid=14 LOG_NOTICE : 00000010.388 : [CR-RERUN-20260927] UDP_RECV result=ok mcp=0xdbebdc fd=15 local_port=7400 bytes=204 peer=172.18.0.5:7400
[CR-DISCOVERY-PROBE-R28] host_utc=2026-09-28T06:46:43.393+00:00 host_mono_ns=2337022583538732 phase=checkpoint container_pid=14 [CR-RERUN-20260927] RTPS_RX peer=172.18.0.5:59420 local_port=7400 bytes=204
[CR-DISCOVERY-PROBE-R28] host_utc=2026-09-28T06:46:43.393+00:00 host_mono_ns=2337022583603214 phase=checkpoint container_pid=14 [CR-RERUN-20260927] RTPS_RX_QUEUE result=ok local_port=7400 peer_port=59420 bytes=204
[CR-DISCOVERY-PROBE-R28] host_utc=2026-09-28T06:46:43.393+00:00 host_mono_ns=2337022583620446 phase=checkpoint container_pid=14 [CR-RERUN-20260927] RTPS_DATA parse=ok source_prefix=5fea3a1aeee1f18621668800 reader_id=000100c7 writer_id=000100c2 sequence=0:1 payload_bytes=148 reader_found=1
[CR-DISCOVERY-PROBE-R28] host_utc=2026-09-28T06:46:43.393+00:00 host_mono_ns=2337022583635855 phase=checkpoint container_pid=14 [CR-RERUN-20260927] RTPS_DATA_DELIVERY result=newChange kind=user sequence=0:1
[CR-DISCOVERY-PROBE-R28] host_utc=2026-09-28T06:46:43.393+00:00 host_mono_ns=2337022583650022 phase=checkpoint container_pid=14 LOG_NOTICE : 00000011.144 : LOG_NOTICE : 00000011.144 : [CR-RERUN-20260927] UDP_SEND result=ok fd=15 local_port=7400 destination=239.255.0.1:7400 bytes=204 returned=204 errno=0[CR-RERUN-20260927] UDP_RECV result=ok mcp=0xdbebdc fd=15 local_port=7400 bytes=204 peer=172.18.0.3:7400
[CR-DISCOVERY-PROBE-R28] host_utc=2026-09-28T06:46:43.393+00:00 host_mono_ns=2337022583698574 phase=checkpoint container_pid=14 [CR-RERUN-20260927] RTPS_UDP_SEND result=ok source_port=7400 destination=239.255.0.1:7400 bytes=204 lwip_err=0
[CR-DISCOVERY-PROBE-R28] host_utc=2026-09-28T06:46:43.393+00:00 host_mono_ns=2337022583710536 phase=checkpoint container_pid=14 
[CR-DISCOVERY-PROBE-R28] host_utc=2026-09-28T06:46:43.393+00:00 host_mono_ns=2337022583722038 phase=checkpoint container_pid=14 [CR-RERUN-20260927] RTPS_RX peer=172.18.0.3:59420 local_port=7400 bytes=204
[CR-DISCOVERY-PROBE-R28] host_utc=2026-09-28T06:46:43.393+00:00 host_mono_ns=2337022583732738 phase=checkpoint container_pid=14 [CR-RERUN-20260927] RTPS_RX_QUEUE result=ok local_port=7400 peer_port=59420 bytes=204
[CR-DISCOVERY-PROBE-R28] host_utc=2026-09-28T06:46:43.393+00:00 host_mono_ns=2337022583746344 phase=checkpoint container_pid=14 [CR-RERUN-20260927] APP publish_begin topic=/to_linux id=11 payload='Hello from mros2-posix onto Linux: 11'
[CR-DISCOVERY-PROBE-R28] host_utc=2026-09-28T06:46:43.546+00:00 host_mono_ns=2337022736798575 phase=checkpoint container_pid=14 [CR-RERUN-20260927] APP publish_return topic=/to_linux id=11
[CR-DISCOVERY-PROBE-R28] host_utc=2026-09-28T06:46:43.546+00:00 host_mono_ns=2337022736854451 phase=checkpoint container_pid=14 LOG_NOTICE : 00000011.235 : [CR-RERUN-20260927] UDP_SEND result=ok fd=5 local_port=7411 destination=172.18.0.5:7411 bytes=104 returned=104 errno=0LOG_NOTICE : 00000011.235 : 
[CR-DISCOVERY-PROBE-R28] host_utc=2026-09-28T06:46:43.546+00:00 host_mono_ns=2337022736868608 phase=checkpoint container_pid=14 [CR-RERUN-20260927] UDP_RECV result=ok mcp=0xdbebf8 fd=5 local_port=7411 bytes=104 peer=172.18.0.5:7411[CR-RERUN-20260927] RTPS_UDP_SEND result=ok source_port=7411 destination=172.18.0.5:7411 bytes=104 lwip_err=0
[CR-DISCOVERY-PROBE-R28] host_utc=2026-09-28T06:46:43.546+00:00 host_mono_ns=2337022736883416 phase=checkpoint container_pid=14 
[CR-DISCOVERY-PROBE-R28] host_utc=2026-09-28T06:46:43.546+00:00 host_mono_ns=2337022736898595 phase=checkpoint container_pid=14 [CR-RERUN-20260927] RTPS_RX peer=172.18.0.5:62236 local_port=7411 bytes=104
[CR-DISCOVERY-PROBE-R28] host_utc=2026-09-28T06:46:43.546+00:00 host_mono_ns=2337022736913202 phase=checkpoint container_pid=14 [CR-RERUN-20260927] RTPS_RX_QUEUE result=ok local_port=7411 peer_port=62236 bytes=104
[CR-DISCOVERY-PROBE-R28] host_utc=2026-09-28T06:46:43.546+00:00 host_mono_ns=2337022736924063 phase=checkpoint container_pid=14 [CR-RERUN-20260927] RTPS_DATA parse=ok source_prefix=5fea3a1aeee1f18621668800 reader_id=00000204 writer_id=00000103 sequence=0:8 payload_bytes=48 reader_found=1
[CR-DISCOVERY-PROBE-R28] host_utc=2026-09-28T06:46:43.546+00:00 host_mono_ns=2337022736935214 phase=checkpoint container_pid=14 LOG_DEBUG : 00000011.239 : [MROS2LIB] message get [callback_handler] msg_sn_high: 0 msg_sn_low: 8
[CR-DISCOVERY-PROBE-R28] host_utc=2026-09-28T06:46:43.546+00:00 host_mono_ns=2337022736945944 phase=checkpoint container_pid=14 [CR-RERUN-20260927] RTPS_DATA_DELIVERY result=newChange kind=user sequence=0:8
[CR-DISCOVERY-PROBE-R28] host_utc=2026-09-28T06:46:43.546+00:00 host_mono_ns=2337022736956394 phase=checkpoint container_pid=14 [CR-RERUN-20260927] APP callback topic=/to_stm id=11 payload='Hello from mros2-posix onto Linux: 11'
[CR-DISCOVERY-PROBE-R28] host_utc=2026-09-28T06:46:43.548+00:00 host_mono_ns=2337022738766464 phase=checkpoint container_pid=14 LOG_NOTICE : 00000011.387 : [CR-RERUN-20260927] UDP_RECV result=ok mcp=0xdbec14 fd=3 local_port=7410 bytes=52 peer=172.18.0.5:7410
[CR-DISCOVERY-PROBE-R28] host_utc=2026-09-28T06:46:43.548+00:00 host_mono_ns=2337022738806280 phase=checkpoint container_pid=14 [CR-RERUN-20260927] RTPS_RX peer=172.18.0.5:61980 local_port=7410 bytes=52
[CR-DISCOVERY-PROBE-R28] host_utc=2026-09-28T06:46:43.548+00:00 host_mono_ns=2337022738835615 phase=checkpoint container_pid=14 LOG_NOTICE : 00000011.388 : [CR-RERUN-20260927] RTPS_RX_QUEUE result=ok local_port=7410 peer_port=61980 bytes=52
[CR-DISCOVERY-PROBE-R28] host_utc=2026-09-28T06:46:43.548+00:00 host_mono_ns=2337022738852818 phase=checkpoint container_pid=14 [CR-RERUN-20260927] UDP_RECV result=ok mcp=0xdbebdc fd=15 local_port=7400 bytes=204 peer=172.18.0.5:7400LOG_NOTICE : 00000011.389 : 
[CR-DISCOVERY-PROBE-R28] host_utc=2026-09-28T06:46:43.548+00:00 host_mono_ns=2337022738863788 phase=checkpoint container_pid=14 [CR-RERUN-20260927] UDP_RECV result=ok mcp=0xdbec14 fd=3 local_port=7410 bytes=52 peer=172.18.0.5:7410[CR-RERUN-20260927] RTPS_RX peer=172.18.0.5:59420 local_port=7400 bytes=204
[CR-DISCOVERY-PROBE-R28] host_utc=2026-09-28T06:46:43.548+00:00 host_mono_ns=2337022738874889 phase=checkpoint container_pid=14 
[CR-DISCOVERY-PROBE-R28] host_utc=2026-09-28T06:46:43.548+00:00 host_mono_ns=2337022738885750 phase=checkpoint container_pid=14 LOG_NOTICE : 00000011.389 : [CR-RERUN-20260927] RTPS_RX peer=172.18.0.5:61980 local_port=7410 bytes=52
[CR-DISCOVERY-PROBE-R28] host_utc=2026-09-28T06:46:43.548+00:00 host_mono_ns=2337022738896620 phase=checkpoint container_pid=14 [CR-RERUN-20260927] UDP_SEND result=ok fd=3 local_port=7410 destination=172.18.0.5:7410 bytes=48 returned=48 errno=0[CR-RERUN-20260927] RTPS_RX_QUEUE result=ok local_port=7410 peer_port=61980 bytes=52
[CR-DISCOVERY-PROBE-R28] host_utc=2026-09-28T06:46:43.548+00:00 host_mono_ns=2337022738907361 phase=checkpoint container_pid=14 
[CR-DISCOVERY-PROBE-R28] host_utc=2026-09-28T06:46:43.548+00:00 host_mono_ns=2337022738917630 phase=checkpoint container_pid=14 [CR-RERUN-20260927] RTPS_RX_QUEUE result=ok local_port=7400 peer_port=59420 bytes=204
[CR-DISCOVERY-PROBE-R28] host_utc=2026-09-28T06:46:44.282+00:00 host_mono_ns=2337023472217679 phase=checkpoint container_pid=14 [CR-RERUN-20260927] RTPS_UDP_SEND result=ok source_port=7410 destination=172.18.0.55.0.1:7400
[CR-DISCOVERY-PROBE-R28] host_utc=2026-09-28T06:46:44.282+00:00 host_mono_ns=2337023472273704 phase=checkpoint container_pid=14 [CR-RERUN-20260927] WASI_SOCKET event=sock_send_to_return wasi_fd=15 wasi_errno=0 bytes=204
[CR-DISCOVERY-PROBE-R28] host_utc=2026-09-28T06:46:44.282+00:00 host_mono_ns=2337023472286278 phase=checkpoint container_pid=14 [CR-RERUN-20260927] WASI_SOCKET event=sock_recv_from_return wasi_fd=15 wasi_errno=0 bytes=204 source=172.18.0.3:7400
[CR-DISCOVERY-PROBE-R28] host_utc=2026-09-28T06:46:44.282+00:00 host_mono_ns=2337023472297840 phase=checkpoint container_pid=14 [CR-RERUN-20260927] WASI_SOCKET event=sock_recv_from_enter wasi_fd=15 iovecs=1 capacity=65535 flags=0
[CR-DISCOVERY-PROBE-R28] host_utc=2026-09-28T06:46:44.282+00:00 host_mono_ns=2337023472308570 phase=checkpoint container_pid=14 [CR-RERUN-20260927] WASI_SOCKET event=sock_send_to_enter wasi_fd=5 bytes=100 flags=0 destination=172.18.0.5:7411
[CR-DISCOVERY-PROBE-R28] host_utc=2026-09-28T06:46:44.282+00:00 host_mono_ns=2337023472319241 phase=checkpoint container_pid=14 [CR-RERUN-20260927] WASI_SOCKET event=sock_send_to_return wasi_fd=5 wasi_errno=0 bytes=100
[CR-DISCOVERY-PROBE-R28] host_utc=2026-09-28T06:46:44.282+00:00 host_mono_ns=2337023472330031 phase=checkpoint container_pid=14 [CR-RERUN-20260927] WASI_SOCKET event=sock_recv_from_return wasi_fd=5 wasi_errno=0 bytes=100 source=172.18.0.5:7411
[CR-DISCOVERY-PROBE-R28] host_utc=2026-09-28T06:46:44.282+00:00 host_mono_ns=2337023472340481 phase=checkpoint container_pid=14 [CR-RERUN-20260927] WASI_SOCKET event=sock_recv_from_enter wasi_fd=5 iovecs=1 capacity=65535 flags=0
[CR-DISCOVERY-PROBE-R28] host_utc=2026-09-28T06:46:44.282+00:00 host_mono_ns=2337023472351211 phase=checkpoint container_pid=14 [CR-RERUN-20260927] WASI_SOCKET event=sock_recv_from_return wasi_fd=15 wasi_errno=0 bytes=204 source=172.18.0.5:7400
[CR-DISCOVERY-PROBE-R28] host_utc=2026-09-28T06:46:44.282+00:00 host_mono_ns=2337023472361741 phase=checkpoint container_pid=14 [CR-RERUN-20260927] WASI_SOCKET event=sock_recv_from_enter wasi_fd=15 iovecs=1 capacity=65535 flags=0
[CR-DISCOVERY-PROBE-R28] host_utc=2026-09-28T06:46:44.282+00:00 host_mono_ns=2337023472393411 phase=checkpoint container_pid=14 [CR-RERUN-20260927] WASI_SOCKET event=sock_send_to_enter wasi_fd=15 bytes=204 flags=0 destination=239.255.0.1:7400
[CR-DISCOVERY-PROBE-R28] host_utc=2026-09-28T06:46:44.282+00:00 host_mono_ns=2337023472404211 phase=checkpoint container_pid=14 [CR-RERUN-20260927] WASI_SOCKET event=sock_send_to_return wasi_fd=15 wasi_errno=0 bytes=204
[CR-DISCOVERY-PROBE-R28] host_utc=2026-09-28T06:46:44.282+00:00 host_mono_ns=2337023472414591 phase=checkpoint container_pid=14 [CR-RERUN-20260927] WASI_SOCKET event=sock_recv_from_return wasi_fd=15 wasi_errno=0 bytes=204 source=172.18.0.3:7400
[CR-DISCOVERY-PROBE-R28] host_utc=2026-09-28T06:46:44.282+00:00 host_mono_ns=2337023472424980 phase=checkpoint container_pid=14 [CR-RERUN-20260927] WASI_SOCKET event=sock_recv_from_enter wasi_fd=15 iovecs=1 capacity=65535 flags=0
[CR-DISCOVERY-PROBE-R28] host_utc=2026-09-28T06:46:44.282+00:00 host_mono_ns=2337023472435510 phase=checkpoint container_pid=14 [CR-RERUN-20260927] WASI_SOCKET event=sock_send_to_enter wasi_fd=5 bytes=104 flags=0 destination=172.18.0.5:7411
[CR-DISCOVERY-PROBE-R28] host_utc=2026-09-28T06:46:44.282+00:00 host_mono_ns=2337023472445840 phase=checkpoint container_pid=14 [CR-RERUN-20260927] WASI_SOCKET event=sock_send_to_return wasi_fd=5 wasi_errno=0 bytes=104
[CR-DISCOVERY-PROBE-R28] host_utc=2026-09-28T06:46:44.282+00:00 host_mono_ns=2337023472456290 phase=checkpoint container_pid=14 [CR-RERUN-20260927] WASI_SOCKET event=sock_recv_from_return wasi_fd=5 wasi_errno=0 bytes=104 source=172.18.0.5:7411
[CR-DISCOVERY-PROBE-R28] host_utc=2026-09-28T06:46:44.282+00:00 host_mono_ns=2337023472466669 phase=checkpoint container_pid=14 [CR-RERUN-20260927] WASI_SOCKET event=sock_recv_from_enter wasi_fd=5 iovecs=1 capacity=65535 flags=0
[CR-DISCOVERY-PROBE-R28] host_utc=2026-09-28T06:46:44.282+00:00 host_mono_ns=2337023472477119 phase=checkpoint container_pid=14 [CR-RERUN-20260927] WASI_SOCKET event=sock_recv_from_return wasi_fd=15 wasi_errno=0 bytes=204 source=172.18.0.5:7400
[CR-DISCOVERY-PROBE-R28] host_utc=2026-09-28T06:46:44.282+00:00 host_mono_ns=2337023472487479 phase=checkpoint container_pid=14 [CR-RERUN-20260927] WASI_SOCKET event=sock_recv_from_enter wasi_fd=15 iovecs=1 capacity=65535 flags=0
[CR-DISCOVERY-PROBE-R28] host_utc=2026-09-28T06:46:44.282+00:00 host_mono_ns=2337023472498059 phase=checkpoint container_pid=14 [CR-RERUN-20260927] WASI_SOCKET event=sock_send_to_enter wasi_fd=15 bytes=204 flags=0 destination=239.255.0.1:7400
[CR-DISCOVERY-PROBE-R28] host_utc=2026-09-28T06:46:44.282+00:00 host_mono_ns=2337023472508308 phase=checkpoint container_pid=14 [CR-RERUN-20260927] WASI_SOCKET event=sock_recv_from_return wasi_fd=15 wasi_errno=0 bytes=204 source=172.18.0.3:7400
[CR-DISCOVERY-PROBE-R28] host_utc=2026-09-28T06:46:44.282+00:00 host_mono_ns=2337023472518808 phase=checkpoint container_pid=14 [CR-RERUN-20260927] WASI_SOCKET event=sock_send_to_return wasi_fd=15 wasi_errno=0 bytes=204
[CR-DISCOVERY-PROBE-R28] host_utc=2026-09-28T06:46:44.282+00:00 host_mono_ns=2337023472529047 phase=checkpoint container_pid=14 [CR-RERUN-20260927] WASI_SOCKET event=sock_recv_from_enter wasi_fd=15 iovecs=1 capacity=65535 flags=0
[CR-DISCOVERY-PROBE-R28] host_utc=2026-09-28T06:46:44.282+00:00 host_mono_ns=2337023472539537 phase=checkpoint container_pid=14 [CR-RERUN-20260927] WASI_SOCKET event=sock_send_to_enter wasi_fd=5 bytes=104 flags=0 destination=172.18.0.5:7411
[CR-DISCOVERY-PROBE-R28] host_utc=2026-09-28T06:46:44.282+00:00 host_mono_ns=2337023472549866 phase=checkpoint container_pid=14 [CR-RERUN-20260927] WASI_SOCKET event=sock_send_to_return wasi_fd=5 wasi_errno=0 bytes=104
[CR-DISCOVERY-PROBE-R28] host_utc=2026-09-28T06:46:44.282+00:00 host_mono_ns=2337023472560256 phase=checkpoint container_pid=14 [CR-RERUN-20260927] WASI_SOCKET event=sock_recv_from_return wasi_fd=5 wasi_errno=0 bytes=104 source=172.18.0.5:7411
[CR-DISCOVERY-PROBE-R28] host_utc=2026-09-28T06:46:44.282+00:00 host_mono_ns=2337023472570566 phase=checkpoint container_pid=14 [CR-RERUN-20260927] WASI_SOCKET event=sock_recv_from_enter wasi_fd=5 iovecs=1 capacity=65535 flags=0
[CR-DISCOVERY-PROBE-R28] host_utc=2026-09-28T06:46:44.282+00:00 host_mono_ns=2337023472592267 phase=checkpoint container_pid=14 [CR-RERUN-20260927] WASI_SOCKET event=sock_recv_from_return wasi_fd=3 wasi_errno=0 bytes=52 source=172.18.0.5:7410
[CR-DISCOVERY-PROBE-R28] host_utc=2026-09-28T06:46:44.282+00:00 host_mono_ns=2337023472602716 phase=checkpoint container_pid=14 [CR-RERUN-20260927] WASI_SOCKET event=sock_recv_from_return wasi_fd=15 wasi_errno=0 bytes=204 source=172.18.0.5:7400
[CR-DISCOVERY-PROBE-R28] host_utc=2026-09-28T06:46:44.282+00:00 host_mono_ns=2337023472613046 phase=checkpoint container_pid=14 [CR-RERUN-20260927] WASI_SOCKET event=sock_recv_from_enter wasi_fd=3 iovecs=1 capacity=65535 flags=0
[CR-DISCOVERY-PROBE-R28] host_utc=2026-09-28T06:46:44.282+00:00 host_mono_ns=2337023472623516 phase=checkpoint container_pid=14 [CR-RERUN-20260927] WASI_SOCKET event=sock_recv_from_return wasi_fd=3 wasi_errno=0 bytes=52 source=172.18.0.5:7410
[CR-DISCOVERY-PROBE-R28] host_utc=2026-09-28T06:46:44.282+00:00 host_mono_ns=2337023472633865 phase=checkpoint container_pid=14 [CR-RERUN-20260927] WASI_SOCKET event=sock_send_to_enter wasi_fd=3 bytes=48 flags=0 destination=172.18.0.5:7410
[CR-DISCOVERY-PROBE-R28] host_utc=2026-09-28T06:46:44.282+00:00 host_mono_ns=2337023472644335 phase=checkpoint container_pid=14 [CR-RERUN-20260927] WASI_SOCKET event=sock_send_to_return wasi_fd=3 wasi_errno=0 bytes=48
[CR-DISCOVERY-PROBE-R28] host_utc=2026-09-28T06:46:44.282+00:00 host_mono_ns=2337023472654755 phase=checkpoint container_pid=14 [CR-RERUN-20260927] WASI_SOCKET event=sock_recv_from_enter wasi_fd=3 iovecs=1 capacity=65535 flags=0
[CR-DISCOVERY-PROBE-R28] host_utc=2026-09-28T06:46:44.282+00:00 host_mono_ns=2337023472665365 phase=checkpoint container_pid=14 [CR-RERUN-20260927] WASI_SOCKET event=sock_recv_from_enter wasi_fd=15 iovecs=1 capacity=65535 flags=0
[CR-DISCOVERY-PROBE-R28] host_utc=2026-09-28T06:46:44.282+00:00 host_mono_ns=2337023472675905 phase=checkpoint container_pid=14 [CR-RERUN-20260927] WASI_SOCKET event=sock_send_to_enter wasi_fd=3 bytes=48 flags=0 destination=172.18.0.5:7410
[CR-DISCOVERY-PROBE-R28] host_utc=2026-09-28T06:46:44.282+00:00 host_mono_ns=2337023472686264 phase=checkpoint container_pid=14 [CR-RERUN-20260927] WASI_SOCKET event=sock_send_to_return wasi_fd=3 wasi_errno=0 bytes=48
[CR-DISCOVERY-PROBE-R28] host_utc=2026-09-28T06:46:44.282+00:00 host_mono_ns=2337023472696654 phase=checkpoint container_pid=14 [CR-RERUN-20260927] WASI_SOCKET event=sock_send_to_enter wasi_fd=3 bytes=52 flags=0 destination=172.18.0.5:7410
[CR-DISCOVERY-PROBE-R28] host_utc=2026-09-28T06:46:44.282+00:00 host_mono_ns=2337023472856186 phase=checkpoint container_pid=14 [CR-RERUN-20260927] WASI_SOCKET event=sock_send_to_ret:7410 bytes=48 lwip_err=0
[CR-DISCOVERY-PROBE-R28] host_utc=2026-09-28T06:46:44.282+00:00 host_mono_ns=2337023472887354 phase=checkpoint container_pid=14 [CR-RERUN-20260927] RTPS_DATA parse=ok source_prefix=5fea3a1aeee1f18621668800 reader_id=000100c7 writer_id=000100c2 sequence=0:1 payload_bytes=148 reader_found=1
[CR-DISCOVERY-PROBE-R28] host_utc=2026-09-28T06:46:44.282+00:00 host_mono_ns=2337023472900790 phase=checkpoint container_pid=14 [CR-RERUN-20260927] RTPS_DATA_DELIVERY result=newChange kind=user sequence=0:1
[CR-DISCOVERY-PROBE-R28] host_utc=2026-09-28T06:46:44.282+00:00 host_mono_ns=2337023472913053 phase=checkpoint container_pid=14 LOG_NOTICE : 00000011.394 : [CR-RERUN-20260927] UDP_SEND result=ok fd=3 local_port=7410 destination=172.18.0.5:7410 bytes=48 returned=48 errno=0
[CR-DISCOVERY-PROBE-R28] host_utc=2026-09-28T06:46:44.282+00:00 host_mono_ns=2337023472924575 phase=checkpoint container_pid=14 [CR-RERUN-20260927] RTPS_UDP_SEND result=ok source_port=7410 destination=172.18.0.5:7410 bytes=48 lwip_err=0
[CR-DISCOVERY-PROBE-R28] host_utc=2026-09-28T06:46:44.282+00:00 host_mono_ns=2337023472935906 phase=checkpoint container_pid=14 [DISCOVERY_PROBE] event=heartbeat_tick writer=sedp_publications proxies_empty=0
[CR-DISCOVERY-PROBE-R28] host_utc=2026-09-28T06:46:44.282+00:00 host_mono_ns=2337023472973808 phase=checkpoint container_pid=14 [DISCOVERY_PROBE] event=heartbeat_send writer=sedp_publications first=0:1 last=0:1 dst_port=7410
[CR-DISCOVERY-PROBE-R28] host_utc=2026-09-28T06:46:44.282+00:00 host_mono_ns=2337023472984869 phase=checkpoint container_pid=14 LOG_NOTICE : 00000012.123 : [CR-RERUN-20260927] UDP_SEND result=ok fd=3 local_port=7410 destination=172.18.0.5:7410 bytes=52 returned=52 errno=0
[CR-DISCOVERY-PROBE-R28] host_utc=2026-09-28T06:46:44.282+00:00 host_mono_ns=2337023472995819 phase=checkpoint container_pid=14 LOG_NOTICE : 00000012.123 : [CR-RERUN-20260927] RTPS_UDP_SEND result=ok source_port=7410 destination=172.18.0.5:7410 bytes=52 lwip_err=0
[CR-DISCOVERY-PROBE-R28] host_utc=2026-09-28T06:46:44.303+00:00 host_mono_ns=2337023493190873 phase=checkpoint container_pid=14 [CR-RERUN-20260927] UDP_RECV result=ok mcp=0xdbec14 fd=3 local_port=7410 bytes=48 peer=172.18.0.5:7410
[CR-DISCOVERY-PROBE-R28] host_utc=2026-09-28T06:46:44.303+00:00 host_mono_ns=2337023493226871 phase=checkpoint container_pid=14 [CR-RERUN-20260927] RTPS_RX peer=172.18.0.5:61980 local_port=7410 bytes=48
[CR-DISCOVERY-PROBE-R28] host_utc=2026-09-28T06:46:44.303+00:00 host_mono_ns=2337023493240276 phase=checkpoint container_pid=14 [CR-RERUN-20260927] RTPS_RX_QUEUE result=ok local_port=7410 peer_port=61980 bytes=48
[CR-DISCOVERY-PROBE-R28] host_utc=2026-09-28T06:46:44.303+00:00 host_mono_ns=2337023493251397 phase=checkpoint container_pid=14 [DISCOVERY_PROBE] event=heartbeat_tick writer=sedp_subscriptions proxies_empty=0
[CR-DISCOVERY-PROBE-R28] host_utc=2026-09-28T06:46:44.303+00:00 host_mono_ns=2337023493262338 phase=checkpoint container_pid=14 [DISCOVERY_PROBE] event=heartbeat_send writer=sedp_subscriptions first=0:1 last=0:1 dst_port=7410
[CR-DISCOVERY-PROBE-R28] host_utc=2026-09-28T06:46:44.303+00:00 host_mono_ns=2337023493273579 phase=checkpoint container_pid=14 LOG_NOTICE : 00000012.125 : [CR-RERUN-20260927] UDP_SEND result=ok fd=3 local_port=7410 destination=172.18.0.5:7410 bytes=52 returned=52 errno=0LOG_NOTICE : 00000012.125 : 
[CR-DISCOVERY-PROBE-R28] host_utc=2026-09-28T06:46:44.303+00:00 host_mono_ns=2337023493285612 phase=checkpoint container_pid=14 [CR-RERUN-20260927] UDP_RECV result=ok mcp=0xdbec14 fd=3 local_port=7410 bytes=48 peer=172.18.0.5:7410[CR-RERUN-20260927] RTPS_UDP_SEND result=ok source_port=7410 destination=172.18.0.5:7410 bytes=52 lwip_err=0
[CR-DISCOVERY-PROBE-R28] host_utc=2026-09-28T06:46:44.303+00:00 host_mono_ns=2337023493297004 phase=checkpoint container_pid=14 
[CR-DISCOVERY-PROBE-R28] host_utc=2026-09-28T06:46:44.303+00:00 host_mono_ns=2337023493308495 phase=checkpoint container_pid=14 [CR-RERUN-20260927] RTPS_RX peer=172.18.0.5:61980 local_port=7410 bytes=48
[CR-DISCOVERY-PROBE-R28] host_utc=2026-09-28T06:46:44.303+00:00 host_mono_ns=2337023493319286 phase=checkpoint container_pid=14 [CR-RERUN-20260927] RTPS_RX_QUEUE result=ok local_port=7410 peer_port=61980 bytes=48
[CR-DISCOVERY-PROBE-R28] host_utc=2026-09-28T06:46:44.395+00:00 host_mono_ns=2337023586155134 phase=checkpoint container_pid=14 LOG_NOTICE : 00000012.144 : [CR-RERUN-20260927] UDP_SEND result=ok fd=15 local_port=7400 destination=239.255.0.1:7400 bytes=204 returned=204 errno=0LOG_NOTICE : 00000012.144 : 
[CR-DISCOVERY-PROBE-R28] host_utc=2026-09-28T06:46:44.396+00:00 host_mono_ns=2337023586203034 phase=checkpoint container_pid=14 [CR-RERUN-20260927] RTPS_UDP_SEND result=ok source_port=7400 destination=239.255.0.1:7400 bytes=204 lwip_err=0
[CR-DISCOVERY-PROBE-R28] host_utc=2026-09-28T06:46:44.396+00:00 host_mono_ns=2337023586216590 phase=checkpoint container_pid=14 [CR-RERUN-20260927] UDP_RECV result=ok mcp=0xdbebdc fd=15 local_port=7400 bytes=204 peer=172.18.0.3:7400
[CR-DISCOVERY-PROBE-R28] host_utc=2026-09-28T06:46:44.396+00:00 host_mono_ns=2337023586227841 phase=checkpoint container_pid=14 [CR-RERUN-20260927] RTPS_RX peer=172.18.0.3:59420 local_port=7400 bytes=204
[CR-DISCOVERY-PROBE-R28] host_utc=2026-09-28T06:46:44.396+00:00 host_mono_ns=2337023586255864 phase=checkpoint container_pid=14 [CR-RERUN-20260927] RTPS_RX_QUEUE result=ok local_port=7400 peer_port=59420 bytes=204
[CR-DISCOVERY-PROBE-R28] host_utc=2026-09-28T06:46:44.396+00:00 host_mono_ns=2337023586272486 phase=checkpoint container_pid=14 [CR-RERUN-20260927] APP publish_begin topic=/to_linux id=12 payload='Hello from mros2-posix onto Linux: 12'
[CR-DISCOVERY-PROBE-R28] host_utc=2026-09-28T06:46:44.396+00:00 host_mono_ns=2337023586283587 phase=checkpoint container_pid=14 [CR-RERUN-20260927] APP publish_return topic=/to_linux id=12
[CR-DISCOVERY-PROBE-R28] host_utc=2026-09-28T06:46:44.396+00:00 host_mono_ns=2337023586294718 phase=checkpoint container_pid=14 LOG_NOTICE : 00000012.236 : [CR-RERUN-20260927] UDP_SEND result=ok fd=5 local_port=7411 destination=172.18.0.5:7411 bytes=104 returned=104 errno=0LOG_NOTICE : 00000012.237 : 
[CR-DISCOVERY-PROBE-R28] host_utc=2026-09-28T06:46:44.550+00:00 host_mono_ns=2337023740652666 phase=checkpoint container_pid=14 [CR-RERUN-20260927] UDP_RECV result=ok mcp=0xdbebf8 fd=5 local_port=7411 bytes=104 peer=172.18.0.5:7411[CR-RERUN-20260927] RTPS_UDP_SEND result=ok source_port=7411 destination=172.18.0.5:7411 bytes=104 lwip_err=0
[CR-DISCOVERY-PROBE-R28] host_utc=2026-09-28T06:46:44.550+00:00 host_mono_ns=2337023740694645 phase=checkpoint container_pid=14 
[CR-DISCOVERY-PROBE-R28] host_utc=2026-09-28T06:46:44.550+00:00 host_mono_ns=2337023740707459 phase=checkpoint container_pid=14 [CR-RERUN-20260927] RTPS_RX peer=172.18.0.5:62236 local_port=7411 bytes=104
[CR-DISCOVERY-PROBE-R28] host_utc=2026-09-28T06:46:44.550+00:00 host_mono_ns=2337023740720153 phase=checkpoint container_pid=14 [CR-RERUN-20260927] RTPS_RX_QUEUE result=ok local_port=7411 peer_port=62236 bytes=104
[CR-DISCOVERY-PROBE-R28] host_utc=2026-09-28T06:46:44.550+00:00 host_mono_ns=2337023740731114 phase=checkpoint container_pid=14 [CR-RERUN-20260927] RTPS_DATA parse=ok source_prefix=5fea3a1aeee1f18621668800 reader_id=00000204 writer_id=00000103 sequence=0:9 payload_bytes=48 reader_found=1
[CR-DISCOVERY-PROBE-R28] host_utc=2026-09-28T06:46:44.550+00:00 host_mono_ns=2337023740742526 phase=checkpoint container_pid=14 LOG_DEBUG : 00000012.240 : [MROS2LIB] message get [callback_handler] msg_sn_high: 0 msg_sn_low: 9
[CR-DISCOVERY-PROBE-R28] host_utc=2026-09-28T06:46:44.550+00:00 host_mono_ns=2337023740753997 phase=checkpoint container_pid=14 [CR-RERUN-20260927] RTPS_DATA_DELIVERY result=newChange kind=user sequence=0:9
[CR-DISCOVERY-PROBE-R28] host_utc=2026-09-28T06:46:44.550+00:00 host_mono_ns=2337023740764427 phase=checkpoint container_pid=14 [CR-RERUN-20260927] APP callback topic=/to_stm id=12 payload='Hello from mros2-posix onto Linux: 12'
[CR-DISCOVERY-PROBE-R28] host_utc=2026-09-28T06:46:44.550+00:00 host_mono_ns=2337023740774997 phase=checkpoint container_pid=14 LOG_NOTICE : 00000012.389 : [CR-RERUN-20260927] UDP_RECV result=ok mcp=0xdbebdc fd=15 local_port=7400 bytes=204 peer=172.18.0.5:7400
[CR-DISCOVERY-PROBE-R28] host_utc=2026-09-28T06:46:44.550+00:00 host_mono_ns=2337023740786118 phase=checkpoint container_pid=14 [CR-RERUN-20260927] RTPS_RX peer=172.18.0.5:59420 local_port=7400 bytes=204
[CR-DISCOVERY-PROBE-R28] host_utc=2026-09-28T06:46:44.550+00:00 host_mono_ns=2337023740796387 phase=checkpoint container_pid=14 [CR-RERUN-20260927] RTPS_RX_QUEUE result=ok local_port=7400 peer_port=59420 bytes=204
[CR-DISCOVERY-PROBE-R28] host_utc=2026-09-28T06:46:45.396+00:00 host_mono_ns=2337024587066353 phase=checkpoint container_pid=14 [CR-RERUN-20260927] RTPS_DATA parse=ok source_prefix=5fea3a1aeee1f18621668800 reader_id=000100c7 writer_id=000100c2 sequence=0:1 payload_bytes=148 reader_found=1
[CR-DISCOVERY-PROBE-R28] host_utc=2026-09-28T06:46:45.396+00:00 host_mono_ns=2337024587111558 phase=checkpoint container_pid=14 [CR-RERUN-20260927] RTPS_DATA_DELIVERY result=newChange kind=user sequence=0:1
[CR-DISCOVERY-PROBE-R28] host_utc=2026-09-28T06:46:45.396+00:00 host_mono_ns=2337024587129422 phase=checkpoint container_pid=14 LOG_NOTICE : 00000013.144 : LOG_NOTICE : 00000013.144 : [CR-RERUN-20260927] UDP_RECV result=ok mcp=0xdbebdc fd=15 local_port=7400 bytes=204 peer=172.18.0.3:7400[CR-RERUN-20260927] UDP_SEND result=ok fd=15 local_port=7400 destination=239.255.0.1:7400 bytes=204 returned=204 errno=0
[CR-DISCOVERY-PROBE-R28] host_utc=2026-09-28T06:46:45.397+00:00 host_mono_ns=2337024587172804 phase=checkpoint container_pid=14 
[CR-DISCOVERY-PROBE-R28] host_utc=2026-09-28T06:46:45.397+00:00 host_mono_ns=2337024587186851 phase=checkpoint container_pid=14 [CR-RERUN-20260927] RTPS_UDP_SEND result=ok source_port=7400 destination=172.18.0.3:7400 bytes=204 lwip_err=0
[CR-DISCOVERY-PROBE-R28] host_utc=2026-09-28T06:46:45.397+00:00 host_mono_ns=2337024587198372 phase=checkpoint container_pid=14 [CR-RERUN-20260927] RTPS_RX peer=172.18.0.3:59420 local_port=7400 bytes=204
[CR-DISCOVERY-PROBE-R28] host_utc=2026-09-28T06:46:45.397+00:00 host_mono_ns=2337024587209093 phase=checkpoint container_pid=14 [CR-RERUN-20260927] RTPS_RX_QUEUE result=ok local_port=7400 peer_port=59420 bytes=204
[CR-DISCOVERY-PROBE-R28] host_utc=2026-09-28T06:46:45.397+00:00 host_mono_ns=2337024587219853 phase=checkpoint container_pid=14 [CR-RERUN-20260927] APP publish_begin topic=/to_linux id=13 payload='Hello from mros2-posix onto Linux: 13'
[CR-DISCOVERY-PROBE-R28] host_utc=2026-09-28T06:46:45.397+00:00 host_mono_ns=2337024587231084 phase=checkpoint container_pid=14 [CR-RERUN-20260927] APP publish_return topic=/to_linux id=13
[CR-DISCOVERY-PROBE-R28] host_utc=2026-09-28T06:46:45.397+00:00 host_mono_ns=2337024587242376 phase=checkpoint container_pid=14 LOG_NOTICE : 00000013.238 : [CR-RERUN-20260927] UDP_SEND result=ok fd=5 local_port=7411 destination=172.18.0.5:7411 bytes=104 returned=104 errno=0
[CR-DISCOVERY-PROBE-R28] host_utc=2026-09-28T06:46:45.548+00:00 host_mono_ns=2337024738290171 phase=checkpoint container_pid=14 [CR-RERUN-20260927] RTPS_UDP_SEND result=ok source_port=7411 destination=172.18.0.5:7411 bytes=104 lwip_err=0
[CR-DISCOVERY-PROBE-R28] host_utc=2026-09-28T06:46:45.548+00:00 host_mono_ns=2337024738329696 phase=checkpoint container_pid=14 LOG_NOTICE : 00000013.238 : [CR-RERUN-20260927] UDP_RECV result=ok mcp=0xdbebf8 fd=5 local_port=7411 bytes=104 peer=172.18.0.5:7411
[CR-DISCOVERY-PROBE-R28] host_utc=2026-09-28T06:46:45.548+00:00 host_mono_ns=2337024738342961 phase=checkpoint container_pid=14 [CR-RERUN-20260927] RTPS_RX peer=172.18.0.5:62236 local_port=7411 bytes=104
[CR-DISCOVERY-PROBE-R28] host_utc=2026-09-28T06:46:45.548+00:00 host_mono_ns=2337024738355554 phase=checkpoint container_pid=14 [CR-RERUN-20260927] RTPS_RX_QUEUE result=ok local_port=7411 peer_port=62236 bytes=104
[CR-DISCOVERY-PROBE-R28] host_utc=2026-09-28T06:46:45.548+00:00 host_mono_ns=2337024738366675 phase=checkpoint container_pid=14 [CR-RERUN-20260927] RTPS_DATA parse=ok source_prefix=5fea3a1aeee1f18621668800 reader_id=00000204 writer_id=00000103 sequence=0:10 payload_bytes=48 reader_found=1
[CR-DISCOVERY-PROBE-R28] host_utc=2026-09-28T06:46:45.548+00:00 host_mono_ns=2337024738378017 phase=checkpoint container_pid=14 LOG_DEBUG : 00000013.242 : [MROS2LIB] message get [callback_handler] msg_sn_high: 0 msg_sn_low: a
[CR-DISCOVERY-PROBE-R28] host_utc=2026-09-28T06:46:45.548+00:00 host_mono_ns=2337024738389018 phase=checkpoint container_pid=14 [CR-RERUN-20260927] RTPS_DATA_DELIVERY result=newChange kind=user sequence=0:10
[CR-DISCOVERY-PROBE-R28] host_utc=2026-09-28T06:46:45.548+00:00 host_mono_ns=2337024738399738 phase=checkpoint container_pid=14 [CR-RERUN-20260927] APP callback topic=/to_stm id=13 payload='Hello from mros2-posix onto Linux: 13'
[CR-DISCOVERY-PROBE-R28] host_utc=2026-09-28T06:46:45.548+00:00 host_mono_ns=2337024738410488 phase=checkpoint container_pid=14 LOG_NOTICE : 00000013.389 : [CR-RERUN-20260927] UDP_RECV result=ok mcp=0xdbebdc fd=15 local_port=7400 bytes=204 peer=172.18.0.5:7400
[CR-DISCOVERY-PROBE-R28] host_utc=2026-09-28T06:46:45.548+00:00 host_mono_ns=2337024738421459 phase=checkpoint container_pid=14 [CR-RERUN-20260927] RTPS_RX peer=172.18.0.5:59420 local_port=7400 bytes=204
[CR-DISCOVERY-PROBE-R28] host_utc=2026-09-28T06:46:46.114+00:00 host_mono_ns=2337025304947364 phase=checkpoint container_pid=14 [CR-RERUN-20260927] RTPS_RX_QUEUE result=ok local_port=7400 peer_port=59420 bytes=204
[CR-DISCOVERY-PROBE-R28] host_utc=2026-09-28T06:46:46.114+00:00 host_mono_ns=2337025304999713 phase=checkpoint container_pid=14 [CR-RERUN-20260927] RTPS_DATA parse=ok source_prefix=5fea3a1aeee1f18621668800 reader_id=000100c7 writer_id=000100c2 sequence=0:1 payload_bytes=148 reader_found=1
[CR-DISCOVERY-PROBE-R28] host_utc=2026-09-28T06:46:46.114+00:00 host_mono_ns=2337025305033617 phase=checkpoint container_pid=14 [CR-RERUN-20260927] RTPS_DATA_DELIVERY result=newChange kind=user sequence=0:1
[CR-DISCOVERY-PROBE-R28] host_utc=2026-09-28T06:46:46.114+00:00 host_mono_ns=2337025305046992 phase=checkpoint container_pid=14 LOG_NOTICE : 00000013.954 : [CR-RERUN-20260927] UDP_RECV result=ok mcp=0xdbebdc fd=15 local_port=7400 bytes=280 peer=172.18.0.5:55539
[CR-DISCOVERY-PROBE-R28] host_utc=2026-09-28T06:46:46.114+00:00 host_mono_ns=2337025305059065 phase=checkpoint container_pid=14 [CR-RERUN-20260927] RTPS_RX peer=172.18.0.5:62424 local_port=7400 bytes=280
[CR-DISCOVERY-PROBE-R28] host_utc=2026-09-28T06:46:46.114+00:00 host_mono_ns=2337025305070316 phase=checkpoint container_pid=14 [CR-RERUN-20260927] RTPS_RX_QUEUE result=ok local_port=7400 peer_port=62424 bytes=280
[CR-DISCOVERY-PROBE-R28] host_utc=2026-09-28T06:46:46.114+00:00 host_mono_ns=2337025305081488 phase=checkpoint container_pid=14 [CR-RERUN-20260927] RTPS_DATA parse=ok source_prefix=01LOG_NOTICE : 00000013.955 : 0f[CR-RERUN-20260927] UDP_RECV result=ok mcp=0xdbebdc fd=15 local_port=7400 bytes=204 peer=172.18.0.5:740006
[CR-DISCOVERY-PROBE-R28] host_utc=2026-09-28T06:46:46.114+00:00 host_mono_ns=2337025305093691 phase=checkpoint container_pid=14 411e[CR-RERUN-20260927] RTPS_RX peer=172.18.0.5:59420 local_port=7400 bytes=204
[CR-DISCOVERY-PROBE-R28] host_utc=2026-09-28T06:46:46.114+00:00 host_mono_ns=2337025305104882 phase=checkpoint container_pid=14 00[CR-RERUN-20260927] RTPS_RX_QUEUE result=ok local_port=7400 peer_port=59420 bytes=204
[CR-DISCOVERY-PROBE-R28] host_utc=2026-09-28T06:46:46.118+00:00 host_mono_ns=2337025308475842 phase=checkpoint container_pid=14 ffLOG_NOTICE : 00000013.956 : ff[CR-RERUN-20260927] UDP_RECV result=ok mcp=0xdbebdc fd=15 local_port=7400 bytes=280 peer=172.18.0.5:5553900
[CR-DISCOVERY-PROBE-R28] host_utc=2026-09-28T06:46:46.118+00:00 host_mono_ns=2337025308522831 phase=checkpoint container_pid=14 0000[CR-RERUN-20260927] RTPS_RX peer=172.18.0.5:62424 local_port=7400 bytes=280
[CR-DISCOVERY-PROBE-R28] host_utc=2026-09-28T06:46:46.118+00:00 host_mono_ns=2337025308536737 phase=checkpoint container_pid=14 00[CR-RERUN-20260927] RTPS_RX_QUEUE result=ok local_port=7400 peer_port=62424 bytes=280
[CR-DISCOVERY-PROBE-R28] host_utc=2026-09-28T06:46:46.118+00:00 host_mono_ns=2337025308547868 phase=checkpoint container_pid=14  reader_id=000100c7 writer_id=000100c2 sequence=0:1 payload_bytes=224 reader_found=1
[CR-DISCOVERY-PROBE-R28] host_utc=2026-09-28T06:46:46.118+00:00 host_mono_ns=2337025308558739 phase=checkpoint container_pid=14 [DISCOVERY_PROBE] event=spdp_builtin_capabilities remote_sum=628 locator=172.18.0.5 pub_writer=1 sub_writer=1 pub_reader=1 sub_reader=1
[CR-DISCOVERY-PROBE-R28] host_utc=2026-09-28T06:46:46.118+00:00 host_mono_ns=2337025308569880 phase=checkpoint container_pid=14 [DISCOVERY_PROBE] event=add_reader_proxy_begin writer=sedp_publications proxies_empty=0 next=0:2 history_min=0:1 history_max=0:1 remote_eid=0.0.3:199
[CR-DISCOVERY-PROBE-R28] host_utc=2026-09-28T06:46:46.118+00:00 host_mono_ns=2337025308581582 phase=checkpoint container_pid=14 [DISCOVERY_PROBE] event=add_reader_proxy_end writer=sedp_publications success=1 proxies_empty=0 next=0:2
[CR-DISCOVERY-PROBE-R28] host_utc=2026-09-28T06:46:46.118+00:00 host_mono_ns=2337025308592663 phase=checkpoint container_pid=14 [DISCOVERY_PROBE] event=add_reader_proxy_begin writer=sedp_subscriptions proxies_empty=0 next=0:2 history_min=0:1 history_max=0:1 remote_eid=0.0.4:199
[CR-DISCOVERY-PROBE-R28] host_utc=2026-09-28T06:46:46.118+00:00 host_mono_ns=2337025308618822 phase=checkpoint container_pid=14 [DISCOVERY_PROBE] event=add_reader_proxy_end writer=sedp_subscriptions success=1 proxies_empty=0 next=0:2
[CR-DISCOVERY-PROBE-R28] host_utc=2026-09-28T06:46:46.119+00:00 host_mono_ns=2337025309526377 phase=checkpoint container_pid=14 [CR-RERUN-20260927] RTPS_DATA_DELIVERY result=newChange kind=user sequence=urn wasi_fd=3 wasi_errno=0 bytes=52
[CR-DISCOVERY-PROBE-R28] host_utc=2026-09-28T06:46:46.119+00:00 host_mono_ns=2337025309559169 phase=checkpoint container_pid=14 [CR-RERUN-20260927] WASI_SOCKET event=sock_recv_from_return wasi_fd=3 wasi_errno=0 bytes=48 source=172.18.0.5:7410
[CR-DISCOVERY-PROBE-R28] host_utc=2026-09-28T06:46:46.119+00:00 host_mono_ns=2337025309572414 phase=checkpoint container_pid=14 [CR-RERUN-20260927] WASI_SOCKET event=sock_recv_from_enter wasi_fd=3 iovecs=1 capacity=65535 flags=0
[CR-DISCOVERY-PROBE-R28] host_utc=2026-09-28T06:46:46.119+00:00 host_mono_ns=2337025309583926 phase=checkpoint container_pid=14 [CR-RERUN-20260927] WASI_SOCKET event=sock_send_to_enter wasi_fd=3 bytes=52 flags=0 destination=172.18.0.5:7410
[CR-DISCOVERY-PROBE-R28] host_utc=2026-09-28T06:46:46.119+00:00 host_mono_ns=2337025309595748 phase=checkpoint container_pid=14 [CR-RERUN-20260927] WASI_SOCKET event=sock_send_to_return wasi_fd=3 wasi_errno=0 bytes=52
[CR-DISCOVERY-PROBE-R28] host_utc=2026-09-28T06:46:46.119+00:00 host_mono_ns=2337025309607310 phase=checkpoint container_pid=14 [CR-RERUN-20260927] WASI_SOCKET event=sock_recv_from_return wasi_fd=3 wasi_errno=0 bytes=48 source=172.18.0.5:7410
[CR-DISCOVERY-PROBE-R28] host_utc=2026-09-28T06:46:46.119+00:00 host_mono_ns=2337025309618501 phase=checkpoint container_pid=14 [CR-RERUN-20260927] WASI_SOCKET event=sock_recv_from_enter wasi_fd=3 iovecs=1 capacity=65535 flags=0
[CR-DISCOVERY-PROBE-R28] host_utc=2026-09-28T06:46:46.119+00:00 host_mono_ns=2337025309629492 phase=checkpoint container_pid=14 [CR-RERUN-20260927] WASI_SOCKET event=sock_send_to_enter wasi_fd=15 bytes=204 flags=0 destination=239.255.0.1:7400
[CR-DISCOVERY-PROBE-R28] host_utc=2026-09-28T06:46:46.119+00:00 host_mono_ns=2337025309640463 phase=checkpoint container_pid=14 [CR-RERUN-20260927] WASI_SOCKET event=sock_send_to_return wasi_fd=15 wasi_errno=0 bytes=204
[CR-DISCOVERY-PROBE-R28] host_utc=2026-09-28T06:46:46.119+00:00 host_mono_ns=2337025309651373 phase=checkpoint container_pid=14 [CR-RERUN-20260927] WASI_SOCKET event=sock_recv_from_return wasi_fd=15 wasi_errno=0 bytes=204 source=172.18.0.3:7400
[CR-DISCOVERY-PROBE-R28] host_utc=2026-09-28T06:46:46.119+00:00 host_mono_ns=2337025309662394 phase=checkpoint container_pid=14 [CR-RERUN-20260927] WASI_SOCKET event=sock_recv_from_enter wasi_fd=15 iovecs=1 capacity=65535 flags=0
[CR-DISCOVERY-PROBE-R28] host_utc=2026-09-28T06:46:46.119+00:00 host_mono_ns=2337025309673565 phase=checkpoint container_pid=14 [CR-RERUN-20260927] WASI_SOCKET event=sock_send_to_enter wasi_fd=5 bytes=104 flags=0 destination=172.18.0.5:7411
[CR-DISCOVERY-PROBE-R28] host_utc=2026-09-28T06:46:46.119+00:00 host_mono_ns=2337025309684336 phase=checkpoint container_pid=14 [CR-RERUN-20260927] WASI_SOCKET event=sock_send_to_return wasi_fd=5 wasi_errno=0 bytes=104
[CR-DISCOVERY-PROBE-R28] host_utc=2026-09-28T06:46:46.119+00:00 host_mono_ns=2337025309695246 phase=checkpoint container_pid=14 [CR-RERUN-20260927] WASI_SOCKET event=sock_recv_from_return wasi_fd=5 wasi_errno=0 bytes=104 source=172.18.0.5:7411
[CR-DISCOVERY-PROBE-R28] host_utc=2026-09-28T06:46:46.119+00:00 host_mono_ns=2337025309706087 phase=checkpoint container_pid=14 [CR-RERUN-20260927] WASI_SOCKET event=sock_recv_from_enter wasi_fd=5 iovecs=1 capacity=65535 flags=0
[CR-DISCOVERY-PROBE-R28] host_utc=2026-09-28T06:46:46.119+00:00 host_mono_ns=2337025309717028 phase=checkpoint container_pid=14 [CR-RERUN-20260927] WASI_SOCKET event=sock_recv_from_return wasi_fd=15 wasi_errno=0 bytes=204 source=172.18.0.5:7400
[CR-DISCOVERY-PROBE-R28] host_utc=2026-09-28T06:46:46.119+00:00 host_mono_ns=2337025309727838 phase=checkpoint container_pid=14 [CR-RERUN-20260927] WASI_SOCKET event=sock_recv_from_enter wasi_fd=15 iovecs=1 capacity=65535 flags=0
[CR-DISCOVERY-PROBE-R28] host_utc=2026-09-28T06:46:46.119+00:00 host_mono_ns=2337025309757013 phase=checkpoint container_pid=14 [CR-RERUN-20260927] WASI_SOCKET event=sock_send_to_enter wasi_fd=15 bytes=204 flags=0 destination=239.255.0.1:7400
[CR-DISCOVERY-PROBE-R28] host_utc=2026-09-28T06:46:46.119+00:00 host_mono_ns=2337025309768084 phase=checkpoint container_pid=14 [CR-RERUN-20260927] WASI_SOCKET event=sock_recv_from_return wasi_fd=15 wasi_errno=0 bytes=204 source=172.18.0.3:7400
[CR-DISCOVERY-PROBE-R28] host_utc=2026-09-28T06:46:46.119+00:00 host_mono_ns=2337025309779185 phase=checkpoint container_pid=14 [CR-RERUN-20260927] WASI_SOCKET event=sock_send_to_return wasi_fd=15 wasi_errno=0 bytes=204
[CR-DISCOVERY-PROBE-R28] host_utc=2026-09-28T06:46:46.119+00:00 host_mono_ns=2337025309790136 phase=checkpoint container_pid=14 [CR-RERUN-20260927] WASI_SOCKET event=sock_recv_from_enter wasi_fd=15 iovecs=1 capacity=65535 flags=0
[CR-DISCOVERY-PROBE-R28] host_utc=2026-09-28T06:46:46.119+00:00 host_mono_ns=2337025309801197 phase=checkpoint container_pid=14 [CR-RERUN-20260927] WASI_SOCKET event=sock_send_to_enter wasi_fd=5 bytes=104 flags=0 destination=172.18.0.5:7411
[CR-DISCOVERY-PROBE-R28] host_utc=2026-09-28T06:46:46.119+00:00 host_mono_ns=2337025309811987 phase=checkpoint container_pid=14 [CR-RERUN-20260927] WASI_SOCKET event=sock_send_to_return wasi_fd=5 wasi_errno=0 bytes=104
[CR-DISCOVERY-PROBE-R28] host_utc=2026-09-28T06:46:46.119+00:00 host_mono_ns=2337025309822898 phase=checkpoint container_pid=14 [CR-RERUN-20260927] WASI_SOCKET event=sock_recv_from_return wasi_fd=5 wasi_errno=0 bytes=104 source=172.18.0.5:7411
[CR-DISCOVERY-PROBE-R28] host_utc=2026-09-28T06:46:46.119+00:00 host_mono_ns=2337025309833648 phase=checkpoint container_pid=14 [CR-RERUN-20260927] WASI_SOCKET event=sock_recv_from_enter wasi_fd=5 iovecs=1 capacity=65535 flags=0
[CR-DISCOVERY-PROBE-R28] host_utc=2026-09-28T06:46:46.119+00:00 host_mono_ns=2337025309844549 phase=checkpoint container_pid=14 [CR-RERUN-20260927] WASI_SOCKET event=sock_recv_from_return wasi_fd=15 wasi_errno=0 bytes=204 source=172.18.0.5:7400
[CR-DISCOVERY-PROBE-R28] host_utc=2026-09-28T06:46:46.119+00:00 host_mono_ns=2337025309855369 phase=checkpoint container_pid=14 [CR-RERUN-20260927] WASI_SOCKET event=sock_recv_from_enter wasi_fd=15 iovecs=1 capacity=65535 flags=0
[CR-DISCOVERY-PROBE-R28] host_utc=2026-09-28T06:46:46.119+00:00 host_mono_ns=2337025309866280 phase=checkpoint container_pid=14 [CR-RERUN-20260927] WASI_SOCKET event=sock_recv_from_return wasi_fd=15 wasi_errno=0 bytes=280 source=172.18.0.5:55539
[CR-DISCOVERY-PROBE-R28] host_utc=2026-09-28T06:46:46.119+00:00 host_mono_ns=2337025309877160 phase=checkpoint container_pid=14 [CR-RERUN-20260927] WASI_SOCKET event=sock_recv_from_enter wasi_fd=15 iovecs=1 capacity=65535 flags=0
[CR-DISCOVERY-PROBE-R28] host_utc=2026-09-28T06:46:46.119+00:00 host_mono_ns=2337025309888111 phase=checkpoint container_pid=14 [CR-RERUN-20260927] WASI_SOCKET event=sock_recv_from_return wasi_fd=15 wasi_errno=0 bytes=204 source=172.18.0.5:7400
[CR-DISCOVERY-PROBE-R28] host_utc=2026-09-28T06:46:46.119+00:00 host_mono_ns=2337025309898981 phase=checkpoint container_pid=14 [CR-RERUN-20260927] WASI_SOCKET event=sock_recv_from_enter wasi_fd=15 iovecs=1 capacity=65535 flags=0
[CR-DISCOVERY-PROBE-R28] host_utc=2026-09-28T06:46:46.119+00:00 host_mono_ns=2337025309909962 phase=checkpoint container_pid=14 [CR-RERUN-20260927] WASI_SOCKET event=sock_recv_from_return wasi_fd=15 wasi_errno=0 bytes=280 source=172.18.0.5:55539
[CR-DISCOVERY-PROBE-R28] host_utc=2026-09-28T06:46:46.119+00:00 host_mono_ns=2337025309920753 phase=checkpoint container_pid=14 [CR-RERUN-20260927] WASI_SOCKET event=sock_recv_from_enter wasi_fd=15 iovecs=1 capacity=65535 flags=0
[CR-DISCOVERY-PROBE-R28] host_utc=2026-09-28T06:46:46.119+00:00 host_mono_ns=2337025309931743 phase=checkpoint container_pid=14 [CR-RERUN-20260927] WASI_SOCKET event=sock_send_to_enter wasi_fd=15 bytes=204 flags=0 destination=239.255.0.1:7400
[CR-DISCOVERY-PROBE-R28] host_utc=2026-09-28T06:46:46.119+00:00 host_mono_ns=2337025309948575 phase=checkpoint container_pid=14 [CR-RERUN-20260927] WASI_SOCKET event=sock_recv_from_return wasi_fd=15 wasi_errno=0 bytes=204 source=172.18.0.3:7400
[CR-DISCOVERY-PROBE-R28] host_utc=2026-09-28T06:46:46.119+00:00 host_mono_ns=2337025309964886 phase=checkpoint container_pid=14 [CR-RERUN-20260927] WASI_SOCKET event=sock_send_to_return wasi_fd=15 wasi_errno=0 bytes=204
[CR-DISCOVERY-PROBE-R28] host_utc=2026-09-28T06:46:46.119+00:00 host_mono_ns=2337025309975837 phase=checkpoint container_pid=14 [CR-RERUN-20260927] WASI_SOCKET event=sock_recv_from_return wasi_fd=3 wasi_errno=0 bytes=280 source=172.18.0.5:54042
[CR-DISCOVERY-PROBE-R28] host_utc=2026-09-28T06:46:46.119+00:00 host_mono_ns=2337025309986657 phase=checkpoint container_pid=14 [CR-RERUN-20260927] WASI_SOCKET event=sock_recv_from_enter wasi_fd=15 iovecs=1 capacity=65535 flags=0
[CR-DISCOVERY-PROBE-R28] host_utc=2026-09-28T06:46:46.120+00:00 host_mono_ns=2337025310677052 phase=checkpoint container_pid=14 [CR-RERUN-20260927] WASI_SOCKET event=sock_recv_from_return wasi_fd=15 wasi_errno=0 bytes=280:1
[CR-DISCOVERY-PROBE-R28] host_utc=2026-09-28T06:46:46.120+00:00 host_mono_ns=2337025310700155 phase=checkpoint container_pid=14 [CR-RERUN-20260927] RTPS_DATA parse=ok source_prefix=5fLOG_NOTICE : 00000013.960 : ea[CR-RERUN-20260927] UDP_RECV result=ok mcp=0xdbebdc fd=15 local_port=7400 bytes=204 peer=172.18.0.3:74003a
[CR-DISCOVERY-PROBE-R28] host_utc=2026-09-28T06:46:46.120+00:00 host_mono_ns=2337025310713741 phase=checkpoint container_pid=14 LOG_NOTICE : 00000013.960 : [CR-RERUN-20260927] RTPS_RX peer=172.18.0.3:59420 local_port=7400 bytes=204
[CR-DISCOVERY-PROBE-R28] host_utc=2026-09-28T06:46:46.120+00:00 host_mono_ns=2337025310725113 phase=checkpoint container_pid=14 1a[CR-RERUN-20260927] RTPS_RX_QUEUE result=ok local_port=7400 peer_port=59420 bytes=204
[CR-DISCOVERY-PROBE-R28] host_utc=2026-09-28T06:46:46.120+00:00 host_mono_ns=2337025310736204 phase=checkpoint container_pid=14 eeLOG_NOTICE : 00000013.961 : [CR-RERUN-20260927] UDP_RECV result=ok mcp=0xdbec14 fd=3 local_port=7410 bytes=280 peer=172.18.0.5:54042[CR-RERUN-20260927] UDP_RECV result=ok mcp=0xdbebdc fd=15 local_port=7400 bytes=280 peer=172.18.0.5:55539
[CR-DISCOVERY-PROBE-R28] host_utc=2026-09-28T06:46:46.120+00:00 host_mono_ns=2337025310748427 phase=checkpoint container_pid=14 e1
[CR-DISCOVERY-PROBE-R28] host_utc=2026-09-28T06:46:46.120+00:00 host_mono_ns=2337025310759588 phase=checkpoint container_pid=14 LOG_NOTICE : 00000013.960 : [CR-RERUN-20260927] RTPS_RX peer=172.18.0.5:62424 local_port=7400 bytes=280
[CR-DISCOVERY-PROBE-R28] host_utc=2026-09-28T06:46:46.120+00:00 host_mono_ns=2337025310770739 phase=checkpoint container_pid=14 [CR-RERUN-20260927] UDP_SEND result=ok fd=15 local_port=7400 destination=239.255.0.1:7400 bytes=204 returned=204 errno=0[CR-RERUN-20260927] RTPS_RX_QUEUE result=ok local_port=7400 peer_port=62424 bytes=280
[CR-DISCOVERY-PROBE-R28] host_utc=2026-09-28T06:46:46.120+00:00 host_mono_ns=2337025310782180 phase=checkpoint container_pid=14 
[CR-DISCOVERY-PROBE-R28] host_utc=2026-09-28T06:46:46.120+00:00 host_mono_ns=2337025310793462 phase=checkpoint container_pid=14 [CR-RERUN-20260927] RTPS_RX peer=239.255.0.1:6867 local_port=7410 bytes=280
[CR-DISCOVERY-PROBE-R28] host_utc=2026-09-28T06:46:46.128+00:00 host_mono_ns=2337025318249091 phase=checkpoint container_pid=14 [CR-RERUN-20260927] RTPS_UDP_SEND result=ok source_port=7400 destination=239.255.0.1:7400 bytes=204 lwip_err=0
[CR-DISCOVERY-PROBE-R28] host_utc=2026-09-28T06:46:46.128+00:00 host_mono_ns=2337025318289217 phase=checkpoint container_pid=14 [CR-RERUN-20260927] RTPS_RX_QUEUE result=ok local_port=7410 peer_port=6867 bytes=280
[CR-DISCOVERY-PROBE-R28] host_utc=2026-09-28T06:46:46.128+00:00 host_mono_ns=2337025318304355 phase=checkpoint container_pid=14 f1LOG_NOTICE : 00000013.962 : 86[CR-RERUN-20260927] UDP_RECV result=ok mcp=0xdbec14 fd=3 local_port=7410 bytes=68 peer=172.18.0.5:5404221
[CR-DISCOVERY-PROBE-R28] host_utc=2026-09-28T06:46:46.128+00:00 host_mono_ns=2337025318333380 phase=checkpoint container_pid=14 66[CR-RERUN-20260927] RTPS_RX peer=172.18.0.5:6867 local_port=7410 bytes=68
[CR-DISCOVERY-PROBE-R28] host_utc=2026-09-28T06:46:46.128+00:00 host_mono_ns=2337025318353528 phase=checkpoint container_pid=14 88[CR-RERUN-20260927] RTPS_RX_QUEUE result=ok local_port=7410 peer_port=6867 bytes=68
[CR-DISCOVERY-PROBE-R28] host_utc=2026-09-28T06:46:46.128+00:00 host_mono_ns=2337025318366333 phase=checkpoint container_pid=14 00LOG_NOTICE : 00000013.963 :  reader_id=00[CR-RERUN-20260927] UDP_RECV result=ok mcp=0xdbec14 fd=3 local_port=7410 bytes=68 peer=172.18.0.5:5404201
[CR-DISCOVERY-PROBE-R28] host_utc=2026-09-28T06:46:46.128+00:00 host_mono_ns=2337025318379107 phase=checkpoint container_pid=14 00[CR-RERUN-20260927] RTPS_RX peer=172.18.0.5:6867 local_port=7410 bytes=68
[CR-DISCOVERY-PROBE-R28] host_utc=2026-09-28T06:46:46.128+00:00 host_mono_ns=2337025318391530 phase=checkpoint container_pid=14 c7[CR-RERUN-20260927] RTPS_RX_QUEUE result=ok local_port=7410 peer_port=6867 bytes=68
[CR-DISCOVERY-PROBE-R28] host_utc=2026-09-28T06:46:46.128+00:00 host_mono_ns=2337025318403723 phase=checkpoint container_pid=14  writer_id=000100c2 sequence=0:1 payload_bytes=148 reader_found=1
[CR-DISCOVERY-PROBE-R28] host_utc=2026-09-28T06:46:46.128+00:00 host_mono_ns=2337025318416077 phase=checkpoint container_pid=14 [CR-RERUN-20260927] RTPS_DATA_DELIVERY result=newChange kind=user sequence=0:1
[CR-DISCOVERY-PROBE-R28] host_utc=2026-09-28T06:46:46.133+00:00 host_mono_ns=2337025324111399 phase=checkpoint container_pid=14 [CR-RERUN-20260927] RTPS_DATA parse=ok source_prefix=010f06411e00ffff00000000 reader_id=000100c7 writer_id=000100c2 sequence=0:1 payload_bytes=224 reader_found=1
[CR-DISCOVERY-PROBE-R28] host_utc=2026-09-28T06:46:46.133+00:00 host_mono_ns=2337025324144432 phase=checkpoint container_pid=14 [CR-RERUN-20260927] RTPS_DATA_DELIVERY result=newChange kind=user sequence=0:1
[CR-DISCOVERY-PROBE-R28] host_utc=2026-09-28T06:46:46.133+00:00 host_mono_ns=2337025324157897 phase=checkpoint container_pid=14 [CR-RERUN-20260927] RTPS_DATA parse=ok source_prefix=LOG_NOTICE : 00000013.971 : LOG_NOTICE : 00000013.971 : [CR-RERUN-20260927] UDP_RECV result=ok mcp=0xdbebdc fd=15 local_port=7400 bytes=204 peer=172.18.0.3:7400[CR-RERUN-20260927] UDP_SEND result=ok fd=15 local_port=7400 destination=239.255.0.1:7400 bytes=204 returned=204 errno=0
[CR-DISCOVERY-PROBE-R28] host_utc=2026-09-28T06:46:46.134+00:00 host_mono_ns=2337025324169880 phase=checkpoint container_pid=14 01
[CR-DISCOVERY-PROBE-R28] host_utc=2026-09-28T06:46:46.134+00:00 host_mono_ns=2337025324180871 phase=checkpoint container_pid=14 [CR-RERUN-20260927] RTPS_RX peer=239.255.0.1:59420 local_port=7400 bytes=204
[CR-DISCOVERY-PROBE-R28] host_utc=2026-09-28T06:46:46.134+00:00 host_mono_ns=2337025324191511 phase=checkpoint container_pid=14 0f[CR-RERUN-20260927] RTPS_RX_QUEUE result=ok local_port=7400 peer_port=59420 bytes=204
[CR-DISCOVERY-PROBE-R28] host_utc=2026-09-28T06:46:46.134+00:00 host_mono_ns=2337025324202051 phase=checkpoint container_pid=14 06[CR-RERUN-20260927] RTPS_UDP_SEND result=ok source_port=7400 destination=239.255.0.1:7400 bytes=204 lwip_err=0
[CR-DISCOVERY-PROBE-R28] host_utc=2026-09-28T06:46:46.134+00:00 host_mono_ns=2337025324212891 phase=checkpoint container_pid=14 411e00ffff00000000 reader_id=000100c7 writer_id=000100c2 sequence=0:1 payload_bytes=224 reader_found=1
[CR-DISCOVERY-PROBE-R28] host_utc=2026-09-28T06:46:46.134+00:00 host_mono_ns=2337025324223772 phase=checkpoint container_pid=14 LOG_NOTICE : 00000013.975 : [CR-RERUN-20260927] UDP_RECV result=ok mcp=0xdbec14 fd=3 local_port=7410 bytes=464 peer=172.18.0.5:54042
[CR-DISCOVERY-PROBE-R28] host_utc=2026-09-28T06:46:46.190+00:00 host_mono_ns=2337025380458542 phase=checkpoint container_pid=14 [CR-RERUN-20260927] RTPS_DATA_DELIVERY result=newChange kind=user sequence=0:1
[CR-DISCOVERY-PROBE-R28] host_utc=2026-09-28T06:46:46.190+00:00 host_mono_ns=2337025380483018 phase=checkpoint container_pid=14 [CR-RERUN-20260927] RTPS_RX peer=172.18.0.5:6867 local_port=7410 bytes=464
[CR-DISCOVERY-PROBE-R28] host_utc=2026-09-28T06:46:46.190+00:00 host_mono_ns=2337025380501152 phase=checkpoint container_pid=14 [CR-RERUN-20260927] RTPS_DATA parse=ok source_prefix=01[CR-RERUN-20260927] RTPS_RX_QUEUE result=ok local_port=7410 peer_port=6867 bytes=464
[CR-DISCOVERY-PROBE-R28] host_utc=2026-09-28T06:46:46.190+00:00 host_mono_ns=2337025380507895 phase=checkpoint container_pid=14 0f06411e00ffff00000000 reader_id=000100c7 writer_id=000100c2 sequence=0:1 payload_bytes=224 reader_found=1
[CR-DISCOVERY-PROBE-R28] host_utc=2026-09-28T06:46:46.190+00:00 host_mono_ns=2337025380514367 phase=checkpoint container_pid=14 [CR-RERUN-20260927] RTPS_DATA_DELIVERY result=newChange kind=user sequence=0:1
[CR-DISCOVERY-PROBE-R28] host_utc=2026-09-28T06:46:46.190+00:00 host_mono_ns=2337025380520399 phase=checkpoint container_pid=14 [CR-RERUN-20260927] RTPS_DATA parse=ok source_prefix=010f06411e00ffff00000000 reader_id=000003c7 writer_id=000003c2 sequence=0:3 payload_bytes=408 reader_found=1
[CR-DISCOVERY-PROBE-R28] host_utc=2026-09-28T06:46:46.190+00:00 host_mono_ns=2337025380526951 phase=checkpoint container_pid=14 [CR-RERUN-20260927] RTPS_DATA_DELIVERY result=newChange kind=user sequence=0:3
[CR-DISCOVERY-PROBE-R28] host_utc=2026-09-28T06:46:46.190+00:00 host_mono_ns=2337025380532442 phase=checkpoint container_pid=14 LOG_NOTICE : 00000014.030 : [CR-RERUN-20260927] UDP_RECV result=ok mcp=0xdbec14 fd=3 local_port=7410 bytes=64 peer=172.18.0.5:54042
[CR-DISCOVERY-PROBE-R28] host_utc=2026-09-28T06:46:46.190+00:00 host_mono_ns=2337025380538012 phase=checkpoint container_pid=14 [CR-RERUN-20260927] RTPS_RX peer=172.18.0.5:6867 local_port=7410 bytes=64
[CR-DISCOVERY-PROBE-R28] host_utc=2026-09-28T06:46:46.190+00:00 host_mono_ns=2337025380543743 phase=checkpoint container_pid=14 [CR-RERUN-20260927] RTPS_RX_QUEUE result=ok local_port=7410 peer_port=6867 bytes=64
[CR-DISCOVERY-PROBE-R28] host_utc=2026-09-28T06:46:46.217+00:00 host_mono_ns=2337025407695584 phase=checkpoint container_pid=14 LOG_NOTICE : 00000014.031 : [CR-RERUN-20260927] UDP_RECV result=ok mcp=0xdbec14 fd=3 local_port=7410 bytes=64 peer=172.18.0.5:54042
[CR-DISCOVERY-PROBE-R28] host_utc=2026-09-28T06:46:46.217+00:00 host_mono_ns=2337025407736220 phase=checkpoint container_pid=14 [CR-RERUN-20260927] RTPS_RX peer=172.18.0.5:6867 local_port=7410 bytes=64
[CR-DISCOVERY-PROBE-R28] host_utc=2026-09-28T06:46:46.217+00:00 host_mono_ns=2337025407749876 phase=checkpoint container_pid=14 [CR-RERUN-20260927] RTPS_RX_QUEUE result=ok local_port=7410 peer_port=6867 bytes=64
[CR-DISCOVERY-PROBE-R28] host_utc=2026-09-28T06:46:46.217+00:00 host_mono_ns=2337025407761117 phase=checkpoint container_pid=14 LOG_NOTICE : 00000014.054 : LOG_NOTICE : 00000014.054 : [CR-RERUN-20260927] UDP_RECV result=ok mcp=0xdbec14 fd=3 local_port=7410 bytes=280 peer=172.18.0.5:54042[CR-RERUN-20260927] UDP_RECV result=ok mcp=0xdbebdc fd=15 local_port=7400 bytes=280 peer=172.18.0.5:55539
[CR-DISCOVERY-PROBE-R28] host_utc=2026-09-28T06:46:46.217+00:00 host_mono_ns=2337025407772840 phase=checkpoint container_pid=14 
[CR-DISCOVERY-PROBE-R28] host_utc=2026-09-28T06:46:46.217+00:00 host_mono_ns=2337025407783790 phase=checkpoint container_pid=14 [CR-RERUN-20260927] RTPS_RX peer=172.18.0.5:6867 local_port=7410 bytes=280
[CR-DISCOVERY-PROBE-R28] host_utc=2026-09-28T06:46:46.217+00:00 host_mono_ns=2337025407794430 phase=checkpoint container_pid=14 [CR-RERUN-20260927] RTPS_RX peer=172.18.0.5:62424 local_port=7400 bytes=280
[CR-DISCOVERY-PROBE-R28] host_utc=2026-09-28T06:46:46.217+00:00 host_mono_ns=2337025407805050 phase=checkpoint container_pid=14 [CR-RERUN-20260927] RTPS_RX_QUEUE result=ok local_port=7410 peer_port=6867 bytes=280
[CR-DISCOVERY-PROBE-R28] host_utc=2026-09-28T06:46:46.217+00:00 host_mono_ns=2337025407815711 phase=checkpoint container_pid=14 [CR-RERUN-20260927] RTPS_RX_QUEUE result=ok local_port=7400 peer_port=62424 bytes=280
[CR-DISCOVERY-PROBE-R28] host_utc=2026-09-28T06:46:46.217+00:00 host_mono_ns=2337025407826701 phase=checkpoint container_pid=14 [CR-RERUN-20260927] RTPS_DATA parse=ok source_prefix=010f06411e00ffff00000000 reader_id=000100c7 writer_id=000100c2 sequence=0:1 payload_bytes=224 reader_found=1
[CR-DISCOVERY-PROBE-R28] host_utc=2026-09-28T06:46:46.217+00:00 host_mono_ns=2337025407853993 phase=checkpoint container_pid=14 [CR-RERUN-20260927] RTPS_DATA_DELIVERY result=newChange kind=user sequence=0:1
[CR-DISCOVERY-PROBE-R28] host_utc=2026-09-28T06:46:46.313+00:00 host_mono_ns=2337025503462209 phase=checkpoint container_pid=14 [CR-RERUN-20260927] RTPS_DATA parse=ok source_prefix=010f06411e00ffff00000000 reader_id=000100c7 writer_id=000100c2 sequence=0:1 payload_bytes=224 reader_found=1
[CR-DISCOVERY-PROBE-R28] host_utc=2026-09-28T06:46:46.313+00:00 host_mono_ns=2337025503494080 phase=checkpoint container_pid=14 [CR-RERUN-20260927] RTPS_DATA_DELIVERY result=newChange kind=user sequence=0:1
[CR-DISCOVERY-PROBE-R28] host_utc=2026-09-28T06:46:46.313+00:00 host_mono_ns=2337025503507044 phase=checkpoint container_pid=14 LOG_NOTICE : 00000014.145 : LOG_NOTICE : 00000014.145 : [CR-RERUN-20260927] UDP_RECV result=ok mcp=0xdbebdc fd=15 local_port=7400 bytes=204 peer=172.18.0.3:7400[CR-RERUN-20260927] UDP_SEND result=ok fd=15 local_port=7400 destination=239.255.0.1:7400 bytes=204 returned=204 errno=0
[CR-DISCOVERY-PROBE-R28] host_utc=2026-09-28T06:46:46.313+00:00 host_mono_ns=2337025503519027 phase=checkpoint container_pid=14 
[CR-DISCOVERY-PROBE-R28] host_utc=2026-09-28T06:46:46.313+00:00 host_mono_ns=2337025503530418 phase=checkpoint container_pid=14 [CR-RERUN-20260927] RTPS_UDP_SEND result=ok source_port=7400 destination=172.18.0.3:7400 bytes=204 lwip_err=0
[CR-DISCOVERY-PROBE-R28] host_utc=2026-09-28T06:46:46.313+00:00 host_mono_ns=2337025503542141 phase=checkpoint container_pid=14 [CR-RERUN-20260927] RTPS_RX peer=172.18.0.3:59420 local_port=7400 bytes=204
[CR-DISCOVERY-PROBE-R28] host_utc=2026-09-28T06:46:46.313+00:00 host_mono_ns=2337025503553081 phase=checkpoint container_pid=14 [CR-RERUN-20260927] RTPS_RX_QUEUE result=ok local_port=7400 peer_port=59420 bytes=204
[CR-DISCOVERY-PROBE-R28] host_utc=2026-09-28T06:46:46.313+00:00 host_mono_ns=2337025503564152 phase=checkpoint container_pid=14 LOG_NOTICE : 00000014.154 : LOG_NOTICE : 00000014.154 : [CR-RERUN-20260927] UDP_RECV result=ok mcp=0xdbec14 fd=3 local_port=7410 bytes=280 peer=172.18.0.5:54042[CR-RERUN-20260927] UDP_RECV result=ok mcp=0xdbebdc fd=15 local_port=7400 bytes=280 peer=172.18.0.5:55539
[CR-DISCOVERY-PROBE-R28] host_utc=2026-09-28T06:46:46.313+00:00 host_mono_ns=2337025503575363 phase=checkpoint container_pid=14 
[CR-DISCOVERY-PROBE-R28] host_utc=2026-09-28T06:46:46.329+00:00 host_mono_ns=2337025520131019 phase=checkpoint container_pid=14 [CR-RERUN-20260927] RTPS_RX peer=172.18.0.5:6867 local_port=7410 bytes=280
[CR-DISCOVERY-PROBE-R28] host_utc=2026-09-28T06:46:46.329+00:00 host_mono_ns=2337025520159283 phase=checkpoint container_pid=14 [CR-RERUN-20260927] RTPS_RX peer=172.18.0.5:62424 local_port=7400 bytes=280
[CR-DISCOVERY-PROBE-R28] host_utc=2026-09-28T06:46:46.330+00:00 host_mono_ns=2337025520171506 phase=checkpoint container_pid=14 [CR-RERUN-20260927] RTPS_RX_QUEUE result=ok local_port=7410 peer_port=6867 bytes=280
[CR-DISCOVERY-PROBE-R28] host_utc=2026-09-28T06:46:46.330+00:00 host_mono_ns=2337025520182376 phase=checkpoint container_pid=14 [CR-RERUN-20260927] RTPS_RX_QUEUE result=ok local_port=7400 peer_port=62424 bytes=280
[CR-DISCOVERY-PROBE-R28] host_utc=2026-09-28T06:46:46.330+00:00 host_mono_ns=2337025520192916 phase=checkpoint container_pid=14 [CR-RERUN-20260927] RTPS_DATA parse=ok source_prefix=010f06411e00ffff00000000 reader_id=000100c7 writer_id=000100c2 sequence=0:1 payload_bytes=224 reader_found=1
[CR-DISCOVERY-PROBE-R28] host_utc=2026-09-28T06:46:46.330+00:00 host_mono_ns=2337025520203887 phase=checkpoint container_pid=14 [CR-RERUN-20260927] RTPS_DATA_DELIVERY result=newChange kind=user sequence=0:1
[CR-DISCOVERY-PROBE-R28] host_utc=2026-09-28T06:46:46.330+00:00 host_mono_ns=2337025520214487 phase=checkpoint container_pid=14 [CR-RERUN-20260927] RTPS_DATA parse=ok source_prefix=010f06411e00ffff00000000 reader_id=000100c7 writer_id=000100c2 sequence=0:1 payload_bytes=224 reader_found=1
[CR-DISCOVERY-PROBE-R28] host_utc=2026-09-28T06:46:46.330+00:00 host_mono_ns=2337025520242981 phase=checkpoint container_pid=14 [CR-RERUN-20260927] RTPS_DATA_DELIVERY result=newChange kind=user sequence=0:1
[CR-DISCOVERY-PROBE-R28] host_utc=2026-09-28T06:46:46.330+00:00 host_mono_ns=2337025520253661 phase=checkpoint container_pid=14 LOG_NOTICE : 00000014.170 : [CR-RERUN-20260927] UDP_RECV result=ok mcp=0xdbec14 fd=3 local_port=7410 bytes=64 peer=172.18.0.5:54042
[CR-DISCOVERY-PROBE-R28] host_utc=2026-09-28T06:46:46.330+00:00 host_mono_ns=2337025520264642 phase=checkpoint container_pid=14 [CR-RERUN-20260927] RTPS_RX peer=172.18.0.5:6867 local_port=7410 bytes=64
[CR-DISCOVERY-PROBE-R28] host_utc=2026-09-28T06:46:46.399+00:00 host_mono_ns=2337025589341801 phase=checkpoint container_pid=14 [CR-RERUN-20260927] RTPS_RX_QUEUE result=ok local_port=7410 peer_port=6867 bytes=64
[CR-DISCOVERY-PROBE-R28] host_utc=2026-09-28T06:46:46.399+00:00 host_mono_ns=2337025589379492 phase=checkpoint container_pid=14 LOG_NOTICE : 00000014.171 : [CR-RERUN-20260927] UDP_RECV result=ok mcp=0xdbec14 fd=3 local_port=7410 bytes=64 peer=172.18.0.5:54042
[CR-DISCOVERY-PROBE-R28] host_utc=2026-09-28T06:46:46.399+00:00 host_mono_ns=2337025589392757 phase=checkpoint container_pid=14 [CR-RERUN-20260927] RTPS_RX peer=172.18.0.5:6867 local_port=7410 bytes=64
[CR-DISCOVERY-PROBE-R28] host_utc=2026-09-28T06:46:46.399+00:00 host_mono_ns=2337025589404409 phase=checkpoint container_pid=14 [CR-RERUN-20260927] RTPS_RX_QUEUE result=ok local_port=7410 peer_port=6867 bytes=64
[CR-DISCOVERY-PROBE-R28] host_utc=2026-09-28T06:46:46.399+00:00 host_mono_ns=2337025589415209 phase=checkpoint container_pid=14 [CR-RERUN-20260927] APP publish_begin topic=/to_linux id=14 payload='Hello from mros2-posix onto Linux: 14'
[CR-DISCOVERY-PROBE-R28] host_utc=2026-09-28T06:46:46.399+00:00 host_mono_ns=2337025589426320 phase=checkpoint container_pid=14 [CR-RERUN-20260927] APP publish_return topic=/to_linux id=14
[CR-DISCOVERY-PROBE-R28] host_utc=2026-09-28T06:46:46.399+00:00 host_mono_ns=2337025589437642 phase=checkpoint container_pid=14 LOG_NOTICE : 00000014.239 : [CR-RERUN-20260927] UDP_SEND result=ok fd=5 local_port=7411 destination=172.18.0.5:7411 bytes=104 returned=104 errno=0
[CR-DISCOVERY-PROBE-R28] host_utc=2026-09-28T06:46:46.399+00:00 host_mono_ns=2337025589448863 phase=checkpoint container_pid=14 [CR-RERUN-20260927] RTPS_UDP_SEND result=ok source_port=7411 destination=172.18.0.5:7411 bytes=104 lwip_err=0
[CR-DISCOVERY-PROBE-R28] host_utc=2026-09-28T06:46:46.399+00:00 host_mono_ns=2337025589459473 phase=checkpoint container_pid=14 LOG_NOTICE : 00000014.240 : [CR-RERUN-20260927] UDP_RECV result=ok mcp=0xdbebf8 fd=5 local_port=7411 bytes=104 peer=172.18.0.5:7411
[CR-DISCOVERY-PROBE-R28] host_utc=2026-09-28T06:46:46.399+00:00 host_mono_ns=2337025589470133 phase=checkpoint container_pid=14 [CR-RERUN-20260927] RTPS_RX peer=172.18.0.5:62236 local_port=7411 bytes=104
[CR-DISCOVERY-PROBE-R28] host_utc=2026-09-28T06:46:46.412+00:00 host_mono_ns=2337025603170393 phase=checkpoint container_pid=14 [CR-RERUN-20260927] RTPS_RX_QUEUE result=ok local_port=7411 peer_port=0 source=172.18.0.5:55539
[CR-DISCOVERY-PROBE-R28] host_utc=2026-09-28T06:46:46.413+00:00 host_mono_ns=2337025603201462 phase=checkpoint container_pid=14 [CR-RERUN-20260927] WASI_SOCKET event=sock_recv_from_enter wasi_fd=15 iovecs=1 capacity=65535 flags=0
[CR-DISCOVERY-PROBE-R28] host_utc=2026-09-28T06:46:46.413+00:00 host_mono_ns=2337025603218344 phase=checkpoint container_pid=14 [CR-RERUN-20260927] WASI_SOCKET event=sock_recv_from_enter wasi_fd=3 iovecs=1 capacity=65535 flags=0
[CR-DISCOVERY-PROBE-R28] host_utc=2026-09-28T06:46:46.413+00:00 host_mono_ns=2337025603233012 phase=checkpoint container_pid=14 [CR-RERUN-20260927] WASI_SOCKET event=sock_recv_from_return wasi_fd=3 wasi_errno=0 bytes=68 source=172.18.0.5:54042
[CR-DISCOVERY-PROBE-R28] host_utc=2026-09-28T06:46:46.413+00:00 host_mono_ns=2337025603247449 phase=checkpoint container_pid=14 [CR-RERUN-20260927] WASI_SOCKET event=sock_recv_from_enter wasi_fd=3 iovecs=1 capacity=65535 flags=0
[CR-DISCOVERY-PROBE-R28] host_utc=2026-09-28T06:46:46.413+00:00 host_mono_ns=2337025603281864 phase=checkpoint container_pid=14 [CR-RERUN-20260927] WASI_SOCKET event=sock_recv_from_return wasi_fd=3 wasi_errno=0 bytes=68 source=172.18.0.5:54042
[CR-DISCOVERY-PROBE-R28] host_utc=2026-09-28T06:46:46.413+00:00 host_mono_ns=2337025603296501 phase=checkpoint container_pid=14 [CR-RERUN-20260927] WASI_SOCKET event=sock_recv_from_enter wasi_fd=3 iovecs=1 capacity=65535 flags=0
[CR-DISCOVERY-PROBE-R28] host_utc=2026-09-28T06:46:46.413+00:00 host_mono_ns=2337025603311159 phase=checkpoint container_pid=14 [CR-RERUN-20260927] WASI_SOCKET event=sock_send_to_enter wasi_fd=15 bytes=204 flags=0 destination=239.255.0.1:7400
[CR-DISCOVERY-PROBE-R28] host_utc=2026-09-28T06:46:46.413+00:00 host_mono_ns=2337025603325406 phase=checkpoint container_pid=14 [CR-RERUN-20260927] WASI_SOCKET event=sock_recv_from_return wasi_fd=15 wasi_errno=0 bytes=204 source=172.18.0.3:7400
[CR-DISCOVERY-PROBE-R28] host_utc=2026-09-28T06:46:46.413+00:00 host_mono_ns=2337025603340284 phase=checkpoint container_pid=14 [CR-RERUN-20260927] WASI_SOCKET event=sock_send_to_return wasi_fd=15 wasi_errno=0 bytes=204
[CR-DISCOVERY-PROBE-R28] host_utc=2026-09-28T06:46:46.413+00:00 host_mono_ns=2337025603354551 phase=checkpoint container_pid=14 [CR-RERUN-20260927] WASI_SOCKET event=sock_recv_from_enter wasi_fd=15 iovecs=1 capacity=65535 flags=0
[CR-DISCOVERY-PROBE-R28] host_utc=2026-09-28T06:46:46.413+00:00 host_mono_ns=2337025603369029 phase=checkpoint container_pid=14 [CR-RERUN-20260927] WASI_SOCKET event=sock_recv_from_return wasi_fd=3 wasi_errno=0 bytes=464 source=172.18.0.5:54042
[CR-DISCOVERY-PROBE-R28] host_utc=2026-09-28T06:46:46.413+00:00 host_mono_ns=2337025603383626 phase=checkpoint container_pid=14 [CR-RERUN-20260927] WASI_SOCKET event=sock_recv_from_enter wasi_fd=3 iovecs=1 capacity=65535 flags=0
[CR-DISCOVERY-PROBE-R28] host_utc=2026-09-28T06:46:46.413+00:00 host_mono_ns=2337025603397252 phase=checkpoint container_pid=14 [CR-RERUN-20260927] WASI_SOCKET event=sock_recv_from_return wasi_fd=3 wasi_errno=0 bytes=64 source=172.18.0.5:54042
[CR-DISCOVERY-PROBE-R28] host_utc=2026-09-28T06:46:46.413+00:00 host_mono_ns=2337025603410266 phase=checkpoint container_pid=14 [CR-RERUN-20260927] WASI_SOCKET event=sock_recv_from_enter wasi_fd=3 iovecs=1 capacity=65535 flags=0
[CR-DISCOVERY-PROBE-R28] host_utc=2026-09-28T06:46:46.413+00:00 host_mono_ns=2337025603423622 phase=checkpoint container_pid=14 [CR-RERUN-20260927] WASI_SOCKET event=sock_recv_from_return wasi_fd=3 wasi_errno=0 bytes=64 source=172.18.0.5:54042
[CR-DISCOVERY-PROBE-R28] host_utc=2026-09-28T06:46:46.413+00:00 host_mono_ns=2337025603437187 phase=checkpoint container_pid=14 [CR-RERUN-20260927] WASI_SOCKET event=sock_recv_from_enter wasi_fd=3 iovecs=1 capacity=65535 flags=0
[CR-DISCOVERY-PROBE-R28] host_utc=2026-09-28T06:46:46.413+00:00 host_mono_ns=2337025603451434 phase=checkpoint container_pid=14 [CR-RERUN-20260927] WASI_SOCKET event=sock_recv_from_return wasi_fd=3 wasi_errno=0 bytes=280 source=172.18.0.5:54042
[CR-DISCOVERY-PROBE-R28] host_utc=2026-09-28T06:46:46.413+00:00 host_mono_ns=2337025603465290 phase=checkpoint container_pid=14 [CR-RERUN-20260927] WASI_SOCKET event=sock_recv_from_return wasi_fd=15 wasi_errno=0 bytes=280 source=172.18.0.5:55539
[CR-DISCOVERY-PROBE-R28] host_utc=2026-09-28T06:46:46.413+00:00 host_mono_ns=2337025603475981 phase=checkpoint container_pid=14 [CR-RERUN-20260927] WASI_SOCKET event=sock_recv_from_enter wasi_fd=3 iovecs=1 capacity=65535 flags=0
[CR-DISCOVERY-PROBE-R28] host_utc=2026-09-28T06:46:46.413+00:00 host_mono_ns=2337025603486561 phase=checkpoint container_pid=14 [CR-RERUN-20260927] WASI_SOCKET event=sock_recv_from_enter wasi_fd=15 iovecs=1 capacity=65535 flags=0
[CR-DISCOVERY-PROBE-R28] host_utc=2026-09-28T06:46:46.413+00:00 host_mono_ns=2337025603497141 phase=checkpoint container_pid=14 [CR-RERUN-20260927] WASI_SOCKET event=sock_send_to_enter wasi_fd=15 bytes=204 flags=0 destination=239.255.0.1:7400
[CR-DISCOVERY-PROBE-R28] host_utc=2026-09-28T06:46:46.413+00:00 host_mono_ns=2337025603518020 phase=checkpoint container_pid=14 [CR-RERUN-20260927] WASI_SOCKET event=sock_recv_from_return wasi_fd=15 wasi_errno=0 bytes=204 source=172.18.0.3:7400
[CR-DISCOVERY-PROBE-R28] host_utc=2026-09-28T06:46:46.413+00:00 host_mono_ns=2337025603539541 phase=checkpoint container_pid=14 [CR-RERUN-20260927] WASI_SOCKET event=sock_send_to_return wasi_fd=15 wasi_errno=0 bytes=204
[CR-DISCOVERY-PROBE-R28] host_utc=2026-09-28T06:46:46.413+00:00 host_mono_ns=2337025603553888 phase=checkpoint container_pid=14 [CR-RERUN-20260927] WASI_SOCKET event=sock_recv_from_enter wasi_fd=15 iovecs=1 capacity=65535 flags=0
[CR-DISCOVERY-PROBE-R28] host_utc=2026-09-28T06:46:46.413+00:00 host_mono_ns=2337025603568435 phase=checkpoint container_pid=14 [CR-RERUN-20260927] WASI_SOCKET event=sock_recv_from_return wasi_fd=3 wasi_errno=0 bytes=280 source=172.18.0.5:54042
[CR-DISCOVERY-PROBE-R28] host_utc=2026-09-28T06:46:46.413+00:00 host_mono_ns=2337025603582562 phase=checkpoint container_pid=14 [CR-RERUN-20260927] WASI_SOCKET event=sock_recv_from_return wasi_fd=15 wasi_errno=0 bytes=280 source=172.18.0.5:55539
[CR-DISCOVERY-PROBE-R28] host_utc=2026-09-28T06:46:46.413+00:00 host_mono_ns=2337025603596559 phase=checkpoint container_pid=14 [CR-RERUN-20260927] WASI_SOCKET event=sock_recv_from_enter wasi_fd=3 iovecs=1 capacity=65535 flags=0
[CR-DISCOVERY-PROBE-R28] host_utc=2026-09-28T06:46:46.413+00:00 host_mono_ns=2337025603610876 phase=checkpoint container_pid=14 [CR-RERUN-20260927] WASI_SOCKET event=sock_recv_from_enter wasi_fd=15 iovecs=1 capacity=65535 flags=0
[CR-DISCOVERY-PROBE-R28] host_utc=2026-09-28T06:46:46.413+00:00 host_mono_ns=2337025603625012 phase=checkpoint container_pid=14 [CR-RERUN-20260927] WASI_SOCKET event=sock_recv_from_return wasi_fd=3 wasi_errno=0 bytes=64 source=172.18.0.5:54042
[CR-DISCOVERY-PROBE-R28] host_utc=2026-09-28T06:46:46.413+00:00 host_mono_ns=2337025603638548 phase=checkpoint container_pid=14 [CR-RERUN-20260927] WASI_SOCKET event=sock_recv_from_enter wasi_fd=3 iovecs=1 capacity=65535 flags=0
[CR-DISCOVERY-PROBE-R28] host_utc=2026-09-28T06:46:46.413+00:00 host_mono_ns=2337025603652284 phase=checkpoint container_pid=14 [CR-RERUN-20260927] WASI_SOCKET event=sock_recv_from_return wasi_fd=3 wasi_errno=0 bytes=64 source=172.18.0.5:54042
[CR-DISCOVERY-PROBE-R28] host_utc=2026-09-28T06:46:46.413+00:00 host_mono_ns=2337025603666360 phase=checkpoint container_pid=14 [CR-RERUN-20260927] WASI_SOCKET event=sock_recv_from_enter wasi_fd=3 iovecs=1 capacity=65535 flags=0
[CR-DISCOVERY-PROBE-R28] host_utc=2026-09-28T06:46:46.413+00:00 host_mono_ns=2337025603680397 phase=checkpoint container_pid=14 [CR-RERUN-20260927] WASI_SOCKET event=sock_send_to_enter wasi_fd=5 bytes=104 flags=0 destination=172.18.0.5:7411
[CR-DISCOVERY-PROBE-R28] host_utc=2026-09-28T06:46:46.413+00:00 host_mono_ns=2337025603694183 phase=checkpoint container_pid=14 [CR-RERUN-20260927] WASI_SOCKET event=sock_send_to_return wasi_fd=5 wasi_errno=0 bytes=104
[CR-DISCOVERY-PROBE-R28] host_utc=2026-09-28T06:46:46.413+00:00 host_mono_ns=2337025603707658 phase=checkpoint container_pid=14 [CR-RERUN-20260927] WASI_SOCKET event=sock_recv_from_return wasi_fd=5 wasi_errno=0 bytes=104 source=172.18.0.5:7411
[CR-DISCOVERY-PROBE-R28] host_utc=2026-09-28T06:46:46.413+00:00 host_mono_ns=2337025603720693 phase=checkpoint container_pid=14 [CR-RERUN-20260927] WASI_SOCKET event=sock_recv_from_enter wasi_fd=5 iovecs=1 capacity=65535 flags=0
[CR-DISCOVERY-PROBE-R28] host_utc=2026-09-28T06:46:46.413+00:00 host_mono_ns=2337025603733658 phase=checkpoint container_pid=14 [CR-RERUN-20260927] WASI_SOCKET event=sock_recv_from_return wasi_fd=3 wasi_errno=0 bytes=280 source=172.18.0.5:54042
[CR-DISCOVERY-PROBE-R28] host_utc=2026-09-28T06:46:46.414+00:00 host_mono_ns=2337025604381141 phase=checkpoint container_pid=14 [CR-RERUN-20260927] WASI_SOCKET event=sock_recv_from_return wasi_fd=15 wasi_errno62236 bytes=104
[CR-DISCOVERY-PROBE-R28] host_utc=2026-09-28T06:46:46.414+00:00 host_mono_ns=2337025604409845 phase=checkpoint container_pid=14 [CR-RERUN-20260927] RTPS_DATA parse=ok source_prefix=5fea3a1aeee1f18621668800 reader_id=00000204 writer_id=00000103 sequence=0:11 payload_bytes=48 reader_found=1
[CR-DISCOVERY-PROBE-R28] host_utc=2026-09-28T06:46:46.414+00:00 host_mono_ns=2337025604441255 phase=checkpoint container_pid=14 LOG_DEBUG : 00000014.243 : [MROS2LIB] message get [callback_handler] msg_sn_high: 0 msg_sn_low: b
[CR-DISCOVERY-PROBE-R28] host_utc=2026-09-28T06:46:46.414+00:00 host_mono_ns=2337025604452476 phase=checkpoint container_pid=14 [CR-RERUN-20260927] RTPS_DATA_DELIVERY result=newChange kind=user sequence=0:11
[CR-DISCOVERY-PROBE-R28] host_utc=2026-09-28T06:46:46.414+00:00 host_mono_ns=2337025604463236 phase=checkpoint container_pid=14 [CR-RERUN-20260927] APP callback topic=/to_stm id=14 payload='Hello from mros2-posix onto Linux: 14'
[CR-DISCOVERY-PROBE-R28] host_utc=2026-09-28T06:46:46.414+00:00 host_mono_ns=2337025604474027 phase=checkpoint container_pid=14 LOG_NOTICE : 00000014.254 : LOG_NOTICE : 00000014.254 : [CR-RERUN-20260927] UDP_RECV result=ok mcp=0xdbec14 fd=3 local_port=7410 bytes=280 peer=172.18.0.5:54042[CR-RERUN-20260927] UDP_RECV result=ok mcp=0xdbebdc fd=15 local_port=7400 bytes=280 peer=172.18.0.5:55539
[CR-DISCOVERY-PROBE-R28] host_utc=2026-09-28T06:46:46.414+00:00 host_mono_ns=2337025604485418 phase=checkpoint container_pid=14 
[CR-DISCOVERY-PROBE-R28] host_utc=2026-09-28T06:46:46.414+00:00 host_mono_ns=2337025604496459 phase=checkpoint container_pid=14 [CR-RERUN-20260927] RTPS_RX peer=172.18.0.5:6867 local_port=7410 bytes=280
[CR-DISCOVERY-PROBE-R28] host_utc=2026-09-28T06:46:46.414+00:00 host_mono_ns=2337025604507209 phase=checkpoint container_pid=14 [CR-RERUN-20260927] RTPS_RX peer=172.18.0.5:62424 local_port=7400 bytes=280
[CR-DISCOVERY-PROBE-R28] host_utc=2026-09-28T06:46:46.414+00:00 host_mono_ns=2337025604517579 phase=checkpoint container_pid=14 [CR-RERUN-20260927] RTPS_RX_QUEUE result=ok local_port=7410 peer_port=6867 bytes=280
[CR-DISCOVERY-PROBE-R28] host_utc=2026-09-28T06:46:46.514+00:00 host_mono_ns=2337025704740406 phase=checkpoint container_pid=14 [CR-RERUN-20260927] RTPS_DATA parse=ok source_prefix=[CR-RERUN-20260927] RTPS_RX_QUEUE result=ok local_port=7400 peer_port=62424 bytes=280
[CR-DISCOVERY-PROBE-R28] host_utc=2026-09-28T06:46:46.514+00:00 host_mono_ns=2337025704791733 phase=checkpoint container_pid=14 010f06411e00ffff00000000 reader_id=000100c7 writer_id=000100c2 sequence=0:1 payload_bytes=224 reader_found=1
[CR-DISCOVERY-PROBE-R28] host_utc=2026-09-28T06:46:46.514+00:00 host_mono_ns=2337025704805279 phase=checkpoint container_pid=14 [CR-RERUN-20260927] RTPS_DATA_DELIVERY result=newChange kind=user sequence=0:1
[CR-DISCOVERY-PROBE-R28] host_utc=2026-09-28T06:46:46.514+00:00 host_mono_ns=2337025704817882 phase=checkpoint container_pid=14 [CR-RERUN-20260927] RTPS_DATA parse=ok source_prefix=010f06411e00ffff00000000 reader_id=000100c7 writer_id=000100c2 sequence=0:1 payload_bytes=224 reader_found=1
[CR-DISCOVERY-PROBE-R28] host_utc=2026-09-28T06:46:46.514+00:00 host_mono_ns=2337025704829454 phase=checkpoint container_pid=14 [CR-RERUN-20260927] RTPS_DATA_DELIVERY result=newChange kind=user sequence=0:1
[CR-DISCOVERY-PROBE-R28] host_utc=2026-09-28T06:46:46.514+00:00 host_mono_ns=2337025704840145 phase=checkpoint container_pid=14 LOG_NOTICE : 00000014.354 : LOG_NOTICE : 00000014.354 : [CR-RERUN-20260927] UDP_RECV result=ok mcp=0xdbec14 fd=3 local_port=7410 bytes=280 peer=172.18.0.5:54042[CR-RERUN-20260927] UDP_RECV result=ok mcp=0xdbebdc fd=15 local_port=7400 bytes=280 peer=172.18.0.5:55539
[CR-DISCOVERY-PROBE-R28] host_utc=2026-09-28T06:46:46.514+00:00 host_mono_ns=2337025704851376 phase=checkpoint container_pid=14 
[CR-DISCOVERY-PROBE-R28] host_utc=2026-09-28T06:46:46.514+00:00 host_mono_ns=2337025704862577 phase=checkpoint container_pid=14 [CR-RERUN-20260927] RTPS_RX peer=172.18.0.5:6867 local_port=7410 bytes=280
[CR-DISCOVERY-PROBE-R28] host_utc=2026-09-28T06:46:46.514+00:00 host_mono_ns=2337025704873307 phase=checkpoint container_pid=14 [CR-RERUN-20260927] RTPS_RX peer=172.18.0.5:62424 local_port=7400 bytes=280
[CR-DISCOVERY-PROBE-R28] host_utc=2026-09-28T06:46:46.514+00:00 host_mono_ns=2337025704909866 phase=checkpoint container_pid=14 [CR-RERUN-20260927] RTPS_RX_QUEUE result=ok local_port=7410 peer_port=6867 bytes=280
[CR-DISCOVERY-PROBE-R28] host_utc=2026-09-28T06:46:46.552+00:00 host_mono_ns=2337025742367953 phase=checkpoint container_pid=14 [CR-RERUN-20260927] RTPS_RX_QUEUE result=ok local_port=7400 peer_port=62424 bytes=280
[CR-DISCOVERY-PROBE-R28] host_utc=2026-09-28T06:46:46.552+00:00 host_mono_ns=2337025742396487 phase=checkpoint container_pid=14 [CR-RERUN-20260927] RTPS_DATA parse=ok source_prefix=010f06411e00ffff00000000 reader_id=000100c7 writer_id=000100c2 sequence=0:1 payload_bytes=224 reader_found=1
[CR-DISCOVERY-PROBE-R28] host_utc=2026-09-28T06:46:46.552+00:00 host_mono_ns=2337025742409361 phase=checkpoint container_pid=14 [CR-RERUN-20260927] RTPS_DATA_DELIVERY result=newChange kind=user sequence=0:1
[CR-DISCOVERY-PROBE-R28] host_utc=2026-09-28T06:46:46.552+00:00 host_mono_ns=2337025742420382 phase=checkpoint container_pid=14 [CR-RERUN-20260927] RTPS_DATA parse=ok source_prefix=010f06411e00ffff00000000 reader_id=000100c7 writer_id=000100c2 sequence=0:1 payload_bytes=224 reader_found=1
[CR-DISCOVERY-PROBE-R28] host_utc=2026-09-28T06:46:46.552+00:00 host_mono_ns=2337025742430972 phase=checkpoint container_pid=14 [CR-RERUN-20260927] RTPS_DATA_DELIVERY result=newChange kind=user sequence=0:1
[CR-DISCOVERY-PROBE-R28] host_utc=2026-09-28T06:46:46.552+00:00 host_mono_ns=2337025742441372 phase=checkpoint container_pid=14 LOG_NOTICE : 00000014.389 : [CR-RERUN-20260927] UDP_RECV result=ok mcp=0xdbebdc fd=15 local_port=7400 bytes=204 peer=172.18.0.5:7400
[CR-DISCOVERY-PROBE-R28] host_utc=2026-09-28T06:46:46.552+00:00 host_mono_ns=2337025742452062 phase=checkpoint container_pid=14 [CR-RERUN-20260927] RTPS_RX peer=172.18.0.5:59420 local_port=7400 bytes=204
[CR-DISCOVERY-PROBE-R28] host_utc=2026-09-28T06:46:46.552+00:00 host_mono_ns=2337025742462371 phase=checkpoint container_pid=14 [CR-RERUN-20260927] RTPS_RX_QUEUE result=ok local_port=7400 peer_port=59420 bytes=204
[CR-DISCOVERY-PROBE-R28] host_utc=2026-09-28T06:46:46.552+00:00 host_mono_ns=2337025742472931 phase=checkpoint container_pid=14 [CR-RERUN-20260927] RTPS_DATA parse=ok source_prefix=5fea3a1aeee1f18621668800 reader_id=000100c7 writer_id=000100c2 sequence=0:1 payload_bytes=148 reader_found=1
[CR-DISCOVERY-PROBE-R28] host_utc=2026-09-28T06:46:46.614+00:00 host_mono_ns=2337025804308787 phase=checkpoint container_pid=14 [CR-RERUN-20260927] RTPS_DATA_DELIVERY result=newChange kind=user sequence=0:1
[CR-DISCOVERY-PROBE-R28] host_utc=2026-09-28T06:46:46.614+00:00 host_mono_ns=2337025804341429 phase=checkpoint container_pid=14 LOG_NOTICE : 00000014.451 : [CR-RERUN-20260927] UDP_RECV result=ok mcp=0xdbec14 fd=3 local_port=7410 bytes=64 peer=172.18.0.5:54042
[CR-DISCOVERY-PROBE-R28] host_utc=2026-09-28T06:46:46.614+00:00 host_mono_ns=2337025804357088 phase=checkpoint container_pid=14 [CR-RERUN-20260927] RTPS_RX peer=172.18.0.5:6867 local_port=7410 bytes=64
[CR-DISCOVERY-PROBE-R28] host_utc=2026-09-28T06:46:46.614+00:00 host_mono_ns=2337025804371155 phase=checkpoint container_pid=14 [CR-RERUN-20260927] RTPS_RX_QUEUE result=ok local_port=7410 peer_port=6867 bytes=64
[CR-DISCOVERY-PROBE-R28] host_utc=2026-09-28T06:46:46.614+00:00 host_mono_ns=2337025804385873 phase=checkpoint container_pid=14 LOG_NOTICE : 00000014.451 : [CR-RERUN-20260927] UDP_RECV result=ok mcp=0xdbec14 fd=3 local_port=7410 bytes=64 peer=172.18.0.5:54042
[CR-DISCOVERY-PROBE-R28] host_utc=2026-09-28T06:46:46.614+00:00 host_mono_ns=2337025804400731 phase=checkpoint container_pid=14 [CR-RERUN-20260927] RTPS_RX peer=172.18.0.5:6867 local_port=7410 bytes=64
[CR-DISCOVERY-PROBE-R28] host_utc=2026-09-28T06:46:46.614+00:00 host_mono_ns=2337025804415288 phase=checkpoint container_pid=14 [CR-RERUN-20260927] RTPS_RX_QUEUE result=ok local_port=7410 peer_port=6867 bytes=64
[CR-DISCOVERY-PROBE-R28] host_utc=2026-09-28T06:46:46.614+00:00 host_mono_ns=2337025804430697 phase=checkpoint container_pid=14 LOG_NOTICE : 00000014.454 : [CR-RERUN-20260927] UDP_RECV result=ok mcp=0xdbec14 fd=3 local_port=7410 bytes=280 peer=172.18.0.5:54042LOG_NOTICE : 00000014.455 : 
[CR-DISCOVERY-PROBE-R28] host_utc=2026-09-28T06:46:46.614+00:00 host_mono_ns=2337025804465082 phase=checkpoint container_pid=14 [CR-RERUN-20260927] UDP_RECV result=ok mcp=0xdbebdc fd=15 local_port=7400 bytes=280 peer=172.18.0.5:55539[CR-RERUN-20260927] RTPS_RX peer=172.18.0.5:6867 local_port=7410 bytes=280
[CR-DISCOVERY-PROBE-R28] host_utc=2026-09-28T06:46:46.614+00:00 host_mono_ns=2337025804476955 phase=checkpoint container_pid=14 
[CR-DISCOVERY-PROBE-R28] host_utc=2026-09-28T06:46:46.614+00:00 host_mono_ns=2337025804488076 phase=checkpoint container_pid=14 [CR-RERUN-20260927] RTPS_RX_QUEUE result=ok local_port=7410 peer_port=6867 bytes=280
[CR-DISCOVERY-PROBE-R28] host_utc=2026-09-28T06:46:46.635+00:00 host_mono_ns=2337025825844264 phase=checkpoint container_pid=14 [CR-RERUN-20260927] RTPS_RX peer=172.18.0.5:62424 local_port=7400 bytes=280
[CR-DISCOVERY-PROBE-R28] host_utc=2026-09-28T06:46:46.635+00:00 host_mono_ns=2337025825876935 phase=checkpoint container_pid=14 [CR-RERUN-20260927] RTPS_DATA parse=ok source_prefix=01[CR-RERUN-20260927] RTPS_RX_QUEUE result=ok local_port=7400 peer_port=62424 bytes=280
[CR-DISCOVERY-PROBE-R28] host_utc=2026-09-28T06:46:46.635+00:00 host_mono_ns=2337025825893537 phase=checkpoint container_pid=14 0f06411e00ffff00000000 reader_id=000100c7 writer_id=000100c2 sequence=0:1 payload_bytes=224 reader_found=1
[CR-DISCOVERY-PROBE-R28] host_utc=2026-09-28T06:46:46.635+00:00 host_mono_ns=2337025825908375 phase=checkpoint container_pid=14 [CR-RERUN-20260927] RTPS_DATA_DELIVERY result=newChange kind=user sequence=0:1
[CR-DISCOVERY-PROBE-R28] host_utc=2026-09-28T06:46:46.635+00:00 host_mono_ns=2337025825923093 phase=checkpoint container_pid=14 [CR-RERUN-20260927] RTPS_DATA parse=ok source_prefix=010f06411e00ffff00000000 reader_id=000100c7 writer_id=000100c2 sequence=0:1 payload_bytes=224 reader_found=1
[CR-DISCOVERY-PROBE-R28] host_utc=2026-09-28T06:46:46.635+00:00 host_mono_ns=2337025825937620 phase=checkpoint container_pid=14 [CR-RERUN-20260927] RTPS_DATA_DELIVERY result=newChange kind=user sequence=0:1
[CR-DISCOVERY-PROBE-R28] host_utc=2026-09-28T06:46:46.635+00:00 host_mono_ns=2337025825951607 phase=checkpoint container_pid=14 LOG_NOTICE : 00000014.476 : [CR-RERUN-20260927] UDP_RECV result=ok mcp=0xdbec14 fd=3 local_port=7410 bytes=120 peer=172.18.0.5:54042
[CR-DISCOVERY-PROBE-R28] host_utc=2026-09-28T06:46:46.635+00:00 host_mono_ns=2337025825965463 phase=checkpoint container_pid=14 [CR-RERUN-20260927] RTPS_RX peer=172.18.0.5:6867 local_port=7410 bytes=120
[CR-DISCOVERY-PROBE-R28] host_utc=2026-09-28T06:46:46.635+00:00 host_mono_ns=2337025825978778 phase=checkpoint container_pid=14 [CR-RERUN-20260927] RTPS_RX_QUEUE result=ok local_port=7410 peer_port=6867 bytes=120
[CR-DISCOVERY-PROBE-R28] host_utc=2026-09-28T06:46:46.638+00:00 host_mono_ns=2337025828820779 phase=checkpoint container_pid=14 [CR-RERUN-20260927] RTPS_DATA parse=ok source_prefix=01LOG_NOTICE : 00000014.477 : 0f[CR-RERUN-20260927] UDP_RECV result=ok mcp=0xdbec14 fd=3 local_port=7410 bytes=88 peer=172.18.0.5:5404206LOG_NOTICE : 00000014.477 : 41[CR-RERUN-20260927] UDP_RECV result=ok mcp=0xdbebdc fd=15 local_port=7400 bytes=116 peer=172.18.0.5:555391e
[CR-DISCOVERY-PROBE-R28] host_utc=2026-09-28T06:46:46.638+00:00 host_mono_ns=2337025828858680 phase=checkpoint container_pid=14 
[CR-DISCOVERY-PROBE-R28] host_utc=2026-09-28T06:46:46.638+00:00 host_mono_ns=2337025828867858 phase=checkpoint container_pid=14 00ff[CR-RERUN-20260927] RTPS_RX peer=172.18.0.5:6867 local_port=7410 bytes=88
[CR-DISCOVERY-PROBE-R28] host_utc=2026-09-28T06:46:46.638+00:00 host_mono_ns=2337025828876013 phase=checkpoint container_pid=14 ff[CR-RERUN-20260927] RTPS_RX peer=172.18.0.5:62424 local_port=7400 bytes=116
[CR-DISCOVERY-PROBE-R28] host_utc=2026-09-28T06:46:46.638+00:00 host_mono_ns=2337025828883667 phase=checkpoint container_pid=14 00[CR-RERUN-20260927] RTPS_RX_QUEUE result=ok local_port=7410 peer_port=6867 bytes=88
[CR-DISCOVERY-PROBE-R28] host_utc=2026-09-28T06:46:46.638+00:00 host_mono_ns=2337025828906901 phase=checkpoint container_pid=14 00LOG_NOTICE : 00000014.478 : 00[CR-RERUN-20260927] UDP_RECV result=ok mcp=0xdbec14 fd=3 local_port=7410 bytes=120 peer=172.18.0.5:5404200
[CR-DISCOVERY-PROBE-R28] host_utc=2026-09-28T06:46:46.638+00:00 host_mono_ns=2337025828915457 phase=checkpoint container_pid=14 [CR-RERUN-20260927] RTPS_RX_QUEUE result=ok local_port=7400 peer_port=62424 bytes=116
[CR-DISCOVERY-PROBE-R28] host_utc=2026-09-28T06:46:46.638+00:00 host_mono_ns=2337025828922761 phase=checkpoint container_pid=14  reader_id=[CR-RERUN-20260927] RTPS_RX peer=172.18.0.5:6867 local_port=7410 bytes=120
[CR-DISCOVERY-PROBE-R28] host_utc=2026-09-28T06:46:46.638+00:00 host_mono_ns=2337025828930075 phase=checkpoint container_pid=14 00[CR-RERUN-20260927] RTPS_RX_QUEUE result=ok local_port=7410 peer_port=6867 bytes=120
[CR-DISCOVERY-PROBE-R28] host_utc=2026-09-28T06:46:46.638+00:00 host_mono_ns=2337025828936988 phase=checkpoint container_pid=14 00LOG_NOTICE : 00000014.479 : 03[CR-RERUN-20260927] UDP_RECV result=ok mcp=0xdbec14 fd=3 local_port=7410 bytes=120 peer=172.18.0.5:54042c7
[CR-DISCOVERY-PROBE-R28] host_utc=2026-09-28T06:46:46.645+00:00 host_mono_ns=2337025835395353 phase=checkpoint container_pid=14  writer_id=00[CR-RERUN-20260927] RTPS_RX peer=172.18.0.5:6867 local_port=7410 bytes=120
[CR-DISCOVERY-PROBE-R28] host_utc=2026-09-28T06:46:46.645+00:00 host_mono_ns=2337025835446500 phase=checkpoint container_pid=14 0003[CR-RERUN-20260927] RTPS_RX_QUEUE result=ok local_port=7410 peer_port=6867 bytes=120
[CR-DISCOVERY-PROBE-R28] host_utc=2026-09-28T06:46:46.645+00:00 host_mono_ns=2337025835458993 phase=checkpoint container_pid=14 c2LOG_NOTICE : 00000014.480 :  sequence=0:4 payload_bytes=32 reader_found=1
[CR-DISCOVERY-PROBE-R28] host_utc=2026-09-28T06:46:46.645+00:00 host_mono_ns=2337025835470585 phase=checkpoint container_pid=14 [CR-RERUN-20260927] UDP_RECV result=ok mcp=0xdbec14 fd=3 local_port=7410 bytes=116 peer=172.18.0.5:54042[CR-RERUN-20260927] RTPS_DATA_DELIVERY result=newChange kind=user sequence=0:4
[CR-DISCOVERY-PROBE-R28] host_utc=2026-09-28T06:46:46.645+00:00 host_mono_ns=2337025835482548 phase=checkpoint container_pid=14 
[CR-DISCOVERY-PROBE-R28] host_utc=2026-09-28T06:46:46.645+00:00 host_mono_ns=2337025835493769 phase=checkpoint container_pid=14 [CR-RERUN-20260927] RTPS_RX peer=172.18.0.5:6867 local_port=7410 bytes=116
[CR-DISCOVERY-PROBE-R28] host_utc=2026-09-28T06:46:46.645+00:00 host_mono_ns=2337025835504810 phase=checkpoint container_pid=14 [CR-RERUN-20260927] RTPS_DATA parse=ok source_prefix=01[CR-RERUN-20260927] RTPS_RX_QUEUE result=ok local_port=7410 peer_port=6867 bytes=116
[CR-DISCOVERY-PROBE-R28] host_utc=2026-09-28T06:46:46.645+00:00 host_mono_ns=2337025835516191 phase=checkpoint container_pid=14 0f06411e00ffff00000000 reader_id=000003c7 writer_id=000003c2 sequence=0:5 payload_bytes=32 reader_found=1
[CR-DISCOVERY-PROBE-R28] host_utc=2026-09-28T06:46:46.645+00:00 host_mono_ns=2337025835527222 phase=checkpoint container_pid=14 [CR-RERUN-20260927] RTPS_DATA_DELIVERY result=newChange kind=user sequence=0:5
[CR-DISCOVERY-PROBE-R28] host_utc=2026-09-28T06:46:46.645+00:00 host_mono_ns=2337025835538123 phase=checkpoint container_pid=14 [CR-RERUN-20260927] RTPS_DATA parse=ok source_prefix=010f06411e00ffff00000000 reader_id=000100c7 writer_id=000100c2 sequence=0:2 payload_bytes=60 reader_found=1
[CR-DISCOVERY-PROBE-R28] host_utc=2026-09-28T06:46:47.220+00:00 host_mono_ns=2337026410746145 phase=checkpoint container_pid=14 [CR-RERUN-20260927] RTPS_DATA_DELIVERY result=newChange kind=service sequence=
[CR-DISCOVERY-PROBE-R28] host_utc=2026-09-28T06:46:47.220+00:00 host_mono_ns=2337026410812972 phase=checkpoint container_pid=14 event=process_exit exit_status=143
